lawd,emd,ri,name,house_type,jibun,area_m2,ym,day,price,floor,build_year,cancel,deal_type,pyeong_price,area_bin,region,region_name
50130,대정읍,보성리,삼정G.edu,다세대,2424,59.7,202410,15,29000,2,2015,,중개거래,1605.8252093802346,60.0,jeju_edu,제주 영어교육도시
50130,대정읍,보성리,한신더휴,연립,2417,59.7768,202410,26,40000,5,2017,,중개거래,2212.0856251923824,60.0,jeju_edu,제주 영어교육도시
50130,대정읍,보성리,라온프라이빗에듀,연립,2405,84.9828,202410,22,67000,2,2014,,중개거래,2606.2637969094926,85.0,jeju_edu,제주 영어교육도시
50130,대정읍,보성리,아트나인빌,다세대,181-12,34.59,202411,22,9300,3,2015,,중개거래,888.8060277536861,35.0,jeju_edu,제주 영어교육도시
50130,대정읍,보성리,한신더휴,연립,2417,84.9922,202411,18,65000,5,2017,,직거래,2528.1852334684836,85.0,jeju_edu,제주 영어교육도시
50130,대정읍,안성리,로얄포레,다세대,1508,62.7619,202412,30,24200,3,2020,,직거래,1274.6586225082417,63.0,jeju_edu,제주 영어교육도시
50130,대정읍,안성리,로얄포레,다세대,1508,62.7619,202412,30,24200,1,2020,,직거래,1274.6586225082417,63.0,jeju_edu,제주 영어교육도시
50130,대정읍,안성리,로얄포레,다세대,1508,64.9469,202412,30,24200,1,2020,,직거래,1231.7754504064092,65.0,jeju_edu,제주 영어교육도시
50130,대정읍,안성리,로얄포레,다세대,1508,62.7619,202412,30,24200,2,2020,,직거래,1274.6586225082417,63.0,jeju_edu,제주 영어교육도시
50130,대정읍,안성리,로얄포레,다세대,1508,62.7619,202412,30,16200,4,2020,,직거래,853.2838712658477,63.0,jeju_edu,제주 영어교육도시
50130,대정읍,안성리,로얄포레,다세대,1508,64.9469,202412,30,24200,2,2020,,직거래,1231.7754504064092,65.0,jeju_edu,제주 영어교육도시
50130,대정읍,보성리,라온프라이빗에듀,연립,2405,59.9854,202501,24,35000,4,2014,,직거래,1928.8439353576036,60.0,jeju_edu,제주 영어교육도시
50130,대정읍,보성리,삼정G.edu,연립,2424,59.7,202501,13,30000,3,2015,,중개거래,1661.1984924623116,60.0,jeju_edu,제주 영어교육도시
50130,대정읍,보성리,라온프라이빗에듀,연립,2405,84.9889,202502,26,45000,2,2014,,중개거래,1750.3500457118516,85.0,jeju_edu,제주 영어교육도시
50130,대정읍,보성리,한신더휴,연립,2417,59.7768,202502,28,42000,2,2017,,중개거래,2322.6899064520017,60.0,jeju_edu,제주 영어교육도시
50130,대정읍,구억리,캐논스빌리지I,연립,1062,84.82,202502,20,24000,1,2011,,직거래,935.3789200660223,85.0,jeju_edu,제주 영어교육도시
50130,대정읍,구억리,캐논스빌리지I,연립,1062,84.82,202502,20,22200,3,2011,,직거래,865.2255010610706,85.0,jeju_edu,제주 영어교육도시
50130,대정읍,구억리,캐논스빌리지I,연립,1062,84.82,202502,20,21800,1,2011,,직거래,849.6358523933035,85.0,jeju_edu,제주 영어교육도시
50130,대정읍,구억리,캐논스빌리지I,연립,1062,84.82,202502,20,23700,2,2011,,직거래,923.686683565197,85.0,jeju_edu,제주 영어교육도시
50130,대정읍,구억리,캐논스빌리지Ⅱ,연립,1058,63.556,202502,20,18700,2,2012,,직거래,972.6568616653032,64.0,jeju_edu,제주 영어교육도시
50130,대정읍,구억리,캐논스빌리지Ⅱ,연립,1058,63.556,202502,20,17400,3,2012,,직거래,905.0390049719933,64.0,jeju_edu,제주 영어교육도시
50130,대정읍,구억리,해동그린앤골드,연립,1115,84.9355,202502,25,61000,2,2016,,직거래,2374.1884724290785,85.0,jeju_edu,제주 영어교육도시
50130,대정읍,보성리,삼정G.edu,연립,2424,84.87,202502,25,53000,3,2015,,중개거래,2064.411511723813,85.0,jeju_edu,제주 영어교육도시
50130,대정읍,구억리,브리타니구억2차,다세대,832,84.48,202502,21,31000,1,2015,,중개거래,1213.0603101325758,84.0,jeju_edu,제주 영어교육도시
50130,대정읍,보성리,한신더휴,연립,2417,84.9922,202502,4,56500,4,2017,,중개거래,2197.5763952456814,85.0,jeju_edu,제주 영어교육도시
50130,대정읍,보성리,라온프라이빗에듀,연립,2405,84.9828,202503,20,43000,3,2014,,중개거래,1672.676765180719,85.0,jeju_edu,제주 영어교육도시
50130,대정읍,구억리,해동그린앤골드,연립,1115,84.9355,202503,31,70000,5,2016,,직거래,2724.478574918615,85.0,jeju_edu,제주 영어교육도시
50130,대정읍,보성리,삼정G.edu,연립,2424,84.87,202503,31,40000,1,2015,,중개거래,1558.0464239425005,85.0,jeju_edu,제주 영어교육도시
50130,대정읍,보성리,라온프라이빗에듀,연립,2405,59.9854,202503,4,32000,2,2014,,중개거래,1763.5144551840951,60.0,jeju_edu,제주 영어교육도시
50130,대정읍,보성리,삼정G.edu,연립,2424,74.43,202503,24,36000,3,2015,,직거래,1598.9286577992743,74.0,jeju_edu,제주 영어교육도시
50130,대정읍,보성리,한신더휴,연립,2417,84.9922,202503,11,74000,4,2017,,중개거래,2878.241650410273,85.0,jeju_edu,제주 영어교육도시
50130,대정읍,보성리,라온프라이빗에듀,연립,2405,84.9828,202504,21,45000,2,2014,,중개거래,1750.4756844914502,85.0,jeju_edu,제주 영어교육도시
50130,대정읍,보성리,라온프라이빗에듀,연립,2405,59.9854,202504,29,30000,3,2014,,중개거래,1653.294801735089,60.0,jeju_edu,제주 영어교육도시
50130,대정읍,보성리,삼정G.edu,연립,2424,59.7,202504,24,27500,1,2015,,중개거래,1522.765284757119,60.0,jeju_edu,제주 영어교육도시
50130,대정읍,보성리,라온프라이빗에듀,연립,2405,84.9828,202504,11,45000,3,2014,,중개거래,1750.4756844914502,85.0,jeju_edu,제주 영어교육도시
50130,대정읍,구억리,브리타니구억1차,다세대,832-3,84.48,202504,13,33500,2,2015,,중개거래,1310.887754498106,84.0,jeju_edu,제주 영어교육도시
50130,대정읍,보성리,삼정G.edu,연립,2424,84.87,202504,4,64000,4,2015,,중개거래,2492.8742783080006,85.0,jeju_edu,제주 영어교육도시
50130,대정읍,보성리,제주영어교육도시꿈에그린,연립,2509,130.8519,202505,31,86000,5,2019,,직거래,2172.6662738561686,131.0,jeju_edu,제주 영어교육도시
50130,대정읍,보성리,라온프라이빗에듀,연립,2405,84.9828,202505,2,50000,3,2014,,중개거래,1944.972982768278,85.0,jeju_edu,제주 영어교육도시
50130,대정읍,보성리,라온프라이빗에듀,연립,2405,59.9854,202505,29,26800,2,2014,,중개거래,1476.9433562166796,60.0,jeju_edu,제주 영어교육도시
50130,대정읍,보성리,삼정G.edu,연립,2424,59.7,202505,5,27000,1,2015,,중개거래,1495.0786432160805,60.0,jeju_edu,제주 영어교육도시
50130,대정읍,보성리,제주영어교육도시꿈에그린,연립,2509,153.8337,202505,20,140000,4,2019,,직거래,3008.507888713592,154.0,jeju_edu,제주 영어교육도시
50130,대정읍,보성리,라온프라이빗에듀,연립,2405,84.9889,202505,2,45000,2,2014,,중개거래,1750.3500457118516,85.0,jeju_edu,제주 영어교육도시
50130,대정읍,안성리,KIS빌리지101,연립,1985,71.64,202505,9,28850,1,2012,,직거래,1331.2660140982691,72.0,jeju_edu,제주 영어교육도시
50130,대정읍,안성리,KIS빌리지101,연립,1985,82.63,202505,9,32950,1,2012,,직거래,1318.2332778651823,83.0,jeju_edu,제주 영어교육도시
50130,대정읍,안성리,KIS빌리지101,연립,1985,45.24,202505,9,18800,1,2012,,직거래,1373.7568081343943,45.0,jeju_edu,제주 영어교육도시
50130,대정읍,안성리,KIS빌리지101,연립,1985,71.64,202505,9,30400,2,2012,,직거래,1402.7898380792853,72.0,jeju_edu,제주 영어교육도시
50130,대정읍,안성리,KIS빌리지101,연립,1985,82.63,202505,9,34750,2,2012,,직거래,1390.2460214207915,83.0,jeju_edu,제주 영어교육도시
50130,대정읍,안성리,KIS빌리지101,연립,1985,45.24,202505,9,19750,2,2012,,직거래,1443.1753702475685,45.0,jeju_edu,제주 영어교육도시
50130,대정읍,안성리,KIS빌리지101,연립,1985,51.38,202505,9,22250,2,2012,,직거래,1431.5631811989101,51.0,jeju_edu,제주 영어교육도시
50130,대정읍,안성리,KIS빌리지101,연립,1985,71.64,202505,9,30400,3,2012,,직거래,1402.7898380792853,72.0,jeju_edu,제주 영어교육도시
50130,대정읍,안성리,KIS빌리지101,연립,1985,82.63,202505,9,34750,3,2012,,직거래,1390.2460214207915,83.0,jeju_edu,제주 영어교육도시
50130,대정읍,안성리,KIS빌리지101,연립,1985,45.24,202505,9,19750,3,2012,,직거래,1443.1753702475685,45.0,jeju_edu,제주 영어교육도시
50130,대정읍,안성리,KIS빌리지101,연립,1985,51.38,202505,9,22250,3,2012,,직거래,1431.5631811989101,51.0,jeju_edu,제주 영어교육도시
50130,대정읍,안성리,KIS빌리지101,연립,1985,71.64,202505,9,30150,4,2012,,직거래,1391.253737437186,72.0,jeju_edu,제주 영어교육도시
50130,대정읍,안성리,KIS빌리지101,연립,1985,82.63,202505,9,34400,4,2012,,직거래,1376.243543507201,83.0,jeju_edu,제주 영어교육도시
50130,대정읍,안성리,KIS빌리지101,연립,1985,45.24,202505,9,19600,4,2012,,직거래,1432.2145446507516,45.0,jeju_edu,제주 영어교육도시
50130,대정읍,안성리,KIS빌리지101,연립,1985,51.38,202505,9,22050,4,2012,,직거래,1418.6951975476838,51.0,jeju_edu,제주 영어교육도시
50130,대정읍,보성리,삼정G.edu,연립,2424,84.87,202505,19,62000,3,2015,,직거래,2414.9719571108753,85.0,jeju_edu,제주 영어교육도시
50130,대정읍,보성리,삼정G.edu,연립,2424,74.43,202505,12,29000,1,2015,,중개거래,1288.0258632271932,74.0,jeju_edu,제주 영어교육도시
50130,대정읍,보성리,라온프라이빗에듀,연립,2405,84.9828,202505,13,45000,2,2014,,중개거래,1750.4756844914502,85.0,jeju_edu,제주 영어교육도시
50130,대정읍,보성리,한신더휴,연립,2417,59.7768,202505,1,49000,5,2017,,중개거래,2709.804890860669,60.0,jeju_edu,제주 영어교육도시
50130,대정읍,보성리,아트라인빌Ⅱ,다세대,175-6,25.53,202506,26,4500,2,2016,,중개거래,582.6883078730905,26.0,jeju_edu,제주 영어교육도시
50130,대정읍,안성리,로얄포레,다세대,1508,64.9469,202506,25,18922,3,2020,,직거래,963.1262426690113,65.0,jeju_edu,제주 영어교육도시
50130,대정읍,안성리,로얄포레,다세대,1508,64.5419,202506,25,21478,4,2020,,직거래,1100.086149152721,65.0,jeju_edu,제주 영어교육도시
50130,대정읍,보성리,삼정G.edu,연립,2424,74.43,202506,16,30000,1,2015,,직거래,1332.440548166062,74.0,jeju_edu,제주 영어교육도시
50130,대정읍,구억리,해동그린앤골드,연립,1115,84.9355,202506,16,31500,2,2016,,직거래,1226.0153587133766,85.0,jeju_edu,제주 영어교육도시
50130,대정읍,보성리,제주에듀골드힐,다세대,441,42.8314,202506,2,13000,3,2016,,중개거래,1003.3574667183422,43.0,jeju_edu,제주 영어교육도시
50130,대정읍,보성리,한돌빌라,다세대,479,84.3125,202507,31,25500,3,2018,,중개거래,999.8222979985175,84.0,jeju_edu,제주 영어교육도시
50130,대정읍,보성리,삼정G.edu,연립,2424,59.7,202507,24,43000,4,2015,,직거래,2381.051172529313,60.0,jeju_edu,제주 영어교육도시
50130,대정읍,안성리,KIS빌리지102,연립,1985-4,70.13,202507,4,28450,1,2013,,직거래,1341.0749073149866,70.0,jeju_edu,제주 영어교육도시
50130,대정읍,안성리,KIS빌리지102,연립,1985-4,82.66,202507,4,33200,1,2013,,직거래,1327.7529881442053,83.0,jeju_edu,제주 영어교육도시
50130,대정읍,안성리,KIS빌리지102,연립,1985-4,70.13,202507,4,29950,2,2013,,직거래,1411.7818444317697,70.0,jeju_edu,제주 영어교육도시
50130,대정읍,안성리,KIS빌리지102,연립,1985-4,44.66,202507,4,19650,2,2013,,직거래,1454.5157915360505,45.0,jeju_edu,제주 영어교육도시
50130,대정읍,안성리,KIS빌리지102,연립,1985-4,82.66,202507,4,34900,2,2013,,직거래,1395.74033994677,83.0,jeju_edu,제주 영어교육도시
50130,대정읍,안성리,KIS빌리지102,연립,1985-4,70.13,202507,4,29950,3,2013,,직거래,1411.7818444317697,70.0,jeju_edu,제주 영어교육도시
50130,대정읍,안성리,KIS빌리지102,연립,1985-4,44.66,202507,4,19650,3,2013,,직거래,1454.5157915360505,45.0,jeju_edu,제주 영어교육도시
50130,대정읍,안성리,KIS빌리지102,연립,1985-4,82.66,202507,4,34900,3,2013,,직거래,1395.74033994677,83.0,jeju_edu,제주 영어교육도시
50130,대정읍,안성리,KIS빌리지102,연립,1985-4,70.13,202507,4,29600,4,2013,,직거래,1395.2835591045202,70.0,jeju_edu,제주 영어교육도시
50130,대정읍,안성리,KIS빌리지102,연립,1985-4,44.66,202507,4,19450,4,2013,,직거래,1439.7115595611288,45.0,jeju_edu,제주 영어교육도시
50130,대정읍,안성리,KIS빌리지102,연립,1985-4,82.66,202507,4,34550,4,2013,,직거래,1381.7429439874186,83.0,jeju_edu,제주 영어교육도시
50130,대정읍,구억리,해동그린앤골드,연립,1115,84.9355,202507,18,59500,3,2016,,직거래,2315.8067886808226,85.0,jeju_edu,제주 영어교육도시
50130,대정읍,구억리,캐논스빌리지I,연립,1062,55.01,202507,4,22000,3,2011,,직거래,1322.0736229776405,55.0,jeju_edu,제주 영어교육도시
50130,대정읍,보성리,에듀골드힐더클래식,연립,2548,26.1521,202508,30,6300,3,2018,,직거래,796.3584377545207,26.0,jeju_edu,제주 영어교육도시
50130,대정읍,보성리,삼정G.edu,연립,2424,84.87,202508,27,40000,3,2015,,중개거래,1558.0464239425005,85.0,jeju_edu,제주 영어교육도시
50130,대정읍,보성리,라온프라이빗에듀,연립,2405,59.9854,202508,27,29000,3,2014,,중개거래,1598.184975010586,60.0,jeju_edu,제주 영어교육도시
50130,대정읍,보성리,삼정G.edu,연립,2424,84.87,202508,7,37000,2,2015,,중개거래,1441.1929421468128,85.0,jeju_edu,제주 영어교육도시
50130,대정읍,보성리,한신더휴,연립,2417,84.9922,202509,24,80000,5,2017,,중개거래,3111.612595038133,85.0,jeju_edu,제주 영어교육도시
50130,대정읍,구억리,더나인,연립,748,216.7624,202509,20,248000,3,2023,,중개거래,3782.181227002469,217.0,jeju_edu,제주 영어교육도시
50130,대정읍,보성리,제주영어교육도시꿈에그린,연립,2509,130.8519,202509,1,75000,4,2019,,직거래,1894.7670992931708,131.0,jeju_edu,제주 영어교육도시
50130,대정읍,보성리,삼정G.edu,연립,2424,74.43,202509,19,28000,4,2015,,중개거래,1243.6111782883245,74.0,jeju_edu,제주 영어교육도시
50130,대정읍,보성리,삼정G.edu,연립,2424,59.7,202509,18,25000,2,2015,,중개거래,1384.3320770519263,60.0,jeju_edu,제주 영어교육도시
50130,대정읍,보성리,라온프라이빗에듀,연립,2405,59.9854,202509,5,29000,3,2014,,중개거래,1598.184975010586,60.0,jeju_edu,제주 영어교육도시
50130,대정읍,구억리,해동그린앤골드,연립,1115,76.5996,202509,6,50000,3,2016,,직거래,2157.8343751142306,77.0,jeju_edu,제주 영어교육도시
50130,대정읍,보성리,라온프라이빗에듀,연립,2405,84.9828,202510,29,44000,3,2014,,중개거래,1711.5762248360845,85.0,jeju_edu,제주 영어교육도시
50130,대정읍,보성리,한신더휴,연립,2417,84.9922,202510,27,65000,5,2017,,중개거래,2528.1852334684836,85.0,jeju_edu,제주 영어교육도시
50130,대정읍,보성리,삼정G.edu,연립,2424,84.87,202510,24,49000,4,2015,,중개거래,1908.6068693295629,85.0,jeju_edu,제주 영어교육도시
50130,대정읍,보성리,삼정G.edu,연립,2424,59.7,202510,21,28500,4,2015,,중개거래,1578.138567839196,60.0,jeju_edu,제주 영어교육도시
50130,대정읍,보성리,빌리지더휴,다세대,2547,67.69,202510,2,26000,2,2018,,직거래,1269.7652533609103,68.0,jeju_edu,제주 영어교육도시
50130,대정읍,구억리,리오팰리스,연립,861-1,59.887,202510,2,26500,3,2017,,직거래,1462.8100005009435,60.0,jeju_edu,제주 영어교육도시
50130,대정읍,보성리,라온프라이빗에듀,연립,2405,59.9854,202510,1,34900,1,2014,,직거래,1923.3329526851535,60.0,jeju_edu,제주 영어교육도시
50130,대정읍,보성리,제주에듀골드힐,다세대,441,22.7868,202511,21,7000,3,2016,,중개거래,1015.5219249741078,23.0,jeju_edu,제주 영어교육도시
50130,대정읍,구억리,해동그린앤골드,연립,1115,84.9355,202511,13,40000,3,2016,,중개거래,1556.8448999534942,85.0,jeju_edu,제주 영어교육도시
50130,대정읍,보성리,삼정G.edu,연립,2424,84.87,202511,15,65000,4,2015,,직거래,2531.825438906563,85.0,jeju_edu,제주 영어교육도시
50130,대정읍,보성리,에듀골드힐더클래식,연립,2548,26.1521,202511,3,7500,4,2018,,중개거래,948.0457592315723,26.0,jeju_edu,제주 영어교육도시
50130,대정읍,구억리,해동그린앤골드,연립,1115,76.5996,202511,3,40000,3,2016,,중개거래,1726.2675000913846,77.0,jeju_edu,제주 영어교육도시
50130,대정읍,보성리,라온프라이빗에듀,연립,2405,84.9828,202511,4,44000,3,2014,,중개거래,1711.5762248360845,85.0,jeju_edu,제주 영어교육도시
50130,대정읍,보성리,한신더휴,연립,2417,59.7768,202512,26,46600,5,2017,,직거래,2577.0797533491254,60.0,jeju_edu,제주 영어교육도시
50130,대정읍,보성리,삼정G.edu,연립,2424,59.7,202512,24,25800,3,2015,,중개거래,1428.630703517588,60.0,jeju_edu,제주 영어교육도시
50130,대정읍,보성리,삼정G.edu,연립,2424,84.87,202512,24,35000,3,2015,,중개거래,1363.2906209496878,85.0,jeju_edu,제주 영어교육도시
50130,대정읍,보성리,제주영어교육도시꿈에그린,연립,2509,130.8519,202512,15,75000,3,2019,,직거래,1894.7670992931708,131.0,jeju_edu,제주 영어교육도시
50130,대정읍,보성리,제주영어교육도시꿈에그린,연립,2509,130.8519,202512,12,79000,1,2019,,직거래,1995.8213445888061,131.0,jeju_edu,제주 영어교육도시
50130,대정읍,보성리,라온프라이빗에듀,연립,2405,59.9854,202601,23,30000,2,2014,,직거래,1653.294801735089,60.0,jeju_edu,제주 영어교육도시
50130,대정읍,구억리,해동그린앤골드,연립,1115,84.9355,202601,27,50000,4,2016,,중개거래,1946.0561249418677,85.0,jeju_edu,제주 영어교육도시
50130,대정읍,보성리,삼정G.edu,연립,2424,84.87,202601,27,36000,1,2015,,중개거래,1402.2417815482502,85.0,jeju_edu,제주 영어교육도시
50130,대정읍,보성리,제주영어교육도시꿈에그린,연립,2509,130.8519,202601,14,73100,2,2019,,직거래,1846.7663327777434,131.0,jeju_edu,제주 영어교육도시
50130,대정읍,구억리,브리타니구억1차,다세대,832-3,84.48,202602,12,30500,2,2015,,직거래,1193.4948212594697,84.0,jeju_edu,제주 영어교육도시
50130,대정읍,보성리,대경엘리시아3차,연립,421,99.0,202602,12,23523,1,2019,,중개거래,785.474551060606,99.0,jeju_edu,제주 영어교육도시
50130,대정읍,보성리,제주에듀골드힐,다세대,441,42.8314,202602,8,16000,2,2016,,직거래,1234.901497499498,43.0,jeju_edu,제주 영어교육도시
50130,대정읍,보성리,에듀골드힐더클래식,연립,2548,26.1521,202602,5,6500,3,2018,,중개거래,821.639658000696,26.0,jeju_edu,제주 영어교육도시
50130,대정읍,보성리,삼정G.edu,연립,2424,84.87,202602,5,65000,4,2015,,직거래,2531.825438906563,85.0,jeju_edu,제주 영어교육도시
50130,대정읍,보성리,라온프라이빗에듀,연립,2405,59.9854,202603,22,24000,2,2014,,중개거래,1322.6358413880712,60.0,jeju_edu,제주 영어교육도시
50130,대정읍,보성리,삼정G.edu,연립,2424,59.7,202603,17,22000,3,2015,,중개거래,1218.2122278056952,60.0,jeju_edu,제주 영어교육도시
50130,대정읍,보성리,제주에듀골드힐,다세대,441,46.7484,202603,20,15000,1,2016,,직거래,1060.7159817234387,47.0,jeju_edu,제주 영어교육도시
50130,대정읍,보성리,제주에듀골드힐,다세대,441,22.7868,202603,27,6400,1,2016,,직거래,928.4771885477558,23.0,jeju_edu,제주 영어교육도시
50130,대정읍,구억리,휴온아델리브더테라스,연립,865,99.095,202603,25,80000,1,2024,,직거래,2668.7804631918866,99.0,jeju_edu,제주 영어교육도시
50130,대정읍,보성리,삼정G.edu,연립다세대,2424,74.43,202603,26,28000,4,2015,,중개거래,1243.6111782883245,74.0,jeju_edu,제주 영어교육도시
50130,대정읍,보성리,삼정G.edu,연립,2424,74.43,202603,26,34000,3,2015,,중개거래,1510.0992879215369,74.0,jeju_edu,제주 영어교육도시
50130,대정읍,보성리,삼정G.edu,연립,2424,84.87,202603,5,60000,4,2015,,직거래,2337.0696359137505,85.0,jeju_edu,제주 영어교육도시
50130,대정읍,보성리,삼정G.edu,연립,2424,59.7,202603,16,25200,4,2015,,중개거래,1395.4067336683418,60.0,jeju_edu,제주 영어교육도시
50130,대정읍,보성리,제주영어교육도시꿈에그린,연립,2509,130.7176,202603,12,79000,4,2019,,직거래,1997.8718627024975,131.0,jeju_edu,제주 영어교육도시
50130,대정읍,보성리,삼정G.edu,연립,2424,74.43,202603,16,27500,1,2015,,중개거래,1221.40383581889,74.0,jeju_edu,제주 영어교육도시
50130,대정읍,보성리,라온프라이빗에듀,연립,2405,59.9854,202604,28,23500,3,2014,,중개거래,1295.0809280258197,60.0,jeju_edu,제주 영어교육도시
50130,대정읍,구억리,그린빌1차,다세대,300,76.275,202604,16,19016,2,2017,,직거래,824.1600466732218,76.0,jeju_edu,제주 영어교육도시
50130,대정읍,구억리,그린빌1차,다세대,300,55.345,202604,16,13778,2,2017,,직거래,822.9669478724365,55.0,jeju_edu,제주 영어교육도시
50130,대정읍,구억리,그린빌1차,다세대,300,46.92,202604,16,11615,3,2017,,직거래,818.3438357843137,47.0,jeju_edu,제주 영어교육도시
50130,대정읍,구억리,그린빌1차,다세대,300,27.0,202604,16,7151,3,2017,,직거래,875.5432790740741,27.0,jeju_edu,제주 영어교육도시
50130,대정읍,구억리,그린빌1차,다세대,300,29.155,202604,16,7686,3,2017,,직거래,871.4890588235294,29.0,jeju_edu,제주 영어교육도시
50130,대정읍,구억리,그린빌1차,다세대,300,46.92,202604,16,11615,4,2017,,직거래,818.3438357843137,47.0,jeju_edu,제주 영어교육도시
50130,대정읍,구억리,그린빌1차,다세대,300,27.0,202604,16,7151,4,2017,,직거래,875.5432790740741,27.0,jeju_edu,제주 영어교육도시
50130,대정읍,구억리,그린빌1차,다세대,300,29.155,202604,16,7686,4,2017,,직거래,871.4890588235294,29.0,jeju_edu,제주 영어교육도시
50130,대정읍,보성리,삼정G.edu,연립,2424,74.43,202604,30,26000,3,2015,,중개거래,1154.781808410587,74.0,jeju_edu,제주 영어교육도시
50130,대정읍,보성리,삼정G.edu,연립,2424,84.87,202604,25,40000,4,2015,,중개거래,1558.0464239425005,85.0,jeju_edu,제주 영어교육도시
50130,대정읍,구억리,휴온아델리브더테라스,연립,865,99.0887,202604,3,112000,3,2024,,직거래,3736.5301997099573,99.0,jeju_edu,제주 영어교육도시
50130,대정읍,보성리,한신더휴,연립,2417,84.9922,202604,24,53000,5,2017,,중개거래,2061.443344212763,85.0,jeju_edu,제주 영어교육도시
50130,대정읍,구억리,해동그린앤골드,연립,1115,76.5996,202604,16,55000,4,2016,,직거래,2373.6178126256536,77.0,jeju_edu,제주 영어교육도시
50130,대정읍,보성리,삼정G.edu,연립,2424,59.7,202604,14,22000,3,2015,,중개거래,1218.2122278056952,60.0,jeju_edu,제주 영어교육도시
50130,대정읍,보성리,제주에듀골드힐,다세대,441,22.7868,202604,13,7200,3,2016,,중개거래,1044.5368371162253,23.0,jeju_edu,제주 영어교육도시
50130,대정읍,구억리,캐논스빌리지I,연립,1062,84.82,202604,3,35000,1,2011,,중개거래,1364.0942584296158,85.0,jeju_edu,제주 영어교육도시
50130,대정읍,보성리,제주에듀골드힐,다세대,441,22.7868,202605,23,6050,2,2016,,중개거래,877.7010922990505,23.0,jeju_edu,제주 영어교육도시
50130,대정읍,구억리,해동그린앤골드,연립,1115,76.5996,202605,26,52250,4,2016,,직거래,2254.936921994371,77.0,jeju_edu,제주 영어교육도시
50130,대정읍,보성리,제주영어교육도시꿈에그린,연립,2509,130.8519,202605,15,79000,2,2019,,직거래,1995.8213445888061,131.0,jeju_edu,제주 영어교육도시
50130,대정읍,보성리,삼정G.edu,연립,2424,59.7,202605,20,22000,1,2015,,중개거래,1218.2122278056952,60.0,jeju_edu,제주 영어교육도시
50130,대정읍,구억리,제주푸르지오더퍼스트,연립,1187,84.9623,202605,12,59900,3,2024,,중개거래,2330.639842612547,85.0,jeju_edu,제주 영어교육도시
50130,대정읍,보성리,보성리라임힐,연립,2549,97.8153,202605,6,51000,3,2019,,중개거래,1723.60596961825,98.0,jeju_edu,제주 영어교육도시
50130,대정읍,보성리,제주영어교육도시꿈에그린,연립,2509,130.8519,202606,8,75000,4,2019,,직거래,1894.7670992931708,131.0,jeju_edu,제주 영어교육도시
50130,대정읍,보성리,삼정G.edu,연립,2424,74.43,202606,24,34000,4,2015,,중개거래,1510.0992879215369,74.0,jeju_edu,제주 영어교육도시
50130,대정읍,보성리,라온프라이빗에듀,연립,2405,59.9854,202606,1,26500,4,2014,,중개거래,1460.4104081993285,60.0,jeju_edu,제주 영어교육도시
50130,대정읍,안성리,더뷰3동,다세대,2030-30,33.1706,202606,11,5300,2,2017,,중개거래,528.1984799792588,33.0,jeju_edu,제주 영어교육도시
50130,대정읍,보성리,삼정G.edu,연립,2424,84.87,202606,15,33000,1,2015,,중개거래,1285.3882997525627,85.0,jeju_edu,제주 영어교육도시
50130,대정읍,보성리,삼정G.edu,연립,2424,74.43,202606,1,27700,2,2015,,중개거래,1230.286772806664,74.0,jeju_edu,제주 영어교육도시
50130,대정읍,보성리,보성리라임힐,연립,2549,98.3953,202607,22,50000,2,2019,,직거래,1679.8490375048402,98.0,jeju_edu,제주 영어교육도시
50130,대정읍,보성리,라온프라이빗에듀,연립,2405,59.9977,202607,25,33000,2,2014,,중개거래,1818.2514496389028,60.0,jeju_edu,제주 영어교육도시
50130,대정읍,보성리,삼정G.edu,연립,2424,59.7,202607,27,21500,2,2015,,중개거래,1190.5255862646566,60.0,jeju_edu,제주 영어교육도시
50130,대정읍,안성리,로얄포레,다세대,1508,62.7639,202607,2,14500,3,2020,,직거래,763.7173996517107,63.0,jeju_edu,제주 영어교육도시
50130,대정읍,구억리,해동그린앤골드,연립,1115,84.9355,202608,22,58000,1,2016,,중개거래,2257.4251049325667,85.0,jeju_edu,제주 영어교육도시
50130,대정읍,보성리,라온프라이빗에듀,연립,2405,84.9828,202608,27,37000,1,2014,,중개거래,1439.2800072485256,85.0,jeju_edu,제주 영어교육도시
50130,대정읍,구억리,캐논스빌리지Ⅱ,연립,1058,63.556,202608,10,15200,2,2012,,중개거래,790.6087859525459,64.0,jeju_edu,제주 영어교육도시
50130,대정읍,보성리,삼정G.edu,연립,2424,84.87,202608,11,48000,3,2015,,중개거래,1869.6557087310005,85.0,jeju_edu,제주 영어교육도시
50130,대정읍,보성리,삼정G.edu,연립,2424,59.7,202609,9,21500,3,2015,,중개거래,1190.5255862646566,60.0,jeju_edu,제주 영어교육도시
50130,대정읍,구억리,리오팰리스,연립,861-1,59.887,202609,18,16000,1,2017,,중개거래,883.2060380383056,60.0,jeju_edu,제주 영어교육도시
50130,대정읍,보성리,한신더휴,연립,2417,59.7768,202609,18,38000,3,2017,,중개거래,2101.481343932763,60.0,jeju_edu,제주 영어교육도시
50130,대정읍,보성리,라온프라이빗에듀,연립,2405,59.9854,202609,10,17000,1,2014,,중개거래,936.8670543165505,60.0,jeju_edu,제주 영어교육도시
50130,대정읍,구억리,캐논스빌리지Ⅱ,연립,1058,63.556,202609,13,23000,1,2012,,직거래,1196.315926112405,64.0,jeju_edu,제주 영어교육도시
28155,운남동,,롯데펠리체,연립,26,76.96,202410,30,14000,3,2009,,중개거래,601.3642151767153,77.0,yeongjong,영종도
28155,운북동,,예단포빌04동,다세대,1363-2,59.93,202410,31,12170,2,2012,,직거래,671.3065818454864,60.0,yeongjong,영종도
28155,운서동,,창보밀레시티2,연립,2747-5,59.975,202410,27,25000,3,2003,,중개거래,1377.9845769070446,60.0,yeongjong,영종도
28155,운서동,,창보밀레시티2,연립,2747-5,59.975,202410,31,24600,3,2003,,중개거래,1355.936823676532,60.0,yeongjong,영종도
28155,운서동,,금광누리에뜰,연립,2744-5,84.555,202410,23,26400,2,2017,,중개거래,1032.141493702324,85.0,yeongjong,영종도
28155,중산동,,정남랜드빌,다세대,1449-5,27.48,202410,10,2500,3,2009,,중개거래,300.7446324599709,27.0,yeongjong,영종도
28155,운서동,,창보밀레시티1-1,연립,2743-5,59.975,202410,5,19000,2,2003,,중개거래,1047.268278449354,60.0,yeongjong,영종도
28155,운서동,,창보밀레시티1-2,연립,2744-4,84.632,202410,5,30000,3,2003,,직거래,1171.8209424331221,85.0,yeongjong,영종도
28155,운북동,,예단포빌04동,다세대,1363-2,59.93,202411,28,12170,2,2012,,직거래,671.3065818454864,60.0,yeongjong,영종도
28155,운서동,,창보밀레시티1-3,연립,2747-6,84.632,202411,9,26000,1,2003,,중개거래,1015.5781501087059,85.0,yeongjong,영종도
28155,운남동,,한도로즈빌101동,연립,606,75.84,202411,14,16000,1,2009,,중개거래,697.4229957805907,76.0,yeongjong,영종도
28155,운서동,,금광누리에뜰,연립,2744-5,84.555,202411,19,26400,2,2017,,중개거래,1032.141493702324,85.0,yeongjong,영종도
28155,운서동,,창보밀레시티2,연립,2747-5,59.975,202411,2,24400,3,2003,,중개거래,1344.9129470612756,60.0,yeongjong,영종도
28155,운서동,,창보밀레시티1-1,연립,2743-5,59.975,202411,1,20000,1,2003,,중개거래,1102.3876615256358,60.0,yeongjong,영종도
28155,운북동,,예단포빌01동,다세대,1362-5,59.93,202411,1,12292,2,2012,,직거래,678.0361958952111,60.0,yeongjong,영종도
28155,운서동,,창보밀레시티1-3,연립,2747-6,84.632,202411,1,34000,3,2003,,중개거래,1328.0637347575384,85.0,yeongjong,영종도
28155,운남동,,아마빌리스(444-18),다세대,444-18,75.64,202412,11,14000,4,2002,,직거래,611.8586726599683,76.0,yeongjong,영종도
28155,운남동,,연넥스,다세대,498-5,71.485,202412,19,24500,4,2022,,직거래,1132.9891935371058,71.0,yeongjong,영종도
28155,운남동,,연넥스,다세대,498-5,71.485,202412,31,21650,2,2022,,직거래,1001.1924914317689,71.0,yeongjong,영종도
28155,운서동,,삼안해피하우징,연립,2785-11,59.98,202412,10,21000,1,2003,,중개거래,1157.4105535178394,60.0,yeongjong,영종도
28155,운남동,,프라임빌,다세대,536,46.695,202412,21,4700,-1,2010,,중개거래,332.73775564835637,47.0,yeongjong,영종도
28155,운서동,,창보밀레시티2,연립,2747-5,59.975,202412,6,22600,1,2003,,중개거래,1245.6980575239684,60.0,yeongjong,영종도
28155,운서동,,창보밀레시티2,연립,2747-5,59.975,202412,2,20000,3,2003,,중개거래,1102.3876615256358,60.0,yeongjong,영종도
28155,운서동,,창보밀레시티1-3,연립,2747-6,84.632,202501,25,24000,1,2003,,직거래,937.4567539464978,85.0,yeongjong,영종도
28155,운북동,,뉴보래타운하우스104동,다세대,68-9,59.64,202501,31,13000,1,2010,,중개거래,720.5768779342724,60.0,yeongjong,영종도
28155,운남동,,연넥스,다세대,498-5,71.485,202501,6,25000,4,2022,,직거래,1156.1114219766384,71.0,yeongjong,영종도
28155,운서동,,창보밀레시티1-2,연립,2744-4,84.632,202501,13,27000,1,2003,,중개거래,1054.63884818981,85.0,yeongjong,영종도
28155,운서동,,금광누리에뜰,연립,2744-5,84.555,202501,16,26000,2,2017,,중개거래,1016.5029862219857,85.0,yeongjong,영종도
28155,운서동,,삼안해피하우징,연립,2785-11,59.98,202501,4,21000,1,2003,,중개거래,1157.4105535178394,60.0,yeongjong,영종도
28155,운북동,,더원빌리지103동,다세대,453-63,51.94,202502,28,17500,4,2017,,중개거래,1113.8089622641512,52.0,yeongjong,영종도
28155,운남동,,하늘빌리지,다세대,536-3,65.17,202502,25,7250,-1,2008,,중개거래,367.7603383458647,65.0,yeongjong,영종도
28155,운남동,,청도빌리지B동,다세대,146-3,26.13,202502,20,4700,1,2003,,중개거래,594.6111557596632,26.0,yeongjong,영종도
28155,운서동,,동원베네스트영종타운하우스,연립,2745-1,185.3937,202502,12,71000,1,2008,,중개거래,1266.012464285464,185.0,yeongjong,영종도
28155,운북동,,스카이빌리지2단지,다세대,771,53.27,202502,13,6400,4,2011,,중개거래,397.16583442838373,53.0,yeongjong,영종도
28155,운북동,,신고려주택,다세대,526-11,33.59,202502,4,5000,4,2002,,직거래,492.0787436737124,34.0,yeongjong,영종도
28155,운서동,,창보밀레시티2,연립,2747-5,59.975,202503,28,19000,1,2003,,중개거래,1047.268278449354,60.0,yeongjong,영종도
28155,운서동,,창보밀레시티2,연립,2747-5,59.975,202503,11,23500,3,2003,,중개거래,1295.3055022926221,60.0,yeongjong,영종도
28155,운서동,,창보밀레시티1-3,연립,2747-6,84.632,202503,16,26750,2,2003,,중개거래,1044.873673669534,85.0,yeongjong,영종도
28155,운서동,,금광누리에뜰,연립,2744-5,84.555,202503,11,26000,2,2017,,중개거래,1016.5029862219857,85.0,yeongjong,영종도
28155,운북동,,금산쉐르빌가동,연립,123-2,39.0,202503,21,9000,2,2010,,중개거래,762.8734615384616,39.0,yeongjong,영종도
28155,운북동,,예단포빌03동,다세대,1363-1,59.93,202503,20,12351,1,2012,,직거래,681.2906813782747,60.0,yeongjong,영종도
28155,운서동,,삼안해피하우징,연립,2785-11,59.98,202503,6,21000,2,2003,,중개거래,1157.4105535178394,60.0,yeongjong,영종도
28155,운서동,,창보밀레시티2,연립,2747-5,59.975,202503,8,21200,2,2003,,중개거래,1168.530921217174,60.0,yeongjong,영종도
28155,중산동,,백운예그리나,다세대,1249-3,58.92,202503,12,8500,1,2008,,중개거래,476.9038102511881,59.0,yeongjong,영종도
28155,운북동,,예단포빌01동,다세대,1362-5,59.93,202503,17,12237,1,2012,,직거래,675.0023534957451,60.0,yeongjong,영종도
28155,운서동,,창보밀레시티2,연립,2747-5,59.975,202503,15,25000,3,2003,,중개거래,1377.9845769070446,60.0,yeongjong,영종도
28155,운남동,,하늘연103동,다세대,28-1,42.28,202503,11,6900,3,2010,,중개거래,539.4966059602649,42.0,yeongjong,영종도
28155,운서동,,창보밀레시티2,연립,2747-5,59.975,202504,26,22800,1,2003,,중개거래,1256.721934139225,60.0,yeongjong,영종도
28155,운서동,,금광누리에뜰,연립,2744-5,84.555,202504,21,26700,2,2017,,중개거래,1043.8703743125775,85.0,yeongjong,영종도
28155,운북동,,(719-4),다세대,719-4,44.3,202504,25,5300,1,2011,,중개거래,395.5002370203161,44.0,yeongjong,영종도
28155,중산동,,백운예그리나,다세대,1249-3,58.92,202504,28,7500,3,2008,,중개거래,420.7974796334012,59.0,yeongjong,영종도
28155,운서동,,삼안해피하우징,연립,2785-11,59.98,202504,19,22000,2,2003,,중개거래,1212.5253417805936,60.0,yeongjong,영종도
28155,운서동,,금광누리에뜰,연립,2744-5,84.555,202504,28,25400,1,2017,,중개거래,993.0452250014783,85.0,yeongjong,영종도
28155,운북동,,"영종역빌라101,102,103동(85-0)",다세대,85,42.97,202504,12,9800,2,2016,,중개거래,753.937468000931,43.0,yeongjong,영종도
28155,운서동,,창보밀레시티1-3,연립,2747-6,84.632,202504,6,24800,2,2003,,중개거래,968.705312411381,85.0,yeongjong,영종도
28155,중산동,,GM렉스빌,연립,1346-5,81.37,202504,16,13800,1,2008,,중개거래,560.646835443038,81.0,yeongjong,영종도
28155,운북동,,예단포빌03동,다세대,1363-1,59.93,202504,17,12351,1,2012,,직거래,681.2906813782747,60.0,yeongjong,영종도
28155,운서동,,창보밀레시티2,연립,2747-5,59.975,202504,6,20000,1,2003,,중개거래,1102.3876615256358,60.0,yeongjong,영종도
28155,운서동,,창보밀레시티2,연립,2747-5,59.975,202504,1,18000,3,2003,,직거래,992.1488953730722,60.0,yeongjong,영종도
28155,운북동,,더원빌리지101동,다세대,453-66,51.94,202504,2,15000,1,2017,,직거래,954.6933962264152,52.0,yeongjong,영종도
28155,운북동,,더원빌리지101동,다세대,453-66,51.94,202504,2,15000,2,2017,,직거래,954.6933962264152,52.0,yeongjong,영종도
28155,운서동,,금광누리에뜰,연립,2744-5,84.555,202505,23,25700,1,2017,,중개거래,1004.774105611732,85.0,yeongjong,영종도
28155,운서동,,금광누리에뜰,연립,2744-5,84.555,202505,26,25400,1,2017,,중개거래,993.0452250014783,85.0,yeongjong,영종도
28155,운서동,,창보밀레시티1-3,연립,2747-6,84.632,202505,24,27000,2,2003,,중개거래,1054.63884818981,85.0,yeongjong,영종도
28155,운서동,,창보밀레시티1-1,연립,2743-5,59.975,202505,19,24000,2,2003,,중개거래,1322.8651938307628,60.0,yeongjong,영종도
28155,운서동,,창보밀레시티2,연립,2747-5,59.975,202505,23,20000,1,2003,,중개거래,1102.3876615256358,60.0,yeongjong,영종도
28155,운서동,,창보밀레시티2,연립,2747-5,59.975,202505,27,20300,2,2003,,중개거래,1118.9234764485202,60.0,yeongjong,영종도
28155,운북동,,공작빌라1동,다세대,60-5,34.55,202505,17,7800,3,2002,,중개거래,746.3132561505066,35.0,yeongjong,영종도
28155,운서동,,창보밀레시티1-3,연립,2747-6,84.632,202505,15,27000,1,2003,,중개거래,1054.63884818981,85.0,yeongjong,영종도
28155,운서동,,창보밀레시티2,연립,2747-5,59.975,202505,15,20000,1,2003,,중개거래,1102.3876615256358,60.0,yeongjong,영종도
28155,운북동,,뉴보래타운하우스104동,다세대,68-9,59.64,202505,10,14000,4,2010,,중개거래,776.005868544601,60.0,yeongjong,영종도
28155,운남동,,연넥스,다세대,498-5,71.485,202505,5,22250,2,2022,,중개거래,1028.9391655592083,71.0,yeongjong,영종도
28155,운남동,,"한빛맨션(14-0)1,2동",다세대,14,57.78,202506,19,11700,2,2002,,중개거래,669.3957165109034,58.0,yeongjong,영종도
28155,운서동,,금광누리에뜰,연립,2744-5,84.555,202506,23,29000,2,2017,,중개거래,1133.7917923245225,85.0,yeongjong,영종도
28155,운서동,,창보밀레시티2,연립,2747-5,59.975,202506,11,25500,3,2003,,중개거래,1405.5442684451855,60.0,yeongjong,영종도
28155,운서동,,창보밀레시티1-3,연립,2747-6,84.632,202506,28,25000,2,2003,,중개거래,976.5174520276018,85.0,yeongjong,영종도
28155,운북동,,세진타운B,다세대,434-8,33.17,202506,20,5700,2,2001,,중개거래,568.0727916792282,33.0,yeongjong,영종도
28155,운남동,,스카이빌A동,다세대,480-2,55.31,202506,19,8700,1,2010,,중개거래,519.9842614355451,55.0,yeongjong,영종도
28155,운서동,,창보밀레시티2,연립,2747-5,59.975,202506,24,22000,2,2003,,직거래,1212.6264276781992,60.0,yeongjong,영종도
28155,운서동,,삼안해피하우징,연립,2785-11,59.98,202506,14,22000,2,2003,,중개거래,1212.5253417805936,60.0,yeongjong,영종도
28155,운서동,,삼안해피하우징,연립,2785-11,59.98,202506,14,20500,2,2003,,중개거래,1129.8531593864623,60.0,yeongjong,영종도
28155,운남동,,다원빌리지,다세대,510-12,53.86,202506,6,9800,2,2012,,중개거래,601.498199034534,54.0,yeongjong,영종도
28155,운서동,,금광누리에뜰,연립,2744-5,84.555,202506,5,32000,3,2017,,중개거래,1251.0805984270594,85.0,yeongjong,영종도
28155,운서동,,금광누리에뜰,연립,2744-5,84.555,202506,4,25000,1,2017,,중개거래,977.40671752114,85.0,yeongjong,영종도
28155,운서동,,삼안해피하우징,연립,2785-11,59.98,202506,18,22200,2,2003,,중개거래,1223.5482994331446,60.0,yeongjong,영종도
28155,중산동,,백운예그리나,다세대,1249-3,51.78,202506,11,8500,2,2008,,중개거래,542.6645905755119,52.0,yeongjong,영종도
28155,운북동,,더원빌리지107동,다세대,453-15,51.8,202506,16,14000,1,2017,,중개거래,893.4554054054054,52.0,yeongjong,영종도
28155,운북동,,"영종역빌라101,102,103동(85-0)",다세대,85,42.97,202506,6,9500,1,2016,,중개거래,730.8577495927392,43.0,yeongjong,영종도
28155,운북동,,예단포빌04동,다세대,1363-2,59.93,202506,9,12115,1,2012,,직거래,668.2727394460204,60.0,yeongjong,영종도
28155,운남동,,아마빌리스105동,다세대,444-12,75.64,202506,6,13300,1,2002,,중개거래,581.2657390269699,76.0,yeongjong,영종도
28155,운북동,,예단포빌01동,다세대,1362-5,59.93,202506,2,12237,1,2012,,직거래,675.0023534957451,60.0,yeongjong,영종도
28155,운북동,,스카이빌리지2단지,다세대,771,53.27,202507,24,6000,4,2011,,중개거래,372.3429697766097,53.0,yeongjong,영종도
28155,운서동,,금광누리에뜰,연립,2744-5,84.555,202507,25,32300,3,2017,,중개거래,1262.809479037313,85.0,yeongjong,영종도
28155,운서동,,금광누리에뜰,연립,2744-5,84.555,202507,15,31500,3,2017,,중개거래,1231.5324640766364,85.0,yeongjong,영종도
28155,운북동,,스카이빌리지1단지,다세대,766,59.09,202507,22,6550,4,2011,,중개거래,366.43919021831107,59.0,yeongjong,영종도
28155,운북동,,"장촌빌라A,B동",다세대,525,52.71,202507,21,7500,4,2003,,직거래,470.3735059760956,53.0,yeongjong,영종도
28155,운북동,,금산이지빌D,다세대,458-6,40.1,202507,19,9000,1,2010,,중개거래,741.9467581047381,40.0,yeongjong,영종도
28155,운북동,,예드림4동,다세대,700-15,21.84,202507,5,4400,2,2007,,직거래,666.000641025641,22.0,yeongjong,영종도
28155,운남동,,"노을빌라(가,나)동",다세대,496-1,42.79,202507,6,3600,-1,2003,,중개거래,278.12166394017294,43.0,yeongjong,영종도
28155,운북동,,"그린빌A,B동",다세대,33-94,39.4,202507,9,8500,3,2002,,중개거래,713.1769670050762,39.0,yeongjong,영종도
28155,운서동,,창보밀레시티1-1,연립,2743-5,59.975,202507,9,19500,2,2003,,중개거래,1074.8279699874947,60.0,yeongjong,영종도
28155,운서동,,창보밀레시티2,연립,2747-5,59.975,202508,26,22000,3,2003,,중개거래,1212.6264276781992,60.0,yeongjong,영종도
28155,운서동,,창보밀레시티1-1,연립,2743-5,59.975,202508,23,20500,2,2003,,중개거래,1129.9473530637765,60.0,yeongjong,영종도
28155,운남동,,한빛맨션(15-1),다세대,15-1,57.78,202508,6,11500,1,2002,,직거래,657.9530546902042,58.0,yeongjong,영종도
28155,운서동,,삼안해피하우징,연립,2785-11,59.98,202508,28,21500,2,2003,,중개거래,1184.9679476492165,60.0,yeongjong,영종도
28155,운남동,,아마빌리스(444-18),다세대,444-18,75.64,202508,29,12500,1,2002,,중개거래,546.3023863035431,76.0,yeongjong,영종도
28155,운남동,,"하늘연104,105동",다세대,28-2,42.28,202508,27,4500,4,2010,,중개거래,351.8456125827815,42.0,yeongjong,영종도
28155,운서동,,금광누리에뜰,연립,2744-5,84.555,202508,19,24800,2,2017,,중개거래,969.5874637809709,85.0,yeongjong,영종도
28155,운북동,,"장촌빌라A,B동",다세대,525,52.71,202508,14,8000,4,2003,,직거래,501.73173970783535,53.0,yeongjong,영종도
28155,중산동,,정남랜드빌,다세대,1449-5,27.48,202508,9,3400,2,2009,,중개거래,409.0127001455605,27.0,yeongjong,영종도
28155,운북동,,GM렉스빌103동,연립,33-130,43.46,202508,3,7600,1,2009,,중개거래,578.0940174873447,43.0,yeongjong,영종도
28155,운서동,,삼안해피하우징,연립,2785-11,59.98,202509,13,21900,3,2003,,중개거래,1207.0138629543183,60.0,yeongjong,영종도
28155,운남동,,"하늘연104,105동",다세대,28-2,42.28,202509,22,6500,2,2010,,중개거래,508.22144039735105,42.0,yeongjong,영종도
28155,운서동,,금광누리에뜰,연립,2744-5,84.555,202509,6,25200,1,2017,,중개거래,985.225971261309,85.0,yeongjong,영종도
28155,운남동,,한빛맨션(15-1),다세대,15-1,57.78,202509,15,13000,3,2002,,직거래,743.7730183454483,58.0,yeongjong,영종도
28155,운남동,,"하늘연101,102동",다세대,44-1,44.79,202509,17,6800,1,2010,,중개거래,501.88296494753297,45.0,yeongjong,영종도
28155,중산동,,국제빌리지,다세대,884-22,57.66,202510,22,12400,2,2001,,중개거래,710.9215053763442,58.0,yeongjong,영종도
28155,운남동,,한도로즈빌102동103동,다세대,606-2,55.58,202510,31,9000,-1,2009,,직거래,535.301637279597,56.0,yeongjong,영종도
28155,운남동,,다원빌리지,다세대,510-12,53.86,202510,31,9800,2,2012,,중개거래,601.498199034534,54.0,yeongjong,영종도
28155,운서동,,창보밀레시티2,연립,2747-5,59.975,202510,25,20500,1,2003,,중개거래,1129.9473530637765,60.0,yeongjong,영종도
28155,운서동,,동원베네스트영종타운하우스,연립,2745-1,148.153,202510,10,58500,2,2008,,중개거래,1305.3291023468983,148.0,yeongjong,영종도
28155,운북동,,"영종역빌라101,102,103동(85-0)",다세대,85,42.97,202510,21,9000,2,2016,,중개거래,692.3915522457529,43.0,yeongjong,영종도
28155,운서동,,창보밀레시티1-3,연립,2747-6,84.632,202510,15,27100,2,2003,,중개거래,1058.5449179979205,85.0,yeongjong,영종도
28155,운남동,,다원빌리지,다세대,510-12,53.86,202510,16,6500,-1,2012,,중개거래,398.95288711474194,54.0,yeongjong,영종도
28155,운북동,,더원빌리지104동,다세대,453-10,51.94,202510,18,11000,-1,2017,,중개거래,700.1084905660377,52.0,yeongjong,영종도
28155,운북동,,"그린빌A,B동",다세대,33-94,31.59,202510,4,6800,1,2002,,중개거래,711.5966445077557,32.0,yeongjong,영종도
28155,운서동,,창보밀레시티1-3,연립,2747-6,84.632,202510,11,25000,1,2003,,중개거래,976.5174520276018,85.0,yeongjong,영종도
28155,운서동,,창보밀레시티1-3,연립,2747-6,84.632,202510,11,32500,3,2003,,중개거래,1269.4726876358825,85.0,yeongjong,영종도
28155,중산동,,정남랜드빌,다세대,1449-5,27.48,202511,22,3000,2,2009,,중개거래,360.8935589519651,27.0,yeongjong,영종도
28155,운서동,,창보밀레시티1-2,연립,2744-4,84.632,202511,20,30000,3,2003,,중개거래,1171.8209424331221,85.0,yeongjong,영종도
28155,운북동,,예드림4동,다세대,700-15,22.26,202511,14,3850,2,2007,,직거래,571.7552672955975,22.0,yeongjong,영종도
28155,중산동,,정남랜드빌,다세대,1449-5,27.48,202511,28,3500,2,2009,,중개거래,421.04248544395927,27.0,yeongjong,영종도
28155,중산동,,영종빌리지,다세대,884-25,57.66,202511,3,8500,1,2001,,중개거래,487.32522545959074,58.0,yeongjong,영종도
28155,운남동,,청도빌리지B동,다세대,146-3,26.13,202511,25,4100,2,2003,,직거래,518.7033486414083,26.0,yeongjong,영종도
28155,운북동,,신고려주택,다세대,526-11,33.59,202511,24,4000,-1,2002,,직거래,393.6629949389699,34.0,yeongjong,영종도
28155,운북동,,세진타운A,다세대,434-7,33.17,202511,5,5700,2,2001,,중개거래,568.0727916792282,33.0,yeongjong,영종도
28155,운북동,,"영종역빌라101,102,103동(85-0)",다세대,85,42.97,202511,11,10400,1,2016,,중개거래,800.0969048173145,43.0,yeongjong,영종도
28155,운서동,,동원베네스트영종타운하우스,연립,2745-1,185.3937,202511,15,69000,1,2008,,중개거래,1230.3501413478452,185.0,yeongjong,영종도
28155,운서동,,창보밀레시티1-2,연립,2744-4,84.632,202511,15,26000,1,2003,,중개거래,1015.5781501087059,85.0,yeongjong,영종도
28155,운북동,,행복마을4동,다세대,1257-126,33.19,202511,15,5500,2,2012,,중개거래,547.8101084664056,33.0,yeongjong,영종도
28155,운서동,,창보밀레시티2,연립,2747-5,59.975,202511,15,25500,3,2003,,중개거래,1405.5442684451855,60.0,yeongjong,영종도
28155,운북동,,세진타운B,다세대,434-8,33.17,202511,17,5500,1,2001,,중개거래,548.1404130238167,33.0,yeongjong,영종도
28155,운북동,,"대영라비앙로즈빌A,B,C동",다세대,506-59,36.0,202511,12,6700,3,2014,,중개거래,615.2433194444445,36.0,yeongjong,영종도
28155,운서동,,삼안해피하우징,연립,2785-11,59.98,202511,5,21300,3,2003,,중개거래,1173.9449899966658,60.0,yeongjong,영종도
28155,운서동,,금광누리에뜰,연립,2744-5,84.555,202512,31,24000,1,2017,,중개거래,938.3104488202945,85.0,yeongjong,영종도
28155,운남동,,다원빌리지,다세대,510-12,53.86,202512,26,9700,3,2012,,중개거래,595.3604623096918,54.0,yeongjong,영종도
28155,운서동,,창보밀레시티2,연립,2747-5,59.975,202512,17,21000,2,2003,,직거래,1157.5070446019174,60.0,yeongjong,영종도
28155,운서동,,창보밀레시티1-3,연립,2747-6,84.632,202512,16,24000,2,2003,,중개거래,937.4567539464978,85.0,yeongjong,영종도
28155,운서동,,삼안해피하우징,연립,2785-11,59.98,202512,29,22800,2,2003,,중개거래,1256.6171723907971,60.0,yeongjong,영종도
28155,운서동,,창보밀레시티1-2,연립,2744-4,84.632,202512,24,28500,2,2003,,중개거래,1113.2298953114662,85.0,yeongjong,영종도
28155,운서동,,창보밀레시티2,연립,2747-5,59.975,202512,10,22000,3,2003,,중개거래,1212.6264276781992,60.0,yeongjong,영종도
28155,운서동,,삼안해피하우징,연립,2785-11,59.98,202512,23,21900,1,2003,,중개거래,1207.0138629543183,60.0,yeongjong,영종도
28155,운서동,,창보밀레시티1-1,연립,2743-5,59.975,202512,15,25000,3,2003,,중개거래,1377.9845769070446,60.0,yeongjong,영종도
28155,운서동,,창보밀레시티1-3,연립,2747-6,84.632,202512,15,31000,3,2003,,중개거래,1210.8816405142263,85.0,yeongjong,영종도
28155,운북동,,뉴보래타운하우스103동,다세대,68-8,58.2,202512,8,5900,-1,2010,,중개거래,335.1225343642612,58.0,yeongjong,영종도
28155,운서동,,금광누리에뜰,연립,2744-5,84.555,202601,9,25000,1,2017,,중개거래,977.40671752114,85.0,yeongjong,영종도
28155,운북동,,(457-44),다세대,457-44,18.06,202601,27,4700,2,2018,,중개거래,860.309496124031,18.0,yeongjong,영종도
28155,운북동,,공작빌라2동,다세대,60-4,34.97,202601,25,7500,3,2002,,중개거래,708.9902058907635,35.0,yeongjong,영종도
28155,운남동,,"하늘연104,105동",다세대,28-2,42.28,202601,28,6650,2,2010,,직거래,519.9496274834437,42.0,yeongjong,영종도
28155,운북동,,예드림3동,다세대,700-14,20.28,202601,29,3000,1,2007,,중개거래,489.021449704142,20.0,yeongjong,영종도
28155,운서동,,창보밀레시티1-2,연립,2744-4,84.632,202601,17,26300,2,2003,,중개거래,1027.2963595330373,85.0,yeongjong,영종도
28155,운서동,,창보밀레시티1-1,연립,2743-5,59.975,202601,9,20500,2,2003,,중개거래,1129.9473530637765,60.0,yeongjong,영종도
28155,운북동,,공작빌라1동,다세대,60-5,34.55,202601,17,6500,4,2002,,직거래,621.9277134587554,35.0,yeongjong,영종도
28155,운서동,,창보밀레시티2,연립,2747-5,59.975,202601,5,18000,1,2003,,중개거래,992.1488953730722,60.0,yeongjong,영종도
28155,운서동,,창보밀레시티2,연립,2747-5,59.975,202601,2,17900,1,2003,,중개거래,986.6369570654439,60.0,yeongjong,영종도
28155,운북동,,"영종역빌라104동,105동",다세대,85-8,43.66,202602,27,9000,3,2016,,직거래,681.449038021072,44.0,yeongjong,영종도
28155,운남동,,청도빌리지A동,다세대,146-2,65.07,202602,26,13000,5,2003,,중개거래,660.4457507299832,65.0,yeongjong,영종도
28155,운서동,,창보밀레시티1-1,연립,2743-5,59.975,202602,14,19300,2,2003,,중개거래,1063.8040933722384,60.0,yeongjong,영종도
28155,운서동,,창보밀레시티2,연립,2747-5,59.975,202602,8,19300,1,2003,,중개거래,1063.8040933722384,60.0,yeongjong,영종도
28155,운서동,,창보밀레시티1-3,연립,2747-6,84.632,202602,13,25400,1,2003,,중개거래,992.1417312600435,85.0,yeongjong,영종도
28155,운남동,,연넥스,다세대,498-5,71.545,202602,5,23000,3,2022,,중개거래,1062.7305192536166,72.0,yeongjong,영종도
28155,운서동,,금광누리에뜰,연립,2744-5,84.555,202602,1,30000,2,2017,,직거래,1172.8880610253682,85.0,yeongjong,영종도
28155,운북동,,더원빌리지101동,다세대,453-66,51.94,202603,13,16500,3,2017,,중개거래,1050.1627358490566,52.0,yeongjong,영종도
28155,운서동,,창보밀레시티1-1,연립,2743-5,59.975,202603,31,24000,3,2003,,중개거래,1322.8651938307628,60.0,yeongjong,영종도
28155,운남동,,청도빌리지B동,다세대,146-3,26.13,202603,28,3700,3,2003,,직거래,468.0981438959051,26.0,yeongjong,영종도
28155,운서동,,창보밀레시티1-3,연립,2747-6,84.632,202603,21,24700,1,2003,,중개거래,964.7992426032707,85.0,yeongjong,영종도
28155,운서동,,금광누리에뜰,연립,2744-5,84.555,202603,25,26300,2,2017,,중개거래,1028.2318668322393,85.0,yeongjong,영종도
28155,운북동,,"그린빌A,B동",다세대,33-94,39.4,202603,6,1269,-1,2002,,직거래,106.47312601522844,39.0,yeongjong,영종도
28155,운서동,,창보밀레시티1-1,연립,2743-5,59.975,202603,16,19500,1,2003,,중개거래,1074.8279699874947,60.0,yeongjong,영종도
28155,운북동,,신고려주택,다세대,526-11,39.5,202603,5,7000,2,2002,,중개거래,585.8353164556962,40.0,yeongjong,영종도
28155,운북동,,장촌빌라나동,다세대,526-6,33.59,202604,3,2000,-1,2003,,중개거래,196.83149746948496,34.0,yeongjong,영종도
28155,운남동,,"하늘연104,105동",다세대,28-2,42.28,202604,29,8000,3,2010,,직거래,625.5033112582781,42.0,yeongjong,영종도
28155,운남동,,"하늘연101,102동",다세대,44-1,44.79,202604,30,6500,4,2010,,직거래,479.7410694351418,45.0,yeongjong,영종도
28155,중산동,,정남랜드빌,다세대,1449-5,27.48,202604,18,2800,1,2009,,중개거래,336.8339883551674,27.0,yeongjong,영종도
28155,운북동,,(457-69),다세대,457-69,37.06,202604,15,5411,1,2018,,직거래,482.6660182137075,37.0,yeongjong,영종도
28155,운북동,,금산이지빌C,다세대,458-5,40.54,202604,23,8000,2,2010,,직거래,652.3502713369512,41.0,yeongjong,영종도
28155,운서동,,창보밀레시티1-3,연립,2747-6,84.632,202604,9,26000,2,2003,,중개거래,1015.5781501087059,85.0,yeongjong,영종도
28155,운남동,,하늘빌리지,다세대,536-3,65.17,202604,29,7000,-1,2008,,직거래,355.07894736842104,65.0,yeongjong,영종도
28155,운북동,,스카이빌리지2단지,다세대,771,53.27,202604,27,7800,1,2011,,중개거래,484.04586070959266,53.0,yeongjong,영종도
28155,운남동,,청도빌리지디동,다세대,146-5,75.45,202604,18,10700,4,2002,,중개거래,468.8124519549371,75.0,yeongjong,영종도
28155,운서동,,창보밀레시티2,연립,2747-5,59.975,202604,21,24800,3,2003,,중개거래,1366.9607002917883,60.0,yeongjong,영종도
28155,중산동,,(1848-3),다세대,1848-3,77.31,202604,20,5500,3,2012,,직거래,235.18066873625662,77.0,yeongjong,영종도
28155,중산동,,영종까치마을,연립,884-4,52.47,202604,16,6600,4,1999,,직거래,415.8220125786164,52.0,yeongjong,영종도
28155,운남동,,스카이빌B동,다세대,480-5,55.31,202604,7,9000,4,2010,,중개거래,537.9147532091846,55.0,yeongjong,영종도
28155,운서동,,삼안해피하우징,연립,2785-11,59.98,202604,13,20000,1,2003,,직거래,1102.2957652550851,60.0,yeongjong,영종도
28155,운서동,,삼안해피하우징,연립,2785-11,59.98,202604,1,21500,2,2003,,중개거래,1184.9679476492165,60.0,yeongjong,영종도
28155,중산동,,영종빌리지,다세대,884-25,57.66,202604,3,5000,3,2001,,직거래,286.66189732917104,58.0,yeongjong,영종도
28155,운남동,,한도로즈빌102동103동,다세대,606-2,48.88,202604,3,9000,1,2009,,직거래,608.6756342062193,49.0,yeongjong,영종도
28155,운남동,,"하늘연가가,나동",다세대,487-2,60.13,202604,3,4600,-1,2010,,중개거래,252.8955762514552,60.0,yeongjong,영종도
28155,운남동,,청도빌리지A동,다세대,146-2,65.07,202605,22,7500,3,2003,,중개거래,381.0263946519134,65.0,yeongjong,영종도
28155,운서동,,창보밀레시티2,연립,2747-5,59.975,202605,16,22250,3,2003,,중개거래,1226.4062734472698,60.0,yeongjong,영종도
28155,운북동,,"영종역빌라101,102,103동(85-0)",다세대,85,42.97,202605,18,11000,3,2016,,중개거래,846.2563416336981,43.0,yeongjong,영종도
28155,운북동,,금산쉐르빌나동,연립,123-23,60.66,202605,19,16000,2,2010,,직거래,871.9512034289482,61.0,yeongjong,영종도
28155,운서동,,창보밀레시티1-3,연립,2747-6,84.632,202605,19,26000,2,2003,,중개거래,1015.5781501087059,85.0,yeongjong,영종도
28155,운서동,,창보밀레시티1-3,연립,2747-6,84.632,202605,17,26000,2,2003,,중개거래,1015.5781501087059,85.0,yeongjong,영종도
28155,운북동,,(457-69),다세대,457-69,18.12,202605,7,2660,1,2018,,직거래,485.28631898454745,18.0,yeongjong,영종도
28155,운서동,,창보밀레시티1-1,연립,2743-5,59.975,202605,11,18900,1,2003,,중개거래,1041.7563401417256,60.0,yeongjong,영종도
28155,운남동,,아마빌리스(444-17),다세대,444-17,75.63,202605,2,14300,3,2001,,중개거래,625.0525651196616,76.0,yeongjong,영종도
28155,중산동,,리치그린빌B동,다세대,1316-4,36.49,202605,5,7850,1,2009,,중개거래,711.1650383666757,36.0,yeongjong,영종도
28155,운서동,,창보밀레시티1-1,연립,2743-5,59.975,202606,20,23500,3,2003,,중개거래,1295.3055022926221,60.0,yeongjong,영종도
28155,운남동,,청도빌리지A동,다세대,146-2,60.62,202606,3,8500,5,2003,,중개거래,463.5297344110855,61.0,yeongjong,영종도
28155,운남동,,"노을빌라(가,나)동",다세대,496-1,42.79,202606,12,6500,4,2003,,직거래,502.16411544753447,43.0,yeongjong,영종도
28155,운북동,,장촌빌라가동,다세대,526-8,38.28,202606,29,5800,3,2003,,중개거래,500.87651515151515,38.0,yeongjong,영종도
28155,운남동,,하늘연103동,다세대,28-1,42.28,202606,26,10000,3,2010,,중개거래,781.8791390728477,42.0,yeongjong,영종도
28155,운남동,,"하늘연101,102동",다세대,44-1,44.79,202606,18,6000,4,2010,,직거래,442.83791024782323,45.0,yeongjong,영종도
28155,운북동,,공작빌라3동,다세대,60-3,38.02,202606,18,7500,3,2002,,중개거래,652.1143477117306,38.0,yeongjong,영종도
28155,운서동,,창보밀레시티2,연립,2747-5,59.975,202606,13,21500,1,2003,,중개거래,1185.0667361400585,60.0,yeongjong,영종도
28155,운서동,,창보밀레시티2,연립,2747-5,59.975,202606,11,20000,2,2003,,중개거래,1102.3876615256358,60.0,yeongjong,영종도
28155,운서동,,창보밀레시티2,연립,2747-5,59.975,202606,4,22000,2,2003,,중개거래,1212.6264276781992,60.0,yeongjong,영종도
28155,운북동,,금산쉐르빌가동,연립,123-2,39.0,202606,10,5600,3,2010,,중개거래,474.67682051282054,39.0,yeongjong,영종도
28155,운서동,,삼안해피하우징,연립,2785-11,59.98,202606,3,22800,2,2003,,중개거래,1256.6171723907971,60.0,yeongjong,영종도
28155,운서동,,창보밀레시티2,연립,2747-5,59.975,202606,5,19500,1,2003,,중개거래,1074.8279699874947,60.0,yeongjong,영종도
28155,중산동,,GM렉스빌,연립,1346-5,81.37,202607,25,14500,1,2008,,중개거래,589.0854430379748,81.0,yeongjong,영종도
28155,운남동,,"하늘연104,105동",다세대,28-2,42.28,202607,9,6500,2,2010,,중개거래,508.22144039735105,42.0,yeongjong,영종도
28155,운북동,,금산이지빌D,다세대,458-6,40.1,202607,13,9000,3,2010,,중개거래,741.9467581047381,40.0,yeongjong,영종도
28155,운서동,,삼안해피하우징,연립,2785-11,59.98,202607,18,21000,3,2003,,중개거래,1157.4105535178394,60.0,yeongjong,영종도
28155,운서동,,창보밀레시티1-3,연립,2747-6,84.632,202607,12,30000,2,2003,,중개거래,1171.8209424331221,85.0,yeongjong,영종도
28155,운북동,,더원빌리지103동,다세대,453-63,51.94,202607,6,10500,-1,2017,,중개거래,668.2853773584907,52.0,yeongjong,영종도
28155,운남동,,노을빌라다동,다세대,496-9,31.1,202607,7,3800,-1,2003,,직거래,403.92228295819933,31.0,yeongjong,영종도
28155,운서동,,창보밀레시티1-1,연립,2743-5,59.975,202607,1,17500,2,2003,,중개거래,964.5892038349313,60.0,yeongjong,영종도
28155,운서동,,창보밀레시티1-3,연립,2747-6,84.632,202608,29,24000,2,2003,,중개거래,937.4567539464978,85.0,yeongjong,영종도
28155,운북동,,공작빌라2동,다세대,60-4,34.97,202608,18,3500,-1,2002,,직거래,330.86209608235635,35.0,yeongjong,영종도
28155,운서동,,삼안해피하우징,연립,2785-11,59.98,202608,6,19800,2,2003,,중개거래,1091.2728076025344,60.0,yeongjong,영종도
28155,운서동,,창보밀레시티2,연립,2747-5,59.975,202608,3,20000,1,2003,,중개거래,1102.3876615256358,60.0,yeongjong,영종도
28155,운서동,,삼안해피하우징,연립,2785-11,59.98,202608,1,18500,1,2003,,중개거래,1019.6235828609538,60.0,yeongjong,영종도
28155,운북동,,장촌빌라나동,다세대,526-6,33.59,202608,1,5800,2,2003,,중개거래,570.8113426615064,34.0,yeongjong,영종도
28155,운서동,,창보밀레시티2,연립,2747-5,59.975,202609,30,19000,2,2003,,중개거래,1047.268278449354,60.0,yeongjong,영종도
28155,운북동,,금산쉐르빌가동,연립,123-2,39.0,202609,18,7800,4,2010,,중개거래,661.157,39.0,yeongjong,영종도
28155,운서동,,삼안해피하우징,연립,2785-11,59.98,202609,21,19900,3,2003,,중개거래,1096.7842864288098,60.0,yeongjong,영종도
28155,운서동,,금광누리에뜰,연립,2744-5,84.555,202609,22,25000,1,2017,,중개거래,977.40671752114,85.0,yeongjong,영종도
28155,운북동,,공작빌라1동,다세대,60-5,34.55,202609,15,9000,2,2002,,중개거래,861.1306801736615,35.0,yeongjong,영종도
28155,운서동,,창보밀레시티2,연립,2747-5,59.975,202609,17,20000,2,2003,,중개거래,1102.3876615256358,60.0,yeongjong,영종도
28155,운북동,,(759-5),다세대,759-5,60.44,202609,11,9800,1,2009,,중개거래,536.014113170086,60.0,yeongjong,영종도
28155,운북동,,예드림4동,다세대,700-15,21.84,202610,6,2500,4,2007,,직거래,378.40945512820514,22.0,yeongjong,영종도
41135,야탑동,,탑마을동아,연립,512,59.85,202410,14,82000,3,1994,,중개거래,4529.229239766082,60.0,yatap,분당 야탑동
41135,야탑동,,대원빌라(1단지),연립,173,57.975,202410,1,57800,4,1994,,중개거래,3295.806347563605,58.0,yatap,분당 야탑동
41135,야탑동,,삼정그린빌라,연립,181,164.79,202411,29,130000,2,1996,,중개거래,2607.876994963287,165.0,yatap,분당 야탑동
41135,야탑동,,미원빌라1,연립,183,83.0,202411,25,51000,3,1994,,직거래,2031.2654819277109,83.0,yatap,분당 야탑동
41135,야탑동,,대원빌라(1단지),연립,173,57.975,202411,26,59500,1,1994,,중개거래,3392.741828374299,58.0,yatap,분당 야탑동
41135,야탑동,,매화마을건영빌라,연립,265,59.88,202411,25,69000,2,1995,,중개거래,3809.27129258517,60.0,yatap,분당 야탑동
41135,야탑동,,매화마을건영빌라,연립,265,59.88,202411,30,68000,4,1995,,중개거래,3754.064462257849,60.0,yatap,분당 야탑동
41135,야탑동,,매화마을화성빌리지,연립,270,84.85,202411,4,82500,4,1994,,중개거래,3214.2281968179145,85.0,yatap,분당 야탑동
41135,야탑동,,매화마을건영빌라,연립,265,60.0,202412,21,74000,2,1995,,중개거래,4077.1348333333335,60.0,yatap,분당 야탑동
41135,야탑동,,대원빌라(1단지),연립,173,57.975,202412,31,71500,3,1994,,중개거래,4076.9922811556708,58.0,yatap,분당 야탑동
41135,야탑동,,목련마을자영빌라,연립,177,57.975,202412,12,75500,2,1994,,중개거래,4305.075765416128,58.0,yatap,분당 야탑동
41135,야탑동,,매화마을동신빌라,연립,266,59.92,202412,26,72000,4,1995,,중개거래,3972.2383177570096,60.0,yatap,분당 야탑동
41135,야탑동,,매화마을동신빌라,연립,266,59.92,202412,17,75500,2,1995,,중개거래,4165.3332359813085,60.0,yatap,분당 야탑동
41135,야탑동,,매화마을건영빌라,연립,265,59.93,202412,2,67500,1,1995,,직거래,3723.3520357083266,60.0,yatap,분당 야탑동
41135,야탑동,,목련마을화성빌리지,연립,185,71.77,202412,12,80000,1,1994,,중개거래,3684.8655427058666,72.0,yatap,분당 야탑동
41135,야탑동,,매화마을대창빌라,연립,267,84.96,202412,17,92000,3,1995,,중개거래,3579.710687382298,85.0,yatap,분당 야탑동
41135,야탑동,,탑마을동아,연립,512,56.52,202412,13,73800,4,1994,,중개거래,4316.470859872612,57.0,yatap,분당 야탑동
41135,야탑동,,매화마을건영빌라,연립,265,59.88,202412,5,71000,1,1995,,중개거래,3919.6849532398132,60.0,yatap,분당 야탑동
41135,야탑동,,매화마을벽산,연립,218,51.16,202501,3,61000,3,1994,,중개거래,3941.612294761533,51.0,yatap,분당 야탑동
41135,야탑동,,매화마을건영빌라,연립,265,59.93,202501,18,77300,2,1995,,중개거래,4263.927590522276,60.0,yatap,분당 야탑동
41135,야탑동,,목련마을자영빌라,연립,177,57.975,202501,4,75600,4,1994,,중개거래,4310.7778525226395,58.0,yatap,분당 야탑동
41135,야탑동,,매화마을현대,연립,218,59.94,202502,25,74000,3,1994,,중개거래,4081.2160493827164,60.0,yatap,분당 야탑동
41135,야탑동,,매화마을대창빌라,연립,267,70.93,202502,5,85500,2,1995,,중개거래,3984.838819963344,71.0,yatap,분당 야탑동
41135,야탑동,,매화마을건영빌라,연립,265,59.93,202502,14,74500,4,1995,,중개거래,4109.477432004005,60.0,yatap,분당 야탑동
41135,야탑동,,매화마을청구빌라,연립,217,84.93,202502,1,94000,1,1995,,중개거래,3658.822442011068,85.0,yatap,분당 야탑동
41135,야탑동,,대원빌라(1단지),연립,173,57.975,202503,29,76500,4,1994,,중개거래,4362.096636481242,58.0,yatap,분당 야탑동
41135,야탑동,,대원빌라(1단지),연립,173,57.975,202503,22,75000,2,1994,,중개거래,4276.5653298835705,58.0,yatap,분당 야탑동
41135,야탑동,,목련마을화성빌리지,연립,185,71.77,202503,22,86500,1,1994,,중개거래,3984.260868050718,72.0,yatap,분당 야탑동
41135,야탑동,,대진빌라,연립,158,53.82,202503,20,31000,4,1994,,직거래,1904.1125046451136,54.0,yatap,분당 야탑동
41135,야탑동,,목련마을화성빌리지,연립,185,71.77,202503,21,83000,1,1994,,중개거래,3823.0480005573368,72.0,yatap,분당 야탑동
41135,야탑동,,목련마을자영빌라,연립,177,57.975,202503,13,70000,4,1994,,중개거래,3991.460974557999,58.0,yatap,분당 야탑동
41135,야탑동,,매화마을벽산,연립,218,51.16,202504,24,64500,3,1994,,중개거래,4167.770377247851,51.0,yatap,분당 야탑동
41135,야탑동,,삼정그린빌라,연립,181,164.79,202504,30,143300,4,1996,,중개거래,2874.6828721403003,165.0,yatap,분당 야탑동
41135,야탑동,,매화마을현대,연립,218,51.16,202504,19,64500,3,1994,,중개거래,4167.770377247851,51.0,yatap,분당 야탑동
41135,야탑동,,목련마을화성빌리지,연립,185,71.77,202504,24,88000,3,1994,,중개거래,4053.352096976453,72.0,yatap,분당 야탑동
41135,야탑동,,목련마을자영빌라,연립,177,57.975,202504,17,73000,2,1994,,중개거래,4162.523587753342,58.0,yatap,분당 야탑동
41135,야탑동,,에이스2빌라트,연립,480-7,101.9,202504,21,49000,1,2003,,직거래,1589.6316486751716,102.0,yatap,분당 야탑동
41135,야탑동,,매화마을건영빌라,연립,265,59.88,202504,2,78000,3,1995,,중개거래,4306.1327655310615,60.0,yatap,분당 야탑동
41135,야탑동,,매화마을벽산,연립,218,59.94,202504,5,75000,2,1994,,중개거래,4136.367617617618,60.0,yatap,분당 야탑동
41135,야탑동,,매화마을건영빌라,연립,265,59.88,202504,5,75200,1,1995,,중개거래,4151.553640614562,60.0,yatap,분당 야탑동
41135,야탑동,,매화마을벽산,연립,218,51.16,202505,31,63000,2,1994,,중개거래,4070.8454847537146,51.0,yatap,분당 야탑동
41135,야탑동,,매화마을화성빌리지,연립,270,71.77,202505,12,87000,3,1994,,중개거래,4007.2912776926296,72.0,yatap,분당 야탑동
41135,야탑동,,매화마을청구빌라,연립,217,84.99,202505,31,99000,3,1995,,중개거래,3850.7202612072015,85.0,yatap,분당 야탑동
41135,야탑동,,탑마을동아,연립,512,59.85,202505,16,77500,4,1994,,중개거래,4280.673976608187,60.0,yatap,분당 야탑동
41135,야탑동,,매화마을벽산,연립,218,59.94,202505,22,74000,2,1994,,중개거래,4081.2160493827164,60.0,yatap,분당 야탑동
41135,야탑동,,매화마을건영빌라2,연립,266,59.1,202505,22,78200,2,1995,,중개거래,4374.152064297801,59.0,yatap,분당 야탑동
41135,야탑동,,목련마을자영빌라,연립,177,57.975,202505,26,65000,3,1994,,중개거래,3706.356619232428,58.0,yatap,분당 야탑동
41135,야탑동,,탑마을동아,연립,512,59.85,202505,10,78000,3,1994,,중개거래,4308.291228070176,60.0,yatap,분당 야탑동
41135,야탑동,,매화마을건영빌라2,연립,266,59.88,202506,27,80000,4,1995,,중개거래,4416.546426185705,60.0,yatap,분당 야탑동
41135,야탑동,,탑마을동아,연립,512,56.52,202506,12,77000,4,1994,,중개거래,4503.634907997169,57.0,yatap,분당 야탑동
41135,야탑동,,매화마을건영빌라,연립,265,59.88,202506,4,71000,3,1995,,직거래,3919.6849532398132,60.0,yatap,분당 야탑동
41135,야탑동,,탑마을동아,연립,512,56.52,202506,26,76000,1,1994,,중개거래,4445.146142958245,57.0,yatap,분당 야탑동
41135,야탑동,,매화마을건영빌라,연립,265,59.88,202506,19,78000,2,1995,,중개거래,4306.1327655310615,60.0,yatap,분당 야탑동
41135,야탑동,,목련마을자영빌라,연립,177,57.975,202506,21,76500,3,1994,,중개거래,4362.096636481242,58.0,yatap,분당 야탑동
41135,야탑동,,매화마을건영빌라,연립,265,60.0,202506,20,79500,2,1995,,중개거래,4380.165125,60.0,yatap,분당 야탑동
41135,야탑동,,대진빌라,연립,158,53.82,202506,14,61500,1,1994,,중개거래,3777.513517279822,54.0,yatap,분당 야탑동
41135,야탑동,,매화마을건영빌라,연립,265,59.93,202506,10,75500,4,1995,,중개거래,4164.6382029033875,60.0,yatap,분당 야탑동
41135,야탑동,,매화마을동신빌라,연립,266,59.92,202506,9,78500,1,1995,,중개거래,4330.84316588785,60.0,yatap,분당 야탑동
41135,야탑동,,매화마을현대,연립,218,51.16,202506,7,64000,1,1994,,중개거래,4135.4620797498055,51.0,yatap,분당 야탑동
41135,야탑동,,매화마을현대,연립,218,51.16,202506,2,63000,2,1994,,중개거래,4070.8454847537146,51.0,yatap,분당 야탑동
41135,야탑동,,목련마을자영빌라,연립,177,57.975,202506,3,75750,3,1994,,중개거래,4319.330983182406,58.0,yatap,분당 야탑동
41135,야탑동,,매화마을대창빌라,연립,267,84.96,202507,22,104000,4,1995,,중개거래,4046.6294726930328,85.0,yatap,분당 야탑동
41135,야탑동,,성환빌라,연립,176,84.92,202507,22,107500,3,1995,,중개거래,4184.7843558643435,85.0,yatap,분당 야탑동
41135,야탑동,,대원빌라(1단지),연립,173,57.975,202507,1,76500,2,1994,,중개거래,4362.096636481242,58.0,yatap,분당 야탑동
41135,야탑동,,매화마을대창빌라,연립,267,70.93,202507,2,95000,3,1995,,중개거래,4427.59868884816,71.0,yatap,분당 야탑동
41135,야탑동,,대원빌라(1단지),연립,173,57.975,202508,16,79500,1,1994,,중개거래,4533.159249676584,58.0,yatap,분당 야탑동
41135,야탑동,,매화마을건영빌라2,연립,266,59.88,202508,18,77000,2,1995,,중개거래,4250.925935203741,60.0,yatap,분당 야탑동
41135,야탑동,,목련마을화성빌리지,연립,185,71.77,202508,29,89500,2,1994,,중개거래,4122.443325902188,72.0,yatap,분당 야탑동
41135,야탑동,,미원빌라1,연립,183,84.63,202508,8,95000,1,1994,,중개거래,3710.8540115798187,85.0,yatap,분당 야탑동
41135,야탑동,,미원빌라1,연립,183,83.0,202508,15,89000,3,1994,,직거래,3544.7574096385542,83.0,yatap,분당 야탑동
41135,야탑동,,대원빌라(1단지),연립,173,57.975,202508,16,78900,3,1994,,중개거래,4498.946727037516,58.0,yatap,분당 야탑동
41135,야탑동,,목련마을화성빌리지,연립,185,84.85,202508,14,109000,4,1994,,중개거래,4246.677253977608,85.0,yatap,분당 야탑동
41135,야탑동,,매화마을건영빌라2,연립,266,59.1,202508,9,79000,4,1995,,중개거래,4418.900423011844,59.0,yatap,분당 야탑동
41135,야탑동,,삼정그린빌라,연립,181,163.68,202509,27,149500,4,1996,,중개거래,3019.396734481916,164.0,yatap,분당 야탑동
41135,야탑동,,매화마을현대,연립,218,59.94,202509,3,82500,3,1994,,중개거래,4550.004379379379,60.0,yatap,분당 야탑동
41135,야탑동,,매화마을건영빌라,연립,265,59.95,202509,30,94000,2,1995,,중개거래,5183.3826522101745,60.0,yatap,분당 야탑동
41135,야탑동,,더하임,다세대,468,73.825,202509,26,67000,1,2016,,중개거래,3000.170606163224,74.0,yatap,분당 야탑동
41135,야탑동,,매화마을건영빌라2,연립,266,59.88,202509,27,80000,4,1995,,중개거래,4416.546426185705,60.0,yatap,분당 야탑동
41135,야탑동,,매화마을건영빌라,연립,265,59.95,202509,22,82000,2,1995,,중개거래,4521.67422852377,60.0,yatap,분당 야탑동
41135,야탑동,,두원빌라(182),연립,182,79.82,202509,22,99000,3,1994,,중개거래,4100.134239538963,80.0,yatap,분당 야탑동
41135,야탑동,,매화마을벽산,연립,218,51.16,202509,17,61000,2,1994,,중개거래,3941.612294761533,51.0,yatap,분당 야탑동
41135,야탑동,,두원빌라(182),연립,182,84.93,202509,5,110500,2,1994,,중개거래,4301.0625515130105,85.0,yatap,분당 야탑동
41135,야탑동,,대원빌라(1단지),연립,173,57.975,202509,6,81000,1,1994,,중개거래,4618.690556274256,58.0,yatap,분당 야탑동
41135,야탑동,,목련마을화성빌리지,연립,185,71.77,202509,10,89800,2,1994,,중개거래,4136.261571687335,72.0,yatap,분당 야탑동
41135,야탑동,,탑마을동아,연립,512,59.85,202509,6,85000,4,1994,,중개거래,4694.932748538012,60.0,yatap,분당 야탑동
41135,야탑동,,매화마을건영빌라,연립,265,59.88,202510,1,94500,1,1995,,중개거래,5217.045465931864,60.0,yatap,분당 야탑동
41135,야탑동,,대원빌라(1단지),연립,173,57.975,202510,2,90000,2,1994,,중개거래,5131.878395860284,58.0,yatap,분당 야탑동
41135,야탑동,,목련마을자영빌라,연립,177,57.975,202510,14,55000,2,1994,,직거래,3136.147908581285,58.0,yatap,분당 야탑동
41135,야탑동,,대원빌라(1단지),연립,173,57.975,202510,14,90500,3,1994,,중개거래,5160.388831392842,58.0,yatap,분당 야탑동
41135,야탑동,,성환빌라,연립,176,84.92,202510,13,115000,2,1995,,중개거래,4476.746055110692,85.0,yatap,분당 야탑동
41135,야탑동,,두원빌라(182),연립,182,79.82,202511,28,119000,4,1994,,중개거래,4928.444186920572,80.0,yatap,분당 야탑동
41135,야탑동,,미원빌라1,연립,183,84.84,202511,14,114000,3,1994,,중개거래,4442.002475247525,85.0,yatap,분당 야탑동
41135,야탑동,,목련마을화성빌리지,연립,185,71.77,202511,15,100000,2,1994,,중개거래,4606.081928382333,72.0,yatap,분당 야탑동
41135,야탑동,,목련마을자영빌라,연립,177,57.975,202511,3,90000,2,1994,,중개거래,5131.878395860284,58.0,yatap,분당 야탑동
41135,야탑동,,목련마을자영빌라,연립,177,57.975,202512,21,95000,4,1994,,중개거래,5416.982751185857,58.0,yatap,분당 야탑동
41135,야탑동,,대원빌라(1단지),연립,173,57.975,202512,11,90000,2,1994,,중개거래,5131.878395860284,58.0,yatap,분당 야탑동
41135,야탑동,,대진빌라,연립,158,59.86,202512,19,95000,3,1994,,중개거래,5246.401186100903,60.0,yatap,분당 야탑동
41135,야탑동,,매화마을동신빌라,연립,266,59.985,202512,9,94000,3,1995,,중개거래,5180.358256230725,60.0,yatap,분당 야탑동
41135,야탑동,,목련마을화성빌리지,연립,185,84.85,202512,15,120000,2,1994,,중개거래,4675.24101355333,85.0,yatap,분당 야탑동
41135,야탑동,,목련마을자영빌라,연립,177,57.975,202512,1,60000,4,1994,,직거래,3421.252263906856,58.0,yatap,분당 야탑동
41135,야탑동,,대원빌라(1단지),연립,173,57.975,202512,2,95000,1,1994,,중개거래,5416.982751185857,58.0,yatap,분당 야탑동
41135,야탑동,,탑마을동아,연립,512,56.52,202601,31,102000,4,1994,,중개거래,5965.854033970276,57.0,yatap,분당 야탑동
41135,야탑동,,매화마을화성빌리지,연립,270,84.85,202601,23,130000,3,1994,,중개거래,5064.844431349441,85.0,yatap,분당 야탑동
41135,야탑동,,목련마을자영빌라,연립,177,57.975,202601,18,99000,3,1994,,중개거래,5645.066235446314,58.0,yatap,분당 야탑동
41135,야탑동,,목련마을화성빌리지,연립,185,71.77,202601,19,114500,3,1994,,중개거래,5273.963807997771,72.0,yatap,분당 야탑동
41135,야탑동,,목련마을자영빌라,연립,177,57.975,202601,26,100000,4,1994,,중개거래,5702.087106511427,58.0,yatap,분당 야탑동
41135,야탑동,,목련마을화성빌리지,연립,185,71.77,202601,20,114700,1,1994,,중개거래,5283.175971854536,72.0,yatap,분당 야탑동
41135,야탑동,,대원빌라(1단지),연립,173,57.975,202601,21,104000,2,1994,,중개거래,5930.170590771884,58.0,yatap,분당 야탑동
41135,야탑동,,목련마을자영빌라,연립,177,57.975,202601,22,94000,1,1994,,중개거래,5359.961880120742,58.0,yatap,분당 야탑동
41135,야탑동,,매화마을화성빌리지,연립,270,84.85,202601,17,126000,3,1994,,중개거래,4909.003064230997,85.0,yatap,분당 야탑동
41135,야탑동,,매화마을동신빌라,연립,266,59.985,202601,18,109000,3,1995,,중개거래,6007.011169459031,60.0,yatap,분당 야탑동
41135,야탑동,,목련마을화성빌리지,연립,185,84.85,202601,14,122000,1,1994,,중개거래,4753.161697112552,85.0,yatap,분당 야탑동
41135,야탑동,,매화마을건영빌라2,연립,266,59.88,202601,13,105000,4,1995,,중개거래,5796.717184368737,60.0,yatap,분당 야탑동
41135,야탑동,,매화마을건영빌라,연립,265,59.93,202601,10,101000,2,1995,,중개거래,5571.237860837645,60.0,yatap,분당 야탑동
41135,야탑동,,매화마을건영빌라,연립,265,59.95,202601,6,98500,1,1995,,중개거래,5431.5233110925765,60.0,yatap,분당 야탑동
41135,야탑동,,매화마을건영빌라2,연립,266,59.88,202601,5,101500,1,1995,,중개거래,5603.493278223113,60.0,yatap,분당 야탑동
41135,야탑동,,목련마을화성빌리지,연립,185,71.77,202602,7,114000,2,1994,,중개거래,5250.933398355859,72.0,yatap,분당 야탑동
41135,야탑동,,중일에이스,연립,408,84.7644,202602,24,65500,1,2001,,중개거래,2554.479445380372,85.0,yatap,분당 야탑동
41135,야탑동,,목련마을화성빌리지,연립,185,71.77,202602,13,110000,4,1994,,중개거래,5066.690121220567,72.0,yatap,분당 야탑동
41135,야탑동,,두원빌라(182),연립,182,79.82,202602,12,126500,1,1994,,중개거래,5239.060417188675,80.0,yatap,분당 야탑동
41135,야탑동,,매화마을화성빌리지,연립,270,84.85,202603,21,121000,2,1994,,중개거래,4714.201355332942,85.0,yatap,분당 야탑동
41135,야탑동,,목련마을자영빌라,연립,177,57.975,202603,27,100000,4,1994,,중개거래,5702.087106511427,58.0,yatap,분당 야탑동
41135,야탑동,,매화마을현대,연립,218,51.16,202603,4,87500,3,1994,,중개거래,5653.952062157937,51.0,yatap,분당 야탑동
41135,야탑동,,매화마을동신빌라,연립,266,59.92,202603,2,100000,1,1995,,중개거래,5516.997663551402,60.0,yatap,분당 야탑동
41135,야탑동,,목련마을자영빌라,연립,177,57.975,202603,13,97000,2,1994,,중개거래,5531.024493316085,58.0,yatap,분당 야탑동
41135,야탑동,,목련마을자영빌라,연립,177,57.975,202603,11,95000,3,1994,,중개거래,5416.982751185857,58.0,yatap,분당 야탑동
41135,야탑동,,대진빌라,연립,158,53.82,202603,9,87000,3,1994,,중개거래,5343.7996098104795,54.0,yatap,분당 야탑동
41135,야탑동,,목련마을자영빌라,연립,177,57.975,202603,12,95000,1,1994,,중개거래,5416.982751185857,58.0,yatap,분당 야탑동
41135,야탑동,,목련마을화성빌리지,연립,185,71.77,202603,6,55400,1,1994,,직거래,2551.7693883238126,72.0,yatap,분당 야탑동
41135,야탑동,,매화마을동신빌라,연립,266,59.92,202604,29,100000,4,1995,,중개거래,5516.997663551402,60.0,yatap,분당 야탑동
41135,야탑동,,매화마을대창빌라,연립,267,84.96,202604,17,99000,1,1995,,직거래,3852.07997881356,85.0,yatap,분당 야탑동
41135,야탑동,,목련마을화성빌리지,연립,185,71.77,202604,27,104000,2,1994,,중개거래,4790.325205517626,72.0,yatap,분당 야탑동
41135,야탑동,,탑마을동아,연립,512,56.52,202604,2,105000,2,1994,,중개거래,6141.320329087049,57.0,yatap,분당 야탑동
41135,야탑동,,목련마을자영빌라,연립,177,57.975,202604,22,98500,1,1994,,중개거래,5616.555799913756,58.0,yatap,분당 야탑동
41135,야탑동,,매화마을벽산,연립,218,59.94,202604,15,94000,3,1994,,중개거래,5184.247414080748,60.0,yatap,분당 야탑동
41135,야탑동,,매화마을청구빌라,연립,217,84.99,202604,10,125500,1,1995,,중개거래,4881.468613954584,85.0,yatap,분당 야탑동
41135,야탑동,,목련마을화성빌리지,연립,185,71.77,202604,6,107000,2,1994,,중개거래,4928.507663369096,72.0,yatap,분당 야탑동
41135,야탑동,,탑마을동아,연립,512,59.85,202604,6,80000,4,1994,,중개거래,4418.7602339181285,60.0,yatap,분당 야탑동
41135,야탑동,,매화마을대창빌라,연립,267,84.96,202605,19,127000,3,1995,,중개거래,4941.557144538608,85.0,yatap,분당 야탑동
41135,야탑동,,대원빌라(1단지),연립,173,57.975,202605,15,90000,4,1994,,중개거래,5131.878395860284,58.0,yatap,분당 야탑동
41135,야탑동,,매화마을현대,연립,218,51.16,202605,9,82000,4,1994,,중개거래,5298.560789679438,51.0,yatap,분당 야탑동
41135,야탑동,,매화마을벽산,연립,218,59.94,202605,9,104500,3,1994,,중개거래,5763.338880547214,60.0,yatap,분당 야탑동
41135,야탑동,,목련마을자영빌라,연립,177,57.975,202606,16,100000,3,1994,,중개거래,5702.087106511427,58.0,yatap,분당 야탑동
41135,야탑동,,미원빌라1,연립,183,82.59,202606,10,124000,1,1994,,중개거래,4963.2805424385515,83.0,yatap,분당 야탑동
41135,야탑동,,대원빌라(1단지),연립,173,57.975,202606,10,57000,4,1994,,직거래,3250.189650711514,58.0,yatap,분당 야탑동
41135,야탑동,,탑마을동아,연립,512,56.52,202606,4,111000,3,1994,,중개거래,6492.252919320594,57.0,yatap,분당 야탑동
41135,야탑동,,목련마을자영빌라,연립,177,57.975,202607,7,110000,1,1994,,중개거래,6272.29581716257,58.0,yatap,분당 야탑동
41135,야탑동,,매화마을대창빌라,연립,267,70.93,202607,4,120000,3,1995,,중개거래,5592.756238545045,71.0,yatap,분당 야탑동
41135,야탑동,,더하임,다세대,468,74.035,202608,21,69000,3,2016,,중개거래,3080.963935976228,74.0,yatap,분당 야탑동
41135,야탑동,,매화마을화성빌리지,연립,270,71.77,202608,26,122700,2,1994,,중개거래,5651.662526125123,72.0,yatap,분당 야탑동
41135,야탑동,,매화마을청구빌라,연립,217,84.93,202608,30,105000,4,1995,,직거래,4086.982515012363,85.0,yatap,분당 야탑동
41135,야탑동,,더하임,다세대,468,74.035,202608,12,69000,1,2016,,중개거래,3080.963935976228,74.0,yatap,분당 야탑동
41135,야탑동,,탑마을동아,연립,512,56.52,202608,20,125000,3,1994,,중개거래,7311.095629865535,57.0,yatap,분당 야탑동
41135,야탑동,,매화마을건영빌라,연립,265,59.88,202608,24,112000,3,1995,,중개거래,6183.164996659987,60.0,yatap,분당 야탑동
41135,야탑동,,매화마을동신빌라,연립,266,59.92,202609,14,118000,2,1995,,중개거래,6510.057242990654,60.0,yatap,분당 야탑동
41135,야탑동,,매화마을동신빌라,연립,266,59.92,202609,28,114000,1,1995,,중개거래,6289.377336448598,60.0,yatap,분당 야탑동
41135,야탑동,,매화마을건영빌라,연립,265,59.88,202609,4,114000,3,1995,,중개거래,6293.57865731463,60.0,yatap,분당 야탑동
41135,야탑동,,매화마을동신빌라,연립,266,59.92,202609,2,112000,2,1995,,중개거래,6179.0373831775705,60.0,yatap,분당 야탑동
41135,운중동,,파크하임테라스,다세대,336-1,51.9333,202410,24,68000,1,2024,,직거래,4328.501751284821,52.0,pangyo,판교
41135,운중동,,판교동양파크타운,연립,327,84.43,202410,19,94800,2,2012,,중개거래,3711.8135496861305,84.0,pangyo,판교
41135,운중동,,운중샤갈의마을(104동),다세대,363,62.2384,202410,12,87000,1,2019,,중개거래,4620.994353967969,62.0,pangyo,판교
41135,백현동,,판교테라스힐1,다세대,370-2,56.43,202410,9,48500,3,2020,,중개거래,2841.229354953039,56.0,pangyo,판교
41135,판교동,,판교원마을13단지(휴먼시아연립),연립,492,125.32,202411,28,220000,4,2009,,중개거래,5803.325087775295,125.0,pangyo,판교
41135,백현동,,동양라샹스(LaChance),연립,373-1,153.47,202412,11,190000,4,2008,,중개거래,4092.6510067114095,153.0,pangyo,판교
41135,운중동,,위즈타운,다세대,381-1,72.89,202412,2,41000,3,2010,,직거래,1859.475716833585,73.0,pangyo,판교
41135,운중동,,판교파크하임에비뉴,다세대,357-1,79.26,202501,9,64000,-1,2018,,중개거래,2669.3192026242746,79.0,pangyo,판교
41135,운중동,,파크하임테라스,다세대,336-1,50.3601,202502,16,63000,1,2024,,직거래,4135.505191610025,50.0,pangyo,판교
41135,운중동,,산운마을2단지(월든힐스),연립,874,168.33,202502,25,215000,1,2010,,중개거래,4222.323857898176,168.0,pangyo,판교
41135,운중동,,판교파크하임2차,다세대,381-2,62.13,202502,13,54000,2,2014,,중개거래,2873.207629164655,62.0,pangyo,판교
41135,운중동,,"판교파크하임에비뉴2차(601,602동)",다세대,308-13,76.1,202503,27,68500,-1,2020,,중개거래,2975.6409001314064,76.0,pangyo,판교
41135,운중동,,산운마을1단지(월든힐스),연립,875,165.03,202503,12,266000,1,2010,,중개거래,5328.35732897049,165.0,pangyo,판교
41135,운중동,,산운마을7단지(휴먼시아연립),연립,987,131.21,202503,28,272000,2,2010,,중개거래,6852.934380001524,131.0,pangyo,판교
41135,운중동,,산운마을7단지(휴먼시아연립),연립,987,131.23,202503,6,266000,4,2010,,중개거래,6700.745332622115,131.0,pangyo,판교
41135,운중동,,산운마을1단지(월든힐스),연립,875,180.28,202504,10,360000,1,2010,,중개거래,6601.301309074774,180.0,pangyo,판교
41135,운중동,,산운마을1단지(월든힐스),연립,875,109.64,202504,15,189000,4,2010,,중개거래,5698.589611455674,110.0,pangyo,판교
41135,운중동,,판교파크하임에비뉴,다세대,357-1,52.2,202504,23,58000,3,2018,,중개거래,3673.0944444444444,52.0,pangyo,판교
41135,운중동,,판교파크하임(401동),다세대,355-2,56.85,202504,6,54000,3,2017,,중개거래,3140.05963060686,57.0,pangyo,판교
41135,운중동,,판교운중아펠바움2차,연립,372-2,239.71,202504,30,285000,2,2011,,직거래,3930.368883233908,240.0,pangyo,판교
41135,운중동,,산운마을7단지(휴먼시아연립),연립,987,208.04,202504,2,350000,2,2010,,중개거래,5561.549461641993,208.0,pangyo,판교
41135,판교동,,판교원마을10단지(힐스테이트연립),연립,552,150.42,202504,8,200000,2,2009,,중개거래,4395.406195984577,150.0,pangyo,판교
41135,운중동,,판교파크하임에비뉴2차(603동),다세대,308-11,58.28,202505,31,72700,4,2020,,중개거래,4123.722880919698,58.0,pangyo,판교
41135,판교동,,판교원마을10단지(힐스테이트연립),연립,552,125.42,202505,16,195000,3,2009,,중개거래,5139.7550231223095,125.0,pangyo,판교
41135,운중동,,산운마을3단지(월든힐스),연립,873,143.09,202505,19,170000,2,2010,,중개거래,3927.4823537633656,143.0,pangyo,판교
41135,운중동,,파크하임테라스,다세대,336-1,56.1163,202505,3,85000,4,2024,,직거래,5007.310264575533,56.0,pangyo,판교
41135,운중동,,산운마을7단지(휴먼시아연립),연립,987,208.04,202506,26,430000,3,2010,,중개거래,6832.760767160162,208.0,pangyo,판교
41135,운중동,,산운마을2단지(월든힐스),연립,874,168.33,202506,23,229000,1,2010,,중개거래,4497.265876552011,168.0,pangyo,판교
41135,운중동,,산운마을2단지(월든힐스),연립,874,147.85,202506,20,188000,1,2010,,중개거래,4203.500710179236,148.0,pangyo,판교
41135,판교동,,판교원마을10단지(힐스테이트연립),연립,552,125.76,202506,12,141000,4,2009,,직거래,3706.390625,126.0,pangyo,판교
41135,판교동,,판교원마을10단지(힐스테이트연립),연립,552,150.42,202506,25,228000,4,2009,,직거래,5010.763063422418,150.0,pangyo,판교
41135,운중동,,누볼라·원,다세대,345-2,40.83,202506,17,40000,3,2016,,중개거래,3238.584374234632,41.0,pangyo,판교
41135,운중동,,판교파크하임(302동),다세대,340-1,57.84,202506,9,56000,2,2014,,중개거래,3200.621715076072,58.0,pangyo,판교
41135,운중동,,더휴테라스(A)(B),다세대,349-4,58.7,202506,6,53000,3,2015,,중개거래,2984.7803236797276,59.0,pangyo,판교
41135,운중동,,산운마을7단지(휴먼시아연립),연립,987,208.04,202507,4,389000,5,2010,,중개거래,6181.2649730821,208.0,pangyo,판교
41135,운중동,,"운중샤갈의마을(101,102,103동)",다세대,362,68.0395,202507,28,76700,1,2019,,중개거래,3726.5663254433084,68.0,pangyo,판교
41135,운중동,,운중동푸르지오하임,연립,307,84.94,202507,1,113000,3,2012,,직거래,4397.853838003297,85.0,pangyo,판교
41135,판교동,,판교원마을10단지(힐스테이트연립),연립,552,150.42,202507,16,240000,3,2009,,중개거래,5274.487435181492,150.0,pangyo,판교
41135,운중동,,산운마을1단지(월든힐스),연립,875,109.64,202508,27,190500,4,2010,,중개거래,5743.816513133893,110.0,pangyo,판교
41135,판교동,,판교원마을10단지(힐스테이트연립),연립,552,150.42,202508,21,229000,4,2009,,중개거래,5032.740094402341,150.0,pangyo,판교
41135,운중동,,"운중샤갈의마을(101,102,103동)",다세대,362,70.8908,202508,22,60000,3,2019,,직거래,2797.9244133230263,71.0,pangyo,판교
41135,운중동,,운중동푸르지오하임,연립,307,84.72,202508,28,124300,3,2012,,중개거래,4850.20155217186,85.0,pangyo,판교
41135,운중동,,파크하임테라스,다세대,336-1,51.2325,202508,14,58000,3,2024,,직거래,3742.458985995218,51.0,pangyo,판교
41135,운중동,,더휴테라스(A)(B),다세대,349-4,57.98,202508,12,38000,1,2015,,직거래,2166.606243532253,58.0,pangyo,판교
41135,운중동,,운중동푸르지오하임,연립,307,84.72,202508,11,76500,3,2012,,직거래,2985.0395715297454,85.0,pangyo,판교
41135,판교동,,판교원마을10단지(힐스테이트연립),연립,552,125.42,202509,30,197000,4,2009,,중개거래,5192.470459256897,125.0,pangyo,판교
41135,운중동,,파크하임테라스,다세대,336-1,51.9333,202509,21,60000,3,2024,,직거래,3819.2662511336657,52.0,pangyo,판교
41135,판교동,,판교원마을10단지(힐스테이트연립),연립,552,150.42,202509,16,235000,3,2009,,중개거래,5164.602280281878,150.0,pangyo,판교
41135,백현동,,동양라샹스(LaChance),연립,373-1,153.47,202510,19,149000,3,2008,,중개거래,3209.5,153.0,pangyo,판교
41135,운중동,,"운중샤갈의마을(101,102,103동)",다세대,362,70.8908,202510,14,90000,3,2019,,직거래,4196.88661998454,71.0,pangyo,판교
41135,운중동,,판교파크하임에비뉴,다세대,357-1,82.44,202511,25,69000,-1,2018,,중개거래,2766.8506186317327,82.0,pangyo,판교
41135,운중동,,파크하임테라스,다세대,336-1,51.2325,202511,18,57000,2,2024,,직거래,3677.9338310642656,51.0,pangyo,판교
41135,운중동,,판교동양파크타운,연립,327,77.86,202512,24,86000,4,2012,,중개거래,3651.3936552787054,78.0,pangyo,판교
41135,운중동,,금강펜테리움레전드,연립,926,139.0485,202512,22,250000,3,2011,,중개거래,5943.582634836047,139.0,pangyo,판교
41135,운중동,,운중샤갈의마을(104동),다세대,363,60.1797,202512,8,62500,2,2019,,중개거래,3433.2434774516996,60.0,pangyo,판교
41135,운중동,,판교파크하임에비뉴,다세대,357-1,54.65,202512,12,59000,2,2018,,중개거래,3568.917017383349,55.0,pangyo,판교
41135,운중동,,운중동푸르지오하임,연립,307,84.72,202512,24,131000,3,2012,,중개거래,5111.6363904627015,85.0,pangyo,판교
41135,운중동,,산운마을2단지(월든힐스),연립,874,218.68,202512,15,205000,1,2010,,중개거래,3098.9844750320103,219.0,pangyo,판교
41135,운중동,,파크하임테라스,다세대,336-1,51.9333,202512,2,59000,2,2024,,직거래,3755.611813614771,52.0,pangyo,판교
41135,운중동,,"운중샤갈의마을(101,102,103동)",다세대,362,70.8908,202601,28,61790,4,2019,,직거래,2881.3958249871635,71.0,pangyo,판교
41135,운중동,,산운마을7단지(휴먼시아연립),연립,987,151.3,202601,27,334000,2,2010,,중개거래,7297.635095836087,151.0,pangyo,판교
41135,판교동,,판교원마을13단지(휴먼시아연립),연립,492,150.54,202601,11,189000,3,2009,,중개거래,4150.347847748108,151.0,pangyo,판교
41135,판교동,,판교원마을10단지(힐스테이트연립),연립,552,150.42,202601,17,218000,2,2009,,중개거래,4790.992753623189,150.0,pangyo,판교
41135,운중동,,판교파크하임(402동),다세대,352,61.38,202602,27,48000,2,2018,,직거래,2585.1691104594333,61.0,pangyo,판교
41135,운중동,,산운마을1단지(월든힐스),연립,875,155.9,202602,23,240000,2,2010,,중개거래,5089.085311096857,156.0,pangyo,판교
41135,판교동,,판교원마을10단지(힐스테이트연립),연립,552,125.42,202602,15,210000,4,2009,,중개거래,5535.120794131718,125.0,pangyo,판교
41135,백현동,,동양라샹스(LaChance),연립,373-1,194.73,202602,28,125000,-1,2008,,중개거래,2122.0311456889026,195.0,pangyo,판교
41135,운중동,,운중동푸르지오하임,연립,307,84.71,202602,1,120800,4,2012,,중개거래,4714.187557549287,85.0,pangyo,판교
41135,운중동,,산운마을2단지(월든힐스),연립,874,158.32,202603,30,189000,1,2010,,중개거래,3946.3956859525015,158.0,pangyo,판교
41135,백현동,,동양라샹스(LaChance),연립,373-1,149.18,202603,22,144000,4,2008,,중개거래,3190.997720874112,149.0,pangyo,판교
41135,운중동,,산운마을3단지(월든힐스),연립,873,143.09,202603,21,240000,3,2010,,중개거래,5544.68097001887,143.0,pangyo,판교
41135,운중동,,판교운중아펠바움2차,연립,372-2,239.71,202603,23,415000,1,2011,,중개거래,5723.168724709024,240.0,pangyo,판교
41135,운중동,,산운마을7단지(휴먼시아연립),연립,987,151.3,202603,5,290000,1,2010,,직거래,6336.269993390614,151.0,pangyo,판교
41135,운중동,,산운마을7단지(휴먼시아연립),연립,987,131.23,202603,3,258000,4,2010,,중개거래,6499.219157204909,131.0,pangyo,판교
41135,운중동,,산운마을2단지(월든힐스),연립,874,231.27,202603,13,187100,1,2010,,중개거래,2674.416800709128,231.0,pangyo,판교
41135,판교동,,판교원마을10단지(힐스테이트연립),연립,552,150.42,202603,2,243000,3,2009,,중개거래,5340.418528121261,150.0,pangyo,판교
41135,판교동,,판교원마을4단지(푸르지오연립),연립,631,153.81,202603,3,200000,2,2009,,직거래,4298.530654703855,154.0,pangyo,판교
41135,백현동,,백현힐캐슬,다세대,403-4,59.87,202604,30,40500,3,2013,,중개거래,2236.250083514281,60.0,pangyo,판교
41135,운중동,,르씨트빌모트(LeSiteWilmotte),연립,379-4,176.06,202604,12,180000,4,2005,,중개거래,3379.764284902874,176.0,pangyo,판교
41135,운중동,,운중동푸르지오하임,연립,307,84.94,202604,26,160000,1,2012,,중개거래,6227.049682128562,85.0,pangyo,판교
41135,운중동,,산운마을7단지(휴먼시아연립),연립,987,208.04,202604,30,400000,3,2010,,중개거래,6356.056527590848,208.0,pangyo,판교
41135,운중동,,산운마을1단지(월든힐스),연립,875,110.81,202604,11,186000,4,2010,,중개거래,5548.92166771952,111.0,pangyo,판교
41135,운중동,,판교파크하임에비뉴,다세대,357-1,52.2,202604,11,64000,4,2018,,중개거래,4053.069731800766,52.0,pangyo,판교
41135,운중동,,파크하임테라스,다세대,336-1,53.4532,202604,3,87400,4,2024,,직거래,5405.206966093704,53.0,pangyo,판교
41135,운중동,,운중동푸르지오하임,연립,307,84.72,202604,8,124000,1,2012,,중개거래,4838.49551463645,85.0,pangyo,판교
41135,판교동,,판교원마을13단지(휴먼시아연립),연립,492,145.72,202605,22,217000,3,2009,,중개거래,4922.833825144113,146.0,pangyo,판교
41135,판교동,,판교원마을13단지(휴먼시아연립),연립,492,128.38,202605,11,190000,4,2009,,중개거래,4892.5,128.0,pangyo,판교
41135,판교동,,판교원마을13단지(휴먼시아연립),연립,492,125.32,202605,8,178000,2,2009,,중개거래,4695.4175710181935,125.0,pangyo,판교
41135,운중동,,산운마을2단지(월든힐스),연립,874,155.03,202605,8,202000,1,2010,,중개거래,4307.350641811263,155.0,pangyo,판교
41135,운중동,,산운마을3단지(월든힐스),연립,873,143.09,202605,3,246000,3,2010,,중개거래,5683.297994269341,143.0,pangyo,판교
41135,운중동,,산운마을7단지(휴먼시아연립),연립,987,131.21,202605,8,320000,2,2010,,중개거래,8062.275741178264,131.0,pangyo,판교
41135,운중동,,산운마을3단지(월든힐스),연립,873,204.33,202605,13,330000,1,2010,,중개거래,5338.956834532374,204.0,pangyo,판교
41135,운중동,,운중동푸르지오하임,연립,307,84.77,202605,7,156000,2,2012,,직거래,6083.549132947977,85.0,pangyo,판교
41135,운중동,,산운마을3단지(월든힐스),연립,873,204.33,202605,2,269000,1,2010,,중개거래,4352.058752997602,204.0,pangyo,판교
41135,운중동,,산운마을7단지(휴먼시아연립),연립,987,131.21,202606,28,295000,2,2010,,중개거래,7432.410448898711,131.0,pangyo,판교
41135,판교동,,판교원마을10단지(힐스테이트연립),연립,552,150.42,202606,12,235000,4,2009,,중개거래,5164.602280281878,150.0,pangyo,판교
41135,운중동,,"판교파크하임에비뉴2차(601,602동)",다세대,308-13,60.61,202606,12,70500,4,2020,,중개거래,3845.2044629599077,61.0,pangyo,판교
41135,운중동,,판교파크하임에비뉴,다세대,357-1,54.65,202606,17,60000,2,2018,,중개거래,3629.4071363220496,55.0,pangyo,판교
41135,운중동,,판교파크하임에비뉴2차(603동),다세대,308-11,66.2,202606,20,63000,-1,2020,,중개거래,3145.988746223565,66.0,pangyo,판교
41135,운중동,,산운마을1단지(월든힐스),연립,875,110.81,202607,25,205000,4,2010,,중개거래,6115.746999368288,111.0,pangyo,판교
41135,운중동,,판교파크하임403동,다세대,360,50.59,202607,24,60700,3,2019,,중개거래,3966.419242933386,51.0,pangyo,판교
41135,운중동,,산운마을7단지(휴먼시아연립),연립,987,131.21,202607,3,280000,2,2010,,중개거래,7054.491273530982,131.0,pangyo,판교
41135,판교동,,판교원마을10단지(힐스테이트연립),연립,552,150.42,202608,29,240000,3,2009,,중개거래,5274.487435181492,150.0,pangyo,판교
41135,판교동,,판교원마을13단지(휴먼시아연립),연립,492,152.79,202608,15,320000,2,2009,,중개거래,6923.563060409713,153.0,pangyo,판교
41135,운중동,,산운마을3단지(월든힐스),연립,873,204.33,202608,23,280000,1,2010,,중개거래,4530.023980815347,204.0,pangyo,판교
41135,운중동,,판교동양파크타운,연립,327,125.76,202608,19,93000,-1,2012,,중개거래,2444.640625,126.0,pangyo,판교
41135,운중동,,운중동푸르지오하임,연립,307,84.94,202608,17,156500,3,2012,,중개거래,6090.832970332,85.0,pangyo,판교
41135,운중동,,운중동푸르지오하임,연립,307,84.71,202608,17,127000,3,2012,,중개거래,4956.140892456618,85.0,pangyo,판교
41135,운중동,,산운마을2단지(월든힐스),연립,874,197.73,202609,1,230000,1,2010,,중개거래,3845.296869468468,198.0,pangyo,판교
41135,판교동,,판교원마을10단지(힐스테이트연립),연립,552,150.42,202609,15,245000,4,2009,,중개거래,5384.372590081107,150.0,pangyo,판교
41135,운중동,,산운마을7단지(휴먼시아연립),연립,987,131.21,202609,10,280000,2,2010,,중개거래,7054.491273530982,131.0,pangyo,판교
41135,판교동,,판교원마을10단지(힐스테이트연립),연립,552,125.42,202609,7,214000,3,2009,,중개거래,5640.551666400893,125.0,pangyo,판교
41135,운중동,,운중동푸르지오하임,연립,307,84.99,202609,3,123500,1,2012,,중개거래,4803.676285445346,85.0,pangyo,판교
11680,개포동,,삼우파크,다세대,1176-1,36.75,202410,31,36000,2,1993,,중개거래,3238.32,37.0,gangnam,강남구
11680,청담동,,청담동상지리츠빌Ⅲ,연립,121-8,166.09,202410,31,377000,3,1999,,중개거래,7503.6482930941065,166.0,gangnam,강남구
11680,논현동,,HiVill,다세대,263-15,61.23,202410,21,59500,1,2004,,중개거래,3212.3829413686103,61.0,gangnam,강남구
11680,개포동,,로얄팰리체2차B동,다세대,1226-9,38.52,202410,25,54000,3,2019,,중개거래,4634.278037383177,39.0,gangnam,강남구
11680,개포동,,예가풍경채,다세대,1236-11,27.01,202410,18,53500,6,2018,,직거래,6547.926601258793,27.0,gangnam,강남구
11680,개포동,,더파인하우스,다세대,1172-3,28.56,202410,29,44000,4,2017,,중개거래,5092.946078431373,29.0,gangnam,강남구
11680,역삼동,,더원스타빌,다세대,698-26,25.79,202410,23,35000,5,2017,,직거래,4486.330942225669,26.0,gangnam,강남구
11680,세곡동,,강남효성해링턴코트,연립,541,92.9619,202410,24,190000,3,2016,,중개거래,6756.522295693183,93.0,gangnam,강남구
11680,청담동,,라크로네빌라,연립,11-8,96.24,202410,21,95000,1,2004,,중개거래,3263.191760182877,96.0,gangnam,강남구
11680,개포동,,뉴아트빌라(1182-4),다세대,1182-4,39.15,202410,21,29000,-1,1994,,중개거래,2448.72962962963,39.0,gangnam,강남구
11680,개포동,,용성빌,다세대,1181-2,40.2,202410,19,32500,-1,1992,,중개거래,2672.5873756218907,40.0,gangnam,강남구
11680,청담동,,진흥빌라(64-2),연립,64-2,194.13,202410,22,720000,3,1984,,직거래,12260.676866017619,194.0,gangnam,강남구
11680,개포동,,수정빌라,연립,1243-7,82.24,202410,10,122000,1,1991,,중개거래,4904.009849221791,82.0,gangnam,강남구
11680,개포동,,주택9세대,다세대,1218-6,67.67,202410,26,93000,3,1988,,중개거래,4543.194990394562,68.0,gangnam,강남구
11680,일원동,,휴먼하우스,다세대,631-10,21.13,202410,21,85000,4,2021,,중개거래,13298.235920492192,21.0,gangnam,강남구
11680,논현동,,모던클래식하우스,다세대,229-17,28.32,202410,18,42500,5,2019,,중개거래,4961.012093926554,28.0,gangnam,강남구
11680,개포동,,삼성파크빌B동(1209-3),다세대,1209-3,27.16,202410,24,20000,5,2003,,중개거래,2434.3041237113403,27.0,gangnam,강남구
11680,논현동,,논현빌라(42-1),연립,42-1,209.25,202410,2,180000,2,1991,,중개거래,2843.6860215053766,209.0,gangnam,강남구
11680,논현동,,꿈꾸지오(177-11),다세대,177-11,28.57,202410,11,32800,3,2018,,중개거래,3795.2309415470777,29.0,gangnam,강남구
11680,대치동,,(934-4),다세대,934-4,29.63,202410,5,58000,3,2016,,중개거래,6470.993250084375,30.0,gangnam,강남구
11680,논현동,,아이파크,다세대,188-3,14.97,202410,20,18500,4,2013,,중개거래,4085.305444221777,15.0,gangnam,강남구
11680,개포동,,1218-12,다세대,1218-12,27.04,202410,4,48500,3,2019,,중개거래,5929.385077662722,27.0,gangnam,강남구
11680,일원동,,(635-14),다세대,635-14,31.37,202410,5,93000,3,2023,,중개거래,9800.382690468601,31.0,gangnam,강남구
11680,역삼동,,(685-12),다세대,685-12,28.96,202410,16,40500,5,2017,,중개거래,4623.076398480664,29.0,gangnam,강남구
11680,역삼동,,역삼힐스102동,다세대,639,36.2,202410,7,66000,3,2019,,중개거래,6027.121823204419,36.0,gangnam,강남구
11680,논현동,,(159-9),다세대,159-9,57.88,202410,4,35000,3,2002,,직거래,1999.0061333794056,58.0,gangnam,강남구
11680,역삼동,,더힐,다세대,798-1,26.98,202410,10,46700,4,2021,,직거래,5722.022220163084,27.0,gangnam,강남구
11680,논현동,,태흥논현빌라,연립,44-3,222.15,202410,8,209000,3,1996,,중개거래,3110.1015755120416,222.0,gangnam,강남구
11680,역삼동,,모닝포유,다세대,723-24,28.5,202410,7,32531,1,2002,,중개거래,3773.3505907017548,28.0,gangnam,강남구
11680,역삼동,,모닝포유,다세대,723-24,56.7,202410,7,62526,1,2002,,중개거래,3645.4587814814818,57.0,gangnam,강남구
11680,역삼동,,모닝포유,다세대,723-24,28.5,202410,7,34432,2,2002,,중개거래,3993.8522498245616,28.0,gangnam,강남구
11680,역삼동,,모닝포유,다세대,723-24,56.7,202410,7,65906,2,2002,,중개거래,3842.5232135802466,57.0,gangnam,강남구
11680,역삼동,,모닝포유,다세대,723-24,28.5,202410,7,34432,3,2002,,중개거래,3993.8522498245616,28.0,gangnam,강남구
11680,역삼동,,모닝포유,다세대,723-24,55.57,202410,7,64639,3,2002,,중개거래,3845.2876842720893,56.0,gangnam,강남구
11680,역삼동,,모닝포유,다세대,723-24,27.08,202410,7,32531,3,2002,,중개거래,3971.2146172452003,27.0,gangnam,강남구
11680,역삼동,,모닝포유,다세대,723-24,21.01,202410,7,24081,4,2002,,중개거래,3788.9866056639694,21.0,gangnam,강남구
11680,역삼동,,모닝포유,다세대,723-24,51.02,202410,7,57034,4,2002,,중개거래,3695.455540768326,51.0,gangnam,강남구
11680,일원동,,청솔빌리지,연립다세대,739,59.75,202410,4,162000,3,1993,,중개거래,8962.96518828452,60.0,gangnam,강남구
11680,개포동,,수정빌라,연립,1243-7,82.24,202410,7,93000,3,1991,,중개거래,3738.3025899805452,82.0,gangnam,강남구
11680,개포동,,골든뷰,다세대,1265-2,49.69,202410,5,78000,4,2015,,중개거래,5189.197625276716,50.0,gangnam,강남구
11680,역삼동,,드림빌,다세대,697-2,30.0,202411,21,43128,2,2002,,중개거래,4752.396516,30.0,gangnam,강남구
11680,역삼동,,드림빌,다세대,697-2,46.51,202411,21,67119,2,2002,,중개거래,4770.608114706515,47.0,gangnam,강남구
11680,역삼동,,드림빌,다세대,697-2,30.0,202411,21,43128,3,2002,,중개거래,4752.396516,30.0,gangnam,강남구
11680,역삼동,,드림빌,다세대,697-2,46.51,202411,21,67119,3,2002,,중개거래,4770.608114706515,47.0,gangnam,강남구
11680,역삼동,,드림빌,다세대,697-2,30.0,202411,21,43128,4,2002,,중개거래,4752.396516,30.0,gangnam,강남구
11680,역삼동,,드림빌,다세대,697-2,46.51,202411,21,67119,4,2002,,중개거래,4770.608114706515,47.0,gangnam,강남구
11680,역삼동,,드림빌,다세대,697-2,132.14,202411,21,158516,5,2002,,중개거래,3965.64110080218,132.0,gangnam,강남구
11680,일원동,,청솔빌리지,연립,739,59.75,202411,27,172000,2,1993,,중개거래,9516.234644351463,60.0,gangnam,강남구
11680,청담동,,유니빌,다세대,26-8,57.91,202411,14,60000,3,2002,,직거래,3425.092384734934,58.0,gangnam,강남구
11680,일원동,,일원동648-12공동주택,다세대,648-12,13.06,202411,20,41000,1,2022,,중개거래,10378.038667687595,13.0,gangnam,강남구
11680,개포동,,예가풍경채,다세대,1236-11,24.88,202411,8,53500,6,2018,,직거래,7108.500703376207,25.0,gangnam,강남구
11680,역삼동,,중앙클래식,다세대,741-30,43.4,202411,30,60000,4,2017,,중개거래,4570.209677419355,43.0,gangnam,강남구
11680,청담동,,스칼라청담,다세대,18-28,29.94,202411,25,68810,2,2019,,중개거래,7597.56398964596,30.0,gangnam,강남구
11680,청담동,,스칼라청담,다세대,18-28,29.94,202411,25,68810,3,2019,,중개거래,7597.56398964596,30.0,gangnam,강남구
11680,일원동,,청솔빌리지,연립,739,59.75,202411,9,167000,1,1993,,중개거래,9239.599916317993,60.0,gangnam,강남구
11680,개포동,,강남빌라가동,다세대,1239-7,52.59,202411,19,98000,2,1988,,중개거래,6160.238258223997,53.0,gangnam,강남구
11680,청담동,,안국빌라,다세대,5-14,53.72,202411,2,145590,-1,1988,,중개거래,8959.218878443782,54.0,gangnam,강남구
11680,청담동,,안국빌라,다세대,5-14,53.72,202411,2,145640,1,1988,,중개거래,8962.295744601639,54.0,gangnam,강남구
11680,청담동,,안국빌라,다세대,5-14,68.31,202411,2,160000,1,1988,,중개거래,7743.018591714244,68.0,gangnam,강남구
11680,일원동,,(630-4),다세대,630-4,24.73,202411,23,70000,3,2021,,중개거래,9357.256368782855,25.0,gangnam,강남구
11680,역삼동,,드림캐슬,다세대,749,21.18,202411,29,25000,2,2018,,중개거래,3902.012511803589,21.0,gangnam,강남구
11680,청담동,,안국빌라,다세대,5-14,68.31,202411,2,160000,-1,1988,,중개거래,7743.018591714244,68.0,gangnam,강남구
11680,청담동,,청담대우멤버스카운티III,연립,111-12,144.42,202411,7,335000,1,2003,,중개거래,7668.175979781195,144.0,gangnam,강남구
11680,역삼동,,강남아트빌리지,연립,792-50,71.03,202411,4,75000,2,1995,,중개거래,3490.551527523582,71.0,gangnam,강남구
11680,역삼동,,역삼빌리지,다세대,695-23,67.26,202411,13,51000,3,1991,,중개거래,2506.616636931311,67.0,gangnam,강남구
11680,개포동,,Artespace,다세대,1183-10,47.97,202411,9,69000,2,2021,,중개거래,4755.037836147593,48.0,gangnam,강남구
11680,개포동,,아무르하우스,다세대,1231-8,49.62,202411,22,77500,2,2015,,중개거래,5163.2071241434915,50.0,gangnam,강남구
11680,개포동,,미농빌라,다세대,1180-7,37.44,202411,16,36000,-1,1990,,중개거래,3178.6394230769233,37.0,gangnam,강남구
11680,역삼동,,더힐,다세대,798-1,25.07,202411,5,40500,6,2021,,직거래,5340.41852812126,25.0,gangnam,강남구
11680,개포동,,금성아트,다세대,1207-3,43.11,202411,1,49500,1,1991,,중개거래,3795.786534446764,43.0,gangnam,강남구
11680,세곡동,,강남효성해링턴코트,연립,541,122.8577,202411,4,265000,2,2016,,중개거래,7130.469030431142,123.0,gangnam,강남구
11680,개포동,,우리빌라,다세대,1252-5,67.09,202411,16,83000,3,2004,,중개거래,4089.732523475928,67.0,gangnam,강남구
11680,역삼동,,더힐,다세대,798-1,26.93,202411,8,47250,5,2021,,직거래,5800.161204975864,27.0,gangnam,강남구
11680,역삼동,,더힐,다세대,798-1,26.93,202411,8,43701,4,2021,,직거래,5364.5046522465655,27.0,gangnam,강남구
11680,역삼동,,더힐,다세대,798-1,28.66,202411,8,45601,4,2021,,직거래,5259.8430490230285,29.0,gangnam,강남구
11680,역삼동,,더힐,다세대,798-1,28.96,202411,8,46201,4,2021,,직거래,5273.845745338398,29.0,gangnam,강남구
11680,논현동,,논현알베로,다세대,162-5,19.35,202411,13,15000,2,2011,,직거래,2562.624031007752,19.0,gangnam,강남구
11680,역삼동,,더힐,다세대,798-1,28.96,202411,8,47500,6,2021,,직거래,5422.126640193371,29.0,gangnam,강남구
11680,역삼동,,더힐,다세대,798-1,25.07,202411,8,42501,4,2021,,직거래,5604.274762066215,25.0,gangnam,강남구
11680,역삼동,,더힐,다세대,798-1,26.98,202411,8,39510,3,2021,,직거래,4841.051347294293,27.0,gangnam,강남구
11680,역삼동,,더힐,다세대,798-1,28.42,202411,8,46801,4,2021,,직거래,5443.8439051724135,28.0,gangnam,강남구
11680,논현동,,대관령빌라,다세대,127-16,53.62,202411,4,55000,1,1986,,중개거래,3390.8648825065275,54.0,gangnam,강남구
11680,역삼동,,더힐,다세대,798-1,28.42,202411,8,47100,3,2021,,직거래,5478.623275862069,28.0,gangnam,강남구
11680,논현동,,(244-15),다세대,244-15,26.08,202411,5,41000,2,2017,,중개거래,5196.977952453989,26.0,gangnam,강남구
11680,개포동,,대림빌리지,연립,1200-6,52.61,202411,11,52000,3,1997,,중개거래,3267.4552366470257,53.0,gangnam,강남구
11680,개포동,,대고샤인빌,다세대,1175-8,59.6,202411,8,81000,2,2022,,직거래,4492.761493288591,60.0,gangnam,강남구
11680,개포동,,로얄팰리체,다세대,1245-3,29.13,202411,6,51000,3,2018,,중개거래,5787.677136972194,29.0,gangnam,강남구
11680,일원동,,청솔빌리지,연립,739,59.75,202411,6,163000,3,1993,,중개거래,9018.292133891213,60.0,gangnam,강남구
11680,논현동,,토미하우스(265-18),다세대,265-18,38.64,202411,4,21825,1,2001,,직거래,1867.2038722826087,39.0,gangnam,강남구
11680,논현동,,토미하우스(265-18),다세대,265-18,40.89,202411,4,23384,1,2001,,직거래,1890.4983233064318,41.0,gangnam,강남구
11680,논현동,,토미하우스(265-18),다세대,265-18,38.19,202411,4,21825,1,2001,,직거래,1889.2054890023567,38.0,gangnam,강남구
11680,논현동,,토미하우스(265-18),다세대,265-18,58.92,202411,4,34630,2,2001,,직거래,1942.962229293958,59.0,gangnam,강남구
11680,논현동,,토미하우스(265-18),다세대,265-18,59.43,202411,4,35076,2,2001,,직거래,1951.0973356890458,59.0,gangnam,강남구
11680,논현동,,토미하우스(265-18),다세대,265-18,58.92,202411,4,34630,3,2001,,직거래,1942.962229293958,59.0,gangnam,강남구
11680,논현동,,토미하우스(265-18),다세대,265-18,59.43,202411,4,35076,3,2001,,직거래,1951.0973356890458,59.0,gangnam,강남구
11680,논현동,,토미하우스(265-18),다세대,265-18,118.32,202411,4,65029,4,2001,,직거래,1816.8686001098715,118.0,gangnam,강남구
11680,개포동,,런던빌개포,다세대,1194-1,19.81,202412,27,42000,6,2021,,직거래,7008.731448763251,20.0,gangnam,강남구
11680,개포동,,삼성,다세대,1168-6,40.8,202412,21,28300,-1,1996,,중개거래,2292.9832230392158,41.0,gangnam,강남구
11680,일원동,,일원동648-12공동주택,다세대,648-12,20.56,202412,31,61000,4,2022,,중개거래,9808.019698443582,21.0,gangnam,강남구
11680,삼성동,,힐스테이트5차,다세대,47-6,18.95,202412,21,50000,5,2015,,중개거래,8722.387862796833,19.0,gangnam,강남구
11680,개포동,,베네세하우스,다세대,1209-12,68.08,202412,27,76000,4,2012,,중개거래,3690.3592831962405,68.0,gangnam,강남구
11680,개포동,,어반피나클개포,다세대,1183-11,21.78,202412,23,51500,3,2024,,직거래,7816.709251606979,22.0,gangnam,강남구
11680,역삼동,,효경빌라,연립,748-2,62.13,202412,11,65000,3,1998,,중개거래,3458.4906647352327,62.0,gangnam,강남구
11680,역삼동,,PARKVILL,다세대,783-27,56.77,202412,26,52000,5,2002,,중개거래,3028.0221948212084,57.0,gangnam,강남구
11680,삼성동,,피카소,다세대,48-7,29.1,202412,8,80000,3,2022,,중개거래,9088.068728522336,29.0,gangnam,강남구
11680,논현동,,ASTRO,다세대,272-17,46.08,202412,9,83000,4,2022,,직거래,5954.430447048611,46.0,gangnam,강남구
11680,삼성동,,피카소,다세대,48-7,29.32,202412,5,85000,2,2022,,중개거래,9583.61954297408,29.0,gangnam,강남구
11680,삼성동,,피카소,다세대,48-7,29.3,202412,30,93500,4,2022,,중개거래,10549.177389078499,29.0,gangnam,강남구
11680,논현동,,용호빌라,다세대,148-20,62.36,202412,11,52000,1,1993,,중개거래,2756.587876844131,62.0,gangnam,강남구
11680,청담동,,유니빌,다세대,26-8,57.91,202412,30,60000,1,2002,,중개거래,3425.092384734934,58.0,gangnam,강남구
11680,개포동,,에코하우스,다세대,1254-5,54.39,202412,19,78500,3,2015,,중개거래,4771.173423423424,54.0,gangnam,강남구
11680,개포동,,HHestia,다세대,1227-2,59.99,202412,6,64600,5,2016,,중개거래,3559.821820303384,60.0,gangnam,강남구
11680,논현동,,더스마트빌리지,다세대,149-33,16.45,202412,23,17200,3,2012,,중개거래,3456.504680851064,16.0,gangnam,강남구
11680,개포동,,다세대주택,다세대,1233-17,41.58,202412,6,63800,2,1986,,중개거래,5072.368518518519,42.0,gangnam,강남구
11680,자곡동,,엘에이치강남8단지,다세대,646,59.47,202412,19,100000,3,2013,,중개거래,5558.743904489659,59.0,gangnam,강남구
11680,청담동,,두산빌라,연립,116-2,217.5,202412,12,422150,4,1996,,직거래,6416.262702298851,218.0,gangnam,강남구
11680,일원동,,블리시움1차,다세대,627-4,29.82,202412,17,62000,4,2021,,직거래,6873.194835680752,30.0,gangnam,강남구
11680,역삼동,,더힐,다세대,798-1,26.93,202412,10,39000,6,2021,,직거래,4787.434645376904,27.0,gangnam,강남구
11680,세곡동,,강남효성해링턴코트,연립,541,111.722,202412,4,262000,2,2016,,중개거래,7752.418234546464,112.0,gangnam,강남구
11680,일원동,,블루미어2차,다세대,629-14,12.4,202412,9,54000,1,2024,,중개거래,14396.16048387097,12.0,gangnam,강남구
11680,개포동,,개포비버리하임,다세대,1193-5,29.95,202412,8,50500,6,2018,,중개거래,5574.028130217029,30.0,gangnam,강남구
11680,개포동,,더파인하우스,다세대,1172-3,28.03,202412,2,46000,5,2017,,중개거래,5425.119871566179,28.0,gangnam,강남구
11680,청담동,,진흥빌라(64-2),연립,64-2,188.51,202412,2,250000,1,1984,,직거래,4384.09766060156,189.0,gangnam,강남구
11680,청담동,,진흥빌라(64-2),연립,64-2,194.13,202412,3,224000,3,1984,,직거래,3814.432802761037,194.0,gangnam,강남구
11680,청담동,,진흥빌라(64-2),연립,64-2,188.51,202412,3,220000,1,1984,,직거래,3858.0059413293725,189.0,gangnam,강남구
11680,청담동,,진흥빌라(64-2),연립,64-2,194.13,202412,2,240000,3,1984,,직거래,4086.8922886725395,194.0,gangnam,강남구
11680,논현동,,(77-15),다세대,77-15,36.58,202501,9,60021,1,2001,,중개거래,5424.1804670585025,37.0,gangnam,강남구
11680,논현동,,(77-15),다세대,77-15,40.13,202501,9,66094,1,2001,,중개거래,5444.618833540992,40.0,gangnam,강남구
11680,논현동,,(77-15),다세대,77-15,32.45,202501,9,53076,1,2001,,중개거래,5407.021407087827,32.0,gangnam,강남구
11680,논현동,,(77-15),다세대,77-15,36.58,202501,9,118681,1,2001,,중개거래,10725.365488928377,37.0,gangnam,강남구
11680,논현동,,(77-15),다세대,77-15,40.13,202501,9,118681,1,2001,,중개거래,9776.57287777224,40.0,gangnam,강남구
11680,논현동,,(77-15),다세대,77-15,36.58,202501,9,42611,1,2001,,중개거래,3850.8147795243303,37.0,gangnam,강남구
11680,논현동,,(77-15),다세대,77-15,40.13,202501,9,54792,1,2001,,중개거래,4513.595108896088,40.0,gangnam,강남구
11680,논현동,,(77-15),다세대,77-15,32.45,202501,9,118681,1,2001,,중개거래,12090.412005701079,32.0,gangnam,강남구
11680,논현동,,논현빌(137-1),다세대,137-1,14.37,202501,20,16900,2,2013,,중개거래,3887.8056019485043,14.0,gangnam,강남구
11680,개포동,,베네스트,다세대,1255-10,71.45,202501,31,71500,5,2003,,중개거래,3308.098355493352,71.0,gangnam,강남구
11680,청담동,,(13-50),다세대,13-50,43.4,202501,21,109307,2,1986,,중개거래,8325.931820161291,43.0,gangnam,강남구
11680,삼성동,,피카소,다세대,48-7,29.1,202501,14,94000,2,2022,,직거래,10678.480756013747,29.0,gangnam,강남구
11680,삼성동,,삼성더하임2차,다세대,25-9,29.37,202501,20,81500,6,2021,,중개거래,9173.356401089548,29.0,gangnam,강남구
11680,개포동,,티드빌라,다세대,1244-8,72.23,202501,25,79000,1,2002,,중개거래,3615.6308320642393,72.0,gangnam,강남구
11680,개포동,,서초빌라,다세대,1227-5,60.39,202501,23,59500,4,1999,,중개거래,3257.0658635535683,60.0,gangnam,강남구
11680,논현동,,까사미아(249-18),연립,249-18,81.35,202501,20,88000,3,2002,,중개거래,3576.018192993239,81.0,gangnam,강남구
11680,대치동,,스톤빌리지대치2차,다세대,934-8,56.72,202501,21,110000,6,2018,,중개거래,6411.078102961918,57.0,gangnam,강남구
11680,역삼동,,더힐스,다세대,664-1,27.76,202501,6,58000,6,2021,,중개거래,6906.899495677233,28.0,gangnam,강남구
11680,청담동,,동방빌라(11-26),다세대,11-26,71.61,202501,13,77500,2,1991,,직거래,3577.689393939394,72.0,gangnam,강남구
11680,개포동,,효창빌라,연립,1236-14,59.69,202501,21,60000,2,1993,,중개거래,3322.953593566762,60.0,gangnam,강남구
11680,역삼동,,더원스타빌,다세대,698-26,25.79,202501,7,36000,5,2017,,중개거래,4614.51182628926,26.0,gangnam,강남구
11680,삼성동,,피카소,다세대,48-7,29.32,202501,8,94000,2,2022,,직거래,10598.355729877218,29.0,gangnam,강남구
11680,역삼동,,동원스위트,다세대,745-1,28.94,202501,20,40500,2,2016,,중개거래,4626.271337249482,29.0,gangnam,강남구
11680,일원동,,한차임,다세대,652-1,28.13,202501,21,60000,4,2020,,중개거래,7051.087806612159,28.0,gangnam,강남구
11680,논현동,,서진플로렌스154,다세대,154-1,12.14,202501,9,15200,4,2013,,중개거래,4139.0388797364085,12.0,gangnam,강남구
11680,논현동,,모던팰리스,다세대,222-30,28.64,202501,8,41000,1,2021,,직거래,4732.443610335195,29.0,gangnam,강남구
11680,삼성동,,(91-14),연립,91-14,81.36,202501,6,208000,1,1980,,중개거래,8451.367748279254,81.0,gangnam,강남구
11680,논현동,,꿈꾸지오(268-9),다세대,268-9,23.99,202501,6,33500,5,2017,,중개거래,4616.2483326386,24.0,gangnam,강남구
11680,논현동,,아이리스논현,다세대,270-35,29.06,202501,3,42000,2,2017,,중개거래,4777.803509979353,29.0,gangnam,강남구
11680,논현동,,아이리스논현,다세대,270-35,28.89,202501,2,41000,2,2017,,중개거래,4691.491346486674,29.0,gangnam,강남구
11680,청담동,,진흥빌라(64-2),연립,64-2,188.51,202501,2,240000,1,1984,,직거래,4208.733754177498,189.0,gangnam,강남구
11680,일원동,,네스트대청(NestDaecheong),다세대,686-13,31.51,202502,27,67000,4,2022,,직거래,7029.120755315774,32.0,gangnam,강남구
11680,청담동,,리더스빌,연립,13-21,35.28,202502,25,44000,2,1996,,중개거래,4122.861111111111,35.0,gangnam,강남구
11680,대치동,,대치모두가,다세대,925-15,26.56,202502,28,44200,5,2017,,중개거래,5501.344013554218,27.0,gangnam,강남구
11680,삼성동,,삼성더하임2차,다세대,25-9,29.07,202502,28,90000,3,2021,,중개거래,10234.628482972137,29.0,gangnam,강남구
11680,논현동,,동광팰리스,다세대,104-5,25.47,202502,27,44500,3,2016,,중개거래,5775.713879073421,25.0,gangnam,강남구
11680,도곡동,,도곡동948-30공동주택(부백),다세대,948-30,29.7,202502,24,35000,3,2016,,중개거래,3895.7062289562296,30.0,gangnam,강남구
11680,개포동,,비엔미빌,다세대,1199-8,64.78,202502,28,75500,2,2015,,중개거래,3852.836793763507,65.0,gangnam,강남구
11680,역삼동,,힐스테이트1,다세대,697-33,29.74,202502,26,35000,4,2015,,직거래,3890.466543375925,30.0,gangnam,강남구
11680,논현동,,동광팰리스,다세대,104-5,23.59,202502,14,41700,4,2016,,중개거래,5843.630118694363,24.0,gangnam,강남구
11680,논현동,,승립하이츠,연립,161-9,65.94,202502,11,48000,2,1994,,직거래,2406.3949044585993,66.0,gangnam,강남구
11680,대치동,,정진맨션(917-13),다세대,917-13,62.08,202502,26,41000,2,1996,,직거래,2183.2665109536083,62.0,gangnam,강남구
11680,도곡동,,J&JARTVILL,다세대,947-19,29.4,202502,27,45000,4,2016,,중개거래,5059.875000000001,29.0,gangnam,강남구
11680,신사동,,신사레지던스31,다세대,627-31,69.12,202502,18,70000,2,2000,,중개거래,3347.872540509259,69.0,gangnam,강남구
11680,일원동,,에이치피엘,다세대,643-9,29.76,202502,13,64000,3,2022,,중개거래,7109.215053763442,30.0,gangnam,강남구
11680,삼성동,,피카소,다세대,48-7,29.3,202502,8,94000,3,2022,,중개거래,10605.59010238908,29.0,gangnam,강남구
11680,삼성동,,피카소,다세대,48-7,29.05,202502,8,94000,5,2022,,중개거래,10696.860240963855,29.0,gangnam,강남구
11680,대치동,,에오스빌(917-22),다세대,917-22,53.56,202502,28,52000,5,2002,,직거래,3209.5,54.0,gangnam,강남구
11680,신사동,,(590-24),다세대,590-24,41.34,202502,19,60000,-1,1987,,중개거래,4797.946298984035,41.0,gangnam,강남구
11680,청담동,,비스빌라,연립,12-24,104.47,202502,10,140000,3,1992,,직거래,4430.0746625825595,104.0,gangnam,강남구
11680,일원동,,청솔빌리지,연립,739,59.75,202502,3,180000,1,1993,,중개거래,9958.850209205022,60.0,gangnam,강남구
11680,개포동,,마메종,다세대,1167-4,52.1,202502,6,81000,5,2023,,직거래,5139.512188099808,52.0,gangnam,강남구
11680,신사동,,현대빌라(540-8),다세대,540-8,37.56,202502,24,21300,-1,1991,,직거래,1874.6863817891374,38.0,gangnam,강남구
11680,논현동,,신아빌라,다세대,220-14,35.67,202502,3,25500,4,1996,,중개거래,2363.260933557611,36.0,gangnam,강남구
11680,도곡동,,상미빌라,다세대,193-77,57.58,202502,8,65000,3,2004,,중개거래,3731.7823028829457,58.0,gangnam,강남구
11680,역삼동,,루브르하우스,다세대,722-4,28.553,202502,20,38000,4,2017,,중개거래,4399.531747977446,29.0,gangnam,강남구
11680,개포동,,아원포레스빌나동,다세대,1256-3,73.98,202502,6,85500,5,2004,,중개거래,3820.554440389294,74.0,gangnam,강남구
11680,일원동,,골드캐슬,다세대,656-12,29.78,202502,4,60000,3,2021,,중개거래,6660.413028878443,30.0,gangnam,강남구
11680,개포동,,F.ROADVILLA,다세대,1255-7,19.4,202502,15,45000,2,2022,,중개거래,7668.057989690723,19.0,gangnam,강남구
11680,개포동,,중앙클래식하우스7차,다세대,1171-2,27.22,202502,11,45000,3,2017,,중개거래,5465.111131520941,27.0,gangnam,강남구
11680,개포동,,삼성,다세대,1168-6,40.41,202502,8,39800,2,1996,,중개거래,3255.883271467459,40.0,gangnam,강남구
11680,역삼동,,역삼로얄빌라,연립,792-32,63.47,202502,13,54000,1,1989,,중개거래,2812.5475027572083,63.0,gangnam,강남구
11680,일원동,,청솔빌리지,연립,739,59.75,202502,6,177000,3,1993,,중개거래,9792.869372384937,60.0,gangnam,강남구
11680,개포동,,위미르빌,다세대,1205,43.69,202502,9,68000,5,2017,,중개거래,5145.1906614786,44.0,gangnam,강남구
11680,논현동,,동방타운A동,다세대,34,28.86,202502,7,25000,3,1996,,중개거래,2863.63911988912,29.0,gangnam,강남구
11680,역삼동,,모던클레식하우스,다세대,796-15,37.41,202502,8,59000,5,2017,,중개거래,5213.614407912324,37.0,gangnam,강남구
11680,논현동,,라인빌리지(149-18),다세대,149-18,18.84,202502,10,20200,3,2012,,중개거래,3544.419161358811,19.0,gangnam,강남구
11680,자곡동,,엘에이치강남8단지,연립다세대,646,59.62,202502,1,108000,5,2013,,중개거래,5988.339147936935,60.0,gangnam,강남구
11680,논현동,,서진플로렌스190,다세대,190-1,27.67,202502,5,40900,6,2018,,중개거래,4886.397054571738,28.0,gangnam,강남구
11680,역삼동,,역삼더힐하우스,다세대,782-29,45.83,202502,3,67000,2,2016,,중개거래,4832.808095134192,46.0,gangnam,강남구
11680,논현동,,운산브리티시,다세대,72-6,46.61,202503,11,53000,4,2003,,중개거래,3758.9917399699634,47.0,gangnam,강남구
11680,역삼동,,HELENHILL,다세대,643-13,28.36,202503,26,36300,2,2016,,중개거래,4231.311547954866,28.0,gangnam,강남구
11680,논현동,,케아하우스,다세대,148-8,29.64,202503,31,32000,2,2015,,중개거래,3568.998650472335,30.0,gangnam,강남구
11680,논현동,,논현퍼스티움,다세대,160-4,28.26,202503,24,39000,4,2020,,중개거래,4562.123673036093,28.0,gangnam,강남구
11680,일원동,,(630-4),다세대,630-4,28.61,202503,31,73000,2,2021,,중개거래,8434.893568682279,29.0,gangnam,강남구
11680,일원동,,(653-14),다세대,653-14,24.35,202503,30,60000,3,2021,,중개거래,8145.671457905544,24.0,gangnam,강남구
11680,개포동,,대고샤인빌,다세대,1175-8,58.77,202503,17,81000,3,2022,,직거래,4556.212098009188,59.0,gangnam,강남구
11680,삼성동,,(26-20),다세대,26-20,29.43,202503,19,75000,3,2011,,중개거래,8424.528542303771,29.0,gangnam,강남구
11680,논현동,,논현아펠바움2차(5단지),연립,260-13,242.16,202503,26,600000,3,2011,,중개거래,8190.745787908821,242.0,gangnam,강남구
11680,일원동,,청솔빌리지,연립,739,59.75,202503,21,191000,3,1993,,중개거래,10567.446610878662,60.0,gangnam,강남구
11680,개포동,,휴먼하우징,다세대,1210-8,29.68,202503,19,53800,2,2017,,중개거래,5992.292216981133,30.0,gangnam,강남구
11680,일원동,,정광빌라,다세대,672-8,63.14,202503,21,79000,2,1990,,중개거래,4136.157982261641,63.0,gangnam,강남구
11680,개포동,,운영빌라,다세대,1218-14,48.02,202503,19,50000,4,1996,,중개거래,3442.091836734694,48.0,gangnam,강남구
11680,대치동,,LaTERRASSE1,다세대,934-18,27.65,202503,21,46500,5,2016,,중개거래,5559.457594936709,28.0,gangnam,강남구
11680,청담동,,리더스빌,연립,13-21,35.28,202503,17,43150,1,1996,,중개거래,4043.214930555556,35.0,gangnam,강남구
11680,개포동,,일류하이츠빌라,다세대,1184-24,40.74,202503,19,27500,-1,1994,,중개거래,2231.4454467353953,41.0,gangnam,강남구
11680,삼성동,,피카소,다세대,48-7,27.86,202503,13,94000,5,2022,,직거래,11153.761306532664,28.0,gangnam,강남구
11680,역삼동,,혜성빌,다세대,836-78,114.35,202503,26,70000,4,2004,,직거래,2023.6550065588108,114.0,gangnam,강남구
11680,삼성동,,피카소,다세대,48-7,29.32,202503,6,102000,3,2022,,중개거래,11500.343451568895,29.0,gangnam,강남구
11680,역삼동,,마이플레이스(794-23),다세대,794-23,42.44,202503,28,56500,3,2019,,중개거래,4400.962594250707,42.0,gangnam,강남구
11680,개포동,,다세대주택,다세대,1202-8,48.03,202503,12,35000,-1,1993,,중개거래,2408.962627524464,48.0,gangnam,강남구
11680,삼성동,,삼성더하임2차,다세대,25-9,29.55,202503,25,63000,5,2021,,중개거래,7047.866497461929,30.0,gangnam,강남구
11680,대치동,,900-68,다세대,900-68,28.03,202503,24,30200,5,2017,,중개거래,3561.709133071709,28.0,gangnam,강남구
11680,자곡동,,엘에이치강남8단지,다세대,646,59.62,202503,23,107500,2,2013,,중개거래,5960.615355585375,60.0,gangnam,강남구
11680,대치동,,스톤빌리지대치3차,다세대,910-11,54.3,202503,22,96000,5,2018,,중개거래,5844.481767955802,54.0,gangnam,강남구
11680,자곡동,,엘에이치강남8단지,다세대,646,59.62,202503,23,108000,4,2013,,중개거래,5988.339147936935,60.0,gangnam,강남구
11680,자곡동,,엘에이치강남8단지,다세대,646,59.47,202503,22,108000,4,2013,,중개거래,6003.443416848832,59.0,gangnam,강남구
11680,논현동,,상지리츠빌,연립,244-9,162.09,202503,28,270000,4,2001,,중개거래,5506.582454192116,162.0,gangnam,강남구
11680,개포동,,효창빌라,연립,1236-14,51.32,202503,28,52000,3,1993,,중개거래,3349.5872954014035,51.0,gangnam,강남구
11680,논현동,,논현빌(137-1),다세대,137-1,14.37,202503,29,17000,3,2013,,중개거래,3910.8103688239394,14.0,gangnam,강남구
11680,대치동,,스톤빌리지대치4차,다세대,925,50.98,202503,21,85000,3,2019,,직거래,5511.8031581012165,51.0,gangnam,강남구
11680,일원동,,에이치피엘,다세대,643-9,28.23,202503,19,57500,3,2022,,중개거래,6733.355915692526,28.0,gangnam,강남구
11680,일원동,,다세대주택,다세대,671-3,49.81,202503,28,70000,1,1986,,중개거래,4645.752860871311,50.0,gangnam,강남구
11680,역삼동,,역삼드림e빌,다세대,656-29,14.12,202503,18,14250,5,2013,,직거래,3336.2206975920685,14.0,gangnam,강남구
11680,일원동,,에이치피엘,다세대,643-9,29.76,202503,19,64500,2,2022,,중개거래,7164.755796370967,30.0,gangnam,강남구
11680,일원동,,에이치피엘,다세대,643-9,28.23,202503,20,58000,2,2022,,중개거래,6791.9068366985475,28.0,gangnam,강남구
11680,일원동,,에이치피엘,다세대,643-9,26.49,202503,21,54000,1,2022,,중개거래,6738.859569648925,26.0,gangnam,강남구
11680,일원동,,엘리지음,다세대,664-12,16.8,202503,13,55500,3,2024,,중개거래,10920.896875,17.0,gangnam,강남구
11680,대치동,,더힐하우스,다세대,920-27,42.56,202503,13,74000,2,2016,,직거래,5747.840460526316,43.0,gangnam,강남구
11680,청담동,,(13-50),다세대,13-50,38.2,202503,25,81720,-1,1986,,중개거래,7071.956811518324,38.0,gangnam,강남구
11680,청담동,,(13-50),다세대,13-50,38.2,202503,25,81720,1,1986,,중개거래,7071.956811518324,38.0,gangnam,강남구
11680,청담동,,(13-50),다세대,13-50,43.4,202503,25,99270,1,1986,,중개거래,7561.411911290323,43.0,gangnam,강남구
11680,청담동,,(13-50),다세대,13-50,38.2,202503,25,81630,2,1986,,중개거래,7064.168312827225,38.0,gangnam,강남구
11680,청담동,,(13-50),다세대,13-50,43.4,202503,25,99270,-1,1986,,중개거래,7561.411911290323,43.0,gangnam,강남구
11680,논현동,,MODUGAL,다세대,156-22,19.85,202503,24,31800,5,2019,,중개거래,5295.917531486146,20.0,gangnam,강남구
11680,개포동,,한성,다세대,1262-1,56.92,202503,17,78000,2,1992,,중개거래,4530.063773717498,57.0,gangnam,강남구
11680,개포동,,로얄팰리체,다세대,1245-3,42.5,202503,24,65000,4,2018,,중개거래,5055.906470588236,42.0,gangnam,강남구
11680,삼성동,,대현빌라,다세대,29-16,73.71,202503,21,61000,2,1990,,직거래,2735.760208926876,74.0,gangnam,강남구
11680,개포동,,더파인하우스,다세대,1172-3,28.03,202503,22,42000,3,2017,,중개거래,4953.370317516947,28.0,gangnam,강남구
11680,대치동,,영풍빌라,다세대,955-12,55.32,202503,5,51600,1,1997,,중개거래,3083.487093275488,55.0,gangnam,강남구
11680,대치동,,영풍빌라,다세대,955-12,66.0,202503,5,60500,1,1997,,중개거래,3030.3029166666665,66.0,gangnam,강남구
11680,대치동,,영풍빌라,다세대,955-12,66.16,202503,5,62000,2,1997,,중개거래,3097.924274486095,66.0,gangnam,강남구
11680,대치동,,영풍빌라,다세대,955-12,65.56,202503,5,61000,2,1997,,중개거래,3075.8524252593043,66.0,gangnam,강남구
11680,대치동,,영풍빌라,다세대,955-12,124.32,202503,5,170000,3,1997,,중개거래,4520.458896396397,124.0,gangnam,강남구
11680,개포동,,1218-12,다세대,1218-12,27.04,202503,22,49500,3,2019,,중개거래,6051.640440088758,27.0,gangnam,강남구
11680,자곡동,,엘에이치강남8단지,다세대,646,59.62,202503,19,110000,2,2013,,중개거래,6099.234317343175,60.0,gangnam,강남구
11680,개포동,,예가풍경채,다세대,1236-11,24.91,202503,12,53500,6,2018,,중개거래,7099.939682858289,25.0,gangnam,강남구
11680,대치동,,스톤빌리지,다세대,934-2,29.85,202503,15,62000,3,2016,,중개거래,6866.2871021775545,30.0,gangnam,강남구
11680,개포동,,삼성,다세대,1168-6,40.8,202503,14,42500,1,1996,,중개거래,3443.526041666667,41.0,gangnam,강남구
11680,논현동,,논현빌(137-1),다세대,137-1,16.88,202503,19,18000,2,2013,,중개거래,3525.1261848341237,17.0,gangnam,강남구
11680,개포동,,운영빌라5차,다세대,1198-4,59.88,202503,18,50000,3,1997,,중개거래,2760.3415163660657,60.0,gangnam,강남구
11680,개포동,,현대아트,다세대,1252-10,42.39,202503,12,42400,2,1995,,중개거래,3306.5648502005192,42.0,gangnam,강남구
11680,청담동,,리더스빌,연립,13-21,35.28,202503,14,40000,1,1996,,중개거래,3748.055555555556,35.0,gangnam,강남구
11680,논현동,,아이파크,다세대,188-3,19.21,202503,7,20500,5,2013,,중개거래,3527.77680895367,19.0,gangnam,강남구
11680,개포동,,F.ROADVILLA,다세대,1255-7,19.4,202503,10,45000,3,2022,,중개거래,7668.057989690723,19.0,gangnam,강남구
11680,역삼동,,아하바하우스,다세대,783-5,27.92,202503,14,48000,4,2016,,중개거래,5683.297994269341,28.0,gangnam,강남구
11680,개포동,,휴먼하우징,다세대,1210-8,29.43,202503,10,57000,2,2017,,중개거래,6402.641692150867,29.0,gangnam,강남구
11680,역삼동,,역삼파크빌(740-7),다세대,740-7,16.38,202503,4,18000,5,2013,,중개거래,3632.7307692307695,16.0,gangnam,강남구
11680,도곡동,,HOUSERAUM,다세대,456-12,20.25,202503,8,20500,3,2012,,중개거래,3346.5971604938277,20.0,gangnam,강남구
11680,개포동,,수창스마트빌,다세대,1171-7,45.05,202503,8,69000,3,2015,,중개거래,5063.244506104329,45.0,gangnam,강남구
11680,삼성동,,(95-9),다세대,95-9,89.28,202503,5,131000,1,1990,,직거래,4850.558187724015,89.0,gangnam,강남구
11680,삼성동,,피카소,다세대,48-7,29.32,202503,1,110000,3,2022,,중개거래,12402.331173260574,29.0,gangnam,강남구
11680,삼성동,,삼성더하임2차,다세대,25-9,28.39,202504,28,98000,2,2021,,중개거래,11411.304332511447,28.0,gangnam,강남구
11680,논현동,,스위트캐슬,연립,35-1,161.06,202504,18,255000,2,2003,,중개거래,5233.920122935552,161.0,gangnam,강남구
11680,대치동,,한티하우스,다세대,971-1,84.12,202504,14,130000,2,2011,,중개거래,5108.797551117451,84.0,gangnam,강남구
11680,삼성동,,은탑파크빌,연립,114-34,72.27,202504,27,91000,4,1999,,중개거래,4162.535422720355,72.0,gangnam,강남구
11680,대치동,,LaTERRASSE1,다세대,934-18,28.24,202504,29,41300,5,2016,,중개거래,4834.593502124646,28.0,gangnam,강남구
11680,일원동,,다온,다세대,664-5,29.84,202504,28,72000,2,2023,,중개거래,7976.424932975872,30.0,gangnam,강남구
11680,개포동,,더푸른빌,다세대,1239-12,43.5,202504,30,82500,6,2016,,중개거래,6269.5922413793105,44.0,gangnam,강남구
11680,일원동,,민건빌라,다세대,643,61.82,202504,29,81000,5,2006,,중개거래,4331.423244904562,62.0,gangnam,강남구
11680,대치동,,(908-4),연립,908-4,33.92,202504,22,140000,9,2019,,중개거래,13644.159787735849,34.0,gangnam,강남구
11680,대치동,,언더라인빌라,다세대,932-1,59.67,202504,28,80000,3,1993,,중개거래,4432.089827383945,60.0,gangnam,강남구
11680,개포동,,마메종,다세대,1167-4,29.77,202504,19,58000,3,2023,,직거래,6440.561975142761,30.0,gangnam,강남구
11680,논현동,,아트리스빌,다세대,110,73.4,202504,24,60200,4,2002,,중개거래,2711.2841553133517,73.0,gangnam,강남구
11680,논현동,,강남하이츠,연립,107-41,78.66,202504,22,86700,4,2000,,중개거래,3643.6760678871096,79.0,gangnam,강남구
11680,개포동,,현대빌라(172-6),다세대,172-6,46.33,202504,18,65000,4,1993,,중개거래,4637.945715519102,46.0,gangnam,강남구
11680,세곡동,,강남효성해링턴코트,연립,541,122.8577,202504,23,220000,2,2016,,중개거래,5919.634666773023,123.0,gangnam,강남구
11680,도곡동,,도곡동948-30공동주택(부백),다세대,948-30,29.7,202504,25,36900,4,2016,,중개거래,4107.187424242425,30.0,gangnam,강남구
11680,도곡동,,아크로파크3차,다세대,948-26,22.26,202504,23,28900,4,2016,,중개거래,4291.877201257862,22.0,gangnam,강남구
11680,도곡동,,도곡퍼스트빌,다세대,948-31,14.16,202504,30,24000,4,2016,,중개거래,5603.025423728814,14.0,gangnam,강남구
11680,삼성동,,한스빌,다세대,27-15,64.55,202504,20,134000,4,2004,,중개거래,6862.512625871418,65.0,gangnam,강남구
11680,역삼동,,효경빌라,연립,748-2,67.04,202504,17,82000,1,1998,,중개거래,4043.4721062052504,67.0,gangnam,강남구
11680,개포동,,블루밍하우스,다세대,1177-6,59.2,202504,30,43000,3,2014,,직거래,2401.161402027027,59.0,gangnam,강남구
11680,도곡동,,도곡현대,연립,516-1,84.6,202504,22,119800,2,1987,,중개거래,4681.2416430260055,85.0,gangnam,강남구
11680,개포동,,노블레스빌,다세대,1195-3,29.22,202504,16,51500,6,2018,,중개거래,5826.41777891855,29.0,gangnam,강남구
11680,개포동,,삼성파크빌B동(1209-14),다세대,1209-14,61.1,202504,29,81000,3,2003,,중개거래,4382.464566284779,61.0,gangnam,강남구
11680,대치동,,효산휴먼빌,다세대,928-25,61.52,202504,25,74500,4,2002,,중개거래,4003.2669457087127,62.0,gangnam,강남구
11680,대치동,,(913-24),다세대,913-24,29.43,202504,28,35000,4,2016,,직거래,3931.4466530750938,29.0,gangnam,강남구
11680,삼성동,,(26-20),다세대,26-20,31.06,202504,10,79200,4,2011,,중개거래,8429.432453316162,31.0,gangnam,강남구
11680,청담동,,(13-35),다세대,13-35,28.29,202504,28,47500,4,2019,,중개거래,5550.540385295158,28.0,gangnam,강남구
11680,삼성동,,(26-20),다세대,26-20,29.43,202504,10,75000,2,2011,,중개거래,8424.528542303771,29.0,gangnam,강남구
11680,개포동,,뉴그린하우스,다세대,1177-7,59.2,202504,12,66000,3,2013,,중개거래,3685.5035472972972,59.0,gangnam,강남구
11680,논현동,,모두가행복한집B,다세대,177-9,26.0,202504,19,37300,1,2020,,중개거래,4742.5300192307695,26.0,gangnam,강남구
11680,논현동,,모두가S,다세대,149-11,26.33,202504,4,27200,5,2019,,중개거래,3415.0152677554124,26.0,gangnam,강남구
11680,역삼동,,힐스테이트4,다세대,681-24,18.4,202504,18,16000,5,2015,,중개거래,2874.595652173913,18.0,gangnam,강남구
11680,논현동,,논현아펠바움2차(5단지),연립,260-13,243.28,202504,22,620000,2,2011,,중개거래,8424.8055738244,243.0,gangnam,강남구
11680,역삼동,,(777-12),다세대,777-12,42.37,202504,20,49700,2,2015,,중개거래,3877.6850247816856,42.0,gangnam,강남구
11680,개포동,,삼우파크,다세대,1176-1,20.68,202504,17,29700,1,1993,,중개거래,4747.669946808512,21.0,gangnam,강남구
11680,삼성동,,(26-20),다세대,26-20,33.98,202504,4,86700,4,2011,,중개거래,8434.713346085933,34.0,gangnam,강남구
11680,논현동,,동방타운B동,다세대,34-1,28.08,202504,15,18200,-1,1996,,중개거래,2142.638425925926,28.0,gangnam,강남구
11680,논현동,,모두가S,다세대,149-11,21.33,202504,16,25900,5,2019,,중개거래,4014.0567979371785,21.0,gangnam,강남구
11680,개포동,,새롬그린빌,다세대,1219-10,22.32,202504,10,22500,3,1995,,중개거래,3332.4445564516127,22.0,gangnam,강남구
11680,역삼동,,아이힐,다세대,690-40,28.42,202504,5,35300,4,2016,,중개거래,4106.059482758621,28.0,gangnam,강남구
11680,도곡동,,아크로파크3차,다세대,948-26,22.48,202504,16,26500,2,2016,,중개거래,3896.9440613879005,22.0,gangnam,강남구
11680,신사동,,평천빌라,다세대,634-7,40.32,202504,10,51000,1,1994,,중개거래,4181.424479166667,40.0,gangnam,강남구
11680,일원동,,워너빌,다세대,660-1,12.49,202504,12,35500,1,2020,,중개거래,9395.94615692554,12.0,gangnam,강남구
11680,개포동,,다인힐,다세대,1173-7,39.17,202504,12,52000,3,2016,,중개거래,4388.58360990554,39.0,gangnam,강남구
11680,논현동,,세느빌,다세대,219-2,73.57,202504,12,73000,4,2002,,중개거래,3280.1726926736446,74.0,gangnam,강남구
11680,도곡동,,금문빌라,연립,457-13,84.78,202504,12,99000,3,1994,,중개거래,3860.2584925690026,85.0,gangnam,강남구
11680,청담동,,비스빌라,연립,12-24,105.47,202504,12,130000,3,1992,,중개거래,4074.6378117000095,105.0,gangnam,강남구
11680,대치동,,케아하우스,다세대,900-57,29.85,202504,7,31500,3,2017,,중개거래,3488.516834170854,30.0,gangnam,강남구
11680,논현동,,(188-6),다세대,188-6,14.78,202504,11,18600,3,2013,,중개거래,4160.1895128552105,15.0,gangnam,강남구
11680,도곡동,,양지타운,다세대,945-12,54.0,202504,2,64500,1,1987,,중개거래,3948.5765277777778,54.0,gangnam,강남구
11680,논현동,,(167-12),다세대,167-12,39.54,202504,6,34600,1,1986,,중개거래,2892.770890237734,40.0,gangnam,강남구
11680,대치동,,스톤빌리지대치3차,다세대,910-11,54.3,202504,5,97000,3,2018,,중개거래,5905.361786372008,54.0,gangnam,강남구
11680,논현동,,모젠빌,다세대,153-6,31.46,202504,4,23500,3,2002,,중개거래,2469.356246026701,31.0,gangnam,강남구
11680,청담동,,(13-50),다세대,13-50,43.4,202504,3,109307,2,1986,,중개거래,8325.931820161291,43.0,gangnam,강남구
11680,삼성동,,우봉빌라,다세대,47-26,59.97,202504,1,119000,1,1995,,중개거래,6559.753460063365,60.0,gangnam,강남구
11680,역삼동,,(685-12),다세대,685-12,28.22,202504,2,34500,3,2017,,중개거래,4041.445163004961,28.0,gangnam,강남구
11680,논현동,,용호빌라,다세대,148-20,54.86,202504,2,40000,2,1993,,중개거래,2410.342690484871,55.0,gangnam,강남구
11680,삼성동,,(26-20),다세대,26-20,29.43,202505,20,80000,3,2011,,중개거래,8986.163778457358,29.0,gangnam,강남구
11680,개포동,,지오빌,다세대,1198,40.75,202505,31,68000,3,2016,,중개거래,5516.401963190185,41.0,gangnam,강남구
11680,역삼동,,성제빌딩,다세대,774-31,48.4,202505,31,53000,3,2001,,중개거래,3619.971177685951,48.0,gangnam,강남구
11680,대치동,,900-68,다세대,900-68,27.34,202505,24,32500,2,2017,,중개거래,3929.700530358449,27.0,gangnam,강남구
11680,개포동,,가우디,다세대,1169-11,40.31,202505,26,49500,4,2017,,중개거래,4059.4482138427193,40.0,gangnam,강남구
11680,일원동,,청솔빌리지,연립,739,59.75,202505,30,180000,3,1993,,중개거래,9958.850209205022,60.0,gangnam,강남구
11680,역삼동,,(724-45),다세대,724-45,16.77,202505,29,20542,3,2013,,중개거래,4049.340218843173,17.0,gangnam,강남구
11680,역삼동,,(724-45),다세대,724-45,17.0,202505,29,21134,3,2013,,중개거래,4109.67412882353,17.0,gangnam,강남구
11680,역삼동,,(724-45),다세대,724-45,13.0,202505,29,15813,3,2013,,중개거래,4021.1060157692314,13.0,gangnam,강남구
11680,역삼동,,(724-45),다세대,724-45,16.77,202505,29,20542,4,2013,,중개거래,4049.340218843173,17.0,gangnam,강남구
11680,역삼동,,(724-45),다세대,724-45,17.0,202505,29,21134,4,2013,,중개거래,4109.67412882353,17.0,gangnam,강남구
11680,역삼동,,(724-45),다세대,724-45,13.0,202505,29,15813,4,2013,,중개거래,4021.1060157692314,13.0,gangnam,강남구
11680,역삼동,,(724-45),다세대,724-45,16.77,202505,29,20542,5,2013,,중개거래,4049.340218843173,17.0,gangnam,강남구
11680,역삼동,,(724-45),다세대,724-45,17.0,202505,29,21134,5,2013,,중개거래,4109.67412882353,17.0,gangnam,강남구
11680,역삼동,,(724-45),다세대,724-45,13.0,202505,29,15813,5,2013,,중개거래,4021.1060157692314,13.0,gangnam,강남구
11680,역삼동,,(724-45),다세대,724-45,34.37,202505,29,38277,6,2013,,중개거래,3681.56917209776,34.0,gangnam,강남구
11680,역삼동,,(724-45),다세대,724-45,53.56,202505,29,55716,6,2013,,중개거래,3438.8558076923077,54.0,gangnam,강남구
11680,개포동,,베네스트,다세대,1255-10,38.89,202505,24,58000,4,2003,,중개거래,4930.201337104654,39.0,gangnam,강남구
11680,일원동,,649-8,다세대,649-8,18.84,202505,31,47700,4,2020,,중개거래,8369.742277070063,19.0,gangnam,강남구
11680,일원동,,금오빌라,다세대,628-5,80.12,202505,31,105000,2,2002,,중개거래,4332.344296055916,80.0,gangnam,강남구
11680,개포동,,어반피나클개포,다세대,1183-11,29.86,202505,28,60000,5,2024,,중개거래,6642.568653717348,30.0,gangnam,강남구
11680,논현동,,모노플랜,다세대,190-21,24.97,202505,19,51373,2,2022,,중개거래,6801.2852545054075,25.0,gangnam,강남구
11680,논현동,,모노플랜,다세대,190-21,29.44,202505,19,60597,2,2022,,중개거래,6804.370028702446,29.0,gangnam,강남구
11680,논현동,,모노플랜,다세대,190-21,24.97,202505,19,51373,3,2022,,중개거래,6801.2852545054075,25.0,gangnam,강남구
11680,논현동,,모노플랜,다세대,190-21,29.44,202505,19,60597,3,2022,,중개거래,6804.370028702446,29.0,gangnam,강남구
11680,논현동,,모노플랜,다세대,190-21,24.39,202505,19,50181,4,2022,,중개거래,6801.459495079951,24.0,gangnam,강남구
11680,논현동,,모노플랜,다세대,190-21,17.84,202505,19,36699,4,2022,,중개거래,6800.392584921526,18.0,gangnam,강남구
11680,논현동,,모노플랜,다세대,190-21,29.87,202505,19,61477,5,2022,,중개거래,6803.807982758621,30.0,gangnam,강남구
11680,논현동,,모노플랜,다세대,190-21,27.88,202505,19,57391,6,2022,,중개거래,6804.960793938308,28.0,gangnam,강남구
11680,논현동,,모노플랜,다세대,190-21,28.19,202505,19,58015,6,2022,,중개거래,6803.3031846399435,28.0,gangnam,강남구
11680,개포동,,셍상스1,다세대,1221-10,22.69,202505,30,28800,1,1996,,중개거래,4195.972146319965,23.0,gangnam,강남구
11680,개포동,,F.ROADVILLA,다세대,1255-7,16.55,202505,23,47000,3,2022,,직거래,9388.02990936556,17.0,gangnam,강남구
11680,논현동,,154-2,다세대,154-2,28.07,202505,30,37500,1,2018,,중개거래,4416.349750623442,28.0,gangnam,강남구
11680,역삼동,,AutumnDow,다세대,697-3,28.7,202505,15,24800,2,2016,,직거래,2856.566829268293,29.0,gangnam,강남구
11680,역삼동,,AutumnDow,다세대,697-3,37.01,202505,15,30100,2,2016,,직거래,2688.574128613888,37.0,gangnam,강남구
11680,역삼동,,AutumnDow,다세대,697-3,36.77,202505,15,29800,2,2016,,직거래,2679.151291813979,37.0,gangnam,강남구
11680,역삼동,,AutumnDow,다세대,697-3,24.99,202505,15,21500,2,2016,,직거래,2844.11274509804,25.0,gangnam,강남구
11680,역삼동,,힐스테이트2,다세대,693-6,30.0,202505,21,33900,3,2015,,중개거래,3735.5370500000004,30.0,gangnam,강남구
11680,역삼동,,동원스위트,다세대,745-39,26.36,202505,17,37000,2,2016,,중개거래,4640.138277693475,26.0,gangnam,강남구
11680,개포동,,마메종,다세대,1167-4,29.77,202505,7,58500,2,2023,,직거래,6496.0840611353715,30.0,gangnam,강남구
11680,논현동,,더스마트빌리지,다세대,149-33,16.41,202505,20,18000,2,2012,,중개거래,3626.0895795246806,16.0,gangnam,강남구
11680,일원동,,가온,다세대,670-5,41.69,202505,16,85000,2,2022,,중개거래,6740.026984888464,42.0,gangnam,강남구
11680,개포동,,리버사이드빌라,연립,1265,78.2,202505,24,108500,1,2002,,중개거래,4586.671003836317,78.0,gangnam,강남구
11680,일원동,,가온,다세대,670-5,39.0,202505,30,75000,1,2022,,중개거래,6357.278846153847,39.0,gangnam,강남구
11680,개포동,,1213,다세대,1213,38.26,202505,29,59900,6,2016,,중개거래,5175.549438055411,38.0,gangnam,강남구
11680,논현동,,케아하우스,다세대,148-8,25.81,202505,19,28000,2,2015,,중개거래,3586.2836110034877,26.0,gangnam,강남구
11680,개포동,,다인힐,다세대,1173-7,32.0,202505,17,49700,2,2016,,중개거래,5134.297328125001,32.0,gangnam,강남구
11680,개포동,,마메종,다세대,1167-4,36.59,202505,1,58500,2,2023,,직거래,5285.280746105494,37.0,gangnam,강남구
11680,대치동,,스톤빌리지대치2차,다세대,934-8,44.35,202505,24,95000,3,2018,,중개거래,7081.162908680947,44.0,gangnam,강남구
11680,논현동,,파크쉐르빌,다세대,273-2,29.91,202505,29,43800,5,2016,,중개거래,4840.969007021064,30.0,gangnam,강남구
11680,청담동,,청담빌라(95),연립,95,242.11,202505,28,1500000,2,1985,,중개거래,20481.093304696213,242.0,gangnam,강남구
11680,논현동,,동산빌라,연립,173-15,50.04,202505,16,18000,-1,1990,,직거래,1189.131294964029,50.0,gangnam,강남구
11680,역삼동,,역삼더빌,다세대,684-7,12.57,202505,16,18000,2,2012,,직거래,4733.821002386635,13.0,gangnam,강남구
11680,논현동,,GEOville,다세대,167-14,15.44,202505,30,17500,5,2013,,중개거래,3746.841806994819,15.0,gangnam,강남구
11680,논현동,,그랑빌,연립,23-14,151.13,202505,29,112000,1,2003,,직거래,2449.8638258452993,151.0,gangnam,강남구
11680,논현동,,서진플로렌스154,다세대,154-1,12.37,202505,30,19000,1,2013,,중개거래,5077.600242522231,12.0,gangnam,강남구
11680,논현동,,논현빌(137-1),다세대,137-1,17.6,202505,29,18000,4,2013,,중개거래,3380.916477272727,18.0,gangnam,강남구
11680,도곡동,,가동,다세대,193-12,29.93,202505,12,38800,3,2015,,중개거래,4285.48138990979,30.0,gangnam,강남구
11680,청담동,,(13-35),다세대,13-35,28.29,202505,26,47500,3,2019,,중개거래,5550.540385295158,28.0,gangnam,강남구
11680,신사동,,세광빌리지나동,연립,606-19,83.94,202505,2,200000,2,1985,,중개거래,7876.542768644271,84.0,gangnam,강남구
11680,논현동,,모두가행복한집A,다세대,177-10,23.48,202505,16,36200,5,2020,,중개거래,5096.653194207837,23.0,gangnam,강남구
11680,개포동,,골든빌,다세대,1205-4,32.22,202505,17,53000,2,2015,,중개거래,5437.821384233395,32.0,gangnam,강남구
11680,논현동,,GEOville,다세대,167-14,16.72,202505,19,16500,2,2013,,중개거래,3262.287828947369,17.0,gangnam,강남구
11680,논현동,,모두가S,다세대,149-11,27.63,202505,19,40500,4,2019,,직거래,4845.613192182411,28.0,gangnam,강남구
11680,일원동,,청솔빌리지,연립,739,59.75,202505,13,195000,2,1993,,중개거래,10788.75439330544,60.0,gangnam,강남구
11680,일원동,,(635-14),다세대,635-14,31.37,202505,10,93000,3,2023,,중개거래,9800.382690468601,31.0,gangnam,강남구
11680,개포동,,현대빌라,연립,1211-2,84.36,202505,9,139000,2,1990,,중개거래,5446.943041725937,84.0,gangnam,강남구
11680,역삼동,,마이플레이스(794-23),다세대,794-23,28.92,202505,2,40000,3,2019,,중개거래,4572.316735822959,29.0,gangnam,강남구
11680,개포동,,티드빌라,다세대,1244-8,64.82,202505,9,62000,2,2002,,중개거래,3161.9665226781863,65.0,gangnam,강남구
11680,역삼동,,마이플레이스,다세대,792-7,29.72,202505,15,39000,3,2018,,중개거래,4338.008580080754,30.0,gangnam,강남구
11680,논현동,,리안빌리지,다세대,197-9,14.52,202505,1,20000,2,2013,,중개거래,4553.422865013774,15.0,gangnam,강남구
11680,역삼동,,다올2차,다세대,745-35,29.37,202505,1,42000,4,2019,,중개거래,4727.373850868233,29.0,gangnam,강남구
11680,논현동,,KEA(21차),다세대,173-10,23.79,202505,1,34500,2,2020,,중개거래,4794.013556116015,24.0,gangnam,강남구
11680,도곡동,,도곡BuildTogetherYM,다세대,947-29,19.66,202505,1,22500,2,2014,,중개거래,3783.3246439471004,20.0,gangnam,강남구
11680,도곡동,,J&JARTVILL,다세대,947-19,29.76,202505,7,37900,2,2016,,중개거래,4209.988289650538,30.0,gangnam,강남구
11680,삼성동,,(91-14),연립,91-14,81.32,202505,6,219000,2,1980,,중개거래,8902.692019183474,81.0,gangnam,강남구
11680,대치동,,지평타운,다세대,954-22,66.16,202505,14,85000,4,2010,,중개거래,4247.1542472793235,66.0,gangnam,강남구
11680,논현동,,가운빌라,다세대,173-22,33.72,202505,7,34000,4,2007,,중개거래,3333.2351720047454,34.0,gangnam,강남구
11680,역삼동,,꿈꾸지오,다세대,751-4,26.45,202505,1,35000,6,2016,,중개거래,4374.384688090738,26.0,gangnam,강남구
11680,논현동,,하나센스빌,연립,227-6,79.62,202505,1,79000,4,2003,,중개거래,3280.0428912333587,80.0,gangnam,강남구
11680,일원동,,에이치피엘,다세대,643-9,29.61,202506,22,74000,4,2022,,중개거래,8261.671394799056,30.0,gangnam,강남구
11680,개포동,,명진빌라,다세대,1178-2,39.24,202506,6,49000,2,1990,,중개거래,4128.018985728848,39.0,gangnam,강남구
11680,일원동,,골드캐슬,다세대,656-12,29.92,202506,6,61500,3,2021,,중개거래,6794.979194518717,30.0,gangnam,강남구
11680,역삼동,,풍성애뜨란,다세대,766-10,25.69,202506,30,58000,5,2018,,중개거래,7463.430517711171,26.0,gangnam,강남구
11680,역삼동,,쉐누,다세대,658-15,37.81,202506,25,60000,5,2019,,중개거래,5245.889976196773,38.0,gangnam,강남구
11680,세곡동,,강남효성해링턴코트,연립,541,108.3435,202506,27,229500,1,2016,,중개거래,7002.521217239613,108.0,gangnam,강남구
11680,개포동,,어반피나클개포,다세대,1183-11,29.09,202506,20,57000,2,2024,,직거래,6477.474905465797,29.0,gangnam,강남구
11680,역삼동,,더블유힐,다세대,778-23,36.03,202506,27,59900,4,2013,,중개거래,5495.879031362753,36.0,gangnam,강남구
11680,일원동,,에이치피엘,다세대,643-9,17.28,202506,23,51000,4,2022,,중개거래,9756.657118055555,17.0,gangnam,강남구
11680,삼성동,,H빌,다세대,24-15,36.37,202506,27,59500,3,2014,,중개거래,5408.144281000825,36.0,gangnam,강남구
11680,삼성동,,로얄빌,다세대,27-5,22.65,202506,26,59700,2,2001,,중개거래,8713.261125827816,23.0,gangnam,강남구
11680,개포동,,개포동삼성베스트빌,다세대,1206,28.53,202506,28,50000,3,2017,,중개거래,5793.524360322468,29.0,gangnam,강남구
11680,개포동,,어반피나클개포,다세대,1183-11,25.68,202506,21,67800,4,2024,,중개거래,8727.890303738317,26.0,gangnam,강남구
11680,개포동,,개포동삼성베스트빌,다세대,1206,26.93,202506,22,53500,5,2017,,중개거래,6567.378295581137,27.0,gangnam,강남구
11680,개포동,,충원아트빌,다세대,1200-8,51.91,202506,25,60000,5,2000,,중개거래,3820.9805432479293,52.0,gangnam,강남구
11680,개포동,,산호빌라(6세대),다세대,160-7,36.84,202506,26,48600,-1,1988,,직거래,4361.051872964169,37.0,gangnam,강남구
11680,역삼동,,더블유힐,다세대,778-23,40.59,202506,30,59800,2,2013,,중개거래,4870.311480660261,41.0,gangnam,강남구
11680,일원동,,다세대주택(662-4),다세대,662-4,44.66,202506,21,66500,2,1987,,중개거래,4922.407131661443,45.0,gangnam,강남구
11680,청담동,,월드빌리지,연립,123,75.96,202506,16,137000,2,1991,,중개거래,5962.250460768827,76.0,gangnam,강남구
11680,일원동,,골든빌,다세대,678-1,29.44,202506,21,74000,4,2020,,중개거래,8309.378057065218,29.0,gangnam,강남구
11680,청담동,,(13-35),다세대,13-35,28.29,202506,19,50000,2,2019,,중개거래,5842.6740897843765,28.0,gangnam,강남구
11680,삼성동,,금향빌라,연립,102-4,130.71,202506,13,290000,4,1993,,중개거래,7334.386427970316,131.0,gangnam,강남구
11680,역삼동,,더블유힐,다세대,778-23,40.59,202506,30,59800,3,2013,,중개거래,4870.311480660261,41.0,gangnam,강남구
11680,개포동,,동산빌,다세대,1265-6,48.32,202506,24,57000,2,2004,,중개거래,3899.622206125828,48.0,gangnam,강남구
11680,삼성동,,삼성더하임,다세대,29-1,29.54,202506,25,56000,4,2020,,중개거래,6266.890995260665,30.0,gangnam,강남구
11680,삼성동,,삼성더하임2차,다세대,25-9,24.16,202506,11,61000,5,2021,,중개거래,8346.55980960265,24.0,gangnam,강남구
11680,대치동,,경일빌라디동,연립,984-11,61.35,202506,21,115000,2,1987,,중개거래,6196.662999185004,61.0,gangnam,강남구
11680,신사동,,현대빌라A,연립,595-13,84.85,202506,18,148000,3,1988,,중개거래,5766.13058338244,85.0,gangnam,강남구
11680,역삼동,,효산휴먼빌(729-8),다세대,729-8,81.67,202506,27,76500,3,2003,,중개거래,3096.5171115464677,82.0,gangnam,강남구
11680,개포동,,아키힐(163-0),다세대,163,65.14,202506,21,104000,5,2004,,중개거래,5277.888240712312,65.0,gangnam,강남구
11680,일원동,,(625-15),다세대,625-15,31.92,202506,30,91000,3,2021,,중개거래,9424.38706140351,32.0,gangnam,강남구
11680,일원동,,샤갈하우스2,다세대,663-9,37.61,202506,22,85000,2,2021,,중개거래,7471.197155011965,38.0,gangnam,강남구
11680,개포동,,개포리치빌,다세대,171-8,29.29,202506,28,69000,2,2023,,직거래,7787.612325025606,29.0,gangnam,강남구
11680,일원동,,블루미어3차,다세대,638-18,12.4,202506,27,49000,1,2024,,중개거래,13063.182661290322,12.0,gangnam,강남구
11680,일원동,,블루미어2차,다세대,629-14,18.04,202506,27,66000,3,2024,,중개거래,12094.33536585366,18.0,gangnam,강남구
11680,일원동,,블루미어2차,다세대,629-14,27.44,202506,27,84000,3,2024,,중개거래,10119.75,27.0,gangnam,강남구
11680,논현동,,MODUGAL,다세대,156-22,22.92,202506,5,38000,2,2019,,중개거래,5480.79537521815,23.0,gangnam,강남구
11680,역삼동,,중앙클래식,다세대,741-30,55.03,202506,13,83000,5,2017,,중개거래,4986.010448846084,55.0,gangnam,강남구
11680,개포동,,두성빌라,다세대,1264-2,53.51,202506,20,52000,4,1992,,중개거래,3212.4989721547377,54.0,gangnam,강남구
11680,일원동,,다세대주택(5세대),다세대,653-9,65.95,202506,24,65000,-1,1987,,중개거래,3258.1656557998485,66.0,gangnam,강남구
11680,논현동,,모두가행복한집A,다세대,177-10,22.98,202506,20,38000,3,2020,,중개거래,5466.485204525675,23.0,gangnam,강남구
11680,일원동,,블루미어3차,다세대,638-18,14.12,202506,27,51000,1,2024,,중개거래,11940.158286118982,14.0,gangnam,강남구
11680,일원동,,팰리체,다세대,642-5,16.76,202506,25,55000,2,2020,,중개거래,10848.339797136037,17.0,gangnam,강남구
11680,일원동,,블루미어2차,다세대,629-14,18.04,202506,26,66000,2,2024,,중개거래,12094.33536585366,18.0,gangnam,강남구
11680,청담동,,(13-35),다세대,13-35,28.29,202506,11,50000,3,2019,,중개거래,5842.6740897843765,28.0,gangnam,강남구
11680,대치동,,효산휴먼빌,다세대,928-25,80.37,202506,13,59000,4,2002,,직거래,2426.7925220853554,80.0,gangnam,강남구
11680,역삼동,,런던빌,다세대,797-24,29.08,202506,20,43000,5,2019,,중개거래,4888.196526822559,29.0,gangnam,강남구
11680,일원동,,에코캐슬,다세대,636-15,29.75,202506,16,64000,2,2017,,중개거래,7111.604705882353,30.0,gangnam,강남구
11680,대치동,,더힐하우스,다세대,920-27,42.56,202506,14,86500,4,2016,,중개거래,6718.7594572368425,43.0,gangnam,강남구
11680,논현동,,모젠빌,다세대,153-6,31.46,202506,6,24000,3,2002,,중개거래,2521.8957406230134,31.0,gangnam,강남구
11680,일원동,,민건빌라,다세대,643,61.82,202506,13,82500,5,2006,,중개거래,4411.634786476869,62.0,gangnam,강남구
11680,청담동,,리더스빌,연립,13-21,35.28,202506,27,49500,3,1996,,중개거래,4638.21875,35.0,gangnam,강남구
11680,개포동,,셍상스1,다세대,1221-10,22.69,202506,17,28500,1,1996,,중개거래,4152.264103129132,23.0,gangnam,강남구
11680,일원동,,(676-7),다세대,676-7,21.15,202506,6,50000,1,2021,,중개거래,7815.094562647755,21.0,gangnam,강남구
11680,개포동,,대림빌리지,연립,1200-6,51.54,202506,3,53000,1,1997,,중개거래,3399.4296662786187,52.0,gangnam,강남구
11680,역삼동,,697-40,다세대,697-40,30.0,202506,4,46800,3,2016,,중개거래,5157.024600000001,30.0,gangnam,강남구
11680,역삼동,,783-16,다세대,783-16,55.38,202506,24,75000,2,2017,,중개거래,4476.9569339111595,55.0,gangnam,강남구
11680,논현동,,(197-3),다세대,197-3,15.9,202506,25,18200,5,2012,,중개거래,3783.980314465409,16.0,gangnam,강남구
11680,개포동,,한성,다세대,1262-1,56.92,202506,18,76000,1,1992,,중개거래,4413.9082923401265,57.0,gangnam,강남구
11680,개포동,,삼성파크뷰,다세대,1257-9,72.67,202506,20,80500,4,2001,,중개거래,3661.974576854273,73.0,gangnam,강남구
11680,개포동,,노블레스빌,다세대,1195-3,29.99,202506,14,51800,5,2018,,중개거래,5709.892064021341,30.0,gangnam,강남구
11680,삼성동,,봉은빌리지,다세대,77-19,48.89,202506,3,150000,1,1986,,직거래,10142.518920024546,49.0,gangnam,강남구
11680,개포동,,더파인하우스,다세대,1172-3,22.31,202506,19,39000,6,2017,,중개거래,5778.826311071269,22.0,gangnam,강남구
11680,논현동,,대우멤버스카운티101,연립,30-2,134.68,202506,17,250000,2,2004,,중개거래,6136.369542619543,135.0,gangnam,강남구
11680,삼성동,,힐스테이7,다세대,34-12,21.87,202506,18,35000,3,2016,,중개거래,5290.465249199818,22.0,gangnam,강남구
11680,개포동,,청아람,다세대,1211-1,52.31,202506,4,82000,4,2014,,중개거래,5182.075511374498,52.0,gangnam,강남구
11680,삼성동,,(33-15),다세대,33-15,53.27,202506,13,85894,2,2004,,중개거래,5330.337840998686,53.0,gangnam,강남구
11680,삼성동,,(33-15),다세대,33-15,37.21,202506,13,58705,2,2004,,중개거래,5215.428874630476,37.0,gangnam,강남구
11680,삼성동,,(33-15),다세대,33-15,53.27,202506,13,85894,3,2004,,중개거래,5330.337840998686,53.0,gangnam,강남구
11680,삼성동,,(33-15),다세대,33-15,37.21,202506,13,58705,3,2004,,중개거래,5215.428874630476,37.0,gangnam,강남구
11680,삼성동,,(33-15),다세대,33-15,75.6,202506,13,122971,4,2004,,중개거래,5377.191630092593,76.0,gangnam,강남구
11680,삼성동,,(33-15),다세대,33-15,57.35,202506,13,70446,5,2004,,중개거래,4060.668354141238,57.0,gangnam,강남구
11680,삼성동,,(33-15),다세대,33-15,25.37,202506,13,37386,5,2004,,중개거래,4871.504848640126,25.0,gangnam,강남구
11680,일원동,,(635-14),다세대,635-14,31.37,202506,7,93000,2,2023,,중개거래,9800.382690468601,31.0,gangnam,강남구
11680,논현동,,아이파크,다세대,188-3,14.18,202506,18,17700,4,2013,,중개거래,4126.402997179126,14.0,gangnam,강남구
11680,논현동,,라인빌리지(149-18),다세대,149-18,17.61,202506,10,18700,4,2012,,중개거래,3510.402015900057,18.0,gangnam,강남구
11680,개포동,,뉴그린하우스,다세대,1177-7,59.2,202506,14,69800,2,2013,,중개거래,3897.699206081081,59.0,gangnam,강남구
11680,역삼동,,역삼어반하우스,다세대,798-27,58.43,202506,9,72489,2,2016,,중개거래,4101.198851018313,58.0,gangnam,강남구
11680,역삼동,,역삼어반하우스,다세대,798-27,40.98,202506,9,50845,2,2016,,중개거래,4101.577313933627,41.0,gangnam,강남구
11680,역삼동,,역삼어반하우스,다세대,798-27,58.43,202506,9,72489,3,2016,,중개거래,4101.198851018313,58.0,gangnam,강남구
11680,역삼동,,역삼어반하우스,다세대,798-27,40.98,202506,9,50845,3,2016,,중개거래,4101.577313933627,41.0,gangnam,강남구
11680,역삼동,,역삼어반하우스,다세대,798-27,53.5,202506,9,66369,4,2016,,중개거래,4100.965320841122,54.0,gangnam,강남구
11680,역삼동,,역삼어반하우스,다세대,798-27,29.97,202506,9,37189,4,2016,,중개거래,4102.063342175509,30.0,gangnam,강남구
11680,역삼동,,역삼어반하우스,다세대,798-27,42.88,202506,9,53207,5,2016,,중개거래,4101.93336042444,43.0,gangnam,강남구
11680,역삼동,,역삼어반하우스,다세대,798-27,31.63,202506,9,39250,5,2016,,중개거래,4102.183409737591,32.0,gangnam,강남구
11680,역삼동,,역삼어반하우스,다세대,798-27,59.48,202506,9,73798,6,2016,,중개거래,4101.5521424008075,59.0,gangnam,강남구
11680,역삼동,,역삼어반하우스,다세대,798-27,28.86,202506,9,35815,4,2016,,중개거래,4102.449403153154,29.0,gangnam,강남구
11680,역삼동,,역삼어반하우스,다세대,798-27,53.51,202506,9,66348,4,2016,,중개거래,4098.901573163895,54.0,gangnam,강남구
11680,역삼동,,역삼어반하우스,다세대,798-27,31.07,202506,9,38649,5,2016,,중개거래,4112.1752322175735,31.0,gangnam,강남구
11680,역삼동,,역삼어반하우스,다세대,798-27,42.72,202506,9,53035,5,2016,,중개거래,4103.986598197566,43.0,gangnam,강남구
11680,역삼동,,역삼어반하우스,다세대,798-27,58.91,202506,9,73004,6,2016,,중개거래,4096.681856051605,59.0,gangnam,강남구
11680,논현동,,아이파크,다세대,188-3,14.04,202506,16,16500,5,2013,,중개거래,3885.0037393162397,14.0,gangnam,강남구
11680,일원동,,샤갈하우스2,다세대,663-9,15.46,202506,12,45000,4,2021,,중개거래,9622.271992238033,15.0,gangnam,강남구
11680,개포동,,청담빌라,다세대,1255-2,26.68,202506,14,22800,-1,1993,,중개거래,2825.033658170915,27.0,gangnam,강남구
11680,일원동,,워너빌,다세대,660-1,18.26,202506,7,50000,1,2020,,중개거래,9051.9852135816,18.0,gangnam,강남구
11680,역삼동,,역삼더빌,다세대,684-7,12.57,202506,7,13200,4,2012,,중개거래,3471.4687350835325,13.0,gangnam,강남구
11680,일원동,,에이치피엘,다세대,643-9,20.79,202506,7,54000,1,2022,,중개거래,8586.454545454546,21.0,gangnam,강남구
11680,역삼동,,루브르하우스,다세대,722-4,33.464,202506,5,39000,4,2017,,중개거래,3852.665999282812,33.0,gangnam,강남구
11680,역삼동,,스타힐스,다세대,781-35,18.4,202506,6,32000,4,2012,,중개거래,5749.191304347826,18.0,gangnam,강남구
11680,자곡동,,엘에이치강남8단지,다세대,646,59.62,202506,1,110000,4,2013,,중개거래,6099.234317343175,60.0,gangnam,강남구
11680,역삼동,,역삼더빌,다세대,684-7,12.57,202506,6,13200,4,2012,,중개거래,3471.4687350835325,13.0,gangnam,강남구
11680,개포동,,대고샤인빌,다세대,1175-8,32.41,202506,7,53000,6,2022,,중개거래,5405.942764578835,32.0,gangnam,강남구
11680,개포동,,더파인하우스,다세대,1172-3,28.56,202506,5,45000,3,2017,,중개거래,5208.694852941177,29.0,gangnam,강남구
11680,개포동,,뉴아트빌라(1182-4),다세대,1182-4,47.55,202506,6,58500,2,1994,,중개거래,4067.054100946373,48.0,gangnam,강남구
11680,논현동,,HauzenVill,다세대,230-12,96.13,202506,4,75000,4,2003,,중개거래,2579.1519296785605,96.0,gangnam,강남구
11680,개포동,,F.ROADVILLA,다세대,1255-7,29.93,202506,4,70000,2,2022,,중개거래,7731.538590043435,30.0,gangnam,강남구
11680,개포동,,청광아트빌라,다세대,1182-2,47.17,202506,6,47500,4,1996,,중개거래,3328.9121793512827,47.0,gangnam,강남구
11680,논현동,,(188-6),다세대,188-6,19.57,202506,4,16500,5,2013,,중개거래,2787.1973684210525,20.0,gangnam,강남구
11680,논현동,,창현주택,다세대,132-8,37.18,202506,4,36500,1,1988,,중개거래,3245.3241662183973,37.0,gangnam,강남구
11680,청담동,,청담스테이,다세대,38,27.11,202507,25,75000,6,2018,,직거래,9145.47676134268,27.0,gangnam,강남구
11680,개포동,,마메종,다세대,1167-4,29.98,202507,29,58500,2,2023,,직거래,6450.58113742495,30.0,gangnam,강남구
11680,역삼동,,스타힐스,다세대,781-35,14.28,202507,23,28000,4,2012,,중개거래,6481.931372549021,14.0,gangnam,강남구
11680,논현동,,까사미아(249-18),연립,249-18,84.86,202507,16,88000,2,2002,,중개거래,3428.1060570351165,85.0,gangnam,강남구
11680,역삼동,,다올2차,다세대,745-35,29.85,202507,16,40000,6,2019,,중개거래,4429.862646566165,30.0,gangnam,강남구
11680,개포동,,F.ROADVILLA,다세대,1255-7,17.14,202507,31,58000,5,2022,,중개거래,11186.43698949825,17.0,gangnam,강남구
11680,청담동,,영동빌라,다세대,1-22,52.65,202507,19,144000,1,1986,,중개거래,9041.46324786325,53.0,gangnam,강남구
11680,청담동,,영동빌라,다세대,1-22,52.65,202507,19,140000,2,1986,,중개거래,8790.311490978158,53.0,gangnam,강남구
11680,역삼동,,루브르하우스,다세대,722-4,23.032,202507,19,30000,5,2017,,중개거래,4305.90265717263,23.0,gangnam,강남구
11680,청담동,,영동빌라,다세대,1-22,52.65,202507,19,120000,2,1986,,중개거래,7534.552706552708,53.0,gangnam,강남구
11680,청담동,,영동빌라,다세대,1-22,52.65,202507,19,140000,1,1986,,중개거래,8790.311490978158,53.0,gangnam,강남구
11680,개포동,,1218-12,다세대,1218-12,29.6,202507,29,59500,5,2019,,중개거래,6645.074577702702,30.0,gangnam,강남구
11680,청담동,,청담스테이,다세대,38,28.52,202507,25,63000,3,2018,,직거래,7302.400245441796,29.0,gangnam,강남구
11680,청담동,,동방빌라(11-26),다세대,11-26,71.61,202507,12,79000,3,1991,,중개거래,3646.934995112415,72.0,gangnam,강남구
11680,도곡동,,Merlin,연립,516-4,80.42,202507,28,102000,4,2003,,중개거래,4192.863342452127,80.0,gangnam,강남구
11680,개포동,,이레빌라,다세대,1221-6,68.64,202507,21,66000,1,1999,,중개거래,3178.6394230769233,69.0,gangnam,강남구
11680,일원동,,블리시움1차,다세대,627-4,29.47,202507,12,74000,4,2021,,중개거래,8300.919239904988,29.0,gangnam,강남구
11680,도곡동,,J&JARTVILL,다세대,947-19,29.22,202507,19,39500,5,2016,,중개거래,4468.805869267625,29.0,gangnam,강남구
11680,대치동,,(954-21),다세대,954-21,71.68,202507,11,99000,1,1987,,중개거래,4565.74658203125,72.0,gangnam,강남구
11680,논현동,,태원빌라트,다세대,39-6,28.91,202507,13,41500,4,2016,,중개거래,4745.419491525424,29.0,gangnam,강남구
11680,대치동,,정진맨션(917-13),다세대,917-13,39.36,202507,19,33000,1,1996,,중개거래,2771.6185213414633,39.0,gangnam,강남구
11680,청담동,,영동빌라,다세대,1-22,52.65,202507,19,120000,-1,1986,,중개거래,7534.552706552708,53.0,gangnam,강남구
11680,역삼동,,신성아트,연립,674-43,104.98,202507,15,103000,2,1988,,중개거래,3243.4354638978853,105.0,gangnam,강남구
11680,개포동,,F.ROADVILLA,다세대,1255-7,16.55,202507,28,50000,2,2022,,중개거래,9987.26586102719,17.0,gangnam,강남구
11680,도곡동,,가동,다세대,193-12,29.925,202507,28,40000,3,2015,,중개거래,4418.7602339181285,30.0,gangnam,강남구
11680,논현동,,논현펠리시움,다세대,136-2,54.76,202507,28,74000,5,2006,,중개거래,4467.2770270270275,55.0,gangnam,강남구
11680,논현동,,(167-12),다세대,167-12,39.54,202507,11,30000,2,1986,,중개거래,2508.1828528072842,40.0,gangnam,강남구
11680,개포동,,프라임그린빌,다세대,1196-13,40.5,202507,28,30500,5,2002,,직거래,2489.541790123457,40.0,gangnam,강남구
11680,개포동,,F.ROADVILLA,다세대,1255-7,26.84,202507,3,63000,4,2022,,중개거래,7759.480439642325,27.0,gangnam,강남구
11680,논현동,,진흥펠리체A동,다세대,190-2,29.67,202507,12,43000,4,2015,,중개거래,4790.992753623188,30.0,gangnam,강남구
11680,개포동,,노블레스빌,다세대,1195-3,28.2,202507,20,49000,2,2018,,중개거래,5744.0945035461,28.0,gangnam,강남구
11680,논현동,,진흥펠리체B동,다세대,190-20,25.83,202507,24,33000,2,2015,,중개거래,4223.418699186993,26.0,gangnam,강남구
11680,역삼동,,뮤지컬파크,다세대,774-33,40.42,202507,22,56000,3,2015,,중개거래,4580.008906481939,40.0,gangnam,강남구
11680,개포동,,삼성가동,다세대,1257-10,51.49,202507,14,45000,-1,1993,,중개거래,2889.1109924257134,51.0,gangnam,강남구
11680,삼성동,,로얄빌,다세대,27-5,22.95,202507,1,60508,2,2001,,중개거래,8715.748966448802,23.0,gangnam,강남구
11680,역삼동,,꿈꾸지오(697-23),다세대,697-23,26.99,202507,8,34500,4,2016,,중개거래,4225.623656909967,27.0,gangnam,강남구
11680,역삼동,,783-16,다세대,783-16,55.38,202507,18,65000,3,2017,,중개거래,3880.029342723005,55.0,gangnam,강남구
11680,일원동,,더메인즈,다세대,643-7,29.16,202507,15,57000,4,2021,,중개거래,6461.925411522634,29.0,gangnam,강남구
11680,역삼동,,하우징허브,다세대,781-18,26.21,202507,18,47500,5,2018,,중개거래,5991.025848912629,26.0,gangnam,강남구
11680,개포동,,Artespace,다세대,1183-10,48.77,202507,4,71000,3,2021,,중개거래,4812.604777527168,49.0,gangnam,강남구
11680,삼성동,,H빌,다세대,24-15,36.37,202507,1,59500,4,2014,,중개거래,5408.144281000825,36.0,gangnam,강남구
11680,대치동,,삼안타운,다세대,979-22,58.39,202507,3,140000,2,1988,,중개거래,7926.184278129817,58.0,gangnam,강남구
11680,개포동,,대고샤인빌,다세대,1175-8,52.06,202507,7,75000,5,2022,,직거래,4762.463983864772,52.0,gangnam,강남구
11680,일원동,,달빛하우스,다세대,682-11,29.692,202507,12,59000,4,2017,,중개거래,6568.817021419911,30.0,gangnam,강남구
11680,도곡동,,리버풀하우스,다세대,948-8,29.9,202507,9,30000,2,2015,,직거래,3316.841137123746,30.0,gangnam,강남구
11680,역삼동,,역삼더하임,다세대,774-40,29.32,202507,14,47800,4,2020,,중개거래,5389.376637107776,29.0,gangnam,강남구
11680,논현동,,꿈꾸지오(176-9),다세대,176-9,22.51,202507,15,32500,2,2019,,중개거래,4772.901488227454,23.0,gangnam,강남구
11680,논현동,,벨뷰논현,다세대,173-7,25.46,202507,10,47500,6,2022,,직거래,6167.509328358209,25.0,gangnam,강남구
11680,역삼동,,스타힐스,다세대,781-35,14.37,202507,10,24500,4,2012,,중개거래,5636.16788448156,14.0,gangnam,강남구
11680,역삼동,,이지빌라트,다세대,783-20,46.45,202507,8,47500,1,2002,,중개거래,3380.512109795479,46.0,gangnam,강남구
11680,삼성동,,로얄빌,다세대,27-5,21.28,202507,2,56200,5,2001,,중개거래,8730.503618421053,21.0,gangnam,강남구
11680,대치동,,스톤빌리지대치3차,다세대,910-11,54.3,202507,2,93000,2,2018,,중개거래,5661.841712707183,54.0,gangnam,강남구
11680,논현동,,창현주택,다세대,132-8,37.18,202507,7,35500,2,1988,,중개거래,3156.4111753630987,37.0,gangnam,강남구
11680,역삼동,,더블유힐,다세대,778-23,36.03,202507,3,59500,3,2013,,중개거래,5459.178670552317,36.0,gangnam,강남구
11680,논현동,,논현파크빌(133-72),다세대,122-17,17.43,202507,1,17000,5,2013,,중개거래,3224.2309236947794,17.0,gangnam,강남구
11680,일원동,,블루미어2차,다세대,629-14,27.44,202507,2,84000,2,2024,,중개거래,10119.75,27.0,gangnam,강남구
11680,역삼동,,한스빌라,다세대,704-14,63.46,202507,5,65000,1,1994,,직거래,3386.0073274503625,63.0,gangnam,강남구
11680,역삼동,,역삼이안베스티움,다세대,774-24,25.2,202507,3,49000,6,2019,,중개거래,6427.915277777779,25.0,gangnam,강남구
11680,개포동,,평화빌라A동(160-1),다세대,160-1,72.64,202507,3,108000,3,1993,,중개거래,4914.988711453745,73.0,gangnam,강남구
11680,일원동,,달빛하우스,다세대,682-11,29.555,202507,3,59000,3,2017,,중개거래,6599.266283200813,30.0,gangnam,강남구
11680,일원동,,다온,다세대,664-5,28.25,202507,2,71000,1,2023,,중개거래,8308.344601769912,28.0,gangnam,강남구
11680,역삼동,,역삼이안베스티움,다세대,780-42,52.38,202507,22,72000,2,2021,,중개거래,4544.034364261168,52.0,gangnam,강남구
11680,일원동,,청솔빌리지,연립,739,59.75,202508,18,112000,1,1993,,직거래,6196.6179079497915,60.0,gangnam,강남구
11680,일원동,,블루미어3차,다세대,638-18,27.44,202508,7,86000,3,2024,,중개거래,10360.69642857143,27.0,gangnam,강남구
11680,일원동,,다세대주택,다세대,623-8,47.28,202508,8,73000,1,1986,,중개거래,5104.109665820643,47.0,gangnam,강남구
11680,청담동,,리더스빌,연립,13-21,35.28,202508,24,49000,3,1996,,중개거래,4591.368055555556,35.0,gangnam,강남구
11680,역삼동,,더클래스,다세대,744-17,27.32,202508,23,49000,2,2022,,중개거래,5929.116581259151,27.0,gangnam,강남구
11680,논현동,,꿈꾸지오(177-11),다세대,177-11,24.23,202508,26,38000,2,2018,,중개거래,5184.475030953364,24.0,gangnam,강남구
11680,개포동,,G-heim,다세대,1245-5,12.91,202508,29,19900,6,2017,,중개거래,5095.671688613478,13.0,gangnam,강남구
11680,역삼동,,동원스위트,다세대,745-1,29.15,202508,19,40300,2,2016,,중개거래,4570.26193825043,29.0,gangnam,강남구
11680,일원동,,휴먼하우스2차,다세대,622-6,28.403,202508,23,69500,2,2022,,중개거래,8089.00670703799,28.0,gangnam,강남구
11680,청담동,,청석빌라(69-12),다세대,69-12,44.28,202508,14,55000,2,1990,,중개거래,4106.101513098464,44.0,gangnam,강남구
11680,논현동,,모두가행복한집A,다세대,177-10,22.98,202508,30,38000,2,2020,,중개거래,5466.485204525675,23.0,gangnam,강남구
11680,논현동,,벨뷰논현,다세대,173-7,21.22,202508,10,45000,3,2022,,직거래,7010.382893496702,21.0,gangnam,강남구
11680,역삼동,,아네스빌,다세대,749-6,37.1,202508,29,48000,3,2017,,중개거래,4277.026415094339,37.0,gangnam,강남구
11680,삼성동,,H빌,다세대,24-15,30.19,202508,12,49400,2,2014,,중개거래,5409.267273931765,30.0,gangnam,강남구
11680,논현동,,논현밸류,다세대,171-16,24.98,202508,26,38000,3,2015,,중개거래,5028.816253002402,25.0,gangnam,강남구
11680,논현동,,(159-9),다세대,159-9,57.88,202508,28,36500,2,2002,,중개거래,2084.6778248099513,58.0,gangnam,강남구
11680,개포동,,삼성,다세대,1168-6,42.82,202508,23,45000,1,1996,,중개거래,3474.085123773938,43.0,gangnam,강남구
11680,역삼동,,다올2차,다세대,745-35,29.37,202508,26,42500,5,2019,,중개거래,4783.652110997617,29.0,gangnam,강남구
11680,논현동,,논현빌라(220-18),연립,220-18,80.8,202508,8,95000,5,1998,,중개거래,3886.7521658415844,81.0,gangnam,강남구
11680,역삼동,,드림캐슬,다세대,749,19.99,202508,16,31000,2,2018,,중개거래,5126.5300150075045,20.0,gangnam,강남구
11680,역삼동,,스톤빌리지,다세대,785-10,55.69,202508,23,77500,4,2016,,중개거래,4600.437017417849,56.0,gangnam,강남구
11680,역삼동,,아네스빌,다세대,749-6,41.5,202508,26,48000,2,2017,,중개거래,3823.558554216868,42.0,gangnam,강남구
11680,역삼동,,꿈꾸지오,다세대,751-4,26.14,202508,14,35400,4,2016,,중개거래,4476.8473221117065,26.0,gangnam,강남구
11680,개포동,,비엔미빌,다세대,1199-8,57.435,202508,25,71750,4,2015,,중개거래,4129.713132236441,57.0,gangnam,강남구
11680,논현동,,한우리빌라,연립,36,208.28,202508,4,255000,1,1993,,중개거래,4047.316953140004,208.0,gangnam,강남구
11680,개포동,,예가풍경채,다세대,1236-11,24.88,202508,29,48000,3,2018,,중개거래,6377.720257234728,25.0,gangnam,강남구
11680,역삼동,,꿈꾸지오,다세대,751-4,22.18,202508,20,37500,6,2016,,중개거래,5589.131537421101,22.0,gangnam,강남구
11680,역삼동,,우림레스빌,다세대,774-21,63.21,202508,27,58000,3,2001,,중개거래,3033.31007751938,63.0,gangnam,강남구
11680,개포동,,삼성,다세대,1168-6,40.41,202508,22,45000,1,1996,,중개거래,3681.275055679288,40.0,gangnam,강남구
11680,개포동,,아원포레스빌나동,다세대,1256-3,75.82,202508,19,88000,4,2004,,중개거래,3836.8383012397794,76.0,gangnam,강남구
11680,대치동,,(1019-8),다세대,1019-8,36.53,202508,23,80000,3,1987,,중개거래,7239.605803449219,37.0,gangnam,강남구
11680,역삼동,,(685-12),다세대,685-12,28.11,202508,27,38000,3,2017,,중개거래,4468.866239772324,28.0,gangnam,강남구
11680,개포동,,수창스마트빌,다세대,1171-7,29.98,202508,5,51000,3,2015,,중개거래,5623.583555703803,30.0,gangnam,강남구
11680,논현동,,강남하이츠,연립,107-41,86.46,202508,22,63000,4,2000,,직거래,2408.795454545455,86.0,gangnam,강남구
11680,역삼동,,동원스위트,다세대,745-1,28.45,202508,23,42500,4,2016,,중개거래,4938.343145869948,28.0,gangnam,강남구
11680,청담동,,청담대우멤버스카운티V,연립,111-18,149.79,202508,18,355000,4,2003,,중개거래,7834.659690232993,150.0,gangnam,강남구
11680,논현동,,그린빌에이동,다세대,264-3,15.54,202508,25,21000,4,2016,,중개거래,4467.2770270270275,16.0,gangnam,강남구
11680,역삼동,,꿈꾸지오(697-23),다세대,697-23,26.99,202508,18,33800,2,2016,,중개거래,4139.88636532049,27.0,gangnam,강남구
11680,논현동,,MODUGAL,다세대,156-22,23.52,202508,21,37000,3,2019,,중개거래,5200.427083333334,24.0,gangnam,강남구
11680,역삼동,,더원스타빌,다세대,698-26,24.97,202508,21,35500,3,2017,,중개거래,4699.854525430517,25.0,gangnam,강남구
11680,역삼동,,역삼이안베스티움,다세대,780-42,59.86,202508,22,74000,4,2021,,중개거래,4086.6703975943874,60.0,gangnam,강남구
11680,역삼동,,마이플레이스,다세대,745-24,27.78,202508,1,42500,3,2018,,중개거래,5057.446454283658,28.0,gangnam,강남구
11680,대치동,,LaTERRASSE1,다세대,934-18,27.65,202508,18,44000,5,2016,,중개거래,5260.562025316456,28.0,gangnam,강남구
11680,역삼동,,동원스위트,다세대,745-39,26.43,202508,18,41800,2,2016,,중개거래,5228.218426031026,26.0,gangnam,강남구
11680,역삼동,,(777-12),다세대,777-12,40.15,202508,16,50000,4,2015,,중개거래,4116.793275217933,40.0,gangnam,강남구
11680,일원동,,(625-15),다세대,625-15,32.74,202508,2,85000,2,2021,,중개거래,8582.520616982285,33.0,gangnam,강남구
11680,역삼동,,(745-22),다세대,745-22,28.93,202508,15,35000,3,2019,,중개거래,3999.3942274455585,29.0,gangnam,강남구
11680,역삼동,,동원스위트,다세대,745-39,25.69,202508,2,39300,5,2016,,중개거래,5057.117574931881,26.0,gangnam,강남구
11680,논현동,,서진플로렌스154,다세대,154-1,12.48,202508,12,20000,1,2013,,중개거래,5297.732371794872,12.0,gangnam,강남구
11680,역삼동,,드림캐슬,다세대,749,28.05,202508,11,42800,4,2018,,중개거래,5044.121140819964,28.0,gangnam,강남구
11680,역삼동,,다올2차,다세대,745-35,29.07,202508,8,41500,2,2019,,중개거래,4719.300911592708,29.0,gangnam,강남구
11680,역삼동,,우리집1,다세대,750-24,23.17,202508,9,33000,3,2016,,중개거래,4708.2824773413895,23.0,gangnam,강남구
11680,역삼동,,아네스빌,다세대,749-6,37.1,202508,2,45000,2,2017,,중개거래,4009.7122641509436,37.0,gangnam,강남구
11680,일원동,,다세대주택,다세대,662-7,49.18,202508,5,70000,1,1986,,중개거래,4705.265351769011,49.0,gangnam,강남구
11680,삼성동,,진빌리지,다세대,115-34,28.71,202508,5,30000,2,2015,,중개거래,3454.32079414838,29.0,gangnam,강남구
11680,역삼동,,마이플레이스,다세대,745-24,28.64,202508,4,44000,6,2018,,중개거래,5078.71997206704,29.0,gangnam,강남구
11680,역삼동,,동원스위트,다세대,745-1,29.62,202508,5,40500,2,2016,,중개거래,4520.063892640108,30.0,gangnam,강남구
11680,논현동,,서진플로렌스154,다세대,154-1,12.37,202508,1,19300,2,2013,,중개거래,5157.772877930478,12.0,gangnam,강남구
11680,일원동,,블루미어2차,다세대,629-14,27.29,202509,24,86000,3,2024,,중개거래,10417.644192011727,27.0,gangnam,강남구
11680,대치동,,더힐하우스,다세대,920-27,42.56,202509,29,87000,2,2016,,중개거래,6757.596217105263,43.0,gangnam,강남구
11680,일원동,,이안채,다세대,620-5,23.62,202509,30,71000,2,2022,,중개거래,9936.94898391194,24.0,gangnam,강남구
11680,역삼동,,버베나하우스(A),다세대,751-8,29.471,202509,28,54000,4,2021,,중개거래,6057.222014862068,29.0,gangnam,강남구
11680,논현동,,벨뷰논현,다세대,173-7,19.5,202509,25,43000,4,2022,,직거래,7289.679743589744,20.0,gangnam,강남구
11680,삼성동,,삼성더하임2차,다세대,25-9,29.07,202509,27,88000,4,2021,,중개거래,10007.192294461645,29.0,gangnam,강남구
11680,개포동,,파라곤빌(1252-7),다세대,1252-7,66.25,202509,28,86000,2,2006,,중개거래,4291.283169811321,66.0,gangnam,강남구
11680,대치동,,스톤빌리지,다세대,934-2,29.95,202509,26,63000,3,2016,,중개거래,6953.738063439066,30.0,gangnam,강남구
11680,개포동,,F.ROADVILLA,다세대,1255-7,20.02,202509,30,54000,4,2022,,중개거래,8916.702797202797,20.0,gangnam,강남구
11680,대치동,,경일빌라디동,연립,984-11,62.67,202509,30,143000,1,1987,,직거래,7543.118796872507,63.0,gangnam,강남구
11680,대치동,,팰리스빌(대치),다세대,916-31,28.42,202509,23,49000,2,2016,,중개거래,5699.629310344827,28.0,gangnam,강남구
11680,역삼동,,스타힐스,다세대,781-35,14.37,202509,27,28000,3,2012,,중개거래,6441.334725121782,14.0,gangnam,강남구
11680,일원동,,스완빌,다세대,682-2,52.72,202509,29,88000,4,2017,,중개거래,5518.002276176025,53.0,gangnam,강남구
11680,개포동,,삼성파크빌,다세대,1209-20,72.51,202509,30,82000,3,2003,,중개거래,3738.4411805268237,73.0,gangnam,강남구
11680,개포동,,로뎀빌,다세대,1241-4,46.86,202509,23,61000,5,2012,,중개거래,4303.30527102006,47.0,gangnam,강남구
11680,일원동,,삼삼빌3차,다세대,680-2,29.99,202509,24,65000,4,2019,,중개거래,7164.922474158054,30.0,gangnam,강남구
11680,논현동,,하우트빌라,다세대,155-11,30.4,202509,27,29000,1,2004,,중개거래,3153.54490131579,30.0,gangnam,강남구
11680,역삼동,,우리집1,다세대,750-24,24.11,202509,17,47000,3,2016,,중개거래,6444.292617171299,24.0,gangnam,강남구
11680,역삼동,,역삼위너스하임 가동,다세대,655-14,27.06,202509,16,37000,5,2017,,중개거래,4520.105136733187,27.0,gangnam,강남구
11680,개포동,,파라곤빌(1252-7),다세대,1252-7,66.25,202509,23,88500,4,2006,,중개거래,4416.029773584905,66.0,gangnam,강남구
11680,역삼동,,꿈꾸지오(698-6),다세대,698-6,25.7,202509,29,37000,2,2017,,중개거래,4759.301361867704,26.0,gangnam,강남구
11680,개포동,,더블루하우스,다세대,1211-7,29.54,202509,26,57000,3,2016,,중개거래,6378.799763033176,30.0,gangnam,강남구
11680,일원동,,다세대주택,다세대,671-2,45.92,202509,25,74000,2,1987,,중개거래,5327.266768292683,46.0,gangnam,강남구
11680,개포동,,한농하이츠빌라A동,연립,1189-2,105.35,202509,29,135000,3,1994,,중개거래,4236.174418604652,105.0,gangnam,강남구
11680,역삼동,,동원스위트,다세대,745-1,29.27,202509,23,63000,6,2016,,중개거래,7115.287154082678,29.0,gangnam,강남구
11680,역삼동,,동원스위트,다세대,745-1,47.63,202509,30,74800,5,2016,,중개거래,5191.533025404157,48.0,gangnam,강남구
11680,역삼동,,우리집1,다세대,750-24,22.87,202509,16,41000,3,2016,,중개거래,5926.4182334936595,23.0,gangnam,강남구
11680,일원동,,블루미어2차,다세대,629-14,19.11,202509,24,75000,4,2024,,중개거래,12974.038461538463,19.0,gangnam,강남구
11680,논현동,,하우트빌라,다세대,155-11,31.47,202509,20,29500,1,2004,,중개거래,3098.845170003178,31.0,gangnam,강남구
11680,역삼동,,우리집1,다세대,750-24,14.35,202509,3,28500,4,2016,,직거래,6565.496341463415,14.0,gangnam,강남구
11680,대치동,,삼형그린빌라,다세대,933-1,53.29,202509,25,60000,3,1993,,중개거래,3722.0322762244327,53.0,gangnam,강남구
11680,개포동,,동산빌,다세대,1265-6,48.32,202509,27,59600,4,2004,,중개거래,4077.4997102649004,48.0,gangnam,강남구
11680,개포동,,노블레스빌,다세대,1195-3,29.4,202509,27,56600,6,2018,,중개거래,6364.198333333335,29.0,gangnam,강남구
11680,도곡동,,가동,다세대,193-12,29.935,202509,15,42500,5,2015,,중개거래,4693.36437280775,30.0,gangnam,강남구
11680,논현동,,동방타운A동,다세대,34,26.28,202509,20,25000,4,1996,,중개거래,3144.7726407914765,26.0,gangnam,강남구
11680,일원동,,(655-1),다세대,655-1,19.37,202509,24,59000,3,2021,,중개거래,10069.247031491997,19.0,gangnam,강남구
11680,논현동,,파크캐슬B동,다세대,172-13,29.7,202509,21,39000,4,2016,,중개거래,4340.929797979798,30.0,gangnam,강남구
11680,일원동,,청솔빌리지,연립,739,59.75,202509,13,238000,2,1993,,중개거래,13167.813054393306,60.0,gangnam,강남구
11680,역삼동,,드림캐슬,다세대,749,19.99,202509,30,25000,3,2018,,직거래,4134.298399199601,20.0,gangnam,강남구
11680,역삼동,,역삼동미까사도시형생활주택,연립,744-3,28.5,202509,24,37000,5,2013,,중개거래,4291.720877192983,28.0,gangnam,강남구
11680,개포동,,플러스빌,다세대,1255,68.62,202509,25,89000,5,2003,,중개거래,4287.5964004663365,69.0,gangnam,강남구
11680,논현동,,174-4,다세대,174-4,23.7437,202509,13,37000,2,2016,,중개거래,5151.43153762893,24.0,gangnam,강남구
11680,대치동,,더힐하우스,다세대,920-27,42.56,202509,4,80000,3,2016,,중개거래,6213.881578947368,43.0,gangnam,강남구
11680,대치동,,더힐하우스,다세대,920-27,40.19,202509,7,81500,5,2016,,중개거래,6703.694389151531,40.0,gangnam,강남구
11680,대치동,,더힐하우스,다세대,920-27,43.65,202509,14,88500,3,2016,,중개거래,6702.450687285224,44.0,gangnam,강남구
11680,대치동,,지평타운,다세대,954-22,58.82,202509,26,97000,2,2010,,중개거래,5451.566558993541,59.0,gangnam,강남구
11680,대치동,,스톤빌리지대치4차,다세대,925,51.5,202509,13,96000,5,2019,,중개거래,6162.240000000001,52.0,gangnam,강남구
11680,역삼동,,(728-48),다세대,728-48,26.41,202509,14,35000,2,2018,,중개거래,4381.010034078001,26.0,gangnam,강남구
11680,논현동,,진흥펠리체A동,다세대,190-2,29.67,202509,11,40000,2,2015,,중개거래,4456.737445230873,30.0,gangnam,강남구
11680,대치동,,대치모두가,다세대,925-15,25.26,202509,10,47700,6,2017,,중개거래,6242.515617577197,25.0,gangnam,강남구
11680,개포동,,(1164-27),다세대,1164-27,51.78,202509,9,83300,2,2016,,중개거래,5318.1129876400155,52.0,gangnam,강남구
11680,역삼동,,보람아트빌,연립,793-30,206.64,202509,1,158000,2,1998,,중개거래,2527.6521002710033,207.0,gangnam,강남구
11680,대치동,,에오스빌,다세대,919-30,71.0,202509,16,101000,2,2002,,중개거래,4702.595563380282,71.0,gangnam,강남구
11680,개포동,,금성아트,다세대,1207-3,36.11,202509,5,37500,-1,1991,,중개거래,3433.0362088064253,36.0,gangnam,강남구
11680,개포동,,금광,다세대,1261-8,34.68,202509,9,27000,-1,1992,,중개거래,2573.708044982699,35.0,gangnam,강남구
11680,대치동,,스톤빌리지,다세대,934-2,48.9,202509,20,97000,4,2016,,중개거래,6557.487627811862,49.0,gangnam,강남구
11680,대치동,,삼성그린빌A,다세대,918-12,43.78,202509,19,58000,2,2002,,중개거래,4379.52329830973,44.0,gangnam,강남구
11680,논현동,,서진플로렌스154,다세대,154-1,12.48,202509,6,19500,2,2013,,중개거래,5165.2890625,12.0,gangnam,강남구
11680,논현동,,서진플로렌스154,다세대,154-1,12.37,202509,23,19000,2,2013,,중개거래,5077.600242522231,12.0,gangnam,강남구
11680,역삼동,,690-14,다세대,690-14,25.66,202509,9,34000,2,2016,,중개거래,4380.229540140296,26.0,gangnam,강남구
11680,개포동,,두일빌라B동(162-7),다세대,162-7,34.67,202509,4,60500,1,1988,,중개거래,5768.675872512258,35.0,gangnam,강남구
11680,역삼동,,더클래스,다세대,744-17,27.32,202509,9,53000,3,2022,,중개거래,6413.126098096633,27.0,gangnam,강남구
11680,역삼동,,역삼동미까사도시형생활주택,연립,744-3,24.4,202509,20,35000,3,2013,,중개거래,4741.904713114755,24.0,gangnam,강남구
11680,일원동,,(664-3),다세대,664-3,26.09,202509,18,58000,3,2021,,중개거래,7349.004599463397,26.0,gangnam,강남구
11680,개포동,,강남하이츠,다세대,1219-11,39.06,202509,12,42000,4,1993,,중개거래,3554.607526881721,39.0,gangnam,강남구
11680,역삼동,,더원스타빌,다세대,698-26,26.48,202509,14,34500,3,2017,,중개거래,4307.008402567976,26.0,gangnam,강남구
11680,일원동,,삼삼빌1차,다세대,636-12,23.24,202509,11,54000,4,2017,,직거래,7681.256024096387,23.0,gangnam,강남구
11680,일원동,,삼삼빌1차,다세대,636-12,29.71,202509,11,59500,4,2017,,직거래,6620.471474251094,30.0,gangnam,강남구
11680,개포동,,대성그린빌,다세대,1195,56.67,202509,18,78000,3,2016,,중개거래,4550.048173636846,57.0,gangnam,강남구
11680,역삼동,,스타힐스,다세대,781-35,14.28,202509,5,28000,3,2012,,중개거래,6481.931372549021,14.0,gangnam,강남구
11680,일원동,,삼삼빌1차,다세대,636-12,44.22,202509,11,85000,3,2017,,직거래,6354.403550429671,44.0,gangnam,강남구
11680,역삼동,,마이플레이스,다세대,792-7,27.82,202509,11,37000,2,2018,,중개거래,4396.622753414809,28.0,gangnam,강남구
11680,일원동,,649-8,다세대,649-8,22.75,202509,3,59000,1,2020,,중개거래,8573.244615384616,23.0,gangnam,강남구
11680,논현동,,154-2,다세대,154-2,28.07,202509,7,40500,3,2018,,중개거래,4769.657730673317,28.0,gangnam,강남구
11680,역삼동,,꿈꾸지오,다세대,774-27,27.32,202509,14,49000,3,2018,,중개거래,5929.116581259151,27.0,gangnam,강남구
11680,역삼동,,다올2차,다세대,745-35,25.82,202509,5,45000,4,2019,,중개거래,5761.437838884586,26.0,gangnam,강남구
11680,역삼동,,역삼동미까사도시형생활주택,다세대,744-3,24.58,202509,10,35000,3,2013,,중개거래,4707.179617575265,25.0,gangnam,강남구
11680,논현동,,논현퍼스티움,다세대,160-4,27.59,202509,16,46000,4,2020,,중개거래,5511.638637187387,28.0,gangnam,강남구
11680,세곡동,,강남효성해링턴코트,연립,541,123.5987,202509,4,270000,1,2016,,중개거래,7221.450953772168,124.0,gangnam,강남구
11680,논현동,,"논현아펠바움1차(101동,102동)",연립,250,244.69,202509,8,587000,4,2007,,중개거래,7930.425415832278,245.0,gangnam,강남구
11680,논현동,,동광팰리스A동,다세대,230-21,25.81,202509,20,42000,3,2016,,중개거래,5379.425416505231,26.0,gangnam,강남구
11680,역삼동,,다솜,다세대,774-42,29.98,202509,11,58000,3,2021,,중개거래,6395.447965310207,30.0,gangnam,강남구
11680,논현동,,우진빌라,다세대,177-20,41.87,202509,11,38500,-1,1992,,중개거래,3039.7115476474805,42.0,gangnam,강남구
11680,논현동,,우림스타빌,다세대,197-7,28.98,202509,4,47000,4,2016,,중개거래,5361.349033816425,29.0,gangnam,강남구
11680,논현동,,논현더라움,다세대,242-45,29.48,202509,10,52000,5,2019,,중개거래,5831.09972862958,29.0,gangnam,강남구
11680,일원동,,달빛하우스,다세대,682-11,40.182,202509,10,80000,2,2017,,중개거래,6581.623612562839,40.0,gangnam,강남구
11680,대치동,,스톤빌리지대치4차,다세대,925,29.43,202509,6,60500,6,2019,,중개거래,6795.786357458376,29.0,gangnam,강남구
11680,개포동,,명진빌라나동,다세대,1179-2,37.09,202509,8,49800,1,1990,,중개거래,4438.611296845511,37.0,gangnam,강남구
11680,개포동,,대건빌라,다세대,1261-7,48.6,202509,4,74000,1,1990,,중개거래,5033.4997942386835,49.0,gangnam,강남구
11680,논현동,,플로빌,다세대,155-1,26.38,202509,6,29300,2,2003,,중개거래,3671.7020659590603,26.0,gangnam,강남구
11680,대치동,,LaTERRASSE1,다세대,934-18,27.24,202509,6,39500,4,2016,,중개거래,4793.630965491924,27.0,gangnam,강남구
11680,역삼동,,꿈꾸지오,다세대,751-4,22.98,202509,1,35000,4,2016,,중개거래,5034.920583115753,23.0,gangnam,강남구
11680,일원동,,나인펠리스,다세대,635-9,35.92,202509,4,83500,4,2017,,중개거래,7684.661678730512,36.0,gangnam,강남구
11680,역삼동,,동원스위트,다세대,745-39,25.99,202509,4,42000,3,2016,,중개거래,5342.168911119662,26.0,gangnam,강남구
11680,논현동,,라인빌리지(149-18),다세대,149-18,18.84,202509,8,20300,4,2012,,중개거래,3561.9657908704885,19.0,gangnam,강남구
11680,논현동,,174-4,다세대,174-4,23.1887,202509,2,37000,1,2016,,중개거래,5274.7262675354805,23.0,gangnam,강남구
11680,개포동,,HHestia,다세대,1227-2,28.07,202509,1,48000,3,2016,,중개거래,5652.927680798005,28.0,gangnam,강남구
11680,역삼동,,783-16,다세대,783-16,55.38,202509,1,65000,4,2017,,중개거래,3880.029342723005,55.0,gangnam,강남구
11680,논현동,,하우트빌라,다세대,155-11,97.72,202509,1,84000,4,2004,,중개거래,2841.6489971346705,98.0,gangnam,강남구
11680,개포동,,G-heim,다세대,1245-5,27.45,202509,2,55300,2,2017,,중개거래,6659.741730418945,27.0,gangnam,강남구
11680,역삼동,,동원스위트,다세대,745-39,21.08,202509,1,34500,5,2016,,중개거래,5410.321750474384,21.0,gangnam,강남구
11680,일원동,,골드캐슬,다세대,656-12,29.96,202510,15,68000,4,2021,,중개거래,7503.116822429906,30.0,gangnam,강남구
11680,논현동,,베르사이유Ⅲ,연립,14-3,92.02,202510,27,140000,4,2003,,직거래,5029.449032818953,92.0,gangnam,강남구
11680,논현동,,동서빌라,다세대,39-9,142.32,202510,21,183000,1,1991,,중개거래,4250.693191399663,142.0,gangnam,강남구
11680,역삼동,,지에스빌,다세대,741-21,14.55,202510,13,18800,4,2013,,중개거래,4271.392302405498,15.0,gangnam,강남구
11680,대치동,,대치모두가,다세대,925-15,25.97,202510,24,48000,6,2017,,중개거래,6110.037735849057,26.0,gangnam,강남구
11680,논현동,,주암빌라,연립,27-9,54.48,202510,11,64000,3,2001,,중개거래,3883.4478707782678,54.0,gangnam,강남구
11680,논현동,,(193-4),다세대,193-4,22.56,202510,24,17000,5,2011,,중개거래,2491.0613918439717,23.0,gangnam,강남구
11680,대치동,,더힐하우스,다세대,920-27,42.56,202510,31,92000,3,2016,,중개거래,7145.963815789474,43.0,gangnam,강남구
11680,논현동,,논현펠리시움,다세대,136-2,76.12,202510,23,88000,3,2006,,중개거래,3821.71676300578,76.0,gangnam,강남구
11680,논현동,,그랑빌,연립,23-14,138.38,202510,18,100000,4,2003,,직거래,2388.9181962711373,138.0,gangnam,강남구
11680,대치동,,(934-4),다세대,934-4,29.63,202510,28,55000,4,2016,,중개거래,6136.286702666218,30.0,gangnam,강남구
11680,일원동,,(642-7),다세대,642-7,29.58,202510,31,87000,6,2021,,중개거래,9722.897058823532,30.0,gangnam,강남구
11680,개포동,,중앙클래식하우스7차,다세대,1171-2,26.98,202510,17,51000,2,2017,,중개거래,6248.889362490734,27.0,gangnam,강남구
11680,논현동,,논현멤버스카운티,연립,24,110.77,202510,24,153000,2,2003,,중개거래,4566.083822334567,111.0,gangnam,강남구
11680,논현동,,케아하우스(188-12),다세대,188-12,21.14,202510,28,28000,3,2019,,중개거래,4378.523178807947,21.0,gangnam,강남구
11680,개포동,,수정빌라,연립,1243-7,81.54,202510,20,118000,3,1991,,중개거래,4783.941991660535,82.0,gangnam,강남구
11680,삼성동,,뉴그린하우스,다세대,115-19,87.87,202510,23,200000,5,2002,,중개거래,7524.26311596677,88.0,gangnam,강남구
11680,삼성동,,뉴그린하우스,다세대,115-19,26.32,202510,22,40000,2,2002,,중개거래,5023.989361702128,26.0,gangnam,강남구
11680,삼성동,,뉴그린하우스,다세대,115-19,34.33,202510,22,50000,2,2002,,중개거래,4814.717448295952,34.0,gangnam,강남구
11680,삼성동,,뉴그린하우스,다세대,115-19,34.52,202510,22,50000,2,2002,,중개거래,4788.21697566628,35.0,gangnam,강남구
11680,삼성동,,뉴그린하우스,다세대,115-19,25.45,202510,22,40000,2,2002,,중개거래,5195.732809430256,25.0,gangnam,강남구
11680,삼성동,,뉴그린하우스,다세대,115-19,26.32,202510,22,40000,3,2002,,중개거래,5023.989361702128,26.0,gangnam,강남구
11680,삼성동,,뉴그린하우스,다세대,115-19,34.33,202510,22,50000,3,2002,,중개거래,4814.717448295952,34.0,gangnam,강남구
11680,삼성동,,뉴그린하우스,다세대,115-19,34.52,202510,22,50000,3,2002,,중개거래,4788.21697566628,35.0,gangnam,강남구
11680,삼성동,,뉴그린하우스,다세대,115-19,25.45,202510,22,40000,3,2002,,중개거래,5195.732809430256,25.0,gangnam,강남구
11680,삼성동,,뉴그린하우스,다세대,115-19,31.09,202510,22,50000,4,2002,,중개거래,5316.476358957864,31.0,gangnam,강남구
11680,삼성동,,뉴그린하우스,다세대,115-19,73.71,202510,22,90000,4,2002,,중개거래,4036.3675213675224,74.0,gangnam,강남구
11680,청담동,,영림주택다동,다세대,111-33,36.91,202510,18,63400,1,1987,,중개거래,5678.319398536983,37.0,gangnam,강남구
11680,도곡동,,선우빌라,연립,451,145.3,202510,15,175000,4,1992,,중개거래,3981.502924982794,145.0,gangnam,강남구
11680,개포동,,로하스빌,다세대,1208,33.11,202510,25,62500,2,2016,,중개거래,6240.155919661734,33.0,gangnam,강남구
11680,역삼동,,협성빌라,다세대,704-9,51.38,202510,21,49900,-1,1993,,중개거래,3210.5619209809265,51.0,gangnam,강남구
11680,일원동,,더메인즈,다세대,643-7,29.49,202510,18,74000,3,2021,,중개거래,8295.289589691421,29.0,gangnam,강남구
11680,역삼동,,성아빌라,다세대,742-19,49.14,202510,29,55000,1,1988,,중개거래,3700.003561253561,49.0,gangnam,강남구
11680,대치동,,더힐하우스,다세대,920-27,42.56,202510,12,89000,2,2016,,중개거래,6912.9432565789475,43.0,gangnam,강남구
11680,세곡동,,강남효성해링턴코트,연립,541,108.7127,202510,13,240000,3,2016,,중개거래,7298.028657185407,109.0,gangnam,강남구
11680,신사동,,승원빌라,다세대,626-65,42.96,202510,21,40700,-1,1995,,중개거래,3131.8773161080076,43.0,gangnam,강남구
11680,개포동,,한신빌라B동,다세대,1188-8,50.42,202510,15,38000,3,1991,,중개거래,2491.468266560889,50.0,gangnam,강남구
11680,역삼동,,더블유힐,다세대,778-23,40.69,202510,30,59800,2,2013,,중개거래,4858.342172523962,41.0,gangnam,강남구
11680,논현동,,까사미아(249-18),연립,249-18,84.86,202510,23,89000,3,2002,,중개거래,3467.0618076832434,85.0,gangnam,강남구
11680,개포동,,로얄팰리체2차A동,다세대,1226-8,52.11,202510,19,80000,2,2019,,중개거래,5075.08731529457,52.0,gangnam,강남구
11680,자곡동,,엘에이치강남8단지,다세대,646,59.62,202510,19,120000,3,2013,,중개거래,6653.710164374372,60.0,gangnam,강남구
11680,대치동,,효산휴먼빌,다세대,928-25,77.56,202510,19,91000,2,2002,,중개거래,3878.6286101083033,78.0,gangnam,강남구
11680,역삼동,,스톤엘리시온역삼,다세대,790-9,24.78,202510,28,50500,8,2021,,중개거래,6736.97104519774,25.0,gangnam,강남구
11680,논현동,,꿈꾸지오(177-11),다세대,177-11,29.26,202510,18,46500,2,2018,,중개거래,5253.55442583732,29.0,gangnam,강남구
11680,개포동,,개포동삼성베스트빌,다세대,1206,26.93,202510,22,60000,2,2017,,중개거래,7365.28406981062,27.0,gangnam,강남구
11680,개포동,,개포동삼성베스트빌,다세대,1206,26.93,202510,15,57000,3,2017,,중개거래,6997.01986632009,27.0,gangnam,강남구
11680,논현동,,하나센스빌,연립,227-6,82.5,202510,17,82000,3,2003,,중개거래,3285.7499393939397,82.0,gangnam,강남구
11680,자곡동,,엘에이치강남8단지,다세대,646,59.62,202510,25,125500,3,2013,,중개거래,6958.671880241531,60.0,gangnam,강남구
11680,자곡동,,엘에이치강남8단지,다세대,646,59.62,202510,21,124500,3,2013,,중개거래,6903.224295538411,60.0,gangnam,강남구
11680,도곡동,,도곡퍼스트빌,다세대,948-31,22.86,202510,31,34700,5,2016,,중개거래,5017.967607174103,23.0,gangnam,강남구
11680,역삼동,,우리엘,다세대,743-12,28.8,202510,21,94000,2,2022,,중개거래,10789.714930555556,29.0,gangnam,강남구
11680,역삼동,,더클래스,다세대,744-17,27.32,202510,17,59000,3,2022,,중개거래,7139.140373352856,27.0,gangnam,강남구
11680,역삼동,,우리엘,다세대,743-12,29.71,202510,21,96500,4,2022,,중개거래,10737.403315382027,30.0,gangnam,강남구
11680,대치동,,경일빌라에이동,연립,984-7,83.68,202510,15,175800,2,1987,,중개거래,6944.992865678776,84.0,gangnam,강남구
11680,논현동,,양지빌라,다세대,104-27,59.99,202510,25,59000,1,1995,,중개거래,3251.2304550758463,60.0,gangnam,강남구
11680,역삼동,,한스빌라,다세대,704-14,63.46,202510,25,74000,1,1994,,중개거래,3854.839111251182,63.0,gangnam,강남구
11680,자곡동,,엘에이치강남8단지,다세대,646,59.47,202510,10,124000,3,2013,,중개거래,6892.842441567177,59.0,gangnam,강남구
11680,개포동,,상헌새티스빌,다세대,1240-1,71.2,202510,25,90000,3,2001,,중개거래,4178.660814606742,71.0,gangnam,강남구
11680,역삼동,,더클래스,다세대,744-17,27.32,202510,25,60000,2,2022,,중개거래,7260.142752562225,27.0,gangnam,강남구
11680,일원동,,블루미어3차,다세대,638-18,27.29,202510,18,87000,3,2024,,중개거래,10538.77958959326,27.0,gangnam,강남구
11680,논현동,,참그린빌,다세대,176-1,36.6,202510,15,46000,6,2019,,중개거래,4154.81174863388,37.0,gangnam,강남구
11680,대치동,,대치모두가,다세대,925-15,14.63,202510,3,32000,6,2017,,중개거래,7230.698564593301,15.0,gangnam,강남구
11680,개포동,,초원빌리지,다세대,1262-4,43.07,202510,2,69800,5,2022,,중개거래,5357.41335035988,43.0,gangnam,강남구
11680,청담동,,더헤리움B동,다세대,56-11,42.82,202510,23,80000,4,2017,,중개거래,6176.151331153666,43.0,gangnam,강남구
11680,일원동,,(676-7),다세대,676-7,29.79,202510,18,75000,3,2021,,중개거래,8322.721550855993,30.0,gangnam,강남구
11680,개포동,,광학빌,다세대,170-4,54.32,202510,17,70000,2,2018,,중개거래,4260.032216494846,54.0,gangnam,강남구
11680,역삼동,,우리집1,다세대,750-24,23.17,202510,13,38000,2,2016,,중개거래,5421.658610271904,23.0,gangnam,강남구
11680,개포동,,동서울주택,다세대,1167-6,59.02,202510,15,65000,3,1995,,중개거래,3640.7323788546255,59.0,gangnam,강남구
11680,자곡동,,엘에이치강남8단지,다세대,646,59.62,202510,19,120000,5,2013,,중개거래,6653.710164374372,60.0,gangnam,강남구
11680,개포동,,한신빌라B동,다세대,1188-8,36.38,202510,13,42000,4,1991,,중개거래,3816.4642660802638,36.0,gangnam,강남구
11680,삼성동,,동궁빌라,다세대,96-14,68.16,202510,2,145000,1,1986,,중개거래,7032.553183685447,68.0,gangnam,강남구
11680,개포동,,미주타운,다세대,1215-6,56.43,202510,19,102000,2,1988,,중개거래,5975.368952684743,56.0,gangnam,강남구
11680,개포동,,예가풍경채,다세대,1236-11,25.67,202510,16,53500,6,2018,,중개거래,6889.735001947799,26.0,gangnam,강남구
11680,역삼동,,한빛위너스,다세대,777-30,38.3,202510,23,70000,4,2016,,중개거래,6041.904699738904,38.0,gangnam,강남구
11680,역삼동,,중앙클래식,다세대,741-30,30.83,202510,2,47000,2,2017,,중개거래,5039.6333117093745,31.0,gangnam,강남구
11680,신사동,,(590-24),다세대,590-24,41.34,202510,21,70750,2,1987,,중개거래,5657.578344218675,41.0,gangnam,강남구
11680,개포동,,한성,다세대,1262-1,56.92,202510,21,78000,1,1992,,중개거래,4530.063773717498,57.0,gangnam,강남구
11680,역삼동,,우리엘,다세대,743-12,28.8,202510,17,95000,3,2022,,중개거래,10904.499131944443,29.0,gangnam,강남구
11680,개포동,,대림빌라(1260-1),다세대,1260-1,67.86,202510,18,80000,4,2000,,중개거래,3897.182434423814,68.0,gangnam,강남구
11680,일원동,,일원동빌라엠2,다세대,633-3,17.22,202510,1,53000,3,2021,,중개거래,10174.599593495937,17.0,gangnam,강남구
11680,자곡동,,엘에이치강남8단지,다세대,646,59.62,202510,3,120000,4,2013,,중개거래,6653.710164374372,60.0,gangnam,강남구
11680,일원동,,스완빌,다세대,682-2,54.27,202510,16,89950,3,2017,,중개거래,5479.184830477243,54.0,gangnam,강남구
11680,일원동,,신성주택,다세대,661-1,49.08,202510,18,71000,1,1986,,중개거래,4782.207314588428,49.0,gangnam,강남구
11680,개포동,,더푸른빌,다세대,1239-12,43.5,202510,20,76000,2,2016,,중개거래,5775.624367816093,44.0,gangnam,강남구
11680,개포동,,F.ROADVILLA,다세대,1255-7,24.21,202510,11,73000,5,2022,,중개거래,9967.877116893846,24.0,gangnam,강남구
11680,개포동,,어반피나클개포,다세대,1183-11,29.09,202510,16,65000,3,2024,,중개거래,7386.594190443452,29.0,gangnam,강남구
11680,개포동,,(1164-27),다세대,1164-27,51.78,202510,16,100000,6,2016,,중개거래,6384.289300888375,52.0,gangnam,강남구
11680,논현동,,첼시하우스2,다세대,219-10,28.755,202510,13,29500,4,2015,,중개거래,3391.433055120849,29.0,gangnam,강남구
11680,논현동,,미주빌라A동,다세대,190,72.15,202510,13,66000,2,1986,,중개거래,3024.0029106029106,72.0,gangnam,강남구
11680,역삼동,,보람아트빌,연립,793-30,176.51,202510,17,160000,3,1998,,중개거래,2996.575831397655,177.0,gangnam,강남구
11680,개포동,,더파인하우스,다세대,1172-3,21.81,202510,11,42000,6,2017,,중개거래,6366.023383768914,22.0,gangnam,강남구
11680,논현동,,첼시하우스,다세대,219-9,29.9,202510,16,29500,2,2015,,중개거래,3261.560451505017,30.0,gangnam,강남구
11680,역삼동,,우리엘,다세대,743-12,28.84,202510,12,96000,4,2022,,직거래,11004.000000000002,29.0,gangnam,강남구
11680,일원동,,골든빌,다세대,678-1,29.98,202510,13,70000,2,2020,,중개거래,7718.644096064043,30.0,gangnam,강남구
11680,논현동,,라인빌리지(149-18),다세대,149-18,18.84,202510,1,21000,2,2012,,중개거래,3684.79219745223,19.0,gangnam,강남구
11680,자곡동,,엘에이치강남8단지,다세대,646,59.62,202510,14,125000,3,2013,,중개거래,6930.94808788997,60.0,gangnam,강남구
11680,논현동,,진흥펠리체B동,다세대,190-20,25.83,202510,15,34000,2,2015,,중개거래,4351.40108401084,26.0,gangnam,강남구
11680,일원동,,달빛하우스,다세대,682-11,40.182,202510,15,80500,3,2017,,중개거래,6622.758760141357,40.0,gangnam,강남구
11680,개포동,,1186HOUSE,다세대,1186,40.06,202510,1,64700,2,2020,,중개거래,5339.098589615577,40.0,gangnam,강남구
11680,개포동,,1218-12,다세대,1218-12,27.15,202510,14,52500,3,2019,,중개거래,6392.401933701658,27.0,gangnam,강남구
11680,신사동,,궁전빌라,연립,596-8,56.13,202510,15,105500,2,1988,,중개거래,6213.4387582398,56.0,gangnam,강남구
11680,개포동,,명진빌라나동,다세대,1179-2,37.71,202510,14,52100,2,1990,,중개거래,4567.260633784142,38.0,gangnam,강남구
11680,도곡동,,(947-12),다세대,947-12,127.15,202510,10,110000,4,2002,,직거래,2859.9005112072355,127.0,gangnam,강남구
11680,논현동,,파크캐슬A동,다세대,172-2,18.15,202510,10,31450,3,2016,,중개거래,5728.205964187329,18.0,gangnam,강남구
11680,논현동,,태원빌라트,다세대,39-6,27.17,202510,1,41000,6,2016,,중개거래,4988.486750092013,27.0,gangnam,강남구
11680,청담동,,행복한집,다세대,11-40,45.42,202511,24,80800,1,2003,,중개거래,5880.832848965214,45.0,gangnam,강남구
11680,청담동,,행복한집,다세대,11-40,50.06,202511,24,102700,1,2003,,중개거래,6781.944057131443,50.0,gangnam,강남구
11680,청담동,,행복한집,다세대,11-40,45.42,202511,24,90100,2,2003,,중개거래,6557.710887274328,45.0,gangnam,강남구
11680,청담동,,행복한집,다세대,11-40,50.06,202511,24,114000,2,2003,,중개거래,7528.156012784658,50.0,gangnam,강남구
11680,청담동,,행복한집,다세대,11-40,48.16,202511,24,89900,2,2003,,중개거래,6170.890188953489,48.0,gangnam,강남구
11680,청담동,,행복한집,다세대,11-40,45.42,202511,24,90100,3,2003,,중개거래,6557.710887274328,45.0,gangnam,강남구
11680,청담동,,행복한집,다세대,11-40,50.06,202511,24,131700,3,2003,,중개거래,8697.001288453856,50.0,gangnam,강남구
11680,청담동,,행복한집,다세대,11-40,48.16,202511,24,89900,3,2003,,중개거래,6170.890188953489,48.0,gangnam,강남구
11680,청담동,,행복한집,다세대,11-40,45.42,202511,24,85200,4,2003,,중개거래,6201.076221928666,45.0,gangnam,강남구
11680,청담동,,행복한집,다세대,11-40,50.06,202511,24,108400,4,2003,,중개거래,7158.351857770675,50.0,gangnam,강남구
11680,청담동,,행복한집,다세대,11-40,48.16,202511,24,84600,4,2003,,중개거래,5807.08909883721,48.0,gangnam,강남구
11680,역삼동,,한빛위너스,다세대,777-30,45.31,202511,27,74000,2,2016,,중개거래,5398.98675789009,45.0,gangnam,강남구
11680,역삼동,,한빛위너스,다세대,777-30,49.76,202511,26,75000,6,2016,,중개거래,4982.5939509646305,50.0,gangnam,강남구
11680,일원동,,(664-3),다세대,664-3,29.92,202511,5,85500,3,2021,,중개거래,9446.67839237968,30.0,gangnam,강남구
11680,삼성동,,삼성더하임,다세대,29-1,28.87,202511,27,57000,6,2020,,중개거래,6526.835642535504,29.0,gangnam,강남구
11680,청담동,,더청담,다세대,13-34,28.02,202511,21,53000,2,2018,,중개거래,6252.912384011421,28.0,gangnam,강남구
11680,역삼동,,산정빌라,다세대,793-19,57.48,202511,30,59000,3,2003,,중개거래,3393.2031141266534,57.0,gangnam,강남구
11680,삼성동,,(44-25),다세대,44-25,68.55,202511,27,43000,-1,1993,,직거래,2073.6506929248726,69.0,gangnam,강남구
11680,논현동,,그린빌비동,다세대,264-4,29.49,202511,11,36800,2,2016,,중개거래,4125.22509325195,29.0,gangnam,강남구
11680,역삼동,,성아빌라,다세대,742-19,49.14,202511,20,47500,-1,1988,,중개거래,3195.4576210826212,49.0,gangnam,강남구
11680,역삼동,,루브르하우스,다세대,722-4,19.85,202511,15,31000,6,2017,,중개거래,5162.686901763224,20.0,gangnam,강남구
11680,역삼동,,아이리스,다세대,778-11,17.6,202511,24,29500,5,2010,,중개거래,5540.946448863636,18.0,gangnam,강남구
11680,대치동,,대치모두가,다세대,925-15,14.63,202511,15,32500,4,2017,,중개거래,7343.678229665072,15.0,gangnam,강남구
11680,대치동,,대치모두가,다세대,925-15,27.65,202511,17,48500,5,2017,,중개거래,5798.574050632912,28.0,gangnam,강남구
11680,일원동,,블루미어3차,다세대,638-18,27.29,202511,25,87000,2,2024,,중개거래,10538.77958959326,27.0,gangnam,강남구
11680,일원동,,다세대주택(6세대),다세대,654-6,44.55,202511,16,77500,1,1987,,중개거래,5750.8044332211,45.0,gangnam,강남구
11680,일원동,,하늘마루,다세대,682-13,46.76,202511,28,117000,5,2018,,중개거래,8271.532185628743,47.0,gangnam,강남구
11680,논현동,,용호빌라,다세대,148-20,115.77,202511,13,75000,4,1993,,중개거래,2141.6072816791916,116.0,gangnam,강남구
11680,청담동,,청담그린빌,다세대,12-8,47.95,202511,30,71000,2,2012,,중개거래,4894.905839416058,48.0,gangnam,강남구
11680,일원동,,다세대,다세대,642-8,44.96,202511,29,54500,-1,1986,,중개거래,4007.2349310498225,45.0,gangnam,강남구
11680,일원동,,카사펠리즈,다세대,665-4,27.26,202511,24,73000,1,2021,,중개거래,8852.615737344095,27.0,gangnam,강남구
11680,논현동,,케아하우스,다세대,148-8,29.64,202511,14,38500,2,2015,,중개거래,4293.951501349528,30.0,gangnam,강남구
11680,도곡동,,가동,다세대,193-12,20.93,202511,6,24000,5,2015,,중개거래,3790.6755852842807,21.0,gangnam,강남구
11680,개포동,,G-heim,다세대,1245-5,27.45,202511,4,56500,4,2017,,중개거래,6804.256921675775,27.0,gangnam,강남구
11680,일원동,,청솔빌리지,연립,739,59.75,202511,25,258000,3,1993,,중개거래,14274.351966527196,60.0,gangnam,강남구
11680,논현동,,동광팰리스,다세대,104-5,25.65,202511,28,44500,3,2016,,직거래,5735.182553606239,26.0,gangnam,강남구
11680,개포동,,하우징허브B동,다세대,1195-8,51.1,202511,8,78000,2,2016,,중개거래,5046.012328767124,51.0,gangnam,강남구
11680,대치동,,스톤빌리지,다세대,934-2,21.14,202511,8,41000,2,2016,,중개거래,6411.408940397351,21.0,gangnam,강남구
11680,삼성동,,길리안,다세대,122-5,54.54,202511,4,72100,2,2004,,중개거래,4370.133819215255,55.0,gangnam,강남구
11680,삼성동,,길리안,다세대,122-5,38.46,202511,4,78500,2,2004,,중개거래,6747.3770800832035,38.0,gangnam,강남구
11680,삼성동,,길리안,다세대,122-5,54.54,202511,4,113500,3,2004,,중개거래,6879.475568390173,55.0,gangnam,강남구
11680,삼성동,,길리안,다세대,122-5,38.46,202511,4,78500,3,2004,,중개거래,6747.3770800832035,38.0,gangnam,강남구
11680,삼성동,,길리안,다세대,122-5,64.57,202511,4,86000,4,2004,,중개거래,4402.934954313149,65.0,gangnam,강남구
11680,삼성동,,길리안,다세대,122-5,41.24,202511,4,51400,5,2004,,중개거래,4120.207298739088,41.0,gangnam,강남구
11680,대치동,,에오스빌(917-22),다세대,917-22,56.44,202511,7,66000,5,2002,,중개거래,3865.730155917789,56.0,gangnam,강남구
11680,역삼동,,우리엘,다세대,743-12,24.91,202511,5,94000,5,2022,,직거래,12474.660377358492,25.0,gangnam,강남구
11680,도곡동,,리버풀하우스,다세대,948-8,28.2,202511,17,27500,5,2015,,중개거래,3223.726507092199,28.0,gangnam,강남구
11680,논현동,,엠마오빌,다세대,150-8,50.28,202511,22,46500,4,2002,,중개거래,3057.259397374702,50.0,gangnam,강남구
11680,도곡동,,도곡퍼스트빌,다세대,948-31,24.48,202511,26,42500,3,2016,,중개거래,5739.210069444444,24.0,gangnam,강남구
11680,삼성동,,삼성더하임,다세대,29-1,29.95,202511,3,65000,2,2020,,중개거래,7174.491652754592,30.0,gangnam,강남구
11680,개포동,,삼성나동,다세대,1257-11,47.92,202511,28,45000,-1,1993,,중개거래,3104.3473497495825,48.0,gangnam,강남구
11680,개포동,,우림레스빌,연립,1245-8,48.77,202511,29,74000,4,2002,,중개거래,5015.9542751691615,49.0,gangnam,강남구
11680,역삼동,,꿈꾸지오(698-6),다세대,698-6,29.56,202511,8,39000,4,2017,,중개거래,4361.48900541272,30.0,gangnam,강남구
11680,자곡동,,엘에이치강남8단지,다세대,646,59.62,202511,16,135000,4,2013,,중개거래,7485.423934921168,60.0,gangnam,강남구
11680,개포동,,백촌빌라,다세대,1181-7,37.17,202511,27,49000,-1,1989,,중개거래,4357.908662900189,37.0,gangnam,강남구
11680,역삼동,,더원스타빌,다세대,698-26,29.85,202511,24,30000,2,2017,,직거래,3322.396984924623,30.0,gangnam,강남구
11680,개포동,,대림아트빌2차,다세대,1226-6,71.79,202511,22,86500,2,2003,,중개거래,3983.1508914890655,72.0,gangnam,강남구
11680,일원동,,빌라엠,다세대,633-7,29.82,202511,22,97000,4,2019,,중개거래,10753.224178403756,30.0,gangnam,강남구
11680,대치동,,(916-15),다세대,916-15,68.93,202511,24,95000,3,2009,,중개거래,4556.065211083708,69.0,gangnam,강남구
11680,대치동,,스톤빌리지대치3차,다세대,910-11,53.77,202511,24,97000,2,2018,,중개거래,5963.5697414915385,54.0,gangnam,강남구
11680,대치동,,효산휴먼빌,다세대,928-25,74.28,202511,17,75000,5,2002,,중개거래,3337.8281502423265,74.0,gangnam,강남구
11680,삼성동,,서진빌라(B동),다세대,101-10,67.9,202511,7,160000,1,1986,,중개거래,7789.773195876289,68.0,gangnam,강남구
11680,대치동,,더힐하우스,다세대,920-27,43.65,202511,13,99000,4,2016,,중개거래,7497.656701030928,44.0,gangnam,강남구
11680,개포동,,녹경빌리지,연립,1199-5,45.27,202511,19,28347,2,1998,,중개거래,2070.004139496355,45.0,gangnam,강남구
11680,개포동,,녹경빌리지,연립,1199-5,47.01,202511,19,28847,2,1998,,중개거래,2028.5466899595833,47.0,gangnam,강남구
11680,개포동,,녹경빌리지,연립,1199-5,45.38,202511,19,28348,2,1998,,중개거래,2065.059347289555,45.0,gangnam,강남구
11680,개포동,,녹경빌리지,연립,1199-5,45.08,202511,19,28340,2,1998,,중개거래,2078.215326086957,45.0,gangnam,강남구
11680,개포동,,녹경빌리지,연립,1199-5,45.27,202511,19,28347,3,1998,,중개거래,2070.004139496355,45.0,gangnam,강남구
11680,개포동,,녹경빌리지,연립,1199-5,47.01,202511,19,28345,3,1998,,중개거래,1993.2456035949801,47.0,gangnam,강남구
11680,개포동,,녹경빌리지,연립,1199-5,45.38,202511,19,28348,3,1998,,중개거래,2065.059347289555,45.0,gangnam,강남구
11680,개포동,,녹경빌리지,연립,1199-5,45.08,202511,19,28340,3,1998,,중개거래,2078.215326086957,45.0,gangnam,강남구
11680,개포동,,녹경빌리지,연립,1199-5,83.72,202511,19,43000,4,1998,,중개거래,1697.906772575251,84.0,gangnam,강남구
11680,개포동,,녹경빌리지,연립,1199-5,45.38,202511,19,28348,4,1998,,중개거래,2065.059347289555,45.0,gangnam,강남구
11680,개포동,,녹경빌리지,연립,1199-5,45.08,202511,19,28342,4,1998,,중개거래,2078.3619891304347,45.0,gangnam,강남구
11680,개포동,,녹경빌리지,연립,1199-5,78.22,202511,19,41950,5,1998,,중개거래,1772.9184447711584,78.0,gangnam,강남구
11680,개포동,,녹경빌리지,연립,1199-5,79.22,202511,19,42100,5,1998,,중개거래,1756.7981380964407,79.0,gangnam,강남구
11680,개포동,,녹경빌리지,연립,1199-5,70.45,202511,19,40349,5,1998,,중개거래,1893.3302904897091,70.0,gangnam,강남구
11680,역삼동,,역삼더힐하우스,다세대,782-29,43.28,202511,11,70000,2,2016,,중개거래,5346.69477818854,43.0,gangnam,강남구
11680,도곡동,,탑빌라,연립,948-3,116.55,202511,18,136000,3,1992,,중개거래,3857.458258258259,117.0,gangnam,강남구
11680,논현동,,KEA(21차),다세대,173-10,26.49,202511,17,33000,4,2020,,중개거래,4118.191959229898,26.0,gangnam,강남구
11680,삼성동,,피카소,다세대,48-7,28.36,202511,22,118000,5,2022,,중개거래,13754.676657263753,28.0,gangnam,강남구
11680,일원동,,블루미어2차,다세대,629-14,27.29,202511,14,87000,2,2024,,중개거래,10538.77958959326,27.0,gangnam,강남구
11680,역삼동,,다원하이빌,다세대,782-2,24.04,202511,14,53000,3,2022,,중개거래,7288.1283277870225,24.0,gangnam,강남구
11680,역삼동,,뉴현대빌라,연립,695-21,71.77,202511,7,72500,1,1997,,중개거래,3339.4093980771913,72.0,gangnam,강남구
11680,개포동,,현대그린빌라,연립,1261-1,84.99,202511,2,127000,4,1992,,중개거래,4939.81286033651,85.0,gangnam,강남구
11680,논현동,,174-4,다세대,174-4,23.3325,202511,13,37500,1,2016,,중개거래,5313.05850208936,23.0,gangnam,강남구
11680,세곡동,,강남효성해링턴코트,연립,541,113.2617,202511,8,310000,4,2016,,중개거래,9048.013141247218,113.0,gangnam,강남구
11680,개포동,,더파인하우스,다세대,1172-3,28.03,202511,7,52000,5,2017,,중개거래,6132.744202640029,28.0,gangnam,강남구
11680,대치동,,(916-6),다세대,916-6,109.44,202511,17,140000,-1,1990,,중개거래,4228.891630116959,109.0,gangnam,강남구
11680,개포동,,뉴아트빌,다세대,1184-17,46.41,202511,14,58500,2,1995,,중개거래,4166.955882352941,46.0,gangnam,강남구
11680,개포동,,녹경빌리지B동,다세대,1169-7,32.74,202511,11,40700,1,1995,,중개거래,4109.512813072694,33.0,gangnam,강남구
11680,세곡동,,SM빌,다세대,355-6,49.28,202511,14,46650,1,2015,,중개거래,3129.3601917613637,49.0,gangnam,강남구
11680,일원동,,(653-14),다세대,653-14,17.46,202511,7,54000,4,2021,,중개거래,10224.077319587628,17.0,gangnam,강남구
11680,역삼동,,우리엘,다세대,743-12,25.17,202511,1,95000,3,2022,,중개거래,12477.138458482319,25.0,gangnam,강남구
11680,청담동,,(13-35),다세대,13-35,29.22,202511,15,45000,3,2019,,중개거래,5091.044661190966,29.0,gangnam,강남구
11680,일원동,,청솔빌리지,연립,739,59.75,202511,15,252000,3,1993,,중개거래,13942.39029288703,60.0,gangnam,강남구
11680,삼성동,,중산주택(91-37),다세대,91-37,41.04,202511,5,134500,1,1986,,중개거래,10834.017604775829,41.0,gangnam,강남구
11680,논현동,,논현파크빌(133-72),다세대,122-17,17.43,202511,12,14500,2,2013,,중개거래,2750.0793172690765,17.0,gangnam,강남구
11680,청담동,,우성빌라(라동),다세대,128-13,60.51,202511,13,120000,-1,1991,,중개거래,6555.845314823997,61.0,gangnam,강남구
11680,대치동,,리더캐슬,다세대,917-29,77.4,202511,11,108000,3,2007,,중개거래,4612.723255813953,77.0,gangnam,강남구
11680,삼성동,,효성빌라(39-2),연립,39-2,141.82,202511,1,190000,2,2000,,중개거래,4428.847482724581,142.0,gangnam,강남구
11680,일원동,,다세대주택(6세대),다세대,638-7,42.21,202511,1,90000,1,1986,,중개거래,7048.582089552239,42.0,gangnam,강남구
11680,논현동,,파크캐슬A동,다세대,172-2,18.15,202511,8,33000,4,2016,,중개거래,6010.518181818183,18.0,gangnam,강남구
11680,역삼동,,리치빌,다세대,777-22,46.32,202511,9,63000,4,2002,,중개거래,4496.210168393783,46.0,gangnam,강남구
11680,일원동,,(686-4),다세대,686-4,26.19,202511,2,74000,4,2020,,중개거래,9340.515082092403,26.0,gangnam,강남구
11680,대치동,,런대치빌(926-21),다세대,926-21,103.29,202511,7,120000,2,2003,,중개거래,3840.586697647401,103.0,gangnam,강남구
11680,개포동,,그린빌,다세대,1254-1,62.44,202511,3,90000,4,2004,,중개거래,4764.90470852018,62.0,gangnam,강남구
11680,일원동,,신성주택,다세대,661-1,49.08,202511,1,57250,-1,1986,,중개거래,3856.0756163406686,49.0,gangnam,강남구
11680,개포동,,런던빌개포,다세대,1194-1,28.14,202511,12,59900,4,2021,,중개거래,7036.834452736319,28.0,gangnam,강남구
11680,자곡동,,엘에이치강남8단지,다세대,646,59.6,202512,20,138000,3,2013,,중개거래,7654.334395973155,60.0,gangnam,강남구
11680,일원동,,매종래재,다세대,676-4,28.85,202512,31,70500,1,2023,,직거래,8078.26143847487,29.0,gangnam,강남구
11680,일원동,,다세대주택,다세대,659-8,50.12,202512,29,74000,1,1986,,중개거래,4880.847765363129,50.0,gangnam,강남구
11680,역삼동,,꿈꾸지오,다세대,751-4,26.13,202512,26,36500,4,2016,,직거래,4617.7249330271725,26.0,gangnam,강남구
11680,역삼동,,꿈꾸지오,다세대,751-4,26.13,202512,30,35000,5,2016,,직거래,4427.955415231535,26.0,gangnam,강남구
11680,대치동,,한티빌리지(나동),다세대,917-25,69.9,202512,29,95000,4,2004,,중개거래,4492.840844062947,70.0,gangnam,강남구
11680,역삼동,,아이리스,다세대,778-11,26.0,202512,30,45000,3,2010,,중개거래,5721.550961538462,26.0,gangnam,강남구
11680,대치동,,현대빌라B,연립,933-38,79.77,202512,25,155500,2,1988,,중개거래,6444.14651498057,80.0,gangnam,강남구
11680,역삼동,,ivillage,다세대,777-44,69.04,202512,24,81000,2,2001,,중개거래,3878.4557502896873,69.0,gangnam,강남구
11680,역삼동,,더프라나역삼,다세대,778-13,29.75,202512,26,59500,2,2021,,중개거래,6611.570000000001,30.0,gangnam,강남구
11680,역삼동,,J&Jvill,다세대,778-18,19.74,202512,24,38000,2,2015,,중개거래,6363.719858156029,20.0,gangnam,강남구
11680,도곡동,,도곡퍼스트빌,다세대,948-31,24.06,202512,31,42000,6,2016,,중개거래,5770.697007481297,24.0,gangnam,강남구
11680,역삼동,,780-9,다세대,780-9,54.39,202512,19,81500,2,2016,,중개거래,4953.511261261261,54.0,gangnam,강남구
11680,논현동,,174-4,다세대,174-4,16.8225,202512,31,25000,4,2016,,중개거래,4912.743349680487,17.0,gangnam,강남구
11680,역삼동,,예원하이빌,다세대,766-7,57.675,202512,31,78700,5,2000,,중개거래,4510.884776766364,58.0,gangnam,강남구
11680,논현동,,그린빌비동,다세대,264-4,29.24,202512,20,38000,3,2016,,중개거래,4296.163816689467,29.0,gangnam,강남구
11680,개포동,,산호빌라(6세대),다세대,160-7,36.84,202512,27,88000,2,1988,,중개거래,7896.554831704669,37.0,gangnam,강남구
11680,역삼동,,로이코빌,다세대,778-38,22.62,202512,24,41000,4,2018,,중개거래,5991.917992926614,23.0,gangnam,강남구
11680,대치동,,스톤빌리지대치3차,다세대,910-11,36.98,202512,29,65500,3,2018,,중개거래,5855.297931314225,37.0,gangnam,강남구
11680,논현동,,논현아펠바움2차(3단지),연립,260,244.7,202512,18,650000,3,2011,,중개거래,8781.202492848388,245.0,gangnam,강남구
11680,논현동,,더하우스(244-17),다세대,244-17,14.04,202512,23,17950,3,2013,,중개거래,4226.41315883191,14.0,gangnam,강남구
11680,삼성동,,삼성더하임2차,다세대,25-9,29.37,202512,13,95000,3,2021,,중개거래,10692.869424582908,29.0,gangnam,강남구
11680,역삼동,,우리엘,다세대,743-12,28.55,202512,11,105000,3,2022,,직거래,12157.878283712786,29.0,gangnam,강남구
11680,역삼동,,우리엘,다세대,743-12,28.55,202512,11,104000,2,2022,,직거래,12042.088966725043,29.0,gangnam,강남구
11680,논현동,,모두가S,다세대,149-11,25.47,202512,11,43000,2,2019,,중개거래,5581.026894385553,25.0,gangnam,강남구
11680,역삼동,,서담villageA,다세대,792-33,29.79,202512,23,36500,3,2018,,중개거래,4050.3911547499165,30.0,gangnam,강남구
11680,삼성동,,대현빌라,연립,29-16,73.71,202512,9,107500,1,1990,,중개거래,4821.216761633429,74.0,gangnam,강남구
11680,일원동,,649-8,다세대,649-8,24.8,202512,26,75000,2,2020,,중개거래,9997.333669354839,25.0,gangnam,강남구
11680,논현동,,가야하우스,다세대,124-26,61.68,202512,19,55500,3,2002,,중개거래,2974.5633511673154,62.0,gangnam,강남구
11680,논현동,,폴라씨엘로,다세대,35-17,103.05,202512,31,180000,3,2017,,중개거래,5774.296943231442,103.0,gangnam,강남구
11680,대치동,,대치아이디움,다세대,916-44,56.36,202512,27,84000,4,2016,,중개거래,4927.003903477644,56.0,gangnam,강남구
11680,개포동,,런던빌개포,다세대,1194-1,23.44,202512,3,45000,4,2021,,직거래,6346.430247440273,23.0,gangnam,강남구
11680,개포동,,청광아트빌라,다세대,1182-2,36.25,202512,31,49000,1,1996,,중개거래,4468.509379310345,36.0,gangnam,강남구
11680,도곡동,,상원가동,다세대,542-7,48.21,202512,29,28800,-1,1987,,직거래,1974.831113876789,48.0,gangnam,강남구
11680,논현동,,진흥펠리체B동,다세대,190-20,26.37,202512,21,35900,3,2015,,중개거래,4500.480906332954,26.0,gangnam,강남구
11680,개포동,,광학빌,다세대,170-4,54.32,202512,9,75000,3,2018,,중개거래,4564.320231958763,54.0,gangnam,강남구
11680,청담동,,청담스테이,다세대,38,29.64,202512,30,75000,6,2018,,직거래,8364.840587044535,30.0,gangnam,강남구
11680,역삼동,,아이리스,다세대,778-11,22.04,202512,29,38900,3,2010,,중개거래,5834.620530852995,22.0,gangnam,강남구
11680,역삼동,,아이리스,다세대,778-11,22.04,202512,19,36000,2,2010,,중개거래,5399.64882032668,22.0,gangnam,강남구
11680,개포동,,아무르하우스,다세대,1231-8,42.63,202512,24,54500,6,2015,,중개거래,4226.255747126436,43.0,gangnam,강남구
11680,역삼동,,신도빌라,연립,756-4,39.22,202512,24,53000,-1,1994,,중개거래,4467.2770270270275,39.0,gangnam,강남구
11680,삼성동,,아남하이츠,연립,95-6,122.08,202512,17,170000,2,1992,,직거래,4603.403096330276,122.0,gangnam,강남구
11680,개포동,,개포엘지움,다세대,660-25,34.45,202512,18,41600,3,2019,,직거래,3991.8913207547166,34.0,gangnam,강남구
11680,개포동,,양지빌라,다세대,1225,59.9,202512,27,66700,4,1999,,중개거래,3681.0661018363944,60.0,gangnam,강남구
11680,개포동,,녹경빌리지B동,다세대,1169-7,32.74,202512,18,34900,-1,1995,,중개거래,3523.881994502138,33.0,gangnam,강남구
11680,대치동,,(916-21),다세대,916-21,56.16,202512,22,76700,2,2004,,중개거래,4514.84525462963,56.0,gangnam,강남구
11680,개포동,,청담빌라,다세대,1255-2,26.68,202512,26,34950,1,1993,,중개거래,4330.479226011995,27.0,gangnam,강남구
11680,역삼동,,아이리스,다세대,778-11,25.0,202512,20,41000,2,2010,,중개거래,5421.4874,25.0,gangnam,강남구
11680,대치동,,(916-15),다세대,916-15,26.88,202512,22,39000,2,2009,,중개거래,4796.33984375,27.0,gangnam,강남구
11680,논현동,,꿈꾸지오(177-11),다세대,177-11,28.57,202512,15,39800,2,2018,,중개거래,4605.188764438222,29.0,gangnam,강남구
11680,개포동,,금성빌라,다세대,1171-4,35.37,202512,20,42000,4,1993,,중개거래,3925.444444444445,35.0,gangnam,강남구
11680,역삼동,,드림하우스,다세대,777-14,27.36,202512,24,20000,1,2000,,직거래,2416.5095029239765,27.0,gangnam,강남구
11680,역삼동,,(777-12),다세대,777-12,42.37,202512,16,51500,3,2015,,중개거래,4018.1243214538595,42.0,gangnam,강남구
11680,역삼동,,한빛위너스,다세대,777-30,29.09,202512,18,55000,4,2016,,중개거래,6250.195084221382,29.0,gangnam,강남구
11680,역삼동,,더프라나역삼,다세대,778-13,29.88,202512,21,64000,6,2021,,중개거래,7080.663989290497,30.0,gangnam,강남구
11680,대치동,,대치모두가,다세대,925-15,14.63,202512,6,34000,5,2017,,중개거래,7682.617224880382,15.0,gangnam,강남구
11680,논현동,,케아하우스23차,다세대,136-39,24.17,202512,12,28000,5,2013,,중개거래,3829.6226727347953,24.0,gangnam,강남구
11680,역삼동,,아이리스,다세대,778-11,23.2,202512,19,38000,3,2010,,중개거래,5414.647844827587,23.0,gangnam,강남구
11680,개포동,,꿈꾸지오,다세대,1265-3,29.66,202512,23,47500,5,2015,,중개거래,5294.16006405934,30.0,gangnam,강남구
11680,개포동,,프리죤,다세대,1199-10,58.96,202512,12,62000,1,1997,,중개거래,3476.232530529172,59.0,gangnam,강남구
11680,일원동,,블루미어3차,다세대,638-18,18.04,202512,9,69000,3,2024,,중개거래,12644.077882483372,18.0,gangnam,강남구
11680,일원동,,팰리체,다세대,642-5,16.76,202512,13,57800,3,2020,,중개거래,11400.618914081146,17.0,gangnam,강남구
11680,일원동,,블루미어2차,다세대,629-14,16.52,202512,22,69000,4,2024,,중개거래,13807.455508474577,17.0,gangnam,강남구
11680,삼성동,,삼성더하임,다세대,29-1,29.95,202512,4,65000,3,2020,,중개거래,7174.491652754592,30.0,gangnam,강남구
11680,삼성동,,H빌,다세대,24-15,30.19,202512,11,47200,4,2014,,중개거래,5168.368731368003,30.0,gangnam,강남구
11680,역삼동,,이수빌라,다세대,747-6,47.26,202512,3,53000,3,2005,,중개거래,3707.2916842996196,47.0,gangnam,강남구
11680,역삼동,,성제빌딩,다세대,774-31,39.69,202512,20,50000,3,2001,,중개거래,4164.506172839507,40.0,gangnam,강남구
11680,일원동,,(683-5),다세대,683-5,82.44,202512,13,95000,3,2002,,중개거래,3809.432011159631,82.0,gangnam,강남구
11680,청담동,,대아빌라(109-5),다세대,109-5,42.61,202512,20,41500,-1,1995,,중개거래,3219.6685637174373,43.0,gangnam,강남구
11680,일원동,,다세대주택(6세대),다세대,653-4,41.64,202512,15,77500,1,1988,,중개거래,6152.69782660903,42.0,gangnam,강남구
11680,대치동,,(908-4),다세대,908-4,44.3,202512,10,110000,8,2019,,중개거래,8208.495485327316,44.0,gangnam,강남구
11680,개포동,,용성빌라,다세대,1179-1,38.44,202512,20,49000,1,1992,,중개거래,4213.929890738814,38.0,gangnam,강남구
11680,개포동,,로얄팰리체2차A동,다세대,1226-8,49.57,202512,13,86000,4,2019,,중개거래,5735.273552551947,50.0,gangnam,강남구
11680,개포동,,용성빌,다세대,1181-2,40.2,202512,8,35000,-1,1992,,중개거래,2878.1710199004974,40.0,gangnam,강남구
11680,개포동,,어반피나클개포,다세대,1183-11,17.4,202512,11,55000,5,2024,,중개거래,10449.320402298852,17.0,gangnam,강남구
11680,개포동,,용성빌라,다세대,1179-1,38.44,202512,10,35000,-1,1992,,중개거래,3009.949921956296,38.0,gangnam,강남구
11680,개포동,,동산빌라,연립,1164-29,31.81,202512,11,43000,4,1996,,중개거래,4468.681389500158,32.0,gangnam,강남구
11680,역삼동,,스타힐스,다세대,781-35,15.5,202512,9,31200,5,2012,,중개거래,6654.225290322582,16.0,gangnam,강남구
11680,역삼동,,스타힐스,다세대,781-35,19.34,202512,9,38800,5,2012,,중개거래,6632.081592554292,19.0,gangnam,강남구
11680,일원동,,다세대주택,다세대,671-3,49.81,202512,15,78000,2,1986,,중개거래,5176.6960449708895,50.0,gangnam,강남구
11680,일원동,,다세대주택,다세대,646-7,48.86,202512,12,78000,2,1987,,중개거래,5277.348137535817,49.0,gangnam,강남구
11680,일원동,,달빛하우스,다세대,682-11,59.43,202512,4,118500,5,2017,,중개거래,6591.545053003534,59.0,gangnam,강남구
11680,역삼동,,리치웰빌라트2차,다세대,774-34,48.21,202512,9,78000,6,2017,,중개거래,5348.500933416304,48.0,gangnam,강남구
11680,개포동,,동산빌라,연립,1164-29,44.54,202512,13,36000,-1,1996,,중개거래,2671.9411764705883,45.0,gangnam,강남구
11680,논현동,,케아하우스23차,다세대,136-39,28.66,202512,12,32000,3,2013,,직거래,3691.036985345429,29.0,gangnam,강남구
11680,대치동,,더힐하우스,다세대,920-27,42.56,202512,12,103000,3,2016,,중개거래,8000.372532894737,43.0,gangnam,강남구
11680,역삼동,,하우징허브,다세대,781-18,27.74,202512,15,53000,5,2018,,중개거래,6316.027577505408,28.0,gangnam,강남구
11680,역삼동,,783-36,다세대,783-36,52.15,202512,16,65000,4,2017,,중개거래,4120.345637583893,52.0,gangnam,강남구
11680,개포동,,조이하우스빌2차,다세대,1226-7,72.72,202512,12,78400,4,2003,,중개거래,3563.9926292629266,73.0,gangnam,강남구
11680,논현동,,논현퍼스티움,다세대,160-4,28.28,202512,22,46000,2,2020,,중개거래,5377.160891089109,28.0,gangnam,강남구
11680,대치동,,스톤빌리지대치2차,다세대,934-8,57.23,202512,9,123500,5,2018,,중개거래,7133.748864232047,57.0,gangnam,강남구
11680,개포동,,마메종,다세대,1167-4,36.59,202512,12,64000,3,2023,,중개거래,5782.18748291883,37.0,gangnam,강남구
11680,개포동,,초원하이츠빌라,다세대,1222-1,54.72,202512,1,42000,1,1993,,중개거래,2537.3349780701756,55.0,gangnam,강남구
11680,개포동,,예가풍경채3차,다세대,1224-4,37.43,202512,15,83000,5,2019,,중개거래,7330.487710392734,37.0,gangnam,강남구
11680,도곡동,,아크로파크3차,다세대,948-26,29.77,202512,13,40500,1,2016,,중개거래,4497.288965401412,30.0,gangnam,강남구
11680,논현동,,논현알베로,다세대,162-5,20.31,202512,14,14800,5,2011,,중개거래,2408.9422944362386,20.0,gangnam,강남구
11680,도곡동,,도곡동948-30공동주택(부백),다세대,948-30,29.04,202512,13,41000,5,2016,,중개거래,4667.258436639118,29.0,gangnam,강남구
11680,삼성동,,로얄빌,다세대,27-5,39.6,202512,14,76000,4,2001,,직거래,6344.435858585859,40.0,gangnam,강남구
11680,도곡동,,은광아트빌라,다세대,951-20,34.29,202512,12,56000,-1,1986,,중개거래,5398.773986585011,34.0,gangnam,강남구
11680,삼성동,,122-25,다세대,122-25,16.28,202512,12,21500,5,2019,,중개거래,4365.748003685504,16.0,gangnam,강남구
11680,개포동,,G-heim,다세대,1245-5,25.89,202512,10,59000,4,2017,,중개거래,7533.461375048281,26.0,gangnam,강남구
11680,개포동,,퓨전빌라,연립,1239-14,69.89,202512,5,95000,2,2002,,중개거래,4493.4836886535995,70.0,gangnam,강남구
11680,역삼동,,역삼더빌,다세대,684-7,14.13,202512,10,13775,2,2012,,중개거래,3222.7309536447274,14.0,gangnam,강남구
11680,개포동,,베네세하우스,다세대,1209-12,81.94,202512,3,94000,4,2012,,중개거래,3792.3332926531616,82.0,gangnam,강남구
11680,일원동,,더샵리치하우스,다세대,682-9,46.77,202512,3,107000,2,2018,,중개거래,7562.946226213386,47.0,gangnam,강남구
11680,역삼동,,한빛위너스,다세대,777-30,29.09,202512,9,55000,2,2016,,중개거래,6250.195084221382,29.0,gangnam,강남구
11680,논현동,,논현실버타운,다세대,179,34.92,202512,6,24300,-1,1991,,중개거래,2300.4173969072167,35.0,gangnam,강남구
11680,역삼동,,더클래스,다세대,744-17,29.62,202512,8,62500,2,2022,,중개거래,6975.4072417285615,30.0,gangnam,강남구
11680,청담동,,청담그린빌,다세대,12-8,84.47,202512,7,92000,4,2012,,중개거래,3600.476145377057,84.0,gangnam,강남구
11680,논현동,,거산빌라,다세대,16-34,32.63,202512,6,28000,1,1995,,중개거래,2836.7140668096845,33.0,gangnam,강남구
11680,논현동,,까사미아(249-19),연립,249-19,89.16,202512,5,110000,3,2002,,중개거래,4078.4696052041277,89.0,gangnam,강남구
11680,개포동,,(1164-27),다세대,1164-27,51.78,202601,15,108000,5,2016,,직거래,6895.032444959444,52.0,gangnam,강남구
11680,논현동,,효성가든빌라,연립,177-15,117.95,202601,17,82500,-1,1990,,중개거래,2312.227744807122,118.0,gangnam,강남구
11680,논현동,,154-2,다세대,154-2,26.74,202601,24,34500,1,2018,,중개거래,4265.130235602095,27.0,gangnam,강남구
11680,대치동,,경일빌라씨동,연립,984-10,61.35,202601,8,153731,2,1987,,중개거래,8283.645213284433,61.0,gangnam,강남구
11680,논현동,,파크쉐르빌,다세대,273-2,29.91,202601,31,44300,3,2016,,중개거래,4896.23121029756,30.0,gangnam,강남구
11680,삼성동,,드림하우스(26-19),다세대,26-19,81.63,202601,30,210000,4,2002,,중개거래,8504.408305769939,82.0,gangnam,강남구
11680,도곡동,,현대탑스빌B동,다세대,414-2,75.75,202601,25,99000,1,2000,,중개거래,4320.431881188119,76.0,gangnam,강남구
11680,개포동,,탑펠리스,다세대,1200-4,71.35,202601,28,78400,4,2003,,중개거래,3632.4252838121943,71.0,gangnam,강남구
11680,개포동,,롯데빌리지,연립,1221-3,84.53,202601,31,68000,-1,1991,,중개거래,2659.332544658701,85.0,gangnam,강남구
11680,논현동,,154-2,다세대,154-2,27.93,202601,29,42000,3,2018,,중개거래,4971.105263157895,28.0,gangnam,강남구
11680,일원동,,광현빌라,다세대,682-4,60.95,202601,26,88000,4,2003,,중개거래,4772.913535684987,61.0,gangnam,강남구
11680,개포동,,푸른빌,다세대,1234-7,31.13,202601,17,55000,5,2015,,중개거래,5840.609540636043,31.0,gangnam,강남구
11680,대치동,,스톤빌리지대치4차,다세대,925,50.98,202601,31,117000,3,2019,,중개거래,7586.834935268735,51.0,gangnam,강남구
11680,논현동,,케아하우스23차,다세대,136-39,18.82,202601,17,29000,2,2013,,직거래,5093.930127523911,19.0,gangnam,강남구
11680,역삼동,,우리엘,다세대,743-12,17.0,202601,21,79000,3,2022,,직거래,15362.177352941177,17.0,gangnam,강남구
11680,개포동,,G-heim,다세대,1245-5,25.89,202601,17,61000,3,2017,,중개거래,7788.832947083815,26.0,gangnam,강남구
11680,삼성동,,"거봉빌리지(가,나동)",다세대,94-27,83.01,202601,21,170000,2,1989,,중개거래,6770.0692687628,83.0,gangnam,강남구
11680,개포동,,(1164-27),다세대,1164-27,51.78,202601,15,90000,3,2016,,중개거래,5745.860370799537,52.0,gangnam,강남구
11680,삼성동,,(26-20),다세대,26-20,29.43,202601,20,86500,2,2011,,중개거래,9716.289585457018,29.0,gangnam,강남구
11680,삼성동,,삼성파크빌(26-4),다세대,26-4,25.97,202601,17,76620,1,2002,,중개거래,9753.147735849057,26.0,gangnam,강남구
11680,논현동,,케아하우스23차,다세대,136-39,19.3,202601,16,30000,3,2013,,직거래,5138.525906735751,19.0,gangnam,강남구
11680,역삼동,,(745-22),다세대,745-22,28.93,202601,17,74000,3,2019,,중개거래,8455.862080884895,29.0,gangnam,강남구
11680,논현동,,케아하우스23차,다세대,136-39,20.72,202601,16,27000,3,2013,,직거래,4307.731418918919,21.0,gangnam,강남구
11680,청담동,,청담샹그리라,다세대,69-1,61.875,202601,18,87000,2,2013,,중개거래,4648.13406060606,62.0,gangnam,강남구
11680,개포동,,강남하이츠,다세대,1219-11,39.38,202601,23,42500,4,1993,,중개거래,3567.695848146267,39.0,gangnam,강남구
11680,논현동,,케아하우스23차,다세대,136-39,19.56,202601,8,27000,3,2013,,직거래,4563.200153374234,20.0,gangnam,강남구
11680,논현동,,케아하우스23차,다세대,136-39,19.3,202601,8,27000,4,2013,,직거래,4624.673316062176,19.0,gangnam,강남구
11680,역삼동,,역삼힐스102동,다세대,639,36.2,202601,27,66000,6,2019,,중개거래,6027.121823204419,36.0,gangnam,강남구
11680,개포동,,벽산빌라,연립,1210-6,109.7,202601,31,130000,4,1996,,중개거래,3917.5209662716497,110.0,gangnam,강남구
11680,역삼동,,화인주택,연립,778-20,139.7,202601,18,155000,3,1998,,중개거래,3667.835898353615,140.0,gangnam,강남구
11680,논현동,,케아하우스23차,다세대,136-39,24.17,202601,8,30500,5,2013,,직거래,4171.553268514687,24.0,gangnam,강남구
11680,논현동,,케아하우스23차,다세대,136-39,20.13,202601,8,27500,4,2013,,직거래,4516.099726775957,20.0,gangnam,강남구
11680,개포동,,골든강남빌,다세대,1264-4,43.74,202601,25,83500,4,2015,,중개거래,6310.769261545496,44.0,gangnam,강남구
11680,개포동,,HHestia,다세대,1227-2,38.22,202601,28,65000,4,2016,,중개거래,5622.083333333334,38.0,gangnam,강남구
11680,개포동,,아트빌라,다세대,1179-3,28.07,202601,31,39500,4,1993,,중개거래,4651.888403990025,28.0,gangnam,강남구
11680,역삼동,,버베나하우스(A),다세대,751-8,28.799,202601,20,52000,5,2021,,중개거래,5968.985728671135,29.0,gangnam,강남구
11680,삼성동,,뉴그린하우스,다세대,115-19,87.87,202601,21,200000,5,2002,,중개거래,7524.26311596677,88.0,gangnam,강남구
11680,삼성동,,뉴그린하우스,다세대,115-19,26.32,202601,14,40000,2,2002,,중개거래,5023.989361702128,26.0,gangnam,강남구
11680,삼성동,,뉴그린하우스,다세대,115-19,34.33,202601,14,50000,2,2002,,중개거래,4814.717448295952,34.0,gangnam,강남구
11680,삼성동,,뉴그린하우스,다세대,115-19,34.52,202601,14,50000,2,2002,,중개거래,4788.21697566628,35.0,gangnam,강남구
11680,삼성동,,뉴그린하우스,다세대,115-19,25.45,202601,14,40000,2,2002,,중개거래,5195.732809430256,25.0,gangnam,강남구
11680,삼성동,,뉴그린하우스,다세대,115-19,26.32,202601,14,40000,3,2002,,중개거래,5023.989361702128,26.0,gangnam,강남구
11680,삼성동,,뉴그린하우스,다세대,115-19,34.33,202601,14,50000,3,2002,,중개거래,4814.717448295952,34.0,gangnam,강남구
11680,삼성동,,뉴그린하우스,다세대,115-19,34.52,202601,14,50000,3,2002,,중개거래,4788.21697566628,35.0,gangnam,강남구
11680,삼성동,,뉴그린하우스,다세대,115-19,25.45,202601,14,40000,3,2002,,중개거래,5195.732809430256,25.0,gangnam,강남구
11680,삼성동,,뉴그린하우스,다세대,115-19,31.09,202601,14,50000,4,2002,,중개거래,5316.476358957864,31.0,gangnam,강남구
11680,삼성동,,뉴그린하우스,다세대,115-19,73.71,202601,14,90000,4,2002,,중개거래,4036.3675213675224,74.0,gangnam,강남구
11680,역삼동,,스타힐스,다세대,781-35,20.2,202601,22,43000,6,2012,,중개거래,7037.067079207921,20.0,gangnam,강남구
11680,세곡동,,강남효성해링턴코트,연립,541,122.8577,202601,17,266000,2,2016,,중개거래,7157.376460734655,123.0,gangnam,강남구
11680,논현동,,KEA(21차),다세대,173-10,24.5,202601,14,36000,5,2020,,중개거래,4857.48,24.0,gangnam,강남구
11680,대치동,,경일빌라씨동,연립,984-10,62.67,202601,8,148310,1,1987,,중개거래,7823.216424924207,63.0,gangnam,강남구
11680,역삼동,,공간9차,다세대,637-5,26.46,202601,19,35800,3,2017,,중개거래,4472.67962962963,26.0,gangnam,강남구
11680,역삼동,,아이리스,다세대,778-11,23.2,202601,17,40500,2,2010,,중개거래,5770.874676724139,23.0,gangnam,강남구
11680,삼성동,,삼성더하임,다세대,29-1,22.9,202601,26,48000,4,2020,,중개거래,6929.156331877731,23.0,gangnam,강남구
11680,역삼동,,아이리스,다세대,778-11,24.12,202601,23,42500,5,2010,,중개거래,5824.869921227198,24.0,gangnam,강남구
11680,역삼동,,역삼빌라(746-4),다세대,746-4,48.39,202601,31,55000,-1,1987,,중개거래,3757.3501756561277,48.0,gangnam,강남구
11680,일원동,,청솔빌리지,연립,739,59.75,202601,23,268000,3,1993,,중개거래,14827.621422594142,60.0,gangnam,강남구
11680,개포동,,아이도스빌라,다세대,1168-11,62.28,202601,27,52500,-1,1993,,중개거래,2786.668473025048,62.0,gangnam,강남구
11680,도곡동,,클래스원비,다세대,948-22,63.27,202601,31,87000,2,2022,,중개거래,4545.650308202939,63.0,gangnam,강남구
11680,일원동,,인하우스,다세대,685-12,29.1,202601,28,93000,2,2022,,중개거래,10564.879896907218,29.0,gangnam,강남구
11680,개포동,,개포비버리하임,다세대,1193-5,28.05,202601,23,46800,6,2018,,중개거래,5515.534331550803,28.0,gangnam,강남구
11680,역삼동,,(770-13),다세대,770-13,50.04,202601,23,48000,5,2003,,중개거래,3171.016786570744,50.0,gangnam,강남구
11680,일원동,,(635-14),다세대,635-14,27.67,202601,30,107500,4,2023,,중개거래,12843.219642211781,28.0,gangnam,강남구
11680,역삼동,,(781-1),다세대,781-1,57.41,202601,6,83000,5,2015,,중개거래,4779.309440863962,57.0,gangnam,강남구
11680,역삼동,,역삼드림e빌,다세대,656-29,20.06,202601,28,21500,4,2013,,중개거래,3543.089606181456,20.0,gangnam,강남구
11680,역삼동,,동원스위트,다세대,745-39,26.8,202601,28,70000,5,2016,,중개거래,8634.513059701492,27.0,gangnam,강남구
11680,역삼동,,역삼로얄빌라,연립,792-32,63.47,202601,9,83500,2,1989,,중개거래,4349.031786670868,63.0,gangnam,강남구
11680,역삼동,,역삼이안베스티움,다세대,774-24,28.73,202601,29,57000,4,2019,,중개거래,6558.6406195614345,29.0,gangnam,강남구
11680,개포동,,Artespace,다세대,1183-10,33.64,202601,5,55000,4,2021,,중개거래,5404.820897740785,34.0,gangnam,강남구
11680,역삼동,,로이코빌,다세대,778-38,28.69,202601,23,58000,2,2018,,중개거래,6683.009062391077,29.0,gangnam,강남구
11680,역삼동,,일건빌라트,연립,793-32,243.21,202601,16,295000,2,1992,,중개거래,4009.73058262407,243.0,gangnam,강남구
11680,개포동,,명진빌라,다세대,1178-2,52.62,202601,26,57000,-1,1990,,중개거래,3580.9529646522237,53.0,gangnam,강남구
11680,대치동,,한스타운에이동,다세대,958-7,59.45,202601,15,103000,2,2003,,중개거래,5727.432380151388,59.0,gangnam,강남구
11680,삼성동,,한스빌,다세대,27-15,79.35,202601,24,165000,2,2004,,중개거래,6874.033081285445,79.0,gangnam,강남구
11680,논현동,,서진플로렌스154,다세대,154-1,12.37,202601,28,21500,3,2013,,중개거래,5745.705537590947,12.0,gangnam,강남구
11680,역삼동,,런던빌,다세대,797-24,29.04,202601,22,43900,6,2019,,중개거래,4997.381594352617,29.0,gangnam,강남구
11680,일원동,,블루미어3차,다세대,638-18,19.11,202601,21,75000,4,2024,,중개거래,12974.038461538463,19.0,gangnam,강남구
11680,역삼동,,스타힐스,다세대,781-35,15.64,202601,14,38000,3,2012,,중개거래,8031.958439897699,16.0,gangnam,강남구
11680,역삼동,,한빛위너스,다세대,777-30,44.42,202601,27,78000,3,2016,,중개거래,5804.8453399369655,44.0,gangnam,강남구
11680,개포동,,비룡빌라,연립,1263-1,58.2,202601,12,107000,2,1989,,중개거래,6077.645962199313,58.0,gangnam,강남구
11680,역삼동,,783-36,다세대,783-36,57.72,202601,24,65000,2,2017,,중개거래,3722.730855855856,58.0,gangnam,강남구
11680,역삼동,,한스빌라,다세대,704-14,64.57,202601,26,83000,2,1994,,중개거래,4249.344200092923,65.0,gangnam,강남구
11680,역삼동,,리치웰,다세대,774-10,27.39,202601,17,40300,5,2017,,중개거래,4863.933388097847,27.0,gangnam,강남구
11680,역삼동,,역삼더하임,다세대,774-40,27.77,202601,19,55000,6,2020,,중개거래,6547.287540511344,28.0,gangnam,강남구
11680,개포동,,현대빌라(15세대),연립,1185-6,81.54,202601,25,146000,3,1990,,중개거래,5919.11466764778,82.0,gangnam,강남구
11680,논현동,,논현밸류II,다세대,113-4,44.77,202601,10,60000,5,2015,,중개거래,4430.3573821755635,45.0,gangnam,강남구
11680,개포동,,녹경빌리지B동,다세대,1169-7,41.72,202601,20,48000,2,1995,,중개거래,3803.3959731543628,42.0,gangnam,강남구
11680,역삼동,,스타힐스,다세대,781-35,20.88,202601,10,44000,3,2012,,중개거래,6966.213601532568,21.0,gangnam,강남구
11680,청담동,,(13-35),다세대,13-35,27.42,202601,24,49900,4,2019,,중개거래,6015.998231218088,27.0,gangnam,강남구
11680,자곡동,,엘에이치강남8단지,다세대,646,59.6,202601,24,144000,4,2013,,중개거래,7987.131543624161,60.0,gangnam,강남구
11680,역삼동,,783-36,다세대,783-36,52.15,202601,11,65000,3,2017,,중개거래,4120.345637583893,52.0,gangnam,강남구
11680,역삼동,,역삼빌라(746-4),다세대,746-4,48.39,202601,21,28500,-1,1987,,중개거래,1946.990545567266,48.0,gangnam,강남구
11680,대치동,,스톤빌리지,다세대,934-2,29.6,202601,6,55000,3,2016,,중개거래,6142.5059121621625,30.0,gangnam,강남구
11680,역삼동,,케아하우스,다세대,664-28,22.16,202601,16,26000,2,2017,,중개거래,3878.6286101083033,22.0,gangnam,강남구
11680,역삼동,,아이리스,다세대,778-11,25.0,202601,22,44000,3,2010,,중개거래,5818.1816,25.0,gangnam,강남구
11680,개포동,,운영빌라5차,다세대,1198-4,38.33,202601,21,31000,2,1997,,중개거래,2673.6064440386126,38.0,gangnam,강남구
11680,일원동,,골든빌,다세대,648-7,29.75,202601,17,81000,2,2020,,중개거래,9000.624705882354,30.0,gangnam,강남구
11680,역삼동,,더블유힐,다세대,778-23,40.59,202601,16,69000,4,2013,,중개거래,5619.590169992609,41.0,gangnam,강남구
11680,역삼동,,더클래스,다세대,744-17,29.14,202601,2,62000,2,2022,,중개거래,7033.585106382979,29.0,gangnam,강남구
11680,대치동,,삼성그린빌A,다세대,918-12,55.66,202601,2,63500,5,2002,,중개거래,3771.4219816744526,56.0,gangnam,강남구
11680,개포동,,우정빌라(1180-5),다세대,1180-5,35.76,202601,12,41000,-1,1991,,중개거래,3790.1897371364657,36.0,gangnam,강남구
11680,역삼동,,한빛위너스,다세대,777-30,44.42,202601,14,78000,2,2016,,중개거래,5804.8453399369655,44.0,gangnam,강남구
11680,대치동,,에오스빌(917-22),다세대,917-22,63.71,202601,12,88000,4,2002,,중개거래,4566.144718254592,64.0,gangnam,강남구
11680,논현동,,KEA(21차),다세대,173-10,21.51,202601,16,28000,4,2020,,중개거래,4303.206880520688,22.0,gangnam,강남구
11680,개포동,,대성빌라(1209-6),다세대,1209-6,46.46,202601,10,60000,1,1991,,중개거래,4269.201463624623,46.0,gangnam,강남구
11680,개포동,,비스타그린빌,다세대,1202-6,54.55,202601,16,70000,3,2002,,중개거래,4242.070577451879,55.0,gangnam,강남구
11680,일원동,,궁전하우스,다세대,665,25.16,202601,19,74000,4,2023,,중개거래,9722.89705882353,25.0,gangnam,강남구
11680,논현동,,케아하우스13차,다세대,263-12,23.65,202601,10,29000,4,2019,,중개거래,4053.6052854122627,24.0,gangnam,강남구
11680,역삼동,,스타힐스,다세대,781-35,23.5,202601,7,48800,5,2012,,중개거래,6864.779063829787,24.0,gangnam,강남구
11680,역삼동,,스타힐스,다세대,781-35,23.47,202601,7,48500,6,2012,,중개거래,6831.298359608011,23.0,gangnam,강남구
11680,역삼동,,스타힐스,다세대,781-35,22.05,202601,7,47000,6,2012,,중개거래,7046.344444444445,22.0,gangnam,강남구
11680,역삼동,,스타힐스,다세대,781-35,22.74,202601,7,48000,3,2012,,중개거래,6977.910290237468,23.0,gangnam,강남구
11680,개포동,,(1164-27),다세대,1164-27,51.78,202601,15,108000,5,2016,,중개거래,6895.032444959444,52.0,gangnam,강남구
11680,도곡동,,도곡파크,다세대,413-8,18.105,202601,15,21500,5,2013,,중개거래,3925.6767467550403,18.0,gangnam,강남구
11680,역삼동,,한빛위너스,다세대,777-30,29.09,202601,5,52500,4,2016,,중개거래,5966.095307665865,29.0,gangnam,강남구
11680,논현동,,라인빌리지(149-18),다세대,149-18,17.61,202601,13,20500,4,2012,,중개거래,3848.301675184555,18.0,gangnam,강남구
11680,삼성동,,삼성villige,다세대,84-2,86.99,202601,10,190000,1,1989,,중개거래,7220.360386251295,87.0,gangnam,강남구
11680,역삼동,,지에스빌,다세대,741-21,14.55,202601,14,18300,3,2013,,중개거래,4157.791443298969,15.0,gangnam,강남구
11680,개포동,,다세대주택,다세대,1233-17,50.67,202601,12,59600,1,1986,,중개거래,3888.391276889678,51.0,gangnam,강남구
11680,역삼동,,(728-48),다세대,728-48,28.05,202601,14,42000,4,2018,,중개거래,4949.838502673797,28.0,gangnam,강남구
11680,논현동,,파크빌,다세대,272-8,18.53,202601,12,19000,2,2013,,중개거래,3389.633837021047,19.0,gangnam,강남구
11680,도곡동,,가동,다세대,193-12,29.925,202601,2,42700,4,2015,,중개거래,4717.0265497076025,30.0,gangnam,강남구
11680,청담동,,더청담,다세대,13-34,28.02,202601,13,58500,1,2018,,중개거래,6901.7995182012855,28.0,gangnam,강남구
11680,일원동,,(649-12),다세대,649-12,29.37,202601,10,80000,3,2020,,중개거래,9004.521620701396,29.0,gangnam,강남구
11680,논현동,,이화빌라,다세대,148-6,50.62,202601,10,58000,3,1991,,중개거래,3787.742591860925,51.0,gangnam,강남구
11680,개포동,,골든강남빌,다세대,1264-4,43.74,202601,10,83000,3,2015,,중개거래,6272.980224051212,44.0,gangnam,강남구
11680,대치동,,포스빌,다세대,903-5,50.82,202601,11,55000,4,2002,,중개거래,3577.689393939394,51.0,gangnam,강남구
11680,역삼동,,다온아트빌,다세대,750-20,29.5,202601,10,70000,2,2011,,중개거래,7844.235593220339,30.0,gangnam,강남구
11680,개포동,,미농빌라,다세대,1180-7,37.44,202601,10,59000,2,1990,,중개거래,5209.436832264958,37.0,gangnam,강남구
11680,역삼동,,더프라나역삼,다세대,778-13,29.92,202601,7,69000,4,2021,,중개거래,7623.635193850268,30.0,gangnam,강남구
11680,논현동,,로얄캐슬,다세대,170-4,24.39,202601,6,36000,3,2016,,중개거래,4879.387453874539,24.0,gangnam,강남구
11680,일원동,,블루미어3차,다세대,638-18,18.04,202601,9,69000,2,2024,,중개거래,12644.077882483372,18.0,gangnam,강남구
11680,개포동,,로얄팰리체2차B동,다세대,1226-9,32.66,202601,2,55500,2,2019,,중개거래,5617.607700551134,33.0,gangnam,강남구
11680,일원동,,카사펠리즈,다세대,665-4,36.85,202601,2,107000,2,2021,,중개거래,9598.887245590231,37.0,gangnam,강남구
11680,일원동,,샤갈하우스2,다세대,663-9,29.99,202601,7,85700,4,2021,,중개거래,9446.67470823608,30.0,gangnam,강남구
11680,개포동,,뉴아트빌라,다세대,1171-6,49.75,202601,5,55000,2,2000,,중개거래,3654.636683417086,50.0,gangnam,강남구
11680,논현동,,아이리스논현,다세대,270-35,29.06,202601,3,40000,4,2017,,중개거래,4550.289057123194,29.0,gangnam,강남구
11680,논현동,,논현하이츠빌라,연립,38-11,209.54,202601,2,210000,4,1997,,중개거래,3313.0421399255515,210.0,gangnam,강남구
11680,개포동,,(1233-22),다세대,1233-22,55.22,202602,6,85000,2,2015,,중개거래,5088.586110105035,55.0,gangnam,강남구
11680,일원동,,위법건축물,다세대,638-9,45.42,202602,28,60000,-1,1986,,중개거래,4366.955085865257,45.0,gangnam,강남구
11680,청담동,,한양맨션가동,연립,121-37,90.12,202602,26,200000,1,1982,,중개거래,7336.407012871727,90.0,gangnam,강남구
11680,신사동,,현대빌라A,연립,595-13,84.85,202602,25,157000,3,1988,,중개거래,6116.77365939894,85.0,gangnam,강남구
11680,신사동,,칼릭스빌C동,다세대,594-33,110.33,202602,28,132500,2,2004,,중개거래,3970.058121091272,110.0,gangnam,강남구
11680,역삼동,,중앙클래식,다세대,741-30,30.83,202602,28,50500,3,2017,,중개거래,5414.925154070711,31.0,gangnam,강남구
11680,역삼동,,역삼다산빌라,다세대,780-46,27.09,202602,19,47000,4,2016,,중개거래,5735.396640826873,27.0,gangnam,강남구
11680,역삼동,,테마빌,다세대,729-9,80.92,202602,28,84500,3,2002,,중개거래,3452.036980968858,81.0,gangnam,강남구
11680,논현동,,스카이팰리스,연립,262-3,84.73,202602,12,95000,3,2002,,중개거래,3706.474389236398,85.0,gangnam,강남구
11680,논현동,,논현펠리시움,다세대,136-2,48.8,202602,20,73500,5,2006,,중개거래,4978.999948770493,49.0,gangnam,강남구
11680,신사동,,승원빌라,다세대,626-65,71.4,202602,9,88000,2,1995,,중개거래,4074.356862745098,71.0,gangnam,강남구
11680,대치동,,(971-10),다세대,971-10,59.92,202602,25,139000,2,2007,,중개거래,7668.626752336449,60.0,gangnam,강남구
11680,논현동,,아이리스논현,다세대,270-35,29.06,202602,10,46000,4,2017,,중개거래,5232.832415691673,29.0,gangnam,강남구
11680,논현동,,케아하우스13차,다세대,263-12,21.6,202602,14,30000,3,2019,,중개거래,4591.368055555555,22.0,gangnam,강남구
11680,삼성동,,삼성동다세대주택(90-16),다세대,90-16,56.37,202602,5,100000,3,2003,,중개거래,5864.440305126841,56.0,gangnam,강남구
11680,도곡동,,도곡퍼스트빌,다세대,948-31,24.06,202602,28,54800,4,2016,,중개거래,7529.385619285121,24.0,gangnam,강남구
11680,논현동,,케아하우스23차,다세대,136-39,20.72,202602,22,30000,2,2013,,직거래,4786.368243243243,21.0,gangnam,강남구
11680,일원동,,골드리버강남Ⅱ,다세대,641-8,24.29,202602,27,72000,3,2021,,중개거래,9798.951008645534,24.0,gangnam,강남구
11680,역삼동,,역삼드림e빌,다세대,656-29,21.38,202602,5,21750,4,2013,,중개거래,3362.994562675398,21.0,gangnam,강남구
11680,도곡동,,은광아트빌라,다세대,951-20,34.29,202602,14,58000,-1,1986,,중개거래,5591.5873432487615,34.0,gangnam,강남구
11680,개포동,,예가풍경채,다세대,1236-11,24.88,202602,27,53500,2,2018,,중개거래,7108.500703376207,25.0,gangnam,강남구
11680,개포동,,동산빌라,연립,1164-29,42.6,202602,14,49500,4,1996,,중개거래,3841.2290492957745,43.0,gangnam,강남구
11680,논현동,,174-4,다세대,174-4,23.1775,202602,15,37000,2,2016,,중개거래,5277.275159098264,23.0,gangnam,강남구
11680,개포동,,꿈꾸지오,다세대,1265-3,29.66,202602,2,79000,5,2015,,중개거래,8805.024106540795,30.0,gangnam,강남구
11680,역삼동,,(745-22),다세대,745-22,26.83,202602,10,83500,3,2019,,중개거래,10288.223909802462,27.0,gangnam,강남구
11680,개포동,,포이하이츠빌라,다세대,1235-5,36.36,202602,4,49500,1,1990,,중개거래,4500.449876237624,36.0,gangnam,강남구
11680,역삼동,,(745-22),다세대,745-22,26.83,202602,9,79000,3,2019,,중개거래,9733.768729034664,27.0,gangnam,강남구
11680,역삼동,,상신,다세대,699-17,55.53,202602,11,32000,2,1993,,중개거래,1905.008463893391,56.0,gangnam,강남구
11680,일원동,,골드리버강남Ⅱ,다세대,641-8,29.33,202602,5,70000,4,2021,,중개거래,7889.701670644393,29.0,gangnam,강남구
11680,개포동,,아무르하우스,다세대,1231-8,48.14,202602,20,74000,5,2015,,중개거래,5081.597216452015,48.0,gangnam,강남구
11680,역삼동,,리빙하이츠,다세대,664-17,26.85,202602,8,20200,2,2002,,중개거래,2487.0337802607078,27.0,gangnam,강남구
11680,논현동,,엠마오빌,다세대,150-8,73.81,202602,13,64000,3,2002,,중개거래,2866.417016664409,74.0,gangnam,강남구
11680,개포동,,동삼빌리지,다세대,1262-7,81.57,202602,7,120000,2,1991,,중개거래,4863.236484001472,82.0,gangnam,강남구
11680,논현동,,아이파크,다세대,188-3,14.18,202602,3,20000,4,2013,,중개거래,4662.602256699578,14.0,gangnam,강남구
11680,삼성동,,봉은사로461주상복합(주식회사프레스티지),연립,45-9,31.07,202602,9,58200,12,2017,,중개거래,6192.361989056968,31.0,gangnam,강남구
11680,대치동,,스톤빌리지대치3차,다세대,910-11,54.3,202602,13,104500,6,2018,,중개거래,6361.961924493555,54.0,gangnam,강남구
11680,대치동,,공간아트빌,다세대,928-5,56.69,202602,11,65000,4,2000,,중개거래,3790.369112718293,57.0,gangnam,강남구
11680,역삼동,,역삼드림e빌,다세대,656-29,14.12,202602,19,21000,6,2013,,중개거래,4916.535764872522,14.0,gangnam,강남구
11680,역삼동,,아이리스,다세대,778-11,24.25,202602,4,42500,4,2010,,중개거래,5793.6438144329895,24.0,gangnam,강남구
11680,일원동,,(632-6),다세대,632-6,24.86,202602,7,86000,2,2021,,중개거래,11435.941673370877,25.0,gangnam,강남구
11680,역삼동,,베스트빌,다세대,793-29,45.22,202602,11,47000,5,2012,,중개거래,3435.9109907120746,45.0,gangnam,강남구
11680,일원동,,한차임,다세대,652-1,27.53,202602,12,80000,4,2020,,중개거래,9606.349436977842,28.0,gangnam,강남구
11680,개포동,,뉴아트빌라,다세대,1171-6,42.96,202602,9,55000,2,2000,,중개거래,4232.2666433892,43.0,gangnam,강남구
11680,자곡동,,엘에이치강남8단지,다세대,646,59.6,202602,11,144000,4,2013,,중개거래,7987.131543624161,60.0,gangnam,강남구
11680,역삼동,,케아하우스,다세대,664-28,23.48,202602,7,29200,2,2017,,중개거래,4111.112521294719,23.0,gangnam,강남구
11680,역삼동,,미도휴먼빌,다세대,796-14,42.8697,202602,5,57500,3,2017,,중개거래,4433.962390686195,43.0,gangnam,강남구
11680,개포동,,운영빌라,다세대,1180-9,44.28,202602,8,58500,1,1995,,중개거래,4367.398882113821,44.0,gangnam,강남구
11680,개포동,,수창스마트빌,다세대,1171-7,22.86,202602,7,31000,4,2015,,중개거래,4482.910542432196,23.0,gangnam,강남구
11680,논현동,,엠마오빌,다세대,150-8,103.48,202602,10,82000,5,2002,,중개거래,2619.5822381136454,103.0,gangnam,강남구
11680,삼성동,,현대하이츠빌라,다세대,85-5,84.98,202602,9,205000,1,1988,,중개거래,7974.65197693575,85.0,gangnam,강남구
11680,개포동,,동산빌라,연립,1164-29,52.1,202602,9,43500,1,1996,,중개거래,2760.1083973128602,52.0,gangnam,강남구
11680,대치동,,스톤빌리지대치3차,다세대,910-11,52.38,202602,6,95000,6,2018,,중개거래,5995.600897289041,52.0,gangnam,강남구
11680,삼성동,,힐스테이7,다세대,34-12,21.87,202602,7,30000,2,2016,,중개거래,4534.6844993141285,22.0,gangnam,강남구
11680,역삼동,,리치웰빌라트2차,다세대,774-34,29.89,202602,5,62000,4,2017,,중개거래,6857.098360655737,30.0,gangnam,강남구
11680,개포동,,대림빌라,다세대,1209-11,61.79,202602,5,73000,2,2000,,중개거래,3905.523628418838,62.0,gangnam,강남구
11680,논현동,,케아하우스23차,다세대,136-39,28.66,202602,3,32000,3,2013,,중개거래,3691.036985345429,29.0,gangnam,강남구
11680,삼성동,,현대파크빌라,다세대,123-26,47.85,202602,3,37000,2,1992,,중개거래,2556.1973876698016,48.0,gangnam,강남구
11680,삼성동,,영하우스,다세대,39-1,59.29,202602,1,65000,2,2016,,직거래,3624.1528925619837,59.0,gangnam,강남구
11680,역삼동,,모던클레식하우스,다세대,796-15,34.38,202602,2,55000,5,2017,,중개거래,5288.4867655613725,34.0,gangnam,강남구
11680,논현동,,(193-4),다세대,193-4,20.75,202602,1,17000,5,2011,,중개거래,2708.353975903615,21.0,gangnam,강남구
11680,논현동,,꿈꾸지오(176-9),다세대,176-9,14.2,202603,20,26000,6,2019,,직거래,6052.845774647888,14.0,gangnam,강남구
11680,개포동,,런던빌개포,다세대,1194-1,19.81,202603,17,45000,3,2021,,직거래,7509.355123674913,20.0,gangnam,강남구
11680,역삼동,,S클레스4차,다세대,781-12,28.92,202603,24,65000,4,2023,,직거래,7430.01469571231,29.0,gangnam,강남구
11680,역삼동,,다원하이빌,다세대,782-2,24.04,202603,30,52500,2,2022,,중개거래,7219.3724001663895,24.0,gangnam,강남구
11680,세곡동,,프라임,다세대,425-2,70.75,202603,31,75000,-1,2018,,중개거래,3504.3657243816256,71.0,gangnam,강남구
11680,논현동,,태평빌라트,다세대,131-19,73.17,202603,26,56000,2,2001,,직거래,2530.052753860872,73.0,gangnam,강남구
11680,역삼동,,더클래스,다세대,744-17,29.62,202603,23,86000,3,2022,,중개거래,9598.160364618501,30.0,gangnam,강남구
11680,삼성동,,삼성펠레스967,다세대,96-7,75.79,202603,23,217000,1,2016,,중개거래,9465.039517086687,76.0,gangnam,강남구
11680,논현동,,(136-40),다세대,136-40,91.07,202603,20,121000,4,2007,,중개거래,4392.22559569562,91.0,gangnam,강남구
11680,일원동,,(676-5),다세대,676-5,34.76,202603,27,66500,2,1992,,중개거래,6324.358529919448,35.0,gangnam,강남구
11680,역삼동,,영동빌라(796-11),다세대,796-11,58.32,202603,23,63000,4,2011,,중개거래,3571.0640432098767,58.0,gangnam,강남구
11680,세곡동,,강남효성해링턴코트,연립,541,95.8969,202603,28,240000,4,2016,,중개거래,8273.347730739993,96.0,gangnam,강남구
11680,논현동,,아이파크,다세대,188-3,14.04,202603,27,21000,3,2013,,중개거래,4944.550213675215,14.0,gangnam,강남구
11680,일원동,,(676-7),다세대,676-7,27.89,202603,28,89000,2,2021,,중개거래,10549.11670849767,28.0,gangnam,강남구
11680,삼성동,,삼성동46-29공동주택,다세대,46-29,34.12,202603,23,89900,2,2013,,중개거래,8710.142775498241,34.0,gangnam,강남구
11680,개포동,,로뎀빌,다세대,1241-4,29.61,202603,21,36900,5,2012,,중개거래,4119.6712765957445,30.0,gangnam,강남구
11680,논현동,,모던클래식하우스,다세대,229-17,29.78,202603,16,49000,4,2019,,중개거래,5439.337306917395,30.0,gangnam,강남구
11680,일원동,,(630-4),다세대,630-4,24.2,202603,14,83000,4,2021,,중개거래,11338.022933884298,24.0,gangnam,강남구
11680,삼성동,,월드빌라,다세대,100-7,59.58,202603,21,140000,1,1988,,중개거래,7767.873447465593,60.0,gangnam,강남구
11680,대치동,,(916-69),다세대,916-69,72.66,202603,26,55000,5,2003,,직거래,2502.314547206166,73.0,gangnam,강남구
11680,논현동,,승립하이츠,연립,161-9,59.93,202603,16,50000,2,1994,,직거래,2758.0385449691307,60.0,gangnam,강남구
11680,논현동,,동광팰리스,다세대,104-5,30.17,202603,20,54200,6,2016,,중개거래,5938.79837587007,30.0,gangnam,강남구
11680,개포동,,대신홈타운(1219-6),다세대,1219-6,76.32,202603,27,102000,3,2003,,중개거래,4418.108883647799,76.0,gangnam,강남구
11680,개포동,,(171-10),다세대,171-10,78.14,202603,10,139000,1,1991,,중개거래,5880.5236114665995,78.0,gangnam,강남구
11680,삼성동,,삼성동46-29공동주택,다세대,46-29,30.23,202603,16,80000,3,2013,,중개거래,8748.355937810124,30.0,gangnam,강남구
11680,개포동,,블루밍하우스,다세대,1177-6,44.08,202603,18,50000,4,2014,,직거래,3749.756125226861,44.0,gangnam,강남구
11680,일원동,,다세대주택,다세대,667-3,46.44,202603,14,80000,1,1986,,중개거래,5694.7200689061165,46.0,gangnam,강남구
11680,대치동,,900-68,다세대,900-68,28.03,202603,28,33500,2,2017,,중개거래,3950.9025151623264,28.0,gangnam,강남구
11680,대치동,,다인빌,다세대,928-24,63.82,202603,19,83700,1,2003,,중개거래,4335.540653400189,64.0,gangnam,강남구
11680,개포동,,(170-5),다세대,170-5,113.4,202603,27,40000,2,1988,,직거래,1166.0617283950617,113.0,gangnam,강남구
11680,역삼동,,골든힐,다세대,725-42,44.06,202603,26,72000,2,2020,,중개거래,5402.099863822061,44.0,gangnam,강남구
11680,일원동,,다세대주택(6세대),다세대,686-12,50.05,202603,28,80000,-1,1988,,중개거래,5283.972027972029,50.0,gangnam,강남구
11680,대치동,,현대빌라A,다세대,933-6,81.48,202603,11,120000,3,1988,,직거래,4868.6082474226805,81.0,gangnam,강남구
11680,개포동,,소망빌라B동(162-4),다세대,162-4,71.99,202603,21,90000,4,1995,,중개거래,4132.805250729269,72.0,gangnam,강남구
11680,대치동,,한티빌리지(가동),다세대,917-35,67.89,202603,23,92000,5,2004,,직거래,4479.779348946826,68.0,gangnam,강남구
11680,개포동,,녹경빌리지B동,다세대,1169-7,38.29,202603,13,40000,-1,1995,,중개거래,3453.418647166362,38.0,gangnam,강남구
11680,개포동,,디자인하우스,다세대,1254-3,43.65,202603,21,69000,3,2015,,중개거래,5225.639518900344,44.0,gangnam,강남구
11680,삼성동,,현대빌라(89),연립,89,84.35,202603,24,270000,2,1984,,중개거래,10581.647302904566,84.0,gangnam,강남구
11680,삼성동,,삼성동46-29공동주택,다세대,46-29,34.12,202603,7,80000,3,2013,,중개거래,7750.961313012896,34.0,gangnam,강남구
11680,역삼동,,마이플레이스,다세대,745-23,28.27,202603,6,84500,5,2021,,중개거래,9881.104793066856,28.0,gangnam,강남구
11680,개포동,,골든빌리지,다세대,1249-1,32.81,202603,26,52000,4,2014,,중개거래,5239.281316671746,33.0,gangnam,강남구
11680,역삼동,,지에스빌,다세대,741-21,14.7,202603,13,13500,2,2013,,중개거래,3035.925,15.0,gangnam,강남구
11680,역삼동,,S클레스4차,다세대,781-12,24.56,202603,12,59700,5,2023,,직거래,8035.641877035831,25.0,gangnam,강남구
11680,도곡동,,도곡파크,다세대,413-8,17.16,202603,6,20700,2,2013,,중개거래,3987.7476398601398,17.0,gangnam,강남구
11680,삼성동,,고산빌라,다세대,91-26,49.92,202603,7,148000,1,1987,,중개거래,9800.804887820514,50.0,gangnam,강남구
11680,역삼동,,더원스타빌,다세대,698-26,29.67,202603,14,41000,6,2017,,중개거래,4568.155881361645,30.0,gangnam,강남구
11680,삼성동,,삼성더하임2차,다세대,25-9,29.93,202603,19,80000,6,2021,,중개거래,8836.044102906782,30.0,gangnam,강남구
11680,신사동,,신사동빌라트1,다세대,545-23,40.83,202603,18,80000,2,2002,,중개거래,6477.168748469264,41.0,gangnam,강남구
11680,삼성동,,대도빌라,다세대,93-3,54.72,202603,14,158000,2,1990,,중개거래,9545.212536549709,55.0,gangnam,강남구
11680,개포동,,베네스트,다세대,1255-10,38.89,202603,20,65000,4,2003,,중개거래,5525.225636410389,39.0,gangnam,강남구
11680,논현동,,케아하우스,다세대,148-8,26.67,202603,7,30500,4,2015,,중개거래,3780.5190288713907,27.0,gangnam,강남구
11680,도곡동,,리버풀하우스,다세대,948-8,29.92,202603,6,49800,2,2015,,중개거래,5502.275835561497,30.0,gangnam,강남구
11680,청담동,,현대빌라(12-7),연립,12-7,99.92,202603,3,64000,3,1987,,직거래,2117.396317053643,100.0,gangnam,강남구
11680,논현동,,MODUGAL,다세대,156-22,22.92,202603,11,36800,2,2019,,중개거래,5307.717626527051,23.0,gangnam,강남구
11680,일원동,,블루미어3차,다세대,638-18,12.4,202603,5,60000,1,2024,,중개거래,15995.733870967744,12.0,gangnam,강남구
11680,역삼동,,역삼더힐하우스,다세대,782-29,43.28,202603,21,80000,4,2016,,중개거래,6110.50831792976,43.0,gangnam,강남구
11680,역삼동,,베르사이유,연립,725-13,115.15,202603,4,110000,1,2003,,직거래,3157.936170212766,115.0,gangnam,강남구
11680,논현동,,케아하우스23차,다세대,136-39,19.3,202603,12,29000,2,2013,,직거래,4967.24170984456,19.0,gangnam,강남구
11680,대치동,,더힐하우스,다세대,920-27,42.56,202603,14,97500,3,2016,,중개거래,7573.168174342105,43.0,gangnam,강남구
11680,대치동,,(913-24),다세대,913-24,28.81,202603,6,43000,3,2016,,중개거래,4934.007462686567,29.0,gangnam,강남구
11680,개포동,,일류하이츠빌라,다세대,1184-24,40.59,202603,13,51500,3,1994,,중개거래,4194.331793545208,41.0,gangnam,강남구
11680,역삼동,,HELENHILL,다세대,643-13,26.42,202603,6,32000,6,2016,,중개거래,4003.978803936412,26.0,gangnam,강남구
11680,개포동,,제우스,다세대,1244-2,49.22,202603,13,82000,4,2015,,중개거래,5507.402885006096,49.0,gangnam,강남구
11680,개포동,,현대그린빌라,연립,1261-1,84.99,202603,15,130000,2,1992,,중개거래,5056.501353100365,85.0,gangnam,강남구
11680,도곡동,,도곡BuildTogetherYM,다세대,947-29,30.67,202603,13,37000,3,2014,,중개거래,3988.067981741115,31.0,gangnam,강남구
11680,일원동,,649-8,다세대,649-8,25.71,202603,7,81500,3,2020,,중개거래,10479.248444185141,26.0,gangnam,강남구
11680,논현동,,케아하우스,다세대,148-8,25.81,202603,11,28000,3,2015,,중개거래,3586.2836110034877,26.0,gangnam,강남구
11680,논현동,,영동빌라,다세대,10-14,34.37,202603,11,38000,4,1994,,중개거래,3654.9266802443994,34.0,gangnam,강남구
11680,역삼동,,역삼타운(750-13),다세대,750-13,76.64,202603,11,55000,2,1991,,직거래,2372.366584029228,77.0,gangnam,강남구
11680,역삼동,,테헤란맨숀,연립,644,97.45,202603,6,111000,1,1982,,중개거래,3765.440071831709,97.0,gangnam,강남구
11680,논현동,,(167-22),다세대,167-22,29.8,202603,7,40000,4,2015,,중개거래,4437.295302013423,30.0,gangnam,강남구
11680,개포동,,운영빌라,다세대,1218-14,26.08,202603,6,33000,2,1996,,중개거래,4182.933473926381,26.0,gangnam,강남구
11680,도곡동,,선경빌라,연립,516-3,130.95,202603,7,160000,2,1987,,중개거래,4039.1416571210393,131.0,gangnam,강남구
11680,개포동,,뉴아트빌라,연립,1184-21,58.53,202603,5,98500,2,1997,,중개거래,5563.297838715189,59.0,gangnam,강남구
11680,개포동,,뉴아트빌라(1182-4),다세대,1182-4,43.44,202603,6,44600,-1,1994,,중개거래,3394.061026703499,43.0,gangnam,강남구
11680,역삼동,,스타빌,다세대,781-16,29.4,202603,7,39000,4,2002,,중개거래,4385.225,29.0,gangnam,강남구
11680,일원동,,달빛하우스,다세대,682-11,28.378,202603,4,66000,3,2017,,중개거래,7688.413912185497,28.0,gangnam,강남구
11680,대치동,,(913-24),다세대,913-24,29.51,202603,2,41500,3,2016,,중개거래,4648.935191460521,30.0,gangnam,강남구
11680,신사동,,화이트빌(523-17),연립,523-17,158.49,202604,29,157000,5,2015,,중개거래,3274.70657454729,158.0,gangnam,강남구
11680,삼성동,,삼성villige,다세대,84-2,86.99,202604,13,198000,1,1989,,중개거래,7524.375560409244,87.0,gangnam,강남구
11680,역삼동,,민성아트빌,다세대,777-36,63.83,202604,23,51000,3,2002,,중개거래,2641.313410621965,64.0,gangnam,강남구
11680,삼성동,,기정빌라,다세대,27-29,73.1,202604,27,61600,4,2004,,직거래,2785.723064295486,73.0,gangnam,강남구
11680,개포동,,(170-17),다세대,170-17,53.91,202604,27,90000,1,1988,,중개거래,5518.839732888147,54.0,gangnam,강남구
11680,논현동,,삼동빌딩,다세대,182,35.55,202604,27,47152,3,1997,,중개거래,4384.651879606189,36.0,gangnam,강남구
11680,논현동,,삼동빌딩,다세대,182,37.18,202604,27,48931,3,1997,,중개거래,4350.601555540614,37.0,gangnam,강남구
11680,논현동,,삼동빌딩,다세대,182,32.25,202604,27,43000,3,1997,,중개거래,4407.713333333333,32.0,gangnam,강남구
11680,논현동,,삼동빌딩,다세대,182,38.7,202604,27,51007,3,1997,,중개거래,4357.058798320414,39.0,gangnam,강남구
11680,논현동,,삼동빌딩,다세대,182,35.55,202604,27,47152,4,1997,,중개거래,4384.651879606189,36.0,gangnam,강남구
11680,논현동,,삼동빌딩,다세대,182,37.18,202604,27,48931,4,1997,,중개거래,4350.601555540614,37.0,gangnam,강남구
11680,논현동,,삼동빌딩,다세대,182,32.25,202604,27,43000,4,1997,,중개거래,4407.713333333333,32.0,gangnam,강남구
11680,논현동,,삼동빌딩,다세대,182,38.7,202604,27,51007,4,1997,,중개거래,4357.058798320414,39.0,gangnam,강남구
11680,논현동,,삼동빌딩,다세대,182,27.51,202604,27,35883,5,1997,,중개거래,4311.940500000001,28.0,gangnam,강남구
11680,논현동,,삼동빌딩,다세대,182,29.14,202604,27,37662,5,1997,,중개거래,4272.562617364448,29.0,gangnam,강남구
11680,논현동,,삼동빌딩,다세대,182,24.42,202604,27,32028,5,1997,,중개거래,4335.695412776413,24.0,gangnam,강남구
11680,논현동,,삼동빌딩,다세대,182,34.5,202604,27,45076,5,1997,,중개거래,4319.175787246378,34.0,gangnam,강남구
11680,개포동,,파크힐빌리지(160-4),다세대,160-4,41.27,202604,21,59000,-1,1995,,직거래,4725.982917373394,41.0,gangnam,강남구
11680,역삼동,,드림하우스,다세대,777-14,27.36,202604,29,32000,2,2000,,중개거래,3866.415204678363,27.0,gangnam,강남구
11680,삼성동,,금향빌라,연립,102-4,130.71,202604,30,290000,1,1993,,중개거래,7334.386427970316,131.0,gangnam,강남구
11680,삼성동,,(30-5),다세대,30-5,26.17,202604,25,35000,2,2002,,중개거래,4421.187428353076,26.0,gangnam,강남구
11680,논현동,,더스마트빌리지,다세대,149-33,19.11,202604,17,22000,3,2012,,중개거래,3805.717948717949,19.0,gangnam,강남구
11680,대치동,,한림빌리지,다세대,913-6,57.07,202604,22,65000,1,1994,,중개거래,3765.130979498861,57.0,gangnam,강남구
11680,삼성동,,H빌,다세대,24-15,36.37,202604,24,57400,2,2014,,중개거래,5217.268600494915,36.0,gangnam,강남구
11680,대치동,,경일빌라씨동,연립,984-10,61.35,202604,17,180000,2,1987,,직거래,9699.124694376527,61.0,gangnam,강남구
11680,개포동,,비룡빌라,연립,1263-1,58.2,202604,29,115000,2,1989,,중개거래,6532.04939862543,58.0,gangnam,강남구
11680,역삼동,,에버하임(a),다세대,728-59,80.91,202604,29,95000,2,2002,,중개거래,3881.4679891237183,81.0,gangnam,강남구
11680,논현동,,올인빌라,다세대,149-20,39.33,202604,21,32950,5,2008,,중개거래,2769.5300216120013,39.0,gangnam,강남구
11680,삼성동,,H빌,다세대,24-15,84.52,202604,17,130000,5,2014,,중개거래,5084.61961665878,85.0,gangnam,강남구
11680,논현동,,로얄캐슬,다세대,170-4,25.76,202604,27,34800,5,2016,,중개거래,4465.889673913044,26.0,gangnam,강남구
11680,논현동,,그린빌에이동,다세대,264-3,29.81,202604,24,35000,3,2016,,중개거래,3881.3309292183835,30.0,gangnam,강남구
11680,역삼동,,힐스테이트1,다세대,697-33,29.74,202604,10,37000,2,2015,,중개거래,4112.778917283121,30.0,gangnam,강남구
11680,개포동,,블루밍하우스,다세대,1177-6,59.2,202604,29,70000,2,2014,,직거래,3908.8673986486483,59.0,gangnam,강남구
11680,논현동,,서진플로렌스154,다세대,154-1,12.37,202604,30,22200,2,2013,,중개거래,5932.775020210186,12.0,gangnam,강남구
11680,대치동,,스톤빌리지,다세대,934-2,41.2,202604,25,73800,6,2016,,중개거래,5921.527499999999,41.0,gangnam,강남구
11680,역삼동,,(685-12),다세대,685-12,35.55,202604,24,47000,5,2017,,중개거래,4370.517440225036,36.0,gangnam,강남구
11680,삼성동,,우봉빌라,다세대,47-26,59.97,202604,22,95000,3,1995,,중개거래,5236.7779723194935,60.0,gangnam,강남구
11680,역삼동,,타임빌라,다세대,780-19,32.4,202604,18,33000,4,2000,,중개거래,3367.003240740741,32.0,gangnam,강남구
11680,대치동,,금강빌라,연립,979-7,118.73,202604,11,243000,1,1990,,중개거래,6765.819548555546,119.0,gangnam,강남구
11680,개포동,,(1233-22),다세대,1233-22,55.22,202604,24,84000,3,2015,,중개거래,5028.720391162623,55.0,gangnam,강남구
11680,개포동,,네잎클로버,다세대,1196-8,59.8,202604,15,80500,3,2015,,중개거래,4450.095192307693,60.0,gangnam,강남구
11680,역삼동,,(742-24),다세대,742-24,41.22,202604,20,23500,-1,1986,,중개거래,1884.6663634158178,41.0,gangnam,강남구
11680,개포동,,꿈꾸지오,다세대,1265-3,29.66,202604,29,34000,2,2015,,직거래,3789.5040458530007,30.0,gangnam,강남구
11680,역삼동,,아이리스,다세대,778-11,26.0,202604,23,42000,2,2010,,중개거래,5340.114230769232,26.0,gangnam,강남구
11680,대치동,,대치모두가,다세대,925-15,26.56,202604,25,49500,3,2017,,중개거래,6161.007435993976,27.0,gangnam,강남구
11680,역삼동,,강남아트빌리지,연립,792-50,64.93,202604,16,58000,4,1995,,중개거래,2952.9574926844293,65.0,gangnam,강남구
11680,청담동,,나인빌리지,연립,122-28,65.3,202604,18,100000,4,1999,,중개거래,5062.457886676876,65.0,gangnam,강남구
11680,논현동,,모젠빌,다세대,153-6,34.99,202604,15,30000,4,2002,,중개거래,2834.3398113746784,35.0,gangnam,강남구
11680,일원동,,이안채,다세대,620-5,18.03,202604,28,59400,1,2022,,중개거래,10890.938935108152,18.0,gangnam,강남구
11680,개포동,,W하우스2,다세대,1234-10,46.74,202604,8,70200,5,2013,,중개거래,4965.042939666238,47.0,gangnam,강남구
11680,대치동,,경일빌라비동,연립,984-9,72.15,202604,5,190000,1,1987,,중개거래,8705.462924462923,72.0,gangnam,강남구
11680,논현동,,진흥펠리체B동,다세대,190-20,26.37,202604,8,33000,2,2015,,중개거래,4136.932309442548,26.0,gangnam,강남구
11680,대치동,,에비뉴71,다세대,916-25,29.64,202604,23,59000,2,2017,,중개거래,6580.341261808368,30.0,gangnam,강남구
11680,역삼동,,697-40,다세대,697-40,30.0,202604,28,46500,4,2016,,중개거래,5123.9667500000005,30.0,gangnam,강남구
11680,개포동,,위미르빌,다세대,1205,44.25,202604,16,75000,5,2017,,중개거래,5603.025423728814,44.0,gangnam,강남구
11680,삼성동,,공간2차,다세대,24-18,29.68,202604,24,51000,3,2016,,중개거래,5680.4257075471705,30.0,gangnam,강남구
11680,역삼동,,(778-30),다세대,778-30,21.33,202604,27,21000,5,2014,,중개거래,3254.6406469760905,21.0,gangnam,강남구
11680,세곡동,,강남효성해링턴코트,연립,541,92.9619,202604,27,232500,3,2016,,중개거래,8267.849651308761,93.0,gangnam,강남구
11680,개포동,,더하임빌,다세대,1174,40.29,202604,22,43000,2,2017,,직거래,3528.1398610076944,40.0,gangnam,강남구
11680,논현동,,동광팰리스,다세대,104-5,24.99,202604,26,40500,3,2016,,중개거래,5357.514705882353,25.0,gangnam,강남구
11680,논현동,,라인빌리지(149-18),다세대,149-18,21.38,202604,25,24000,5,2012,,중개거래,3710.8905519176806,21.0,gangnam,강남구
11680,역삼동,,역삼더빌,다세대,684-7,15.38,202604,24,19446,2,2012,,직거래,4179.733102080624,15.0,gangnam,강남구
11680,역삼동,,역삼더빌,다세대,684-7,20.0,202604,24,23686,2,2012,,직거래,3915.0411755,20.0,gangnam,강남구
11680,역삼동,,역삼더빌,다세대,684-7,15.38,202604,24,19446,3,2012,,직거래,4179.733102080624,15.0,gangnam,강남구
11680,역삼동,,역삼더빌,다세대,684-7,20.0,202604,24,23686,3,2012,,직거래,3915.0411755,20.0,gangnam,강남구
11680,역삼동,,역삼더빌,다세대,684-7,15.38,202604,24,19154,4,2012,,직거래,4116.970473992197,15.0,gangnam,강남구
11680,역삼동,,역삼더빌,다세대,684-7,20.0,202604,24,23248,4,2012,,직거래,3842.6444840000004,20.0,gangnam,강남구
11680,논현동,,동산빌라,연립,173-15,50.04,202604,15,50000,2,1990,,중개거래,3303.142486011191,50.0,gangnam,강남구
11680,개포동,,포이아트빌2차,다세대,1227-8,75.55,202604,27,65000,3,2001,,중개거래,2844.1565188616814,76.0,gangnam,강남구
11680,역삼동,,역삼이안베스티움,다세대,774-24,28.73,202604,11,65000,6,2019,,중개거래,7479.151583710407,29.0,gangnam,강남구
11680,대치동,,도성하이츠빌,다세대,914-14,76.49,202604,3,103000,3,2002,,중개거래,4451.508105634724,76.0,gangnam,강남구
11680,개포동,,뉴그린하우스,다세대,1177-7,44.08,202604,10,73000,4,2013,,중개거래,5474.643942831216,44.0,gangnam,강남구
11680,개포동,,중앙클래식하우스7차,다세대,1171-2,26.17,202604,26,52500,6,2017,,중개거래,6631.781142529614,26.0,gangnam,강남구
11680,개포동,,예가풍경채3차,다세대,1224-4,37.43,202604,25,78000,6,2019,,중개거래,6888.892065188351,37.0,gangnam,강남구
11680,역삼동,,아이리스,다세대,778-11,22.07,202604,13,32000,4,2010,,중개거래,4793.163570457635,22.0,gangnam,강남구
11680,논현동,,삼풍빌라,연립,177-21,83.08,202604,23,100000,2,1990,,중개거래,3979.038276360135,83.0,gangnam,강남구
11680,역삼동,,역삼빌리지,다세대,695-23,64.86,202604,15,55000,1,1991,,직거래,2803.240440949738,65.0,gangnam,강남구
11680,논현동,,아이파크,다세대,188-3,19.21,202604,14,19000,5,2013,,직거래,3269.6467985424256,19.0,gangnam,강남구
11680,신사동,,삼흥맨션,다세대,555-2,84.78,202604,23,70500,2,2004,,중개거래,2748.971956829441,85.0,gangnam,강남구
11680,대치동,,아이빌,다세대,897-5,84.82,202604,23,46000,5,2003,,직거래,1792.8095967932093,85.0,gangnam,강남구
11680,개포동,,런던빌개포,다세대,1194-1,28.14,202604,23,58000,2,2021,,직거래,6813.629353233831,28.0,gangnam,강남구
11680,개포동,,청광아트빌라,다세대,1182-2,37.18,202604,17,15000,-1,1996,,중개거래,1333.6948628294783,37.0,gangnam,강남구
11680,논현동,,은탑산수인,연립,273-8,89.25,202604,17,122000,2,2002,,중개거래,4518.832156862745,89.0,gangnam,강남구
11680,삼성동,,수목하우스,다세대,27-9,31.52,202604,21,44600,2,2004,,중개거래,4677.601871827412,32.0,gangnam,강남구
11680,역삼동,,로즈빌,다세대,794-7,53.78,202604,4,48500,5,2003,,중개거래,2981.230429527706,54.0,gangnam,강남구
11680,청담동,,하이츠빌라(20-0),다세대,20,50.82,202604,22,36000,2,1995,,직거래,2341.7603305785124,51.0,gangnam,강남구
11680,삼성동,,수목하우스,다세대,27-9,32.64,202604,21,46200,2,2004,,중개거래,4679.144209558824,33.0,gangnam,강남구
11680,논현동,,서진플로렌스154,다세대,154-1,12.14,202604,21,23500,1,2013,,중개거래,6399.171952224053,12.0,gangnam,강남구
11680,세곡동,,프라임,다세대,425-2,70.75,202604,6,75000,-1,2018,,중개거래,3504.3657243816256,71.0,gangnam,강남구
11680,개포동,,청호빌라,다세대,1256,33.96,202604,17,15000,-1,1997,,중개거래,1460.1523851590107,34.0,gangnam,강남구
11680,역삼동,,신성아트,연립,674-43,104.98,202604,21,98000,3,1988,,직거래,3085.9871404076966,105.0,gangnam,강남구
11680,논현동,,케아하우스,다세대,148-8,29.64,202604,20,39000,3,2015,,중개거래,4349.7171052631575,30.0,gangnam,강남구
11680,일원동,,대양주택,다세대,653,44.4,202604,19,80000,1,1986,,중개거래,5956.36936936937,44.0,gangnam,강남구
11680,개포동,,강남하이츠,다세대,1219-11,39.9,202604,17,52500,3,1993,,중개거래,4349.717105263158,40.0,gangnam,강남구
11680,대치동,,효성빌라,다세대,933-5,52.76,202604,11,55000,3,1993,,중개거래,3446.1367513267633,53.0,gangnam,강남구
11680,논현동,,우림빌,다세대,182-6,14.06,202604,18,17300,4,2014,,중개거래,4067.5732930298723,14.0,gangnam,강남구
11680,논현동,,논현파크빌(133-72),다세대,122-17,19.67,202604,5,17900,4,2013,,중개거래,3008.314768683274,20.0,gangnam,강남구
11680,역삼동,,지에스빌,다세대,741-21,15.51,202604,18,15000,3,2013,,중개거래,3197.0841392649904,16.0,gangnam,강남구
11680,논현동,,SpringHill,다세대,38-13,29.75,202604,2,40800,5,2018,,중개거래,4533.648,30.0,gangnam,강남구
11680,역삼동,,역삼드림e빌,다세대,656-29,14.12,202604,16,18500,5,2013,,중개거래,4331.233888101984,14.0,gangnam,강남구
11680,삼성동,,삼성더하임,다세대,29-1,29.94,202604,16,67900,3,2020,,중개거래,7497.087558450234,30.0,gangnam,강남구
11680,역삼동,,역삼씨티빌,다세대,725-44,83.7,202604,13,88000,2,2002,,중개거래,3475.616248506571,84.0,gangnam,강남구
11680,세곡동,,강남효성해링턴코트,연립,541,122.8577,202604,10,275000,2,2016,,중개거래,7399.543333466279,123.0,gangnam,강남구
11680,청담동,,이지빌라가동,다세대,69-19,37.2,202604,13,38720,2,1989,,직거래,3440.860086021505,37.0,gangnam,강남구
11680,대치동,,스톤빌리지대치2차,다세대,934-8,58.52,202604,12,124700,6,2018,,중개거래,7044.2821172248805,59.0,gangnam,강남구
11680,논현동,,(188-6),다세대,188-6,14.95,202604,13,19200,3,2013,,중개거래,4245.556655518395,15.0,gangnam,강남구
11680,논현동,,모던클래식하우스,다세대,229-17,38.05,202604,13,57500,3,2019,,중개거래,4995.601511169515,38.0,gangnam,강남구
11680,역삼동,,역삼위너스하임 가동,다세대,655-14,29.53,202604,10,34000,4,2017,,중개거래,3806.186589908568,30.0,gangnam,강남구
11680,대치동,,효성빌라,다세대,933-5,52.76,202604,6,61000,2,1993,,중개거래,3822.078942380592,53.0,gangnam,강남구
11680,일원동,,골든빌(683-14),다세대,683-14,29.87,202604,12,83000,2,2021,,중개거래,9185.810344827587,30.0,gangnam,강남구
11680,논현동,,아이파크,다세대,188-3,14.04,202604,10,20100,2,2013,,중개거래,4732.6409188034195,14.0,gangnam,강남구
11680,세곡동,,강남효성해링턴코트,연립,541,123.5987,202604,3,240000,1,2016,,중개거래,6419.06751446415,124.0,gangnam,강남구
11680,대치동,,(916-21),다세대,916-21,65.19,202604,12,82000,4,2004,,중개거래,4158.220125786164,65.0,gangnam,강남구
11680,논현동,,미주빌라B동,다세대,190-15,41.13,202604,8,34800,3,1986,,중개거래,2797.0172137126183,41.0,gangnam,강남구
11680,대치동,,(913-24),다세대,913-24,28.09,202604,2,43500,4,2016,,중개거래,5119.318173727305,28.0,gangnam,강남구
11680,역삼동,,(748-7),연립,748-7,56.51,202604,6,63000,1,1996,,중개거래,3685.4442576535134,57.0,gangnam,강남구
11680,논현동,,(193-4),다세대,193-4,14.5,202604,7,13500,4,2011,,중개거래,3077.799827586207,14.0,gangnam,강남구
11680,역삼동,,두손베스티움,다세대,663-11,27.22,202604,2,35500,5,2016,,중개거래,4311.365448199854,27.0,gangnam,강남구
11680,논현동,,꿈꾸지오(177-11),다세대,177-11,29.88,202604,4,46000,5,2018,,중개거래,5089.227242302544,30.0,gangnam,강남구
11680,개포동,,새롬그린빌,다세대,1219-10,56.79,202604,8,20000,-1,1995,,직거래,1164.213770029935,57.0,gangnam,강남구
11680,삼성동,,(95-9),다세대,95-9,89.28,202604,2,110000,2,1990,,직거래,4072.9877912186384,89.0,gangnam,강남구
11680,개포동,,그리미아빌,다세대,1169-4,75.47,202604,7,91000,3,2001,,중개거래,3986.039949648867,75.0,gangnam,강남구
11680,역삼동,,신성아트,연립,674-43,105.07,202604,6,70000,2,1988,,직거래,2202.3884077281814,105.0,gangnam,강남구
11680,일원동,,강남지음재2차,다세대,625-18,17.4,202604,4,53000,3,2018,,중개거래,10069.34511494253,17.0,gangnam,강남구
11680,청담동,,더헤리움A동,다세대,56-12,54.46,202604,2,93000,3,2017,,중개거래,5645.207583547558,54.0,gangnam,강남구
11680,삼성동,,앙주하우스빌,다세대,41-9,50.86,202604,1,74500,3,2005,,중개거래,4842.331547384979,51.0,gangnam,강남구
11680,논현동,,월드노블레스빌,연립,45,129.13,202604,1,145000,3,2001,,중개거래,3712.0640052660115,129.0,gangnam,강남구
11680,도곡동,,도곡아트빌라,연립,454-1,39.68,202605,9,53500,3,1995,,중개거래,4457.144594254033,40.0,gangnam,강남구
11680,개포동,,개포라온채,연립,1165-4,32.657,202605,19,77000,2,2026,,직거래,7794.514039868942,33.0,gangnam,강남구
11680,역삼동,,로즈빌,다세대,794-7,69.7,202605,22,80500,3,2003,,중개거래,3818.0156743185084,70.0,gangnam,강남구
11680,논현동,,벨라움,다세대,158-15,19.55,202605,27,42000,4,2020,,중개거래,7101.9421994884915,20.0,gangnam,강남구
11680,논현동,,현대빌라(227-1),연립,227-1,230.65,202605,22,237000,1,1992,,중개거래,3396.796206373293,231.0,gangnam,강남구
11680,역삼동,,에이트,다세대,744-8,28.49,202605,28,49301,2,2022,,직거래,5720.551291154791,28.0,gangnam,강남구
11680,역삼동,,에이트,다세대,744-8,29.69,202605,28,51372,2,2022,,직거래,5719.932200067363,30.0,gangnam,강남구
11680,역삼동,,에이트,다세대,744-8,29.27,202605,28,50637,2,2022,,직거래,5718.996755893407,29.0,gangnam,강남구
11680,역삼동,,에이트,다세대,744-8,26.93,202605,28,46562,2,2022,,직거래,5715.705947642035,27.0,gangnam,강남구
11680,역삼동,,에이트,다세대,744-8,28.49,202605,28,50236,3,2022,,직거래,5829.042304668305,28.0,gangnam,강남구
11680,역삼동,,에이트,다세대,744-8,29.69,202605,28,52374,3,2022,,직거래,5831.498268440552,30.0,gangnam,강남구
11680,역삼동,,에이트,다세대,744-8,29.27,202605,28,51639,3,2022,,직거래,5832.163703963103,29.0,gangnam,강남구
11680,역삼동,,에이트,다세대,744-8,26.93,202605,28,47497,3,2022,,직거래,5830.481624396584,27.0,gangnam,강남구
11680,역삼동,,에이트,다세대,744-8,28.49,202605,28,50236,4,2022,,직거래,5829.042304668305,28.0,gangnam,강남구
11680,역삼동,,에이트,다세대,744-8,29.69,202605,28,52374,4,2022,,직거래,5831.498268440552,30.0,gangnam,강남구
11680,역삼동,,에이트,다세대,744-8,29.16,202605,28,53977,4,2022,,직거래,6119.216630486969,29.0,gangnam,강남구
11680,역삼동,,에이트,다세대,744-8,28.49,202605,28,51172,5,2022,,직거래,5937.6493513513515,28.0,gangnam,강남구
11680,역삼동,,에이트,다세대,744-8,29.69,202605,28,53376,5,2022,,직거래,5943.064336813742,30.0,gangnam,강남구
11680,역삼동,,에이트,다세대,744-8,25.17,202605,28,46228,5,2022,,직거래,6071.50691219706,25.0,gangnam,강남구
11680,역삼동,,에이트,다세대,744-8,28.49,202605,28,52307,6,2022,,직거래,6069.346998771499,28.0,gangnam,강남구
11680,역삼동,,에이트,다세대,744-8,29.9,202605,28,56516,6,2022,,직거래,6248.486456856188,30.0,gangnam,강남구
11680,개포동,,동산빌라,연립,1164-29,52.1,202605,18,74000,2,1996,,중개거래,4695.356813819578,52.0,gangnam,강남구
11680,대치동,,스톤빌리지대치2차,다세대,934-8,43.86,202605,18,92000,6,2018,,중개거래,6934.159142726859,44.0,gangnam,강남구
11680,논현동,,참그린빌,다세대,176-1,29.26,202605,15,45000,5,2019,,중개거래,5084.084928229665,29.0,gangnam,강남구
11680,대치동,,대치명문가,다세대,901-46,47.78,202605,14,94000,4,2022,,직거래,6503.637295939724,48.0,gangnam,강남구
11680,논현동,,유일캐스빌,다세대,189-4,71.6,202605,25,77000,4,2009,,중개거래,3555.1039804469283,72.0,gangnam,강남구
11680,논현동,,주암빌라,연립,27-9,36.66,202605,19,41000,4,2001,,중개거래,3697.140889252592,37.0,gangnam,강남구
11680,논현동,,논현밸류,다세대,171-16,24.98,202605,20,39000,4,2015,,중개거래,5161.153522818255,25.0,gangnam,강남구
11680,개포동,,(1216-4),다세대,1216-4,36.52,202605,29,60000,3,2012,,중개거래,5431.191128148959,37.0,gangnam,강남구
11680,개포동,,백촌빌라,다세대,1181-7,37.17,202605,14,65000,1,1989,,중개거래,5780.899246704331,37.0,gangnam,강남구
11680,논현동,,174-4,다세대,174-4,20.9725,202605,19,29500,4,2016,,중개거래,4649.930027416856,21.0,gangnam,강남구
11680,삼성동,,삼성펠레스967,다세대,96-7,75.79,202605,16,230000,2,2016,,중개거래,10032.069534239346,76.0,gangnam,강남구
11680,삼성동,,리젠시타운(A동),연립,94-5,115.8,202605,8,150000,-1,1991,,직거래,4282.104922279793,116.0,gangnam,강남구
11680,일원동,,서광빌라,다세대,667-2,38.96,202605,21,89000,2,1986,,중개거래,7551.7162474332645,39.0,gangnam,강남구
11680,논현동,,이화빌라,다세대,148-6,51.91,202605,18,57000,2,1991,,중개거래,3629.931516085533,52.0,gangnam,강남구
11680,일원동,,궁전하우스,다세대,665,17.19,202605,5,59300,2,2023,,중개거래,11403.900552646888,17.0,gangnam,강남구
11680,역삼동,,역삼드림e빌,다세대,656-29,14.12,202605,25,20000,4,2013,,중개거래,4682.415014164307,14.0,gangnam,강남구
11680,논현동,,제이스빌라,다세대,155-8,58.68,202605,13,54000,1,1993,,중개거래,3042.1334355828226,59.0,gangnam,강남구
11680,삼성동,,도원빌라,다세대,95,84.99,202605,14,215000,2,1990,,중개거래,8362.675314742912,85.0,gangnam,강남구
11680,청담동,,더헤리움B동,다세대,56-11,42.82,202605,30,71000,4,2017,,중개거래,5481.33430639888,43.0,gangnam,강남구
11680,청담동,,성익빌라B동,다세대,22-5,50.94,202605,9,38000,-1,1992,,중개거래,2466.0351393796623,51.0,gangnam,강남구
11680,논현동,,논현정원빌라,다세대,193-6,61.01,202605,30,48000,4,1993,,중개거래,2600.847074250123,61.0,gangnam,강남구
11680,개포동,,에이스빌라,다세대,1169-10,39.26,202605,10,68000,2,2001,,중개거래,5725.761079979624,39.0,gangnam,강남구
11680,역삼동,,마이플레이스,다세대,792-7,27.54,202605,30,41500,4,2018,,중개거래,4981.484295570081,28.0,gangnam,강남구
11680,개포동,,녹경,다세대,1262-2,67.53,202605,25,59000,-1,1997,,중개거래,2888.2173108248185,68.0,gangnam,강남구
11680,개포동,,리안빌리지(1170-1),다세대,1170-1,43.115,202605,18,79700,3,2012,,중개거래,6110.890977617999,43.0,gangnam,강남구
11680,역삼동,,(685-12),다세대,685-12,35.02,202605,30,47000,5,2017,,중개거래,4436.661764705882,35.0,gangnam,강남구
11680,논현동,,케아하우스18차,다세대,189-22,22.73,202605,4,31000,3,2019,,중개거래,4508.549714034316,23.0,gangnam,강남구
11680,논현동,,케아하우스18차,다세대,189-22,28.56,202605,29,44000,3,2019,,중개거래,5092.946078431373,29.0,gangnam,강남구
11680,청담동,,청담퍼스트카운티,다세대,16-9,75.13,202605,8,133000,2,2005,,중개거래,5852.115067216825,75.0,gangnam,강남구
11680,역삼동,,(781-28),다세대,781-28,26.01,202605,25,40000,5,2011,,중개거래,5083.867743175701,26.0,gangnam,강남구
11680,역삼동,,더원빌,다세대,696-32,16.18,202605,20,24710,2,2016,,직거래,5048.575237948085,16.0,gangnam,강남구
11680,역삼동,,지에스빌,다세대,741-21,14.55,202605,14,20500,4,2013,,중개거래,4657.635223367698,15.0,gangnam,강남구
11680,역삼동,,리빙하이츠,다세대,664-17,44.04,202605,5,38000,3,2002,,중개거래,2852.403042688465,44.0,gangnam,강남구
11680,역삼동,,역삼위너스하임 나동,다세대,655-15,27.73,202605,22,37000,3,2017,,중개거래,4410.892354850343,28.0,gangnam,강남구
11680,삼성동,,금향빌라,연립,102-4,131.67,202605,21,319000,2,1993,,중개거래,8009.00292397661,132.0,gangnam,강남구
11680,논현동,,로얄캐슬,다세대,170-4,26.14,202605,6,34900,2,2016,,중개거래,4413.615015302219,26.0,gangnam,강남구
11680,논현동,,GEOville,다세대,167-14,16.72,202605,9,17500,3,2013,,중개거래,3460.0022428229668,17.0,gangnam,강남구
11680,대치동,,(955-4),다세대,955-4,58.36,202605,24,95000,4,2005,,중개거래,5381.2470013708025,58.0,gangnam,강남구
11680,대치동,,(955-4),다세대,955-4,71.22,202605,25,110000,2,2005,,중개거래,5105.817888233643,71.0,gangnam,강남구
11680,대치동,,언더라인빌라,다세대,932-1,61.22,202605,26,54000,-1,1993,,중개거래,2915.91620385495,61.0,gangnam,강남구
11680,개포동,,개포비버리하임,다세대,1193-5,29.98,202605,12,55000,2,2018,,중개거래,6064.648932621748,30.0,gangnam,강남구
11680,역삼동,,베르사이유,연립,725-13,116.24,202605,22,179000,2,2003,,중개거래,5090.635882656573,116.0,gangnam,강남구
11680,논현동,,논현힐사이드빌라,다세대,174,24.67,202605,7,11500,-1,1991,,직거래,1541.0023307661127,25.0,gangnam,강남구
11680,삼성동,,리츠빌,다세대,25-12,46.92,202605,4,44435,1,2002,,중개거래,3130.702397165388,47.0,gangnam,강남구
11680,삼성동,,리츠빌,다세대,25-12,47.34,202605,4,44834,1,2002,,중개거래,3130.7892836924375,47.0,gangnam,강남구
11680,삼성동,,리츠빌,다세대,25-12,54.99,202605,4,58982,2,2002,,중개거래,3545.7685191853066,55.0,gangnam,강남구
11680,삼성동,,리츠빌,다세대,25-12,32.24,202605,4,34074,2,2002,,중개거래,3493.8374097394544,32.0,gangnam,강남구
11680,삼성동,,리츠빌,다세대,25-12,54.99,202605,4,58982,3,2002,,중개거래,3545.7685191853066,55.0,gangnam,강남구
11680,삼성동,,리츠빌,다세대,25-12,32.24,202605,4,34074,3,2002,,중개거래,3493.8374097394544,32.0,gangnam,강남구
11680,삼성동,,리츠빌,다세대,25-12,137.32,202605,4,146657,4,2002,,중개거래,3530.5600840736965,137.0,gangnam,강남구
11680,역삼동,,한스빌라,다세대,704-14,63.46,202605,14,58000,-1,1994,,중개거래,3021.3603844941695,63.0,gangnam,강남구
11680,개포동,,슈베르트빌,다세대,1164-26,54.61,202605,12,94000,3,2015,,중개거래,5690.236037355796,55.0,gangnam,강남구
11680,개포동,,반도빌라나동,다세대,1166-6,50.07,202605,14,81000,2,1990,,중개거래,5347.884661473937,50.0,gangnam,강남구
11680,역삼동,,역삼아르떼,다세대,695-12,29.97,202605,11,47000,2,2020,,중개거래,5184.247414080748,30.0,gangnam,강남구
11680,개포동,,우정빌라(1180-5),다세대,1180-5,35.76,202605,8,69000,1,1991,,중개거래,6378.611996644296,36.0,gangnam,강남구
11680,역삼동,,현영가든빌라,연립,781-33,79.86,202605,14,54000,2,1992,,직거래,2235.31667918858,80.0,gangnam,강남구
11680,역삼동,,마이플레이스(794-23),다세대,794-23,28.79,202605,13,44000,3,2019,,중개거래,5052.259117749219,29.0,gangnam,강남구
11680,역삼동,,마이플레이스,다세대,792-7,28.92,202605,10,42000,3,2018,,중개거래,4800.932572614108,29.0,gangnam,강남구
11680,역삼동,,마이플레이스(794-23),다세대,794-23,28.71,202605,11,44500,3,2019,,중개거래,5123.909177986764,29.0,gangnam,강남구
11680,개포동,,런던빌개포,다세대,1194-1,23.44,202605,20,44750,3,2021,,중개거래,6311.172301621161,23.0,gangnam,강남구
11680,역삼동,,역삼더빌,다세대,684-7,14.13,202605,9,16300,2,2012,,중개거래,3813.4674805378627,14.0,gangnam,강남구
11680,신사동,,화이트빌(523-17),연립,523-17,168.39,202605,4,165000,4,2015,,중개거래,3239.233475859612,168.0,gangnam,강남구
11680,논현동,,(189-19),다세대,189-19,32.67,202605,7,36000,3,2008,,중개거래,3642.7382920110194,33.0,gangnam,강남구
11680,대치동,,스톤빌리지대치2차,다세대,934-8,44.35,202605,2,98500,4,2018,,중개거래,7342.04785794814,44.0,gangnam,강남구
11680,논현동,,베스트빌,다세대,172-11,32.55,202605,14,49500,5,2009,,중개거래,5027.230645161291,33.0,gangnam,강남구
11680,개포동,,RAON,다세대,1169-5,47.19,202605,6,81500,2,2015,,중개거래,5709.291746132656,47.0,gangnam,강남구
11680,역삼동,,마이플레이스,다세대,792-7,28.92,202605,5,40000,5,2018,,중개거래,4572.316735822959,29.0,gangnam,강남구
11680,논현동,,휴먼빌라,연립,12-11,154.86,202605,7,222000,1,1989,,중개거래,4739.017628826036,155.0,gangnam,강남구
11680,논현동,,공간3차,다세대,270-2,22.61,202605,4,31300,5,2016,,중개거래,4576.341021671827,23.0,gangnam,강남구
11680,삼성동,,(30-5),다세대,30-5,26.17,202605,5,35000,3,2002,,중개거래,4421.187428353076,26.0,gangnam,강남구
11680,논현동,,논현빌2차,다세대,185-10,18.92,202605,6,19500,3,2013,,중개거래,3407.1251321353066,19.0,gangnam,강남구
11680,논현동,,원일빌라,다세대,149-40,45.72,202605,4,50000,3,1991,,중개거래,3615.2504374453197,46.0,gangnam,강남구
11680,역삼동,,리치웰,다세대,774-10,25.47,202605,14,50500,5,2017,,중개거래,6554.461817824893,25.0,gangnam,강남구
11680,논현동,,참그린빌,다세대,176-1,29.1,202605,13,44200,3,2019,,중개거래,5021.157972508591,29.0,gangnam,강남구
11680,개포동,,새롬아트빌라,다세대,1208-1,33.12,202605,8,36700,1,1994,,중개거래,3663.1132095410635,33.0,gangnam,강남구
11680,논현동,,꿈꾸지오(177-11),다세대,177-11,27.51,202605,7,44000,5,2018,,중개거래,5287.333333333333,28.0,gangnam,강남구
11680,청담동,,청담스테이,다세대,38,27.11,202605,11,75000,6,2018,,직거래,9145.47676134268,27.0,gangnam,강남구
11680,논현동,,첼시하우스,다세대,219-9,29.9,202605,9,33900,2,2015,,중개거래,3748.030484949833,30.0,gangnam,강남구
11680,역삼동,,공간10차,다세대,637-6,24.36,202605,8,34500,4,2017,,중개거래,4681.8383620689665,24.0,gangnam,강남구
11680,논현동,,케아하우스,다세대,148-8,22.97,202605,9,29000,5,2015,,중개거래,4173.607531562909,23.0,gangnam,강남구
11680,논현동,,(197-3),다세대,197-3,15.9,202605,8,18600,2,2012,,중개거래,3867.144716981132,16.0,gangnam,강남구
11680,논현동,,더스마트빌리지,다세대,149-33,19.3,202605,6,22000,4,2012,,중개거래,3768.252331606218,19.0,gangnam,강남구
11680,개포동,,금호빌,다세대,1219-8,42.66,202605,8,58500,4,1997,,중개거래,4533.249472573841,43.0,gangnam,강남구
11680,청담동,,청경빌라(58-0),연립,58,75.53,202605,9,84500,2,1993,,중개거래,3698.382530120482,76.0,gangnam,강남구
11680,역삼동,,무진빌라,다세대,830-12,38.3,202605,7,51500,-1,1989,,중개거래,4445.115600522194,38.0,gangnam,강남구
11680,삼성동,,수목하이빌,다세대,124-3,25.8,202605,9,33087,1,2003,,중개거래,4239.477065697674,26.0,gangnam,강남구
11680,삼성동,,수목하이빌,다세대,124-3,21.12,202605,9,26683,1,2003,,중개거래,4176.527516808713,21.0,gangnam,강남구
11680,삼성동,,수목하이빌,다세대,124-3,32.16,202605,9,45895,2,2003,,중개거래,4717.630677083334,32.0,gangnam,강남구
11680,삼성동,,수목하이빌,다세대,124-3,24.32,202605,9,34154,2,2003,,중개거래,4642.507437911185,24.0,gangnam,강남구
11680,삼성동,,수목하이빌,다세대,124-3,50.76,202605,9,75247,2,2003,,중개거래,4900.520171296296,51.0,gangnam,강남구
11680,삼성동,,수목하이빌,다세대,124-3,32.16,202605,9,45895,3,2003,,중개거래,4717.630677083334,32.0,gangnam,강남구
11680,삼성동,,수목하이빌,다세대,124-3,24.32,202605,9,34154,3,2003,,중개거래,4642.507437911185,24.0,gangnam,강남구
11680,삼성동,,수목하이빌,다세대,124-3,50.76,202605,9,75247,3,2003,,중개거래,4900.520171296296,51.0,gangnam,강남구
11680,삼성동,,수목하이빌,다세대,124-3,119.53,202605,9,168638,4,2003,,중개거래,4663.941862544968,120.0,gangnam,강남구
11680,개포동,,우정빌라(1180-5),다세대,1180-5,35.76,202605,9,65500,1,1991,,중개거래,6055.059214205817,36.0,gangnam,강남구
11680,개포동,,대림빌라,다세대,1209-11,59.39,202605,8,66000,3,2000,,중개거래,3673.712914632093,59.0,gangnam,강남구
11680,역삼동,,스타빌,다세대,781-16,29.07,202605,9,33000,3,2002,,중개거래,3752.6971104231166,29.0,gangnam,강남구
11680,역삼동,,(770-13),다세대,770-13,49.1,202605,8,50000,6,2003,,중개거래,3366.37983706721,49.0,gangnam,강남구
11680,논현동,,승립하이츠,연립,161-9,65.94,202605,8,78500,3,1994,,중개거래,3935.458333333334,66.0,gangnam,강남구
11680,역삼동,,역삼그린빌리지,연립,795-10,135.84,202605,1,133000,2,1997,,중개거래,3236.671120435807,136.0,gangnam,강남구
11680,역삼동,,리빙하이츠,다세대,664-17,23.49,202605,4,21000,4,2002,,중개거래,2955.3633461047257,23.0,gangnam,강남구
11680,역삼동,,(828-13),연립,828-13,64.76,202605,5,86500,1,1989,,중개거래,4415.540495676343,65.0,gangnam,강남구
11680,개포동,,BLISSVILLE,다세대,163-1,72.008,202605,8,65700,3,2017,,중개거래,3016.193679868904,72.0,gangnam,강남구
11680,논현동,,오양빌라,다세대,178-4,41.535,202605,7,54000,1,1987,,직거래,4297.878656554713,42.0,gangnam,강남구
11680,개포동,,대신홈타운(1219-7),다세대,1219-7,76.32,202605,7,76300,2,2003,,직거래,3304.9187041404616,76.0,gangnam,강남구
11680,개포동,,백왕,다세대,1207-4,55.14,202605,6,31000,1,1992,,직거래,1858.5298331519768,55.0,gangnam,강남구
11680,일원동,,달빛하우스,다세대,682-11,40.182,202605,6,89500,2,2017,,중개거래,7363.191416554676,40.0,gangnam,강남구
11680,세곡동,,강남효성해링턴코트,연립,541,92.9619,202605,7,227500,3,2016,,중개거래,8090.046433001048,93.0,gangnam,강남구
11680,개포동,,G-heim,다세대,1245-5,24.6,202605,3,62000,3,2017,,중개거래,8331.65325203252,25.0,gangnam,강남구
11680,대치동,,(934-4),다세대,934-4,18.57,202605,7,24900,5,2016,,중개거래,4432.63578352181,19.0,gangnam,강남구
11680,개포동,,우정빌라,다세대,1173-14,24.6,202605,5,52000,1,1994,,중개거래,6987.8382113821135,25.0,gangnam,강남구
11680,논현동,,첼시하우스2,다세대,219-10,14.035,202605,6,17500,5,2015,,중개거래,4121.926433915212,14.0,gangnam,강남구
11680,역삼동,,강남아트빌리지,연립,792-50,75.82,202605,4,87800,3,1995,,중개거래,3828.118214191507,76.0,gangnam,강남구
11680,세곡동,,강남효성해링턴코트,연립,541,105.4698,202605,6,222000,1,2016,,중개거래,6958.24084240228,105.0,gangnam,강남구
11680,신사동,,삼흥맨션,다세대,555-2,84.78,202605,6,60000,3,2004,,직거래,2339.5506015569713,85.0,gangnam,강남구
11680,일원동,,금오빌라,다세대,628-5,79.5,202605,4,120000,4,2002,,중개거래,4989.864150943396,80.0,gangnam,강남구
11680,개포동,,비룡빌라,연립,1263-1,58.2,202605,4,63280,2,1989,,직거래,3594.3311821305847,58.0,gangnam,강남구
11680,역삼동,,리치웰빌라트3차,다세대,796-1,23.63,202605,2,38500,2,2019,,중개거래,5386.065277190013,24.0,gangnam,강남구
11680,역삼동,,꿈꾸지오(697-23),다세대,697-23,26.96,202605,1,36000,3,2016,,중개거래,4414.252967359051,27.0,gangnam,강남구
11680,역삼동,,마이플레이스(794-23),다세대,794-23,29.63,202605,1,45000,2,2019,,중개거래,5020.59821127236,30.0,gangnam,강남구
11680,논현동,,더스마트빌리지,다세대,149-33,19.11,202605,1,20000,2,2012,,중개거래,3459.7435897435903,19.0,gangnam,강남구
11680,개포동,,서진주택A동(165-9),다세대,165-9,38.67,202606,6,64800,-1,1987,,중개거래,5539.562141194725,39.0,gangnam,강남구
11680,논현동,,논현퍼스티움,다세대,160-4,79.01,202606,29,99000,5,2020,,중개거래,4142.168269839261,79.0,gangnam,강남구
11680,청담동,,더청담,다세대,13-34,28.02,202606,26,52500,2,2018,,중개거래,6193.922644539615,28.0,gangnam,강남구
11680,일원동,,청솔빌리지,연립,739,59.75,202606,30,260000,3,1993,,중개거래,14385.005857740585,60.0,gangnam,강남구
11680,역삼동,,꿈꾸지오(698-6),다세대,698-6,29.56,202606,30,39000,2,2017,,중개거래,4361.48900541272,30.0,gangnam,강남구
11680,삼성동,,삼성더하임,다세대,29-1,28.87,202606,25,70100,2,2020,,중개거래,8026.862781434014,29.0,gangnam,강남구
11680,삼성동,,신우실버타운,다세대,65-6,54.48,202606,23,99000,1,1986,,중개거래,6007.208425110133,54.0,gangnam,강남구
11680,개포동,,개포라온채,연립,1165-4,48.913,202606,25,118000,6,2026,,중개거래,7975.029746693109,49.0,gangnam,강남구
11680,논현동,,공간3차,다세대,270-2,23.19,202606,26,33000,4,2016,,중개거래,4704.221862871927,23.0,gangnam,강남구
11680,개포동,,동산빌라,연립,1164-29,42.84,202606,25,70000,1,1996,,중개거래,5401.609477124183,43.0,gangnam,강남구
11680,일원동,,궁전하우스,다세대,665,20.61,202606,13,69900,3,2023,,중개거래,11211.759898107715,21.0,gangnam,강남구
11680,개포동,,예가풍경채,다세대,1236-11,24.88,202606,30,53000,6,2018,,중개거래,7042.066117363345,25.0,gangnam,강남구
11680,논현동,,174-4,다세대,174-4,15.4212,202606,28,32000,4,2016,,직거래,6859.720384924649,15.0,gangnam,강남구
11680,청담동,,(13-35),다세대,13-35,29.22,202606,27,53200,2,2019,,중개거래,6018.746132785764,29.0,gangnam,강남구
11680,역삼동,,역삼그린빌리지,연립,795-10,135.84,202606,14,146000,3,1997,,중개거래,3553.037470553593,136.0,gangnam,강남구
11680,역삼동,,케아하우스17차,다세대,685-23,16.8,202606,23,29500,4,2020,,중개거래,5804.801041666667,17.0,gangnam,강남구
11680,역삼동,,공간9차,다세대,637-5,19.91,202606,15,22900,2,2017,,중개거래,3802.2338774485183,20.0,gangnam,강남구
11680,역삼동,,697-40,다세대,697-40,30.0,202606,13,44000,5,2016,,중개거래,4848.484666666667,30.0,gangnam,강남구
11680,논현동,,미주그린빌라,다세대,214-4,46.53,202606,27,41000,3,1995,,중개거래,2912.8988824414355,47.0,gangnam,강남구
11680,논현동,,(197-3),다세대,197-3,15.9,202606,28,21000,3,2012,,중개거래,4366.131132075472,16.0,gangnam,강남구
11680,도곡동,,은성빌라,다세대,186,48.96,202606,29,68000,3,1993,,중개거래,4591.368055555556,49.0,gangnam,강남구
11680,논현동,,현영아트빌B,다세대,196-2,53.07,202606,18,50400,5,2004,,중개거래,3139.4679479932165,53.0,gangnam,강남구
11680,역삼동,,더원스타빌,다세대,698-26,24.97,202606,11,39000,3,2017,,중개거래,5163.22046455747,25.0,gangnam,강남구
11680,역삼동,,손스홈빌라,다세대,740-8,106.44,202606,25,140448,1,2004,,중개거래,4361.996351747463,106.0,gangnam,강남구
11680,역삼동,,손스홈빌라,다세대,740-8,39.15,202606,25,51659,2,2004,,중개거래,4362.031859897829,39.0,gangnam,강남구
11680,역삼동,,손스홈빌라,다세대,740-8,32.02,202606,25,42251,2,2004,,중개거래,4362.046284665834,32.0,gangnam,강남구
11680,역삼동,,손스홈빌라,다세대,740-8,24.48,202606,25,32301,2,2004,,중개거래,4361.934693014706,24.0,gangnam,강남구
11680,역삼동,,손스홈빌라,다세대,740-8,52.82,202606,25,69696,3,2004,,중개거래,4361.983933358576,53.0,gangnam,강남구
11680,역삼동,,손스홈빌라,다세대,740-8,53.62,202606,25,70752,3,2004,,중개거래,4362.008584856398,54.0,gangnam,강남구
11680,역삼동,,손스홈빌라,다세대,740-8,70.4,202606,25,92893,4,2004,,중개거래,4361.992698934659,70.0,gangnam,강남구
11680,논현동,,174-4,다세대,174-4,27.56,202606,14,50000,2,2016,,중개거래,5997.432873730044,28.0,gangnam,강남구
11680,대치동,,아크로빌B동,다세대,1023-15,59.56,202606,28,101900,3,2005,,중개거래,5655.800730355944,60.0,gangnam,강남구
11680,논현동,,진흥펠리체A동,다세대,190-2,27.81,202606,16,43000,2,2015,,중개거래,5111.425925925927,28.0,gangnam,강남구
11680,삼성동,,(95-9),다세대,95-9,89.28,202606,18,180000,-1,1990,,중개거래,6664.889112903225,89.0,gangnam,강남구
11680,논현동,,미주그린빌라,다세대,214-4,33.63,202606,25,35000,3,1995,,중개거래,3440.45420755278,34.0,gangnam,강남구
11680,개포동,,영신아트빌,다세대,1213-7,46.17,202606,30,63000,2,1991,,중개거래,4510.817738791423,46.0,gangnam,강남구
11680,대치동,,(927-1),다세대,927-1,29.41,202606,20,37800,3,2001,,중개거래,4248.849812988779,29.0,gangnam,강남구
11680,역삼동,,케아하우스,다세대,664-28,23.48,202606,9,31000,4,2017,,중개거래,4364.537265758092,23.0,gangnam,강남구
11680,개포동,,운영빌라3차,다세대,1195-6,51.59,202606,17,60000,2,1996,,중개거래,3844.6811397557667,52.0,gangnam,강남구
11680,역삼동,,S클레스4차,다세대,781-12,29.86,202606,3,72000,3,2023,,직거래,7971.082384460818,30.0,gangnam,강남구
11680,논현동,,우림스타빌,다세대,197-7,13.74,202606,29,21000,4,2016,,중개거래,5052.509825327511,14.0,gangnam,강남구
11680,논현동,,우림빌,다세대,182-6,14.06,202606,29,16500,4,2014,,중개거래,3879.4774182076817,14.0,gangnam,강남구
11680,논현동,,첼시하우스2,다세대,219-10,28.725,202606,11,31000,4,2015,,중개거래,3567.6008703220195,29.0,gangnam,강남구
11680,개포동,,삼성파크빌B동(1209-14),다세대,1209-14,61.1,202606,19,86500,2,2003,,중개거래,4680.039320785598,61.0,gangnam,강남구
11680,논현동,,만송빌라,다세대,155-9,68.13,202606,18,86000,2,2002,,중개거래,4172.868193160136,68.0,gangnam,강남구
11680,개포동,,개포동삼성베스트빌,다세대,1206,41.23,202606,6,80000,6,2017,,중개거래,6414.329371816639,41.0,gangnam,강남구
11680,논현동,,엔트라움논현,다세대,172-1,29.94,202606,26,61000,5,2021,,직거래,6735.2332999332,30.0,gangnam,강남구
11680,역삼동,,제이원빌,다세대,778-7,29.985,202606,27,54000,3,2014,,중개거래,5953.389694847424,30.0,gangnam,강남구
11680,청담동,,청담미소빌라,연립,26-16,82.35,202606,26,170000,2,2003,,중개거래,6824.328476017002,82.0,gangnam,강남구
11680,개포동,,청솔아트빌B동,다세대,1213-6,39.63,202606,18,64000,3,1995,,중개거래,5338.638405248549,40.0,gangnam,강남구
11680,개포동,,운영빌라,다세대,1218-14,59.76,202606,20,72000,3,1996,,중개거래,3982.8734939759042,60.0,gangnam,강남구
11680,개포동,,다세대주택(16세대),다세대,1242-6,28.74,202606,2,40000,4,1997,,중개거래,4600.953375086987,29.0,gangnam,강남구
11680,논현동,,더스마트빌리지,다세대,149-33,28.51,202606,19,33000,5,2012,,중개거래,3826.4084531743247,29.0,gangnam,강남구
11680,논현동,,미주그린빌라,다세대,214-4,50.37,202606,24,47900,2,1995,,중개거래,3143.6788068294622,50.0,gangnam,강남구
11680,논현동,,케아하우스(188-12),다세대,188-12,21.84,202606,21,30000,3,2019,,중개거래,4540.913461538462,22.0,gangnam,강남구
11680,논현동,,(188-6),다세대,188-6,14.52,202606,13,19000,5,2013,,중개거래,4325.751721763086,15.0,gangnam,강남구
11680,청담동,,리더스빌,연립,13-21,35.28,202606,9,48000,3,1996,,중개거래,4497.666666666667,35.0,gangnam,강남구
11680,논현동,,리안빌리지,다세대,197-9,31.14,202606,19,38700,3,2013,,중개거래,4108.345520231214,31.0,gangnam,강남구
11680,논현동,,케아하우스,다세대,148-8,29.64,202606,9,40000,5,2015,,중개거래,4461.248313090418,30.0,gangnam,강남구
11680,삼성동,,삼성더하임,다세대,29-1,29.86,202606,6,69000,5,2020,,중개거래,7638.95395177495,30.0,gangnam,강남구
11680,논현동,,(188-6),다세대,188-6,14.52,202606,11,20000,4,2013,,중개거래,4553.422865013774,15.0,gangnam,강남구
11680,논현동,,동광팰리스B동,다세대,230-11,25.81,202606,5,38500,3,2016,,중개거래,4931.139965129795,26.0,gangnam,강남구
11680,논현동,,꿈꾸지오(176-9),다세대,176-9,22.51,202606,19,32500,2,2019,,중개거래,4772.901488227454,23.0,gangnam,강남구
11680,일원동,,골든빌,다세대,678-1,28.05,202606,2,88000,2,2020,,중개거래,10371.09019607843,28.0,gangnam,강남구
11680,논현동,,(167-22),다세대,167-22,16.57,202606,6,19500,4,2015,,중개거래,3890.3323777911887,17.0,gangnam,강남구
11680,논현동,,(188-6),다세대,188-6,13.97,202606,10,19500,2,2013,,중개거래,4614.374194702935,14.0,gangnam,강남구
11680,논현동,,MODUGAL,다세대,156-22,19.85,202606,18,44500,5,2019,,중개거래,7410.953778337532,20.0,gangnam,강남구
11680,논현동,,라인빌리지(149-18),다세대,149-18,17.61,202606,17,22000,2,2012,,중개거래,4129.884724588303,18.0,gangnam,강남구
11680,논현동,,(244-15),다세대,244-15,22.9,202606,16,42700,4,2017,,중개거래,6164.061986899564,23.0,gangnam,강남구
11680,개포동,,위미르빌,다세대,1205,44.25,202606,12,79000,3,2017,,중개거래,5901.853446327684,44.0,gangnam,강남구
11680,삼성동,,힐스테이7,다세대,34-12,21.87,202606,15,47000,2,2016,,중개거래,7104.339048925468,22.0,gangnam,강남구
11680,역삼동,,마이플레이스,다세대,792-7,29.83,202606,9,43500,2,2018,,중개거래,4820.705581629233,30.0,gangnam,강남구
11680,논현동,,논현빌2차,다세대,185-10,17.62,202606,6,19000,3,2013,,중개거래,3564.6943813847897,18.0,gangnam,강남구
11680,논현동,,아이리스논현,다세대,270-35,32.25,202606,12,47000,4,2017,,중개거래,4817.733178294574,32.0,gangnam,강남구
11680,개포동,,로하스빌,다세대,1208,40.63,202606,13,69500,2,2016,,중개거래,5654.7392936254,41.0,gangnam,강남구
11680,논현동,,MODUGAL,다세대,156-22,25.16,202606,2,50000,4,2019,,중개거래,6569.525039745628,25.0,gangnam,강남구
11680,역삼동,,루브르하우스,다세대,722-4,33.464,202606,13,48000,3,2017,,중개거래,4741.7427683480755,33.0,gangnam,강남구
11680,개포동,,청호빌라,다세대,1256,40.53,202606,10,64700,3,1997,,중개거래,5277.184542314335,41.0,gangnam,강남구
11680,개포동,,Artespace,다세대,1183-10,47.97,202606,9,85000,2,2021,,중개거래,5857.655305399208,48.0,gangnam,강남구
11680,논현동,,이화빌라,다세대,148-6,51.91,202606,9,54500,2,1991,,중개거래,3470.7239934502027,52.0,gangnam,강남구
11680,역삼동,,로즈빌,다세대,794-7,77.08,202606,5,71000,3,2003,,중개거래,3045.02769849507,77.0,gangnam,강남구
11680,논현동,,(189-19),다세대,189-19,51.12,202606,5,70000,3,2008,,중개거래,4526.700899843506,51.0,gangnam,강남구
11680,일원동,,샤갈하우스2,다세대,663-9,28.75,202606,5,88000,6,2021,,중개거래,10118.576695652175,29.0,gangnam,강남구
11680,논현동,,경성빌라(178-5),다세대,178-5,73.08,202606,4,73000,-1,1986,,중개거래,3302.166187739464,73.0,gangnam,강남구
11680,논현동,,논현빌라(45-2),연립,45-2,165.96,202606,1,176000,1,1991,,중개거래,3505.773439382984,166.0,gangnam,강남구
11680,논현동,,"논현동187-7,8",다세대,187-7,26.48,202606,1,39500,3,2019,,중개거래,4931.212518882176,26.0,gangnam,강남구
11680,역삼동,,상록,다세대,699-12,55.53,202606,2,44000,3,1993,,중개거래,2619.3866378534126,56.0,gangnam,강남구
11680,논현동,,"논현동연립주택(201동,202동)",연립,250-3,244.65,202607,31,640000,1,2007,,중개거래,8647.874105865521,245.0,gangnam,강남구
11680,역삼동,,케아하우스17차,다세대,685-23,18.5,202607,27,34000,2,2020,,중개거래,6075.496756756757,18.0,gangnam,강남구
11680,개포동,,HHestia,다세대,1227-2,46.89,202607,23,76000,3,2016,,중개거래,5358.064832586906,47.0,gangnam,강남구
11680,개포동,,서현하이츠빌라Ⅱ,다세대,1206-5,56.28,202607,30,78000,1,1998,,중개거래,4581.578358208956,56.0,gangnam,강남구
11680,세곡동,,강남효성해링턴코트,연립,541,108.3435,202607,22,249500,1,2016,,중개거래,7612.762717652651,108.0,gangnam,강남구
11680,개포동,,가우디,다세대,1169-11,29.22,202607,20,69000,4,2017,,중개거래,7806.268480492814,29.0,gangnam,강남구
11680,개포동,,한성,다세대,1262-1,56.92,202607,25,75000,4,1992,,중개거래,4355.830551651441,57.0,gangnam,강남구
11680,논현동,,(139-7),다세대,139-7,40.33,202607,29,54800,1,1986,,중개거래,4491.867542772131,40.0,gangnam,강남구
11680,논현동,,선경골든빌,연립,269,77.49,202607,13,92000,1,2002,,중개거래,3924.7931345980132,77.0,gangnam,강남구
11680,대치동,,대치명문가,다세대,901-46,47.78,202607,15,94500,2,2022,,직거래,6538.231111343659,48.0,gangnam,강남구
11680,논현동,,진흥펠리체A동,다세대,190-2,27.81,202607,20,55000,5,2015,,중개거래,6537.870370370371,28.0,gangnam,강남구
11680,개포동,,비룡빌라,연립,1263-1,60.96,202607,22,120000,3,1989,,중개거래,6507.450787401574,61.0,gangnam,강남구
11680,논현동,,남강빌라,다세대,194-5,59.97,202607,23,65000,4,1992,,중개거래,3583.058612639654,60.0,gangnam,강남구
11680,개포동,,포이아트빌1차,다세대,1227-7,75.55,202607,29,80000,2,2001,,중개거래,3500.5003309066847,76.0,gangnam,강남구
11680,논현동,,영동빌라,다세대,10-14,41.16,202607,25,29800,-1,1994,,중개거래,2393.401190476191,41.0,gangnam,강남구
11680,역삼동,,동아파레스빌라,연립,623-3,182.79,202607,21,208000,-1,1993,,중개거래,3761.7116910115437,183.0,gangnam,강남구
11680,개포동,,청아람,다세대,1211-1,40.28,202607,24,89900,4,2014,,중개거래,7378.105052135055,40.0,gangnam,강남구
11680,역삼동,,(728-48),다세대,728-48,18.66,202607,28,28000,2,2018,,중개거래,4960.449088960344,19.0,gangnam,강남구
11680,개포동,,개포리치빌,다세대,171-8,29.29,202607,4,67500,3,2023,,중개거래,7618.316404916354,29.0,gangnam,강남구
11680,역삼동,,테마빌,다세대,729-9,55.83,202607,14,66000,4,2002,,중개거래,3907.9672219236973,56.0,gangnam,강남구
11680,개포동,,위미르빌,다세대,1205,43.69,202607,20,85000,6,2017,,중개거래,6431.48832684825,44.0,gangnam,강남구
11680,삼성동,,삼성펠레스967,다세대,96-7,76.25,202607,4,250000,1,2016,,중개거래,10838.639344262296,76.0,gangnam,강남구
11680,논현동,,PAVILLON 188,다세대,188-10,29.71,202607,27,51000,4,2022,,중개거래,5674.689835072367,30.0,gangnam,강남구
11680,논현동,,아이리스논현,다세대,270-35,23.48,202607,25,33000,4,2017,,중개거래,4646.12031516184,23.0,gangnam,강남구
11680,논현동,,엔트라움논현,다세대,172-1,29.94,202607,27,66000,3,2021,,직거래,7287.301603206412,30.0,gangnam,강남구
11680,일원동,,골든빌(683-14),다세대,683-14,20.88,202607,18,73000,5,2021,,중개거래,11557.581657088123,21.0,gangnam,강남구
11680,역삼동,,(777-12),다세대,777-12,42.55,202607,26,61000,2,2015,,중개거래,4739.198237367804,43.0,gangnam,강남구
11680,삼성동,,리젠시타운(A동),연립,94-5,115.8,202607,18,290000,2,1991,,중개거래,8278.736183074267,116.0,gangnam,강남구
11680,역삼동,,역삼아르떼,다세대,695-12,29.97,202607,27,50000,4,2020,,중개거래,5515.156823490157,30.0,gangnam,강남구
11680,논현동,,PAVILLON 188,다세대,188-10,24.39,202607,26,50000,3,2022,,중개거래,6776.927019270193,24.0,gangnam,강남구
11680,논현동,,PAVILLON 188,다세대,188-10,22.83,202607,26,50000,5,2022,,중개거래,7240.002190100746,23.0,gangnam,강남구
11680,논현동,,그린빌비동,다세대,264-4,28.71,202607,14,40000,5,2016,,중개거래,4605.7610588645075,29.0,gangnam,강남구
11680,역삼동,,나이스빌라,다세대,778-40,55.8,202607,12,50011,1,2000,,중개거래,2962.8246171146957,56.0,gangnam,강남구
11680,개포동,,더라움,다세대,1206-2,55.92,202607,7,90000,4,2016,,중개거래,5320.469420600858,56.0,gangnam,강남구
11680,개포동,,새롬그린빌,다세대,1219-10,35.1,202607,2,36000,-1,1995,,중개거래,3390.548717948718,35.0,gangnam,강남구
11680,논현동,,꿈꾸지오(177-11),다세대,177-11,28.57,202607,15,46300,3,2018,,중개거래,5357.292457122857,29.0,gangnam,강남구
11680,삼성동,,동궁빌라,다세대,96-14,68.16,202607,8,190000,1,1986,,중개거래,9215.069688967136,68.0,gangnam,강남구
11680,세곡동,,강남효성해링턴코트,연립,541,105.8209,202607,2,280000,2,2016,,중개거래,8747.041463453817,106.0,gangnam,강남구
11680,일원동,,골든빌(683-14),다세대,683-14,29.5,202607,2,82000,3,2021,,중개거래,9188.961694915253,30.0,gangnam,강남구
11680,논현동,,엔트라움논현,다세대,172-1,33.53,202607,18,66000,3,2021,,직거래,6507.062630480167,34.0,gangnam,강남구
11680,논현동,,모두가S,다세대,149-11,27.43,202607,17,50000,5,2019,,중개거래,6025.856726212177,27.0,gangnam,강남구
11680,신사동,,"현대맨션(1동,2동,3동,4동,5동)",연립,604,132.3,202607,1,450000,3,1980,,중개거래,11244.166666666666,132.0,gangnam,강남구
11680,역삼동,,모던클레식하우스,다세대,796-15,34.38,202607,21,57000,4,2017,,중개거래,5480.79537521815,34.0,gangnam,강남구
11680,도곡동,,일광B동,다세대,950-17,96.49,202607,21,100000,3,1988,,중개거래,3426.038967768681,96.0,gangnam,강남구
11680,개포동,,삼성가동,다세대,1257-10,55.15,202607,10,75000,3,1993,,중개거래,4495.6278331822305,55.0,gangnam,강남구
11680,논현동,,삼원빌라C동,다세대,124-40,50.22,202607,17,59000,1,1990,,중개거래,3883.7378534448426,50.0,gangnam,강남구
11680,논현동,,(155-12),다세대,155-12,54.77,202607,16,31000,-1,1986,,중개거래,1871.0851743655285,55.0,gangnam,강남구
11680,역삼동,,아이힐,다세대,690-40,28.71,202607,20,36000,5,2016,,중개거래,4145.184952978057,29.0,gangnam,강남구
11680,역삼동,,더원스타빌,다세대,698-26,26.01,202607,16,38600,4,2017,,중개거래,4905.932372164552,26.0,gangnam,강남구
11680,논현동,,로얄캐슬,다세대,170-4,25.03,202607,18,52900,4,2016,,직거래,6986.657071514183,25.0,gangnam,강남구
11680,논현동,,꿈꾸지오(177-11),다세대,177-11,28.57,202607,13,46300,1,2018,,중개거래,5357.292457122857,29.0,gangnam,강남구
11680,대치동,,삼형그린빌라,다세대,933-1,53.29,202607,18,57000,4,1993,,중개거래,3535.930662413211,53.0,gangnam,강남구
11680,논현동,,정호강남맨션,연립,160-10,98.71,202607,20,109000,4,1992,,직거래,3650.3957552426305,99.0,gangnam,강남구
11680,논현동,,(219-20),다세대,219-20,22.29,202607,8,26500,3,2018,,중개거래,3930.1616195603415,22.0,gangnam,강남구
11680,논현동,,꿈꾸지오(269-1),다세대,269-1,28.83,202607,21,40000,3,2019,,중개거래,4586.590357266737,29.0,gangnam,강남구
11680,논현동,,리안빌리지,다세대,197-9,15.48,202607,18,18800,2,2013,,중개거래,4014.7776485788113,15.0,gangnam,강남구
11680,논현동,,논현밸류,다세대,171-16,15.7,202607,15,38000,3,2015,,중개거래,8001.263057324841,16.0,gangnam,강남구
11680,논현동,,엔트라움논현,다세대,172-1,29.94,202607,14,65000,2,2021,,직거래,7176.887942551771,30.0,gangnam,강남구
11680,대치동,,스톤빌리지대치4차,다세대,925,50.99,202607,13,107000,4,2019,,중개거래,6937.026769954893,51.0,gangnam,강남구
11680,신사동,,다누림빌,다세대,594-24,59.92,202607,15,48000,3,2004,,중개거래,2648.1588785046733,60.0,gangnam,강남구
11680,논현동,,(197-3),다세대,197-3,15.9,202607,14,23000,2,2012,,중개거래,4781.953144654088,16.0,gangnam,강남구
11680,역삼동,,(830-63),다세대,830-63,43.17,202607,6,44000,1,1994,,중개거래,3369.3430623117906,43.0,gangnam,강남구
11680,역삼동,,역삼아르떼,다세대,695-12,29.97,202607,11,51000,2,2020,,중개거래,5625.4599599599605,30.0,gangnam,강남구
11680,대치동,,삼성빌라,연립,967-8,58.94,202607,4,118000,5,2008,,중개거래,6618.300475059383,59.0,gangnam,강남구
11680,논현동,,모두가S,다세대,149-11,22.58,202607,14,31000,6,2019,,중개거래,4538.500221434899,23.0,gangnam,강남구
11680,역삼동,,더힐스,다세대,664-1,27.45,202607,4,58000,5,2021,,중개거래,6984.900910746814,27.0,gangnam,강남구
11680,개포동,,로얄팰리체2차A동,다세대,1226-8,48.86,202607,2,107500,5,2019,,중개거래,7273.268266475646,49.0,gangnam,강남구
11680,논현동,,로얄캐슬,다세대,170-4,27.52,202607,10,24000,3,2016,,직거래,2882.952034883721,28.0,gangnam,강남구
11680,논현동,,리안빌리지,다세대,197-9,14.58,202607,2,21000,4,2013,,중개거래,4761.418724279835,15.0,gangnam,강남구
11680,대치동,,(913-24),다세대,913-24,29.81,202607,9,43000,3,2016,,중개거래,4768.4922844683,30.0,gangnam,강남구
11680,논현동,,우정빌라,연립,272-25,110.35,202607,7,133000,3,1998,,중개거래,3984.3172179429093,110.0,gangnam,강남구
11680,삼성동,,삼성빌리지(145-10),연립,145-10,97.5,202607,7,145000,4,1998,,중개거래,4916.295641025641,98.0,gangnam,강남구
11680,삼성동,,H빌,다세대,24-15,36.37,202607,7,63000,3,2014,,중개거래,5726.270415177345,36.0,gangnam,강남구
11680,논현동,,우진빌라,다세대,177-20,41.87,202607,5,59000,1,1992,,중개거래,4658.259254836399,42.0,gangnam,강남구
11680,논현동,,케아하우스,다세대,148-8,18.25,202607,3,39500,5,2015,,중개거래,7154.986712328767,18.0,gangnam,강남구
11680,논현동,,파크캐슬A동,다세대,172-2,18.15,202607,2,50000,2,2016,,중개거래,9106.84573002755,18.0,gangnam,강남구
11680,삼성동,,힐스테이7,다세대,34-12,18.4,202607,2,34000,4,2016,,중개거래,6108.515760869566,18.0,gangnam,강남구
11680,논현동,,진흥펠리체A동,다세대,190-2,27.81,202607,2,37000,4,2015,,중개거래,4398.203703703704,28.0,gangnam,강남구
11680,대치동,,케아하우스,다세대,900-57,29.85,202607,2,35000,2,2017,,중개거래,3876.129815745394,30.0,gangnam,강남구
11680,신사동,,청실맨션2차(613-8),연립,613-8,109.4,202607,1,160000,1,1983,,중개거래,4834.786106032907,109.0,gangnam,강남구
11680,대치동,,에비뉴71,다세대,916-25,29.78,202608,30,58900,2,2017,,중개거래,6538.305456682337,30.0,gangnam,강남구
11680,논현동,,GEOville,다세대,167-14,15.44,202608,20,21500,5,2013,,중개거래,4603.2627914507775,15.0,gangnam,강남구
11680,논현동,,(107-50),다세대,107-50,26.45,202608,26,31500,3,2018,,중개거래,3936.946219281664,26.0,gangnam,강남구
11680,역삼동,,상록,다세대,699-12,55.53,202608,22,33000,-1,1993,,중개거래,1964.5399783900593,56.0,gangnam,강남구
11680,대치동,,LaTERRASSE1,다세대,934-18,28.24,202608,29,48000,5,2016,,중개거래,5618.898016997167,28.0,gangnam,강남구
11680,개포동,,호원빌,다세대,1171-9,45.395,202608,28,80000,3,2016,,중개거래,5825.813415574402,45.0,gangnam,강남구
11680,대치동,,리더캐슬,다세대,917-29,76.87,202608,29,120000,3,2007,,중개거래,5160.585403928711,77.0,gangnam,강남구
11680,논현동,,(107-50),다세대,107-50,26.62,202608,18,29500,3,2018,,중개거래,3663.435668670173,27.0,gangnam,강남구
11680,논현동,,서진플로렌스183스튜디오,다세대,183-14,27.79,202608,20,55000,4,2017,,중개거래,6542.57556675063,28.0,gangnam,강남구
11680,대치동,,우현,다세대,953-25,31.44,202608,21,30000,2,2003,,중개거래,3154.375,31.0,gangnam,강남구
11680,대치동,,우현,다세대,953-25,31.44,202608,18,39000,3,2003,,중개거래,4100.6875,31.0,gangnam,강남구
11680,개포동,,퓨전빌라,연립,1239-14,58.78,202608,26,95000,3,2002,,중개거래,5342.796444368833,59.0,gangnam,강남구
11680,삼성동,,삼성더하임,다세대,29-1,28.87,202608,18,77500,5,2020,,중개거래,8874.206356078976,29.0,gangnam,강남구
11680,대치동,,우현,다세대,953-25,69.22,202608,14,115600,3,2003,,중개거래,5520.785119907541,69.0,gangnam,강남구
11680,역삼동,,역삼위너스하임 나동,다세대,655-15,27.99,202608,29,40500,6,2017,,중개거래,4783.290192926045,28.0,gangnam,강남구
11680,역삼동,,꿈꾸지오(698-6),다세대,698-6,27.77,202608,29,38500,3,2017,,중개거래,4583.101278357941,28.0,gangnam,강남구
11680,역삼동,,(728-48),다세대,728-48,17.01,202608,21,27000,6,2018,,중개거래,5247.277777777778,17.0,gangnam,강남구
11680,역삼동,,더원스타빌,다세대,698-26,26.48,202608,26,37200,5,2017,,중개거래,4644.078625377643,26.0,gangnam,강남구
11680,도곡동,,아크로파크3차,다세대,948-26,21.2,202608,24,39000,4,2016,,중개거래,6081.3969339622645,21.0,gangnam,강남구
11680,개포동,,개포라온채,연립,1165-4,29.824,202608,13,89000,6,2026,,직거래,9865.037050697425,30.0,gangnam,강남구
11680,대치동,,우현,다세대,953-25,69.22,202608,15,110000,3,2003,,중개거래,5253.342242126553,69.0,gangnam,강남구
11680,개포동,,개포라온채,연립,1165-4,29.994,202608,10,89000,5,2026,,직거래,9809.123991464961,30.0,gangnam,강남구
11680,논현동,,논현빌2차,다세대,185-10,17.67,202608,13,19000,4,2013,,중개거래,3554.607526881721,18.0,gangnam,강남구
11680,개포동,,어반피나클개포,다세대,1183-11,24.42,202608,25,48000,4,2024,,중개거래,6497.857493857494,24.0,gangnam,강남구
11680,논현동,,논현퍼스티움,다세대,160-4,33.97,202608,6,70000,4,2020,,중개거래,6812.038563438328,34.0,gangnam,강남구
11680,역삼동,,힐스테이트1,다세대,697-33,29.74,202608,7,37000,3,2015,,중개거래,4112.778917283121,30.0,gangnam,강남구
11680,논현동,,GEOville,다세대,167-14,16.72,202608,26,22500,3,2013,,중개거래,4448.574312200957,17.0,gangnam,강남구
11680,논현동,,서진플로렌스183스튜디오,다세대,183-14,28.51,202608,13,50000,2,2017,,중개거래,5797.588565415644,29.0,gangnam,강남구
11680,개포동,,(1233-22),다세대,1233-22,55.22,202608,21,85000,3,2015,,중개거래,5088.586110105035,55.0,gangnam,강남구
11680,개포동,,휴먼하우징,다세대,1210-8,25.99,202608,19,73000,6,2017,,중개거래,9285.198345517507,26.0,gangnam,강남구
11680,개포동,,노블레스빌,다세대,1195-3,28.8,202608,29,57750,3,2018,,중개거래,6628.787630208333,29.0,gangnam,강남구
11680,역삼동,,삼립빌라,다세대,683-40,42.51,202608,12,49000,2,1991,,중개거래,3810.4790637497063,43.0,gangnam,강남구
11680,논현동,,(107-50),다세대,107-50,23.82,202608,29,32000,5,2018,,중개거래,4441.020990764064,24.0,gangnam,강남구
11680,역삼동,,꿈꾸지오(697-23),다세대,697-23,26.13,202608,25,37200,2,2016,,중개거래,4706.284041331803,26.0,gangnam,강남구
11680,개포동,,지오빌,다세대,1198,40.72,202608,29,80500,2,2016,,중개거래,6535.257674361494,41.0,gangnam,강남구
11680,개포동,,한수빌라,다세대,1235-20,38.11,202608,9,65000,2,1989,,중개거래,5638.310810810811,38.0,gangnam,강남구
11680,논현동,,GEOville,다세대,167-14,17.04,202608,28,21000,3,2013,,중개거래,4074.0308098591554,17.0,gangnam,강남구
11680,개포동,,다원빌라,다세대,1184-19,84.59,202608,28,125000,3,2002,,중개거래,4885.011526185129,85.0,gangnam,강남구
11680,개포동,,(1233-22),다세대,1233-22,55.22,202608,7,84500,2,2015,,중개거래,5058.653250633828,55.0,gangnam,강남구
11680,개포동,,현대아트,다세대,1252-10,42.39,202608,25,60000,1,1995,,중개거래,4679.101203113943,42.0,gangnam,강남구
11680,개포동,,개포라온채,연립,1165-4,38.004,202608,10,97000,6,2026,,직거래,8437.56301968214,38.0,gangnam,강남구
11680,개포동,,개포라온채,연립,1165-4,38.58,202608,8,84000,2,2026,,직거래,7197.665629860033,39.0,gangnam,강남구
11680,역삼동,,서담villageB,다세대,792-46,29.83,202608,8,37500,4,2018,,중개거래,4155.780673818304,30.0,gangnam,강남구
11680,역삼동,,꿈꾸지오(698-6),다세대,698-6,25.7,202608,21,39350,3,2017,,중개거래,5061.5813132295725,26.0,gangnam,강남구
11680,논현동,,경성빌라(179-6),연립,179-6,79.78,202608,14,72500,1,1987,,중개거래,3004.1290110303335,80.0,gangnam,강남구
11680,논현동,,(197-3),다세대,197-3,15.9,202608,13,19500,4,2012,,중개거래,4054.2646226415095,16.0,gangnam,강남구
11680,대치동,,스톤빌리지대치2차,다세대,934-8,32.22,202608,22,63000,3,2018,,중개거래,6463.825418994415,32.0,gangnam,강남구
11680,도곡동,,아크로파크3차,다세대,948-26,23.52,202608,12,28500,3,2016,,중개거래,4005.7343750000005,24.0,gangnam,강남구
11680,역삼동,,(685-12),다세대,685-12,22.81,202608,19,33500,3,2017,,중개거래,4855.054690925033,23.0,gangnam,강남구
11680,논현동,,플로빌,다세대,155-1,48.24,202608,11,56000,2,2003,,중개거래,3837.56135986733,48.0,gangnam,강남구
11680,논현동,,꿈꾸지오(177-11),다세대,177-11,29.26,202608,17,65000,3,2018,,중개거래,7343.678229665072,29.0,gangnam,강남구
11680,역삼동,,다올하우스,다세대,728-51,29.69,202608,3,38000,3,2018,,중개거래,4231.048501178848,30.0,gangnam,강남구
11680,역삼동,,꿈꾸지오(698-6),다세대,698-6,29.56,202608,24,41000,6,2017,,중개거래,4585.155108254398,30.0,gangnam,강남구
11680,논현동,,로얄캐슬,다세대,170-4,24.39,202608,10,30000,6,2016,,직거래,4066.156211562116,24.0,gangnam,강남구
11680,논현동,,(154-16),다세대,154-16,21.25,202608,24,42000,2,2016,,중개거래,6533.786823529413,21.0,gangnam,강남구
11680,논현동,,PAVILLON 188,다세대,188-10,25.57,202608,22,55000,2,2022,,중개거래,7110.6052014079,26.0,gangnam,강남구
11680,논현동,,GEOville,다세대,167-14,20.86,202608,18,23000,4,2013,,중개거래,3644.9211409395975,21.0,gangnam,강남구
11680,대치동,,우현,다세대,953-25,24.67,202608,22,18000,5,2003,,중개거래,2412.0036481556544,25.0,gangnam,강남구
11680,역삼동,,뉴현대빌라,연립,695-21,53.72,202608,17,58500,4,1997,,중개거래,3599.9334046909908,54.0,gangnam,강남구
11680,개포동,,중앙클래식하우스7차,다세대,1171-2,26.98,202608,19,48200,5,2017,,중개거래,5905.813083765753,27.0,gangnam,강남구
11680,역삼동,,강남아트빌리지,연립,792-50,71.03,202608,11,83500,3,1995,,중개거래,3886.147367309588,71.0,gangnam,강남구
11680,역삼동,,스타힐스,다세대,781-35,13.6,202608,18,31500,3,2012,,직거래,7656.781433823529,14.0,gangnam,강남구
11680,역삼동,,ivillage,다세대,777-44,41.34,202608,14,45000,3,2001,,중개거래,3598.459724238026,41.0,gangnam,강남구
11680,도곡동,,가동,다세대,193-12,22.31,202608,11,33500,5,2015,,중개거래,4963.863626176602,22.0,gangnam,강남구
11680,대치동,,우현,다세대,953-25,61.47,202608,18,95000,2,2003,,중개거래,5108.989344395641,61.0,gangnam,강남구
11680,대치동,,우현,다세대,953-25,72.45,202608,18,112000,4,2003,,중개거래,5110.392270531402,72.0,gangnam,강남구
11680,개포동,,장원빌라,다세대,166-3,45.5,202608,1,80000,5,2003,,중개거래,5812.369230769231,46.0,gangnam,강남구
11680,개포동,,로얄팰리체2차A동,다세대,1226-8,52.11,202608,15,88000,3,2019,,중개거래,5582.596046824026,52.0,gangnam,강남구
11680,논현동,,리안빌리지,다세대,197-9,31.14,202608,13,36000,1,2013,,중개거래,3821.7167630057806,31.0,gangnam,강남구
11680,개포동,,아무르하우스,다세대,1231-8,49.62,202608,13,88000,4,2015,,중개거래,5862.7384119306735,50.0,gangnam,강남구
11680,일원동,,다세대주택,다세대,623-6,49.23,202608,4,36000,1,1986,,직거래,2417.393053016454,49.0,gangnam,강남구
11680,논현동,,서진플로렌스154,다세대,154-1,12.48,202608,13,36000,3,2013,,중개거래,9535.91826923077,12.0,gangnam,강남구
11680,논현동,,우림빌,다세대,182-6,14.06,202608,12,16300,4,2014,,중개거래,3832.453449502134,14.0,gangnam,강남구
11680,개포동,,벽산빌라,다세대,1210-6,164.99,202608,11,184000,1,1996,,중개거래,3686.6745863385663,165.0,gangnam,강남구
11680,대치동,,우현,다세대,953-25,72.94,202608,10,113500,4,2003,,중개거래,5144.044385796546,73.0,gangnam,강남구
11680,역삼동,,Gonggan1st,다세대,697,16.53,202608,7,25000,2,2016,,중개거래,4999.674833635814,17.0,gangnam,강남구
11680,개포동,,금광,다세대,1261-8,55.37,202608,8,78500,4,1992,,중개거래,4686.727876106195,55.0,gangnam,강남구
11680,논현동,,서진플로렌스190,다세대,190-1,27.41,202608,9,40700,4,2018,,중개거래,4908.626395476103,27.0,gangnam,강남구
11680,논현동,,PAVILLON 188,다세대,188-10,25.57,202608,9,55000,3,2022,,중개거래,7110.6052014079,26.0,gangnam,강남구
11680,개포동,,뉴아트빌라,다세대,1176-4,65.82,202608,9,96000,4,2000,,중개거래,4821.564266180492,66.0,gangnam,강남구
11680,대치동,,우현,다세대,953-25,61.47,202608,6,93900,2,2003,,중개거래,5049.83262567106,61.0,gangnam,강남구
11680,대치동,,우현,다세대,953-25,75.27,202608,6,100000,5,2003,,중개거래,4391.902484389531,75.0,gangnam,강남구
11680,삼성동,,힐스테이7,다세대,34-12,29.5,202608,1,54500,2,2016,,중개거래,6107.297711864407,30.0,gangnam,강남구
11680,논현동,,동광팰리스,다세대,104-5,23.15,202608,2,42000,3,2016,,직거래,5997.536501079914,23.0,gangnam,강남구
11680,논현동,,174-4,다세대,174-4,23.1775,202608,5,62000,3,2016,,중개거래,8843.001617948443,23.0,gangnam,강남구
11680,논현동,,(107-50),다세대,107-50,24.64,202608,2,27000,3,2018,,중개거래,3622.410511363637,25.0,gangnam,강남구
11680,논현동,,KEAHOUSE,다세대,219-35,19.85,202608,3,34700,5,2022,,직거래,5778.878564231738,20.0,gangnam,강남구
11680,개포동,,아트빌라,다세대,1210-2,43.92,202608,1,77000,2,1990,,중개거래,5795.6613160291445,44.0,gangnam,강남구
11680,도곡동,,주택B동,연립,415-4,69.96,202609,5,139000,3,1988,,중개거래,6568.097698684964,70.0,gangnam,강남구
11680,대치동,,노블323,다세대,901-50,29.97,202609,22,70000,3,2016,,중개거래,7721.21955288622,30.0,gangnam,강남구
11680,논현동,,아이리스논현,다세대,270-35,30.39,202609,30,47000,5,2017,,중개거래,5112.59937479434,30.0,gangnam,강남구
11680,개포동,,개포라온채,연립,1165-4,48.856,202609,11,116000,6,2026,,직거래,7849.006467987556,49.0,gangnam,강남구
11680,개포동,,허브빌,다세대,1255-4,69.52,202609,7,52256,5,2003,,직거래,2484.8547318757196,70.0,gangnam,강남구
11680,역삼동,,스타힐스,다세대,781-35,14.28,202609,17,36500,4,2012,,중개거래,8449.660539215687,14.0,gangnam,강남구
11680,대치동,,(913-24),다세대,913-24,29.81,202609,17,42500,2,2016,,중개거래,4713.04469976518,30.0,gangnam,강남구
11680,역삼동,,IT타워,다세대,691,31.03,202609,30,23500,3,2004,,직거래,2503.575491459878,31.0,gangnam,강남구
11680,일원동,,(637-0),다세대,637,82.84,202609,30,142000,3,2006,,중개거래,5666.603935296958,83.0,gangnam,강남구
11680,역삼동,,아이리스,다세대,778-11,19.2,202609,12,35000,4,2010,,중개거래,6026.170572916667,19.0,gangnam,강남구
11680,논현동,,플로빌,다세대,155-1,26.38,202609,30,33500,1,2003,,중개거래,4198.02113343442,26.0,gangnam,강남구
11680,개포동,,푸른빌,다세대,1234-7,43.22,202609,19,75000,3,2015,,중개거래,5736.554257288293,43.0,gangnam,강남구
11680,논현동,,공간3차,다세대,270-2,22.61,202609,18,39500,2,2016,,중개거래,5775.254643962849,23.0,gangnam,강남구
11680,역삼동,,꿈꾸지오(697-23),다세대,697-23,26.13,202609,8,39000,3,2016,,중개거래,4934.007462686567,26.0,gangnam,강남구
11680,역삼동,,리빙하이츠,다세대,664-17,58.32,202609,10,70600,2,2002,,중개거래,4001.859070644719,58.0,gangnam,강남구
11680,대치동,,노블323,다세대,901-50,27.42,202609,21,64500,3,2016,,중개거래,7776.190098468271,27.0,gangnam,강남구
11680,역삼동,,꿈꾸지오(698-6),다세대,698-6,27.77,202609,10,38500,4,2017,,중개거래,4583.101278357941,28.0,gangnam,강남구
11680,논현동,,GEOville,다세대,167-14,15.44,202609,20,19000,5,2013,,직거래,4067.9996761658035,15.0,gangnam,강남구
11680,개포동,,상현새티스빌,다세대,1233-19,58.45,202609,5,83000,3,2002,,중개거래,4694.271257485029,58.0,gangnam,강남구
11680,개포동,,청광아트빌라,다세대,1182-2,46.54,202609,21,65000,2,1996,,중개거래,4617.018156424581,47.0,gangnam,강남구
11680,논현동,,거산빌라,다세대,16-34,31.84,202609,19,29700,2,1995,,중개거래,3083.599701633166,32.0,gangnam,강남구
11680,일원동,,(628-7),다세대,628-7,49.47,202609,5,100000,3,2004,,중개거래,6682.40347685466,49.0,gangnam,강남구
11680,일원동,,(628-7),다세대,628-7,49.47,202609,5,98000,3,2004,,중개거래,6548.755407317567,49.0,gangnam,강남구
11680,일원동,,인하우스,다세대,685-12,29.18,202609,12,95000,4,2022,,중개거래,10762.494002741605,29.0,gangnam,강남구
11680,역삼동,,역삼다산빌라,다세대,780-46,29.12,202609,17,55000,3,2016,,중개거래,6243.756009615385,29.0,gangnam,강남구
11680,역삼동,,역삼힐스102동,다세대,639,36.36,202609,20,70500,4,2019,,중개거래,6409.731641914193,36.0,gangnam,강남구
11680,역삼동,,모던클레식하우스,다세대,796-15,33.6,202609,18,60000,6,2017,,중개거래,5903.1875,34.0,gangnam,강남구
11680,역삼동,,(685-12),다세대,685-12,28.22,202609,2,39500,4,2017,,중개거래,4627.161853295535,28.0,gangnam,강남구
11680,논현동,,동광팰리스B동,다세대,230-11,26.85,202609,8,37700,4,2016,,중개거래,4641.642253258845,27.0,gangnam,강남구
11680,청담동,,청담스테이,다세대,38,26.76,202609,17,50000,4,2018,,직거래,6176.7283258594925,27.0,gangnam,강남구
11680,논현동,,동광팰리스B동,다세대,230-11,25.81,202609,3,37900,2,2016,,중개거래,4854.291030608291,26.0,gangnam,강남구
11680,대치동,,스톤빌리지대치2차,다세대,934-8,32.22,202609,9,63000,5,2018,,중개거래,6463.825418994415,32.0,gangnam,강남구
11680,역삼동,,(728-48),다세대,728-48,26.41,202609,15,39500,3,2018,,중개거래,4944.282752745173,26.0,gangnam,강남구
11680,대치동,,한티아트빌,다세대,966-3,79.98,202609,15,118500,1,2004,,중개거래,4897.91851087772,80.0,gangnam,강남구
11680,논현동,,(154-16),다세대,154-16,21.25,202609,14,42000,2,2016,,직거래,6533.786823529413,21.0,gangnam,강남구
11680,일원동,,인하우스,다세대,685-12,26.19,202609,10,89000,4,2022,,중개거래,11233.862733867889,26.0,gangnam,강남구
11680,일원동,,더큐브,다세대,638-6,21.12,202609,9,85000,4,2021,,중개거래,13304.532433712122,21.0,gangnam,강남구
11680,삼성동,,진빌리지,다세대,115-34,22.54,202609,1,32500,4,2015,,중개거래,4766.548913043479,23.0,gangnam,강남구
11680,대치동,,공간아트빌,다세대,928-5,56.69,202609,5,79500,3,2000,,중개거래,4635.912991709297,57.0,gangnam,강남구
11680,일원동,,(632-6),다세대,632-6,26.37,202609,5,95000,3,2021,,중개거래,11909.350587789155,26.0,gangnam,강남구
11680,개포동,,운영빌라,다세대,1180-9,44.28,202609,10,59700,1,1995,,중개거래,4456.986551490515,44.0,gangnam,강남구
11680,역삼동,,샹제리제빌,연립,775-21,63.96,202609,10,83000,5,2002,,중개거래,4289.871091307067,64.0,gangnam,강남구
11680,대치동,,스톤빌리지,다세대,934-2,21.14,202609,10,41000,3,2016,,중개거래,6411.408940397351,21.0,gangnam,강남구
11680,논현동,,토미빌(228-4),연립,228-4,145.68,202609,9,180000,3,2003,,중개거래,4084.5778418451405,146.0,gangnam,강남구
11680,개포동,,퓨전빌라,연립,1239-14,67.31,202609,7,61920,2,2002,,직거래,3041.066813252117,67.0,gangnam,강남구
11680,역삼동,,은탑센츄럴빌,연립,619-8,63.53,202609,7,79300,4,1997,,중개거래,4126.377309932315,64.0,gangnam,강남구
11680,논현동,,성암빌딩,다세대,37-10,55.73,202609,8,45000,4,2002,,중개거래,2669.3042347030328,56.0,gangnam,강남구
11680,역삼동,,쉐누빌,다세대,780-35,40.9,202609,6,69000,2,2018,,중개거래,5576.996699266504,41.0,gangnam,강남구
11680,역삼동,,역삼위너스하임 나동,다세대,655-15,29.53,202609,2,43300,2,2017,,중개거래,4847.29056891297,30.0,gangnam,강남구
11680,개포동,,삼성파크뷰,다세대,1257-9,71.54,202610,1,85000,5,2001,,중개거래,3927.756849315068,72.0,gangnam,강남구
11680,대치동,,노블323,다세대,901-50,27.42,202610,2,64700,2,2016,,중개거래,7800.302315827862,27.0,gangnam,강남구
11680,논현동,,꿈꾸지오(268-9),다세대,268-9,23.99,202610,2,37000,2,2017,,중개거래,5098.542934556065,24.0,gangnam,강남구
11680,논현동,,(219-20),다세대,219-20,22.29,202610,3,26100,2,2018,,중개거래,3870.8384253028266,22.0,gangnam,강남구
11680,역삼동,,모던클레식하우스,다세대,796-15,34.38,202610,1,55000,3,2017,,중개거래,5288.4867655613725,34.0,gangnam,강남구
11680,논현동,,꿈꾸지오(268-9),다세대,268-9,24.04,202610,2,35000,3,2017,,중개거래,4812.91493344426,24.0,gangnam,강남구
11680,대치동,,LaTERRASSE1,다세대,934-18,28.78,202610,3,52000,3,2016,,중개거래,5972.926337734539,29.0,gangnam,강남구
