hs,name,cnty,m,m_ly,m_prev,yoy,q3,q3_ly,q3_yoy,q3_diff,share_q3,item_q3_yoy
121120,인삼,가나,0.0,0.0,0.0,,0.0,0.0,,0.0,0.0,21.6
121120,인삼,감비아,0.0,0.0,2.0,,2.0,0.0,,2.0,0.0,21.6
121120,인삼,괌,0.0,0.0,0.0,,0.0,0.0,,0.0,0.0,21.6
121120,인삼,그리스,0.0,0.0,0.0,,0.0,0.0,,0.0,0.0,21.6
121120,인삼,나이지리아,0.0,1.0,0.0,-100.0,2.0,4.0,-50.0,-2.0,0.0,21.6
121120,인삼,남아프리카공화국,0.0,0.0,0.0,,0.0,0.0,,0.0,0.0,21.6
121120,인삼,네덜란드,0.0,12.0,0.0,-100.0,0.0,12.0,-100.0,-12.0,0.0,21.6
121120,인삼,뉴질랜드,0.0,0.0,0.0,,0.0,1.0,-100.0,-1.0,0.0,21.6
121120,인삼,대만,134.0,693.0,792.0,-80.7,1102.0,1430.0,-22.9,-328.0,6.9,21.6
121120,인삼,독일,0.0,0.0,0.0,,0.0,0.0,,0.0,0.0,21.6
121120,인삼,러시아 연방,0.0,0.0,0.0,,0.0,0.0,,0.0,0.0,21.6
121120,인삼,레바논,0.0,0.0,0.0,,0.0,0.0,,0.0,0.0,21.6
121120,인삼,루마니아,0.0,0.0,0.0,,0.0,0.0,,0.0,0.0,21.6
121120,인삼,마카오,0.0,11.0,5.0,-100.0,5.0,22.0,-77.3,-17.0,0.0,21.6
121120,인삼,말레이시아,0.0,1.0,0.0,-100.0,0.0,370.0,-100.0,-370.0,0.0,21.6
121120,인삼,몰타,0.0,0.0,0.0,,0.0,0.0,,0.0,0.0,21.6
121120,인삼,몽골,0.0,1.0,0.0,-100.0,0.0,1.0,-100.0,-1.0,0.0,21.6
121120,인삼,미국,57.0,81.0,86.0,-29.6,395.0,262.0,50.8,133.0,2.5,21.6
121120,인삼,미얀마,0.0,0.0,0.0,,0.0,0.0,,0.0,0.0,21.6
121120,인삼,베트남,123.0,182.0,187.0,-32.4,554.0,348.0,59.2,206.0,3.5,21.6
121120,인삼,벨기에,0.0,0.0,0.0,,0.0,118.0,-100.0,-118.0,0.0,21.6
121120,인삼,사우디아라비아,0.0,0.0,0.0,,0.0,0.0,,0.0,0.0,21.6
121120,인삼,스리랑카,0.0,0.0,0.0,,0.0,0.0,,0.0,0.0,21.6
121120,인삼,스위스,0.0,0.0,0.0,,0.0,2.0,-100.0,-2.0,0.0,21.6
121120,인삼,스페인,61.0,0.0,0.0,,112.0,77.0,45.5,35.0,0.7,21.6
121120,인삼,슬로바키아,0.0,0.0,0.0,,0.0,14.0,-100.0,-14.0,0.0,21.6
121120,인삼,싱가포르,16.0,1.0,0.0,1500.0,17.0,71.0,-76.1,-54.0,0.1,21.6
121120,인삼,아랍에미리트 연합,0.0,0.0,12.0,,12.0,0.0,,12.0,0.1,21.6
121120,인삼,아이슬란드,0.0,0.0,0.0,,0.0,0.0,,0.0,0.0,21.6
121120,인삼,아제르바이잔,0.0,0.0,1.0,,1.0,0.0,,1.0,0.0,21.6
121120,인삼,에쿠아도르,0.0,0.0,0.0,,0.0,0.0,,0.0,0.0,21.6
121120,인삼,영국,19.0,0.0,19.0,,58.0,2.0,2800.0,56.0,0.4,21.6
121120,인삼,우즈베키스탄,0.0,0.0,0.0,,0.0,0.0,,0.0,0.0,21.6
121120,인삼,이스라엘,0.0,0.0,0.0,,0.0,0.0,,0.0,0.0,21.6
121120,인삼,이집트,0.0,0.0,0.0,,0.0,0.0,,0.0,0.0,21.6
121120,인삼,이탈리아,0.0,0.0,0.0,,0.0,0.0,,0.0,0.0,21.6
121120,인삼,인도,0.0,51.0,1.0,-100.0,1.0,101.0,-99.0,-100.0,0.0,21.6
121120,인삼,일본,641.0,82.0,2.0,681.7,645.0,217.0,197.2,428.0,4.1,21.6
121120,인삼,중국,3713.0,1221.0,2314.0,204.1,9241.0,7123.0,29.7,2118.0,58.2,21.6
121120,인삼,체코공화국,0.0,0.0,0.0,,0.0,0.0,,0.0,0.0,21.6
121120,인삼,칠레,0.0,0.0,0.0,,25.0,0.0,,25.0,0.2,21.6
121120,인삼,카자흐스탄,0.0,0.0,0.0,,0.0,0.0,,0.0,0.0,21.6
121120,인삼,캄보디아,0.0,0.0,0.0,,0.0,0.0,,0.0,0.0,21.6
121120,인삼,캐나다,112.0,45.0,50.0,148.9,186.0,97.0,91.8,89.0,1.2,21.6
121120,인삼,코트디봐르,0.0,0.0,0.0,,0.0,0.0,,0.0,0.0,21.6
121120,인삼,쿠웨이트,0.0,0.0,0.0,,3.0,0.0,,3.0,0.0,21.6
121120,인삼,키르기스스탄,0.0,0.0,0.0,,0.0,0.0,,0.0,0.0,21.6
121120,인삼,태국,0.0,6.0,0.0,-100.0,9.0,6.0,50.0,3.0,0.1,21.6
121120,인삼,토고,0.0,0.0,0.0,,0.0,0.0,,0.0,0.0,21.6
121120,인삼,튀르키예,0.0,0.0,39.0,,39.0,0.0,,39.0,0.2,21.6
121120,인삼,파키스탄,0.0,0.0,0.0,,0.0,5.0,-100.0,-5.0,0.0,21.6
121120,인삼,포루투갈,0.0,0.0,0.0,,0.0,3.0,-100.0,-3.0,0.0,21.6
121120,인삼,프랑스,0.0,0.0,0.0,,7.0,8.0,-12.5,-1.0,0.0,21.6
121120,인삼,필리핀,0.0,0.0,0.0,,0.0,0.0,,0.0,0.0,21.6
121120,인삼,헝가리,0.0,1.0,0.0,-100.0,0.0,1.0,-100.0,-1.0,0.0,21.6
121120,인삼,호주,0.0,14.0,13.0,-100.0,110.0,69.0,59.4,41.0,0.7,21.6
121120,인삼,홍콩,1944.0,940.0,404.0,106.8,3359.0,2696.0,24.6,663.0,21.1,21.6
121221,김 등 식용 해조류,가나,0.0,0.0,0.0,,0.0,2.0,-100.0,-2.0,0.0,-12.0
121221,김 등 식용 해조류,과테말라,0.0,0.0,0.0,,2.0,0.0,,2.0,0.0,-12.0
121221,김 등 식용 해조류,괌,1.0,0.0,0.0,,4.0,3.0,33.3,1.0,0.0,-12.0
121221,김 등 식용 해조류,기타국,0.0,0.0,0.0,,0.0,0.0,,0.0,0.0,-12.0
121221,김 등 식용 해조류,나이지리아,0.0,2.0,0.0,-100.0,0.0,6.0,-100.0,-6.0,0.0,-12.0
121221,김 등 식용 해조류,남아프리카공화국,2.0,0.0,0.0,,2.0,6.0,-66.7,-4.0,0.0,-12.0
121221,김 등 식용 해조류,네덜란드,71.0,95.0,129.0,-25.3,264.0,235.0,12.3,29.0,0.2,-12.0
121221,김 등 식용 해조류,네팔,0.0,0.0,0.0,,0.0,0.0,,0.0,0.0,-12.0
121221,김 등 식용 해조류,노르웨이,0.0,4.0,0.0,-100.0,3.0,12.0,-75.0,-9.0,0.0,-12.0
121221,김 등 식용 해조류,뉴 칼레도니아,0.0,0.0,0.0,,0.0,0.0,,0.0,0.0,-12.0
121221,김 등 식용 해조류,뉴질랜드,13.0,9.0,42.0,44.4,73.0,51.0,43.1,22.0,0.1,-12.0
121221,김 등 식용 해조류,니카라과,0.0,0.0,0.0,,0.0,0.0,,0.0,0.0,-12.0
121221,김 등 식용 해조류,대만,423.0,1563.0,1350.0,-72.9,8517.0,6471.0,31.6,2046.0,5.8,-12.0
121221,김 등 식용 해조류,덴마크,0.0,0.0,0.0,,0.0,0.0,,0.0,0.0,-12.0
121221,김 등 식용 해조류,도미니카 공화국,0.0,0.0,0.0,,0.0,0.0,,0.0,0.0,-12.0
121221,김 등 식용 해조류,독일,9.0,1.0,4.0,800.0,17.0,15.0,13.3,2.0,0.0,-12.0
121221,김 등 식용 해조류,라오스,1.0,4.0,5.0,-75.0,6.0,8.0,-25.0,-2.0,0.0,-12.0
121221,김 등 식용 해조류,라트비아,0.0,0.0,0.0,,0.0,0.0,,0.0,0.0,-12.0
121221,김 등 식용 해조류,러시아 연방,5403.0,7926.0,6806.0,-31.8,25682.0,19405.0,32.3,6277.0,17.6,-12.0
121221,김 등 식용 해조류,루마니아,0.0,0.0,0.0,,1.0,0.0,,1.0,0.0,-12.0
121221,김 등 식용 해조류,리비아,0.0,0.0,0.0,,0.0,0.0,,0.0,0.0,-12.0
121221,김 등 식용 해조류,리투아니아,414.0,0.0,40.0,,454.0,471.0,-3.6,-17.0,0.3,-12.0
121221,김 등 식용 해조류,마다카스카르,0.0,0.0,0.0,,0.0,0.0,,0.0,0.0,-12.0
121221,김 등 식용 해조류,마샬군도,0.0,0.0,0.0,,0.0,0.0,,0.0,0.0,-12.0
121221,김 등 식용 해조류,마이크로네시아,0.0,0.0,0.0,,0.0,0.0,,0.0,0.0,-12.0
121221,김 등 식용 해조류,마카오,0.0,0.0,0.0,,0.0,0.0,,0.0,0.0,-12.0
121221,김 등 식용 해조류,말레이시아,3.0,3.0,8.0,0.0,26.0,96.0,-72.9,-70.0,0.0,-12.0
121221,김 등 식용 해조류,멕시코,235.0,0.0,300.0,,1363.0,647.0,110.7,716.0,0.9,-12.0
121221,김 등 식용 해조류,모로코,0.0,0.0,0.0,,0.0,0.0,,0.0,0.0,-12.0
121221,김 등 식용 해조류,모리셔스,0.0,0.0,0.0,,0.0,0.0,,0.0,0.0,-12.0
121221,김 등 식용 해조류,모잠비크,0.0,0.0,0.0,,0.0,0.0,,0.0,0.0,-12.0
121221,김 등 식용 해조류,몰타,0.0,0.0,0.0,,0.0,0.0,,0.0,0.0,-12.0
121221,김 등 식용 해조류,몽골,206.0,70.0,20.0,194.3,598.0,312.0,91.7,286.0,0.4,-12.0
121221,김 등 식용 해조류,미국,2042.0,743.0,2218.0,174.8,6812.0,5655.0,20.5,1157.0,4.7,-12.0
121221,김 등 식용 해조류,미얀마,0.0,0.0,0.0,,0.0,4.0,-100.0,-4.0,0.0,-12.0
121221,김 등 식용 해조류,바누아투,0.0,0.0,0.0,,0.0,0.0,,0.0,0.0,-12.0
121221,김 등 식용 해조류,바레인,0.0,0.0,0.0,,0.0,4.0,-100.0,-4.0,0.0,-12.0
121221,김 등 식용 해조류,방글라데시,0.0,0.0,0.0,,0.0,0.0,,0.0,0.0,-12.0
121221,김 등 식용 해조류,베네주엘라,0.0,0.0,0.0,,0.0,0.0,,0.0,0.0,-12.0
121221,김 등 식용 해조류,베트남,2303.0,1176.0,2446.0,95.8,7299.0,5239.0,39.3,2060.0,5.0,-12.0
121221,김 등 식용 해조류,벨기에,0.0,0.0,0.0,,0.0,0.0,,0.0,0.0,-12.0
121221,김 등 식용 해조류,벨라루스,0.0,0.0,0.0,,0.0,377.0,-100.0,-377.0,0.0,-12.0
121221,김 등 식용 해조류,볼리비아,0.0,0.0,0.0,,0.0,0.0,,0.0,0.0,-12.0
121221,김 등 식용 해조류,부탄,0.0,0.0,0.0,,1.0,0.0,,1.0,0.0,-12.0
121221,김 등 식용 해조류,북마리아나 군도,0.0,0.0,0.0,,1.0,0.0,,1.0,0.0,-12.0
121221,김 등 식용 해조류,불가리아,0.0,0.0,0.0,,0.0,0.0,,0.0,0.0,-12.0
121221,김 등 식용 해조류,불령 폴리네시아,0.0,0.0,0.0,,0.0,0.0,,0.0,0.0,-12.0
121221,김 등 식용 해조류,브라질,0.0,5.0,0.0,-100.0,294.0,287.0,2.4,7.0,0.2,-12.0
121221,김 등 식용 해조류,브루나이,0.0,0.0,1.0,,1.0,1.0,0.0,0.0,0.0,-12.0
121221,김 등 식용 해조류,사모아,0.0,0.0,0.0,,0.0,0.0,,0.0,0.0,-12.0
121221,김 등 식용 해조류,사우디아라비아,11.0,4.0,0.0,175.0,11.0,8.0,37.5,3.0,0.0,-12.0
121221,김 등 식용 해조류,사이프러스,0.0,0.0,0.0,,0.0,0.0,,0.0,0.0,-12.0
121221,김 등 식용 해조류,세르비아,0.0,3.0,0.0,-100.0,0.0,3.0,-100.0,-3.0,0.0,-12.0
121221,김 등 식용 해조류,스리랑카,0.0,0.0,0.0,,0.0,0.0,,0.0,0.0,-12.0
121221,김 등 식용 해조류,스웨덴,0.0,0.0,1.0,,1.0,0.0,,1.0,0.0,-12.0
121221,김 등 식용 해조류,스위스,1.0,0.0,0.0,,1.0,0.0,,1.0,0.0,-12.0
121221,김 등 식용 해조류,스페인,0.0,0.0,0.0,,0.0,3.0,-100.0,-3.0,0.0,-12.0
121221,김 등 식용 해조류,슬로바키아,0.0,0.0,0.0,,0.0,0.0,,0.0,0.0,-12.0
121221,김 등 식용 해조류,싱가포르,26.0,649.0,7.0,-96.0,1826.0,670.0,172.5,1156.0,1.3,-12.0
121221,김 등 식용 해조류,아랍에미리트 연합,7.0,3.0,1.0,133.3,10.0,7.0,42.9,3.0,0.0,-12.0
121221,김 등 식용 해조류,아르헨티나,0.0,0.0,0.0,,0.0,2.0,-100.0,-2.0,0.0,-12.0
121221,김 등 식용 해조류,아메리칸 사모아,0.0,0.0,0.0,,0.0,0.0,,0.0,0.0,-12.0
121221,김 등 식용 해조류,아이슬란드,0.0,0.0,0.0,,0.0,0.0,,0.0,0.0,-12.0
121221,김 등 식용 해조류,아일랜드,0.0,0.0,0.0,,0.0,0.0,,0.0,0.0,-12.0
121221,김 등 식용 해조류,아제르바이잔,0.0,0.0,14.0,,31.0,166.0,-81.3,-135.0,0.0,-12.0
121221,김 등 식용 해조류,알제리,0.0,0.0,0.0,,0.0,0.0,,0.0,0.0,-12.0
121221,김 등 식용 해조류,에스토니아,0.0,0.0,0.0,,0.0,0.0,,0.0,0.0,-12.0
121221,김 등 식용 해조류,영국,58.0,58.0,57.0,0.0,169.0,77.0,119.5,92.0,0.1,-12.0
121221,김 등 식용 해조류,오만,0.0,0.0,0.0,,0.0,0.0,,0.0,0.0,-12.0
121221,김 등 식용 해조류,오스트리아,0.0,1.0,2.0,-100.0,3.0,6.0,-50.0,-3.0,0.0,-12.0
121221,김 등 식용 해조류,요르단,0.0,0.0,0.0,,0.0,0.0,,0.0,0.0,-12.0
121221,김 등 식용 해조류,우간다,0.0,0.0,0.0,,0.0,0.0,,0.0,0.0,-12.0
121221,김 등 식용 해조류,우루과이,0.0,0.0,0.0,,0.0,0.0,,0.0,0.0,-12.0
121221,김 등 식용 해조류,우즈베키스탄,0.0,3.0,0.0,-100.0,0.0,4.0,-100.0,-4.0,0.0,-12.0
121221,김 등 식용 해조류,우크라이나,1.0,0.0,1.0,,2.0,164.0,-98.8,-162.0,0.0,-12.0
121221,김 등 식용 해조류,이라크,0.0,7.0,20.0,-100.0,30.0,8.0,275.0,22.0,0.0,-12.0
121221,김 등 식용 해조류,이스라엘,3.0,22.0,19.0,-86.4,22.0,22.0,0.0,0.0,0.0,-12.0
121221,김 등 식용 해조류,이집트,0.0,0.0,0.0,,0.0,0.0,,0.0,0.0,-12.0
121221,김 등 식용 해조류,이탈리아,5.0,0.0,0.0,,5.0,2.0,150.0,3.0,0.0,-12.0
121221,김 등 식용 해조류,인도,1.0,8.0,0.0,-87.5,1.0,8.0,-87.5,-7.0,0.0,-12.0
121221,김 등 식용 해조류,인도네시아,3019.0,1748.0,1276.0,72.7,5457.0,4644.0,17.5,813.0,3.7,-12.0
121221,김 등 식용 해조류,일본,12855.0,20158.0,17916.0,-36.2,62447.0,84222.0,-25.9,-21775.0,42.8,-12.0
121221,김 등 식용 해조류,중국,5084.0,4611.0,1806.0,10.3,11118.0,15099.0,-26.4,-3981.0,7.6,-12.0
121221,김 등 식용 해조류,체코공화국,0.0,0.0,0.0,,0.0,1.0,-100.0,-1.0,0.0,-12.0
121221,김 등 식용 해조류,칠레,1.0,0.0,2.0,,5.0,0.0,,5.0,0.0,-12.0
121221,김 등 식용 해조류,카자흐스탄,0.0,0.0,328.0,,328.0,345.0,-4.9,-17.0,0.2,-12.0
121221,김 등 식용 해조류,카타르,0.0,0.0,0.0,,0.0,7.0,-100.0,-7.0,0.0,-12.0
121221,김 등 식용 해조류,캄보디아,6.0,1.0,8.0,500.0,30.0,10.0,200.0,20.0,0.0,-12.0
121221,김 등 식용 해조류,캐나다,155.0,133.0,73.0,16.5,368.0,390.0,-5.6,-22.0,0.3,-12.0
121221,김 등 식용 해조류,케냐,0.0,0.0,0.0,,2.0,2.0,0.0,0.0,0.0,-12.0
121221,김 등 식용 해조류,코스타리카,0.0,1.0,0.0,-100.0,0.0,5.0,-100.0,-5.0,0.0,-12.0
121221,김 등 식용 해조류,콜롬비아,288.0,22.0,120.0,1209.1,437.0,186.0,134.9,251.0,0.3,-12.0
121221,김 등 식용 해조류,쿠웨이트,0.0,0.0,2.0,,4.0,0.0,,4.0,0.0,-12.0
121221,김 등 식용 해조류,키르기스스탄,0.0,0.0,0.0,,0.0,0.0,,0.0,0.0,-12.0
121221,김 등 식용 해조류,키리바티,0.0,0.0,0.0,,2.0,0.0,,2.0,0.0,-12.0
121221,김 등 식용 해조류,탄자니아,0.0,0.0,0.0,,0.0,0.0,,0.0,0.0,-12.0
121221,김 등 식용 해조류,태국,2699.0,3327.0,1873.0,-18.9,9995.0,19401.0,-48.5,-9406.0,6.8,-12.0
121221,김 등 식용 해조류,튀르키예,353.0,139.0,242.0,154.0,595.0,257.0,131.5,338.0,0.4,-12.0
121221,김 등 식용 해조류,트리니다드 토바고,0.0,0.0,3.0,,3.0,0.0,,3.0,0.0,-12.0
121221,김 등 식용 해조류,파나마,9.0,0.0,0.0,,9.0,0.0,,9.0,0.0,-12.0
121221,김 등 식용 해조류,파라과이,1.0,0.0,0.0,,2.0,0.0,,2.0,0.0,-12.0
121221,김 등 식용 해조류,팔라우,0.0,0.0,0.0,,0.0,0.0,,0.0,0.0,-12.0
121221,김 등 식용 해조류,페루,0.0,0.0,0.0,,0.0,0.0,,0.0,0.0,-12.0
121221,김 등 식용 해조류,폴란드,150.0,0.0,19.0,,169.0,110.0,53.6,59.0,0.1,-12.0
121221,김 등 식용 해조류,프랑스,36.0,13.0,7.0,176.9,45.0,36.0,25.0,9.0,0.0,-12.0
121221,김 등 식용 해조류,핀란드,0.0,0.0,0.0,,1.0,0.0,,1.0,0.0,-12.0
121221,김 등 식용 해조류,필리핀,294.0,61.0,481.0,382.0,994.0,309.0,221.7,685.0,0.7,-12.0
121221,김 등 식용 해조류,헝가리,0.0,0.0,0.0,,0.0,1.0,-100.0,-1.0,0.0,-12.0
121221,김 등 식용 해조류,호주,74.0,58.0,84.0,27.6,262.0,241.0,8.7,21.0,0.2,-12.0
121221,김 등 식용 해조류,홍콩,59.0,26.0,44.0,126.9,118.0,78.0,51.3,40.0,0.1,-12.0
190230,라면(그 밖의 파스타),가나,86.0,37.0,46.0,132.4,174.0,78.0,123.1,96.0,0.0,26.3
190230,라면(그 밖의 파스타),가이아나,23.0,39.0,169.0,-41.0,311.0,208.0,49.5,103.0,0.1,26.3
190230,라면(그 밖의 파스타),감비아,0.0,1.0,0.0,-100.0,0.0,1.0,-100.0,-1.0,0.0,26.3
190230,라면(그 밖의 파스타),과테말라,196.0,152.0,171.0,28.9,604.0,390.0,54.9,214.0,0.1,26.3
190230,라면(그 밖의 파스타),괌,106.0,226.0,279.0,-53.1,640.0,684.0,-6.4,-44.0,0.1,26.3
190230,라면(그 밖의 파스타),그리스,0.0,0.0,0.0,,0.0,2.0,-100.0,-2.0,0.0,26.3
190230,라면(그 밖의 파스타),기니,0.0,1.0,1.0,-100.0,1.0,7.0,-85.7,-6.0,0.0,26.3
190230,라면(그 밖의 파스타),기타국,0.0,0.0,0.0,,0.0,0.0,,0.0,0.0,26.3
190230,라면(그 밖의 파스타),나미비아,0.0,0.0,0.0,,0.0,0.0,,0.0,0.0,26.3
190230,라면(그 밖의 파스타),나우루,0.0,0.0,5.0,,5.0,27.0,-81.5,-22.0,0.0,26.3
190230,라면(그 밖의 파스타),나이지리아,0.0,20.0,0.0,-100.0,13.0,48.0,-72.9,-35.0,0.0,26.3
190230,라면(그 밖의 파스타),남수단,3.0,0.0,0.0,,3.0,0.0,,3.0,0.0,26.3
190230,라면(그 밖의 파스타),남아프리카공화국,682.0,692.0,1488.0,-1.4,2643.0,1728.0,53.0,915.0,0.5,26.3
190230,라면(그 밖의 파스타),네덜란드,14051.0,6165.0,9544.0,127.9,36149.0,16933.0,113.5,19216.0,7.2,26.3
190230,라면(그 밖의 파스타),네팔,187.0,211.0,89.0,-11.4,596.0,655.0,-9.0,-59.0,0.1,26.3
190230,라면(그 밖의 파스타),노르웨이,367.0,9.0,384.0,3977.8,1262.0,223.0,465.9,1039.0,0.3,26.3
190230,라면(그 밖의 파스타),뉴 칼레도니아,0.0,0.0,0.0,,0.0,3.0,-100.0,-3.0,0.0,26.3
190230,라면(그 밖의 파스타),뉴질랜드,575.0,648.0,1030.0,-11.3,2492.0,2109.0,18.2,383.0,0.5,26.3
190230,라면(그 밖의 파스타),니카라과,0.0,0.0,8.0,,8.0,9.0,-11.1,-1.0,0.0,26.3
190230,라면(그 밖의 파스타),대만,3393.0,1944.0,4033.0,74.5,12131.0,8487.0,42.9,3644.0,2.4,26.3
190230,라면(그 밖의 파스타),덴마크,474.0,22.0,501.0,2054.5,2335.0,41.0,5595.1,2294.0,0.5,26.3
190230,라면(그 밖의 파스타),도미니카 공화국,101.0,2.0,69.0,4950.0,215.0,244.0,-11.9,-29.0,0.0,26.3
190230,라면(그 밖의 파스타),독일,3991.0,2246.0,3302.0,77.7,12649.0,9101.0,39.0,3548.0,2.5,26.3
190230,라면(그 밖의 파스타),라오스,533.0,469.0,892.0,13.6,1840.0,1606.0,14.6,234.0,0.4,26.3
190230,라면(그 밖의 파스타),라트비아,446.0,89.0,399.0,401.1,1113.0,177.0,528.8,936.0,0.2,26.3
190230,라면(그 밖의 파스타),러시아 연방,1774.0,3270.0,2771.0,-45.7,6128.0,11761.0,-47.9,-5633.0,1.2,26.3
190230,라면(그 밖의 파스타),레바논,619.0,90.0,275.0,587.8,1269.0,171.0,642.1,1098.0,0.3,26.3
190230,라면(그 밖의 파스타),루마니아,218.0,19.0,331.0,1047.4,1094.0,45.0,2331.1,1049.0,0.2,26.3
190230,라면(그 밖의 파스타),룩셈부르그,0.0,0.0,0.0,,0.0,0.0,,0.0,0.0,26.3
190230,라면(그 밖의 파스타),르완다,0.0,0.0,0.0,,0.0,0.0,,0.0,0.0,26.3
190230,라면(그 밖의 파스타),리비아,141.0,0.0,105.0,,291.0,182.0,59.9,109.0,0.1,26.3
190230,라면(그 밖의 파스타),리투아니아,6.0,5.0,34.0,20.0,42.0,45.0,-6.7,-3.0,0.0,26.3
190230,라면(그 밖의 파스타),마다카스카르,46.0,0.0,32.0,,78.0,0.0,,78.0,0.0,26.3
190230,라면(그 밖의 파스타),마샬군도,91.0,0.0,34.0,,133.0,77.0,72.7,56.0,0.0,26.3
190230,라면(그 밖의 파스타),마이크로네시아,22.0,19.0,227.0,15.8,388.0,268.0,44.8,120.0,0.1,26.3
190230,라면(그 밖의 파스타),마카오,6.0,2.0,11.0,200.0,24.0,5.0,380.0,19.0,0.0,26.3
190230,라면(그 밖의 파스타),말라위,0.0,0.0,0.0,,0.0,0.0,,0.0,0.0,26.3
190230,라면(그 밖의 파스타),말레이시아,4359.0,4912.0,6244.0,-11.3,15975.0,14202.0,12.5,1773.0,3.2,26.3
190230,라면(그 밖의 파스타),말리,0.0,0.0,0.0,,0.0,0.0,,0.0,0.0,26.3
190230,라면(그 밖의 파스타),멕시코,5067.0,2960.0,8563.0,71.2,19799.0,7100.0,178.9,12699.0,3.9,26.3
190230,라면(그 밖의 파스타),모로코,97.0,0.0,191.0,,397.0,90.0,341.1,307.0,0.1,26.3
190230,라면(그 밖의 파스타),모리셔스,15.0,85.0,392.0,-82.4,502.0,358.0,40.2,144.0,0.1,26.3
190230,라면(그 밖의 파스타),모잠비크,0.0,0.0,10.0,,15.0,0.0,,15.0,0.0,26.3
190230,라면(그 밖의 파스타),몰도바,0.0,41.0,0.0,-100.0,0.0,43.0,-100.0,-43.0,0.0,26.3
190230,라면(그 밖의 파스타),몰디브,119.0,0.0,228.0,,429.0,119.0,260.5,310.0,0.1,26.3
190230,라면(그 밖의 파스타),몰타,0.0,0.0,80.0,,156.0,198.0,-21.2,-42.0,0.0,26.3
190230,라면(그 밖의 파스타),몽골,1224.0,971.0,1048.0,26.1,3340.0,2681.0,24.6,659.0,0.7,26.3
190230,라면(그 밖의 파스타),미국,26981.0,21156.0,23849.0,27.5,78074.0,71028.0,9.9,7046.0,15.5,26.3
190230,라면(그 밖의 파스타),미얀마,49.0,122.0,95.0,-59.8,217.0,345.0,-37.1,-128.0,0.0,26.3
190230,라면(그 밖의 파스타),바누아투,0.0,2.0,23.0,-100.0,24.0,62.0,-61.3,-38.0,0.0,26.3
190230,라면(그 밖의 파스타),바레인,372.0,44.0,26.0,745.5,726.0,159.0,356.6,567.0,0.1,26.3
190230,라면(그 밖의 파스타),바베이도스,0.0,22.0,21.0,-100.0,21.0,22.0,-4.5,-1.0,0.0,26.3
190230,라면(그 밖의 파스타),방글라데시,533.0,119.0,471.0,347.9,1204.0,810.0,48.6,394.0,0.2,26.3
190230,라면(그 밖의 파스타),베트남,1876.0,2117.0,1845.0,-11.4,5869.0,6174.0,-4.9,-305.0,1.2,26.3
190230,라면(그 밖의 파스타),벨기에,223.0,6.0,302.0,3616.7,824.0,206.0,300.0,618.0,0.2,26.3
190230,라면(그 밖의 파스타),벨라루스,0.0,0.0,0.0,,0.0,0.0,,0.0,0.0,26.3
190230,라면(그 밖의 파스타),벨리제,0.0,0.0,0.0,,0.0,0.0,,0.0,0.0,26.3
190230,라면(그 밖의 파스타),볼리비아,8.0,4.0,108.0,100.0,190.0,140.0,35.7,50.0,0.0,26.3
190230,라면(그 밖의 파스타),부탄,484.0,265.0,449.0,82.6,1211.0,743.0,63.0,468.0,0.2,26.3
190230,라면(그 밖의 파스타),북마리아나 군도,71.0,38.0,74.0,86.8,211.0,117.0,80.3,94.0,0.0,26.3
190230,라면(그 밖의 파스타),불가리아,58.0,33.0,32.0,75.8,168.0,118.0,42.4,50.0,0.0,26.3
190230,라면(그 밖의 파스타),불령 리유니온 코모도 제도,53.0,0.0,0.0,,53.0,46.0,15.2,7.0,0.0,26.3
190230,라면(그 밖의 파스타),불령 폴리네시아,0.0,0.0,3.0,,3.0,5.0,-40.0,-2.0,0.0,26.3
190230,라면(그 밖의 파스타),브라질,122.0,78.0,542.0,56.4,889.0,321.0,176.9,568.0,0.2,26.3
190230,라면(그 밖의 파스타),브루나이,145.0,94.0,133.0,54.3,410.0,210.0,95.2,200.0,0.1,26.3
190230,라면(그 밖의 파스타),사모아,69.0,297.0,249.0,-76.8,399.0,619.0,-35.5,-220.0,0.1,26.3
190230,라면(그 밖의 파스타),사우디아라비아,846.0,993.0,1314.0,-14.8,3786.0,3997.0,-5.3,-211.0,0.8,26.3
190230,라면(그 밖의 파스타),사이프러스,0.0,0.0,118.0,,163.0,18.0,805.6,145.0,0.0,26.3
190230,라면(그 밖의 파스타),세네갈,2.0,0.0,0.0,,2.0,0.0,,2.0,0.0,26.3
190230,라면(그 밖의 파스타),세르비아,0.0,11.0,0.0,-100.0,0.0,11.0,-100.0,-11.0,0.0,26.3
190230,라면(그 밖의 파스타),세이쉘,0.0,0.0,0.0,,94.0,0.0,,94.0,0.0,26.3
190230,라면(그 밖의 파스타),솔로몬 군도,2.0,0.0,0.0,,2.0,40.0,-95.0,-38.0,0.0,26.3
190230,라면(그 밖의 파스타),수단,0.0,0.0,0.0,,7.0,0.0,,7.0,0.0,26.3
190230,라면(그 밖의 파스타),수리남,0.0,0.0,92.0,,179.0,30.0,496.7,149.0,0.0,26.3
190230,라면(그 밖의 파스타),스리랑카,279.0,162.0,606.0,72.2,1052.0,680.0,54.7,372.0,0.2,26.3
190230,라면(그 밖의 파스타),스웨덴,536.0,525.0,890.0,2.1,2152.0,1961.0,9.7,191.0,0.4,26.3
190230,라면(그 밖의 파스타),스위스,250.0,248.0,344.0,0.8,814.0,795.0,2.4,19.0,0.2,26.3
190230,라면(그 밖의 파스타),스페인,240.0,59.0,340.0,306.8,734.0,555.0,32.3,179.0,0.1,26.3
190230,라면(그 밖의 파스타),슬로바키아,0.0,0.0,0.0,,0.0,0.0,,0.0,0.0,26.3
190230,라면(그 밖의 파스타),슬로베니아,540.0,195.0,627.0,176.9,1957.0,698.0,180.4,1259.0,0.4,26.3
190230,라면(그 밖의 파스타),시에라 리온,0.0,0.0,0.0,,0.0,0.0,,0.0,0.0,26.3
190230,라면(그 밖의 파스타),싱가포르,1061.0,1095.0,1089.0,-3.1,3185.0,3104.0,2.6,81.0,0.6,26.3
190230,라면(그 밖의 파스타),아랍에미리트 연합,2383.0,1633.0,2491.0,45.9,5627.0,5956.0,-5.5,-329.0,1.1,26.3
190230,라면(그 밖의 파스타),아르헨티나,114.0,127.0,365.0,-10.2,601.0,618.0,-2.8,-17.0,0.1,26.3
190230,라면(그 밖의 파스타),아메리칸 사모아,71.0,123.0,164.0,-42.3,379.0,350.0,8.3,29.0,0.1,26.3
190230,라면(그 밖의 파스타),아이티,0.0,0.0,0.0,,0.0,0.0,,0.0,0.0,26.3
190230,라면(그 밖의 파스타),아일랜드,135.0,83.0,43.0,62.7,836.0,403.0,107.4,433.0,0.2,26.3
190230,라면(그 밖의 파스타),아제르바이잔,81.0,0.0,0.0,,113.0,0.0,,113.0,0.0,26.3
190230,라면(그 밖의 파스타),아프카니스탄,271.0,0.0,0.0,,379.0,0.0,,379.0,0.1,26.3
190230,라면(그 밖의 파스타),안도라,0.0,0.0,0.0,,0.0,0.0,,0.0,0.0,26.3
190230,라면(그 밖의 파스타),알바니아,0.0,0.0,0.0,,0.0,1.0,-100.0,-1.0,0.0,26.3
190230,라면(그 밖의 파스타),알제리,0.0,0.0,0.0,,0.0,0.0,,0.0,0.0,26.3
190230,라면(그 밖의 파스타),앙골라,0.0,0.0,0.0,,0.0,0.0,,0.0,0.0,26.3
190230,라면(그 밖의 파스타),에스토니아,0.0,0.0,0.0,,0.0,0.0,,0.0,0.0,26.3
190230,라면(그 밖의 파스타),에쿠아도르,75.0,28.0,48.0,167.9,149.0,117.0,27.4,32.0,0.0,26.3
190230,라면(그 밖의 파스타),엘살바도르,13.0,0.0,8.0,,25.0,0.0,,25.0,0.0,26.3
190230,라면(그 밖의 파스타),영국,3034.0,3793.0,3402.0,-20.0,14580.0,15321.0,-4.8,-741.0,2.9,26.3
190230,라면(그 밖의 파스타),오만,24.0,45.0,0.0,-46.7,169.0,94.0,79.8,75.0,0.0,26.3
190230,라면(그 밖의 파스타),오스트리아,55.0,170.0,58.0,-67.6,179.0,408.0,-56.1,-229.0,0.0,26.3
190230,라면(그 밖의 파스타),온두라스,30.0,0.0,0.0,,30.0,0.0,,30.0,0.0,26.3
190230,라면(그 밖의 파스타),요르단,233.0,81.0,280.0,187.7,723.0,255.0,183.5,468.0,0.1,26.3
190230,라면(그 밖의 파스타),우간다,0.0,0.0,0.0,,0.0,0.0,,0.0,0.0,26.3
190230,라면(그 밖의 파스타),우루과이,115.0,15.0,18.0,666.7,149.0,48.0,210.4,101.0,0.0,26.3
190230,라면(그 밖의 파스타),우즈베키스탄,979.0,243.0,868.0,302.9,2634.0,1145.0,130.0,1489.0,0.5,26.3
190230,라면(그 밖의 파스타),우크라이나,42.0,42.0,57.0,0.0,328.0,193.0,69.9,135.0,0.1,26.3
190230,라면(그 밖의 파스타),이라크,100.0,107.0,51.0,-6.5,155.0,306.0,-49.3,-151.0,0.0,26.3
190230,라면(그 밖의 파스타),이스라엘,220.0,164.0,94.0,34.1,560.0,431.0,29.9,129.0,0.1,26.3
190230,라면(그 밖의 파스타),이집트,133.0,0.0,15.0,,271.0,81.0,234.6,190.0,0.1,26.3
190230,라면(그 밖의 파스타),이탈리아,304.0,316.0,325.0,-3.8,857.0,1260.0,-32.0,-403.0,0.2,26.3
190230,라면(그 밖의 파스타),인도,2677.0,1839.0,2437.0,45.6,7714.0,5016.0,53.8,2698.0,1.5,26.3
190230,라면(그 밖의 파스타),인도네시아,212.0,1522.0,903.0,-86.1,3191.0,5023.0,-36.5,-1832.0,0.6,26.3
190230,라면(그 밖의 파스타),일본,4827.0,4882.0,9690.0,-1.1,20512.0,18045.0,13.7,2467.0,4.1,26.3
190230,라면(그 밖의 파스타),자마이카,54.0,24.0,0.0,125.0,103.0,24.0,329.2,79.0,0.0,26.3
190230,라면(그 밖의 파스타),잠비아,0.0,0.0,0.0,,0.0,0.0,,0.0,0.0,26.3
190230,라면(그 밖의 파스타),적도 기니,0.0,0.0,0.0,,4.0,0.0,,4.0,0.0,26.3
190230,라면(그 밖의 파스타),조지아,1.0,0.0,2.0,,17.0,1.0,1600.0,16.0,0.0,26.3
190230,라면(그 밖의 파스타),중국,50684.0,35610.0,34253.0,42.3,128769.0,103718.0,24.2,25051.0,25.6,26.3
190230,라면(그 밖의 파스타),중앙아프리카공화국,0.0,0.0,0.0,,0.0,0.0,,0.0,0.0,26.3
190230,라면(그 밖의 파스타),지부티,1.0,0.0,0.0,,17.0,0.0,,17.0,0.0,26.3
190230,라면(그 밖의 파스타),체코공화국,69.0,64.0,82.0,7.8,449.0,478.0,-6.1,-29.0,0.1,26.3
190230,라면(그 밖의 파스타),칠레,259.0,95.0,204.0,172.6,603.0,524.0,15.1,79.0,0.1,26.3
190230,라면(그 밖의 파스타),카메룬,0.0,0.0,0.0,,0.0,0.0,,0.0,0.0,26.3
190230,라면(그 밖의 파스타),카자흐스탄,1622.0,1143.0,1038.0,41.9,4090.0,4200.0,-2.6,-110.0,0.8,26.3
190230,라면(그 밖의 파스타),카타르,310.0,188.0,73.0,64.9,590.0,650.0,-9.2,-60.0,0.1,26.3
190230,라면(그 밖의 파스타),캄보디아,728.0,281.0,794.0,159.1,2370.0,1556.0,52.3,814.0,0.5,26.3
190230,라면(그 밖의 파스타),캐나다,2961.0,2457.0,4909.0,20.5,11887.0,10844.0,9.6,1043.0,2.4,26.3
190230,라면(그 밖의 파스타),케냐,15.0,24.0,15.0,-37.5,51.0,58.0,-12.1,-7.0,0.0,26.3
190230,라면(그 밖의 파스타),코스타리카,24.0,36.0,24.0,-33.3,48.0,128.0,-62.5,-80.0,0.0,26.3
190230,라면(그 밖의 파스타),코트디봐르,12.0,0.0,0.0,,12.0,0.0,,12.0,0.0,26.3
190230,라면(그 밖의 파스타),콜롬비아,93.0,3.0,97.0,3000.0,401.0,28.0,1332.1,373.0,0.1,26.3
190230,라면(그 밖의 파스타),쿠웨이트,844.0,199.0,196.0,324.1,1779.0,575.0,209.4,1204.0,0.4,26.3
190230,라면(그 밖의 파스타),크로아티아,0.0,0.0,0.0,,0.0,0.0,,0.0,0.0,26.3
190230,라면(그 밖의 파스타),키르기스스탄,391.0,174.0,448.0,124.7,1414.0,631.0,124.1,783.0,0.3,26.3
190230,라면(그 밖의 파스타),키리바티,0.0,0.0,0.0,,59.0,166.0,-64.5,-107.0,0.0,26.3
190230,라면(그 밖의 파스타),타지크,0.0,0.0,0.0,,32.0,0.0,,32.0,0.0,26.3
190230,라면(그 밖의 파스타),탄자니아,6.0,0.0,0.0,,6.0,0.0,,6.0,0.0,26.3
190230,라면(그 밖의 파스타),태국,3758.0,2121.0,4534.0,77.2,12642.0,9356.0,35.1,3286.0,2.5,26.3
190230,라면(그 밖의 파스타),토고,0.0,0.0,0.0,,0.0,0.0,,0.0,0.0,26.3
190230,라면(그 밖의 파스타),통가,13.0,0.0,0.0,,24.0,20.0,20.0,4.0,0.0,26.3
190230,라면(그 밖의 파스타),투르크멘,0.0,0.0,0.0,,0.0,0.0,,0.0,0.0,26.3
190230,라면(그 밖의 파스타),투발루,0.0,0.0,0.0,,0.0,26.0,-100.0,-26.0,0.0,26.3
190230,라면(그 밖의 파스타),튀니지,0.0,2.0,0.0,-100.0,1.0,47.0,-97.9,-46.0,0.0,26.3
190230,라면(그 밖의 파스타),튀르키예,140.0,10.0,87.0,1300.0,324.0,68.0,376.5,256.0,0.1,26.3
190230,라면(그 밖의 파스타),트리니다드 토바고,0.0,288.0,253.0,-100.0,286.0,320.0,-10.6,-34.0,0.1,26.3
190230,라면(그 밖의 파스타),티모르,0.0,21.0,0.0,-100.0,9.0,21.0,-57.1,-12.0,0.0,26.3
190230,라면(그 밖의 파스타),파나마,30.0,7.0,32.0,328.6,72.0,11.0,554.5,61.0,0.0,26.3
190230,라면(그 밖의 파스타),파라과이,14.0,34.0,68.0,-58.8,107.0,75.0,42.7,32.0,0.0,26.3
190230,라면(그 밖의 파스타),파키스탄,162.0,298.0,144.0,-45.6,593.0,434.0,36.6,159.0,0.1,26.3
190230,라면(그 밖의 파스타),파푸아 뉴기니,15.0,0.0,0.0,,43.0,29.0,48.3,14.0,0.0,26.3
190230,라면(그 밖의 파스타),팔라우,0.0,7.0,12.0,-100.0,28.0,31.0,-9.7,-3.0,0.0,26.3
190230,라면(그 밖의 파스타),페루,259.0,206.0,454.0,25.7,1021.0,623.0,63.9,398.0,0.2,26.3
190230,라면(그 밖의 파스타),포루투갈,28.0,6.0,0.0,366.7,53.0,12.0,341.7,41.0,0.0,26.3
190230,라면(그 밖의 파스타),폴란드,556.0,258.0,810.0,115.5,2262.0,819.0,176.2,1443.0,0.4,26.3
190230,라면(그 밖의 파스타),푸에르토리코,0.0,0.0,0.0,,0.0,0.0,,0.0,0.0,26.3
190230,라면(그 밖의 파스타),프랑스,492.0,192.0,696.0,156.2,1751.0,1593.0,9.9,158.0,0.3,26.3
190230,라면(그 밖의 파스타),피지,71.0,27.0,25.0,163.0,136.0,144.0,-5.6,-8.0,0.0,26.3
190230,라면(그 밖의 파스타),핀란드,870.0,0.0,189.0,,1418.0,0.0,,1418.0,0.3,26.3
190230,라면(그 밖의 파스타),필리핀,5438.0,5431.0,6377.0,0.1,17664.0,15025.0,17.6,2639.0,3.5,26.3
190230,라면(그 밖의 파스타),헝가리,63.0,0.0,0.0,,218.0,38.0,473.7,180.0,0.0,26.3
190230,라면(그 밖의 파스타),호주,5519.0,3625.0,4911.0,52.2,15569.0,12130.0,28.4,3439.0,3.1,26.3
190230,라면(그 밖의 파스타),홍콩,1863.0,1625.0,2471.0,14.6,6391.0,5847.0,9.3,544.0,1.3,26.3
2103,소스·조미료(불닭소스·고추장 등),가나,52.0,25.0,55.0,108.0,164.0,32.0,412.5,132.0,0.2,10.3
2103,소스·조미료(불닭소스·고추장 등),가이아나,0.0,0.0,5.0,,5.0,0.0,,5.0,0.0,10.3
2103,소스·조미료(불닭소스·고추장 등),과테말라,61.0,26.0,48.0,134.6,193.0,67.0,188.1,126.0,0.2,10.3
2103,소스·조미료(불닭소스·고추장 등),괌,76.0,87.0,123.0,-12.6,288.0,340.0,-15.3,-52.0,0.3,10.3
2103,소스·조미료(불닭소스·고추장 등),그리스,0.0,0.0,0.0,,3.0,2.0,50.0,1.0,0.0,10.3
2103,소스·조미료(불닭소스·고추장 등),기니,0.0,0.0,0.0,,0.0,9.0,-100.0,-9.0,0.0,10.3
2103,소스·조미료(불닭소스·고추장 등),기타국,0.0,0.0,0.0,,0.0,0.0,,0.0,0.0,10.3
2103,소스·조미료(불닭소스·고추장 등),나이지리아,264.0,358.0,443.0,-26.3,1019.0,1082.0,-5.8,-63.0,0.9,10.3
2103,소스·조미료(불닭소스·고추장 등),남수단,17.0,0.0,0.0,,17.0,0.0,,17.0,0.0,10.3
2103,소스·조미료(불닭소스·고추장 등),남아프리카공화국,18.0,30.0,28.0,-40.0,60.0,159.0,-62.3,-99.0,0.1,10.3
2103,소스·조미료(불닭소스·고추장 등),네덜란드,1282.0,612.0,774.0,109.5,2932.0,1720.0,70.5,1212.0,2.7,10.3
2103,소스·조미료(불닭소스·고추장 등),네팔,2.0,0.0,1.0,,13.0,78.0,-83.3,-65.0,0.0,10.3
2103,소스·조미료(불닭소스·고추장 등),노르웨이,49.0,8.0,10.0,512.5,91.0,91.0,0.0,0.0,0.1,10.3
2103,소스·조미료(불닭소스·고추장 등),뉴 칼레도니아,0.0,0.0,0.0,,0.0,1.0,-100.0,-1.0,0.0,10.3
2103,소스·조미료(불닭소스·고추장 등),뉴질랜드,210.0,260.0,437.0,-19.2,928.0,830.0,11.8,98.0,0.9,10.3
2103,소스·조미료(불닭소스·고추장 등),니제르,0.0,0.0,0.0,,0.0,0.0,,0.0,0.0,10.3
2103,소스·조미료(불닭소스·고추장 등),니카라과,0.0,0.0,11.0,,11.0,11.0,0.0,0.0,0.0,10.3
2103,소스·조미료(불닭소스·고추장 등),대만,1513.0,1145.0,1350.0,32.1,4499.0,3671.0,22.6,828.0,4.1,10.3
2103,소스·조미료(불닭소스·고추장 등),덴마크,13.0,0.0,20.0,,176.0,10.0,1660.0,166.0,0.2,10.3
2103,소스·조미료(불닭소스·고추장 등),도미니카 공화국,1.0,11.0,12.0,-90.9,13.0,11.0,18.2,2.0,0.0,10.3
2103,소스·조미료(불닭소스·고추장 등),독일,501.0,360.0,375.0,39.2,1608.0,1377.0,16.8,231.0,1.5,10.3
2103,소스·조미료(불닭소스·고추장 등),라오스,61.0,106.0,20.0,-42.5,122.0,237.0,-48.5,-115.0,0.1,10.3
2103,소스·조미료(불닭소스·고추장 등),라이베리아,0.0,0.0,0.0,,0.0,0.0,,0.0,0.0,10.3
2103,소스·조미료(불닭소스·고추장 등),라트비아,109.0,0.0,16.0,,143.0,0.0,,143.0,0.1,10.3
2103,소스·조미료(불닭소스·고추장 등),러시아 연방,2585.0,1748.0,2394.0,47.9,7709.0,6555.0,17.6,1154.0,7.1,10.3
2103,소스·조미료(불닭소스·고추장 등),레바논,8.0,13.0,4.0,-38.5,12.0,19.0,-36.8,-7.0,0.0,10.3
2103,소스·조미료(불닭소스·고추장 등),루마니아,5.0,3.0,10.0,66.7,32.0,10.0,220.0,22.0,0.0,10.3
2103,소스·조미료(불닭소스·고추장 등),룩셈부르그,0.0,0.0,0.0,,0.0,0.0,,0.0,0.0,10.3
2103,소스·조미료(불닭소스·고추장 등),르완다,0.0,0.0,0.0,,0.0,0.0,,0.0,0.0,10.3
2103,소스·조미료(불닭소스·고추장 등),리비아,0.0,0.0,0.0,,15.0,0.0,,15.0,0.0,10.3
2103,소스·조미료(불닭소스·고추장 등),리투아니아,8.0,11.0,14.0,-27.3,22.0,12.0,83.3,10.0,0.0,10.3
2103,소스·조미료(불닭소스·고추장 등),마다카스카르,0.0,1.0,1.0,-100.0,1.0,1.0,0.0,0.0,0.0,10.3
2103,소스·조미료(불닭소스·고추장 등),마샬군도,3.0,0.0,0.0,,3.0,0.0,,3.0,0.0,10.3
2103,소스·조미료(불닭소스·고추장 등),마세도니아,0.0,0.0,0.0,,0.0,0.0,,0.0,0.0,10.3
2103,소스·조미료(불닭소스·고추장 등),마이크로네시아,0.0,0.0,1.0,,3.0,2.0,50.0,1.0,0.0,10.3
2103,소스·조미료(불닭소스·고추장 등),마카오,0.0,5.0,31.0,-100.0,32.0,55.0,-41.8,-23.0,0.0,10.3
2103,소스·조미료(불닭소스·고추장 등),말레이시아,534.0,474.0,384.0,12.7,1373.0,1541.0,-10.9,-168.0,1.3,10.3
2103,소스·조미료(불닭소스·고추장 등),말리,0.0,0.0,0.0,,0.0,0.0,,0.0,0.0,10.3
2103,소스·조미료(불닭소스·고추장 등),멕시코,81.0,170.0,66.0,-52.4,224.0,464.0,-51.7,-240.0,0.2,10.3
2103,소스·조미료(불닭소스·고추장 등),모나코,0.0,0.0,0.0,,0.0,0.0,,0.0,0.0,10.3
2103,소스·조미료(불닭소스·고추장 등),모로코,0.0,0.0,0.0,,8.0,3.0,166.7,5.0,0.0,10.3
2103,소스·조미료(불닭소스·고추장 등),모리셔스,1.0,41.0,1.0,-97.6,14.0,51.0,-72.5,-37.0,0.0,10.3
2103,소스·조미료(불닭소스·고추장 등),모잠비크,0.0,0.0,0.0,,2.0,0.0,,2.0,0.0,10.3
2103,소스·조미료(불닭소스·고추장 등),몰디브,0.0,0.0,55.0,,55.0,0.0,,55.0,0.1,10.3
2103,소스·조미료(불닭소스·고추장 등),몰타,0.0,8.0,0.0,-100.0,0.0,8.0,-100.0,-8.0,0.0,10.3
2103,소스·조미료(불닭소스·고추장 등),몽골,1149.0,881.0,1244.0,30.4,3610.0,2696.0,33.9,914.0,3.3,10.3
2103,소스·조미료(불닭소스·고추장 등),미국,7821.0,5089.0,6859.0,53.7,23695.0,20881.0,13.5,2814.0,21.7,10.3
2103,소스·조미료(불닭소스·고추장 등),미령 버진군도,0.0,0.0,0.0,,0.0,0.0,,0.0,0.0,10.3
2103,소스·조미료(불닭소스·고추장 등),미얀마,19.0,11.0,8.0,72.7,30.0,107.0,-72.0,-77.0,0.0,10.3
2103,소스·조미료(불닭소스·고추장 등),바누아투,0.0,1.0,0.0,-100.0,0.0,2.0,-100.0,-2.0,0.0,10.3
2103,소스·조미료(불닭소스·고추장 등),바레인,0.0,0.0,0.0,,8.0,3.0,166.7,5.0,0.0,10.3
2103,소스·조미료(불닭소스·고추장 등),바베이도스,0.0,0.0,0.0,,0.0,0.0,,0.0,0.0,10.3
2103,소스·조미료(불닭소스·고추장 등),바하마,0.0,0.0,0.0,,0.0,0.0,,0.0,0.0,10.3
2103,소스·조미료(불닭소스·고추장 등),방글라데시,0.0,5.0,59.0,-100.0,60.0,30.0,100.0,30.0,0.1,10.3
2103,소스·조미료(불닭소스·고추장 등),베네주엘라,0.0,0.0,0.0,,0.0,0.0,,0.0,0.0,10.3
2103,소스·조미료(불닭소스·고추장 등),베트남,1801.0,2193.0,1673.0,-17.9,5084.0,5327.0,-4.6,-243.0,4.7,10.3
2103,소스·조미료(불닭소스·고추장 등),벨기에,0.0,7.0,12.0,-100.0,12.0,25.0,-52.0,-13.0,0.0,10.3
2103,소스·조미료(불닭소스·고추장 등),벨라루스,0.0,0.0,0.0,,0.0,0.0,,0.0,0.0,10.3
2103,소스·조미료(불닭소스·고추장 등),벨리제,0.0,0.0,0.0,,0.0,0.0,,0.0,0.0,10.3
2103,소스·조미료(불닭소스·고추장 등),볼리비아,1.0,3.0,14.0,-66.7,24.0,3.0,700.0,21.0,0.0,10.3
2103,소스·조미료(불닭소스·고추장 등),부탄,0.0,0.0,5.0,,9.0,2.0,350.0,7.0,0.0,10.3
2103,소스·조미료(불닭소스·고추장 등),북마리아나 군도,8.0,5.0,8.0,60.0,26.0,44.0,-40.9,-18.0,0.0,10.3
2103,소스·조미료(불닭소스·고추장 등),불가리아,10.0,16.0,42.0,-37.5,52.0,16.0,225.0,36.0,0.0,10.3
2103,소스·조미료(불닭소스·고추장 등),불령 리유니온 코모도 제도,0.0,0.0,0.0,,0.0,0.0,,0.0,0.0,10.3
2103,소스·조미료(불닭소스·고추장 등),불령 폴리네시아,0.0,0.0,1.0,,1.0,0.0,,1.0,0.0,10.3
2103,소스·조미료(불닭소스·고추장 등),브라질,55.0,38.0,25.0,44.7,113.0,127.0,-11.0,-14.0,0.1,10.3
2103,소스·조미료(불닭소스·고추장 등),브루나이,43.0,12.0,0.0,258.3,43.0,21.0,104.8,22.0,0.0,10.3
2103,소스·조미료(불닭소스·고추장 등),사모아,2.0,6.0,3.0,-66.7,5.0,13.0,-61.5,-8.0,0.0,10.3
2103,소스·조미료(불닭소스·고추장 등),사우디아라비아,54.0,109.0,186.0,-50.5,483.0,329.0,46.8,154.0,0.4,10.3
2103,소스·조미료(불닭소스·고추장 등),사이프러스,0.0,0.0,3.0,,4.0,0.0,,4.0,0.0,10.3
2103,소스·조미료(불닭소스·고추장 등),세네갈,48.0,0.0,0.0,,48.0,61.0,-21.3,-13.0,0.0,10.3
2103,소스·조미료(불닭소스·고추장 등),세르비아,0.0,6.0,0.0,-100.0,0.0,6.0,-100.0,-6.0,0.0,10.3
2103,소스·조미료(불닭소스·고추장 등),세이쉘,0.0,0.0,24.0,,24.0,37.0,-35.1,-13.0,0.0,10.3
2103,소스·조미료(불닭소스·고추장 등),솔로몬 군도,0.0,0.0,0.0,,0.0,0.0,,0.0,0.0,10.3
2103,소스·조미료(불닭소스·고추장 등),수단,0.0,0.0,0.0,,19.0,0.0,,19.0,0.0,10.3
2103,소스·조미료(불닭소스·고추장 등),수리남,0.0,0.0,3.0,,6.0,0.0,,6.0,0.0,10.3
2103,소스·조미료(불닭소스·고추장 등),스리랑카,11.0,0.0,0.0,,13.0,38.0,-65.8,-25.0,0.0,10.3
2103,소스·조미료(불닭소스·고추장 등),스웨덴,62.0,37.0,313.0,67.6,493.0,350.0,40.9,143.0,0.5,10.3
2103,소스·조미료(불닭소스·고추장 등),스위스,27.0,64.0,26.0,-57.8,139.0,141.0,-1.4,-2.0,0.1,10.3
2103,소스·조미료(불닭소스·고추장 등),스페인,6.0,66.0,48.0,-90.9,73.0,142.0,-48.6,-69.0,0.1,10.3
2103,소스·조미료(불닭소스·고추장 등),슬로바키아,0.0,0.0,0.0,,0.0,0.0,,0.0,0.0,10.3
2103,소스·조미료(불닭소스·고추장 등),슬로베니아,38.0,18.0,32.0,111.1,84.0,56.0,50.0,28.0,0.1,10.3
2103,소스·조미료(불닭소스·고추장 등),시에라 리온,0.0,0.0,0.0,,0.0,2.0,-100.0,-2.0,0.0,10.3
2103,소스·조미료(불닭소스·고추장 등),싱가포르,1037.0,781.0,1407.0,32.8,3286.0,2330.0,41.0,956.0,3.0,10.3
2103,소스·조미료(불닭소스·고추장 등),아랍에미리트 연합,85.0,182.0,237.0,-53.3,429.0,762.0,-43.7,-333.0,0.4,10.3
2103,소스·조미료(불닭소스·고추장 등),아르메니아,0.0,0.0,0.0,,0.0,0.0,,0.0,0.0,10.3
2103,소스·조미료(불닭소스·고추장 등),아르헨티나,14.0,4.0,7.0,250.0,47.0,28.0,67.9,19.0,0.0,10.3
2103,소스·조미료(불닭소스·고추장 등),아메리칸 사모아,0.0,0.0,0.0,,0.0,1.0,-100.0,-1.0,0.0,10.3
2103,소스·조미료(불닭소스·고추장 등),아이슬란드,0.0,0.0,0.0,,0.0,0.0,,0.0,0.0,10.3
2103,소스·조미료(불닭소스·고추장 등),아일랜드,5.0,0.0,41.0,,52.0,20.0,160.0,32.0,0.0,10.3
2103,소스·조미료(불닭소스·고추장 등),아제르바이잔,0.0,0.0,0.0,,0.0,0.0,,0.0,0.0,10.3
2103,소스·조미료(불닭소스·고추장 등),아프카니스탄,0.0,0.0,0.0,,0.0,0.0,,0.0,0.0,10.3
2103,소스·조미료(불닭소스·고추장 등),알바니아,1.0,0.0,0.0,,1.0,1.0,0.0,0.0,0.0,10.3
2103,소스·조미료(불닭소스·고추장 등),알제리,0.0,0.0,0.0,,0.0,0.0,,0.0,0.0,10.3
2103,소스·조미료(불닭소스·고추장 등),앙골라,0.0,0.0,0.0,,0.0,0.0,,0.0,0.0,10.3
2103,소스·조미료(불닭소스·고추장 등),에스토니아,0.0,0.0,0.0,,0.0,0.0,,0.0,0.0,10.3
2103,소스·조미료(불닭소스·고추장 등),에쿠아도르,0.0,0.0,6.0,,14.0,0.0,,14.0,0.0,10.3
2103,소스·조미료(불닭소스·고추장 등),엘살바도르,0.0,0.0,0.0,,2.0,0.0,,2.0,0.0,10.3
2103,소스·조미료(불닭소스·고추장 등),영국,610.0,572.0,757.0,6.6,1893.0,1656.0,14.3,237.0,1.7,10.3
2103,소스·조미료(불닭소스·고추장 등),오만,3.0,0.0,2.0,,8.0,15.0,-46.7,-7.0,0.0,10.3
2103,소스·조미료(불닭소스·고추장 등),오스트리아,46.0,5.0,19.0,820.0,135.0,80.0,68.8,55.0,0.1,10.3
2103,소스·조미료(불닭소스·고추장 등),온두라스,2.0,82.0,0.0,-97.6,2.0,82.0,-97.6,-80.0,0.0,10.3
2103,소스·조미료(불닭소스·고추장 등),요르단,0.0,0.0,45.0,,45.0,16.0,181.2,29.0,0.0,10.3
2103,소스·조미료(불닭소스·고추장 등),우간다,0.0,0.0,0.0,,0.0,0.0,,0.0,0.0,10.3
2103,소스·조미료(불닭소스·고추장 등),우루과이,83.0,6.0,12.0,1283.3,95.0,130.0,-26.9,-35.0,0.1,10.3
2103,소스·조미료(불닭소스·고추장 등),우즈베키스탄,148.0,24.0,236.0,516.7,426.0,67.0,535.8,359.0,0.4,10.3
2103,소스·조미료(불닭소스·고추장 등),우크라이나,0.0,32.0,3.0,-100.0,9.0,42.0,-78.6,-33.0,0.0,10.3
2103,소스·조미료(불닭소스·고추장 등),이라크,0.0,10.0,8.0,-100.0,18.0,16.0,12.5,2.0,0.0,10.3
2103,소스·조미료(불닭소스·고추장 등),이스라엘,55.0,8.0,20.0,587.5,105.0,27.0,288.9,78.0,0.1,10.3
2103,소스·조미료(불닭소스·고추장 등),이집트,60.0,0.0,8.0,,80.0,0.0,,80.0,0.1,10.3
2103,소스·조미료(불닭소스·고추장 등),이탈리아,60.0,17.0,19.0,252.9,141.0,36.0,291.7,105.0,0.1,10.3
2103,소스·조미료(불닭소스·고추장 등),인도,391.0,420.0,130.0,-6.9,647.0,663.0,-2.4,-16.0,0.6,10.3
2103,소스·조미료(불닭소스·고추장 등),인도네시아,204.0,187.0,354.0,9.1,955.0,730.0,30.8,225.0,0.9,10.3
2103,소스·조미료(불닭소스·고추장 등),일본,2891.0,3020.0,3010.0,-4.3,9552.0,8527.0,12.0,1025.0,8.8,10.3
2103,소스·조미료(불닭소스·고추장 등),자마이카,35.0,0.0,0.0,,35.0,0.0,,35.0,0.0,10.3
2103,소스·조미료(불닭소스·고추장 등),저어지,0.0,0.0,0.0,,0.0,0.0,,0.0,0.0,10.3
2103,소스·조미료(불닭소스·고추장 등),적도 기니,0.0,0.0,0.0,,27.0,0.0,,27.0,0.0,10.3
2103,소스·조미료(불닭소스·고추장 등),조지아,0.0,0.0,0.0,,1.0,1.0,0.0,0.0,0.0,10.3
2103,소스·조미료(불닭소스·고추장 등),중국,4739.0,4242.0,3717.0,11.7,12801.0,15046.0,-14.9,-2245.0,11.7,10.3
2103,소스·조미료(불닭소스·고추장 등),중앙아프리카공화국,0.0,0.0,0.0,,0.0,0.0,,0.0,0.0,10.3
2103,소스·조미료(불닭소스·고추장 등),지부티,2.0,0.0,0.0,,10.0,0.0,,10.0,0.0,10.3
2103,소스·조미료(불닭소스·고추장 등),체코공화국,2.0,24.0,10.0,-91.7,50.0,42.0,19.0,8.0,0.0,10.3
2103,소스·조미료(불닭소스·고추장 등),칠레,93.0,139.0,55.0,-33.1,189.0,194.0,-2.6,-5.0,0.2,10.3
2103,소스·조미료(불닭소스·고추장 등),카메룬,0.0,0.0,0.0,,0.0,0.0,,0.0,0.0,10.3
2103,소스·조미료(불닭소스·고추장 등),카자흐스탄,93.0,104.0,256.0,-10.6,528.0,356.0,48.3,172.0,0.5,10.3
2103,소스·조미료(불닭소스·고추장 등),카타르,1.0,15.0,0.0,-93.3,28.0,38.0,-26.3,-10.0,0.0,10.3
2103,소스·조미료(불닭소스·고추장 등),캄보디아,117.0,214.0,333.0,-45.3,809.0,613.0,32.0,196.0,0.7,10.3
2103,소스·조미료(불닭소스·고추장 등),캐나다,980.0,1044.0,1335.0,-6.1,3798.0,3780.0,0.5,18.0,3.5,10.3
2103,소스·조미료(불닭소스·고추장 등),케냐,0.0,0.0,2.0,,2.0,17.0,-88.2,-15.0,0.0,10.3
2103,소스·조미료(불닭소스·고추장 등),코스타리카,6.0,1.0,0.0,500.0,6.0,6.0,0.0,0.0,0.0,10.3
2103,소스·조미료(불닭소스·고추장 등),콜롬비아,0.0,12.0,7.0,-100.0,62.0,27.0,129.6,35.0,0.1,10.3
2103,소스·조미료(불닭소스·고추장 등),콩고민주공화국,0.0,0.0,0.0,,0.0,0.0,,0.0,0.0,10.3
2103,소스·조미료(불닭소스·고추장 등),쿠웨이트,54.0,13.0,1.0,315.4,178.0,43.0,314.0,135.0,0.2,10.3
2103,소스·조미료(불닭소스·고추장 등),크로아티아,0.0,0.0,0.0,,0.0,0.0,,0.0,0.0,10.3
2103,소스·조미료(불닭소스·고추장 등),키르기스스탄,26.0,19.0,3.0,36.8,138.0,25.0,452.0,113.0,0.1,10.3
2103,소스·조미료(불닭소스·고추장 등),키리바티,0.0,0.0,0.0,,1.0,0.0,,1.0,0.0,10.3
2103,소스·조미료(불닭소스·고추장 등),타지크,0.0,0.0,0.0,,0.0,0.0,,0.0,0.0,10.3
2103,소스·조미료(불닭소스·고추장 등),탄자니아,18.0,0.0,0.0,,18.0,0.0,,18.0,0.0,10.3
2103,소스·조미료(불닭소스·고추장 등),태국,1553.0,761.0,1545.0,104.1,4753.0,3570.0,33.1,1183.0,4.4,10.3
2103,소스·조미료(불닭소스·고추장 등),투르크멘,0.0,0.0,0.0,,0.0,0.0,,0.0,0.0,10.3
2103,소스·조미료(불닭소스·고추장 등),투발루,0.0,0.0,0.0,,0.0,0.0,,0.0,0.0,10.3
2103,소스·조미료(불닭소스·고추장 등),튀니지,0.0,1.0,0.0,-100.0,0.0,1.0,-100.0,-1.0,0.0,10.3
2103,소스·조미료(불닭소스·고추장 등),튀르키예,16.0,2.0,28.0,700.0,49.0,5.0,880.0,44.0,0.0,10.3
2103,소스·조미료(불닭소스·고추장 등),트리니다드 토바고,0.0,4.0,3.0,-100.0,3.0,6.0,-50.0,-3.0,0.0,10.3
2103,소스·조미료(불닭소스·고추장 등),티모르,0.0,0.0,0.0,,0.0,0.0,,0.0,0.0,10.3
2103,소스·조미료(불닭소스·고추장 등),파나마,52.0,24.0,9.0,116.7,63.0,35.0,80.0,28.0,0.1,10.3
2103,소스·조미료(불닭소스·고추장 등),파라과이,20.0,11.0,30.0,81.8,63.0,13.0,384.6,50.0,0.1,10.3
2103,소스·조미료(불닭소스·고추장 등),파키스탄,10.0,13.0,9.0,-23.1,23.0,20.0,15.0,3.0,0.0,10.3
2103,소스·조미료(불닭소스·고추장 등),파푸아 뉴기니,0.0,0.0,0.0,,0.0,0.0,,0.0,0.0,10.3
2103,소스·조미료(불닭소스·고추장 등),팔라우,1.0,0.0,4.0,,7.0,0.0,,7.0,0.0,10.3
2103,소스·조미료(불닭소스·고추장 등),페루,15.0,8.0,5.0,87.5,20.0,18.0,11.1,2.0,0.0,10.3
2103,소스·조미료(불닭소스·고추장 등),포루투갈,1.0,5.0,1.0,-80.0,18.0,16.0,12.5,2.0,0.0,10.3
2103,소스·조미료(불닭소스·고추장 등),폴란드,86.0,45.0,48.0,91.1,182.0,147.0,23.8,35.0,0.2,10.3
2103,소스·조미료(불닭소스·고추장 등),푸에르토리코,0.0,0.0,0.0,,0.0,0.0,,0.0,0.0,10.3
2103,소스·조미료(불닭소스·고추장 등),프랑스,249.0,183.0,133.0,36.1,641.0,502.0,27.7,139.0,0.6,10.3
2103,소스·조미료(불닭소스·고추장 등),피지,2.0,0.0,0.0,,28.0,4.0,600.0,24.0,0.0,10.3
2103,소스·조미료(불닭소스·고추장 등),핀란드,25.0,31.0,0.0,-19.4,73.0,87.0,-16.1,-14.0,0.1,10.3
2103,소스·조미료(불닭소스·고추장 등),필리핀,1205.0,1386.0,1393.0,-13.1,3649.0,3719.0,-1.9,-70.0,3.3,10.3
2103,소스·조미료(불닭소스·고추장 등),헝가리,2.0,1.0,27.0,100.0,79.0,10.0,690.0,69.0,0.1,10.3
2103,소스·조미료(불닭소스·고추장 등),호주,1479.0,1567.0,1645.0,-5.6,4749.0,4321.0,9.9,428.0,4.4,10.3
2103,소스·조미료(불닭소스·고추장 등),홍콩,744.0,799.0,628.0,-6.9,2016.0,2045.0,-1.4,-29.0,1.8,10.3
3304,화장품,가나,540.0,43.0,50.0,1155.8,693.0,174.0,298.3,519.0,0.0,43.4
3304,화장품,가봉,1.0,2.0,1.0,-50.0,2.0,6.0,-66.7,-4.0,0.0,43.4
3304,화장품,가이아나,11.0,31.0,27.0,-64.5,55.0,59.0,-6.8,-4.0,0.0,43.4
3304,화장품,감비아,0.0,0.0,0.0,,0.0,0.0,,0.0,0.0,43.4
3304,화장품,건지,0.0,0.0,0.0,,0.0,0.0,,0.0,0.0,43.4
3304,화장품,과델로프,4.0,6.0,7.0,-33.3,15.0,22.0,-31.8,-7.0,0.0,43.4
3304,화장품,과테말라,146.0,47.0,326.0,210.6,653.0,350.0,86.6,303.0,0.0,43.4
3304,화장품,괌,76.0,48.0,51.0,58.3,176.0,177.0,-0.6,-1.0,0.0,43.4
3304,화장품,그레나다,0.0,0.0,1.0,,2.0,0.0,,2.0,0.0,43.4
3304,화장품,그리스,890.0,579.0,1427.0,53.7,3550.0,2081.0,70.6,1469.0,0.1,43.4
3304,화장품,그린랜드,4.0,5.0,3.0,-20.0,16.0,10.0,60.0,6.0,0.0,43.4
3304,화장품,기니,0.0,0.0,22.0,,23.0,11.0,109.1,12.0,0.0,43.4
3304,화장품,기타국,15.0,2.0,81.0,650.0,135.0,91.0,48.4,44.0,0.0,43.4
3304,화장품,나미비아,2.0,2.0,1.0,0.0,3.0,8.0,-62.5,-5.0,0.0,43.4
3304,화장품,나이지리아,1866.0,1122.0,1807.0,66.3,5789.0,2806.0,106.3,2983.0,0.2,43.4
3304,화장품,남아프리카공화국,812.0,523.0,1406.0,55.3,3181.0,2218.0,43.4,963.0,0.1,43.4
3304,화장품,네덜란드,49769.0,10505.0,48151.0,373.8,127269.0,30256.0,320.6,97013.0,3.9,43.4
3304,화장품,네덜란드 열도,0.0,0.0,0.0,,0.0,0.0,,0.0,0.0,43.4
3304,화장품,네팔,620.0,372.0,1030.0,66.7,2373.0,1135.0,109.1,1238.0,0.1,43.4
3304,화장품,노르웨이,1389.0,1287.0,1867.0,7.9,5154.0,3282.0,57.0,1872.0,0.2,43.4
3304,화장품,뉴 칼레도니아,8.0,14.0,18.0,-42.9,29.0,49.0,-40.8,-20.0,0.0,43.4
3304,화장품,뉴질랜드,1582.0,1097.0,1948.0,44.2,5366.0,3166.0,69.5,2200.0,0.2,43.4
3304,화장품,니제르,1.0,2.0,0.0,-50.0,5.0,6.0,-16.7,-1.0,0.0,43.4
3304,화장품,니카라과,57.0,15.0,41.0,280.0,194.0,51.0,280.4,143.0,0.0,43.4
3304,화장품,대만,18437.0,19069.0,20422.0,-3.3,59505.0,66706.0,-10.8,-7201.0,1.8,43.4
3304,화장품,덴마크,5188.0,1272.0,6476.0,307.9,14571.0,7216.0,101.9,7355.0,0.4,43.4
3304,화장품,도미니카,7.0,0.0,0.0,,7.0,0.0,,7.0,0.0,43.4
3304,화장품,도미니카 공화국,76.0,96.0,169.0,-20.8,377.0,227.0,66.1,150.0,0.0,43.4
3304,화장품,독일,6656.0,4966.0,6411.0,34.0,25157.0,18580.0,35.4,6577.0,0.8,43.4
3304,화장품,라오스,213.0,239.0,578.0,-10.9,1020.0,734.0,39.0,286.0,0.0,43.4
3304,화장품,라이베리아,2.0,0.0,0.0,,4.0,0.0,,4.0,0.0,43.4
3304,화장품,라트비아,358.0,241.0,379.0,48.5,1158.0,1009.0,14.8,149.0,0.0,43.4
3304,화장품,러시아 연방,33224.0,30474.0,41653.0,9.0,123909.0,95699.0,29.5,28210.0,3.8,43.4
3304,화장품,레바논,448.0,475.0,754.0,-5.7,1622.0,1323.0,22.6,299.0,0.0,43.4
3304,화장품,레소토,0.0,0.0,2.0,,2.0,0.0,,2.0,0.0,43.4
3304,화장품,루마니아,3009.0,1916.0,3535.0,57.0,9982.0,6869.0,45.3,3113.0,0.3,43.4
3304,화장품,룩셈부르그,9.0,17.0,68.0,-47.1,139.0,178.0,-21.9,-39.0,0.0,43.4
3304,화장품,르완다,6.0,12.0,1.0,-50.0,26.0,29.0,-10.3,-3.0,0.0,43.4
3304,화장품,리비아,228.0,178.0,377.0,28.1,1725.0,734.0,135.0,991.0,0.1,43.4
3304,화장품,리투아니아,3492.0,2227.0,2417.0,56.8,10940.0,9895.0,10.6,1045.0,0.3,43.4
3304,화장품,리히텐슈타인,0.0,0.0,0.0,,0.0,0.0,,0.0,0.0,43.4
3304,화장품,마다카스카르,11.0,7.0,11.0,57.1,42.0,14.0,200.0,28.0,0.0,43.4
3304,화장품,마샬군도,0.0,0.0,0.0,,0.0,0.0,,0.0,0.0,43.4
3304,화장품,마세도니아,217.0,159.0,293.0,36.5,795.0,421.0,88.8,374.0,0.0,43.4
3304,화장품,마이크로네시아,0.0,0.0,0.0,,0.0,0.0,,0.0,0.0,43.4
3304,화장품,마카오,76.0,30.0,161.0,153.3,400.0,112.0,257.1,288.0,0.0,43.4
3304,화장품,마티니크,12.0,6.0,13.0,100.0,34.0,28.0,21.4,6.0,0.0,43.4
3304,화장품,말라위,12.0,1.0,2.0,1100.0,16.0,3.0,433.3,13.0,0.0,43.4
3304,화장품,말레이시아,17973.0,8009.0,13706.0,124.4,45722.0,29887.0,53.0,15835.0,1.4,43.4
3304,화장품,말리,6.0,2.0,0.0,200.0,10.0,11.0,-9.1,-1.0,0.0,43.4
3304,화장품,메요트,0.0,0.0,0.0,,0.0,0.0,,0.0,0.0,43.4
3304,화장품,멕시코,6876.0,3612.0,10609.0,90.4,24454.0,14782.0,65.4,9672.0,0.7,43.4
3304,화장품,모나코,0.0,0.0,0.0,,0.0,0.0,,0.0,0.0,43.4
3304,화장품,모로코,557.0,483.0,817.0,15.3,1956.0,1493.0,31.0,463.0,0.1,43.4
3304,화장품,모리셔스,231.0,160.0,219.0,44.4,639.0,452.0,41.4,187.0,0.0,43.4
3304,화장품,모리타니,14.0,18.0,4.0,-22.2,46.0,19.0,142.1,27.0,0.0,43.4
3304,화장품,모잠비크,17.0,1.0,6.0,1600.0,242.0,5.0,4740.0,237.0,0.0,43.4
3304,화장품,몬테네그로,60.0,88.0,103.0,-31.8,350.0,204.0,71.6,146.0,0.0,43.4
3304,화장품,몬트세라트,0.0,0.0,0.0,,0.0,2.0,-100.0,-2.0,0.0,43.4
3304,화장품,몰도바,749.0,373.0,833.0,100.8,2474.0,1489.0,66.2,985.0,0.1,43.4
3304,화장품,몰디브,142.0,71.0,134.0,100.0,443.0,260.0,70.4,183.0,0.0,43.4
3304,화장품,몰타,60.0,28.0,45.0,114.3,180.0,127.0,41.7,53.0,0.0,43.4
3304,화장품,몽골,4660.0,3934.0,4479.0,18.5,17077.0,12510.0,36.5,4567.0,0.5,43.4
3304,화장품,미국,210975.0,143588.0,240242.0,46.9,668797.0,460756.0,45.2,208041.0,20.5,43.4
3304,화장품,미령 버진군도,2.0,0.0,1.0,,8.0,2.0,300.0,6.0,0.0,43.4
3304,화장품,미얀마,5043.0,1871.0,4926.0,169.5,14632.0,15164.0,-3.5,-532.0,0.4,43.4
3304,화장품,바누아투,0.0,0.0,0.0,,0.0,0.0,,0.0,0.0,43.4
3304,화장품,바레인,145.0,80.0,131.0,81.2,490.0,326.0,50.3,164.0,0.0,43.4
3304,화장품,바베이도스,7.0,4.0,11.0,75.0,20.0,23.0,-13.0,-3.0,0.0,43.4
3304,화장품,바하마,2.0,1.0,1.0,100.0,4.0,2.0,100.0,2.0,0.0,43.4
3304,화장품,방글라데시,1453.0,1039.0,1748.0,39.8,4733.0,3594.0,31.7,1139.0,0.1,43.4
3304,화장품,버뮤다,15.0,4.0,13.0,275.0,35.0,14.0,150.0,21.0,0.0,43.4
3304,화장품,베네주엘라,443.0,444.0,204.0,-0.2,943.0,852.0,10.7,91.0,0.0,43.4
3304,화장품,베닝,0.0,1.0,0.0,-100.0,0.0,1.0,-100.0,-1.0,0.0,43.4
3304,화장품,베트남,31259.0,28641.0,36461.0,9.1,104898.0,88263.0,18.8,16635.0,3.2,43.4
3304,화장품,벨기에,1601.0,1109.0,2051.0,44.4,6114.0,6131.0,-0.3,-17.0,0.2,43.4
3304,화장품,벨라루스,374.0,336.0,1054.0,11.3,2130.0,1779.0,19.7,351.0,0.1,43.4
3304,화장품,벨리제,7.0,2.0,4.0,250.0,24.0,6.0,300.0,18.0,0.0,43.4
3304,화장품,보네르 신트외스타티위스,0.0,2.0,0.0,-100.0,0.0,2.0,-100.0,-2.0,0.0,43.4
3304,화장품,보스니아-헤르체고비나,16.0,6.0,28.0,166.7,47.0,42.0,11.9,5.0,0.0,43.4
3304,화장품,보츠와나,6.0,10.0,2.0,-40.0,13.0,23.0,-43.5,-10.0,0.0,43.4
3304,화장품,볼리비아,270.0,10.0,124.0,2600.0,539.0,349.0,54.4,190.0,0.0,43.4
3304,화장품,부룬디,0.0,0.0,0.0,,0.0,0.0,,0.0,0.0,43.4
3304,화장품,부르키나 파소,0.0,0.0,0.0,,0.0,0.0,,0.0,0.0,43.4
3304,화장품,부탄,346.0,156.0,120.0,121.8,551.0,432.0,27.5,119.0,0.0,43.4
3304,화장품,북마리아나 군도,4.0,3.0,2.0,33.3,15.0,16.0,-6.2,-1.0,0.0,43.4
3304,화장품,불가리아,1004.0,644.0,1443.0,55.9,3775.0,3040.0,24.2,735.0,0.1,43.4
3304,화장품,불령 가이아나,0.0,0.0,4.0,,4.0,0.0,,4.0,0.0,43.4
3304,화장품,불령 리유니온 코모도 제도,41.0,16.0,26.0,156.2,117.0,82.0,42.7,35.0,0.0,43.4
3304,화장품,불령 폴리네시아,8.0,4.0,50.0,100.0,65.0,8.0,712.5,57.0,0.0,43.4
3304,화장품,브라질,9857.0,4759.0,7448.0,107.1,23633.0,12259.0,92.8,11374.0,0.7,43.4
3304,화장품,브루나이,233.0,176.0,234.0,32.4,684.0,510.0,34.1,174.0,0.0,43.4
3304,화장품,사모아,0.0,0.0,0.0,,0.0,0.0,,0.0,0.0,43.4
3304,화장품,사우디아라비아,4965.0,6318.0,6921.0,-21.4,16087.0,16368.0,-1.7,-281.0,0.5,43.4
3304,화장품,사이프러스,301.0,286.0,370.0,5.2,1174.0,1177.0,-0.3,-3.0,0.0,43.4
3304,화장품,산마리노,16.0,21.0,13.0,-23.8,29.0,21.0,38.1,8.0,0.0,43.4
3304,화장품,세네갈,53.0,47.0,29.0,12.8,113.0,140.0,-19.3,-27.0,0.0,43.4
3304,화장품,세르비아,390.0,436.0,436.0,-10.6,1531.0,1442.0,6.2,89.0,0.0,43.4
3304,화장품,세이쉘,1.0,0.0,10.0,,12.0,14.0,-14.3,-2.0,0.0,43.4
3304,화장품,세인트 루시아,13.0,0.0,0.0,,13.0,2.0,550.0,11.0,0.0,43.4
3304,화장품,세인트 바르탤르미,0.0,0.0,0.0,,0.0,0.0,,0.0,0.0,43.4
3304,화장품,세인트마틴(생마르탱),4.0,0.0,5.0,,16.0,0.0,,16.0,0.0,43.4
3304,화장품,소말리아,26.0,9.0,0.0,188.9,37.0,19.0,94.7,18.0,0.0,43.4
3304,화장품,수단,0.0,0.0,0.0,,12.0,0.0,,12.0,0.0,43.4
3304,화장품,수리남,89.0,32.0,33.0,178.1,138.0,56.0,146.4,82.0,0.0,43.4
3304,화장품,스리랑카,74.0,77.0,92.0,-3.9,277.0,227.0,22.0,50.0,0.0,43.4
3304,화장품,스와질랜드,0.0,1.0,65.0,-100.0,65.0,2.0,3150.0,63.0,0.0,43.4
3304,화장품,스웨덴,3259.0,2197.0,2594.0,48.3,7342.0,8495.0,-13.6,-1153.0,0.2,43.4
3304,화장품,스위스,544.0,359.0,411.0,51.5,1693.0,1353.0,25.1,340.0,0.1,43.4
3304,화장품,스페인,4368.0,3492.0,5728.0,25.1,18871.0,13084.0,44.2,5787.0,0.6,43.4
3304,화장품,슬로바키아,2107.0,1052.0,2173.0,100.3,6938.0,3805.0,82.3,3133.0,0.2,43.4
3304,화장품,슬로베니아,17.0,33.0,25.0,-48.5,70.0,114.0,-38.6,-44.0,0.0,43.4
3304,화장품,시리아,44.0,13.0,337.0,238.5,579.0,25.0,2216.0,554.0,0.0,43.4
3304,화장품,시에라 리온,3.0,6.0,4.0,-50.0,15.0,9.0,66.7,6.0,0.0,43.4
3304,화장품,싱가포르,11847.0,8646.0,10852.0,37.0,33874.0,27152.0,24.8,6722.0,1.0,43.4
3304,화장품,아랍에미리트 연합,23726.0,17044.0,22554.0,39.2,67284.0,56850.0,18.4,10434.0,2.1,43.4
3304,화장품,아루바,28.0,0.0,34.0,,86.0,10.0,760.0,76.0,0.0,43.4
3304,화장품,아르메니아,170.0,76.0,577.0,123.7,937.0,226.0,314.6,711.0,0.0,43.4
3304,화장품,아르헨티나,1794.0,855.0,3051.0,109.8,6948.0,3821.0,81.8,3127.0,0.2,43.4
3304,화장품,아메리칸 사모아,0.0,0.0,0.0,,0.0,1.0,-100.0,-1.0,0.0,43.4
3304,화장품,아이슬란드,44.0,63.0,236.0,-30.2,424.0,135.0,214.1,289.0,0.0,43.4
3304,화장품,아이티,0.0,0.0,1.0,,1.0,0.0,,1.0,0.0,43.4
3304,화장품,아일랜드,439.0,583.0,1124.0,-24.7,2513.0,3270.0,-23.1,-757.0,0.1,43.4
3304,화장품,아제르바이잔,626.0,402.0,875.0,55.7,2098.0,1642.0,27.8,456.0,0.1,43.4
3304,화장품,아프카니스탄,292.0,367.0,0.0,-20.4,295.0,1297.0,-77.3,-1002.0,0.0,43.4
3304,화장품,안도라,4.0,0.0,5.0,,16.0,1.0,1500.0,15.0,0.0,43.4
3304,화장품,안타티카,0.0,0.0,0.0,,0.0,0.0,,0.0,0.0,43.4
3304,화장품,안티가 바부다,0.0,1.0,0.0,-100.0,0.0,1.0,-100.0,-1.0,0.0,43.4
3304,화장품,알바니아,606.0,526.0,1239.0,15.2,2730.0,1538.0,77.5,1192.0,0.1,43.4
3304,화장품,알제리,8.0,13.0,27.0,-38.5,35.0,78.0,-55.1,-43.0,0.0,43.4
3304,화장품,앙골라,1.0,3.0,36.0,-66.7,41.0,9.0,355.6,32.0,0.0,43.4
3304,화장품,에리트리아,5.0,0.0,0.0,,8.0,0.0,,8.0,0.0,43.4
3304,화장품,에스토니아,16309.0,3267.0,16418.0,399.2,45792.0,14881.0,207.7,30911.0,1.4,43.4
3304,화장품,에쿠아도르,648.0,367.0,824.0,76.6,1723.0,1112.0,54.9,611.0,0.1,43.4
3304,화장품,에티오피아,0.0,8.0,5.0,-100.0,8.0,27.0,-70.4,-19.0,0.0,43.4
3304,화장품,엘살바도르,244.0,40.0,95.0,510.0,405.0,104.0,289.4,301.0,0.0,43.4
3304,화장품,영국,50248.0,15060.0,67706.0,233.7,157393.0,49065.0,220.8,108328.0,4.8,43.4
3304,화장품,영령 버진군도,0.0,0.0,0.0,,0.0,0.0,,0.0,0.0,43.4
3304,화장품,영령 캐이맨 군도,23.0,7.0,1.0,228.6,27.0,10.0,170.0,17.0,0.0,43.4
3304,화장품,예맨,36.0,0.0,1.0,,37.0,0.0,,37.0,0.0,43.4
3304,화장품,오만,617.0,145.0,548.0,325.5,1449.0,533.0,171.9,916.0,0.0,43.4
3304,화장품,오스트리아,240.0,55.0,211.0,336.4,730.0,279.0,161.6,451.0,0.0,43.4
3304,화장품,온두라스,505.0,214.0,207.0,136.0,1090.0,689.0,58.2,401.0,0.0,43.4
3304,화장품,요르단,507.0,106.0,371.0,378.3,1115.0,342.0,226.0,773.0,0.0,43.4
3304,화장품,우간다,0.0,2.0,6.0,-100.0,21.0,5.0,320.0,16.0,0.0,43.4
3304,화장품,우루과이,230.0,113.0,371.0,103.5,947.0,303.0,212.5,644.0,0.0,43.4
3304,화장품,우즈베키스탄,6608.0,2758.0,7703.0,139.6,21660.0,8824.0,145.5,12836.0,0.7,43.4
3304,화장품,우크라이나,4469.0,4597.0,5798.0,-2.8,16777.0,17931.0,-6.4,-1154.0,0.5,43.4
3304,화장품,이라크,1885.0,2121.0,2939.0,-11.1,8719.0,6187.0,40.9,2532.0,0.3,43.4
3304,화장품,이란,220.0,25.0,78.0,780.0,380.0,60.0,533.3,320.0,0.0,43.4
3304,화장품,이스라엘,3952.0,1845.0,4827.0,114.2,11859.0,6014.0,97.2,5845.0,0.4,43.4
3304,화장품,이집트,204.0,54.0,40.0,277.8,257.0,327.0,-21.4,-70.0,0.0,43.4
3304,화장품,이탈리아,2785.0,1321.0,3030.0,110.8,10242.0,6097.0,68.0,4145.0,0.3,43.4
3304,화장품,인도,8872.0,6976.0,10335.0,27.2,28153.0,22496.0,25.1,5657.0,0.9,43.4
3304,화장품,인도네시아,16139.0,11498.0,14912.0,40.4,46897.0,36103.0,29.9,10794.0,1.4,43.4
3304,화장품,일본,85994.0,57949.0,73399.0,48.4,235360.0,206661.0,13.9,28699.0,7.2,43.4
3304,화장품,자마이카,0.0,0.0,1.0,,22.0,0.0,,22.0,0.0,43.4
3304,화장품,잠비아,7.0,7.0,15.0,0.0,37.0,11.0,236.4,26.0,0.0,43.4
3304,화장품,저어지,0.0,0.0,0.0,,0.0,0.0,,0.0,0.0,43.4
3304,화장품,조지아,1560.0,452.0,1010.0,245.1,3439.0,1457.0,136.0,1982.0,0.1,43.4
3304,화장품,중국,122624.0,119532.0,137614.0,2.6,411565.0,346700.0,18.7,64865.0,12.6,43.4
3304,화장품,중앙아프리카공화국,0.0,0.0,0.0,,0.0,1.0,-100.0,-1.0,0.0,43.4
3304,화장품,지부티,1.0,36.0,8.0,-97.2,64.0,53.0,20.8,11.0,0.0,43.4
3304,화장품,지브랄타,0.0,0.0,0.0,,0.0,0.0,,0.0,0.0,43.4
3304,화장품,짐바브웨,3.0,3.0,2.0,0.0,8.0,10.0,-20.0,-2.0,0.0,43.4
3304,화장품,체코공화국,9526.0,1609.0,7083.0,492.0,22095.0,9091.0,143.0,13004.0,0.7,43.4
3304,화장품,칠레,2935.0,1822.0,1716.0,61.1,7686.0,5918.0,29.9,1768.0,0.2,43.4
3304,화장품,카메룬,3.0,19.0,25.0,-84.2,34.0,77.0,-55.8,-43.0,0.0,43.4
3304,화장품,카보 베르데,0.0,0.0,0.0,,0.0,0.0,,0.0,0.0,43.4
3304,화장품,카자흐스탄,10767.0,8436.0,11301.0,27.6,34920.0,24321.0,43.6,10599.0,1.1,43.4
3304,화장품,카타르,524.0,657.0,775.0,-20.2,1882.0,1754.0,7.3,128.0,0.1,43.4
3304,화장품,캄보디아,5756.0,5693.0,7203.0,1.1,20082.0,18886.0,6.3,1196.0,0.6,43.4
3304,화장품,캐나다,100810.0,8916.0,18340.0,1030.7,141593.0,31633.0,347.6,109960.0,4.3,43.4
3304,화장품,케냐,150.0,114.0,177.0,31.6,469.0,452.0,3.8,17.0,0.0,43.4
3304,화장품,코스 군도,0.0,0.0,2.0,,2.0,0.0,,2.0,0.0,43.4
3304,화장품,코스타리카,679.0,241.0,358.0,181.7,1294.0,709.0,82.5,585.0,0.0,43.4
3304,화장품,코트디봐르,41.0,22.0,120.0,86.4,173.0,31.0,458.1,142.0,0.0,43.4
3304,화장품,콜롬비아,2306.0,488.0,1617.0,372.5,6070.0,1812.0,235.0,4258.0,0.2,43.4
3304,화장품,콩고,0.0,0.0,1.0,,2.0,0.0,,2.0,0.0,43.4
3304,화장품,콩고민주공화국,1.0,0.0,0.0,,1.0,0.0,,1.0,0.0,43.4
3304,화장품,쿠바,0.0,0.0,15.0,,29.0,17.0,70.6,12.0,0.0,43.4
3304,화장품,쿠웨이트,3152.0,1841.0,2405.0,71.2,7892.0,4050.0,94.9,3842.0,0.2,43.4
3304,화장품,큐라소,4.0,1.0,6.0,300.0,13.0,1.0,1200.0,12.0,0.0,43.4
3304,화장품,크로아티아,282.0,636.0,274.0,-55.7,1416.0,1738.0,-18.5,-322.0,0.0,43.4
3304,화장품,키르기스스탄,8230.0,6514.0,9366.0,26.3,27795.0,19931.0,39.5,7864.0,0.9,43.4
3304,화장품,타지크,2.0,380.0,105.0,-99.5,108.0,380.0,-71.6,-272.0,0.0,43.4
3304,화장품,탄자니아,231.0,231.0,509.0,0.0,1121.0,703.0,59.5,418.0,0.0,43.4
3304,화장품,태국,15618.0,13769.0,17478.0,13.4,52031.0,48764.0,6.7,3267.0,1.6,43.4
3304,화장품,토고,2.0,6.0,0.0,-66.7,3.0,8.0,-62.5,-5.0,0.0,43.4
3304,화장품,토켈라우,0.0,24.0,0.0,-100.0,0.0,24.0,-100.0,-24.0,0.0,43.4
3304,화장품,투르크 & 카이코스 군도,0.0,0.0,0.0,,0.0,0.0,,0.0,0.0,43.4
3304,화장품,투르크멘,54.0,31.0,44.0,74.2,248.0,100.0,148.0,148.0,0.0,43.4
3304,화장품,튀니지,15.0,31.0,31.0,-51.6,87.0,146.0,-40.4,-59.0,0.0,43.4
3304,화장품,튀르키예,13337.0,6480.0,17072.0,105.8,45115.0,21139.0,113.4,23976.0,1.4,43.4
3304,화장품,트리니다드 토바고,81.0,24.0,36.0,237.5,128.0,154.0,-16.9,-26.0,0.0,43.4
3304,화장품,티모르,0.0,2.0,0.0,-100.0,0.0,2.0,-100.0,-2.0,0.0,43.4
3304,화장품,파나마,201.0,98.0,381.0,105.1,1141.0,375.0,204.3,766.0,0.0,43.4
3304,화장품,파라과이,3952.0,219.0,7051.0,1704.6,14822.0,561.0,2542.1,14261.0,0.5,43.4
3304,화장품,파로에 군도,0.0,0.0,0.0,,0.0,0.0,,0.0,0.0,43.4
3304,화장품,파키스탄,1468.0,1180.0,1171.0,24.4,3502.0,2899.0,20.8,603.0,0.1,43.4
3304,화장품,파푸아 뉴기니,0.0,0.0,3.0,,4.0,1.0,300.0,3.0,0.0,43.4
3304,화장품,팔라우,0.0,0.0,0.0,,0.0,0.0,,0.0,0.0,43.4
3304,화장품,팔레스타인 해방기구,79.0,25.0,95.0,216.0,243.0,99.0,145.5,144.0,0.0,43.4
3304,화장품,페루,2164.0,1102.0,1645.0,96.4,5230.0,2790.0,87.5,2440.0,0.2,43.4
3304,화장품,포루투갈,399.0,44.0,89.0,806.8,666.0,239.0,178.7,427.0,0.0,43.4
3304,화장품,폴란드,13260.0,11974.0,25964.0,10.7,81391.0,65070.0,25.1,16321.0,2.5,43.4
3304,화장품,푸에르토리코,197.0,209.0,181.0,-5.7,771.0,331.0,132.9,440.0,0.0,43.4
3304,화장품,프랑스,10843.0,12223.0,12088.0,-11.3,34318.0,31924.0,7.5,2394.0,1.0,43.4
3304,화장품,피지,9.0,48.0,3.0,-81.2,47.0,131.0,-64.1,-84.0,0.0,43.4
3304,화장품,핀란드,1935.0,1501.0,2389.0,28.9,6245.0,3994.0,56.4,2251.0,0.2,43.4
3304,화장품,필리핀,8840.0,7421.0,9947.0,19.1,27226.0,25295.0,7.6,1931.0,0.8,43.4
3304,화장품,헝가리,393.0,521.0,421.0,-24.6,1443.0,1221.0,18.2,222.0,0.0,43.4
3304,화장품,호주,24065.0,11177.0,22470.0,115.3,67799.0,38116.0,77.9,29683.0,2.1,43.4
3304,화장품,홍콩,34307.0,47979.0,39634.0,-28.5,141286.0,136050.0,3.8,5236.0,4.3,43.4
8504,변압기·전력변환기 전체,가나,5.0,0.0,0.0,,5.0,0.0,,5.0,0.0,-6.3
8504,변압기·전력변환기 전체,가봉,4.0,0.0,0.0,,4.0,0.0,,4.0,0.0,-6.3
8504,변압기·전력변환기 전체,가이아나,0.0,0.0,0.0,,0.0,0.0,,0.0,0.0,-6.3
8504,변압기·전력변환기 전체,감비아,0.0,0.0,0.0,,0.0,0.0,,0.0,0.0,-6.3
8504,변압기·전력변환기 전체,과테말라,69.0,1.0,2.0,6800.0,145.0,87.0,66.7,58.0,0.0,-6.3
8504,변압기·전력변환기 전체,괌,9.0,15.0,152.0,-40.0,302.0,214.0,41.1,88.0,0.0,-6.3
8504,변압기·전력변환기 전체,그리스,1.0,2.0,3.0,-50.0,7.0,13.0,-46.2,-6.0,0.0,-6.3
8504,변압기·전력변환기 전체,기니,0.0,0.0,0.0,,0.0,0.0,,0.0,0.0,-6.3
8504,변압기·전력변환기 전체,기타국,0.0,0.0,0.0,,0.0,0.0,,0.0,0.0,-6.3
8504,변압기·전력변환기 전체,나미비아,0.0,0.0,0.0,,0.0,0.0,,0.0,0.0,-6.3
8504,변압기·전력변환기 전체,나우루,0.0,0.0,0.0,,0.0,0.0,,0.0,0.0,-6.3
8504,변압기·전력변환기 전체,나이지리아,0.0,5.0,0.0,-100.0,2.0,6.0,-66.7,-4.0,0.0,-6.3
8504,변압기·전력변환기 전체,남아프리카공화국,67.0,162.0,98.0,-58.6,351.0,683.0,-48.6,-332.0,0.0,-6.3
8504,변압기·전력변환기 전체,네덜란드,2726.0,3896.0,3461.0,-30.0,14658.0,13132.0,11.6,1526.0,1.3,-6.3
8504,변압기·전력변환기 전체,네덜란드 열도,0.0,0.0,0.0,,0.0,0.0,,0.0,0.0,-6.3
8504,변압기·전력변환기 전체,네팔,3.0,14.0,0.0,-78.6,3.0,19.0,-84.2,-16.0,0.0,-6.3
8504,변압기·전력변환기 전체,노르웨이,11430.0,11.0,11704.0,103809.1,23138.0,27.0,85596.3,23111.0,2.0,-6.3
8504,변압기·전력변환기 전체,뉴 칼레도니아,0.0,1.0,0.0,-100.0,0.0,1.0,-100.0,-1.0,0.0,-6.3
8504,변압기·전력변환기 전체,뉴질랜드,102.0,110.0,54.0,-7.3,236.0,362.0,-34.8,-126.0,0.0,-6.3
8504,변압기·전력변환기 전체,니제르,0.0,0.0,0.0,,0.0,0.0,,0.0,0.0,-6.3
8504,변압기·전력변환기 전체,니카라과,67.0,276.0,105.0,-75.7,172.0,546.0,-68.5,-374.0,0.0,-6.3
8504,변압기·전력변환기 전체,대만,5881.0,5576.0,5691.0,5.5,16914.0,14125.0,19.7,2789.0,1.5,-6.3
8504,변압기·전력변환기 전체,덴마크,1.0,1.0,4.0,0.0,8.0,19.0,-57.9,-11.0,0.0,-6.3
8504,변압기·전력변환기 전체,도미니카,0.0,0.0,0.0,,0.0,0.0,,0.0,0.0,-6.3
8504,변압기·전력변환기 전체,도미니카 공화국,0.0,28.0,126.0,-100.0,127.0,172.0,-26.2,-45.0,0.0,-6.3
8504,변압기·전력변환기 전체,독일,3499.0,3716.0,1630.0,-5.8,7219.0,13753.0,-47.5,-6534.0,0.6,-6.3
8504,변압기·전력변환기 전체,라오스,3.0,0.0,113.0,,118.0,20.0,490.0,98.0,0.0,-6.3
8504,변압기·전력변환기 전체,라이베리아,0.0,0.0,0.0,,0.0,0.0,,0.0,0.0,-6.3
8504,변압기·전력변환기 전체,라트비아,1.0,0.0,0.0,,3.0,1.0,200.0,2.0,0.0,-6.3
8504,변압기·전력변환기 전체,러시아 연방,351.0,0.0,415.0,,902.0,2.0,45000.0,900.0,0.1,-6.3
8504,변압기·전력변환기 전체,레바논,4.0,11.0,4.0,-63.6,15.0,188.0,-92.0,-173.0,0.0,-6.3
8504,변압기·전력변환기 전체,루마니아,94.0,515.0,52.0,-81.7,258.0,1067.0,-75.8,-809.0,0.0,-6.3
8504,변압기·전력변환기 전체,룩셈부르그,42.0,0.0,14.0,,110.0,277.0,-60.3,-167.0,0.0,-6.3
8504,변압기·전력변환기 전체,르완다,0.0,0.0,0.0,,310.0,0.0,,310.0,0.0,-6.3
8504,변압기·전력변환기 전체,리비아,59.0,0.0,0.0,,216.0,0.0,,216.0,0.0,-6.3
8504,변압기·전력변환기 전체,리투아니아,4.0,2.0,0.0,100.0,38.0,15.0,153.3,23.0,0.0,-6.3
8504,변압기·전력변환기 전체,리히텐슈타인,0.0,0.0,0.0,,0.0,0.0,,0.0,0.0,-6.3
8504,변압기·전력변환기 전체,마다카스카르,0.0,0.0,0.0,,0.0,0.0,,0.0,0.0,-6.3
8504,변압기·전력변환기 전체,마샬군도,104.0,0.0,0.0,,111.0,0.0,,111.0,0.0,-6.3
8504,변압기·전력변환기 전체,마세도니아,0.0,0.0,0.0,,0.0,0.0,,0.0,0.0,-6.3
8504,변압기·전력변환기 전체,마이크로네시아,0.0,0.0,0.0,,0.0,0.0,,0.0,0.0,-6.3
8504,변압기·전력변환기 전체,마카오,0.0,0.0,0.0,,0.0,0.0,,0.0,0.0,-6.3
8504,변압기·전력변환기 전체,마티니크,0.0,0.0,2.0,,2.0,0.0,,2.0,0.0,-6.3
8504,변압기·전력변환기 전체,말라위,0.0,0.0,0.0,,0.0,0.0,,0.0,0.0,-6.3
8504,변압기·전력변환기 전체,말레이시아,65220.0,1896.0,9811.0,3339.9,80879.0,10399.0,677.8,70480.0,7.0,-6.3
8504,변압기·전력변환기 전체,멕시코,7713.0,5508.0,7630.0,40.0,21644.0,15482.0,39.8,6162.0,1.9,-6.3
8504,변압기·전력변환기 전체,모로코,0.0,0.0,4.0,,6.0,0.0,,6.0,0.0,-6.3
8504,변압기·전력변환기 전체,모리셔스,0.0,0.0,1.0,,10.0,7.0,42.9,3.0,0.0,-6.3
8504,변압기·전력변환기 전체,모잠비크,1.0,4.0,32.0,-75.0,280.0,5.0,5500.0,275.0,0.0,-6.3
8504,변압기·전력변환기 전체,몬테네그로,0.0,0.0,0.0,,0.0,0.0,,0.0,0.0,-6.3
8504,변압기·전력변환기 전체,몰도바,0.0,5.0,0.0,-100.0,0.0,5.0,-100.0,-5.0,0.0,-6.3
8504,변압기·전력변환기 전체,몰디브,0.0,0.0,94.0,,94.0,5.0,1780.0,89.0,0.0,-6.3
8504,변압기·전력변환기 전체,몰타,1.0,0.0,2.0,,3.0,1.0,200.0,2.0,0.0,-6.3
8504,변압기·전력변환기 전체,몽골,163.0,3.0,11.0,5333.3,341.0,49.0,595.9,292.0,0.0,-6.3
8504,변압기·전력변환기 전체,미국,205183.0,152355.0,204248.0,34.7,576928.0,594267.0,-2.9,-17339.0,49.9,-6.3
8504,변압기·전력변환기 전체,미령 버진군도,0.0,0.0,0.0,,0.0,0.0,,0.0,0.0,-6.3
8504,변압기·전력변환기 전체,미얀마,64.0,189.0,87.0,-66.1,222.0,351.0,-36.8,-129.0,0.0,-6.3
8504,변압기·전력변환기 전체,바누아투,0.0,0.0,0.0,,0.0,0.0,,0.0,0.0,-6.3
8504,변압기·전력변환기 전체,바레인,1.0,1.0,7.0,0.0,9.0,281.0,-96.8,-272.0,0.0,-6.3
8504,변압기·전력변환기 전체,바하마,4.0,0.0,0.0,,4.0,0.0,,4.0,0.0,-6.3
8504,변압기·전력변환기 전체,방글라데시,7.0,53.0,15.0,-86.8,1464.0,104.0,1307.7,1360.0,0.1,-6.3
8504,변압기·전력변환기 전체,베네주엘라,0.0,1.0,0.0,-100.0,1.0,142.0,-99.3,-141.0,0.0,-6.3
8504,변압기·전력변환기 전체,베트남,27142.0,38055.0,42592.0,-28.7,94550.0,93657.0,1.0,893.0,8.2,-6.3
8504,변압기·전력변환기 전체,벨기에,180.0,2003.0,308.0,-91.0,1023.0,4662.0,-78.1,-3639.0,0.1,-6.3
8504,변압기·전력변환기 전체,벨리제,0.0,25.0,0.0,-100.0,0.0,40.0,-100.0,-40.0,0.0,-6.3
8504,변압기·전력변환기 전체,보스니아-헤르체고비나,0.0,0.0,0.0,,0.0,4.0,-100.0,-4.0,0.0,-6.3
8504,변압기·전력변환기 전체,보츠와나,0.0,0.0,0.0,,0.0,0.0,,0.0,0.0,-6.3
8504,변압기·전력변환기 전체,볼리비아,0.0,0.0,0.0,,9.0,0.0,,9.0,0.0,-6.3
8504,변압기·전력변환기 전체,부룬디,0.0,0.0,0.0,,0.0,0.0,,0.0,0.0,-6.3
8504,변압기·전력변환기 전체,부탄,0.0,0.0,0.0,,0.0,0.0,,0.0,0.0,-6.3
8504,변압기·전력변환기 전체,북마리아나 군도,0.0,68.0,61.0,-100.0,65.0,93.0,-30.1,-28.0,0.0,-6.3
8504,변압기·전력변환기 전체,불가리아,66.0,0.0,0.0,,66.0,2.0,3200.0,64.0,0.0,-6.3
8504,변압기·전력변환기 전체,불령 리유니온 코모도 제도,0.0,0.0,0.0,,0.0,0.0,,0.0,0.0,-6.3
8504,변압기·전력변환기 전체,불령 폴리네시아,0.0,0.0,0.0,,0.0,0.0,,0.0,0.0,-6.3
8504,변압기·전력변환기 전체,브라질,1826.0,2267.0,1884.0,-19.5,5181.0,7203.0,-28.1,-2022.0,0.4,-6.3
8504,변압기·전력변환기 전체,브루나이,0.0,0.0,0.0,,0.0,1.0,-100.0,-1.0,0.0,-6.3
8504,변압기·전력변환기 전체,사모아,0.0,0.0,0.0,,0.0,0.0,,0.0,0.0,-6.3
8504,변압기·전력변환기 전체,사우디아라비아,784.0,19712.0,4311.0,-96.0,12006.0,49842.0,-75.9,-37836.0,1.0,-6.3
8504,변압기·전력변환기 전체,사이프러스,1.0,1.0,10.0,0.0,17.0,12.0,41.7,5.0,0.0,-6.3
8504,변압기·전력변환기 전체,세네갈,18.0,0.0,0.0,,18.0,0.0,,18.0,0.0,-6.3
8504,변압기·전력변환기 전체,세르비아,6.0,124.0,15.0,-95.2,24.0,145.0,-83.4,-121.0,0.0,-6.3
8504,변압기·전력변환기 전체,세이쉘,0.0,0.0,0.0,,0.0,0.0,,0.0,0.0,-6.3
8504,변압기·전력변환기 전체,세인트 루시아,0.0,0.0,0.0,,0.0,0.0,,0.0,0.0,-6.3
8504,변압기·전력변환기 전체,세인트 빈센트 그레나딘,0.0,0.0,0.0,,0.0,0.0,,0.0,0.0,-6.3
8504,변압기·전력변환기 전체,세인트 키츠 네비스,0.0,0.0,0.0,,0.0,0.0,,0.0,0.0,-6.3
8504,변압기·전력변환기 전체,세인트마틴(생마르탱),0.0,0.0,5.0,,5.0,0.0,,5.0,0.0,-6.3
8504,변압기·전력변환기 전체,솔로몬 군도,0.0,0.0,0.0,,0.0,0.0,,0.0,0.0,-6.3
8504,변압기·전력변환기 전체,수단,1.0,0.0,6.0,,7.0,0.0,,7.0,0.0,-6.3
8504,변압기·전력변환기 전체,스리랑카,9.0,22.0,19.0,-59.1,36.0,74.0,-51.4,-38.0,0.0,-6.3
8504,변압기·전력변환기 전체,스와질랜드,0.0,0.0,0.0,,0.0,0.0,,0.0,0.0,-6.3
8504,변압기·전력변환기 전체,스웨덴,72.0,773.0,87.0,-90.7,651.0,4243.0,-84.7,-3592.0,0.1,-6.3
8504,변압기·전력변환기 전체,스위스,3.0,3.0,5.0,0.0,19.0,61.0,-68.9,-42.0,0.0,-6.3
8504,변압기·전력변환기 전체,스페인,2484.0,1060.0,3999.0,134.3,11407.0,2265.0,403.6,9142.0,1.0,-6.3
8504,변압기·전력변환기 전체,슬로바키아,4969.0,7659.0,5417.0,-35.1,17632.0,18917.0,-6.8,-1285.0,1.5,-6.3
8504,변압기·전력변환기 전체,슬로베니아,52.0,0.0,13.0,,81.0,24.0,237.5,57.0,0.0,-6.3
8504,변압기·전력변환기 전체,시리아,85.0,0.0,0.0,,85.0,0.0,,85.0,0.0,-6.3
8504,변압기·전력변환기 전체,시에라 리온,0.0,0.0,0.0,,0.0,0.0,,0.0,0.0,-6.3
8504,변압기·전력변환기 전체,싱가포르,1293.0,9223.0,1482.0,-86.0,4208.0,11798.0,-64.3,-7590.0,0.4,-6.3
8504,변압기·전력변환기 전체,아랍에미리트 연합,346.0,1609.0,2311.0,-78.5,5414.0,15780.0,-65.7,-10366.0,0.5,-6.3
8504,변압기·전력변환기 전체,아르메니아,0.0,0.0,2.0,,2.0,0.0,,2.0,0.0,-6.3
8504,변압기·전력변환기 전체,아르헨티나,18.0,133.0,206.0,-86.5,290.0,533.0,-45.6,-243.0,0.0,-6.3
8504,변압기·전력변환기 전체,아메리칸 사모아,72.0,0.0,0.0,,72.0,0.0,,72.0,0.0,-6.3
8504,변압기·전력변환기 전체,아이슬란드,0.0,0.0,8.0,,8.0,0.0,,8.0,0.0,-6.3
8504,변압기·전력변환기 전체,아이티,4.0,0.0,0.0,,4.0,2.0,100.0,2.0,0.0,-6.3
8504,변압기·전력변환기 전체,아일랜드,50.0,21.0,21.0,138.1,114.0,86.0,32.6,28.0,0.0,-6.3
8504,변압기·전력변환기 전체,아제르바이잔,0.0,0.0,1.0,,1.0,28.0,-96.4,-27.0,0.0,-6.3
8504,변압기·전력변환기 전체,아프카니스탄,0.0,0.0,0.0,,0.0,0.0,,0.0,0.0,-6.3
8504,변압기·전력변환기 전체,안티가 바부다,0.0,0.0,0.0,,0.0,222.0,-100.0,-222.0,0.0,-6.3
8504,변압기·전력변환기 전체,알바니아,0.0,0.0,0.0,,0.0,0.0,,0.0,0.0,-6.3
8504,변압기·전력변환기 전체,알제리,2.0,6.0,46.0,-66.7,56.0,413.0,-86.4,-357.0,0.0,-6.3
8504,변압기·전력변환기 전체,앙골라,36.0,0.0,15.0,,51.0,0.0,,51.0,0.0,-6.3
8504,변압기·전력변환기 전체,에리트리아,0.0,0.0,0.0,,0.0,147.0,-100.0,-147.0,0.0,-6.3
8504,변압기·전력변환기 전체,에스토니아,0.0,5.0,0.0,-100.0,53.0,10.0,430.0,43.0,0.0,-6.3
8504,변압기·전력변환기 전체,에쿠아도르,0.0,4.0,7.0,-100.0,24.0,8.0,200.0,16.0,0.0,-6.3
8504,변압기·전력변환기 전체,에티오피아,0.0,1119.0,2.0,-100.0,12.0,1119.0,-98.9,-1107.0,0.0,-6.3
8504,변압기·전력변환기 전체,엘살바도르,41.0,0.0,98.0,,201.0,32.0,528.1,169.0,0.0,-6.3
8504,변압기·전력변환기 전체,영국,9479.0,6804.0,12672.0,39.3,40570.0,39126.0,3.7,1444.0,3.5,-6.3
8504,변압기·전력변환기 전체,영령 버진군도,0.0,0.0,0.0,,0.0,0.0,,0.0,0.0,-6.3
8504,변압기·전력변환기 전체,영령 캐이맨 군도,0.0,0.0,0.0,,0.0,0.0,,0.0,0.0,-6.3
8504,변압기·전력변환기 전체,예맨,69.0,0.0,134.0,,274.0,15.0,1726.7,259.0,0.0,-6.3
8504,변압기·전력변환기 전체,오만,46.0,0.0,17.0,,100.0,200.0,-50.0,-100.0,0.0,-6.3
8504,변압기·전력변환기 전체,오스트리아,516.0,1054.0,316.0,-51.0,1250.0,2596.0,-51.8,-1346.0,0.1,-6.3
8504,변압기·전력변환기 전체,온두라스,3.0,5.0,4.0,-40.0,8.0,27.0,-70.4,-19.0,0.0,-6.3
8504,변압기·전력변환기 전체,요르단,28.0,38.0,64.0,-26.3,103.0,97.0,6.2,6.0,0.0,-6.3
8504,변압기·전력변환기 전체,우간다,47.0,9.0,0.0,422.2,47.0,19.0,147.4,28.0,0.0,-6.3
8504,변압기·전력변환기 전체,우루과이,0.0,51.0,61.0,-100.0,80.0,274.0,-70.8,-194.0,0.0,-6.3
8504,변압기·전력변환기 전체,우즈베키스탄,9.0,466.0,11.0,-98.1,186.0,489.0,-62.0,-303.0,0.0,-6.3
8504,변압기·전력변환기 전체,우크라이나,3.0,2.0,0.0,50.0,4.0,4.0,0.0,0.0,0.0,-6.3
8504,변압기·전력변환기 전체,이라크,0.0,137.0,10.0,-100.0,10.0,146.0,-93.2,-136.0,0.0,-6.3
8504,변압기·전력변환기 전체,이란,0.0,5.0,0.0,-100.0,0.0,5.0,-100.0,-5.0,0.0,-6.3
8504,변압기·전력변환기 전체,이스라엘,407.0,9102.0,167.0,-95.5,1041.0,9378.0,-88.9,-8337.0,0.1,-6.3
8504,변압기·전력변환기 전체,이집트,382.0,263.0,183.0,45.2,3901.0,1443.0,170.3,2458.0,0.3,-6.3
8504,변압기·전력변환기 전체,이탈리아,91.0,150.0,187.0,-39.3,753.0,547.0,37.7,206.0,0.1,-6.3
8504,변압기·전력변환기 전체,인도,9983.0,13006.0,6008.0,-23.2,21360.0,37743.0,-43.4,-16383.0,1.8,-6.3
8504,변압기·전력변환기 전체,인도네시아,4024.0,6501.0,4189.0,-38.1,13328.0,11507.0,15.8,1821.0,1.2,-6.3
8504,변압기·전력변환기 전체,일본,7150.0,6330.0,8442.0,13.0,28705.0,20005.0,43.5,8700.0,2.5,-6.3
8504,변압기·전력변환기 전체,자마이카,0.0,0.0,0.0,,0.0,0.0,,0.0,0.0,-6.3
8504,변압기·전력변환기 전체,잠비아,0.0,0.0,0.0,,0.0,0.0,,0.0,0.0,-6.3
8504,변압기·전력변환기 전체,적도 기니,0.0,0.0,0.0,,0.0,0.0,,0.0,0.0,-6.3
8504,변압기·전력변환기 전체,조지아,0.0,0.0,0.0,,1.0,1.0,0.0,0.0,0.0,-6.3
8504,변압기·전력변환기 전체,중국,22344.0,23930.0,25356.0,-6.6,68771.0,75557.0,-9.0,-6786.0,6.0,-6.3
8504,변압기·전력변환기 전체,중앙아프리카공화국,0.0,0.0,0.0,,0.0,0.0,,0.0,0.0,-6.3
8504,변압기·전력변환기 전체,지부티,0.0,0.0,0.0,,0.0,0.0,,0.0,0.0,-6.3
8504,변압기·전력변환기 전체,짐바브웨,0.0,0.0,10.0,,10.0,0.0,,10.0,0.0,-6.3
8504,변압기·전력변환기 전체,체코공화국,3005.0,8795.0,5341.0,-65.8,13521.0,24212.0,-44.2,-10691.0,1.2,-6.3
8504,변압기·전력변환기 전체,칠레,183.0,126.0,273.0,45.2,710.0,376.0,88.8,334.0,0.1,-6.3
8504,변압기·전력변환기 전체,카메룬,0.0,0.0,0.0,,0.0,0.0,,0.0,0.0,-6.3
8504,변압기·전력변환기 전체,카자흐스탄,3.0,20.0,26.0,-85.0,36.0,3292.0,-98.9,-3256.0,0.0,-6.3
8504,변압기·전력변환기 전체,카타르,1.0,17.0,102.0,-94.1,204.0,15525.0,-98.7,-15321.0,0.0,-6.3
8504,변압기·전력변환기 전체,캄보디아,170.0,0.0,100.0,,461.0,0.0,,461.0,0.0,-6.3
8504,변압기·전력변환기 전체,캐나다,1280.0,2000.0,7565.0,-36.0,10105.0,28613.0,-64.7,-18508.0,0.9,-6.3
8504,변압기·전력변환기 전체,케냐,0.0,0.0,0.0,,1.0,5.0,-80.0,-4.0,0.0,-6.3
8504,변압기·전력변환기 전체,코스 군도,0.0,0.0,0.0,,0.0,0.0,,0.0,0.0,-6.3
8504,변압기·전력변환기 전체,코스타리카,1.0,1.0,9.0,0.0,16.0,6.0,166.7,10.0,0.0,-6.3
8504,변압기·전력변환기 전체,코트디봐르,0.0,0.0,1.0,,1.0,2.0,-50.0,-1.0,0.0,-6.3
8504,변압기·전력변환기 전체,콜롬비아,1.0,6.0,3.0,-83.3,19.0,807.0,-97.6,-788.0,0.0,-6.3
8504,변압기·전력변환기 전체,콩고,0.0,0.0,0.0,,0.0,0.0,,0.0,0.0,-6.3
8504,변압기·전력변환기 전체,콩고민주공화국,0.0,0.0,0.0,,0.0,0.0,,0.0,0.0,-6.3
8504,변압기·전력변환기 전체,쿠웨이트,65.0,78.0,57.0,-16.7,851.0,16745.0,-94.9,-15894.0,0.1,-6.3
8504,변압기·전력변환기 전체,큐라소,0.0,0.0,0.0,,0.0,0.0,,0.0,0.0,-6.3
8504,변압기·전력변환기 전체,크로아티아,0.0,0.0,3.0,,3.0,4.0,-25.0,-1.0,0.0,-6.3
8504,변압기·전력변환기 전체,키르기스스탄,17.0,268.0,3.0,-93.7,20.0,270.0,-92.6,-250.0,0.0,-6.3
8504,변압기·전력변환기 전체,키리바티,0.0,0.0,0.0,,4.0,0.0,,4.0,0.0,-6.3
8504,변압기·전력변환기 전체,타지크,0.0,0.0,0.0,,0.0,0.0,,0.0,0.0,-6.3
8504,변압기·전력변환기 전체,탄자니아,0.0,25.0,0.0,-100.0,3.0,25712.0,-100.0,-25709.0,0.0,-6.3
8504,변압기·전력변환기 전체,태국,1658.0,2083.0,3644.0,-20.4,7923.0,6405.0,23.7,1518.0,0.7,-6.3
8504,변압기·전력변환기 전체,토고,0.0,1.0,0.0,-100.0,0.0,2.0,-100.0,-2.0,0.0,-6.3
8504,변압기·전력변환기 전체,토켈라우,0.0,0.0,0.0,,0.0,0.0,,0.0,0.0,-6.3
8504,변압기·전력변환기 전체,투르크 & 카이코스 군도,0.0,0.0,0.0,,0.0,0.0,,0.0,0.0,-6.3
8504,변압기·전력변환기 전체,투르크멘,0.0,0.0,0.0,,0.0,0.0,,0.0,0.0,-6.3
8504,변압기·전력변환기 전체,투발루,0.0,0.0,0.0,,0.0,0.0,,0.0,0.0,-6.3
8504,변압기·전력변환기 전체,튀니지,1.0,6.0,31.0,-83.3,51.0,22.0,131.8,29.0,0.0,-6.3
8504,변압기·전력변환기 전체,튀르키예,1194.0,1442.0,1162.0,-17.2,4143.0,3643.0,13.7,500.0,0.4,-6.3
8504,변압기·전력변환기 전체,트리니다드 토바고,0.0,0.0,0.0,,0.0,0.0,,0.0,0.0,-6.3
8504,변압기·전력변환기 전체,파나마,56.0,48.0,119.0,16.7,199.0,173.0,15.0,26.0,0.0,-6.3
8504,변압기·전력변환기 전체,파라과이,0.0,0.0,0.0,,0.0,7.0,-100.0,-7.0,0.0,-6.3
8504,변압기·전력변환기 전체,파키스탄,51.0,25.0,45.0,104.0,158.0,246.0,-35.8,-88.0,0.0,-6.3
8504,변압기·전력변환기 전체,파푸아 뉴기니,0.0,3.0,0.0,-100.0,0.0,3.0,-100.0,-3.0,0.0,-6.3
8504,변압기·전력변환기 전체,팔레스타인 해방기구,0.0,0.0,2.0,,2.0,2.0,0.0,0.0,0.0,-6.3
8504,변압기·전력변환기 전체,페루,17.0,4.0,798.0,325.0,856.0,34.0,2417.6,822.0,0.1,-6.3
8504,변압기·전력변환기 전체,포루투갈,64.0,446.0,349.0,-85.7,429.0,750.0,-42.8,-321.0,0.0,-6.3
8504,변압기·전력변환기 전체,포클랜드 군도,0.0,0.0,0.0,,0.0,0.0,,0.0,0.0,-6.3
8504,변압기·전력변환기 전체,폴란드,4051.0,1778.0,4428.0,127.8,12970.0,6672.0,94.4,6298.0,1.1,-6.3
8504,변압기·전력변환기 전체,푸에르토리코,0.0,0.0,0.0,,0.0,0.0,,0.0,0.0,-6.3
8504,변압기·전력변환기 전체,프랑스,109.0,744.0,1191.0,-85.3,1475.0,3527.0,-58.2,-2052.0,0.1,-6.3
8504,변압기·전력변환기 전체,피지,0.0,0.0,0.0,,0.0,1.0,-100.0,-1.0,0.0,-6.3
8504,변압기·전력변환기 전체,핀란드,173.0,4.0,292.0,4225.0,646.0,208.0,210.6,438.0,0.1,-6.3
8504,변압기·전력변환기 전체,필리핀,3558.0,2356.0,3338.0,51.0,9482.0,10372.0,-8.6,-890.0,0.8,-6.3
8504,변압기·전력변환기 전체,헝가리,597.0,374.0,429.0,59.6,1147.0,1206.0,-4.9,-59.0,0.1,-6.3
8504,변압기·전력변환기 전체,호주,139.0,199.0,296.0,-30.2,1334.0,1318.0,1.2,16.0,0.1,-6.3
8504,변압기·전력변환기 전체,홍콩,2216.0,1441.0,3075.0,53.8,7358.0,6248.0,17.8,1110.0,0.6,-6.3
850423,초고압 변압기(1만kVA 초과),괌,0.0,0.0,0.0,,0.0,8.0,-100.0,-8.0,0.0,-0.4
850423,초고압 변압기(1만kVA 초과),나미비아,0.0,0.0,0.0,,0.0,0.0,,0.0,0.0,-0.4
850423,초고압 변압기(1만kVA 초과),남아프리카공화국,0.0,0.0,0.0,,0.0,0.0,,0.0,0.0,-0.4
850423,초고압 변압기(1만kVA 초과),네덜란드,0.0,0.0,0.0,,4115.0,0.0,,4115.0,1.1,-0.4
850423,초고압 변압기(1만kVA 초과),노르웨이,9139.0,0.0,9333.0,,18472.0,0.0,,18472.0,5.0,-0.4
850423,초고압 변압기(1만kVA 초과),뉴질랜드,0.0,0.0,0.0,,0.0,0.0,,0.0,0.0,-0.4
850423,초고압 변압기(1만kVA 초과),대만,0.0,2152.0,0.0,-100.0,0.0,2152.0,-100.0,-2152.0,0.0,-0.4
850423,초고압 변압기(1만kVA 초과),말레이시아,60540.0,0.0,6394.0,,66934.0,2797.0,2293.1,64137.0,18.3,-0.4
850423,초고압 변압기(1만kVA 초과),미국,98459.0,63042.0,75033.0,56.2,229178.0,212779.0,7.7,16399.0,62.6,-0.4
850423,초고압 변압기(1만kVA 초과),방글라데시,0.0,0.0,0.0,,0.0,0.0,,0.0,0.0,-0.4
850423,초고압 변압기(1만kVA 초과),베트남,0.0,11067.0,12972.0,-100.0,12972.0,11067.0,17.2,1905.0,3.5,-0.4
850423,초고압 변압기(1만kVA 초과),브라질,0.0,0.0,0.0,,0.0,1019.0,-100.0,-1019.0,0.0,-0.4
850423,초고압 변압기(1만kVA 초과),사우디아라비아,0.0,11663.0,0.0,-100.0,0.0,27296.0,-100.0,-27296.0,0.0,-0.4
850423,초고압 변압기(1만kVA 초과),스리랑카,0.0,0.0,0.0,,0.0,0.0,,0.0,0.0,-0.4
850423,초고압 변압기(1만kVA 초과),스웨덴,0.0,0.0,0.0,,0.0,0.0,,0.0,0.0,-0.4
850423,초고압 변압기(1만kVA 초과),스페인,0.0,0.0,0.0,,0.0,0.0,,0.0,0.0,-0.4
850423,초고압 변압기(1만kVA 초과),슬로바키아,0.0,0.0,0.0,,1.0,3.0,-66.7,-2.0,0.0,-0.4
850423,초고압 변압기(1만kVA 초과),싱가포르,0.0,0.0,0.0,,0.0,0.0,,0.0,0.0,-0.4
850423,초고압 변압기(1만kVA 초과),아랍에미리트 연합,0.0,0.0,0.0,,0.0,8130.0,-100.0,-8130.0,0.0,-0.4
850423,초고압 변압기(1만kVA 초과),에티오피아,0.0,1119.0,0.0,-100.0,0.0,1119.0,-100.0,-1119.0,0.0,-0.4
850423,초고압 변압기(1만kVA 초과),영국,7304.0,4155.0,9627.0,75.8,22892.0,26625.0,-14.0,-3733.0,6.3,-0.4
850423,초고압 변압기(1만kVA 초과),이라크,0.0,0.0,0.0,,0.0,0.0,,0.0,0.0,-0.4
850423,초고압 변압기(1만kVA 초과),이스라엘,0.0,8121.0,0.0,-100.0,0.0,8121.0,-100.0,-8121.0,0.0,-0.4
850423,초고압 변압기(1만kVA 초과),이탈리아,0.0,0.0,0.0,,0.0,0.0,,0.0,0.0,-0.4
850423,초고압 변압기(1만kVA 초과),인도,0.0,0.0,0.0,,0.0,0.0,,0.0,0.0,-0.4
850423,초고압 변압기(1만kVA 초과),일본,0.0,0.0,0.0,,3282.0,0.0,,3282.0,0.9,-0.4
850423,초고압 변압기(1만kVA 초과),중국,0.0,0.0,0.0,,0.0,0.0,,0.0,0.0,-0.4
850423,초고압 변압기(1만kVA 초과),카타르,0.0,0.0,0.0,,0.0,11425.0,-100.0,-11425.0,0.0,-0.4
850423,초고압 변압기(1만kVA 초과),캐나다,893.0,1385.0,6494.0,-35.5,7387.0,21614.0,-65.8,-14227.0,2.0,-0.4
850423,초고압 변압기(1만kVA 초과),쿠웨이트,0.0,0.0,0.0,,0.0,16588.0,-100.0,-16588.0,0.0,-0.4
850423,초고압 변압기(1만kVA 초과),탄자니아,0.0,0.0,0.0,,0.0,16563.0,-100.0,-16563.0,0.0,-0.4
850423,초고압 변압기(1만kVA 초과),파나마,0.0,0.0,0.0,,0.0,0.0,,0.0,0.0,-0.4
850423,초고압 변압기(1만kVA 초과),폴란드,0.0,0.0,0.0,,0.0,0.0,,0.0,0.0,-0.4
850423,초고압 변압기(1만kVA 초과),프랑스,0.0,0.0,999.0,,999.0,0.0,,999.0,0.3,-0.4
850423,초고압 변압기(1만kVA 초과),핀란드,0.0,0.0,0.0,,0.0,0.0,,0.0,0.0,-0.4
850423,초고압 변압기(1만kVA 초과),필리핀,0.0,0.0,0.0,,0.0,475.0,-100.0,-475.0,0.0,-0.4
850423,초고압 변압기(1만kVA 초과),호주,0.0,0.0,0.0,,0.0,0.0,,0.0,0.0,-0.4
850423,초고압 변압기(1만kVA 초과),홍콩,0.0,0.0,0.0,,0.0,0.0,,0.0,0.0,-0.4
850760,리튬이온 2차전지,가나,5.0,0.0,0.0,,5.0,0.0,,5.0,0.0,7.1
850760,리튬이온 2차전지,과델로프,0.0,0.0,0.0,,0.0,0.0,,0.0,0.0,7.1
850760,리튬이온 2차전지,과테말라,0.0,0.0,0.0,,0.0,0.0,,0.0,0.0,7.1
850760,리튬이온 2차전지,괌,0.0,0.0,0.0,,0.0,0.0,,0.0,0.0,7.1
850760,리튬이온 2차전지,그리스,0.0,0.0,0.0,,0.0,0.0,,0.0,0.0,7.1
850760,리튬이온 2차전지,기타국,0.0,0.0,0.0,,0.0,0.0,,0.0,0.0,7.1
850760,리튬이온 2차전지,나이지리아,0.0,0.0,0.0,,0.0,0.0,,0.0,0.0,7.1
850760,리튬이온 2차전지,남아프리카공화국,11.0,21.0,5.0,-47.6,23.0,31.0,-25.8,-8.0,0.0,7.1
850760,리튬이온 2차전지,네덜란드,246.0,126.0,149.0,95.2,1556.0,371.0,319.4,1185.0,0.1,7.1
850760,리튬이온 2차전지,네팔,0.0,0.0,1.0,,1.0,0.0,,1.0,0.0,7.1
850760,리튬이온 2차전지,노르웨이,27.0,20.0,0.0,35.0,49.0,55.0,-10.9,-6.0,0.0,7.1
850760,리튬이온 2차전지,뉴질랜드,0.0,3.0,0.0,-100.0,2.0,7.0,-71.4,-5.0,0.0,7.1
850760,리튬이온 2차전지,대만,1897.0,290.0,2732.0,554.1,4858.0,1142.0,325.4,3716.0,0.5,7.1
850760,리튬이온 2차전지,덴마크,5.0,8.0,59.0,-37.5,76.0,26.0,192.3,50.0,0.0,7.1
850760,리튬이온 2차전지,도미니카 공화국,0.0,0.0,0.0,,0.0,0.0,,0.0,0.0,7.1
850760,리튬이온 2차전지,독일,6760.0,1993.0,12429.0,239.2,27978.0,19265.0,45.2,8713.0,2.7,7.1
850760,리튬이온 2차전지,라오스,0.0,0.0,0.0,,0.0,0.0,,0.0,0.0,7.1
850760,리튬이온 2차전지,라트비아,9.0,0.0,9.0,,20.0,0.0,,20.0,0.0,7.1
850760,리튬이온 2차전지,러시아 연방,0.0,0.0,0.0,,0.0,0.0,,0.0,0.0,7.1
850760,리튬이온 2차전지,레바논,1.0,0.0,0.0,,1.0,3.0,-66.7,-2.0,0.0,7.1
850760,리튬이온 2차전지,루마니아,0.0,0.0,0.0,,1.0,0.0,,1.0,0.0,7.1
850760,리튬이온 2차전지,룩셈부르그,0.0,0.0,12.0,,12.0,0.0,,12.0,0.0,7.1
850760,리튬이온 2차전지,르완다,0.0,0.0,0.0,,0.0,0.0,,0.0,0.0,7.1
850760,리튬이온 2차전지,리투아니아,0.0,0.0,0.0,,0.0,0.0,,0.0,0.0,7.1
850760,리튬이온 2차전지,마다카스카르,0.0,0.0,0.0,,0.0,0.0,,0.0,0.0,7.1
850760,리튬이온 2차전지,마세도니아,0.0,0.0,0.0,,0.0,0.0,,0.0,0.0,7.1
850760,리튬이온 2차전지,마카오,0.0,0.0,0.0,,0.0,0.0,,0.0,0.0,7.1
850760,리튬이온 2차전지,말레이시아,1779.0,4.0,1215.0,44375.0,11295.0,21.0,53685.7,11274.0,1.1,7.1
850760,리튬이온 2차전지,멕시코,1540.0,1320.0,1253.0,16.7,4112.0,13841.0,-70.3,-9729.0,0.4,7.1
850760,리튬이온 2차전지,모로코,0.0,0.0,0.0,,0.0,0.0,,0.0,0.0,7.1
850760,리튬이온 2차전지,모리셔스,0.0,0.0,0.0,,0.0,0.0,,0.0,0.0,7.1
850760,리튬이온 2차전지,모잠비크,1.0,0.0,115.0,,1061.0,0.0,,1061.0,0.1,7.1
850760,리튬이온 2차전지,몰도바,0.0,0.0,0.0,,0.0,2.0,-100.0,-2.0,0.0,7.1
850760,리튬이온 2차전지,몰디브,1.0,0.0,0.0,,2.0,0.0,,2.0,0.0,7.1
850760,리튬이온 2차전지,몰타,0.0,0.0,0.0,,0.0,0.0,,0.0,0.0,7.1
850760,리튬이온 2차전지,몽골,48.0,0.0,0.0,,50.0,0.0,,50.0,0.0,7.1
850760,리튬이온 2차전지,미국,143439.0,193691.0,173157.0,-25.9,480469.0,643210.0,-25.3,-162741.0,45.7,7.1
850760,리튬이온 2차전지,미얀마,30.0,0.0,1.0,,31.0,0.0,,31.0,0.0,7.1
850760,리튬이온 2차전지,바레인,0.0,0.0,0.0,,0.0,0.0,,0.0,0.0,7.1
850760,리튬이온 2차전지,방글라데시,0.0,0.0,0.0,,0.0,0.0,,0.0,0.0,7.1
850760,리튬이온 2차전지,베트남,15376.0,15724.0,19495.0,-2.2,49641.0,42175.0,17.7,7466.0,4.7,7.1
850760,리튬이온 2차전지,벨기에,16707.0,1039.0,12536.0,1508.0,38049.0,3700.0,928.4,34349.0,3.6,7.1
850760,리튬이온 2차전지,볼리비아,1.0,0.0,0.0,,2.0,0.0,,2.0,0.0,7.1
850760,리튬이온 2차전지,불가리아,0.0,0.0,0.0,,9.0,3.0,200.0,6.0,0.0,7.1
850760,리튬이온 2차전지,불령 가이아나,0.0,0.0,0.0,,0.0,0.0,,0.0,0.0,7.1
850760,리튬이온 2차전지,불령 폴리네시아,0.0,0.0,0.0,,0.0,1.0,-100.0,-1.0,0.0,7.1
850760,리튬이온 2차전지,브라질,46.0,24.0,120.0,91.7,167.0,32.0,421.9,135.0,0.0,7.1
850760,리튬이온 2차전지,브루나이,0.0,0.0,0.0,,0.0,0.0,,0.0,0.0,7.1
850760,리튬이온 2차전지,사우디아라비아,0.0,126.0,554.0,-100.0,565.0,127.0,344.9,438.0,0.1,7.1
850760,리튬이온 2차전지,사이프러스,0.0,1.0,0.0,-100.0,0.0,1.0,-100.0,-1.0,0.0,7.1
850760,리튬이온 2차전지,세네갈,0.0,4.0,0.0,-100.0,0.0,6.0,-100.0,-6.0,0.0,7.1
850760,리튬이온 2차전지,세르비아,0.0,1.0,10.0,-100.0,20.0,176.0,-88.6,-156.0,0.0,7.1
850760,리튬이온 2차전지,세이쉘,0.0,0.0,0.0,,0.0,0.0,,0.0,0.0,7.1
850760,리튬이온 2차전지,스리랑카,0.0,0.0,0.0,,0.0,2925.0,-100.0,-2925.0,0.0,7.1
850760,리튬이온 2차전지,스와질랜드,0.0,0.0,0.0,,0.0,0.0,,0.0,0.0,7.1
850760,리튬이온 2차전지,스웨덴,702.0,317.0,4354.0,121.5,8684.0,1033.0,740.7,7651.0,0.8,7.1
850760,리튬이온 2차전지,스위스,24.0,12.0,0.0,100.0,25.0,13.0,92.3,12.0,0.0,7.1
850760,리튬이온 2차전지,스페인,19.0,9.0,612.0,111.1,643.0,1233.0,-47.9,-590.0,0.1,7.1
850760,리튬이온 2차전지,슬로바키아,73.0,152.0,2.0,-52.0,75.0,687.0,-89.1,-612.0,0.0,7.1
850760,리튬이온 2차전지,슬로베니아,0.0,0.0,0.0,,0.0,0.0,,0.0,0.0,7.1
850760,리튬이온 2차전지,시리아,0.0,0.0,0.0,,0.0,9.0,-100.0,-9.0,0.0,7.1
850760,리튬이온 2차전지,시에라 리온,0.0,0.0,0.0,,0.0,0.0,,0.0,0.0,7.1
850760,리튬이온 2차전지,싱가포르,53.0,928.0,62.0,-94.3,525.0,4283.0,-87.7,-3758.0,0.0,7.1
850760,리튬이온 2차전지,아랍에미리트 연합,6.0,23.0,18.0,-73.9,3400.0,292.0,1064.4,3108.0,0.3,7.1
850760,리튬이온 2차전지,아르메니아,0.0,0.0,0.0,,0.0,0.0,,0.0,0.0,7.1
850760,리튬이온 2차전지,아르헨티나,0.0,6.0,0.0,-100.0,2.0,6.0,-66.7,-4.0,0.0,7.1
850760,리튬이온 2차전지,아이슬란드,0.0,0.0,0.0,,0.0,0.0,,0.0,0.0,7.1
850760,리튬이온 2차전지,아일랜드,2.0,0.0,0.0,,2.0,0.0,,2.0,0.0,7.1
850760,리튬이온 2차전지,아제르바이잔,0.0,0.0,0.0,,0.0,1.0,-100.0,-1.0,0.0,7.1
850760,리튬이온 2차전지,안타티카,0.0,0.0,0.0,,0.0,0.0,,0.0,0.0,7.1
850760,리튬이온 2차전지,알바니아,0.0,0.0,0.0,,0.0,0.0,,0.0,0.0,7.1
850760,리튬이온 2차전지,알제리,0.0,0.0,0.0,,0.0,0.0,,0.0,0.0,7.1
850760,리튬이온 2차전지,앙골라,30.0,0.0,2023.0,,2053.0,0.0,,2053.0,0.2,7.1
850760,리튬이온 2차전지,에스토니아,0.0,0.0,0.0,,0.0,1553.0,-100.0,-1553.0,0.0,7.1
850760,리튬이온 2차전지,에쿠아도르,0.0,0.0,0.0,,0.0,0.0,,0.0,0.0,7.1
850760,리튬이온 2차전지,에티오피아,0.0,0.0,0.0,,0.0,0.0,,0.0,0.0,7.1
850760,리튬이온 2차전지,엘살바도르,0.0,0.0,0.0,,0.0,0.0,,0.0,0.0,7.1
850760,리튬이온 2차전지,영국,268.0,1144.0,378.0,-76.6,907.0,2932.0,-69.1,-2025.0,0.1,7.1
850760,리튬이온 2차전지,오만,0.0,0.0,0.0,,0.0,0.0,,0.0,0.0,7.1
850760,리튬이온 2차전지,오스트리아,166.0,230.0,97.0,-27.8,415.0,315.0,31.7,100.0,0.0,7.1
850760,리튬이온 2차전지,온두라스,6.0,0.0,1.0,,7.0,0.0,,7.0,0.0,7.1
850760,리튬이온 2차전지,요르단,0.0,0.0,1.0,,1.0,0.0,,1.0,0.0,7.1
850760,리튬이온 2차전지,우루과이,0.0,0.0,0.0,,0.0,0.0,,0.0,0.0,7.1
850760,리튬이온 2차전지,우즈베키스탄,0.0,0.0,0.0,,142.0,30.0,373.3,112.0,0.0,7.1
850760,리튬이온 2차전지,우크라이나,4.0,0.0,2.0,,8.0,0.0,,8.0,0.0,7.1
850760,리튬이온 2차전지,이라크,0.0,0.0,0.0,,0.0,1.0,-100.0,-1.0,0.0,7.1
850760,리튬이온 2차전지,이란,0.0,0.0,0.0,,0.0,0.0,,0.0,0.0,7.1
850760,리튬이온 2차전지,이스라엘,112.0,86.0,246.0,30.2,431.0,145.0,197.2,286.0,0.0,7.1
850760,리튬이온 2차전지,이집트,0.0,0.0,1.0,,4.0,1.0,300.0,3.0,0.0,7.1
850760,리튬이온 2차전지,이탈리아,1622.0,1093.0,4005.0,48.4,13256.0,6349.0,108.8,6907.0,1.3,7.1
850760,리튬이온 2차전지,인도,39625.0,8517.0,40880.0,365.2,124575.0,37823.0,229.4,86752.0,11.9,7.1
850760,리튬이온 2차전지,인도네시아,20.0,26.0,10.0,-23.1,41.0,172.0,-76.2,-131.0,0.0,7.1
850760,리튬이온 2차전지,일본,10144.0,15414.0,9264.0,-34.2,49115.0,41936.0,17.1,7179.0,4.7,7.1
850760,리튬이온 2차전지,잠비아,0.0,0.0,0.0,,0.0,0.0,,0.0,0.0,7.1
850760,리튬이온 2차전지,조지아,0.0,0.0,0.0,,0.0,0.0,,0.0,0.0,7.1
850760,리튬이온 2차전지,중국,10101.0,22774.0,23205.0,-55.6,66600.0,75394.0,-11.7,-8794.0,6.3,7.1
850760,리튬이온 2차전지,체코공화국,4408.0,3419.0,800.0,28.9,13250.0,20304.0,-34.7,-7054.0,1.3,7.1
850760,리튬이온 2차전지,칠레,1.0,22.0,31.0,-95.5,71.0,32.0,121.9,39.0,0.0,7.1
850760,리튬이온 2차전지,카메룬,0.0,0.0,0.0,,0.0,0.0,,0.0,0.0,7.1
850760,리튬이온 2차전지,카자흐스탄,6.0,1.0,0.0,500.0,6.0,1.0,500.0,5.0,0.0,7.1
850760,리튬이온 2차전지,카타르,0.0,0.0,0.0,,0.0,0.0,,0.0,0.0,7.1
850760,리튬이온 2차전지,캄보디아,0.0,0.0,3.0,,3.0,0.0,,3.0,0.0,7.1
850760,리튬이온 2차전지,캐나다,656.0,1040.0,110.0,-36.9,3110.0,3455.0,-10.0,-345.0,0.3,7.1
850760,리튬이온 2차전지,케냐,0.0,0.0,0.0,,0.0,0.0,,0.0,0.0,7.1
850760,리튬이온 2차전지,코스타리카,0.0,0.0,1.0,,1.0,0.0,,1.0,0.0,7.1
850760,리튬이온 2차전지,콜롬비아,3.0,2.0,0.0,50.0,3.0,5.0,-40.0,-2.0,0.0,7.1
850760,리튬이온 2차전지,쿠웨이트,0.0,0.0,0.0,,0.0,0.0,,0.0,0.0,7.1
850760,리튬이온 2차전지,크로아티아,0.0,0.0,0.0,,0.0,0.0,,0.0,0.0,7.1
850760,리튬이온 2차전지,키르기스스탄,0.0,0.0,0.0,,0.0,0.0,,0.0,0.0,7.1
850760,리튬이온 2차전지,태국,24.0,109.0,1142.0,-78.0,2399.0,1544.0,55.4,855.0,0.2,7.1
850760,리튬이온 2차전지,토고,0.0,0.0,0.0,,0.0,1.0,-100.0,-1.0,0.0,7.1
850760,리튬이온 2차전지,튀니지,0.0,0.0,0.0,,0.0,0.0,,0.0,0.0,7.1
850760,리튬이온 2차전지,튀르키예,2920.0,175.0,105.0,1568.6,3252.0,1026.0,217.0,2226.0,0.3,7.1
850760,리튬이온 2차전지,파나마,7.0,32.0,24.0,-78.1,38.0,103.0,-63.1,-65.0,0.0,7.1
850760,리튬이온 2차전지,파라과이,0.0,0.0,0.0,,0.0,0.0,,0.0,0.0,7.1
850760,리튬이온 2차전지,파키스탄,1970.0,806.0,0.0,144.4,1970.0,1210.0,62.8,760.0,0.2,7.1
850760,리튬이온 2차전지,팔레스타인 해방기구,0.0,0.0,0.0,,0.0,0.0,,0.0,0.0,7.1
850760,리튬이온 2차전지,페루,0.0,0.0,0.0,,1.0,0.0,,1.0,0.0,7.1
850760,리튬이온 2차전지,포루투갈,0.0,0.0,3.0,,4.0,6.0,-33.3,-2.0,0.0,7.1
850760,리튬이온 2차전지,폴란드,1109.0,113.0,12251.0,881.4,24615.0,3340.0,637.0,21275.0,2.3,7.1
850760,리튬이온 2차전지,푸에르토리코,0.0,0.0,0.0,,0.0,0.0,,0.0,0.0,7.1
850760,리튬이온 2차전지,프랑스,5844.0,1958.0,3685.0,198.5,12791.0,2451.0,421.9,10340.0,1.2,7.1
850760,리튬이온 2차전지,핀란드,4757.0,6071.0,6056.0,-21.6,11724.0,20979.0,-44.1,-9255.0,1.1,7.1
850760,리튬이온 2차전지,필리핀,6169.0,5081.0,1900.0,21.4,8391.0,5934.0,41.4,2457.0,0.8,7.1
850760,리튬이온 2차전지,헝가리,185.0,2131.0,126.0,-91.3,3045.0,5650.0,-46.1,-2605.0,0.3,7.1
850760,리튬이온 2차전지,호주,3173.0,737.0,3741.0,330.5,12317.0,2302.0,435.1,10015.0,1.2,7.1
850760,리튬이온 2차전지,홍콩,21974.0,3438.0,25087.0,539.2,62913.0,11720.0,436.8,51193.0,6.0,7.1
8542,반도체(집적회로),가나,0.0,0.0,0.0,,0.0,0.0,,0.0,0.0,181.3
8542,반도체(집적회로),가이아나,0.0,0.0,0.0,,0.0,0.0,,0.0,0.0,181.3
8542,반도체(집적회로),감비아,0.0,0.0,0.0,,0.0,0.0,,0.0,0.0,181.3
8542,반도체(집적회로),과테말라,0.0,0.0,0.0,,0.0,0.0,,0.0,0.0,181.3
8542,반도체(집적회로),괌,0.0,0.0,0.0,,0.0,0.0,,0.0,0.0,181.3
8542,반도체(집적회로),교황청,0.0,0.0,0.0,,0.0,0.0,,0.0,0.0,181.3
8542,반도체(집적회로),그리스,0.0,7.0,0.0,-100.0,0.0,7.0,-100.0,-7.0,0.0,181.3
8542,반도체(집적회로),기니,0.0,0.0,0.0,,0.0,0.0,,0.0,0.0,181.3
8542,반도체(집적회로),기타국,0.0,0.0,0.0,,0.0,0.0,,0.0,0.0,181.3
8542,반도체(집적회로),나미비아,0.0,0.0,0.0,,0.0,0.0,,0.0,0.0,181.3
8542,반도체(집적회로),나이지리아,0.0,0.0,0.0,,191.0,0.0,,191.0,0.0,181.3
8542,반도체(집적회로),남수단,0.0,0.0,0.0,,0.0,0.0,,0.0,0.0,181.3
8542,반도체(집적회로),남아프리카공화국,326.0,496.0,184.0,-34.3,640.0,1367.0,-53.2,-727.0,0.0,181.3
8542,반도체(집적회로),네덜란드,39928.0,13224.0,58175.0,201.9,152197.0,41423.0,267.4,110774.0,0.1,181.3
8542,반도체(집적회로),네덜란드 열도,0.0,0.0,59.0,,74.0,46.0,60.9,28.0,0.0,181.3
8542,반도체(집적회로),네팔,0.0,0.0,0.0,,0.0,0.0,,0.0,0.0,181.3
8542,반도체(집적회로),노르웨이,1.0,0.0,1.0,,3.0,4.0,-25.0,-1.0,0.0,181.3
8542,반도체(집적회로),뉴질랜드,0.0,0.0,0.0,,9.0,5.0,80.0,4.0,0.0,181.3
8542,반도체(집적회로),대만,4585560.0,3257457.0,3896005.0,40.8,14546130.0,10044045.0,44.8,4502085.0,13.9,181.3
8542,반도체(집적회로),덴마크,414.0,40.0,427.0,935.0,1271.0,103.0,1134.0,1168.0,0.0,181.3
8542,반도체(집적회로),도미니카 공화국,0.0,0.0,0.0,,0.0,4.0,-100.0,-4.0,0.0,181.3
8542,반도체(집적회로),독일,56989.0,35916.0,53489.0,58.7,156308.0,97329.0,60.6,58979.0,0.1,181.3
8542,반도체(집적회로),라오스,0.0,0.0,0.0,,0.0,0.0,,0.0,0.0,181.3
8542,반도체(집적회로),라이베리아,0.0,0.0,0.0,,0.0,0.0,,0.0,0.0,181.3
8542,반도체(집적회로),라트비아,0.0,0.0,0.0,,0.0,0.0,,0.0,0.0,181.3
8542,반도체(집적회로),러시아 연방,0.0,0.0,0.0,,0.0,0.0,,0.0,0.0,181.3
8542,반도체(집적회로),레바논,0.0,5.0,0.0,-100.0,0.0,27.0,-100.0,-27.0,0.0,181.3
8542,반도체(집적회로),루마니아,40.0,172.0,154.0,-76.7,465.0,331.0,40.5,134.0,0.0,181.3
8542,반도체(집적회로),룩셈부르그,0.0,0.0,0.0,,0.0,0.0,,0.0,0.0,181.3
8542,반도체(집적회로),르완다,0.0,0.0,0.0,,0.0,13.0,-100.0,-13.0,0.0,181.3
8542,반도체(집적회로),리투아니아,0.0,5.0,5.0,-100.0,12.0,218.0,-94.5,-206.0,0.0,181.3
8542,반도체(집적회로),리히텐슈타인,0.0,0.0,0.0,,0.0,0.0,,0.0,0.0,181.3
8542,반도체(집적회로),마세도니아,0.0,0.0,0.0,,0.0,0.0,,0.0,0.0,181.3
8542,반도체(집적회로),마카오,0.0,3.0,0.0,-100.0,0.0,3.0,-100.0,-3.0,0.0,181.3
8542,반도체(집적회로),말레이시아,1885733.0,463407.0,1582976.0,306.9,4859049.0,1284825.0,278.2,3574224.0,4.6,181.3
8542,반도체(집적회로),말리,14.0,0.0,0.0,,14.0,0.0,,14.0,0.0,181.3
8542,반도체(집적회로),메요트,0.0,0.0,0.0,,0.0,0.0,,0.0,0.0,181.3
8542,반도체(집적회로),멕시코,70790.0,35148.0,92348.0,101.4,254872.0,120464.0,111.6,134408.0,0.2,181.3
8542,반도체(집적회로),모나코,0.0,0.0,0.0,,0.0,0.0,,0.0,0.0,181.3
8542,반도체(집적회로),모로코,95.0,79.0,349.0,20.3,489.0,467.0,4.7,22.0,0.0,181.3
8542,반도체(집적회로),모리셔스,0.0,0.0,0.0,,0.0,0.0,,0.0,0.0,181.3
8542,반도체(집적회로),모리타니,0.0,0.0,0.0,,0.0,0.0,,0.0,0.0,181.3
8542,반도체(집적회로),모잠비크,0.0,0.0,0.0,,0.0,0.0,,0.0,0.0,181.3
8542,반도체(집적회로),몬테네그로,0.0,0.0,0.0,,0.0,0.0,,0.0,0.0,181.3
8542,반도체(집적회로),몬트세라트,0.0,0.0,0.0,,0.0,0.0,,0.0,0.0,181.3
8542,반도체(집적회로),몰타,4835.0,4031.0,6347.0,19.9,22112.0,7387.0,199.3,14725.0,0.0,181.3
8542,반도체(집적회로),몽골,1.0,0.0,0.0,,1.0,0.0,,1.0,0.0,181.3
8542,반도체(집적회로),미국,356374.0,61866.0,225788.0,476.0,888680.0,220239.0,303.5,668441.0,0.9,181.3
8542,반도체(집적회로),미얀마,0.0,0.0,0.0,,0.0,0.0,,0.0,0.0,181.3
8542,반도체(집적회로),바레인,0.0,0.0,0.0,,0.0,0.0,,0.0,0.0,181.3
8542,반도체(집적회로),방글라데시,323.0,27.0,220.0,1096.3,1451.0,31.0,4580.6,1420.0,0.0,181.3
8542,반도체(집적회로),베네주엘라,0.0,0.0,0.0,,0.0,0.0,,0.0,0.0,181.3
8542,반도체(집적회로),베트남,5082048.0,1967510.0,5856254.0,158.3,15757516.0,5553105.0,183.8,10204411.0,15.1,181.3
8542,반도체(집적회로),벨기에,1396.0,722.0,1515.0,93.4,4550.0,1621.0,180.7,2929.0,0.0,181.3
8542,반도체(집적회로),벨라루스,0.0,0.0,0.0,,0.0,0.0,,0.0,0.0,181.3
8542,반도체(집적회로),보스니아-헤르체고비나,0.0,0.0,0.0,,0.0,0.0,,0.0,0.0,181.3
8542,반도체(집적회로),부르키나 파소,0.0,0.0,0.0,,0.0,0.0,,0.0,0.0,181.3
8542,반도체(집적회로),불가리아,27.0,10.0,34.0,170.0,91.0,52.0,75.0,39.0,0.0,181.3
8542,반도체(집적회로),불령 폴리네시아,0.0,0.0,0.0,,0.0,0.0,,0.0,0.0,181.3
8542,반도체(집적회로),브라질,290232.0,76059.0,273841.0,281.6,820981.0,214742.0,282.3,606239.0,0.8,181.3
8542,반도체(집적회로),사우디아라비아,2.0,0.0,2.0,,4.0,0.0,,4.0,0.0,181.3
8542,반도체(집적회로),사이프러스,0.0,0.0,0.0,,0.0,0.0,,0.0,0.0,181.3
8542,반도체(집적회로),산마리노,0.0,0.0,0.0,,0.0,0.0,,0.0,0.0,181.3
8542,반도체(집적회로),세르비아,580.0,836.0,210.0,-30.6,1611.0,2378.0,-32.3,-767.0,0.0,181.3
8542,반도체(집적회로),세이쉘,0.0,0.0,0.0,,0.0,0.0,,0.0,0.0,181.3
8542,반도체(집적회로),세인트 키츠 네비스,0.0,0.0,0.0,,0.0,0.0,,0.0,0.0,181.3
8542,반도체(집적회로),세인트 피레 미켈론,0.0,0.0,0.0,,0.0,0.0,,0.0,0.0,181.3
8542,반도체(집적회로),소말리아,0.0,0.0,0.0,,0.0,0.0,,0.0,0.0,181.3
8542,반도체(집적회로),솔로몬 군도,0.0,0.0,0.0,,0.0,0.0,,0.0,0.0,181.3
8542,반도체(집적회로),스리랑카,0.0,0.0,0.0,,2.0,0.0,,2.0,0.0,181.3
8542,반도체(집적회로),스와질랜드,0.0,9.0,0.0,-100.0,0.0,22.0,-100.0,-22.0,0.0,181.3
8542,반도체(집적회로),스웨덴,5680.0,1590.0,5482.0,257.2,14481.0,8174.0,77.2,6307.0,0.0,181.3
8542,반도체(집적회로),스위스,160.0,336.0,317.0,-52.4,861.0,589.0,46.2,272.0,0.0,181.3
8542,반도체(집적회로),스페인,105.0,223.0,136.0,-52.9,566.0,571.0,-0.9,-5.0,0.0,181.3
8542,반도체(집적회로),슬로바키아,7821.0,404.0,3720.0,1835.9,12250.0,1326.0,823.8,10924.0,0.0,181.3
8542,반도체(집적회로),슬로베니아,17.0,0.0,28.0,,72.0,0.0,,72.0,0.0,181.3
8542,반도체(집적회로),싱가포르,612953.0,408857.0,409503.0,49.9,1470825.0,1310227.0,12.3,160598.0,1.4,181.3
8542,반도체(집적회로),아랍에미리트 연합,1.0,15.0,18.0,-93.3,246.0,6237.0,-96.1,-5991.0,0.0,181.3
8542,반도체(집적회로),아르메니아,0.0,0.0,0.0,,0.0,0.0,,0.0,0.0,181.3
8542,반도체(집적회로),아르헨티나,329.0,1061.0,1172.0,-69.0,2856.0,2217.0,28.8,639.0,0.0,181.3
8542,반도체(집적회로),아이슬란드,0.0,0.0,0.0,,0.0,6.0,-100.0,-6.0,0.0,181.3
8542,반도체(집적회로),아이티,0.0,0.0,0.0,,0.0,0.0,,0.0,0.0,181.3
8542,반도체(집적회로),아일랜드,9.0,349.0,425.0,-97.4,2278.0,704.0,223.6,1574.0,0.0,181.3
8542,반도체(집적회로),아제르바이잔,0.0,0.0,0.0,,0.0,0.0,,0.0,0.0,181.3
8542,반도체(집적회로),아프카니스탄,0.0,0.0,0.0,,0.0,0.0,,0.0,0.0,181.3
8542,반도체(집적회로),안도라,0.0,0.0,0.0,,0.0,0.0,,0.0,0.0,181.3
8542,반도체(집적회로),에스토니아,0.0,5.0,0.0,-100.0,0.0,34.0,-100.0,-34.0,0.0,181.3
8542,반도체(집적회로),에쿠아도르,0.0,0.0,0.0,,0.0,0.0,,0.0,0.0,181.3
8542,반도체(집적회로),에티오피아,0.0,0.0,0.0,,0.0,0.0,,0.0,0.0,181.3
8542,반도체(집적회로),엘살바도르,0.0,0.0,0.0,,0.0,0.0,,0.0,0.0,181.3
8542,반도체(집적회로),영국,799.0,677.0,690.0,18.0,2473.0,2949.0,-16.1,-476.0,0.0,181.3
8542,반도체(집적회로),영령 버진군도,1.0,0.0,0.0,,1.0,0.0,,1.0,0.0,181.3
8542,반도체(집적회로),영령 캐이맨 군도,0.0,0.0,0.0,,0.0,0.0,,0.0,0.0,181.3
8542,반도체(집적회로),오만,0.0,0.0,0.0,,0.0,0.0,,0.0,0.0,181.3
8542,반도체(집적회로),오스트리아,19451.0,16407.0,8922.0,18.6,41645.0,34541.0,20.6,7104.0,0.0,181.3
8542,반도체(집적회로),온두라스,0.0,0.0,0.0,,0.0,0.0,,0.0,0.0,181.3
8542,반도체(집적회로),요르단,0.0,0.0,0.0,,0.0,150.0,-100.0,-150.0,0.0,181.3
8542,반도체(집적회로),우즈베키스탄,0.0,1.0,8.0,-100.0,219.0,1.0,21800.0,218.0,0.0,181.3
8542,반도체(집적회로),우크라이나,0.0,0.0,0.0,,0.0,0.0,,0.0,0.0,181.3
8542,반도체(집적회로),이라크,0.0,0.0,0.0,,0.0,0.0,,0.0,0.0,181.3
8542,반도체(집적회로),이란,0.0,0.0,0.0,,0.0,0.0,,0.0,0.0,181.3
8542,반도체(집적회로),이스라엘,4793.0,1004.0,4301.0,377.4,10963.0,3400.0,222.4,7563.0,0.0,181.3
8542,반도체(집적회로),이집트,51548.0,9027.0,26298.0,471.0,105261.0,27546.0,282.1,77715.0,0.1,181.3
8542,반도체(집적회로),이탈리아,465.0,867.0,678.0,-46.4,1824.0,3456.0,-47.2,-1632.0,0.0,181.3
8542,반도체(집적회로),인도,780976.0,293782.0,780791.0,165.8,2117834.0,784003.0,170.1,1333831.0,2.0,181.3
8542,반도체(집적회로),인도네시아,76644.0,46173.0,164613.0,66.0,361593.0,123892.0,191.9,237701.0,0.3,181.3
8542,반도체(집적회로),일본,263743.0,80303.0,164766.0,228.4,672477.0,264431.0,154.3,408046.0,0.6,181.3
8542,반도체(집적회로),조지아,0.0,0.0,0.0,,0.0,0.0,,0.0,0.0,181.3
8542,반도체(집적회로),중국,16053865.0,3674450.0,13422131.0,336.9,41057506.0,10649440.0,285.5,30408066.0,39.3,181.3
8542,반도체(집적회로),체코공화국,11137.0,12331.0,20430.0,-9.7,43155.0,51075.0,-15.5,-7920.0,0.0,181.3
8542,반도체(집적회로),칠레,0.0,0.0,0.0,,0.0,0.0,,0.0,0.0,181.3
8542,반도체(집적회로),카메룬,0.0,12.0,0.0,-100.0,0.0,12.0,-100.0,-12.0,0.0,181.3
8542,반도체(집적회로),카자흐스탄,0.0,0.0,24.0,,24.0,23.0,4.3,1.0,0.0,181.3
8542,반도체(집적회로),카타르,0.0,0.0,0.0,,0.0,1.0,-100.0,-1.0,0.0,181.3
8542,반도체(집적회로),캄보디아,0.0,0.0,0.0,,0.0,0.0,,0.0,0.0,181.3
8542,반도체(집적회로),캐나다,34862.0,11693.0,4179.0,198.1,71483.0,29938.0,138.8,41545.0,0.1,181.3
8542,반도체(집적회로),케냐,0.0,0.0,0.0,,0.0,0.0,,0.0,0.0,181.3
8542,반도체(집적회로),코스 군도,0.0,0.0,0.0,,0.0,0.0,,0.0,0.0,181.3
8542,반도체(집적회로),코스타리카,0.0,231.0,4.0,-100.0,4.0,981.0,-99.6,-977.0,0.0,181.3
8542,반도체(집적회로),콜롬비아,0.0,0.0,0.0,,0.0,0.0,,0.0,0.0,181.3
8542,반도체(집적회로),쿠바,0.0,0.0,0.0,,0.0,0.0,,0.0,0.0,181.3
8542,반도체(집적회로),쿠웨이트,0.0,0.0,0.0,,0.0,0.0,,0.0,0.0,181.3
8542,반도체(집적회로),쿡 아일랜드,0.0,0.0,0.0,,0.0,0.0,,0.0,0.0,181.3
8542,반도체(집적회로),크로아티아,0.0,0.0,23.0,,23.0,8.0,187.5,15.0,0.0,181.3
8542,반도체(집적회로),크리스마스 아일랜드,0.0,0.0,0.0,,0.0,0.0,,0.0,0.0,181.3
8542,반도체(집적회로),키르기스스탄,0.0,0.0,0.0,,0.0,0.0,,0.0,0.0,181.3
8542,반도체(집적회로),타지크,0.0,0.0,0.0,,0.0,0.0,,0.0,0.0,181.3
8542,반도체(집적회로),탄자니아,0.0,0.0,0.0,,0.0,0.0,,0.0,0.0,181.3
8542,반도체(집적회로),태국,243856.0,59569.0,257813.0,309.4,648006.0,206661.0,213.6,441345.0,0.6,181.3
8542,반도체(집적회로),토고,0.0,0.0,0.0,,0.0,0.0,,0.0,0.0,181.3
8542,반도체(집적회로),토켈라우,0.0,0.0,0.0,,0.0,0.0,,0.0,0.0,181.3
8542,반도체(집적회로),투르크멘,0.0,0.0,0.0,,0.0,0.0,,0.0,0.0,181.3
8542,반도체(집적회로),튀니지,0.0,372.0,367.0,-100.0,424.0,372.0,14.0,52.0,0.0,181.3
8542,반도체(집적회로),튀르키예,28442.0,7767.0,27917.0,266.2,73417.0,28809.0,154.8,44608.0,0.1,181.3
8542,반도체(집적회로),트리니다드 토바고,0.0,0.0,0.0,,0.0,0.0,,0.0,0.0,181.3
8542,반도체(집적회로),티모르,0.0,0.0,0.0,,0.0,0.0,,0.0,0.0,181.3
8542,반도체(집적회로),파나마,0.0,0.0,0.0,,0.0,0.0,,0.0,0.0,181.3
8542,반도체(집적회로),파라과이,0.0,0.0,0.0,,0.0,0.0,,0.0,0.0,181.3
8542,반도체(집적회로),파키스탄,0.0,0.0,0.0,,252.0,0.0,,252.0,0.0,181.3
8542,반도체(집적회로),파푸아 뉴기니,0.0,0.0,0.0,,0.0,0.0,,0.0,0.0,181.3
8542,반도체(집적회로),페루,0.0,0.0,0.0,,0.0,0.0,,0.0,0.0,181.3
8542,반도체(집적회로),포루투갈,10609.0,8038.0,7444.0,32.0,28874.0,30434.0,-5.1,-1560.0,0.0,181.3
8542,반도체(집적회로),폴란드,40816.0,39512.0,27564.0,3.3,94683.0,105961.0,-10.6,-11278.0,0.1,181.3
8542,반도체(집적회로),푸에르토리코,75.0,0.0,65.0,,140.0,0.0,,140.0,0.0,181.3
8542,반도체(집적회로),프랑스,10212.0,10711.0,11720.0,-4.7,33423.0,29046.0,15.1,4377.0,0.0,181.3
8542,반도체(집적회로),피지,0.0,0.0,0.0,,0.0,0.0,,0.0,0.0,181.3
8542,반도체(집적회로),피트카이른,0.0,0.0,0.0,,0.0,4.0,-100.0,-4.0,0.0,181.3
8542,반도체(집적회로),핀란드,177.0,277.0,377.0,-36.1,833.0,536.0,55.4,297.0,0.0,181.3
8542,반도체(집적회로),필리핀,1779525.0,284543.0,949245.0,525.4,3871763.0,711807.0,443.9,3159956.0,3.7,181.3
8542,반도체(집적회로),헝가리,14388.0,2516.0,4968.0,471.9,24425.0,4761.0,413.0,19664.0,0.0,181.3
8542,반도체(집적회로),호주,0.0,614.0,13.0,-100.0,1614.0,1233.0,30.9,381.0,0.0,181.3
8542,반도체(집적회로),홍콩,5806530.0,1725067.0,4369757.0,236.6,16286683.0,5144022.0,216.6,11142661.0,15.6,181.3
8544,전선·케이블,가나,7.0,1.0,3.0,600.0,10.0,8.0,25.0,2.0,0.0,2.9
8544,전선·케이블,가봉,0.0,0.0,0.0,,0.0,0.0,,0.0,0.0,2.9
8544,전선·케이블,가이아나,0.0,0.0,77.0,,77.0,0.0,,77.0,0.0,2.9
8544,전선·케이블,과델로프,0.0,0.0,0.0,,0.0,0.0,,0.0,0.0,2.9
8544,전선·케이블,과테말라,1.0,56.0,4.0,-98.2,15.0,167.0,-91.0,-152.0,0.0,2.9
8544,전선·케이블,괌,1131.0,170.0,1158.0,565.3,2476.0,235.0,953.6,2241.0,0.2,2.9
8544,전선·케이블,교황청,0.0,0.0,0.0,,0.0,0.0,,0.0,0.0,2.9
8544,전선·케이블,그리스,2.0,14.0,3.0,-85.7,93.0,38.0,144.7,55.0,0.0,2.9
8544,전선·케이블,그린랜드,0.0,0.0,0.0,,0.0,0.0,,0.0,0.0,2.9
8544,전선·케이블,기니,0.0,0.0,0.0,,0.0,0.0,,0.0,0.0,2.9
8544,전선·케이블,기타국,0.0,1.0,0.0,-100.0,0.0,2.0,-100.0,-2.0,0.0,2.9
8544,전선·케이블,나미비아,1.0,0.0,0.0,,1.0,0.0,,1.0,0.0,2.9
8544,전선·케이블,나이지리아,0.0,14.0,9.0,-100.0,36.0,31.0,16.1,5.0,0.0,2.9
8544,전선·케이블,남아프리카공화국,56.0,73.0,20.0,-23.3,84.0,142.0,-40.8,-58.0,0.0,2.9
8544,전선·케이블,네덜란드,3680.0,750.0,2530.0,390.7,6448.0,11749.0,-45.1,-5301.0,0.5,2.9
8544,전선·케이블,네팔,1.0,4.0,1.0,-75.0,4.0,5.0,-20.0,-1.0,0.0,2.9
8544,전선·케이블,노르웨이,57.0,512.0,4.0,-88.9,64.0,1281.0,-95.0,-1217.0,0.0,2.9
8544,전선·케이블,뉴 칼레도니아,0.0,0.0,0.0,,0.0,0.0,,0.0,0.0,2.9
8544,전선·케이블,뉴질랜드,92.0,60.0,68.0,53.3,190.0,147.0,29.3,43.0,0.0,2.9
8544,전선·케이블,니우에,0.0,0.0,0.0,,0.0,0.0,,0.0,0.0,2.9
8544,전선·케이블,니제르,0.0,0.0,0.0,,0.0,0.0,,0.0,0.0,2.9
8544,전선·케이블,니카라과,17.0,13.0,27.0,30.8,45.0,36.0,25.0,9.0,0.0,2.9
8544,전선·케이블,대만,5227.0,43250.0,8183.0,-87.9,18368.0,85336.0,-78.5,-66968.0,1.4,2.9
8544,전선·케이블,덴마크,1.0,2.0,2542.0,-50.0,3634.0,802.0,353.1,2832.0,0.3,2.9
8544,전선·케이블,도미니카,0.0,0.0,0.0,,0.0,0.0,,0.0,0.0,2.9
8544,전선·케이블,도미니카 공화국,4.0,5.0,11.0,-20.0,22.0,14.0,57.1,8.0,0.0,2.9
8544,전선·케이블,독일,6805.0,12492.0,5464.0,-45.5,21171.0,23146.0,-8.5,-1975.0,1.7,2.9
8544,전선·케이블,라오스,0.0,2.0,3.0,-100.0,6.0,12.0,-50.0,-6.0,0.0,2.9
8544,전선·케이블,라이베리아,0.0,0.0,0.0,,0.0,0.0,,0.0,0.0,2.9
8544,전선·케이블,라트비아,0.0,8.0,15.0,-100.0,15.0,36.0,-58.3,-21.0,0.0,2.9
8544,전선·케이블,러시아 연방,589.0,242.0,629.0,143.4,1758.0,519.0,238.7,1239.0,0.1,2.9
8544,전선·케이블,레바논,0.0,0.0,0.0,,0.0,4.0,-100.0,-4.0,0.0,2.9
8544,전선·케이블,루마니아,104.0,29.0,88.0,258.6,284.0,64.0,343.8,220.0,0.0,2.9
8544,전선·케이블,룩셈부르그,4.0,0.0,7.0,,16.0,0.0,,16.0,0.0,2.9
8544,전선·케이블,르완다,0.0,0.0,0.0,,4.0,0.0,,4.0,0.0,2.9
8544,전선·케이블,리비아,64.0,42.0,71.0,52.4,341.0,43.0,693.0,298.0,0.0,2.9
8544,전선·케이블,리투아니아,0.0,0.0,0.0,,1.0,2.0,-50.0,-1.0,0.0,2.9
8544,전선·케이블,리히텐슈타인,0.0,0.0,0.0,,0.0,0.0,,0.0,0.0,2.9
8544,전선·케이블,마다카스카르,0.0,0.0,0.0,,0.0,0.0,,0.0,0.0,2.9
8544,전선·케이블,마샬군도,0.0,0.0,0.0,,1.0,0.0,,1.0,0.0,2.9
8544,전선·케이블,마세도니아,2.0,3.0,1.0,-33.3,16.0,75.0,-78.7,-59.0,0.0,2.9
8544,전선·케이블,마이너 아우틀링 합중국 군도,0.0,0.0,0.0,,0.0,0.0,,0.0,0.0,2.9
8544,전선·케이블,마이크로네시아,0.0,0.0,0.0,,0.0,0.0,,0.0,0.0,2.9
8544,전선·케이블,마카오,0.0,0.0,0.0,,0.0,0.0,,0.0,0.0,2.9
8544,전선·케이블,마티니크,0.0,0.0,0.0,,0.0,0.0,,0.0,0.0,2.9
8544,전선·케이블,말레이시아,31948.0,15865.0,3022.0,101.4,36063.0,59468.0,-39.4,-23405.0,2.8,2.9
8544,전선·케이블,멕시코,12707.0,23530.0,15509.0,-46.0,41234.0,76955.0,-46.4,-35721.0,3.3,2.9
8544,전선·케이블,모나코,0.0,0.0,0.0,,0.0,0.0,,0.0,0.0,2.9
8544,전선·케이블,모로코,330.0,341.0,553.0,-3.2,1263.0,995.0,26.9,268.0,0.1,2.9
8544,전선·케이블,모리셔스,0.0,1.0,0.0,-100.0,0.0,4.0,-100.0,-4.0,0.0,2.9
8544,전선·케이블,모잠비크,31.0,3.0,0.0,933.3,36.0,3.0,1100.0,33.0,0.0,2.9
8544,전선·케이블,몬테네그로,1.0,1.0,1.0,0.0,2.0,3.0,-33.3,-1.0,0.0,2.9
8544,전선·케이블,몬트세라트,0.0,0.0,0.0,,0.0,0.0,,0.0,0.0,2.9
8544,전선·케이블,몰도바,0.0,0.0,0.0,,0.0,0.0,,0.0,0.0,2.9
8544,전선·케이블,몰디브,0.0,0.0,0.0,,0.0,0.0,,0.0,0.0,2.9
8544,전선·케이블,몰타,12.0,3.0,0.0,300.0,12.0,3.0,300.0,9.0,0.0,2.9
8544,전선·케이블,몽골,406.0,632.0,1188.0,-35.8,1975.0,1824.0,8.3,151.0,0.2,2.9
8544,전선·케이블,미국,136627.0,69590.0,145065.0,96.3,437800.0,311614.0,40.5,126186.0,34.5,2.9
8544,전선·케이블,미얀마,107.0,27.0,388.0,296.3,747.0,301.0,148.2,446.0,0.1,2.9
8544,전선·케이블,바누아투,0.0,0.0,0.0,,0.0,0.0,,0.0,0.0,2.9
8544,전선·케이블,바레인,0.0,11.0,11.0,-100.0,12.0,12879.0,-99.9,-12867.0,0.0,2.9
8544,전선·케이블,바베이도스,0.0,58.0,0.0,-100.0,0.0,58.0,-100.0,-58.0,0.0,2.9
8544,전선·케이블,바하마,0.0,0.0,0.0,,0.0,0.0,,0.0,0.0,2.9
8544,전선·케이블,방글라데시,1.0,1.0,172.0,0.0,176.0,423.0,-58.4,-247.0,0.0,2.9
8544,전선·케이블,버뮤다,0.0,0.0,0.0,,0.0,0.0,,0.0,0.0,2.9
8544,전선·케이블,베네주엘라,7.0,11.0,20.0,-36.4,28.0,15.0,86.7,13.0,0.0,2.9
8544,전선·케이블,베닝,0.0,0.0,0.0,,0.0,0.0,,0.0,0.0,2.9
8544,전선·케이블,베트남,41550.0,43231.0,63000.0,-3.9,154106.0,137096.0,12.4,17010.0,12.1,2.9
8544,전선·케이블,벨기에,191.0,199.0,293.0,-4.0,802.0,739.0,8.5,63.0,0.1,2.9
8544,전선·케이블,벨라루스,0.0,0.0,1.0,,1.0,0.0,,1.0,0.0,2.9
8544,전선·케이블,벨리제,0.0,0.0,16.0,,304.0,0.0,,304.0,0.0,2.9
8544,전선·케이블,보스니아-헤르체고비나,1.0,3.0,3.0,-66.7,4.0,9.0,-55.6,-5.0,0.0,2.9
8544,전선·케이블,볼리비아,0.0,0.0,0.0,,0.0,5.0,-100.0,-5.0,0.0,2.9
8544,전선·케이블,부르키나 파소,0.0,0.0,0.0,,0.0,0.0,,0.0,0.0,2.9
8544,전선·케이블,부탄,0.0,0.0,0.0,,0.0,0.0,,0.0,0.0,2.9
8544,전선·케이블,북마리아나 군도,0.0,0.0,0.0,,0.0,0.0,,0.0,0.0,2.9
8544,전선·케이블,불가리아,3.0,11.0,9.0,-72.7,14.0,21.0,-33.3,-7.0,0.0,2.9
8544,전선·케이블,불령 폴리네시아,0.0,0.0,0.0,,0.0,0.0,,0.0,0.0,2.9
8544,전선·케이블,브라질,682.0,1080.0,1173.0,-36.9,2509.0,3058.0,-18.0,-549.0,0.2,2.9
8544,전선·케이블,브루나이,0.0,130.0,1898.0,-100.0,3733.0,604.0,518.0,3129.0,0.3,2.9
8544,전선·케이블,사모아,0.0,0.0,0.0,,0.0,0.0,,0.0,0.0,2.9
8544,전선·케이블,사우디아라비아,465.0,2471.0,1684.0,-81.2,3628.0,4924.0,-26.3,-1296.0,0.3,2.9
8544,전선·케이블,사이프러스,0.0,0.0,0.0,,0.0,0.0,,0.0,0.0,2.9
8544,전선·케이블,산마리노,0.0,0.0,0.0,,0.0,0.0,,0.0,0.0,2.9
8544,전선·케이블,세네갈,0.0,0.0,269.0,,269.0,2.0,13350.0,267.0,0.0,2.9
8544,전선·케이블,세르비아,798.0,826.0,878.0,-3.4,2620.0,2527.0,3.7,93.0,0.2,2.9
8544,전선·케이블,세이쉘,0.0,0.0,0.0,,0.0,0.0,,0.0,0.0,2.9
8544,전선·케이블,세인트 루시아,0.0,0.0,0.0,,0.0,0.0,,0.0,0.0,2.9
8544,전선·케이블,세인트 빈센트 그레나딘,0.0,0.0,0.0,,0.0,0.0,,0.0,0.0,2.9
8544,전선·케이블,세인트마틴(생마르탱),0.0,0.0,0.0,,0.0,0.0,,0.0,0.0,2.9
8544,전선·케이블,소말리아,0.0,0.0,0.0,,0.0,0.0,,0.0,0.0,2.9
8544,전선·케이블,솔로몬 군도,0.0,0.0,0.0,,0.0,0.0,,0.0,0.0,2.9
8544,전선·케이블,수단,0.0,0.0,9.0,,12.0,1.0,1100.0,11.0,0.0,2.9
8544,전선·케이블,수리남,0.0,0.0,2.0,,2.0,0.0,,2.0,0.0,2.9
8544,전선·케이블,스리랑카,0.0,4.0,0.0,-100.0,1.0,6.0,-83.3,-5.0,0.0,2.9
8544,전선·케이블,스와질랜드,0.0,0.0,0.0,,0.0,1.0,-100.0,-1.0,0.0,2.9
8544,전선·케이블,스웨덴,181.0,141.0,213.0,28.4,615.0,864.0,-28.8,-249.0,0.0,2.9
8544,전선·케이블,스위스,2.0,54.0,0.0,-96.3,22.0,162.0,-86.4,-140.0,0.0,2.9
8544,전선·케이블,스페인,263.0,124.0,259.0,112.1,770.0,578.0,33.2,192.0,0.1,2.9
8544,전선·케이블,슬로바키아,2343.0,2290.0,3490.0,2.3,8850.0,7188.0,23.1,1662.0,0.7,2.9
8544,전선·케이블,슬로베니아,1.0,385.0,3.0,-99.7,640.0,722.0,-11.4,-82.0,0.1,2.9
8544,전선·케이블,시리아,0.0,0.0,38.0,,39.0,0.0,,39.0,0.0,2.9
8544,전선·케이블,시에라 리온,0.0,0.0,0.0,,0.0,0.0,,0.0,0.0,2.9
8544,전선·케이블,싱가포르,3882.0,9117.0,22554.0,-57.4,34480.0,25956.0,32.8,8524.0,2.7,2.9
8544,전선·케이블,아랍에미리트 연합,841.0,2122.0,5551.0,-60.4,21145.0,10718.0,97.3,10427.0,1.7,2.9
8544,전선·케이블,아루바,0.0,0.0,0.0,,0.0,0.0,,0.0,0.0,2.9
8544,전선·케이블,아르메니아,0.0,0.0,0.0,,0.0,29.0,-100.0,-29.0,0.0,2.9
8544,전선·케이블,아르헨티나,12.0,47.0,38.0,-74.5,54.0,271.0,-80.1,-217.0,0.0,2.9
8544,전선·케이블,아메리칸 사모아,0.0,0.0,1.0,,1.0,0.0,,1.0,0.0,2.9
8544,전선·케이블,아이슬란드,0.0,0.0,0.0,,0.0,0.0,,0.0,0.0,2.9
8544,전선·케이블,아이티,0.0,85.0,0.0,-100.0,0.0,85.0,-100.0,-85.0,0.0,2.9
8544,전선·케이블,아일랜드,24.0,62.0,80.0,-61.3,137.0,174.0,-21.3,-37.0,0.0,2.9
8544,전선·케이블,아제르바이잔,0.0,5.0,14.0,-100.0,15.0,44.0,-65.9,-29.0,0.0,2.9
8544,전선·케이블,아프카니스탄,0.0,0.0,0.0,,0.0,0.0,,0.0,0.0,2.9
8544,전선·케이블,안도라,0.0,0.0,0.0,,0.0,0.0,,0.0,0.0,2.9
8544,전선·케이블,안타티카,0.0,0.0,0.0,,0.0,0.0,,0.0,0.0,2.9
8544,전선·케이블,알바니아,291.0,352.0,298.0,-17.3,874.0,1295.0,-32.5,-421.0,0.1,2.9
8544,전선·케이블,알제리,0.0,0.0,8.0,,3781.0,250.0,1412.4,3531.0,0.3,2.9
8544,전선·케이블,앙골라,7.0,0.0,1.0,,8.0,0.0,,8.0,0.0,2.9
8544,전선·케이블,에리트리아,0.0,0.0,0.0,,0.0,0.0,,0.0,0.0,2.9
8544,전선·케이블,에스토니아,0.0,1.0,3.0,-100.0,20.0,15.0,33.3,5.0,0.0,2.9
8544,전선·케이블,에쿠아도르,2.0,48.0,28.0,-95.8,57.0,71.0,-19.7,-14.0,0.0,2.9
8544,전선·케이블,에티오피아,0.0,0.0,0.0,,1.0,6.0,-83.3,-5.0,0.0,2.9
8544,전선·케이블,엘살바도르,54.0,2.0,19.0,2600.0,78.0,18.0,333.3,60.0,0.0,2.9
8544,전선·케이블,영국,1394.0,11838.0,1591.0,-88.2,35417.0,13657.0,159.3,21760.0,2.8,2.9
8544,전선·케이블,영령 버진군도,0.0,0.0,0.0,,0.0,0.0,,0.0,0.0,2.9
8544,전선·케이블,영령 인도양,0.0,0.0,0.0,,0.0,0.0,,0.0,0.0,2.9
8544,전선·케이블,영령 캐이맨 군도,0.0,0.0,0.0,,0.0,0.0,,0.0,0.0,2.9
8544,전선·케이블,예맨,1.0,0.0,0.0,,2.0,0.0,,2.0,0.0,2.9
8544,전선·케이블,오만,5148.0,491.0,2306.0,948.5,8055.0,1733.0,364.8,6322.0,0.6,2.9
8544,전선·케이블,오스트리아,869.0,468.0,1074.0,85.7,2840.0,2721.0,4.4,119.0,0.2,2.9
8544,전선·케이블,온두라스,274.0,4388.0,281.0,-93.8,904.0,12532.0,-92.8,-11628.0,0.1,2.9
8544,전선·케이블,요르단,15.0,9.0,26.0,66.7,42.0,575.0,-92.7,-533.0,0.0,2.9
8544,전선·케이블,우간다,0.0,0.0,0.0,,0.0,0.0,,0.0,0.0,2.9
8544,전선·케이블,우루과이,1815.0,2853.0,3213.0,-36.4,8392.0,8024.0,4.6,368.0,0.7,2.9
8544,전선·케이블,우즈베키스탄,359.0,747.0,466.0,-51.9,1159.0,1527.0,-24.1,-368.0,0.1,2.9
8544,전선·케이블,우크라이나,371.0,37.0,187.0,902.7,560.0,62.0,803.2,498.0,0.0,2.9
8544,전선·케이블,이라크,38.0,258.0,198.0,-85.3,236.0,331.0,-28.7,-95.0,0.0,2.9
8544,전선·케이블,이란,0.0,0.0,0.0,,0.0,5.0,-100.0,-5.0,0.0,2.9
8544,전선·케이블,이스라엘,263.0,341.0,250.0,-22.9,859.0,894.0,-3.9,-35.0,0.1,2.9
8544,전선·케이블,이집트,1526.0,485.0,1859.0,214.6,3580.0,1542.0,132.2,2038.0,0.3,2.9
8544,전선·케이블,이탈리아,501.0,110.0,765.0,355.5,1999.0,2266.0,-11.8,-267.0,0.2,2.9
8544,전선·케이블,인도,6141.0,6172.0,9516.0,-0.5,21851.0,22094.0,-1.1,-243.0,1.7,2.9
8544,전선·케이블,인도네시아,6062.0,4158.0,6346.0,45.8,18172.0,14071.0,29.1,4101.0,1.4,2.9
8544,전선·케이블,일본,12067.0,10935.0,14351.0,10.4,37260.0,38673.0,-3.7,-1413.0,2.9,2.9
8544,전선·케이블,자마이카,0.0,0.0,0.0,,0.0,0.0,,0.0,0.0,2.9
8544,전선·케이블,잠비아,34.0,0.0,0.0,,34.0,0.0,,34.0,0.0,2.9
8544,전선·케이블,적도 기니,3.0,10.0,0.0,-70.0,3.0,10.0,-70.0,-7.0,0.0,2.9
8544,전선·케이블,조지아,1.0,1.0,2.0,0.0,9.0,2.0,350.0,7.0,0.0,2.9
8544,전선·케이블,중국,36069.0,48911.0,57774.0,-26.3,146691.0,154756.0,-5.2,-8065.0,11.6,2.9
8544,전선·케이블,중앙아프리카공화국,0.0,0.0,0.0,,0.0,0.0,,0.0,0.0,2.9
8544,전선·케이블,지부티,0.0,0.0,0.0,,0.0,0.0,,0.0,0.0,2.9
8544,전선·케이블,짐바브웨,0.0,0.0,0.0,,0.0,0.0,,0.0,0.0,2.9
8544,전선·케이블,체코공화국,1478.0,3719.0,1606.0,-60.3,4217.0,12388.0,-66.0,-8171.0,0.3,2.9
8544,전선·케이블,칠레,67.0,139.0,35.0,-51.8,172.0,1257.0,-86.3,-1085.0,0.0,2.9
8544,전선·케이블,카메룬,0.0,0.0,0.0,,0.0,0.0,,0.0,0.0,2.9
8544,전선·케이블,카보 베르데,0.0,0.0,0.0,,0.0,0.0,,0.0,0.0,2.9
8544,전선·케이블,카자흐스탄,9.0,1127.0,2323.0,-99.2,4226.0,5021.0,-15.8,-795.0,0.3,2.9
8544,전선·케이블,카타르,117.0,1713.0,521.0,-93.2,716.0,6571.0,-89.1,-5855.0,0.1,2.9
8544,전선·케이블,캄보디아,2830.0,3225.0,4197.0,-12.2,10429.0,8701.0,19.9,1728.0,0.8,2.9
8544,전선·케이블,캐나다,13387.0,1964.0,5794.0,581.6,27785.0,5615.0,394.8,22170.0,2.2,2.9
8544,전선·케이블,케냐,0.0,14.0,0.0,-100.0,0.0,14.0,-100.0,-14.0,0.0,2.9
8544,전선·케이블,코스 군도,0.0,0.0,0.0,,0.0,0.0,,0.0,0.0,2.9
8544,전선·케이블,코스타리카,2.0,1.0,18.0,100.0,101.0,24.0,320.8,77.0,0.0,2.9
8544,전선·케이블,코트디봐르,0.0,0.0,0.0,,0.0,0.0,,0.0,0.0,2.9
8544,전선·케이블,콜롬비아,215.0,18.0,28.0,1094.4,533.0,281.0,89.7,252.0,0.0,2.9
8544,전선·케이블,콩고,0.0,0.0,0.0,,0.0,0.0,,0.0,0.0,2.9
8544,전선·케이블,콩고민주공화국,0.0,0.0,0.0,,0.0,0.0,,0.0,0.0,2.9
8544,전선·케이블,쿠바,0.0,0.0,0.0,,0.0,0.0,,0.0,0.0,2.9
8544,전선·케이블,쿠웨이트,0.0,9142.0,226.0,-100.0,233.0,25871.0,-99.1,-25638.0,0.0,2.9
8544,전선·케이블,큐라소,0.0,0.0,0.0,,0.0,1.0,-100.0,-1.0,0.0,2.9
8544,전선·케이블,크로아티아,4.0,9.0,7.0,-55.6,11.0,19.0,-42.1,-8.0,0.0,2.9
8544,전선·케이블,크리스마스 아일랜드,0.0,0.0,0.0,,0.0,0.0,,0.0,0.0,2.9
8544,전선·케이블,키르기스스탄,8.0,26.0,2.0,-69.2,22.0,57.0,-61.4,-35.0,0.0,2.9
8544,전선·케이블,키리바티,0.0,6.0,0.0,-100.0,0.0,6.0,-100.0,-6.0,0.0,2.9
8544,전선·케이블,타지크,0.0,0.0,0.0,,0.0,1.0,-100.0,-1.0,0.0,2.9
8544,전선·케이블,탄자니아,0.0,2.0,0.0,-100.0,0.0,2.0,-100.0,-2.0,0.0,2.9
8544,전선·케이블,태국,3176.0,1888.0,3318.0,68.2,9422.0,7155.0,31.7,2267.0,0.7,2.9
8544,전선·케이블,토고,0.0,0.0,0.0,,0.0,0.0,,0.0,0.0,2.9
8544,전선·케이블,토켈라우,0.0,0.0,0.0,,0.0,0.0,,0.0,0.0,2.9
8544,전선·케이블,투르크 & 카이코스 군도,0.0,0.0,0.0,,0.0,0.0,,0.0,0.0,2.9
8544,전선·케이블,투르크멘,0.0,0.0,13.0,,14.0,0.0,,14.0,0.0,2.9
8544,전선·케이블,튀니지,139.0,469.0,281.0,-70.4,967.0,2240.0,-56.8,-1273.0,0.1,2.9
8544,전선·케이블,튀르키예,3598.0,1944.0,5992.0,85.1,14250.0,5823.0,144.7,8427.0,1.1,2.9
8544,전선·케이블,트리니다드 토바고,0.0,0.0,0.0,,0.0,0.0,,0.0,0.0,2.9
8544,전선·케이블,파나마,8.0,53.0,7.0,-84.9,23.0,308.0,-92.5,-285.0,0.0,2.9
8544,전선·케이블,파라과이,99.0,3.0,4.0,3200.0,106.0,8.0,1225.0,98.0,0.0,2.9
8544,전선·케이블,파키스탄,80.0,314.0,139.0,-74.5,417.0,643.0,-35.1,-226.0,0.0,2.9
8544,전선·케이블,파푸아 뉴기니,0.0,0.0,3.0,,5.0,2.0,150.0,3.0,0.0,2.9
8544,전선·케이블,팔라우,0.0,0.0,0.0,,0.0,0.0,,0.0,0.0,2.9
8544,전선·케이블,팔레스타인 해방기구,0.0,0.0,0.0,,0.0,0.0,,0.0,0.0,2.9
8544,전선·케이블,페루,166.0,115.0,1462.0,44.3,2009.0,445.0,351.5,1564.0,0.2,2.9
8544,전선·케이블,포루투갈,152.0,161.0,61.0,-5.6,336.0,376.0,-10.6,-40.0,0.0,2.9
8544,전선·케이블,폴란드,1392.0,2200.0,2205.0,-36.7,5682.0,5967.0,-4.8,-285.0,0.4,2.9
8544,전선·케이블,푸에르토리코,0.0,0.0,0.0,,0.0,7.0,-100.0,-7.0,0.0,2.9
8544,전선·케이블,프랑스,441.0,531.0,407.0,-16.9,1458.0,1158.0,25.9,300.0,0.1,2.9
8544,전선·케이블,피지,0.0,0.0,0.0,,0.0,0.0,,0.0,0.0,2.9
8544,전선·케이블,핀란드,29.0,94.0,287.0,-69.1,525.0,239.0,119.7,286.0,0.0,2.9
8544,전선·케이블,필리핀,15196.0,17604.0,26911.0,-13.7,62674.0,54803.0,14.4,7871.0,4.9,2.9
8544,전선·케이블,헝가리,345.0,173.0,158.0,99.4,538.0,338.0,59.2,200.0,0.0,2.9
8544,전선·케이블,호주,4536.0,2417.0,2112.0,87.7,12477.0,15086.0,-17.3,-2609.0,1.0,2.9
8544,전선·케이블,홍콩,1643.0,4646.0,2002.0,-64.6,6895.0,11038.0,-37.5,-4143.0,0.5,2.9
8703,승용차,가나,4209.0,3395.0,3968.0,24.0,12975.0,9668.0,34.2,3307.0,0.1,-4.6
8703,승용차,가봉,1961.0,1740.0,1482.0,12.7,4755.0,5256.0,-9.5,-501.0,0.0,-4.6
8703,승용차,가이아나,200.0,198.0,141.0,1.0,512.0,223.0,129.6,289.0,0.0,-4.6
8703,승용차,감비아,338.0,155.0,494.0,118.1,1055.0,451.0,133.9,604.0,0.0,-4.6
8703,승용차,과델로프,625.0,3302.0,2078.0,-81.1,3432.0,4314.0,-20.4,-882.0,0.0,-4.6
8703,승용차,과테말라,1140.0,2462.0,4744.0,-53.7,8588.0,8882.0,-3.3,-294.0,0.1,-4.6
8703,승용차,괌,842.0,460.0,2944.0,83.0,5611.0,2022.0,177.5,3589.0,0.0,-4.6
8703,승용차,국제통화기금,0.0,0.0,0.0,,0.0,0.0,,0.0,0.0,-4.6
8703,승용차,그레나다,0.0,108.0,79.0,-100.0,271.0,174.0,55.7,97.0,0.0,-4.6
8703,승용차,그리스,9267.0,7257.0,6416.0,27.7,24138.0,22269.0,8.4,1869.0,0.2,-4.6
8703,승용차,기네비소,9.0,0.0,4.0,,13.0,0.0,,13.0,0.0,-4.6
8703,승용차,기니,1232.0,668.0,1087.0,84.4,3293.0,1764.0,86.7,1529.0,0.0,-4.6
8703,승용차,기타국,5751.0,6776.0,6951.0,-15.1,23648.0,23645.0,0.0,3.0,0.1,-4.6
8703,승용차,나이지리아,2049.0,1390.0,2305.0,47.4,6908.0,3282.0,110.5,3626.0,0.0,-4.6
8703,승용차,남수단,0.0,0.0,0.0,,0.0,0.0,,0.0,0.0,-4.6
8703,승용차,남아프리카공화국,15027.0,12175.0,4407.0,23.4,26676.0,27890.0,-4.4,-1214.0,0.2,-4.6
8703,승용차,남조지아 & 남샌드위치 군도,0.0,0.0,0.0,,0.0,0.0,,0.0,0.0,-4.6
8703,승용차,네덜란드,71059.0,79116.0,71956.0,-10.2,234691.0,222534.0,5.5,12157.0,1.5,-4.6
8703,승용차,네덜란드 열도,22.0,7.0,7.0,214.3,29.0,30.0,-3.3,-1.0,0.0,-4.6
8703,승용차,네팔,24.0,0.0,0.0,,24.0,0.0,,24.0,0.0,-4.6
8703,승용차,노르웨이,24020.0,27962.0,37968.0,-14.1,89284.0,88811.0,0.5,473.0,0.6,-4.6
8703,승용차,뉴 칼레도니아,0.0,83.0,1461.0,-100.0,1646.0,893.0,84.3,753.0,0.0,-4.6
8703,승용차,뉴질랜드,16455.0,24178.0,24593.0,-31.9,73815.0,69116.0,6.8,4699.0,0.5,-4.6
8703,승용차,니제르,6.0,0.0,49.0,,181.0,4.0,4425.0,177.0,0.0,-4.6
8703,승용차,니카라과,507.0,1206.0,1837.0,-58.0,3265.0,4859.0,-32.8,-1594.0,0.0,-4.6
8703,승용차,대만,32825.0,23916.0,66637.0,37.3,163840.0,99407.0,64.8,64433.0,1.0,-4.6
8703,승용차,덴마크,30243.0,26527.0,48243.0,14.0,104280.0,62073.0,68.0,42207.0,0.7,-4.6
8703,승용차,도미니카,250.0,13.0,6.0,1823.1,509.0,166.0,206.6,343.0,0.0,-4.6
8703,승용차,도미니카 공화국,10079.0,5575.0,7031.0,80.8,25124.0,16161.0,55.5,8963.0,0.2,-4.6
8703,승용차,독일,141222.0,164347.0,222285.0,-14.1,566058.0,427553.0,32.4,138505.0,3.6,-4.6
8703,승용차,라오스,0.0,525.0,286.0,-100.0,790.0,1595.0,-50.5,-805.0,0.0,-4.6
8703,승용차,라이베리아,202.0,107.0,246.0,88.8,718.0,361.0,98.9,357.0,0.0,-4.6
8703,승용차,라트비아,0.0,0.0,64.0,,64.0,101.0,-36.6,-37.0,0.0,-4.6
8703,승용차,러시아 연방,33186.0,93069.0,50089.0,-64.3,144410.0,286214.0,-49.5,-141804.0,0.9,-4.6
8703,승용차,레바논,1353.0,131.0,378.0,932.8,1800.0,2455.0,-26.7,-655.0,0.0,-4.6
8703,승용차,루마니아,8179.0,6496.0,5900.0,25.9,18393.0,20225.0,-9.1,-1832.0,0.1,-4.6
8703,승용차,룩셈부르그,0.0,0.0,0.0,,0.0,0.0,,0.0,0.0,-4.6
8703,승용차,르완다,709.0,1448.0,657.0,-51.0,2306.0,3934.0,-41.4,-1628.0,0.0,-4.6
8703,승용차,리비아,23459.0,18329.0,22460.0,28.0,67627.0,49579.0,36.4,18048.0,0.4,-4.6
8703,승용차,리투아니아,918.0,274.0,643.0,235.0,2253.0,714.0,215.5,1539.0,0.0,-4.6
8703,승용차,마다카스카르,2881.0,2117.0,2895.0,36.1,8296.0,5144.0,61.3,3152.0,0.1,-4.6
8703,승용차,마샬군도,146.0,90.0,302.0,62.2,642.0,402.0,59.7,240.0,0.0,-4.6
8703,승용차,마세도니아,228.0,247.0,79.0,-7.7,506.0,1174.0,-56.9,-668.0,0.0,-4.6
8703,승용차,마이크로네시아,37.0,24.0,6.0,54.2,106.0,68.0,55.9,38.0,0.0,-4.6
8703,승용차,마카오,0.0,25.0,0.0,-100.0,0.0,121.0,-100.0,-121.0,0.0,-4.6
8703,승용차,마티니크,839.0,111.0,4429.0,655.9,6313.0,695.0,808.3,5618.0,0.0,-4.6
8703,승용차,말라위,0.0,0.0,0.0,,0.0,0.0,,0.0,0.0,-4.6
8703,승용차,말레이시아,158.0,6024.0,0.0,-97.4,158.0,10038.0,-98.4,-9880.0,0.0,-4.6
8703,승용차,말리,327.0,0.0,12.0,,340.0,360.0,-5.6,-20.0,0.0,-4.6
8703,승용차,메요트,0.0,442.0,36.0,-100.0,696.0,1703.0,-59.1,-1007.0,0.0,-4.6
8703,승용차,멕시코,32753.0,32922.0,56450.0,-0.5,113157.0,104545.0,8.2,8612.0,0.7,-4.6
8703,승용차,모로코,1414.0,5795.0,2574.0,-75.6,7202.0,19382.0,-62.8,-12180.0,0.0,-4.6
8703,승용차,모리셔스,0.0,374.0,147.0,-100.0,147.0,2639.0,-94.4,-2492.0,0.0,-4.6
8703,승용차,모리타니,207.0,32.0,245.0,546.9,847.0,310.0,173.2,537.0,0.0,-4.6
8703,승용차,모잠비크,81.0,54.0,0.0,50.0,223.0,5390.0,-95.9,-5167.0,0.0,-4.6
8703,승용차,몬테네그로,0.0,258.0,11.0,-100.0,331.0,258.0,28.3,73.0,0.0,-4.6
8703,승용차,몰도바,3404.0,1732.0,3460.0,96.5,9607.0,5096.0,88.5,4511.0,0.1,-4.6
8703,승용차,몰디브,0.0,0.0,96.0,,96.0,0.0,,96.0,0.0,-4.6
8703,승용차,몰타,814.0,900.0,486.0,-9.6,3128.0,1984.0,57.7,1144.0,0.0,-4.6
8703,승용차,몽골,3627.0,3166.0,2644.0,14.6,10601.0,11270.0,-5.9,-669.0,0.1,-4.6
8703,승용차,미국,1476305.0,2094768.0,2742821.0,-29.5,7198097.0,7109293.0,1.2,88804.0,45.2,-4.6
8703,승용차,미얀마,4348.0,1796.0,13905.0,142.1,27375.0,8813.0,210.6,18562.0,0.2,-4.6
8703,승용차,바누아투,66.0,97.0,199.0,-32.0,358.0,389.0,-8.0,-31.0,0.0,-4.6
8703,승용차,바레인,124.0,666.0,1104.0,-81.4,2617.0,2737.0,-4.4,-120.0,0.0,-4.6
8703,승용차,바베이도스,239.0,574.0,855.0,-58.4,1509.0,1299.0,16.2,210.0,0.0,-4.6
8703,승용차,바하마,187.0,178.0,239.0,5.1,613.0,973.0,-37.0,-360.0,0.0,-4.6
8703,승용차,방글라데시,0.0,0.0,31.0,,526.0,563.0,-6.6,-37.0,0.0,-4.6
8703,승용차,버뮤다,535.0,1454.0,795.0,-63.2,1730.0,4224.0,-59.0,-2494.0,0.0,-4.6
8703,승용차,베네주엘라,711.0,1292.0,239.0,-45.0,1061.0,3619.0,-70.7,-2558.0,0.0,-4.6
8703,승용차,베닝,70.0,18.0,74.0,288.9,221.0,51.0,333.3,170.0,0.0,-4.6
8703,승용차,베트남,9051.0,10870.0,9115.0,-16.7,21594.0,33410.0,-35.4,-11816.0,0.1,-4.6
8703,승용차,벨기에,61929.0,39680.0,38855.0,56.1,149915.0,140868.0,6.4,9047.0,0.9,-4.6
8703,승용차,벨라루스,2187.0,958.0,3083.0,128.3,7843.0,2345.0,234.5,5498.0,0.0,-4.6
8703,승용차,벨리제,0.0,0.0,0.0,,0.0,0.0,,0.0,0.0,-4.6
8703,승용차,보네르 신트외스타티위스,0.0,3.0,0.0,-100.0,8.0,3.0,166.7,5.0,0.0,-4.6
8703,승용차,보스니아-헤르체고비나,23.0,164.0,0.0,-86.0,85.0,235.0,-63.8,-150.0,0.0,-4.6
8703,승용차,보츠와나,0.0,0.0,0.0,,0.0,0.0,,0.0,0.0,-4.6
8703,승용차,볼리비아,313.0,788.0,552.0,-60.3,1098.0,1454.0,-24.5,-356.0,0.0,-4.6
8703,승용차,부룬디,23.0,27.0,12.0,-14.8,46.0,91.0,-49.5,-45.0,0.0,-4.6
8703,승용차,부르키나 파소,8.0,412.0,47.0,-98.1,173.0,450.0,-61.6,-277.0,0.0,-4.6
8703,승용차,부탄,0.0,0.0,0.0,,0.0,0.0,,0.0,0.0,-4.6
8703,승용차,북마리아나 군도,141.0,149.0,219.0,-5.4,457.0,364.0,25.5,93.0,0.0,-4.6
8703,승용차,불가리아,10509.0,6321.0,9361.0,66.3,31629.0,17934.0,76.4,13695.0,0.2,-4.6
8703,승용차,불령 가이아나,202.0,362.0,198.0,-44.2,849.0,556.0,52.7,293.0,0.0,-4.6
8703,승용차,불령 리유니온 코모도 제도,818.0,843.0,4388.0,-3.0,5840.0,2391.0,144.2,3449.0,0.0,-4.6
8703,승용차,불령 폴리네시아,788.0,391.0,3324.0,101.5,5782.0,3193.0,81.1,2589.0,0.0,-4.6
8703,승용차,브라질,0.0,2014.0,0.0,-100.0,0.0,10368.0,-100.0,-10368.0,0.0,-4.6
8703,승용차,브루나이,460.0,1602.0,606.0,-71.3,1428.0,5894.0,-75.8,-4466.0,0.0,-4.6
8703,승용차,사모아,253.0,183.0,367.0,38.3,667.0,298.0,123.8,369.0,0.0,-4.6
8703,승용차,사우디아라비아,29352.0,98412.0,121746.0,-70.2,308833.0,371000.0,-16.8,-62167.0,1.9,-4.6
8703,승용차,사이프러스,1801.0,2451.0,1594.0,-26.5,6819.0,11538.0,-40.9,-4719.0,0.0,-4.6
8703,승용차,상토메 프린스페,0.0,0.0,0.0,,0.0,0.0,,0.0,0.0,-4.6
8703,승용차,세네갈,4242.0,3067.0,4087.0,38.3,13111.0,8988.0,45.9,4123.0,0.1,-4.6
8703,승용차,세르비아,41.0,0.0,0.0,,41.0,171.0,-76.0,-130.0,0.0,-4.6
8703,승용차,세이쉘,0.0,0.0,573.0,,573.0,137.0,318.2,436.0,0.0,-4.6
8703,승용차,세인트 루시아,185.0,264.0,23.0,-29.9,267.0,809.0,-67.0,-542.0,0.0,-4.6
8703,승용차,세인트 마틴,70.0,846.0,13.0,-91.7,83.0,1338.0,-93.8,-1255.0,0.0,-4.6
8703,승용차,세인트 바르탤르미,0.0,48.0,0.0,-100.0,97.0,48.0,102.1,49.0,0.0,-4.6
8703,승용차,세인트 빈센트 그레나딘,0.0,0.0,0.0,,0.0,109.0,-100.0,-109.0,0.0,-4.6
8703,승용차,세인트 키츠 네비스,65.0,3.0,109.0,2066.7,220.0,65.0,238.5,155.0,0.0,-4.6
8703,승용차,세인트마틴(생마르탱),8.0,0.0,162.0,,177.0,2.0,8750.0,175.0,0.0,-4.6
8703,승용차,소말리아,0.0,0.0,0.0,,8.0,0.0,,8.0,0.0,-4.6
8703,승용차,솔로몬 군도,0.0,0.0,83.0,,83.0,0.0,,83.0,0.0,-4.6
8703,승용차,수단,990.0,0.0,784.0,,2675.0,108.0,2376.9,2567.0,0.0,-4.6
8703,승용차,수리남,0.0,111.0,12.0,-100.0,12.0,198.0,-93.9,-186.0,0.0,-4.6
8703,승용차,스리랑카,152.0,808.0,594.0,-81.2,1333.0,3090.0,-56.9,-1757.0,0.0,-4.6
8703,승용차,스와질랜드,0.0,0.0,0.0,,0.0,0.0,,0.0,0.0,-4.6
8703,승용차,스웨덴,47004.0,58189.0,59772.0,-19.2,145201.0,172219.0,-15.7,-27018.0,0.9,-4.6
8703,승용차,스위스,10317.0,23272.0,19059.0,-55.7,58252.0,69964.0,-16.7,-11712.0,0.4,-4.6
8703,승용차,스페인,73713.0,141818.0,142020.0,-48.0,324380.0,369683.0,-12.3,-45303.0,2.0,-4.6
8703,승용차,슬로바키아,2365.0,6701.0,4689.0,-64.7,11289.0,12451.0,-9.3,-1162.0,0.1,-4.6
8703,승용차,슬로베니아,2693.0,8853.0,3648.0,-69.6,10807.0,34675.0,-68.8,-23868.0,0.1,-4.6
8703,승용차,시리아,871.0,5258.0,970.0,-83.4,6817.0,37036.0,-81.6,-30219.0,0.0,-4.6
8703,승용차,시에라 리온,43.0,54.0,49.0,-20.4,135.0,108.0,25.0,27.0,0.0,-4.6
8703,승용차,싱가포르,6399.0,3593.0,1120.0,78.1,11273.0,14186.0,-20.5,-2913.0,0.1,-4.6
8703,승용차,아랍에미리트 연합,11212.0,37995.0,38121.0,-70.5,58583.0,120406.0,-51.3,-61823.0,0.4,-4.6
8703,승용차,아루바,556.0,535.0,681.0,3.9,2315.0,2152.0,7.6,163.0,0.0,-4.6
8703,승용차,아르메니아,666.0,380.0,151.0,75.3,1018.0,1653.0,-38.4,-635.0,0.0,-4.6
8703,승용차,아르헨티나,577.0,32942.0,1385.0,-98.2,2582.0,45841.0,-94.4,-43259.0,0.0,-4.6
8703,승용차,아메리칸 사모아,0.0,0.0,159.0,,646.0,465.0,38.9,181.0,0.0,-4.6
8703,승용차,아이슬란드,3658.0,7095.0,1555.0,-48.4,6823.0,10414.0,-34.5,-3591.0,0.0,-4.6
8703,승용차,아이티,0.0,0.0,0.0,,0.0,0.0,,0.0,0.0,-4.6
8703,승용차,아일랜드,7842.0,32418.0,16780.0,-75.8,35416.0,54933.0,-35.5,-19517.0,0.2,-4.6
8703,승용차,아제르바이잔,10358.0,3748.0,10927.0,176.4,35922.0,13369.0,168.7,22553.0,0.2,-4.6
8703,승용차,아프카니스탄,847.0,345.0,526.0,145.5,1374.0,3557.0,-61.4,-2183.0,0.0,-4.6
8703,승용차,안티가 바부다,511.0,17.0,173.0,2905.9,734.0,133.0,451.9,601.0,0.0,-4.6
8703,승용차,알바니아,25108.0,27423.0,36648.0,-8.4,95369.0,78762.0,21.1,16607.0,0.6,-4.6
8703,승용차,알제리,5849.0,3428.0,5018.0,70.6,20265.0,10431.0,94.3,9834.0,0.1,-4.6
8703,승용차,앙골라,248.0,785.0,717.0,-68.4,1614.0,1269.0,27.2,345.0,0.0,-4.6
8703,승용차,앙귈라,14.0,0.0,0.0,,14.0,0.0,,14.0,0.0,-4.6
8703,승용차,에스토니아,1206.0,1019.0,4031.0,18.4,9288.0,4887.0,90.1,4401.0,0.1,-4.6
8703,승용차,에쿠아도르,5488.0,4631.0,1834.0,18.5,19235.0,24582.0,-21.8,-5347.0,0.1,-4.6
8703,승용차,에티오피아,43.0,428.0,1316.0,-90.0,1359.0,428.0,217.5,931.0,0.0,-4.6
8703,승용차,엘살바도르,382.0,514.0,1463.0,-25.7,2734.0,2152.0,27.0,582.0,0.0,-4.6
8703,승용차,영국,118798.0,244408.0,240014.0,-51.4,580556.0,747644.0,-22.3,-167088.0,3.6,-4.6
8703,승용차,영령 버진군도,50.0,225.0,56.0,-77.8,145.0,338.0,-57.1,-193.0,0.0,-4.6
8703,승용차,영령 캐이맨 군도,502.0,1334.0,1430.0,-62.4,1979.0,2825.0,-29.9,-846.0,0.0,-4.6
8703,승용차,예맨,198.0,634.0,140.0,-68.8,545.0,3173.0,-82.8,-2628.0,0.0,-4.6
8703,승용차,오만,5190.0,4797.0,7565.0,8.2,15797.0,13340.0,18.4,2457.0,0.1,-4.6
8703,승용차,오스트리아,19987.0,14542.0,15603.0,37.4,58826.0,62667.0,-6.1,-3841.0,0.4,-4.6
8703,승용차,온두라스,548.0,702.0,685.0,-21.9,2454.0,1564.0,56.9,890.0,0.0,-4.6
8703,승용차,왈라스 & 퓨투나 군도,0.0,0.0,0.0,,0.0,0.0,,0.0,0.0,-4.6
8703,승용차,요르단,21563.0,25387.0,30991.0,-15.1,83248.0,80593.0,3.3,2655.0,0.5,-4.6
8703,승용차,우간다,166.0,4.0,0.0,4050.0,233.0,31.0,651.6,202.0,0.0,-4.6
8703,승용차,우루과이,181.0,493.0,1995.0,-63.3,3890.0,3090.0,25.9,800.0,0.0,-4.6
8703,승용차,우즈베키스탄,9983.0,10217.0,15722.0,-2.3,39629.0,26349.0,50.4,13280.0,0.2,-4.6
8703,승용차,우크라이나,4259.0,7514.0,13673.0,-43.3,29452.0,22942.0,28.4,6510.0,0.2,-4.6
8703,승용차,이라크,13718.0,28689.0,34967.0,-52.2,82296.0,76253.0,7.9,6043.0,0.5,-4.6
8703,승용차,이란,12.0,761.0,16.0,-98.4,28.0,1549.0,-98.2,-1521.0,0.0,-4.6
8703,승용차,이스라엘,63056.0,36317.0,69529.0,73.6,207740.0,131779.0,57.6,75961.0,1.3,-4.6
8703,승용차,이집트,17006.0,17898.0,18615.0,-5.0,56163.0,55855.0,0.6,308.0,0.4,-4.6
8703,승용차,이탈리아,34125.0,48984.0,62478.0,-30.3,160034.0,149813.0,6.8,10221.0,1.0,-4.6
8703,승용차,인도,19.0,178.0,67.0,-89.3,946.0,354.0,167.2,592.0,0.0,-4.6
8703,승용차,인도네시아,5834.0,6034.0,8994.0,-3.3,21825.0,28069.0,-22.2,-6244.0,0.1,-4.6
8703,승용차,일본,2370.0,744.0,4610.0,218.5,11044.0,7200.0,53.4,3844.0,0.1,-4.6
8703,승용차,자마이카,838.0,1207.0,534.0,-30.6,1423.0,3800.0,-62.6,-2377.0,0.0,-4.6
8703,승용차,잠비아,0.0,0.0,8.0,,43.0,0.0,,43.0,0.0,-4.6
8703,승용차,적도 기니,184.0,80.0,154.0,130.0,528.0,262.0,101.5,266.0,0.0,-4.6
8703,승용차,조지아,2904.0,2971.0,5271.0,-2.3,13638.0,12514.0,9.0,1124.0,0.1,-4.6
8703,승용차,중국,6368.0,16143.0,19195.0,-60.6,51342.0,66991.0,-23.4,-15649.0,0.3,-4.6
8703,승용차,중앙아프리카공화국,0.0,0.0,0.0,,0.0,0.0,,0.0,0.0,-4.6
8703,승용차,지부티,83.0,497.0,0.0,-83.3,146.0,1432.0,-89.8,-1286.0,0.0,-4.6
8703,승용차,지브랄타,410.0,267.0,284.0,53.6,694.0,1419.0,-51.1,-725.0,0.0,-4.6
8703,승용차,짐바브웨,83.0,308.0,10.0,-73.1,336.0,437.0,-23.1,-101.0,0.0,-4.6
8703,승용차,챠드,0.0,0.0,2.0,,2.0,0.0,,2.0,0.0,-4.6
8703,승용차,체코공화국,9101.0,8707.0,13720.0,4.5,30533.0,22966.0,32.9,7567.0,0.2,-4.6
8703,승용차,칠레,27581.0,23603.0,30870.0,16.9,99661.0,72633.0,37.2,27028.0,0.6,-4.6
8703,승용차,카메룬,193.0,125.0,251.0,54.4,688.0,654.0,5.2,34.0,0.0,-4.6
8703,승용차,카보 베르데,52.0,78.0,343.0,-33.3,605.0,540.0,12.0,65.0,0.0,-4.6
8703,승용차,카자흐스탄,47981.0,122012.0,51272.0,-60.7,158183.0,418910.0,-62.2,-260727.0,1.0,-4.6
8703,승용차,카타르,78.0,13417.0,5649.0,-99.4,9421.0,20694.0,-54.5,-11273.0,0.1,-4.6
8703,승용차,캄보디아,1915.0,4785.0,4537.0,-60.0,11621.0,16389.0,-29.1,-4768.0,0.1,-4.6
8703,승용차,캐나다,356941.0,457564.0,508630.0,-22.0,1485303.0,1406296.0,5.6,79007.0,9.3,-4.6
8703,승용차,케냐,110.0,62.0,40.0,77.4,280.0,247.0,13.4,33.0,0.0,-4.6
8703,승용차,코모로스,75.0,0.0,0.0,,75.0,14.0,435.7,61.0,0.0,-4.6
8703,승용차,코스 군도,0.0,0.0,0.0,,0.0,0.0,,0.0,0.0,-4.6
8703,승용차,코스타리카,2536.0,3763.0,5317.0,-32.6,14397.0,11251.0,28.0,3146.0,0.1,-4.6
8703,승용차,코트디봐르,825.0,2775.0,821.0,-70.3,2420.0,4184.0,-42.2,-1764.0,0.0,-4.6
8703,승용차,콜롬비아,58515.0,32946.0,58374.0,77.6,175407.0,135787.0,29.2,39620.0,1.1,-4.6
8703,승용차,콩고,497.0,366.0,701.0,35.8,1853.0,1163.0,59.3,690.0,0.0,-4.6
8703,승용차,콩고민주공화국,825.0,2.0,1483.0,41150.0,2454.0,2125.0,15.5,329.0,0.0,-4.6
8703,승용차,쿠바,0.0,658.0,0.0,-100.0,91.0,2036.0,-95.5,-1945.0,0.0,-4.6
8703,승용차,쿠웨이트,12348.0,3367.0,7809.0,266.7,27678.0,29031.0,-4.7,-1353.0,0.2,-4.6
8703,승용차,큐라소,125.0,546.0,741.0,-77.1,1147.0,1431.0,-19.8,-284.0,0.0,-4.6
8703,승용차,크로아티아,761.0,3147.0,2781.0,-75.8,6762.0,9084.0,-25.6,-2322.0,0.0,-4.6
8703,승용차,키르기스스탄,113388.0,264629.0,172031.0,-57.2,495748.0,779415.0,-36.4,-283667.0,3.1,-4.6
8703,승용차,키리바티,0.0,0.0,0.0,,0.0,0.0,,0.0,0.0,-4.6
8703,승용차,타지크,16969.0,24127.0,25107.0,-29.7,67377.0,67371.0,0.0,6.0,0.4,-4.6
8703,승용차,탄자니아,870.0,1235.0,1414.0,-29.6,3772.0,2861.0,31.8,911.0,0.0,-4.6
8703,승용차,태국,283.0,43.0,400.0,558.1,824.0,555.0,48.5,269.0,0.0,-4.6
8703,승용차,토고,385.0,102.0,699.0,277.5,1313.0,241.0,444.8,1072.0,0.0,-4.6
8703,승용차,토켈라우,0.0,0.0,0.0,,0.0,5.0,-100.0,-5.0,0.0,-4.6
8703,승용차,통가,0.0,0.0,19.0,,19.0,0.0,,19.0,0.0,-4.6
8703,승용차,투르크 & 카이코스 군도,124.0,142.0,120.0,-12.7,346.0,279.0,24.0,67.0,0.0,-4.6
8703,승용차,투르크멘,673.0,151.0,1080.0,345.7,2583.0,200.0,1191.5,2383.0,0.0,-4.6
8703,승용차,투발루,0.0,0.0,0.0,,0.0,1.0,-100.0,-1.0,0.0,-4.6
8703,승용차,튀니지,1113.0,6408.0,1411.0,-82.6,9855.0,24262.0,-59.4,-14407.0,0.1,-4.6
8703,승용차,튀르키예,64659.0,83816.0,70828.0,-22.9,213167.0,364059.0,-41.4,-150892.0,1.3,-4.6
8703,승용차,트리니다드 토바고,2777.0,5392.0,1846.0,-48.5,6479.0,13340.0,-51.4,-6861.0,0.0,-4.6
8703,승용차,파나마,293.0,2684.0,1518.0,-89.1,3260.0,6453.0,-49.5,-3193.0,0.0,-4.6
8703,승용차,파라과이,4315.0,3131.0,5178.0,37.8,11284.0,9504.0,18.7,1780.0,0.1,-4.6
8703,승용차,파키스탄,5756.0,23480.0,21036.0,-75.5,29257.0,75080.0,-61.0,-45823.0,0.2,-4.6
8703,승용차,파푸아 뉴기니,0.0,711.0,108.0,-100.0,265.0,1036.0,-74.4,-771.0,0.0,-4.6
8703,승용차,팔라우,0.0,0.0,2.0,,21.0,14.0,50.0,7.0,0.0,-4.6
8703,승용차,팔레스타인 해방기구,559.0,954.0,292.0,-41.4,5308.0,2676.0,98.4,2632.0,0.0,-4.6
8703,승용차,페루,1809.0,1458.0,1410.0,24.1,7084.0,10640.0,-33.4,-3556.0,0.0,-4.6
8703,승용차,포루투갈,12025.0,11638.0,12223.0,3.3,36316.0,36956.0,-1.7,-640.0,0.2,-4.6
8703,승용차,폴란드,22934.0,23975.0,24382.0,-4.3,89686.0,84027.0,6.7,5659.0,0.6,-4.6
8703,승용차,푸에르토리코,9775.0,24439.0,25767.0,-60.0,51315.0,81470.0,-37.0,-30155.0,0.3,-4.6
8703,승용차,프랑스,48293.0,71148.0,64108.0,-32.1,180030.0,184859.0,-2.6,-4829.0,1.1,-4.6
8703,승용차,피지,119.0,106.0,487.0,12.3,1764.0,2124.0,-16.9,-360.0,0.0,-4.6
8703,승용차,핀란드,6594.0,10069.0,11372.0,-34.5,33796.0,28945.0,16.8,4851.0,0.2,-4.6
8703,승용차,필리핀,9720.0,7889.0,2333.0,23.2,27883.0,26600.0,4.8,1283.0,0.2,-4.6
8703,승용차,허드 앤 맥도날드 군도,0.0,0.0,0.0,,0.0,0.0,,0.0,0.0,-4.6
8703,승용차,헝가리,11272.0,11530.0,9058.0,-2.2,41407.0,71499.0,-42.1,-30092.0,0.3,-4.6
8703,승용차,호주,151233.0,243400.0,252345.0,-37.9,719806.0,694013.0,3.7,25793.0,4.5,-4.6
8703,승용차,홍콩,32.0,74.0,0.0,-56.8,402.0,2487.0,-83.8,-2085.0,0.0,-4.6
8710,전차·장갑차(K2·K9 등),그리스,0.0,0.0,0.0,,0.0,0.0,,0.0,0.0,88.6
8710,전차·장갑차(K2·K9 등),네덜란드,0.0,1488.0,887.0,-100.0,1773.0,2346.0,-24.4,-573.0,0.2,88.6
8710,전차·장갑차(K2·K9 등),노르웨이,1361.0,0.0,0.0,,3053.0,672.0,354.3,2381.0,0.3,88.6
8710,전차·장갑차(K2·K9 등),대만,0.0,0.0,0.0,,0.0,0.0,,0.0,0.0,88.6
8710,전차·장갑차(K2·K9 등),덴마크,0.0,163.0,0.0,-100.0,0.0,163.0,-100.0,-163.0,0.0,88.6
8710,전차·장갑차(K2·K9 등),독일,1011.0,12.0,2.0,8325.0,1013.0,30.0,3276.7,983.0,0.1,88.6
8710,전차·장갑차(K2·K9 등),루마니아,0.0,101.0,13015.0,-100.0,13102.0,517.0,2434.2,12585.0,1.4,88.6
8710,전차·장갑차(K2·K9 등),말레이시아,0.0,15.0,0.0,-100.0,0.0,15.0,-100.0,-15.0,0.0,88.6
8710,전차·장갑차(K2·K9 등),멕시코,0.0,0.0,0.0,,0.0,0.0,,0.0,0.0,88.6
8710,전차·장갑차(K2·K9 등),미국,333.0,105.0,822.0,217.1,1704.0,3576.0,-52.3,-1872.0,0.2,88.6
8710,전차·장갑차(K2·K9 등),바레인,0.0,0.0,0.0,,0.0,81.0,-100.0,-81.0,0.0,88.6
8710,전차·장갑차(K2·K9 등),사우디아라비아,0.0,1.0,0.0,-100.0,0.0,1.0,-100.0,-1.0,0.0,88.6
8710,전차·장갑차(K2·K9 등),스페인,0.0,1.0,10.0,-100.0,10.0,1.0,900.0,9.0,0.0,88.6
8710,전차·장갑차(K2·K9 등),슬로베니아,0.0,0.0,0.0,,0.0,78.0,-100.0,-78.0,0.0,88.6
8710,전차·장갑차(K2·K9 등),싱가포르,1296.0,189.0,1136.0,585.7,6283.0,613.0,925.0,5670.0,0.7,88.6
8710,전차·장갑차(K2·K9 등),아랍에미리트 연합,0.0,0.0,19.0,,19.0,0.0,,19.0,0.0,88.6
8710,전차·장갑차(K2·K9 등),아일랜드,0.0,0.0,0.0,,0.0,0.0,,0.0,0.0,88.6
8710,전차·장갑차(K2·K9 등),아제르바이잔,0.0,0.0,0.0,,0.0,0.0,,0.0,0.0,88.6
8710,전차·장갑차(K2·K9 등),에스토니아,102.0,0.0,0.0,,508.0,1220.0,-58.4,-712.0,0.1,88.6
8710,전차·장갑차(K2·K9 등),영국,0.0,17.0,0.0,-100.0,0.0,17.0,-100.0,-17.0,0.0,88.6
8710,전차·장갑차(K2·K9 등),우루과이,0.0,0.0,0.0,,140.0,0.0,,140.0,0.0,88.6
8710,전차·장갑차(K2·K9 등),이라크,0.0,0.0,6642.0,,13284.0,0.0,,13284.0,1.4,88.6
8710,전차·장갑차(K2·K9 등),이스라엘,0.0,0.0,0.0,,0.0,0.0,,0.0,0.0,88.6
8710,전차·장갑차(K2·K9 등),이집트,0.0,0.0,0.0,,0.0,0.0,,0.0,0.0,88.6
8710,전차·장갑차(K2·K9 등),이탈리아,0.0,0.0,0.0,,0.0,0.0,,0.0,0.0,88.6
8710,전차·장갑차(K2·K9 등),인도,100.0,0.0,0.0,,100.0,0.0,,100.0,0.0,88.6
8710,전차·장갑차(K2·K9 등),인도네시아,0.0,0.0,0.0,,0.0,0.0,,0.0,0.0,88.6
8710,전차·장갑차(K2·K9 등),일본,0.0,0.0,0.0,,0.0,0.0,,0.0,0.0,88.6
8710,전차·장갑차(K2·K9 등),중국,0.0,0.0,0.0,,0.0,0.0,,0.0,0.0,88.6
8710,전차·장갑차(K2·K9 등),체코공화국,0.0,0.0,0.0,,0.0,0.0,,0.0,0.0,88.6
8710,전차·장갑차(K2·K9 등),캐나다,0.0,0.0,0.0,,0.0,15.0,-100.0,-15.0,0.0,88.6
8710,전차·장갑차(K2·K9 등),태국,0.0,0.0,718.0,,718.0,0.0,,718.0,0.1,88.6
8710,전차·장갑차(K2·K9 등),튀르키예,1.0,739.0,36829.0,-99.9,43115.0,57952.0,-25.6,-14837.0,4.5,88.6
8710,전차·장갑차(K2·K9 등),파키스탄,0.0,0.0,25.0,,25.0,0.0,,25.0,0.0,88.6
8710,전차·장갑차(K2·K9 등),페루,0.0,0.0,0.0,,0.0,0.0,,0.0,0.0,88.6
8710,전차·장갑차(K2·K9 등),폴란드,98892.0,32589.0,294923.0,203.5,861135.0,435909.0,97.5,425226.0,90.1,88.6
8710,전차·장갑차(K2·K9 등),프랑스,0.0,0.0,0.0,,0.0,0.0,,0.0,0.0,88.6
8710,전차·장갑차(K2·K9 등),핀란드,236.0,0.0,0.0,,1727.0,867.0,99.2,860.0,0.2,88.6
8710,전차·장갑차(K2·K9 등),필리핀,0.0,0.0,0.0,,0.0,128.0,-100.0,-128.0,0.0,88.6
8710,전차·장갑차(K2·K9 등),헝가리,0.0,0.0,0.0,,0.0,0.0,,0.0,0.0,88.6
8710,전차·장갑차(K2·K9 등),호주,315.0,2555.0,7372.0,-87.7,8186.0,2572.0,218.3,5614.0,0.9,88.6
8901,선박(여객·화물선),그리스,0.0,0.0,213031.0,,299568.0,0.0,,299568.0,4.1,0.2
8901,선박(여객·화물선),나이지리아,0.0,0.0,0.0,,0.0,0.0,,0.0,0.0,0.2
8901,선박(여객·화물선),남아프리카공화국,0.0,0.0,0.0,,0.0,0.0,,0.0,0.0,0.2
8901,선박(여객·화물선),네덜란드,0.0,5500.0,0.0,-100.0,0.0,5500.0,-100.0,-5500.0,0.0,0.2
8901,선박(여객·화물선),노르웨이,0.0,0.0,0.0,,0.0,0.0,,0.0,0.0,0.2
8901,선박(여객·화물선),뉴질랜드,0.0,0.0,0.0,,0.0,0.0,,0.0,0.0,0.2
8901,선박(여객·화물선),대만,0.0,0.0,0.0,,3780.0,55827.0,-93.2,-52047.0,0.1,0.2
8901,선박(여객·화물선),덴마크,0.0,195550.0,110212.0,-100.0,110212.0,586650.0,-81.2,-476438.0,1.5,0.2
8901,선박(여객·화물선),독일,0.0,0.0,0.0,,0.0,0.0,,0.0,0.0,0.2
8901,선박(여객·화물선),라이베리아,20000.0,425514.0,420317.0,-95.3,718609.0,1807761.0,-60.2,-1089152.0,9.9,0.2
8901,선박(여객·화물선),러시아 연방,0.0,4850.0,0.0,-100.0,0.0,4850.0,-100.0,-4850.0,0.0,0.2
8901,선박(여객·화물선),루마니아,0.0,0.0,0.0,,0.0,0.0,,0.0,0.0,0.2
8901,선박(여객·화물선),마샬군도,517315.0,611705.0,865691.0,-15.4,2097299.0,988241.0,112.2,1109058.0,28.8,0.2
8901,선박(여객·화물선),말레이시아,0.0,0.0,0.0,,0.0,0.0,,0.0,0.0,0.2
8901,선박(여객·화물선),멕시코,0.0,0.0,0.0,,0.0,0.0,,0.0,0.0,0.2
8901,선박(여객·화물선),몰타,214900.0,0.0,0.0,,887685.0,173447.0,411.8,714238.0,12.2,0.2
8901,선박(여객·화물선),미국,0.0,0.0,123666.0,,123666.0,0.0,,123666.0,1.7,0.2
8901,선박(여객·화물선),바하마,0.0,0.0,232700.0,,362886.0,115850.0,213.2,247036.0,5.0,0.2
8901,선박(여객·화물선),방글라데시,0.0,0.0,0.0,,1508.0,0.0,,1508.0,0.0,0.2
8901,선박(여객·화물선),버뮤다,0.0,211427.0,210662.0,-100.0,421473.0,633023.0,-33.4,-211550.0,5.8,0.2
8901,선박(여객·화물선),베트남,0.0,0.0,0.0,,0.0,0.0,,0.0,0.0,0.2
8901,선박(여객·화물선),벨기에,0.0,0.0,78478.0,,78478.0,0.0,,78478.0,1.1,0.2
8901,선박(여객·화물선),브루나이,0.0,0.0,0.0,,0.0,0.0,,0.0,0.0,0.2
8901,선박(여객·화물선),사우디아라비아,0.0,0.0,0.0,,0.0,0.0,,0.0,0.0,0.2
8901,선박(여객·화물선),스리랑카,0.0,0.0,0.0,,0.0,0.0,,0.0,0.0,0.2
8901,선박(여객·화물선),싱가포르,596292.0,742187.0,415298.0,-19.7,1466646.0,1157600.0,26.7,309046.0,20.1,0.2
8901,선박(여객·화물선),아랍에미리트 연합,505.0,0.0,0.0,,18763.0,0.0,,18763.0,0.3,0.2
8901,선박(여객·화물선),영국,42000.0,0.0,0.0,,42000.0,0.0,,42000.0,0.6,0.2
8901,선박(여객·화물선),오만,0.0,0.0,17841.0,,17841.0,0.0,,17841.0,0.2,0.2
8901,선박(여객·화물선),우루과이,0.0,0.0,0.0,,0.0,0.0,,0.0,0.0,0.2
8901,선박(여객·화물선),이탈리아,0.0,0.0,0.0,,0.0,0.0,,0.0,0.0,0.2
8901,선박(여객·화물선),인도,0.0,0.0,0.0,,0.0,0.0,,0.0,0.0,0.2
8901,선박(여객·화물선),인도네시아,1850.0,0.0,650.0,,5600.0,0.0,,5600.0,0.1,0.2
8901,선박(여객·화물선),일본,1.0,0.0,1539.0,,1540.0,9502.0,-83.8,-7962.0,0.0,0.2
8901,선박(여객·화물선),자마이카,0.0,0.0,0.0,,0.0,0.0,,0.0,0.0,0.2
8901,선박(여객·화물선),중국,0.0,0.0,40000.0,,40000.0,0.0,,40000.0,0.5,0.2
8901,선박(여객·화물선),카타르,0.0,0.0,0.0,,0.0,0.0,,0.0,0.0,0.2
8901,선박(여객·화물선),캄보디아,0.0,0.0,0.0,,0.0,0.0,,0.0,0.0,0.2
8901,선박(여객·화물선),캐나다,0.0,0.0,0.0,,0.0,29199.0,-100.0,-29199.0,0.0,0.2
8901,선박(여객·화물선),콜롬비아,0.0,0.0,0.0,,0.0,39800.0,-100.0,-39800.0,0.0,0.2
8901,선박(여객·화물선),쿠웨이트,0.0,0.0,0.0,,0.0,0.0,,0.0,0.0,0.2
8901,선박(여객·화물선),크로아티아,0.0,0.0,0.0,,9500.0,0.0,,9500.0,0.1,0.2
8901,선박(여객·화물선),탄자니아,0.0,0.0,0.0,,0.0,0.0,,0.0,0.0,0.2
8901,선박(여객·화물선),태국,1775.0,0.0,187.0,,1962.0,0.0,,1962.0,0.0,0.2
8901,선박(여객·화물선),튀르키예,0.0,0.0,0.0,,0.0,0.0,,0.0,0.0,0.2
8901,선박(여객·화물선),파나마,178801.0,46200.0,99422.0,287.0,349657.0,388356.0,-10.0,-38699.0,4.8,0.2
8901,선박(여객·화물선),파키스탄,179.0,0.0,354.0,,538.0,0.0,,538.0,0.0,0.2
8901,선박(여객·화물선),파푸아 뉴기니,0.0,0.0,0.0,,0.0,1650.0,-100.0,-1650.0,0.0,0.2
8901,선박(여객·화물선),페루,0.0,0.0,0.0,,0.0,0.0,,0.0,0.0,0.2
8901,선박(여객·화물선),포루투갈,0.0,0.0,0.0,,0.0,0.0,,0.0,0.0,0.2
8901,선박(여객·화물선),프랑스,0.0,697599.0,214900.0,-100.0,214900.0,1253456.0,-82.9,-1038556.0,3.0,0.2
8901,선박(여객·화물선),피지,0.0,0.0,0.0,,0.0,0.0,,0.0,0.0,0.2
8901,선박(여객·화물선),필리핀,600.0,75.0,310.0,700.0,910.0,14125.0,-93.6,-13215.0,0.0,0.2
8901,선박(여객·화물선),호주,0.0,0.0,0.0,,0.0,0.0,,0.0,0.0,0.2
8901,선박(여객·화물선),홍콩,5250.0,0.0,0.0,,5250.0,0.0,,5250.0,0.1,0.2
9301,무기(자주포·로켓 등),남아프리카공화국,0.0,0.0,0.0,,0.0,0.0,,0.0,0.0,-24.7
9301,무기(자주포·로켓 등),네팔,0.0,0.0,0.0,,0.0,1127.0,-100.0,-1127.0,0.0,-24.7
9301,무기(자주포·로켓 등),노르웨이,0.0,0.0,0.0,,0.0,0.0,,0.0,0.0,-24.7
9301,무기(자주포·로켓 등),덴마크,0.0,0.0,0.0,,0.0,0.0,,0.0,0.0,-24.7
9301,무기(자주포·로켓 등),독일,0.0,0.0,0.0,,0.0,0.0,,0.0,0.0,-24.7
9301,무기(자주포·로켓 등),루마니아,0.0,0.0,57959.0,,57959.0,0.0,,57959.0,42.9,-24.7
9301,무기(자주포·로켓 등),말레이시아,0.0,0.0,0.0,,162.0,0.0,,162.0,0.1,-24.7
9301,무기(자주포·로켓 등),멕시코,0.0,0.0,0.0,,0.0,0.0,,0.0,0.0,-24.7
9301,무기(자주포·로켓 등),모로코,0.0,0.0,0.0,,8689.0,0.0,,8689.0,6.4,-24.7
9301,무기(자주포·로켓 등),미국,133.0,366.0,211.0,-63.7,884.0,1578.0,-44.0,-694.0,0.7,-24.7
9301,무기(자주포·로켓 등),방글라데시,0.0,0.0,0.0,,0.0,0.0,,0.0,0.0,-24.7
9301,무기(자주포·로켓 등),베트남,0.0,0.0,0.0,,0.0,0.0,,0.0,0.0,-24.7
9301,무기(자주포·로켓 등),벨기에,0.0,0.0,0.0,,0.0,0.0,,0.0,0.0,-24.7
9301,무기(자주포·로켓 등),불가리아,0.0,0.0,0.0,,0.0,0.0,,0.0,0.0,-24.7
9301,무기(자주포·로켓 등),사우디아라비아,0.0,0.0,8564.0,,8652.0,0.0,,8652.0,6.4,-24.7
9301,무기(자주포·로켓 등),스위스,0.0,0.0,0.0,,0.0,0.0,,0.0,0.0,-24.7
9301,무기(자주포·로켓 등),아랍에미리트 연합,0.0,0.0,0.0,,0.0,0.0,,0.0,0.0,-24.7
9301,무기(자주포·로켓 등),앙골라,0.0,11123.0,0.0,-100.0,0.0,11123.0,-100.0,-11123.0,0.0,-24.7
9301,무기(자주포·로켓 등),에스토니아,0.0,0.0,0.0,,0.0,0.0,,0.0,0.0,-24.7
9301,무기(자주포·로켓 등),영국,0.0,0.0,0.0,,0.0,14.0,-100.0,-14.0,0.0,-24.7
9301,무기(자주포·로켓 등),이라크,0.0,0.0,0.0,,0.0,14856.0,-100.0,-14856.0,0.0,-24.7
9301,무기(자주포·로켓 등),이스라엘,0.0,0.0,0.0,,0.0,0.0,,0.0,0.0,-24.7
9301,무기(자주포·로켓 등),이집트,0.0,10539.0,0.0,-100.0,0.0,31474.0,-100.0,-31474.0,0.0,-24.7
9301,무기(자주포·로켓 등),이탈리아,0.0,0.0,0.0,,0.0,0.0,,0.0,0.0,-24.7
9301,무기(자주포·로켓 등),인도네시아,0.0,14.0,0.0,-100.0,0.0,14.0,-100.0,-14.0,0.0,-24.7
9301,무기(자주포·로켓 등),체코공화국,0.0,0.0,0.0,,0.0,0.0,,0.0,0.0,-24.7
9301,무기(자주포·로켓 등),튀르키예,0.0,0.0,0.0,,0.0,0.0,,0.0,0.0,-24.7
9301,무기(자주포·로켓 등),폴란드,39193.0,0.0,792.0,,58632.0,117504.0,-50.1,-58872.0,43.4,-24.7
9301,무기(자주포·로켓 등),프랑스,0.0,0.0,0.0,,0.0,0.0,,0.0,0.0,-24.7
9301,무기(자주포·로켓 등),핀란드,0.0,0.0,0.0,,0.0,0.0,,0.0,0.0,-24.7
9301,무기(자주포·로켓 등),필리핀,0.0,0.0,0.0,,0.0,1466.0,-100.0,-1466.0,0.0,-24.7
9301,무기(자주포·로켓 등),호주,0.0,0.0,0.0,,0.0,0.0,,0.0,0.0,-24.7
9306,탄약,가이아나,0.0,0.0,0.0,,0.0,0.0,,0.0,0.0,37.4
9306,탄약,남아프리카공화국,0.0,8.0,0.0,-100.0,0.0,8.0,-100.0,-8.0,0.0,37.4
9306,탄약,뉴질랜드,0.0,33.0,0.0,-100.0,209.0,33.0,533.3,176.0,0.0,37.4
9306,탄약,대만,0.0,0.0,0.0,,0.0,0.0,,0.0,0.0,37.4
9306,탄약,독일,441.0,49.0,0.0,800.0,441.0,83.0,431.3,358.0,0.1,37.4
9306,탄약,러시아 연방,0.0,0.0,0.0,,0.0,0.0,,0.0,0.0,37.4
9306,탄약,루마니아,615.0,9310.0,1915.0,-93.4,20516.0,9951.0,106.2,10565.0,3.7,37.4
9306,탄약,말레이시아,0.0,0.0,1422.0,,1422.0,0.0,,1422.0,0.3,37.4
9306,탄약,멕시코,0.0,0.0,250.0,,250.0,308.0,-18.8,-58.0,0.0,37.4
9306,탄약,모로코,0.0,0.0,0.0,,20358.0,0.0,,20358.0,3.7,37.4
9306,탄약,모잠비크,0.0,111.0,0.0,-100.0,0.0,111.0,-100.0,-111.0,0.0,37.4
9306,탄약,몽골,125.0,118.0,0.0,5.9,125.0,289.0,-56.7,-164.0,0.0,37.4
9306,탄약,미국,12132.0,11630.0,11920.0,4.3,37211.0,29149.0,27.7,8062.0,6.7,37.4
9306,탄약,베트남,0.0,0.0,0.0,,0.0,0.0,,0.0,0.0,37.4
9306,탄약,벨기에,0.0,0.0,0.0,,0.0,0.0,,0.0,0.0,37.4
9306,탄약,불가리아,0.0,0.0,0.0,,0.0,0.0,,0.0,0.0,37.4
9306,탄약,브라질,0.0,0.0,0.0,,0.0,0.0,,0.0,0.0,37.4
9306,탄약,사우디아라비아,0.0,4737.0,39254.0,-100.0,91122.0,8769.0,939.1,82353.0,16.4,37.4
9306,탄약,스웨덴,0.0,0.0,0.0,,0.0,63889.0,-100.0,-63889.0,0.0,37.4
9306,탄약,스위스,0.0,0.0,0.0,,0.0,0.0,,0.0,0.0,37.4
9306,탄약,스페인,0.0,0.0,0.0,,0.0,0.0,,0.0,0.0,37.4
9306,탄약,슬로바키아,37.0,0.0,0.0,,37.0,0.0,,37.0,0.0,37.4
9306,탄약,싱가포르,0.0,0.0,0.0,,0.0,0.0,,0.0,0.0,37.4
9306,탄약,아랍에미리트 연합,0.0,60.0,3844.0,-100.0,5688.0,9439.0,-39.7,-3751.0,1.0,37.4
9306,탄약,아제르바이잔,664.0,0.0,0.0,,664.0,0.0,,664.0,0.1,37.4
9306,탄약,안도라,0.0,0.0,0.0,,0.0,0.0,,0.0,0.0,37.4
9306,탄약,에스토니아,0.0,0.0,0.0,,0.0,0.0,,0.0,0.0,37.4
9306,탄약,영국,0.0,0.0,37.0,,37.0,25159.0,-99.9,-25122.0,0.0,37.4
9306,탄약,오만,0.0,0.0,8926.0,,14572.0,0.0,,14572.0,2.6,37.4
9306,탄약,오스트리아,0.0,0.0,0.0,,0.0,346.0,-100.0,-346.0,0.0,37.4
9306,탄약,우루과이,0.0,0.0,0.0,,0.0,0.0,,0.0,0.0,37.4
9306,탄약,우즈베키스탄,0.0,0.0,0.0,,0.0,0.0,,0.0,0.0,37.4
9306,탄약,이라크,0.0,0.0,0.0,,0.0,0.0,,0.0,0.0,37.4
9306,탄약,이스라엘,248.0,0.0,518.0,,766.0,138.0,455.1,628.0,0.1,37.4
9306,탄약,이집트,0.0,0.0,0.0,,0.0,121.0,-100.0,-121.0,0.0,37.4
9306,탄약,이탈리아,0.0,770.0,0.0,-100.0,0.0,770.0,-100.0,-770.0,0.0,37.4
9306,탄약,인도,0.0,0.0,0.0,,0.0,0.0,,0.0,0.0,37.4
9306,탄약,인도네시아,149.0,0.0,0.0,,2436.0,22844.0,-89.3,-20408.0,0.4,37.4
9306,탄약,일본,0.0,0.0,0.0,,0.0,0.0,,0.0,0.0,37.4
9306,탄약,잠비아,0.0,0.0,1600.0,,1600.0,0.0,,1600.0,0.3,37.4
9306,탄약,중국,0.0,0.0,0.0,,0.0,0.0,,0.0,0.0,37.4
9306,탄약,체코공화국,0.0,0.0,52006.0,,52006.0,3868.0,1244.5,48138.0,9.4,37.4
9306,탄약,카자흐스탄,0.0,96.0,0.0,-100.0,127.0,96.0,32.3,31.0,0.0,37.4
9306,탄약,카타르,0.0,0.0,0.0,,0.0,2541.0,-100.0,-2541.0,0.0,37.4
9306,탄약,캐나다,584.0,449.0,277.0,30.1,1091.0,944.0,15.6,147.0,0.2,37.4
9306,탄약,콜롬비아,0.0,0.0,0.0,,0.0,0.0,,0.0,0.0,37.4
9306,탄약,쿠웨이트,0.0,0.0,0.0,,0.0,0.0,,0.0,0.0,37.4
9306,탄약,태국,122.0,1470.0,139.0,-91.7,575.0,2199.0,-73.9,-1624.0,0.1,37.4
9306,탄약,튀르키예,289.0,0.0,4608.0,,12076.0,20682.0,-41.6,-8606.0,2.2,37.4
9306,탄약,파나마,0.0,0.0,159.0,,159.0,0.0,,159.0,0.0,37.4
9306,탄약,페루,195.0,206.0,0.0,-5.3,195.0,206.0,-5.3,-11.0,0.0,37.4
9306,탄약,폴란드,219591.0,252.0,0.0,87039.3,285214.0,187518.0,52.1,97696.0,51.4,37.4
9306,탄약,프랑스,0.0,0.0,0.0,,0.0,0.0,,0.0,0.0,37.4
9306,탄약,피지,300.0,120.0,0.0,150.0,300.0,120.0,150.0,180.0,0.1,37.4
9306,탄약,핀란드,0.0,0.0,0.0,,0.0,0.0,,0.0,0.0,37.4
9306,탄약,필리핀,4336.0,602.0,0.0,620.3,6003.0,14699.0,-59.2,-8696.0,1.1,37.4
9306,탄약,호주,127.0,0.0,0.0,,127.0,26.0,388.5,101.0,0.0,37.4
