slug,업종,area,mng_no,name,업태,lic,clo,status,updated,addr
general_restaurants,일반음식점,서울 강남구,3220000-101-2026-01072,코타코 성수점(한시적),기타,2026-10-08,,영업/정상,2026-10-09 22:17:51,"서울특별시 강남구 테헤란로 517, 현대백화점 (삼성동)"
general_restaurants,일반음식점,서울 강남구,3220000-101-2026-01071,너애하누 강남,한식,2026-10-08,,영업/정상,2026-10-09 22:17:51,"서울특별시 강남구 강남대로 330, 비104, 비105, 비106 (역삼동)"
general_restaurants,일반음식점,서울 강남구,3220000-101-2026-01070,주식회사 요크(한시적),기타,2026-10-08,,영업/정상,2026-10-09 22:17:51,"서울특별시 강남구 영동대로 513, 코엑스 A,B홀 (삼성동)"
general_restaurants,일반음식점,서울 강남구,3220000-101-2026-01069,영동곰탕(한시적),한식,2026-10-08,,영업/정상,2026-10-09 22:17:51,"서울특별시 강남구 학동로4길 27, 영동전통시장(학동로4길 27) (논현동)"
general_restaurants,일반음식점,서울 강남구,3220000-101-2026-01068,영동족반(한시적),한식,2026-10-08,,영업/정상,2026-10-09 22:17:51,"서울특별시 강남구 학동로4길 27, 영동시장일대 (논현동)"
general_restaurants,일반음식점,서울 강남구,3220000-101-2026-01067,벤슨 선릉역점,기타,2026-10-08,,영업/정상,2026-10-09 22:17:51,"서울특별시 강남구 선릉로 424, 지상 1층 1호 (대치동)"
general_restaurants,일반음식점,서울 강남구,3220000-101-2026-01066,우월한상,한식,2026-10-08,,영업/정상,2026-10-09 22:17:51,"서울특별시 강남구 역삼로19길 29, 1층 (역삼동)"
general_restaurants,일반음식점,서울 강남구,3220000-101-2026-01065,윤식당,한식,2026-10-08,,영업/정상,2026-10-09 22:17:51,"서울특별시 강남구 삼성로115길 20-10, 지하1층 (삼성동)"
general_restaurants,일반음식점,서울 강남구,3220000-101-2026-01064,커피크루(한시적),기타,2026-10-08,,영업/정상,2026-10-09 22:17:51,"서울특별시 강남구 남부순환로 3104, SETEC 제1전시실 (대치동)"
general_restaurants,일반음식점,서울 강남구,3220000-101-2026-01063,코코다케,일식,2026-10-08,,영업/정상,2026-10-09 22:17:51,"서울특별시 강남구 논현로157길 15, 지상1층 1호 (신사동)"
general_restaurants,일반음식점,서울 강남구,3220000-101-2026-01062,백미향,중국식,2026-10-08,,영업/정상,2026-10-09 22:17:51,"서울특별시 강남구 강남대로94길 59, 지상1층 (역삼동)"
general_restaurants,일반음식점,서울 강남구,3220000-101-2026-01061,호랭이떡볶이,한식,2026-10-07,,영업/정상,2026-10-08 22:17:53,"서울특별시 강남구 학동로43길 38, 지하2층 제비201호 주방10호 (논현동, 논현웰스톤)"
general_restaurants,일반음식점,서울 강남구,3220000-101-2026-01060,강동수산 초장집,횟집,2026-10-07,,영업/정상,2026-10-08 22:17:53,"서울특별시 강남구 압구정로2길 46, 지상1층 44호 N16호 (신사동, ---------)"
general_restaurants,일반음식점,서울 강남구,3220000-101-2026-01059,사보서울(SAVO SEOUL),기타,2026-10-07,,영업/정상,2026-10-09 22:17:51,"서울특별시 강남구 강남대로114길 19, winbit빌딩 지상 1층 101호 (논현동)"
general_restaurants,일반음식점,서울 강남구,3220000-101-2026-01058,파스독,경양식,2026-10-07,,영업/정상,2026-10-08 22:17:53,"서울특별시 강남구 선릉로10길 4, 지상1층 (개포동)"
general_restaurants,일반음식점,서울 강남구,3220000-101-2026-01057,비욘드 유럽 강남구청점,경양식,2026-10-07,,영업/정상,2026-10-08 22:17:53,"서울특별시 강남구 영동대로 513, 코엑스 (삼성동)"
general_restaurants,일반음식점,서울 강남구,3220000-101-2026-01056,레코드피자 양재역점,기타,2026-10-07,,영업/정상,2026-10-08 22:17:53,"서울특별시 강남구 강남대로 250, 심현빌딩 1층 (도곡동)"
general_restaurants,일반음식점,서울 강남구,3220000-101-2026-01055,미도한우마을,한식,2026-10-07,,영업/정상,2026-10-08 22:17:53,"서울특별시 강남구 개포로 508, 강남개포시장 호프거리 일대 (개포동)"
general_restaurants,일반음식점,서울 강남구,3220000-101-2026-01054,회초리 신선한 초밥,기타,2026-10-07,,영업/정상,2026-10-09 22:17:51,"서울특별시 강남구 삼성로82길 4, 송암빌딩 지상 1층 (대치동)"
general_restaurants,일반음식점,서울 강남구,3220000-101-2026-01053,뽕스(한시적),한식,2026-10-07,,영업/정상,2026-10-08 22:17:53,"서울특별시 강남구 영동대로 513, 코엑스광장 (삼성동)"
general_restaurants,일반음식점,서울 강남구,3220000-101-2026-01052,호떡킹앤더팝(한시적),기타,2026-10-07,,영업/정상,2026-10-08 22:17:53,"서울특별시 강남구 압구정로 165, 현대백화점본점 지하1층 식품행사장 (압구정동)"
general_restaurants,일반음식점,서울 강남구,3220000-101-2026-01051,주식회사 지엠이지,기타,2026-10-06,,영업/정상,2026-10-07 22:17:54,"서울특별시 강남구 영동대로 513, 코엑스 광장 (삼성동)"
general_restaurants,일반음식점,서울 강남구,3220000-101-2026-01050,구구치킨,기타,2026-10-06,,영업/정상,2026-10-07 22:17:54,"서울특별시 강남구 개포로 508, 강남개포시장 호프거리 일대(개포로 508) (개포동)"
general_restaurants,일반음식점,서울 강남구,3220000-101-2026-01049,더드림(한시적),기타,2026-10-06,,영업/정상,2026-10-07 22:17:54,"서울특별시 강남구 개포로 508, 소망빌딩 (개포동)"
general_restaurants,일반음식점,서울 강남구,3220000-101-2026-01048,고깃집심서방본점(한시적),한식,2026-10-06,,영업/정상,2026-10-07 22:17:53,"서울특별시 강남구 개포로 508, 강남개포시장 호프거리 일대 (개포동)"
general_restaurants,일반음식점,서울 강남구,3220000-101-2026-01046,노벨티피자 본점,기타,2026-10-06,,영업/정상,2026-10-07 22:17:53,"서울특별시 강남구 테헤란로43길 19, 2층 201호 (역삼동)"
general_restaurants,일반음식점,서울 강남구,3220000-101-2026-01045,강남초장(한시적),기타,2026-10-06,,영업/정상,2026-10-07 22:17:53,"서울특별시 강남구 개포로 508, 강남개포시장 호프거리 일대 (개포동)"
general_restaurants,일반음식점,서울 강남구,3220000-101-2026-01044,만선호프(한시적),기타,2026-10-06,,영업/정상,2026-10-07 22:17:53,"서울특별시 강남구 개포로 508, 소망빌딩 (개포동)"
general_restaurants,일반음식점,서울 강남구,3220000-101-2026-01043,하이패션커피,기타,2026-10-06,,영업/정상,2026-10-07 22:17:53,"서울특별시 강남구 도산대로25길 15, 지상1층 (신사동)"
general_restaurants,일반음식점,서울 강남구,3220000-101-2026-01042,곤드레소담(한시적),한식,2026-10-06,,영업/정상,2026-10-07 22:17:53,"서울특별시 강남구 개포로 508, 강남개포시장 호프거리 일대 (개포동)"
general_restaurants,일반음식점,서울 강남구,3220000-101-2026-01041,우신닭발(한시적),한식,2026-10-06,,영업/정상,2026-10-07 22:17:53,"서울특별시 강남구 개포로 508, 강남개포시장 호프거리 일대 (개포동)"
general_restaurants,일반음식점,서울 강남구,3220000-101-2026-01040,명동따로집(한시적),한식,2026-10-06,,영업/정상,2026-10-07 22:17:53,"서울특별시 강남구 개포로 508, 강남개포시장 호프거리 일대 (개포동)"
general_restaurants,일반음식점,서울 강남구,3220000-101-2026-01039,왕대감(한시적),기타,2026-10-06,,영업/정상,2026-10-07 22:17:53,"서울특별시 강남구 개포로 508, 소망빌딩 (개포동)"
general_restaurants,일반음식점,서울 강남구,3220000-101-2026-01038,육회 2990,한식,2026-10-06,,영업/정상,2026-10-07 22:17:53,"서울특별시 강남구 테헤란로 147, 성지하이츠Ⅱ 지하1층 5호 (역삼동)"
general_restaurants,일반음식점,서울 강남구,3220000-101-2026-01037,이모네(한시적),기타,2026-10-06,,영업/정상,2026-10-07 22:17:52,"서울특별시 강남구 개포로 508, 소망빌딩 (개포동)"
general_restaurants,일반음식점,서울 강남구,3220000-101-2026-01036,이사부족발,기타,2026-10-06,,영업/정상,2026-10-07 22:17:52,"서울특별시 강남구 도곡로 401, 롯데백화점 (대치동)"
general_restaurants,일반음식점,서울 강남구,3220000-101-2026-01035,시나브로(한시적),한식,2026-10-06,,영업/정상,2026-10-07 22:17:52,"서울특별시 강남구 개포로 508, 소망빌딩 (개포동)"
general_restaurants,일반음식점,서울 강남구,3220000-101-2026-01034,도야족발(한시적),기타,2026-10-06,,영업/정상,2026-10-07 22:17:52,"서울특별시 강남구 개포로 508, 소망빌딩 (개포동)"
general_restaurants,일반음식점,서울 강남구,3220000-101-2026-01047,부산대원어묵(한시적),분식,2026-10-02,,영업/정상,2026-10-07 22:17:53,"서울특별시 강남구 도곡로 401, 롯데백화점 강남점 지하1층 (대치동)"
general_restaurants,일반음식점,서울 강남구,3220000-101-2026-01033,시죠 롯데백화점 강남점,일식,2026-10-02,,영업/정상,2026-10-03 22:17:50,"서울특별시 강남구 도곡로 401, 롯데백화점 지하1층 (대치동)"
general_restaurants,일반음식점,서울 강남구,3220000-101-2026-01032,쏠하이,뷔페식,2026-10-02,2026-10-04,폐업,2026-10-06 22:17:51,"서울특별시 강남구 도산대로 323, 도산대로 일대 행사장(강남구 도산대로 323~335) (신사동)"
general_restaurants,일반음식점,서울 강남구,3220000-101-2026-01031,미니 인도-코리아(MINI INDO-KOREA)(한시적영업),"외국음식전문점(인도,태국등)",2026-10-02,2026-10-04,폐업,2026-10-06 22:17:51,"서울특별시 강남구 도산대로 323, 도산대로 일대 행사장(강남구 도산대로 323~335) (신사동)"
general_restaurants,일반음식점,서울 강남구,3220000-101-2026-01030,코르띨레,패밀리레스트랑,2026-10-02,,영업/정상,2026-10-03 22:17:50,"서울특별시 강남구 언주로94길 9, 지상1층,2층 (역삼동)"
general_restaurants,일반음식점,서울 강남구,3220000-101-2026-01029,어글리 라벨 마켓,기타,2026-10-02,,영업/정상,2026-10-03 22:17:50,"서울특별시 강남구 압구정로 442, 지현빌딩 1층 (청담동)"
general_restaurants,일반음식점,서울 강남구,3220000-101-2026-01028,트레블로지 더 로지 강남역삼점,기타,2026-10-01,,영업/정상,2026-10-02 22:17:51,"서울특별시 강남구 언주로 547, 지하 2층 일부호 (역삼동)"
general_restaurants,일반음식점,서울 강남구,3220000-101-2026-01027,+84이태원(한시적 영업),"외국음식전문점(인도,태국등)",2026-10-01,2026-10-04,폐업,2026-10-06 22:17:51,"서울특별시 강남구 도산대로 323, 도산대로 일대 행사장 (신사동)"
general_restaurants,일반음식점,서울 강남구,3220000-101-2026-01026,마라케쉬 레스토랑 모로코 카레,경양식,2026-10-01,2026-10-04,폐업,2026-10-06 22:17:51,"서울특별시 강남구 도산대로 323, 도산대로 일대 행사장 (신사동)"
general_restaurants,일반음식점,서울 강남구,3220000-101-2026-01025,야심떡카페(한시적),기타,2026-10-01,,영업/정상,2026-10-02 22:17:51,"서울특별시 강남구 도곡로 401, 롯데백화점 강남점 지하1층 식품관 일부호 (대치동)"
general_restaurants,일반음식점,서울 강남구,3220000-101-2026-01024,혼술바 소문의낙원 신사점,경양식,2026-10-01,,영업/정상,2026-10-02 22:17:51,"서울특별시 강남구 압구정로2길 60, MG타워 지상2층 202호 (신사동)"
general_restaurants,일반음식점,서울 강남구,3220000-101-2026-01023,이태원타코,"외국음식전문점(인도,태국등)",2026-10-01,2026-10-04,폐업,2026-10-06 22:17:51,"서울특별시 강남구 도산대로 323, 도산대로 일대 행사장 (신사동)"
general_restaurants,일반음식점,서울 강남구,3220000-101-2026-01021,"나혼자카츠나베, 제육의 습격 강남점",한식,2026-10-01,,영업/정상,2026-10-02 22:17:51,"서울특별시 강남구 논현로85길 52, 역삼푸르지오시티 B109호 (역삼동)"
general_restaurants,일반음식점,서울 강남구,3220000-101-2026-01020,빌로우 커피,기타,2026-10-01,,영업/정상,2026-10-02 22:17:51,서울특별시 강남구 도산대로68길 24 (청담동)
general_restaurants,일반음식점,서울 강남구,3220000-101-2026-01019,"뽁당볶음밥, 뽁떡떡볶이, 혼감탕 혼자먹는감자탕, 짜글이주의보",한식,2026-10-01,,영업/정상,2026-10-02 22:17:51,"서울특별시 강남구 논현로85길 52, 역삼푸르지오시티 B109호 (역삼동)"
general_restaurants,일반음식점,서울 강남구,3220000-101-2026-01022,꾸띠자르당,경양식,2026-09-30,2026-10-04,폐업,2026-10-06 22:17:51,"서울특별시 강남구 도산대로 323, 강남페스티벌 도산대로 일대 행사장 (신사동)"
general_restaurants,일반음식점,서울 강남구,3220000-101-2026-01018,주식회사 요크,출장조리,2026-09-30,,영업/정상,2026-10-02 22:17:51,"서울특별시 강남구 영동대로 513, 코엑스 D홀 3층 (삼성동)"
general_restaurants,일반음식점,서울 강남구,3220000-101-2026-01017,비비큐 쌍문점,기타,2026-09-30,2026-10-04,폐업,2026-10-06 22:17:51,"서울특별시 강남구 도산대로 323, 도산대로 일대 행사장(강남구 도산대로 323~335) (신사동)"
general_restaurants,일반음식점,서울 강남구,3220000-101-2026-01016,메제,경양식,2026-09-30,,영업/정상,2026-10-01 22:17:51,"서울특별시 강남구 언주로138길 13, 지상1층 (논현동)"
general_restaurants,일반음식점,서울 강남구,3220000-101-2026-01015,사바(CAVA),기타,2026-09-30,,영업/정상,2026-10-02 22:17:51,"서울특별시 강남구 선릉로146길 27, 지상 1층 (청담동)"
general_restaurants,일반음식점,서울 강남구,3220000-101-2026-01014,1955 강남낙지,한식,2026-09-30,,영업/정상,2026-10-01 22:17:51,"서울특별시 강남구 테헤란로14길 27, 지상1층 (역삼동)"
general_restaurants,일반음식점,서울 강남구,3220000-101-2026-01013,관광호텔 태영(뉴브 카페),기타,2026-09-30,,영업/정상,2026-10-01 22:17:51,"서울특별시 강남구 선릉로85길 6, 호텔 뉴브 지상 2층 (역삼동)"
general_restaurants,일반음식점,서울 강남구,3220000-101-2026-01011,다래반상,한식,2026-09-30,,영업/정상,2026-10-01 22:17:51,"서울특별시 강남구 개포로22길 17, 지상1층 (개포동)"
general_restaurants,일반음식점,서울 강남구,3220000-101-2026-01009,명당부대찌개,한식,2026-09-30,,영업/정상,2026-10-01 22:17:51,"서울특별시 강남구 강남대로58길 19, 지상1층 (도곡동)"
general_restaurants,일반음식점,서울 강남구,3220000-101-2026-01012,덤벨푸드 선릉점,기타,2026-09-29,,영업/정상,2026-10-07 22:17:52,"서울특별시 강남구 테헤란로 313, 성지하이츠1 1층 103호 (역삼동)"
general_restaurants,일반음식점,서울 강남구,3220000-101-2026-01008,(주)갓파스시(한시적),기타,2026-09-29,,영업/정상,2026-09-30 22:17:51,"서울특별시 강남구 영동대로 513, 코엑스 Hall D (삼성동)"
general_restaurants,일반음식점,서울 강남구,3220000-101-2026-01007,스시 쿄세이,일식,2026-09-29,,영업/정상,2026-09-30 22:17:51,"서울특별시 강남구 도산대로 446, 경원오피스텔 지상1층 6호 (청담동)"
general_restaurants,일반음식점,서울 강남구,3220000-101-2026-01006,주식회사 픽베이크(한시적),패밀리레스트랑,2026-09-29,,영업/정상,2026-09-30 22:17:51,"서울특별시 강남구 도곡로 401, 롯데백화점 지하1층 (대치동)"
general_restaurants,일반음식점,서울 강남구,3220000-101-2026-01005,계도 롯데백화점 강남,일식,2026-09-29,,영업/정상,2026-09-30 22:17:51,"서울특별시 강남구 도곡로 401, 롯데백화점 지하1층 (대치동)"
general_restaurants,일반음식점,서울 강남구,3220000-101-2026-01004,케르반 카페(한시적),기타,2026-09-29,2026-10-04,폐업,2026-10-06 22:17:51,서울특별시 강남구 도산대로 323 (신사동)
general_restaurants,일반음식점,서울 강남구,3220000-101-2026-01003,도정김밥,분식,2026-09-29,,영업/정상,2026-09-30 22:17:51,"서울특별시 강남구 언주로 615, 논현 아이파크 103동 지하1층 B102호 (논현동)"
general_restaurants,일반음식점,서울 강남구,3220000-101-2026-01002,땀땀,기타,2026-09-29,,영업/정상,2026-09-30 22:17:51,"서울특별시 강남구 도곡로 401, 롯데백화점 지하 1층 (대치동)"
general_restaurants,일반음식점,서울 강남구,3220000-101-2026-01010,마리에이전시(유)(한시적영업),기타,2026-09-28,2026-10-04,폐업,2026-10-06 22:17:51,"서울특별시 강남구 도산대로 323, 강남페스티벌 (신사동)"
general_restaurants,일반음식점,서울 강남구,3220000-101-2026-01001,벨라몬테,기타,2026-09-28,,영업/정상,2026-09-29 22:17:51,"서울특별시 강남구 봉은사로68길 71, 지상 4층 (삼성동)"
general_restaurants,일반음식점,서울 강남구,3220000-101-2026-01000,(주)엠케이펍,기타,2026-09-28,2026-10-04,폐업,2026-10-06 22:17:50,"서울특별시 강남구 도산대로 329-2, 도산대로 강남페스티벌 행사장 일대 (신사동)"
general_restaurants,일반음식점,서울 강남구,3220000-101-2026-00998,위글리 강남점,경양식,2026-09-28,,영업/정상,2026-09-29 22:17:51,"서울특별시 강남구 테헤란로10길 25, 지상1층 104호 (역삼동, 뜨라네)"
general_restaurants,일반음식점,서울 강남구,3220000-101-2026-00996,베비다 다이닝,경양식,2026-09-28,,영업/정상,2026-09-29 22:17:51,"서울특별시 강남구 논현로149길 35, 3층 301-B호 (논현동)"
general_restaurants,일반음식점,서울 강남구,3220000-101-2026-00995,마일로,기타,2026-09-28,,영업/정상,2026-09-29 22:17:51,"서울특별시 강남구 논현로123길 37, 지상 1층 102호 (논현동)"
general_restaurants,일반음식점,서울 강남구,3220000-101-2026-00994,베베르(Be Ber)(한시적),한식,2026-09-28,,영업/정상,2026-09-29 22:17:51,"서울특별시 강남구 영동대로 513, 코엑스 D홀 (삼성동)"
general_restaurants,일반음식점,서울 강남구,3220000-101-2026-00993,밥보야 뚠뚠이김밥 선릉점,기타,2026-09-28,,영업/정상,2026-09-29 22:17:51,"서울특별시 강남구 테헤란로64길 9, 지하 1층 102호 (대치동, 선릉역대우아이빌)"
general_restaurants,일반음식점,서울 강남구,3220000-101-2026-00992,카니랩,기타,2026-09-28,,영업/정상,2026-09-29 22:17:51,"서울특별시 강남구 언주로148길 35, 지하 1층 (논현동)"
general_restaurants,일반음식점,서울 강남구,3220000-101-2026-00991,브라이리퍼블릭(한시적 영업),기타,2026-09-28,2026-10-04,폐업,2026-10-06 22:17:50,"서울특별시 강남구 도산대로 323, 도산대로 일대 행사장 (강남구 도산대로 323~335) (신사동)"
general_restaurants,일반음식점,서울 강남구,3220000-101-2026-00990,동아리(한시적),기타,2026-09-28,,영업/정상,2026-09-29 22:17:51,"서울특별시 강남구 영동대로 513, 코엑스 D홀 (삼성동)"
general_restaurants,일반음식점,서울 강남구,3220000-101-2026-00989,노보텔 앰배서더 서울 강남 호텔(한시적),기타,2026-09-28,,영업/정상,2026-09-29 22:17:51,"서울특별시 강남구 봉은사로 616, 지상 1층 (삼성동)"
general_restaurants,일반음식점,서울 강남구,3220000-101-2026-00988,미라클,기타,2026-09-28,,영업/정상,2026-09-29 22:17:51,"서울특별시 강남구 도산대로 540, 지상 10층 (청담동)"
general_restaurants,일반음식점,서울 강남구,3220000-101-2026-00987,롱브르378(한시적),기타,2026-09-28,,영업/정상,2026-09-29 22:17:51,"서울특별시 강남구 압구정로 165, 현대백화점본점 지하1층 (압구정동)"
general_restaurants,일반음식점,서울 강남구,3220000-101-2026-00986,야심떡카페(한시적),기타,2026-09-28,,영업/정상,2026-09-29 22:17:51,"서울특별시 강남구 압구정로 343, 갤러리아백화점 지하1층 식품관 일부호 (압구정동)"
general_restaurants,일반음식점,서울 강남구,3220000-101-2026-00985,밥풀릭스(BAPULIX) 인천주안점(한시적),한식,2026-09-28,,영업/정상,2026-09-29 22:17:51,"서울특별시 강남구 영동대로 513, 코엑스 3층 (삼성동)"
general_restaurants,일반음식점,서울 강남구,3220000-101-2026-00984,라운지엑스 IFC몰(한시적),경양식,2026-09-28,,영업/정상,2026-09-29 22:17:51,"서울특별시 강남구 영동대로 513, 코엑스 B홀 서울ai로봇쇼 카페테리아존 (삼성동)"
general_restaurants,일반음식점,서울 강남구,3220000-101-2026-00982,역전할머니맥주 강남구청점,기타,2026-09-28,,영업/정상,2026-09-29 22:17:51,"서울특별시 강남구 선릉로129길 21, 지상 1층 (논현동)"
general_restaurants,일반음식점,서울 강남구,3220000-101-2026-00983,타코박스 관악점(한시적 영업),푸드트럭,2026-09-23,,영업/정상,2026-09-29 22:17:51,"서울특별시 강남구 도산대로 323, 강남페스티벌 일대행사장 (신사동)"
general_restaurants,일반음식점,서울 강남구,3220000-101-2026-00981,논현 야식당,기타,2026-09-23,,영업/정상,2026-09-24 22:17:51,"서울특별시 강남구 학동로43길 38, 지하 2층 제비201호 주방2호 (논현동, 논현웰스톤)"
general_restaurants,일반음식점,서울 강남구,3220000-101-2026-00980,방콕 하우스(한시적),"외국음식전문점(인도,태국등)",2026-09-23,2026-10-04,폐업,2026-10-06 22:17:50,"서울특별시 강남구 도산대로 323, 도산대로 일대 행사장(강남구 도산대로 323~335) (신사동)"
general_restaurants,일반음식점,서울 강남구,3220000-101-2026-00979,벨리풀(한시적),기타,2026-09-23,2026-10-01,폐업,2026-10-03 22:17:50,"서울특별시 강남구 압구정로 165, 현대백화점 압구정점 지하1층 (압구정동)"
general_restaurants,일반음식점,서울 강남구,3220000-101-2026-00978,식물원김밥 강남구청역점,분식,2026-09-23,,영업/정상,2026-09-24 22:17:50,"서울특별시 강남구 선릉로 660, 지상1층 115호 (삼성동, 브라운스톤 레전드)"
general_restaurants,일반음식점,서울 강남구,3220000-101-2026-00977,레드라인,경양식,2026-09-23,,영업/정상,2026-09-24 22:17:50,"서울특별시 강남구 선릉로162길 16, 지하1층 (청담동)"
general_restaurants,일반음식점,서울 강남구,3220000-101-2026-00976,파티세리 84퍼센트(한시적),기타,2026-09-23,,영업/정상,2026-09-24 22:17:50,"서울특별시 강남구 압구정로 343, 갤러리아 지하 식품관 지하 1층 (압구정동)"
general_restaurants,일반음식점,서울 강남구,3220000-101-2026-00975,치커리(한시적),기타,2026-09-23,2026-10-04,폐업,2026-10-06 22:17:50,"서울특별시 강남구 도산대로 323, 씨네시티빌딩 (신사동)"
general_restaurants,일반음식점,서울 강남구,3220000-101-2026-00974,어글리베이커스베이글(한시적),기타,2026-09-23,,영업/정상,2026-09-24 22:17:50,"서울특별시 강남구 테헤란로 517, 현대백화점 지하 1층 (삼성동)"
general_restaurants,일반음식점,서울 강남구,3220000-101-2026-00973,시샤누에보 신사(SHI SHA NUEVO신사),기타,2026-09-23,,영업/정상,2026-09-24 22:17:50,"서울특별시 강남구 도산대로11길 16, 보배빌딩 지상 3층 (신사동)"
general_restaurants,일반음식점,서울 강남구,3220000-101-2026-00972,기대만족,기타,2026-09-22,,영업/정상,2026-09-23 22:17:51,"서울특별시 강남구 테헤란로14길 31, 은혜빌딩 1층 일부호 (역삼동)"
general_restaurants,일반음식점,서울 강남구,3220000-101-2026-00971,시그니쳐 쟈스민라운지 무역센터,기타,2026-09-22,,영업/정상,2026-09-23 22:17:51,"서울특별시 강남구 테헤란로 517, 현대백화점 10층 (삼성동)"
general_restaurants,일반음식점,서울 강남구,3220000-101-2026-00970,(주)점보에프앤비서비스코리아(한시적),"외국음식전문점(인도,태국등)",2026-09-22,2026-10-04,폐업,2026-10-06 22:17:50,"서울특별시 강남구 도산대로 323, 도산대로 일대 행사장(도산대로323~335) (신사동)"
general_restaurants,일반음식점,서울 강남구,3220000-101-2026-00969,"순살치킨명가-좋은순살, 제대로 튀겼습니다",한식,2026-09-22,,영업/정상,2026-09-23 22:17:51,"서울특별시 강남구 봉은사로57길 21-3, 2층 205호 (삼성동)"
general_restaurants,일반음식점,서울 강남구,3220000-101-2026-00968,퍽퍽살이 싫어 내가 만든 치킨집,한식,2026-09-22,,영업/정상,2026-09-23 22:17:51,"서울특별시 강남구 봉은사로57길 21-3, 2층 204호 (삼성동)"
general_restaurants,일반음식점,서울 강남구,3220000-101-2026-00967,닭다리 순살하나만 제대로하는집,한식,2026-09-22,,영업/정상,2026-09-23 22:17:51,"서울특별시 강남구 봉은사로57길 21-3, 2층 203호 (삼성동)"
general_restaurants,일반음식점,서울 강남구,3220000-101-2026-00966,GOD 튀긴 황금 닭강정,한식,2026-09-22,,영업/정상,2026-09-23 22:17:51,"서울특별시 강남구 봉은사로57길 21-3, 2층 202호 (삼성동)"
general_restaurants,일반음식점,서울 강남구,3220000-101-2026-00965,식어도 바삭한 동서재 닭강정,한식,2026-09-22,,영업/정상,2026-09-23 22:17:51,"서울특별시 강남구 봉은사로57길 21-3, 2층 201호 (삼성동)"
general_restaurants,일반음식점,서울 강남구,3220000-101-2026-00964,미달이네 루프탑 고기 포차,식육(숯불구이),2026-09-22,,영업/정상,2026-09-23 22:17:51,"서울특별시 강남구 강남대로122길 10, 영흥빌딩 지상6층 (논현동)"
general_restaurants,일반음식점,서울 강남구,3220000-101-2026-00963,삼원가든(한시적),기타,2026-09-22,2026-10-05,폐업,2026-10-07 22:17:52,"서울특별시 강남구 봉은사로 616, 삼성1동 주민센터 (삼성동)"
general_restaurants,일반음식점,서울 강남구,3220000-101-2026-00962,(주)일일향(한시적),기타,2026-09-22,2026-10-05,폐업,2026-10-07 22:17:52,"서울특별시 강남구 봉은사로 616, 삼성1동 주민센터 (삼성동)"
general_restaurants,일반음식점,서울 강남구,3220000-101-2026-00961,제일양(한시적),한식,2026-09-22,2026-10-05,폐업,2026-10-07 22:17:52,"서울특별시 강남구 봉은사로 616, 삼성1동 주민센터앞 (삼성동)"
general_restaurants,일반음식점,서울 강남구,3220000-101-2026-00960,백년육일집(한시적),한식,2026-09-22,2026-10-05,폐업,2026-10-07 22:17:52,"서울특별시 강남구 봉은사로 616, 삼성1동 주민센터앞 (삼성동)"
general_restaurants,일반음식점,서울 강남구,3220000-101-2026-00959,이마스시(한시적),일식,2026-09-22,2026-10-05,폐업,2026-10-07 22:17:52,"서울특별시 강남구 봉은사로 616, 삼성1동 주민센터앞 (삼성동)"
general_restaurants,일반음식점,서울 강남구,3220000-101-2026-00958,호신각(한시적),호프/통닭,2026-09-22,2026-10-05,폐업,2026-10-07 22:17:52,"서울특별시 강남구 봉은사로 616, 삼성1동 주민센터앞 (삼성동)"
general_restaurants,일반음식점,서울 강남구,3220000-101-2026-00957,파르나스호텔(한시적),기타,2026-09-22,2026-10-05,폐업,2026-10-07 22:17:52,"서울특별시 강남구 봉은사로 616, 삼성1동 주민센터 (삼성동)"
general_restaurants,일반음식점,서울 강남구,3220000-101-2026-00956,도쿄 사이카보(TOKYO SAIKABO)(한시적),일식,2026-09-22,2026-10-05,폐업,2026-10-07 22:17:52,"서울특별시 강남구 봉은사로 616, 삼성1동 주민센터앞 (삼성동)"
general_restaurants,일반음식점,서울 강남구,3220000-101-2026-00955,육해품,기타,2026-09-22,,영업/정상,2026-09-23 22:17:51,"서울특별시 강남구 강남대로84길 15, 지하 1층 B129, 130호 (역삼동)"
general_restaurants,일반음식점,서울 강남구,3220000-101-2026-00954,피시스(PIECES),기타,2026-09-22,,영업/정상,2026-09-23 22:17:51,"서울특별시 강남구 도산대로15길 18, 지하 2층 (신사동)"
general_restaurants,일반음식점,서울 강남구,3220000-101-2026-00953,온유가 롯데백화점 강남점,기타,2026-09-22,,영업/정상,2026-09-23 22:17:51,"서울특별시 강남구 도곡로 401, 롯데백화점 (대치동)"
general_restaurants,일반음식점,서울 강남구,3220000-101-2026-00952,현이네,기타,2026-09-22,,영업/정상,2026-09-23 22:17:51,"서울특별시 강남구 삼성로 347, 대일빌딩 1층 102호 (대치동)"
general_restaurants,일반음식점,서울 강남구,3220000-101-2026-00951,하니칼국수 롯데백화점 강남점,기타,2026-09-21,,영업/정상,2026-09-22 22:17:51,"서울특별시 강남구 도곡로 401, 롯데백화점 지하 1층 (대치동)"
general_restaurants,일반음식점,서울 강남구,3220000-101-2026-00950,1984카레와,한식,2026-09-21,2026-09-22,폐업,2026-09-23 22:17:51,"서울특별시 강남구 테헤란로33길 23, 2층 (역삼동)"
general_restaurants,일반음식점,서울 강남구,3220000-101-2026-00949,코다리 한상,기타,2026-09-21,,영업/정상,2026-09-22 22:17:51,"서울특별시 강남구 언주로93길 22-2, 지하 1층 (역삼동)"
general_restaurants,일반음식점,서울 강남구,3220000-101-2026-00948,에그브리또(Egg Burrito),기타,2026-09-21,,영업/정상,2026-09-22 22:17:51,"서울특별시 강남구 논현로113길 12, 1층 105호 (논현동)"
general_restaurants,일반음식점,서울 강남구,3220000-101-2026-00947,농가의 식탁(한시적),기타,2026-09-21,,영업/정상,2026-09-22 22:17:51,"서울특별시 강남구 압구정로 165, 현대백화점본점 1층 (압구정동)"
general_restaurants,일반음식점,서울 강남구,3220000-101-2026-00946,인크커피 다산1호점(한시적),기타,2026-09-21,,영업/정상,2026-09-22 22:17:51,"서울특별시 강남구 영동대로 513, 코엑스 1층 B홀 일부 (삼성동)"
general_restaurants,일반음식점,서울 강남구,3220000-101-2026-00945,요거요거&과일빙수,기타,2026-09-21,,영업/정상,2026-09-22 22:17:51,"서울특별시 강남구 테헤란로52길 16, 상가-2 제지1층 20호 (역삼동, 테헤란아이파크)"
general_restaurants,일반음식점,서울 강남구,3220000-101-2026-00944,마라깨비 마라탕&마라샹궈 역삼본점,기타,2026-09-21,,영업/정상,2026-10-07 22:17:52,"서울특별시 강남구 언주로 408, 역삼자이 지하1층 18호 (역삼동)"
general_restaurants,일반음식점,서울 강남구,3220000-101-2026-00943,보배반점 강남세곡점(한시적),한식,2026-09-18,2026-09-19,폐업,2026-09-21 22:17:50,"서울특별시 강남구 헌릉로569길 21-36, 2026 세곡 야(夜)놀자! 맛&런 축제행사장일대 (세곡동)"
general_restaurants,일반음식점,서울 강남구,3220000-101-2026-00942,오세안 양갈비 세곡직영점(한시적),한식,2026-09-18,2026-09-19,폐업,2026-09-21 22:17:50,"서울특별시 강남구 헌릉로569길 21-36, 2026 세곡 야(夜)놀자! 맛&런 축제행사장 (세곡동)"
general_restaurants,일반음식점,서울 강남구,3220000-101-2026-00941,야키토리 텐(한시적),기타,2026-09-18,2026-09-19,폐업,2026-09-21 22:17:50,"서울특별시 강남구 헌릉로569길 21-36, 세곡 야놀자 맛&런 축제 (세곡동)"
general_restaurants,일반음식점,서울 강남구,3220000-101-2026-00940,떡산 롯데백화점 강남점,기타,2026-09-18,,영업/정상,2026-09-19 22:17:50,"서울특별시 강남구 도곡로 401, 롯데백화점 강남점 지하1층 식품관 (대치동)"
general_restaurants,일반음식점,서울 강남구,3220000-101-2026-00939,춘천닭갈비(한시적),기타,2026-09-18,2026-09-19,폐업,2026-09-21 22:17:50,"서울특별시 강남구 헌릉로569길 21-36, 세곡 야놀자 맛&런 축제 (세곡동)"
general_restaurants,일반음식점,서울 강남구,3220000-101-2026-00938,돌리고 제주도야지(한시적),기타,2026-09-18,2026-09-19,폐업,2026-09-21 22:17:50,"서울특별시 강남구 헌릉로569길 21-36, 세곡 야놀자 맛&런 축제 (세곡동)"
general_restaurants,일반음식점,서울 강남구,3220000-101-2026-00937,위알 필라델피아,경양식,2026-09-18,,영업/정상,2026-09-19 22:17:50,"서울특별시 강남구 논현로175길 113, 이룸빌딩 지하1층 (신사동)"
general_restaurants,일반음식점,서울 강남구,3220000-101-2026-00936,카시코이(한시적),한식,2026-09-17,2026-09-24,폐업,2026-09-26 22:17:50,"서울특별시 강남구 압구정로 165, 현대백화점 본관 지하1층 (압구정동)"
general_restaurants,일반음식점,서울 강남구,3220000-101-2026-00935,엉클조소시지 양재역점,기타,2026-09-17,,영업/정상,2026-09-18 22:17:51,"서울특별시 강남구 강남대로44길 24, 1층 101, 102호 (도곡동, 도곡그린빌)"
general_restaurants,일반음식점,서울 강남구,3220000-101-2026-00934,"오늘도,만나",분식,2026-09-17,,영업/정상,2026-09-18 22:17:51,"서울특별시 강남구 삼성로64길 5, 상가동 지상1층 110호 (대치동, 대치현대아파트)"
general_restaurants,일반음식점,서울 강남구,3220000-101-2026-00933,태태키친,한식,2026-09-17,,영업/정상,2026-09-18 22:17:51,"서울특별시 강남구 강남대로124길 68, 101호 (논현동)"
general_restaurants,일반음식점,서울 강남구,3220000-101-2026-00932,어반키친,한식,2026-09-17,,영업/정상,2026-09-18 22:17:51,"서울특별시 강남구 강남대로124길 68, 101호 (논현동)"
general_restaurants,일반음식점,서울 강남구,3220000-101-2026-00931,도리웍스,한식,2026-09-17,,영업/정상,2026-09-18 22:17:51,"서울특별시 강남구 강남대로124길 68, 101호 (논현동)"
general_restaurants,일반음식점,서울 강남구,3220000-101-2026-00930,(유)아웃백스테이크하우스코리아 강남롯데점,패밀리레스트랑,2026-09-17,,영업/정상,2026-09-18 22:17:51,"서울특별시 강남구 도곡로 401, 롯데백화점 강남점 B1층 (대치동)"
general_restaurants,일반음식점,서울 강남구,3220000-101-2026-00929,오적회관 강남세곡점(한시적),한식,2026-09-17,2026-09-19,폐업,2026-09-21 22:17:50,"서울특별시 강남구 헌릉로569길 21-36, 세곡 야놀자 맛&런 축제 (세곡동)"
general_restaurants,일반음식점,서울 강남구,3220000-101-2026-00928,김치돼학교 논현점,기타,2026-09-17,,영업/정상,2026-09-18 22:17:51,"서울특별시 강남구 학동로18길 13, 2층 201호 (논현동)"
general_restaurants,일반음식점,서울 강남구,3220000-101-2026-00927,튜베어(한시적),기타,2026-09-17,2026-09-22,폐업,2026-09-24 22:17:50,"서울특별시 강남구 영동대로 513, 코엑스 서울 Hall A (삼성동)"
general_restaurants,일반음식점,서울 강남구,3220000-101-2026-00926,밀우(한시적),한식,2026-09-16,2026-09-19,폐업,2026-09-21 22:17:50,"서울특별시 강남구 헌릉로569길 21-36, 세곡 야놀자 맛&런 축제 (세곡동)"
general_restaurants,일반음식점,서울 강남구,3220000-101-2026-00925,"오카,OKA(한시적)",한식,2026-09-16,2026-09-19,폐업,2026-09-21 22:17:50,"서울특별시 강남구 헌릉로569길 21-36, 세곡 야놀자 맛&런 축제 (세곡동)"
general_restaurants,일반음식점,서울 강남구,3220000-101-2026-00924,스시 길,일식,2026-09-16,,영업/정상,2026-09-17 22:17:50,"서울특별시 강남구 삼성로146길 8, 지상1층 103호 (청담동)"
general_restaurants,일반음식점,서울 강남구,3220000-101-2026-00923,주식회사 편(한시적),한식,2026-09-16,,영업/정상,2026-09-17 22:17:50,"서울특별시 강남구 압구정로 343, 갤러리아백화점 지하1층 식품관 (압구정동)"
general_restaurants,일반음식점,서울 강남구,3220000-101-2026-00922,I GOT SEE 커피,기타,2026-09-16,,영업/정상,2026-09-17 22:17:50,"서울특별시 강남구 봉은사로29길 9-2, 1층 (논현동)"
general_restaurants,일반음식점,서울 강남구,3220000-101-2026-00921,칼스버그비어라운지 본점,경양식,2026-09-16,,영업/정상,2026-09-17 22:17:50,"서울특별시 강남구 테헤란로83길 49, 지상1층 (삼성동)"
general_restaurants,일반음식점,서울 강남구,3220000-101-2026-00920,에브리파스타 강남본점,기타,2026-09-16,,영업/정상,2026-09-17 22:17:50,"서울특별시 강남구 학동로43길 38, 제지하 2층 5호 (논현동, 논현웰스톤)"
general_restaurants,일반음식점,서울 강남구,3220000-101-2026-00919,납작치킨,호프/통닭,2026-09-16,,영업/정상,2026-09-17 22:17:50,"서울특별시 강남구 압구정로4길 13-13, 지상1층 (신사동)"
general_restaurants,일반음식점,서울 강남구,3220000-101-2026-00918,브라운돈까스 세곡점(한시적),경양식,2026-09-16,2026-09-19,폐업,2026-09-21 22:17:50,"서울특별시 강남구 헌릉로569길 21-36, 유알지빌딩 (세곡동)"
general_restaurants,일반음식점,서울 강남구,3220000-101-2026-00917,미무(한시적),기타,2026-09-16,2026-09-24,폐업,2026-09-26 22:17:50,"서울특별시 강남구 압구정로 165, 현대백화점본점 지하1층 식품관 (압구정동)"
general_restaurants,일반음식점,서울 강남구,3220000-101-2026-00916,복화정,복어취급,2026-09-15,,영업/정상,2026-09-16 22:17:51,서울특별시 강남구 논현로149길 8 (논현동)
general_restaurants,일반음식점,서울 강남구,3220000-101-2026-00915,HYPE(한시적),기타,2026-09-15,2026-09-19,폐업,2026-09-21 22:17:50,"서울특별시 강남구 헌릉로569길 21-36, 세곡 야놀자 맛&런 축제 (세곡동)"
general_restaurants,일반음식점,서울 강남구,3220000-101-2026-00914,우리할매떡볶이 강남세곡점(한시적),분식,2026-09-15,2026-09-19,폐업,2026-09-21 22:17:50,"서울특별시 강남구 헌릉로569길 21-36, 세곡 야놀자 맛&런 축제 (세곡동)"
general_restaurants,일반음식점,서울 강남구,3220000-101-2026-00913,테라다식당 신사점,한식,2026-09-15,,영업/정상,2026-09-16 22:17:51,"서울특별시 강남구 압구정로2길 53, 국제빌딩 1층 2호 (신사동)"
general_restaurants,일반음식점,서울 강남구,3220000-101-2026-00912,더프리비하우스,기타,2026-09-15,,영업/정상,2026-09-16 22:17:51,"서울특별시 강남구 강남대로 330, 36층 3601호 (역삼동)"
general_restaurants,일반음식점,서울 강남구,3220000-101-2026-00911,스텔라떡볶이&김치찜 인생을 걸다 서울개포점,한식,2026-09-14,,영업/정상,2026-09-15 22:17:50,"서울특별시 강남구 개포로82길 13-15, 지상1층 5호,9호 (개포동)"
general_restaurants,일반음식점,서울 강남구,3220000-101-2026-00910,종일 아저씨네,한식,2026-09-14,,영업/정상,2026-09-15 22:17:50,"서울특별시 강남구 테헤란로83길 11, B1층 주방1호 (삼성동)"
general_restaurants,일반음식점,서울 강남구,3220000-101-2026-00909,팔도 제육,한식,2026-09-14,,영업/정상,2026-09-15 22:17:50,"서울특별시 강남구 강남대로94길 75, 지상1층 103호,104호 (역삼동)"
general_restaurants,일반음식점,서울 강남구,3220000-101-2026-00908,페레힐(한시적),"외국음식전문점(인도,태국등)",2026-09-14,2026-09-24,폐업,2026-09-26 22:17:50,"서울특별시 강남구 압구정로 165, 현대백화점본점 지하1층 팝업존 (압구정동)"
general_restaurants,일반음식점,서울 강남구,3220000-101-2026-00907,크록,"외국음식전문점(인도,태국등)",2026-09-14,,영업/정상,2026-09-15 22:17:50,"서울특별시 강남구 강남대로 330, b107호 (역삼동)"
general_restaurants,일반음식점,서울 강남구,3220000-101-2026-00906,주식회사 샤인위드컴페니언(한시적),경양식,2026-09-11,2026-09-22,폐업,2026-09-24 22:17:50,"서울특별시 강남구 영동대로 513, 코엑스 HALL A(사회적가치페스타) (삼성동)"
general_restaurants,일반음식점,서울 강남구,3220000-101-2026-00905,엉클조소시지 신사점(한시적),기타,2026-09-11,2026-09-12,폐업,2026-09-14 22:17:50,서울특별시 강남구 강남대로156길 24 (신사동)
general_restaurants,일반음식점,서울 강남구,3220000-101-2026-00904,컨플릭트스토어커피,기타,2026-09-11,,영업/정상,2026-09-12 22:17:50,"서울특별시 강남구 논현로159길 46-5, 지하1층 (신사동)"
general_restaurants,일반음식점,서울 강남구,3220000-101-2026-00903,꺼드럭푸드,분식,2026-09-11,,영업/정상,2026-09-12 22:17:50,"서울특별시 강남구 봉은사로29길 35, 지하2층 주방 24호 (논현동, 한양수자인 어반게이트)"
general_restaurants,일반음식점,서울 강남구,3220000-101-2026-00902,업스탠딩,"외국음식전문점(인도,태국등)",2026-09-11,,영업/정상,2026-09-12 22:17:50,"서울특별시 강남구 압구정로46길 53, 3층 (신사동)"
general_restaurants,일반음식점,서울 강남구,3220000-101-2026-00901,글라스웍스(GLASSWORKS),경양식,2026-09-11,,영업/정상,2026-09-12 22:17:50,"서울특별시 강남구 도산대로55길 26, 하늘빌딩 3층 (청담동)"
general_restaurants,일반음식점,서울 강남구,3220000-101-2026-00900,회가대표초밥24역삼점,기타,2026-09-11,,영업/정상,2026-09-12 22:17:50,"서울특별시 강남구 언주로85길 32, 역삼역센트럴푸르지오 지하 1층 B107C ca16호 (역삼동)"
general_restaurants,일반음식점,서울 강남구,3220000-101-2026-00899,타닌(Tannin),한식,2026-09-10,,영업/정상,2026-09-11 22:17:50,"서울특별시 강남구 선릉로148길 28, 지상1층 (청담동)"
general_restaurants,일반음식점,서울 강남구,3220000-101-2026-00898,다물도(한시적),기타,2026-09-10,2026-09-12,폐업,2026-09-14 22:17:50,서울특별시 강남구 강남대로156길 24 (신사동)
general_restaurants,일반음식점,서울 강남구,3220000-101-2026-00897,베리잇 강남신논현점,경양식,2026-09-10,,영업/정상,2026-09-11 22:17:50,"서울특별시 강남구 봉은사로2길 7, 지상2층 202호 (역삼동)"
general_restaurants,일반음식점,서울 강남구,3220000-101-2026-00896,기영이 숯불두마리치킨 강남삼성점,기타,2026-09-10,,영업/정상,2026-09-16 22:17:51,"서울특별시 강남구 테헤란로81길 60-3, 지상 1, 2, 3층 (삼성동)"
general_restaurants,일반음식점,서울 강남구,3220000-101-2026-00895,배가네목포집(한시적),한식,2026-09-10,2026-09-12,폐업,2026-09-14 22:17:50,"서울특별시 강남구 강남대로156길 24, 세로수길 골목형 상점가일대 (신사동)"
general_restaurants,일반음식점,서울 강남구,3220000-101-2026-00894,황금가마솥닭강정&치킨 강남역삼점,호프/통닭,2026-09-09,,영업/정상,2026-09-10 22:17:51,"서울특별시 강남구 언주로85길 32, 역삼역센트럴푸르지오 지하1층 B118C호 CA28호 (역삼동)"
general_restaurants,일반음식점,서울 강남구,3220000-101-2026-00893,그래픽 한강 바,기타,2026-09-09,,영업/정상,2026-09-10 22:17:51,"서울특별시 강남구 압구정로11길 37-53, 지상2,3층 (압구정동)"
general_restaurants,일반음식점,서울 강남구,3220000-101-2026-00892,그래픽 한강,기타,2026-09-09,,영업/정상,2026-09-10 22:17:51,"서울특별시 강남구 압구정로11길 37-53, 지상1층 (압구정동)"
general_restaurants,일반음식점,서울 강남구,3220000-101-2026-00891,구닭,한식,2026-09-09,,영업/정상,2026-09-10 22:17:51,"서울특별시 강남구 논현로30길 7, 인성빌딩 1층 102호 (도곡동)"
general_restaurants,일반음식점,서울 강남구,3220000-101-2026-00890,치킨뱅이 신사점(한시적),경양식,2026-09-09,2026-09-12,폐업,2026-09-14 22:17:50,서울특별시 강남구 강남대로156길 24 (신사동)
general_restaurants,일반음식점,서울 강남구,3220000-101-2026-00889,케이찹사라다 신사직영점(한시적),한식,2026-09-09,2026-09-12,폐업,2026-09-14 22:17:50,"서울특별시 강남구 강남대로156길 24, K-BEAUTY BEER FESTA (신사동)"
general_restaurants,일반음식점,서울 강남구,3220000-101-2026-00888,신사전(한시적),기타,2026-09-08,2026-09-12,폐업,2026-09-14 22:17:50,"서울특별시 강남구 강남대로156길 24, 신사동세로수길 비어 페스타 (신사동)"
general_restaurants,일반음식점,서울 강남구,3220000-101-2026-00887,주식회사 큐아이오,기타,2026-09-08,,영업/정상,2026-09-09 22:17:51,"서울특별시 강남구 논현로119길 13, 지하 1, 지상 1층 (논현동)"
general_restaurants,일반음식점,서울 강남구,3220000-101-2026-00886,대호반점1987,중국식,2026-09-08,,영업/정상,2026-09-09 22:17:51,"서울특별시 강남구 선릉로157길 27-3, 錦奉빌딩 지상2층 (신사동)"
general_restaurants,일반음식점,서울 강남구,3220000-101-2026-00885,초선마라 역삼점,중국식,2026-09-08,,영업/정상,2026-09-09 22:17:51,"서울특별시 강남구 언주로 408, 역삼자이 상가동 제지1층 제비15호 (역삼동)"
general_restaurants,일반음식점,서울 강남구,3220000-101-2026-00884,농가의 식탁(한시적),한식,2026-09-08,2026-09-17,폐업,2026-09-19 22:17:50,"서울특별시 강남구 압구정로 165, 현대백화점본점 지하1층 (압구정동)"
general_restaurants,일반음식점,서울 강남구,3220000-101-2026-00883,네기우나기야 강남점,기타,2026-09-07,,영업/정상,2026-09-08 22:17:51,"서울특별시 강남구 테헤란로 129, 빗썸금융타워 지하 2층 (역삼동)"
general_restaurants,일반음식점,서울 강남구,3220000-101-2026-00882,원스탑이츠 역삼점,분식,2026-09-07,,영업/정상,2026-09-08 22:17:51,"서울특별시 강남구 언주로69길 16, 1층 101호 일부호 (역삼동)"
general_restaurants,일반음식점,서울 강남구,3220000-101-2026-00881,원스탑이츠 강남점,한식,2026-09-07,,영업/정상,2026-09-08 22:17:51,"서울특별시 강남구 언주로69길 16, 1층 101호 일부호 (역삼동)"
general_restaurants,일반음식점,서울 강남구,3220000-101-2026-00880,가마치통닭 서울 일원점,호프/통닭,2026-09-07,,영업/정상,2026-09-08 22:17:51,"서울특별시 강남구 양재대로33길 25, 지상1층 (일원동)"
general_restaurants,일반음식점,서울 강남구,3220000-101-2026-00879,아름부찌,한식,2026-09-07,,영업/정상,2026-09-08 22:17:51,"서울특별시 강남구 선릉로119길 13, 지하1층 105호 (논현동)"
general_restaurants,일반음식점,서울 강남구,3220000-101-2026-00878,더치앤빈 브런치,기타,2026-09-07,,영업/정상,2026-09-08 22:17:51,"서울특별시 강남구 테헤란로114길 20, 1층 (대치동)"
general_restaurants,일반음식점,서울 강남구,3220000-101-2026-00877,선담,기타,2026-09-07,,영업/정상,2026-09-08 22:17:51,"서울특별시 강남구 봉은사로25길 24, 지상 1층 101호 (논현동)"
general_restaurants,일반음식점,서울 강남구,3220000-101-2026-00876,루아키친앤바,"외국음식전문점(인도,태국등)",2026-09-04,,영업/정상,2026-09-05 22:17:51,"서울특별시 강남구 강남대로94길 15, 지상2층 (역삼동)"
general_restaurants,일반음식점,서울 강남구,3220000-101-2026-00875,쎈스시 역삼점,일식,2026-09-04,,영업/정상,2026-09-05 22:17:51,"서울특별시 강남구 역삼로3길 17, 2층 (역삼동)"
general_restaurants,일반음식점,서울 강남구,3220000-101-2026-00874,쌈국찌,한식,2026-09-04,,영업/정상,2026-09-05 22:17:51,"서울특별시 강남구 봉은사로33길 34, 지상1층 (논현동)"
general_restaurants,일반음식점,서울 강남구,3220000-101-2026-00873,월하,한식,2026-09-03,,영업/정상,2026-09-04 22:17:51,"서울특별시 강남구 강남대로112길 29, 지상1층 (논현동)"
general_restaurants,일반음식점,서울 강남구,3220000-101-2026-00872,백억커피 강남대치점,분식,2026-09-03,,영업/정상,2026-09-04 22:17:51,"서울특별시 강남구 삼성로 325, 지상1층 (대치동)"
general_restaurants,일반음식점,서울 강남구,3220000-101-2026-00871,에즈웰테이블,한식,2026-09-03,,영업/정상,2026-09-04 22:17:51,"서울특별시 강남구 논현로134길 10, 에즈웰플러스빌딩 7층 (논현동)"
general_restaurants,일반음식점,서울 강남구,3220000-101-2026-00870,영영샐러드 도곡점,한식,2026-09-03,,영업/정상,2026-09-04 22:17:51,"서울특별시 강남구 남부순환로361길 6, 1층 4호 (도곡동)"
general_restaurants,일반음식점,서울 강남구,3220000-101-2026-00869,헤즈업 강남점,한식,2026-09-03,,영업/정상,2026-09-04 22:17:51,"서울특별시 강남구 강남대로98길 8, 2,3층 (역삼동)"
general_restaurants,일반음식점,서울 강남구,3220000-101-2026-00868,강남포차,한식,2026-09-03,,영업/정상,2026-09-04 22:17:51,"서울특별시 강남구 강남대로84길 15, 지하1층 109호 (역삼동)"
general_restaurants,일반음식점,서울 강남구,3220000-101-2026-00867,야화 혼술바 압구정로데오점,기타,2026-09-03,,영업/정상,2026-09-04 22:17:51,"서울특별시 강남구 선릉로157길 29, 지하 1층 (신사동)"
general_restaurants,일반음식점,서울 강남구,3220000-101-2026-00866,주식회사 아그라홀딩스 노야원 강남롯데백화점,한식,2026-09-02,,영업/정상,2026-09-03 22:17:51,"서울특별시 강남구 도곡로 401, 롯데백화점 지하1층 (대치동)"
general_restaurants,일반음식점,서울 강남구,3220000-101-2026-00865,키키하우스,기타,2026-09-02,,영업/정상,2026-09-05 22:17:51,"서울특별시 강남구 봉은사로37길 11, 지하1층 (논현동)"
general_restaurants,일반음식점,서울 강남구,3220000-101-2026-00864,주환에프앤비,한식,2026-09-02,,영업/정상,2026-09-03 22:17:51,"서울특별시 강남구 학동로12길 21, 지하1층 106호 (논현동)"
general_restaurants,일반음식점,서울 강남구,3220000-101-2026-00863,칙바이칙 대치포스코점,경양식,2026-09-02,,영업/정상,2026-09-03 22:17:51,"서울특별시 강남구 테헤란로78길 16, 노벨과개미 지상1층,2층 (대치동)"
general_restaurants,일반음식점,서울 강남구,3220000-101-2026-00862,(주)킴앤유홀딩스,기타,2026-09-02,,영업/정상,2026-09-03 22:17:51,"서울특별시 강남구 도산대로 408, 신우빌딩 3층 (청담동)"
general_restaurants,일반음식점,서울 강남구,3220000-101-2026-00861,오르오프,기타,2026-09-02,,영업/정상,2026-09-18 22:17:51,서울특별시 강남구 삼성로 342 (주)세정빌딩 지상 1층 (대치동)
general_restaurants,일반음식점,서울 강남구,3220000-101-2026-00860,숑디,기타,2026-09-02,,영업/정상,2026-09-03 22:17:51,"서울특별시 강남구 강남대로 628, 비율라빌딩 2층 (신사동)"
general_restaurants,일반음식점,서울 강남구,3220000-101-2026-00859,푸롤리 더폴라 코엑스몰(한시적),기타,2026-09-02,2026-09-30,폐업,2026-10-02 22:17:51,"서울특별시 강남구 영동대로 513, 코엑스 지하 1층 일부호 (삼성동)"
general_restaurants,일반음식점,서울 강남구,3220000-101-2026-00858,에스비하우스(SB HOUSE),기타,2026-09-01,,영업/정상,2026-09-02 22:17:50,"서울특별시 강남구 강남대로158길 19, 지상 2층 (신사동)"
general_restaurants,일반음식점,서울 강남구,3220000-101-2026-00857,바샤커피 청담점,경양식,2026-09-01,2026-09-02,폐업,2026-09-04 22:17:51,"서울특별시 강남구 도산대로45길 20, 도산공원 (신사동)"
general_restaurants,일반음식점,서울 강남구,3220000-101-2026-00856,라멘 마코토야 강남본점,기타,2026-09-01,,영업/정상,2026-09-03 22:17:51,"서울특별시 강남구 강남대로102길 13-3, 지하 1층 (역삼동)"
general_restaurants,일반음식점,서울 강남구,3220000-101-2026-00855,쥬이,일식,2026-09-01,,영업/정상,2026-09-02 22:17:50,"서울특별시 강남구 강남대로 330, 지상2층 202호,203호 (역삼동)"
general_restaurants,일반음식점,서울 강남구,3220000-101-2026-00854,도산화로,한식,2026-09-01,,영업/정상,2026-09-03 22:17:51,"서울특별시 강남구 언주로150길 43, 101호 (논현동)"
general_restaurants,일반음식점,서울 강남구,3220000-101-2026-00853,디저트팩토리(한시적),일식,2026-08-31,2026-09-17,폐업,2026-09-19 22:17:50,"서울특별시 강남구 언주로30길 57, 신세계푸드마켓 도곡점 지하1층 행사장호 (도곡동, 타워팰리스)"
general_restaurants,일반음식점,서울 강남구,3220000-101-2026-00852,(주)심가네칼국수선릉역본점,한식,2026-08-31,,영업/정상,2026-09-01 22:17:50,"서울특별시 강남구 도곡로3길 26, 지상1층 114호 (역삼동, 역삼한스빌아파트)"
general_restaurants,일반음식점,서울 강남구,3220000-101-2026-00851,에프터나인(AFTER9),기타,2026-08-31,,영업/정상,2026-09-01 22:17:50,"서울특별시 강남구 도산대로15길 6, 대화빌딩 101호 (신사동)"
general_restaurants,일반음식점,서울 강남구,3220000-101-2026-00850,농가의 식탁(한시적),기타,2026-08-31,2026-09-03,폐업,2026-09-05 22:17:51,"서울특별시 강남구 압구정로 165, 현대백화점본점 지하1층 (압구정동)"
general_restaurants,일반음식점,서울 강남구,3220000-101-2026-00849,도파민보드카페,분식,2026-08-28,,영업/정상,2026-08-29 22:17:51,"서울특별시 강남구 테헤란로33길 34, 지하1층 (역삼동)"
general_restaurants,일반음식점,서울 강남구,3220000-101-2026-00848,모던프루츠 강남직영점,기타,2026-08-28,,영업/정상,2026-08-29 22:17:51,"서울특별시 강남구 논현로111길 23, 즐거운빌딩 1층 (논현동)"
general_restaurants,일반음식점,서울 강남구,3220000-101-2026-00847,삼형제김밥 선릉점,김밥(도시락),2026-08-28,,영업/정상,2026-08-29 22:17:51,"서울특별시 강남구 선릉로86길 7, 삼정빌딩 1층 1호 (대치동)"
general_restaurants,일반음식점,서울 강남구,3220000-101-2026-00846,빌라레코드 바(Villa Records Bar),"외국음식전문점(인도,태국등)",2026-08-28,,영업/정상,2026-08-29 22:17:51,"서울특별시 강남구 강남대로158길 25, 지하1층 (신사동)"
general_restaurants,일반음식점,서울 강남구,3220000-101-2026-00845,친구포차,정종/대포집/소주방,2026-08-27,,영업/정상,2026-08-28 22:17:51,"서울특별시 강남구 역삼로3길 22, 지하1층 (역삼동)"
general_restaurants,일반음식점,서울 강남구,3220000-101-2026-00844,닭장수 김밥 대치점,기타,2026-08-27,,영업/정상,2026-08-28 22:17:51,"서울특별시 강남구 남부순환로 2927, 대치 클래시아 1층 116호 (대치동)"
general_restaurants,일반음식점,서울 강남구,3220000-101-2026-00843,안심재,기타,2026-08-27,,영업/정상,2026-08-29 22:17:51,"서울특별시 강남구 학동로12길 35, 스마트빌 1층 (논현동)"
general_restaurants,일반음식점,서울 강남구,3220000-101-2026-00842,주식회사 커피 리브레(한시적),기타,2026-08-27,2026-09-22,폐업,2026-09-24 22:17:50,"서울특별시 강남구 영동대로 513, 코엑스 Hall A (삼성동)"
general_restaurants,일반음식점,서울 강남구,3220000-101-2026-00841,니시무라멘 현대무역점,기타,2026-08-27,,영업/정상,2026-08-28 22:17:51,"서울특별시 강남구 테헤란로 517, 현대백화점 지상 10층 (삼성동)"
general_restaurants,일반음식점,서울 강남구,3220000-101-2026-00840,기요항 신사점,일식,2026-08-27,,영업/정상,2026-08-28 22:17:51,"서울특별시 강남구 강남대로156길 28, 지상2층 (신사동)"
general_restaurants,일반음식점,서울 강남구,3220000-101-2026-00839,플라이 투더 문,기타,2026-08-27,,영업/정상,2026-08-28 22:17:51,"서울특별시 강남구 논현로117길 17, 4층 (논현동)"
general_restaurants,일반음식점,서울 강남구,3220000-101-2026-00838,레인디어커피컴파니(한시적),한식,2026-08-27,2026-08-30,폐업,2026-09-01 22:17:50,"서울특별시 강남구 남부순환로 3104, 세텍 전시장 3전시장 (대치동)"
general_restaurants,일반음식점,서울 강남구,3220000-101-2026-00837,강릉엄지네꼬막집(한시적),한식,2026-08-26,2026-09-03,폐업,2026-09-05 22:17:51,"서울특별시 강남구 도곡로 401, 롯데백화점 강남점 지하1층 (대치동)"
general_restaurants,일반음식점,서울 강남구,3220000-101-2026-00836,(주)안시국수,기타,2026-08-26,,영업/정상,2026-08-27 22:17:51,"서울특별시 강남구 언주로170길 24, 1층 (신사동)"
general_restaurants,일반음식점,서울 강남구,3220000-101-2026-00835,급한마음 탕수육(한시적),기타,2026-08-26,2026-09-10,폐업,2026-09-12 22:17:50,"서울특별시 강남구 압구정로 165, 현대백화점본점 지하 1층 (압구정동)"
general_restaurants,일반음식점,서울 강남구,3220000-101-2026-00834,육마늘,한식,2026-08-26,,영업/정상,2026-08-27 22:17:51,"서울특별시 강남구 역삼로8길 5, 지상1층,2층 (역삼동)"
general_restaurants,일반음식점,서울 강남구,3220000-101-2026-00833,꾸아 뱅뱅사거리점,"외국음식전문점(인도,태국등)",2026-08-26,,영업/정상,2026-08-27 22:17:51,"서울특별시 강남구 강남대로58길 12, 1층 105호 (도곡동)"
general_restaurants,일반음식점,서울 강남구,3220000-101-2026-00832,다낭보이즈 쌀국수&볶음밥 강남점,기타,2026-08-25,,영업/정상,2026-08-26 22:17:50,"서울특별시 강남구 언주로125길 11, 1,2층 일부호 (논현동)"
general_restaurants,일반음식점,서울 강남구,3220000-101-2026-00831,그라츠커피랩(한시적),기타,2026-08-25,2026-09-04,폐업,2026-09-06 22:17:50,"서울특별시 강남구 남부순환로 3104, SETEC 3관 (대치동)"
general_restaurants,일반음식점,서울 강남구,3220000-101-2026-00830,힘내라정육식당 역삼점,한식,2026-08-25,,영업/정상,2026-08-26 22:17:50,"서울특별시 강남구 언주로93길 28-2, 지상1층 (역삼동)"
general_restaurants,일반음식점,서울 강남구,3220000-101-2026-00829,농가의 식탁(한시적),기타,2026-08-25,2026-09-06,폐업,2026-09-08 22:17:51,"서울특별시 강남구 압구정로 343, 갤러리아백화점 지하1층 (압구정동)"
general_restaurants,일반음식점,서울 강남구,3220000-101-2026-00828,농가의 식탁(한시적),기타,2026-08-25,2026-08-30,폐업,2026-09-01 22:17:50,"서울특별시 강남구 압구정로 165, 현대백화점본점 지하1층 (압구정동)"
general_restaurants,일반음식점,서울 강남구,3220000-101-2026-00827,와따김밥,분식,2026-08-25,,영업/정상,2026-08-26 22:17:50,"서울특별시 강남구 논현로12길 33, 지상1층 101호 (개포동)"
general_restaurants,일반음식점,서울 강남구,3220000-101-2026-00826,주식회사 인미소,한식,2026-08-24,,영업/정상,2026-08-28 22:17:51,"서울특별시 강남구 선릉로157길 33, 지상1층, 2층 (신사동)"
general_restaurants,일반음식점,서울 강남구,3220000-101-2026-00825,샤르베티에(한시적),경양식,2026-08-24,2026-08-30,폐업,2026-09-01 22:17:50,"서울특별시 강남구 남부순환로 3104, SETEC 카페&베이커리페어 (대치동)"
general_restaurants,일반음식점,서울 강남구,3220000-101-2026-00821,고드니(godny)(한시적),경양식,2026-08-19,2026-08-27,폐업,2026-08-29 22:17:51,"서울특별시 강남구 압구정로 343, 압구정 갤러리아백화점 지하1층 식품관 팝업행사장 (압구정동)"
general_restaurants,일반음식점,서울 강남구,3220000-101-2026-00815,(주)커피빈코리아(한시적),기타,2026-08-19,2026-09-13,폐업,2026-09-15 22:17:50,"서울특별시 강남구 영동대로 513, 코엑스 A홀 (삼성동)"
general_restaurants,일반음식점,서울 강남구,3220000-101-2026-00813,푸롤리 더폴라(한시적),기타,2026-08-18,2026-08-30,폐업,2026-09-01 22:17:50,"서울특별시 강남구 영동대로 513, 코엑스전시관 D홀 (삼성동)"
general_restaurants,일반음식점,서울 강남구,3220000-101-2026-00812,야미컴퍼니(한시적),한식,2026-08-18,2026-08-27,폐업,2026-08-29 22:17:51,"서울특별시 강남구 압구정로 165, 현대백화점본점 지하1층 (압구정동)"
general_restaurants,일반음식점,서울 강남구,3220000-101-2026-00800,유스카페(한시적),기타,2026-08-12,2026-09-11,폐업,2026-09-13 22:17:51,"서울특별시 강남구 영동대로 513, 코엑스전시장 B1 (삼성동)"
general_restaurants,일반음식점,서울 강남구,3220000-101-2026-00793,꼬알라파이 청주 충북도청점(한시적),기타,2026-08-12,2026-08-30,폐업,2026-09-01 22:17:50,"서울특별시 강남구 남부순환로 3104, SETEC  제3관 일부호 (대치동)"
general_restaurants,일반음식점,서울 강남구,3220000-101-2026-00792,델리에또(한시적),기타,2026-08-12,2026-08-30,폐업,2026-09-01 22:17:50,"서울특별시 강남구 남부순환로 3104, 2026 카페&베이커리 세텍 (대치동)"
general_restaurants,일반음식점,서울 강남구,3220000-101-2026-00783,주식회사 더하우스에프앤비(한시적),한식,2026-08-10,2026-09-03,폐업,2026-09-05 22:17:51,"서울특별시 강남구 테헤란로 517, 현대백화점 지하1층 (삼성동)"
general_restaurants,일반음식점,서울 강남구,3220000-101-2026-00779,대아티아이 트웬티 압구정점(한시적),기타,2026-08-10,2026-08-27,폐업,2026-08-29 22:17:51,"서울특별시 강남구 압구정로 165, 현대백화점본점 지하1층 식품관 (압구정동)"
general_restaurants,일반음식점,서울 강남구,3220000-101-2026-00772,미열 강남선릉 혼술바,기타,2026-08-07,,영업/정상,2026-09-12 22:17:50,"서울특별시 강남구 선릉로 420, 지하1층 2호 (대치동)"
general_restaurants,일반음식점,서울 강남구,3220000-101-2026-00770,인더매스 삼덕(한시적),기타,2026-08-07,2026-08-27,폐업,2026-08-29 22:17:51,"서울특별시 강남구 영동대로 513, 코엑스 D홀 (삼성동)"
general_restaurants,일반음식점,서울 강남구,3220000-101-2026-00768,커피 휘엘(Coffee Fiel)(한시적),기타,2026-08-06,2026-09-12,폐업,2026-09-14 22:17:50,"서울특별시 강남구 영동대로 513, 코엑스 Hall A & B 1층 (삼성동)"
general_restaurants,일반음식점,서울 강남구,3220000-101-2026-00765,미무(한시적),기타,2026-08-06,2026-09-06,폐업,2026-09-08 22:17:51,"서울특별시 강남구 영동대로 513, 코엑스 A,B홀 (삼성동)"
general_restaurants,일반음식점,서울 강남구,3220000-101-2026-00763,경복궁삿뽀로도시락 (주)엔타스(한시적),한식,2026-08-05,2026-09-05,폐업,2026-09-07 22:17:50,"서울특별시 강남구 영동대로 513, 코엑스 지상3층 C홀 (삼성동)"
general_restaurants,일반음식점,서울 강남구,3220000-101-2026-00756,이야이야앤프렌즈(한시적),기타,2026-08-04,2026-09-06,폐업,2026-09-08 22:17:51,"서울특별시 강남구 영동대로 513, 코엑스 HALL B (삼성동)"
general_restaurants,일반음식점,서울 강남구,3220000-101-2026-00746,한잎꼬마김밥,김밥(도시락),2026-07-31,2026-08-26,폐업,2026-08-27 22:17:51,"서울특별시 강남구 도산대로15길 47, 지상1층 (신사동)"
general_restaurants,일반음식점,서울 강남구,3220000-101-2026-00745,애모꽃게장,기타,2026-07-31,,영업/정상,2026-08-29 22:17:51,"서울특별시 강남구 논현로152길 27, SAMO 1층 (신사동)"
general_restaurants,일반음식점,서울 강남구,3220000-101-2026-00733,주식회사 더하우스에프앤비(한시적),한식,2026-07-29,2026-08-31,폐업,2026-09-02 22:17:50,"서울특별시 강남구 테헤란로 517, 현대백화점 지하1층 (삼성동)"
general_restaurants,일반음식점,서울 강남구,3220000-101-2026-00684,오븐피쉬 컴퍼니,한식,2026-07-14,,영업/정상,2026-10-02 22:17:51,"서울특별시 강남구 도곡로37길 8, 1층 102호 (역삼동)"
general_restaurants,일반음식점,서울 강남구,3220000-101-2026-00642,클럽 아사이 보라 센터필드점,기타,2026-06-29,2026-08-28,폐업,2026-08-29 22:17:51,"서울특별시 강남구 테헤란로 231, 센터필드 B2층 WB53호 (역삼동)"
general_restaurants,일반음식점,서울 강남구,3220000-101-2026-00629,고이음(GOIEUM),기타,2026-06-25,,영업/정상,2026-10-09 22:17:51,"서울특별시 강남구 논현로132길 39, 지상1층, 2층 (논현동)"
general_restaurants,일반음식점,서울 강남구,3220000-101-2026-00625,맛나 떡볶이,한식,2026-06-24,,영업/정상,2026-09-18 22:17:51,"서울특별시 강남구 학동로43길 38, 지하1층 B102호 (논현동, 논현웰스톤)"
general_restaurants,일반음식점,서울 강남구,3220000-101-2026-00556,파라다이스,푸드트럭,2026-06-04,,영업/정상,2026-10-08 22:17:53,"서울특별시 강남구 가로수길 59, 디자인위크 행사장 (신사동)"
general_restaurants,일반음식점,서울 강남구,3220000-101-2026-00554,문스타,푸드트럭,2026-06-04,,영업/정상,2026-10-04 22:17:50,"서울특별시 강남구 가로수길 59, 디자인위크 행사장 (신사동)"
general_restaurants,일반음식점,서울 강남구,3220000-101-2026-00553,재재F&B,푸드트럭,2026-06-04,,영업/정상,2026-09-05 22:17:51,"서울특별시 강남구 가로수길 59, 디자인위크 행사장 (신사동)"
general_restaurants,일반음식점,서울 강남구,3220000-101-2026-00535,데일리 커피,기타,2026-06-01,,영업/정상,2026-10-09 22:17:51,"서울특별시 강남구 테헤란로53길 28, 1층 (역삼동)"
general_restaurants,일반음식점,서울 강남구,3220000-101-2026-00393,방앗간 의정부 압구정 직영점,한식,2026-04-23,,영업/정상,2026-09-15 22:17:50,"서울특별시 강남구 압구정로 214, 현대종합상가빌딩 1층 15호,16호 (신사동)"
general_restaurants,일반음식점,서울 강남구,3220000-101-2026-00388,유미카츠 대치점,분식,2026-04-22,,영업/정상,2026-10-07 22:17:52,"서울특별시 강남구 선릉로64길 6, 1층 2호 (대치동)"
general_restaurants,일반음식점,서울 강남구,3220000-101-2026-00381,무침에미침,한식,2026-04-21,2026-09-04,폐업,2026-09-05 22:17:51,"서울특별시 강남구 역삼로 204, 삼환 아르누보 지하1층 B07,B08,B09,B10호중 107호 (역삼동)"
general_restaurants,일반음식점,서울 강남구,3220000-101-2026-00276,오저당-오늘도 저당 다이어트식탁 강남본점,한식,2026-03-27,2026-09-09,폐업,2026-09-10 22:17:51,"서울특별시 강남구 언주로85길 32, 역삼역센트럴푸르지오 지하1층 B118C호 CA28호 (역삼동)"
general_restaurants,일반음식점,서울 강남구,3220000-101-2026-00225,돌대포소곱창 삼성직영점,한식,2026-03-16,,영업/정상,2026-09-10 22:17:51,"서울특별시 강남구 삼성로96길 27, 진솔빌딩 1층 (삼성동)"
general_restaurants,일반음식점,서울 강남구,3220000-101-2026-00223,치즈웨이브 강남점,기타,2026-03-13,2026-09-22,폐업,2026-09-23 22:17:51,"서울특별시 강남구 봉은사로29길 35, 지하2층 주방4호 (논현동, 한양수자인 어반게이트)"
general_restaurants,일반음식점,서울 강남구,3220000-101-2026-00174,이방인 혼술바 서울 논현점,기타,2026-03-04,,영업/정상,2026-09-16 22:17:51,"서울특별시 강남구 학동로2길 45, 2층 (논현동)"
general_restaurants,일반음식점,서울 강남구,3220000-101-2026-00139,와인 마케트,경양식,2026-02-23,2026-09-28,폐업,2026-09-29 22:17:51,"서울특별시 강남구 삼성로100길 23-18, 지상1층 (삼성동)"
general_restaurants,일반음식점,서울 강남구,3220000-101-2026-00107,와이키(YKEY),기타,2026-02-06,,영업/정상,2026-08-28 22:17:51,"서울특별시 강남구 도산대로51길 41, 2층 (신사동)"
general_restaurants,일반음식점,서울 강남구,3220000-101-2025-01538,멘탄,일식,2025-12-26,,영업/정상,2026-09-01 22:17:50,"서울특별시 강남구 강남대로94길 27, 지상1층 104호 (역삼동)"
general_restaurants,일반음식점,서울 강남구,3220000-101-2025-01453,밥밥면면,한식,2025-12-03,2026-09-07,폐업,2026-09-08 22:17:51,"서울특별시 강남구 선릉로 660, 지하1층 B110,B111 중 주방1호 (삼성동, 브라운스톤 레전드)"
general_restaurants,일반음식점,서울 강남구,3220000-101-2025-01443,하니킴피자 신논현점,경양식,2025-12-01,2026-09-30,폐업,2026-10-01 22:17:51,"서울특별시 강남구 논현로123길 37, 1층 102호 (논현동)"
general_restaurants,일반음식점,서울 강남구,3220000-101-2025-01434,훌랄라참숯치킨 강남자곡점,한식,2025-11-26,,영업/정상,2026-10-08 22:17:52,"서울특별시 강남구 자곡로 192, 강남푸르지오시티 2차 지상1층 108호 (자곡동)"
general_restaurants,일반음식점,서울 강남구,3220000-101-2025-01331,청춘닭꼬치 역삼직영점,호프/통닭,2025-11-04,,영업/정상,2026-09-16 22:17:51,"서울특별시 강남구 역삼로 135, 지상1층 102호 (역삼동)"
general_restaurants,일반음식점,서울 강남구,3220000-101-2025-01330,샤브익스프레스 논현점,한식,2025-11-04,2026-09-29,폐업,2026-09-30 22:17:51,"서울특별시 강남구 언주로 615, 논현 아이파크 103동 지하1층 B102호 (논현동)"
general_restaurants,일반음식점,서울 강남구,3220000-101-2025-01271,아지트호프,호프/통닭,2025-10-24,,영업/정상,2026-10-03 22:17:50,"서울특별시 강남구 삼성로104길 14, 준선빌딩 2층 203호 (삼성동)"
general_restaurants,일반음식점,서울 강남구,3220000-101-2025-01183,목삼 연구소,한식,2025-10-10,,영업/정상,2026-09-08 22:17:51,"서울특별시 강남구 테헤란로104길 10, 더원트윈타워2 지상1층, 2층 (대치동)"
general_restaurants,일반음식점,서울 강남구,3220000-101-2025-01131,교동찜닭,한식,2025-09-25,2026-09-29,폐업,2026-09-30 22:17:51,"서울특별시 강남구 언주로124길 40, 1층 103-1호 (논현동)"
general_restaurants,일반음식점,서울 강남구,3220000-101-2025-01127,해오름(H.ORM)스윗마일,기타,2025-09-25,,영업/정상,2026-10-07 22:17:51,"서울특별시 강남구 헌릉로618길 7, 선일빌딩 지상1층 101호, 102호, 103호 (세곡동)"
general_restaurants,일반음식점,서울 강남구,3220000-101-2025-01105,신사순대국,한식,2025-09-19,2026-08-28,폐업,2026-08-29 22:17:51,"서울특별시 강남구 강남대로 628, 비율라빌딩 2층 (신사동)"
general_restaurants,일반음식점,서울 강남구,3220000-101-2025-01089,싸시미 역삼본점,한식,2025-09-17,2026-10-02,폐업,2026-10-03 22:17:50,"서울특별시 강남구 언주로85길 32, 역삼역센트럴푸르지오 지하1층 B102A호 CA09호 (역삼동)"
general_restaurants,일반음식점,서울 강남구,3220000-101-2025-01073,김강남매운떡볶이,한식,2025-09-12,,영업/정상,2026-10-02 22:17:51,"서울특별시 강남구 언주로69길 16, 지상 1층 101-2호 (역삼동)"
general_restaurants,일반음식점,서울 강남구,3220000-101-2025-01052,돼지가엔푸드,한식,2025-09-08,2026-09-14,폐업,2026-09-15 22:17:50,"서울특별시 강남구 강남대로118길 61, 지상1층 101호 (논현동)"
general_restaurants,일반음식점,서울 강남구,3220000-101-2025-00984,회초리 씨푸드 대치점,일식,2025-08-26,2026-09-04,폐업,2026-09-05 22:17:51,"서울특별시 강남구 삼성로82길 4, 송암빌딩 지상1층 (대치동)"
general_restaurants,일반음식점,서울 강남구,3220000-101-2025-00939,죽이야기 대웅제약 본점,한식,2025-08-13,2026-09-08,폐업,2026-09-09 22:17:51,"서울특별시 강남구 봉은사로114길 12, 대웅제약빌딩 지하1층 6호 (삼성동)"
general_restaurants,일반음식점,서울 강남구,3220000-101-2025-00914,더반 베를린 신사점,기타,2025-08-08,2026-09-30,폐업,2026-10-01 22:17:51,"서울특별시 강남구 도산대로17길 36, 1층 (신사동)"
general_restaurants,일반음식점,서울 강남구,3220000-101-2025-00869,포케바(POKE BAR),"외국음식전문점(인도,태국등)",2025-07-31,2026-08-25,폐업,2026-08-26 22:17:50,"서울특별시 강남구 선릉로 815, 신한양빌딩 지상1층 2호 (신사동)"
general_restaurants,일반음식점,서울 강남구,3220000-101-2025-00850,미소미역,일식,2025-07-25,2026-10-02,폐업,2026-10-03 22:17:50,"서울특별시 강남구 선릉로157길 27-5, 지상1층 (신사동)"
general_restaurants,일반음식점,서울 강남구,3220000-101-2025-00765,가마솥 바베큐 치킨,호프/통닭,2025-07-03,2026-09-15,폐업,2026-09-16 22:17:51,"서울특별시 강남구 학동로43길 38, 지상1층 113호 (논현동, 논현웰스톤)"
general_restaurants,일반음식점,서울 강남구,3220000-101-2025-00764,러너펍 신사점,기타,2025-07-03,,영업/정상,2026-10-08 22:17:52,"서울특별시 강남구 강남대로152길 42, 3층 (신사동)"
general_restaurants,일반음식점,서울 강남구,3220000-101-2025-00755,주가네밥상,한식,2025-07-02,,영업/정상,2026-08-27 22:17:51,"서울특별시 강남구 테헤란로 329, 삼흥오피스텔 지하1층 B116호 (역삼동)"
general_restaurants,일반음식점,서울 강남구,3220000-101-2025-00694,국빈관 강남논현점,한식,2025-06-18,,영업/정상,2026-10-02 22:17:51,"서울특별시 강남구 선릉로145길 16, 동성빌딩 1층 (논현동)"
general_restaurants,일반음식점,서울 강남구,3220000-101-2025-00652,용푸드,한식,2025-06-09,2026-09-02,폐업,2026-09-03 22:17:51,"서울특별시 강남구 언주로 408, 역삼자이 지하1층 비18호 (역삼동)"
general_restaurants,일반음식점,서울 강남구,3220000-101-2025-00627,사쪼서울,경양식,2025-05-30,,영업/정상,2026-09-17 22:17:50,"서울특별시 강남구 언주로153길 12, 태경빌딩 6층 (신사동)"
general_restaurants,일반음식점,서울 강남구,3220000-101-2025-00616,미라클,기타,2025-05-29,2026-09-09,폐업,2026-09-10 22:17:51,"서울특별시 강남구 도산대로 540, 지상10층 (청담동)"
general_restaurants,일반음식점,서울 강남구,3220000-101-2025-00608,코다리한상 강남일원점,한식,2025-05-26,,영업/정상,2026-09-19 22:17:50,"서울특별시 강남구 일원로9길 16, 지상1층 (일원동)"
general_restaurants,일반음식점,서울 강남구,3220000-101-2025-00602,미라이,일식,2025-05-26,,영업/정상,2026-10-07 22:17:51,"서울특별시 강남구 도산대로17길 8, 2층 202호 (신사동)"
general_restaurants,일반음식점,서울 강남구,3220000-101-2025-00518,돼지공탕 하우 익스프레스,일식,2025-05-08,,영업/정상,2026-09-29 22:17:51,"서울특별시 강남구 선릉로157길 13-5, 1층 (신사동, HYUN 657)"
general_restaurants,일반음식점,서울 강남구,3220000-101-2025-00477,코르바니 선릉,경양식,2025-04-25,2026-09-23,폐업,2026-09-24 22:17:50,"서울특별시 강남구 언주로94길 9, 지상1층,지상2층 (역삼동)"
general_restaurants,일반음식점,서울 강남구,3220000-101-2025-00459,돼봉 삼겹살 강남 신논현점,한식,2025-04-22,,영업/정상,2026-09-23 22:17:51,"서울특별시 강남구 봉은사로2길 21, 반석빌딩 지하1층 (역삼동)"
general_restaurants,일반음식점,서울 강남구,3220000-101-2025-00299,하니반점,중국식,2025-03-20,2026-10-08,폐업,2026-10-09 22:17:51,"서울특별시 강남구 개포로20길 16, 지상1층 (개포동)"
general_restaurants,일반음식점,서울 강남구,3220000-101-2025-00289,가람국시 삼성점,한식,2025-03-20,,영업/정상,2026-10-02 22:17:51,"서울특별시 강남구 삼성로 573, 성원빌딩 2층 (삼성동)"
general_restaurants,일반음식점,서울 강남구,3220000-101-2025-00244,르글라스 압구정점,경양식,2025-03-12,,영업/정상,2026-10-07 22:17:51,"서울특별시 강남구 언주로173길 16, 지상1층 (신사동)"
general_restaurants,일반음식점,서울 강남구,3220000-101-2025-00211,화니스시,일식,2025-03-04,2026-09-18,폐업,2026-09-19 22:17:50,"서울특별시 강남구 논현로113길 12, 1층 105호 (논현동)"
general_restaurants,일반음식점,서울 강남구,3220000-101-2025-00185,오타이 압구정 현대백화점 본점,일식,2025-02-26,,영업/정상,2026-09-01 22:17:50,"서울특별시 강남구 압구정로 165, 현대백화점본점 지하1층 (압구정동)"
general_restaurants,일반음식점,서울 강남구,3220000-101-2025-00017,주 루즈(Joue rouge),분식,2025-01-07,2026-09-16,폐업,2026-09-17 22:17:50,"서울특별시 강남구 강남대로118길 70, 지상1층 104호 (논현동)"
general_restaurants,일반음식점,서울 강남구,3220000-101-2024-01538,더케이에프엔비 엠제이컴퍼니,"외국음식전문점(인도,태국등)",2024-12-13,2026-09-02,폐업,2026-09-03 22:17:51,"서울특별시 강남구 봉은사로37길 11, 지하1층 (논현동)"
general_restaurants,일반음식점,서울 강남구,3220000-101-2024-01535,노블 테이블,출장조리,2024-12-12,2026-10-08,폐업,2026-10-09 22:17:51,"서울특별시 강남구 삼성로115길 20-10, 지하1층 (삼성동)"
general_restaurants,일반음식점,서울 강남구,3220000-101-2024-01451,사파리,한식,2024-11-27,2026-10-02,폐업,2026-10-03 22:17:50,"서울특별시 강남구 압구정로48길 35, 지상1층 (신사동)"
general_restaurants,일반음식점,서울 강남구,3220000-101-2024-01421,하루끼우동본점,한식,2024-11-20,,영업/정상,2026-08-27 22:17:51,"서울특별시 강남구 봉은사로 174, 역삼 노블루체(언주역) 지상1층 103호 (역삼동)"
general_restaurants,일반음식점,서울 강남구,3220000-101-2024-01410,글라스 티어즈,기타,2024-11-19,2026-10-02,폐업,2026-10-03 22:17:50,"서울특별시 강남구 압구정로10길 35-1, 4층 (신사동)"
general_restaurants,일반음식점,서울 강남구,3220000-101-2024-01385,마마도우,"외국음식전문점(인도,태국등)",2024-11-11,2026-09-04,폐업,2026-09-05 22:17:51,"서울특별시 강남구 선릉로 344, 지상1층 6호 (대치동)"
general_restaurants,일반음식점,서울 강남구,3220000-101-2024-01370,세레니떼(SERENITE),기타,2024-11-06,2026-09-23,폐업,2026-09-24 22:17:50,"서울특별시 강남구 학동로42길 67-16, 1층 (논현동)"
general_restaurants,일반음식점,서울 강남구,3220000-101-2024-01346,키세카츠 신사역점,일식,2024-10-31,,영업/정상,2026-08-28 22:17:51,"서울특별시 강남구 논현로149길 52, 지상1층 101호 (논현동)"
general_restaurants,일반음식점,서울 강남구,3220000-101-2024-01329,카페 바이탈바이브,기타,2024-10-25,2026-09-10,폐업,2026-09-11 22:17:50,"서울특별시 강남구 밤고개로34길 14, 지상1층 (세곡동)"
general_restaurants,일반음식점,서울 강남구,3220000-101-2024-01312,(주)브라더스스토어 패티바이번 롯데백화점 강남점,기타,2024-10-23,2026-08-27,폐업,2026-08-28 22:17:51,"서울특별시 강남구 도곡로 401, 롯데백화점 지하1층 일부호 (대치동)"
general_restaurants,일반음식점,서울 강남구,3220000-101-2024-01292,텐 뉴욕버거(10 NEWYORK BURGER),경양식,2024-10-17,2026-09-18,폐업,2026-09-19 22:17:50,"서울특별시 강남구 봉은사로33길 33, 양지직매상가 지하1층 1호, 지상1층 15호 (논현동)"
general_restaurants,일반음식점,서울 강남구,3220000-101-2024-01283,헤피 키친 앤 커피,기타,2024-10-15,,영업/정상,2026-09-30 22:17:51,"서울특별시 강남구 논현로76길 24, BPT빌딩 지상1층 (역삼동)"
general_restaurants,일반음식점,서울 강남구,3220000-101-2024-01212,어스피시어스베이커리샌드,패밀리레스트랑,2024-10-02,,영업/정상,2026-09-24 22:17:50,"서울특별시 강남구 학동로42길 67-16, 1층 (논현동)"
general_restaurants,일반음식점,서울 강남구,3220000-101-2024-01162,이번역은 파스타입니다,경양식,2024-09-25,2026-09-02,폐업,2026-09-03 22:17:51,"서울특별시 강남구 봉은사로37길 11, 지하1층 (논현동)"
general_restaurants,일반음식점,서울 강남구,3220000-101-2024-01142,파이널나인 서울 신사점,한식,2024-09-24,,영업/정상,2026-09-18 22:17:51,"서울특별시 강남구 강남대로152길 20, 포토피아 지상2층 (신사동)"
general_restaurants,일반음식점,서울 강남구,3220000-101-2024-01140,덮밥 유니버스,한식,2024-09-23,2026-09-29,폐업,2026-09-30 22:17:51,"서울특별시 강남구 테헤란로83길 11, 제지하1층 제비101호 주방4-2호 (삼성동)"
general_restaurants,일반음식점,서울 강남구,3220000-101-2024-01139,떡 스팟,한식,2024-09-23,2026-09-29,폐업,2026-09-30 22:17:51,"서울특별시 강남구 테헤란로83길 11, 제지하1층 제비101호, 주방4-1호 (삼성동)"
general_restaurants,일반음식점,서울 강남구,3220000-101-2024-01121,논현생고기,한식,2024-09-13,,영업/정상,2026-10-07 22:17:51,"서울특별시 강남구 강남대로122길 39, 지상1층 102호 (논현동)"
general_restaurants,일반음식점,서울 강남구,3220000-101-2024-01108,네임드 베이커리,일식,2024-09-11,2026-09-02,폐업,2026-09-03 22:17:51,"서울특별시 강남구 역삼로12길 5, 지상1층 104호 (역삼동)"
general_restaurants,일반음식점,서울 강남구,3220000-101-2024-01103,미몽 역삼점,중국식,2024-09-11,2026-08-25,폐업,2026-08-26 22:17:50,"서울특별시 강남구 언주로93길 28-2, 지상1층 (역삼동)"
general_restaurants,일반음식점,서울 강남구,3220000-101-2024-01091,(주)브라더스스토어 동경만향 롯데백화점 강남점,한식,2024-09-06,2026-08-27,폐업,2026-08-28 22:17:51,"서울특별시 강남구 도곡로 401, 롯데백화점 지하1층 (대치동)"
general_restaurants,일반음식점,서울 강남구,3220000-101-2024-01086,깡우동(논현점),기타,2024-09-05,2026-10-02,폐업,2026-10-08 22:17:52,"서울특별시 강남구 논현로150길 19, 지상1층 (논현동)"
general_restaurants,일반음식점,서울 강남구,3220000-101-2024-01062,타코노미,일식,2024-08-29,2026-08-26,폐업,2026-08-27 22:17:51,"서울특별시 강남구 자곡로 172, 지상1층 101호 (자곡동)"
general_restaurants,일반음식점,서울 강남구,3220000-101-2024-01047,1955강남낙지 삼성직영점,한식,2024-08-26,,영업/정상,2026-10-01 22:17:51,"서울특별시 강남구 테헤란로83길 14, 두산 위브센티움 지상 1층 105호 (삼성동)"
general_restaurants,일반음식점,서울 강남구,3220000-101-2024-00987,노브랜드 버거 역삼역점,기타,2024-08-06,,영업/정상,2026-09-11 22:17:50,"서울특별시 강남구 테헤란로 201, 아주빌딩 지상1층 (역삼동)"
general_restaurants,일반음식점,서울 강남구,3220000-101-2024-00970,김성관화덕구이,한식,2024-08-01,,영업/정상,2026-09-03 22:17:51,"서울특별시 강남구 논현로26길 41, 지하1층,지상2층 (도곡동)"
general_restaurants,일반음식점,서울 강남구,3220000-101-2024-00952,아도 계영배,한식,2024-07-29,2026-09-11,폐업,2026-09-12 22:17:50,"서울특별시 강남구 언주로173길 16, 아고빌딩 지상5층 (신사동)"
general_restaurants,일반음식점,서울 강남구,3220000-101-2024-00949,박민주막,한식,2024-07-29,,영업/정상,2026-09-19 22:17:50,"서울특별시 강남구 학동로4길 35, 지상1층 107호 (논현동)"
general_restaurants,일반음식점,서울 강남구,3220000-101-2024-00922,60계&스텔라떡볶이 서울개포점,분식,2024-07-19,,영업/정상,2026-10-09 22:17:51,"서울특별시 강남구 개포로82길 13-15, 지상1층 5호,9호 (개포동)"
general_restaurants,일반음식점,서울 강남구,3220000-101-2024-00914,온기정(가로수길점),일식,2024-07-17,,영업/정상,2026-09-19 22:17:50,"서울특별시 강남구 압구정로4길 13-9, 지상1층 (신사동)"
general_restaurants,일반음식점,서울 강남구,3220000-101-2024-00901,칙바이칙 강남자곡점,기타,2024-07-16,2026-08-25,폐업,2026-08-26 22:17:50,"서울특별시 강남구 자곡로 172, 강남엑슬루프라임 지상1층 105호 (자곡동)"
general_restaurants,일반음식점,서울 강남구,3220000-101-2024-00825,자담치킨 서울개포점,호프/통닭,2024-06-26,2026-08-27,폐업,2026-08-28 22:17:51,"서울특별시 강남구 개포로82길 13-9, 세종빌딩 지상1층 104,105,106호 (개포동)"
general_restaurants,일반음식점,서울 강남구,3220000-101-2024-00673,레드 바(Red Bar),경양식,2024-05-24,,영업/정상,2026-10-01 22:17:51,"서울특별시 강남구 도산대로45길 18-10, 파크뷰빌딩 지상1층 (신사동)"
general_restaurants,일반음식점,서울 강남구,3220000-101-2024-00530,홈러버쿠키,기타,2024-04-26,2026-08-31,폐업,2026-09-01 22:17:50,"서울특별시 강남구 논현로16길 23, 지상1층 101호 (개포동)"
general_restaurants,일반음식점,서울 강남구,3220000-101-2024-00446,동서재 닭강정,한식,2024-04-11,2026-09-22,폐업,2026-09-23 22:17:51,"서울특별시 강남구 봉은사로57길 21-3, 지상2층 205호 (삼성동)"
general_restaurants,일반음식점,서울 강남구,3220000-101-2024-00445,퍽퍽살이 싫어 내가 만든 치킨집,한식,2024-04-11,2026-09-22,폐업,2026-09-23 22:17:51,"서울특별시 강남구 봉은사로57길 21-3, 지상2층 204호 (삼성동)"
general_restaurants,일반음식점,서울 강남구,3220000-101-2024-00444,숯향입은 후라이드,한식,2024-04-11,2026-09-22,폐업,2026-09-23 22:17:51,"서울특별시 강남구 봉은사로57길 21-3, 지상2층 203호 (삼성동)"
general_restaurants,일반음식점,서울 강남구,3220000-101-2024-00443,청양시 고추로 다리살 많길 순살치킨,한식,2024-04-11,2026-09-22,폐업,2026-09-23 22:17:51,"서울특별시 강남구 봉은사로57길 21-3, 지상2층 202호 (삼성동)"
general_restaurants,일반음식점,서울 강남구,3220000-101-2024-00442,리얼 새우짱 후라이드,한식,2024-04-11,2026-09-22,폐업,2026-09-23 22:17:51,"서울특별시 강남구 봉은사로57길 21-3, 지상2층 201호 (삼성동)"
general_restaurants,일반음식점,서울 강남구,3220000-101-2024-00423,스낵팩멜번,경양식,2024-04-05,2026-09-02,폐업,2026-09-03 22:17:51,"서울특별시 강남구 언주로69길 16, 지상1층 101호 (역삼동)"
general_restaurants,일반음식점,서울 강남구,3220000-101-2024-00393,파파남,호프/통닭,2024-04-01,,영업/정상,2026-10-01 22:17:51,"서울특별시 강남구 선릉로129길 9-3, 로담빌딩 지상1층 (논현동)"
general_restaurants,일반음식점,서울 강남구,3220000-101-2024-00263,요거요거&과일빙수,기타,2024-03-05,2026-09-21,폐업,2026-09-22 22:17:51,"서울특별시 강남구 테헤란로52길 16, 상가-2동 지하1층 20호 (역삼동, 테헤란아이파크)"
general_restaurants,일반음식점,서울 강남구,3220000-101-2024-00252,쭈상궁 불맛직화 쭈꾸미,한식,2024-03-04,2026-10-02,폐업,2026-10-08 22:17:52,"서울특별시 강남구 봉은사로33길 34, 지하1층 3호 (논현동)"
general_restaurants,일반음식점,서울 강남구,3220000-101-2024-00218,보울박스 역삼역점,기타,2024-02-23,2026-08-31,폐업,2026-09-01 22:17:50,"서울특별시 강남구 논현로85길 70, 지상1층 103호 (역삼동)"
general_restaurants,일반음식점,서울 강남구,3220000-101-2024-00213,레코(RECO),경양식,2024-02-22,2026-08-25,폐업,2026-08-26 22:17:50,"서울특별시 강남구 논현로12길 33, 지상1층 101호 (개포동)"
general_restaurants,일반음식점,서울 강남구,3220000-101-2024-01627,청와담 CHUNG WA DAM,한식,2024-02-08,,영업/정상,2026-09-09 22:17:50,"서울특별시 강남구 봉은사로114길 12, 대웅제약빌딩 본관 지하1층 6호 (삼성동)"
general_restaurants,일반음식점,서울 강남구,3220000-101-2024-01628,소바쥬,기타,2024-01-22,,영업/정상,2026-09-29 22:17:51,"서울특별시 강남구 강남대로152길 65, MH빌딩 3층 (신사동)"
general_restaurants,일반음식점,서울 강남구,3220000-101-2024-00073,삼대본가김치찜본점,한식,2024-01-18,,영업/정상,2026-08-27 22:17:51,"서울특별시 강남구 봉은사로 174, 역삼 노블루체(언주역) 지상1층 103호 (역삼동)"
general_restaurants,일반음식점,서울 강남구,3220000-101-2024-00053,마티뇽 서울,"외국음식전문점(인도,태국등)",2024-01-16,,영업/정상,2026-09-23 22:17:51,"서울특별시 강남구 언주로172길 54, 지상1층 (신사동)"
general_restaurants,일반음식점,서울 강남구,3220000-101-2024-00050,풍년집,한식,2024-01-15,2026-09-21,폐업,2026-09-22 22:17:51,"서울특별시 강남구 논현로67길 63, 지상1층 (역삼동)"
general_restaurants,일반음식점,서울 강남구,3220000-101-2024-00004,간지 떡볶이돈까스,분식,2024-01-02,2026-08-31,폐업,2026-09-01 22:17:50,"서울특별시 강남구 테헤란로 322, 한신인터밸리24 지하2층 B129호 (역삼동)"
general_restaurants,일반음식점,서울 강남구,3220000-101-2023-01688,갤러리,라이브카페,2023-12-21,,영업/정상,2026-10-02 22:17:51,"서울특별시 강남구 테헤란로39길 51, 지하1층 (역삼동)"
general_restaurants,일반음식점,서울 강남구,3220000-101-2023-01677,탐라도라(TamnaDora),기타,2023-12-15,,영업/정상,2026-08-29 22:17:51,"서울특별시 강남구 개포로17길 13, 지상1층 (개포동)"
general_restaurants,일반음식점,서울 강남구,3220000-101-2023-01616,대치럭키로또,한식,2023-12-05,2026-09-09,폐업,2026-09-10 22:17:51,"서울특별시 강남구 선릉로76길 38, 지상1층 3호 (대치동)"
general_restaurants,일반음식점,서울 강남구,3220000-101-2023-01444,웨스키하우스,경양식,2023-10-31,2026-09-17,폐업,2026-09-18 22:17:51,"서울특별시 강남구 강남대로146길 25, 에코스페이스 5층 (논현동)"
general_restaurants,일반음식점,서울 강남구,3220000-101-2023-01422,슬로우캘리 선릉점,기타,2023-10-26,2026-09-29,폐업,2026-09-30 22:17:51,"서울특별시 강남구 테헤란로 313, 성지하이츠1 지상1층 103호 (역삼동)"
general_restaurants,일반음식점,서울 강남구,3220000-101-2023-01343,153구포국수 강남신사역점,한식,2023-10-11,,영업/정상,2026-08-26 22:17:50,"서울특별시 강남구 강남대로 616, 신사미타워 지상1층 103호 (신사동)"
general_restaurants,일반음식점,서울 강남구,3220000-101-2023-01341,초이다이닝 강남점,일식,2023-10-11,2026-09-10,폐업,2026-09-11 22:17:50,"서울특별시 강남구 봉은사로2길 7, 지상2층 202호 (역삼동)"
general_restaurants,일반음식점,서울 강남구,3220000-101-2023-01287,맘스터치앤피자 학동역점,기타,2023-09-25,,영업/정상,2026-10-09 22:17:51,"서울특별시 강남구 학동로 215, 지상1층 105호,106호 (논현동)"
general_restaurants,일반음식점,서울 강남구,3220000-101-2023-01263,강남혜자초밥,횟집,2023-09-19,,영업/정상,2026-09-30 22:17:51,"서울특별시 강남구 강남대로84길 15, 지하1층 129호 (역삼동)"
general_restaurants,일반음식점,서울 강남구,3220000-101-2023-01117,사랑터,한식,2023-08-22,,영업/정상,2026-09-01 22:17:50,"서울특별시 강남구 논현로85길 7, 지상1층 (역삼동)"
general_restaurants,일반음식점,서울 강남구,3220000-101-2023-01028,비빔밥 앤 라면,한식,2023-08-03,2026-09-07,폐업,2026-09-08 22:17:51,"서울특별시 강남구 역삼로 204, 삼환 아르누보 지하1층 106호 (역삼동)"
general_restaurants,일반음식점,서울 강남구,3220000-101-2023-00990,에이피(AP),경양식,2023-07-27,2026-09-04,폐업,2026-09-08 22:17:51,"서울특별시 강남구 선릉로155길 12, 웬즈데이빌딩 지하1층 (신사동)"
general_restaurants,일반음식점,서울 강남구,3220000-101-2023-00945,지라시칸 가로수길 본점,일식,2023-07-13,,영업/정상,2026-09-08 22:17:51,"서울특별시 강남구 압구정로10길 30-3, 지상1층 (신사동)"
general_restaurants,일반음식점,서울 강남구,3220000-101-2023-00830,비앙드(VIANDE),경양식,2023-06-15,2026-08-28,폐업,2026-08-29 22:17:51,"서울특별시 강남구 도산대로30길 33-1, 지상1, 지하1층 (논현동)"
general_restaurants,일반음식점,서울 강남구,3220000-101-2023-00662,숨후카바 도산점,경양식,2023-05-12,,영업/정상,2026-09-29 22:17:51,"서울특별시 강남구 도산대로51길 42, 지상2층 (신사동)"
general_restaurants,일반음식점,서울 강남구,3220000-101-2023-00353,지호식,경양식,2023-03-17,2026-10-01,폐업,2026-10-02 22:17:51,"서울특별시 강남구 개포로 232, 희영빌딩 지상1층 101호 (개포동)"
general_restaurants,일반음식점,서울 강남구,3220000-101-2023-00304,주식회사 더케이에프앤비 요녀석 타코앤브리또,"외국음식전문점(인도,태국등)",2023-03-08,2026-09-02,폐업,2026-09-03 22:17:51,"서울특별시 강남구 봉은사로37길 11, 지하1층 (논현동)"
general_restaurants,일반음식점,서울 강남구,3220000-101-2023-00288,빠빠빵 국기원사거리점,한식,2023-03-06,,영업/정상,2026-09-18 22:17:51,"서울특별시 강남구 테헤란로 124, 삼원타워 지하1층 B135호 (역삼동)"
general_restaurants,일반음식점,서울 강남구,3220000-101-2023-00225,킹스만두,분식,2023-02-20,2026-09-03,폐업,2026-09-04 22:17:51,"서울특별시 강남구 삼성로71길 45, 지상1층 101호 (대치동)"
general_restaurants,일반음식점,서울 강남구,3220000-101-2023-00128,아카리 역삼점,한식,2023-01-31,,영업/정상,2026-09-23 22:17:51,"서울특별시 강남구 테헤란로19길 7, 지상1층 101호 (역삼동)"
general_restaurants,일반음식점,서울 강남구,3220000-101-2023-00048,현이키친,분식,2023-01-12,,영업/정상,2026-09-29 22:17:51,"서울특별시 강남구 역삼로 135, 지하1층 B01호 (역삼동)"
general_restaurants,일반음식점,서울 강남구,3220000-101-2023-00018,오오키,일식,2023-01-05,2026-09-29,폐업,2026-09-30 22:17:51,"서울특별시 강남구 논현로124길 27, 1층 101호 (논현동)"
general_restaurants,일반음식점,서울 강남구,3220000-101-2022-01508,주식회사 김미김미,한식,2022-12-26,2026-09-04,폐업,2026-09-08 22:17:51,"서울특별시 강남구 언주로85길 32, 역삼역센트럴푸르지오 지하1층 B101B-CA11호 (역삼동)"
general_restaurants,일반음식점,서울 강남구,3220000-101-2022-01488,만타스시31 대치점,일식,2022-12-19,2026-10-07,폐업,2026-10-08 22:17:52,"서울특별시 강남구 남부순환로 2917, 청실종합상가 지하1층 36호,40호 (대치동)"
general_restaurants,일반음식점,서울 강남구,3220000-101-2022-01534,성산 봄 죽 칼국수,한식,2022-12-08,,영업/정상,2026-09-12 22:17:50,"서울특별시 강남구 언주로85길 32, 역삼역센트럴푸르지오 지하1층 B110호 CA34-2호 (역삼동)"
general_restaurants,일반음식점,서울 강남구,3220000-101-2022-01432,아지트 원 AGT ONE,기타,2022-12-06,2026-09-28,폐업,2026-09-29 22:17:51,"서울특별시 강남구 논현로63길 16, 지상2층 207호 (역삼동, 역삼종합시장 더블루)"
general_restaurants,일반음식점,서울 강남구,3220000-101-2022-01407,육회2990,한식,2022-11-30,2026-10-06,폐업,2026-10-07 22:17:51,"서울특별시 강남구 테헤란로 147, 성지하이츠Ⅱ 지하1층 5호 (역삼동)"
general_restaurants,일반음식점,서울 강남구,3220000-101-2022-01371,라운지 바이 블그레,기타,2022-11-23,2026-09-23,폐업,2026-09-24 22:17:50,"서울특별시 강남구 논현로175길 101-4, 지상1층,5층 (신사동)"
general_restaurants,일반음식점,서울 강남구,3220000-101-2022-01272,하이도조 강남구청점,한식,2022-11-01,,영업/정상,2026-09-19 22:17:50,"서울특별시 강남구 선릉로 660, 지상1층 F106호 (삼성동, 브라운스톤 레전드)"
general_restaurants,일반음식점,서울 강남구,3220000-101-2022-01231,명동 충무김밥,한식,2022-10-21,2026-09-15,폐업,2026-09-16 22:17:51,"서울특별시 강남구 선릉로16길 4-10, 지하1층 (개포동)"
general_restaurants,일반음식점,서울 강남구,3220000-101-2022-01217,카페 볼로네제(Caffe Bolognese),한식,2022-10-19,,영업/정상,2026-09-11 22:17:50,"서울특별시 강남구 선릉로157길 31, 지상1층 (신사동)"
general_restaurants,일반음식점,서울 강남구,3220000-101-2022-01211,굿그릴,기타,2022-10-18,2026-09-30,폐업,2026-10-01 22:17:51,"서울특별시 강남구 학동로30길 45, 지상1층 101호 (논현동)"
general_restaurants,일반음식점,서울 강남구,3220000-101-2022-01129,장칼&짜글이,한식,2022-09-26,2026-09-28,폐업,2026-09-29 22:17:51,"서울특별시 강남구 강남대로84길 15, 지하1층 B123,B124호 (역삼동)"
general_restaurants,일반음식점,서울 강남구,3220000-101-2022-01125,짱구분식,분식,2022-09-26,,영업/정상,2026-09-08 22:17:51,"서울특별시 강남구 개포로 623, 대청타워 지하1층 112호 (개포동)"
general_restaurants,일반음식점,서울 강남구,3220000-101-2022-01032,미치코서울,경양식,2022-09-02,,영업/정상,2026-10-09 22:17:51,"서울특별시 강남구 선릉로155길 29, 2층 (신사동)"
general_restaurants,일반음식점,서울 강남구,3220000-101-2022-01023,커피데스크 역삼점,감성주점,2022-08-30,,영업/정상,2026-09-09 22:17:50,"서울특별시 강남구 언주로 514, 지상1층 (역삼동)"
general_restaurants,일반음식점,서울 강남구,3220000-101-2022-01010,제로쓰로 쇼룸,기타,2022-08-26,2026-09-21,폐업,2026-09-22 22:17:51,"서울특별시 강남구 논현로175길 7, 지하1층 3호 (신사동)"
general_restaurants,일반음식점,서울 강남구,3220000-101-2022-01004,덮밥석쇠구이,한식,2022-08-25,,영업/정상,2026-08-27 22:17:50,"서울특별시 강남구 봉은사로 174, 역삼 노블루체(언주역) 지상1층 103호 (역삼동)"
general_restaurants,일반음식점,서울 강남구,3220000-101-2022-01540,석종,일식,2022-08-18,2026-09-29,폐업,2026-09-30 22:17:51,"서울특별시 강남구 도산대로 446, 경원오피스텔 1층 6호 (청담동)"
general_restaurants,일반음식점,서울 강남구,3220000-101-2022-01538,저스트펀(Just Fun),한식,2022-08-05,2026-09-01,폐업,2026-09-02 22:17:50,"서울특별시 강남구 강남대로158길 19, 지상2층 (신사동)"
general_restaurants,일반음식점,서울 강남구,3220000-101-2022-00843,마라명장,중국식,2022-07-12,2026-09-30,폐업,2026-10-01 22:17:51,"서울특별시 강남구 도산대로30길 32, 지상1층 (논현동)"
general_restaurants,일반음식점,서울 강남구,3220000-101-2022-00780,올드페리도넛 가로수길점,기타,2022-06-28,2026-08-27,폐업,2026-08-28 22:17:51,"서울특별시 강남구 강남대로162길 35, 지상1층 일부호 (신사동)"
general_restaurants,일반음식점,서울 강남구,3220000-101-2022-00658,산청옥,한식,2022-06-03,,영업/정상,2026-09-16 22:17:51,"서울특별시 강남구 논현로30길 28, 지상1층 (도곡동)"
general_restaurants,일반음식점,서울 강남구,3220000-101-2022-00592,방촌떡볶이 센터필드점,기타,2022-05-24,,영업/정상,2026-10-02 22:17:51,"서울특별시 강남구 테헤란로 231, 센터필드 지하2층 WB50호 (역삼동)"
general_restaurants,일반음식점,서울 강남구,3220000-101-2022-00414,베지야 샐러드&샌드위치(Vegieya Salad&Sandwich),기타,2022-04-12,,영업/정상,2026-10-09 22:17:51,"서울특별시 강남구 논현로114길 18, 지상1층 (논현동)"
general_restaurants,일반음식점,서울 강남구,3220000-101-2022-00300,라이라이스,한식,2022-03-21,2026-10-02,폐업,2026-10-08 22:17:52,"서울특별시 강남구 봉은사로33길 34, 지하1층 1호 (논현동)"
general_restaurants,일반음식점,서울 강남구,3220000-101-2022-00264,바틀드(Bottled),한식,2022-03-11,,영업/정상,2026-10-09 22:17:51,"서울특별시 강남구 논현로85길 70, 지상 1층 103호 (역삼동)"
general_restaurants,일반음식점,서울 강남구,3220000-101-2022-00258,깡촌무쇠곱창,횟집,2022-03-10,,영업/정상,2026-09-05 22:17:51,"서울특별시 강남구 테헤란로5길 25, 지하1층 (역삼동)"
general_restaurants,일반음식점,서울 강남구,3220000-101-2022-00223,담양식 육미안 강남점,기타,2022-03-03,,영업/정상,2026-10-09 22:17:51,"서울특별시 강남구 강남대로106길 9, 지상1층 (역삼동)"
general_restaurants,일반음식점,서울 강남구,3220000-101-2022-00195,모도우 더룸 대치점,한식,2022-02-24,,영업/정상,2026-09-12 22:17:50,"서울특별시 강남구 테헤란로78길 16, 노벨과개미 지하1층 (대치동)"
general_restaurants,일반음식점,서울 강남구,3220000-101-2022-00103,강남주막다방,감성주점,2022-01-28,2026-09-11,폐업,2026-09-12 22:17:50,"서울특별시 강남구 가로수길 16, 지하1층 (신사동)"
general_restaurants,일반음식점,서울 강남구,3220000-101-2022-00075,밸런스포케,기타,2022-01-24,2026-09-11,폐업,2026-09-12 22:17:50,"서울특별시 강남구 강남대로94길 75, 지상1층 103,104호 (역삼동)"
general_restaurants,일반음식점,서울 강남구,3220000-101-2022-00020,강남수산,일식,2022-01-10,,영업/정상,2026-09-30 22:17:51,"서울특별시 강남구 강남대로84길 15, 지하1층 130호 (역삼동)"
general_restaurants,일반음식점,서울 강남구,3220000-101-2022-00013,짱떡볶이,한식,2022-01-04,,영업/정상,2026-08-27 22:17:50,"서울특별시 강남구 봉은사로 174, 역삼 노블루체(언주역) 지상1층 103호 (역삼동)"
general_restaurants,일반음식점,서울 강남구,3220000-101-2021-01368,돼지게티 강남점,한식,2021-11-16,,영업/정상,2026-09-19 22:17:50,"서울특별시 강남구 언주로85길 32, 역삼역센트럴푸르지오 지하1층 B119호중 CA30-2호 (역삼동)"
general_restaurants,일반음식점,서울 강남구,3220000-101-2021-01257,동굴,정종/대포집/소주방,2021-10-19,2026-09-30,폐업,2026-10-01 22:17:51,"서울특별시 강남구 압구정로50길 25, 지상1층 (신사동)"
general_restaurants,일반음식점,서울 강남구,3220000-101-2021-01121,미스핏(misfit),기타,2021-09-14,,영업/정상,2026-08-29 22:17:51,"서울특별시 강남구 선릉로155길 15, 지하1층 (신사동)"
general_restaurants,일반음식점,서울 강남구,3220000-101-2021-01082,인미소 압구정 본점,경양식,2021-09-03,2026-10-02,폐업,2026-10-03 22:17:50,"서울특별시 강남구 선릉로157길 23-4, 지상1층 (신사동)"
general_restaurants,일반음식점,서울 강남구,3220000-101-2021-01033,에이치마켓(HMARKET),기타,2021-08-25,2026-10-08,폐업,2026-10-09 22:17:51,"서울특별시 강남구 선릉로 739, 지하1,지상1층 (논현동)"
general_restaurants,일반음식점,서울 강남구,3220000-101-2021-00965,을지다락 신사가로수길,경양식,2021-08-06,2026-09-21,폐업,2026-09-22 22:17:51,"서울특별시 강남구 압구정로10길 29, 신성빌딩 지상2층 (신사동)"
general_restaurants,일반음식점,서울 강남구,3220000-101-2021-00958,응큼떡볶이 본점,분식,2021-08-03,,영업/정상,2026-08-27 22:17:50,"서울특별시 강남구 봉은사로 174, 역삼 노블루체(언주역) 지상1층 103호 (역삼동)"
general_restaurants,일반음식점,서울 강남구,3220000-101-2021-00881,세바(Sevva),경양식,2021-07-14,,영업/정상,2026-09-29 22:17:51,"서울특별시 강남구 선릉로146길 27, 지상 2층 (청담동)"
general_restaurants,일반음식점,서울 강남구,3220000-101-2021-00843,빌라드블랑커피,경양식,2021-07-06,2026-09-11,폐업,2026-09-12 22:17:50,"서울특별시 강남구 논현로149길 8, 지상1층 (논현동)"
general_restaurants,일반음식점,서울 강남구,3220000-101-2021-00550,숙성회장,중국식,2021-05-12,2026-10-01,폐업,2026-10-02 22:17:51,"서울특별시 강남구 삼성로85길 32, 동보빌딩 지상2층 (대치동)"
general_restaurants,일반음식점,서울 강남구,3220000-101-2021-00288,제레미도산,기타,2021-03-16,2026-09-08,폐업,2026-09-09 22:17:50,"서울특별시 강남구 언주로148길 14, 청호불교문화원 라동 지상1층 105호 (논현동)"
general_restaurants,일반음식점,서울 강남구,3220000-101-2021-00262,토마토 보드카페,한식,2021-03-11,,영업/정상,2026-09-02 22:17:50,"서울특별시 강남구 테헤란로43길 10, 지하1층 (역삼동)"
general_restaurants,일반음식점,서울 강남구,3220000-101-2021-00245,논현야곱 강남직영점,한식,2021-03-08,,영업/정상,2026-09-09 22:17:50,"서울특별시 강남구 언주로 615, 논현 아이파크 103동 지하1층 B110호 (논현동)"
general_restaurants,일반음식점,서울 강남구,3220000-101-2021-00209,요리 다이닝(Yori dining),분식,2021-03-02,2026-09-28,폐업,2026-09-29 22:17:51,"서울특별시 강남구 논현로149길 35, 지상3층 301-B호 (논현동)"
general_restaurants,일반음식점,서울 강남구,3220000-101-2021-00197,뒤끝,한식,2021-02-25,,영업/정상,2026-08-28 22:17:51,"서울특별시 강남구 테헤란로104길 8, 지상1층 (대치동)"
general_restaurants,일반음식점,서울 강남구,3220000-101-2021-00132,오사카카레콘유,경양식,2021-02-05,2026-09-15,폐업,2026-09-16 22:17:51,"서울특별시 강남구 강남대로160길 49, 1층 (신사동)"
general_restaurants,일반음식점,서울 강남구,3220000-101-2021-00103,달리아다이닝,기타,2021-02-01,2026-08-25,폐업,2026-08-26 22:17:50,"서울특별시 강남구 도산대로45길 14, 1,2층 (신사동)"
general_restaurants,일반음식점,서울 강남구,3220000-101-2021-00095,맛돈축산,한식,2021-01-29,,영업/정상,2026-10-08 22:17:52,"서울특별시 강남구 역삼로 164, 라비빌딩 지상1층 (역삼동)"
general_restaurants,일반음식점,서울 강남구,3220000-101-2021-01576,한옥면,기타,2021-01-25,2026-09-09,폐업,2026-09-10 22:17:51,"서울특별시 강남구 언주로113길 14, 논현동 빌딩 지상1층 5호 (논현동)"
general_restaurants,일반음식점,서울 강남구,3220000-101-2021-00047,큐릉,기타,2021-01-15,2026-10-02,폐업,2026-10-08 22:17:52,"서울특별시 강남구 테헤란로57길 21, 1층 (역삼동)"
general_restaurants,일반음식점,서울 강남구,3220000-101-2020-01479,제국한우짝갈비,한식,2020-12-11,2026-09-28,폐업,2026-09-29 22:17:51,"서울특별시 강남구 언주로148길 14, 청호불교문화원 나동 201호 (논현동)"
general_restaurants,일반음식점,서울 강남구,3220000-101-2020-01321,소풍가는날,분식,2020-11-06,2026-09-23,폐업,2026-09-24 22:17:50,"서울특별시 강남구 도곡로 401, 롯데백화점 지하1층 (대치동)"
general_restaurants,일반음식점,서울 강남구,3220000-101-2020-01116,까사김밥,분식,2020-09-25,2026-08-31,폐업,2026-09-01 22:17:50,"서울특별시 강남구 압구정로29길 68, 주구센타2호 지상1층 102호 (압구정동, 현대아파트)"
general_restaurants,일반음식점,서울 강남구,3220000-101-2020-00953,(주)커피빈코리아 역삼동태광타워점,기타,2020-08-21,2026-10-08,폐업,2026-10-09 22:17:51,"서울특별시 강남구 테헤란로34길 6, 태광타워 1층 101호 (역삼동)"
general_restaurants,일반음식점,서울 강남구,3220000-101-2020-00924,비금도 본가 청담점,한식,2020-08-14,,영업/정상,2026-09-30 22:17:51,"서울특별시 강남구 압구정로79길 15, 1층 (청담동)"
general_restaurants,일반음식점,서울 강남구,3220000-101-2020-00823,숨후카바 신사점,한식,2020-07-28,,영업/정상,2026-09-29 22:17:51,"서울특별시 강남구 도산대로1길 26-3, 지하1층 (신사동)"
general_restaurants,일반음식점,서울 강남구,3220000-101-2020-00695,찌마기,한식,2020-06-25,2026-09-04,폐업,2026-09-05 22:17:51,"서울특별시 강남구 강남대로156길 28, 1층 (신사동)"
general_restaurants,일반음식점,서울 강남구,3220000-101-2020-00664,난리브루쓰,한식,2020-06-19,,영업/정상,2026-09-11 22:17:50,"서울특별시 강남구 압구정로46길 5-6, 압구정로데오스타 지상1층 102호 (신사동)"
general_restaurants,일반음식점,서울 강남구,3220000-101-2020-00528,논현왕양꼬치,식육(숯불구이),2020-05-22,,영업/정상,2026-09-18 22:17:51,"서울특별시 강남구 강남대로122길 15, 상당빌딩 지상1층 102호 (논현동)"
general_restaurants,일반음식점,서울 강남구,3220000-101-2020-00499,배다른 오리,한식,2020-05-14,,영업/정상,2026-09-22 22:17:51,"서울특별시 강남구 테헤란로13길 22, 지상1층 (역삼동)"
general_restaurants,일반음식점,서울 강남구,3220000-101-2020-00334,김명자굴국밥삼성점,한식,2020-04-02,,영업/정상,2026-09-18 22:17:51,"서울특별시 강남구 삼성로96길 9, 대린빌딩 지하1층 (삼성동)"
general_restaurants,일반음식점,서울 강남구,3220000-101-2020-00319,프로티너(PROTEINER) 압구정역점,한식,2020-03-30,,영업/정상,2026-09-24 22:17:50,"서울특별시 강남구 압구정로28길 49, 유림아트홀 지상1층 109호,110호 (신사동)"
general_restaurants,일반음식점,서울 강남구,3220000-101-2020-00209,일공 삼,기타,2020-03-04,2026-09-21,폐업,2026-09-22 22:17:51,"서울특별시 강남구 논현로155길 9, 지상1층 103호 (신사동)"
general_restaurants,일반음식점,서울 강남구,3220000-101-2020-00158,진푸드,한식,2020-02-17,2026-09-02,폐업,2026-09-03 22:17:51,"서울특별시 강남구 언주로 408, 역삼자이 지하1층 B18호 (역삼동)"
general_restaurants,일반음식점,서울 강남구,3220000-101-2020-00085,뉴욕,한식,2020-01-28,2026-10-02,폐업,2026-10-08 22:17:52,"서울특별시 강남구 도산대로 406, 청담퍼스트타워 지하1층 B102호 (청담동)"
general_restaurants,일반음식점,서울 강남구,3220000-101-2020-00060,대원정,한식,2020-01-17,,영업/정상,2026-09-11 22:17:50,"서울특별시 강남구 테헤란로77길 17, 승광빌딩 1층 2호 (삼성동)"
general_restaurants,일반음식점,서울 강남구,3220000-101-2020-00037,해소담,분식,2020-01-13,2026-09-07,폐업,2026-09-08 22:17:51,"서울특별시 강남구 테헤란로 129, 지하2층 2호 (역삼동)"
general_restaurants,일반음식점,서울 강남구,3220000-101-2019-01419,남도밥상이어요,한식,2019-12-18,,영업/정상,2026-09-02 22:17:50,"서울특별시 강남구 영동대로114길 9, 지상1층 (삼성동)"
general_restaurants,일반음식점,서울 강남구,3220000-101-2019-01384,라화쿵부 삼성아이파크점,중국식,2019-12-12,2026-09-29,폐업,2026-09-30 22:17:51,"서울특별시 강남구 영동대로85길 20, 지하1층 B106-2호 (대치동)"
general_restaurants,일반음식점,서울 강남구,3220000-101-2019-01355,어영차 풍천민물장어,한식,2019-12-06,2026-09-11,폐업,2026-09-12 22:17:50,"서울특별시 강남구 압구정로28길 40, 신사동 더원 빌딩 지상2층 (신사동)"
general_restaurants,일반음식점,서울 강남구,3220000-101-2019-01226,혼술대왕(강남점),한식,2019-11-04,2026-09-10,폐업,2026-09-11 22:17:50,"서울특별시 강남구 봉은사로33길 34, 지하1층 7호 (논현동)"
general_restaurants,일반음식점,서울 강남구,3220000-101-2019-01095,리윤 스시 스미레,일식,2019-10-04,2026-09-10,폐업,2026-09-11 22:17:50,"서울특별시 강남구 도산대로55길 18, 지상4층 (청담동)"
general_restaurants,일반음식점,서울 강남구,3220000-101-2019-01075,마니달오 양재점,기타,2019-09-27,,영업/정상,2026-10-08 22:17:52,"서울특별시 강남구 남부순환로351길 27, 1층 (도곡동)"
general_restaurants,일반음식점,서울 강남구,3220000-101-2019-01022,88철판 강남점,한식,2019-09-18,2026-10-02,폐업,2026-10-03 22:17:50,"서울특별시 강남구 도곡로 401, 롯데백화점 지하1층 (대치동)"
general_restaurants,일반음식점,서울 강남구,3220000-101-2019-00952,빌라 드 스파이시,분식,2019-08-29,,영업/정상,2026-10-03 22:17:50,"서울특별시 강남구 도곡로 401, 롯데백화점 지하1층 (대치동)"
general_restaurants,일반음식점,서울 강남구,3220000-101-2019-00865,논현우미각,한식,2019-08-05,,영업/정상,2026-10-02 22:17:51,"서울특별시 강남구 언주로141길 6, 백향빌딩 지상1층 (논현동)"
general_restaurants,일반음식점,서울 강남구,3220000-101-2019-00826,음식제작소 AMW,분식,2019-07-24,2026-10-02,폐업,2026-10-08 22:17:52,"서울특별시 강남구 봉은사로33길 34, 지하1층 6호 (논현동)"
general_restaurants,일반음식점,서울 강남구,3220000-101-2019-00785,쭈블링쭈꾸미볶음,한식,2019-07-15,2026-10-02,폐업,2026-10-08 22:17:52,"서울특별시 강남구 봉은사로33길 34, 지하1층 5호 (논현동)"
general_restaurants,일반음식점,서울 강남구,3220000-101-2019-00763,한사바리 해장국,한식,2019-07-09,2026-10-02,폐업,2026-10-08 22:17:52,"서울특별시 강남구 봉은사로33길 34, 지하1층 4호 (논현동)"
general_restaurants,일반음식점,서울 강남구,3220000-101-2019-00548,해남식당,한식,2019-05-24,2026-10-02,폐업,2026-10-03 22:17:50,"서울특별시 강남구 학동로101길 26, 청담 삼익상가 지하1층 4호 (청담동)"
general_restaurants,일반음식점,서울 강남구,3220000-101-2019-01482,참치한마리 역삼점,일식,2019-04-30,2026-08-28,폐업,2026-08-29 22:17:51,"서울특별시 강남구 테헤란로37길 22, 2층 (역삼동)"
general_restaurants,일반음식점,서울 강남구,3220000-101-2019-00369,별별식당,"외국음식전문점(인도,태국등)",2019-04-15,2026-09-03,폐업,2026-09-04 22:17:51,"서울특별시 강남구 봉은사로4길 17, 지하1층 (역삼동)"
general_restaurants,일반음식점,서울 강남구,3220000-101-2019-01467,아토앤조이 카페,기타,2019-04-09,,영업/정상,2026-09-03 22:17:50,"서울특별시 강남구 도산대로25길 19, 지상1층 (신사동)"
general_restaurants,일반음식점,서울 강남구,3220000-101-2019-00343,빌라레코드,기타,2019-04-08,2026-09-21,폐업,2026-09-22 22:17:51,"서울특별시 강남구 도산대로15길 18, 지하 2층 (신사동)"
general_restaurants,일반음식점,서울 강남구,3220000-101-2019-00308,스시츠카무,일식,2019-03-29,,영업/정상,2026-09-17 22:17:50,"서울특별시 강남구 도곡로 401, 롯데백화점 지하1층 (대치동)"
general_restaurants,일반음식점,서울 강남구,3220000-101-2019-00130,커피효과,기타,2019-02-18,2026-09-29,폐업,2026-09-30 22:17:51,"서울특별시 강남구 역삼로20길 12, 성우빌딩 지상1층 (역삼동)"
general_restaurants,일반음식점,서울 강남구,3220000-101-2018-01193,닭곰탱이 양재,한식,2018-12-11,2026-09-18,폐업,2026-09-19 22:17:50,"서울특별시 강남구 강남대로 250, 심현빌딩 지상1층 (도곡동)"
general_restaurants,일반음식점,서울 강남구,3220000-101-2018-01123,더블유더블유선릉삼호점,경양식,2018-11-22,2026-09-01,폐업,2026-09-02 22:17:50,"서울특별시 강남구 테헤란로 302, 위워크타워 지상21층 (역삼동)"
general_restaurants,일반음식점,서울 강남구,3220000-101-2018-01122,더블유더블유선릉이호점,경양식,2018-11-22,2026-09-01,폐업,2026-09-02 22:17:50,"서울특별시 강남구 테헤란로 302, 위워크타워 지상15층 (역삼동)"
general_restaurants,일반음식점,서울 강남구,3220000-101-2018-00966,무니,일식,2018-10-22,,영업/정상,2026-08-28 22:17:51,"서울특별시 강남구 도산대로70길 26, 청담 피에트라 지하2층 (청담동)"
general_restaurants,일반음식점,서울 강남구,3220000-101-2018-00954,파스토보이 역삼점,경양식,2018-10-16,2026-09-30,폐업,2026-10-01 22:17:51,"서울특별시 강남구 언주로85길 32, 역삼역센트럴푸르지오 지하1층 B103a호 CA06호 (역삼동)"
general_restaurants,일반음식점,서울 강남구,3220000-101-2018-00945,레드 시네마,기타,2018-10-11,2026-09-17,폐업,2026-09-18 22:17:51,"서울특별시 강남구 선릉로162길 16, 지하1층 (청담동)"
general_restaurants,일반음식점,서울 강남구,3220000-101-2018-00891,안스푸드,호프/통닭,2018-10-01,,영업/정상,2026-09-05 22:17:51,"서울특별시 강남구 삼성로 38, 개포빌딩 1층 115호 (개포동)"
general_restaurants,일반음식점,서울 강남구,3220000-101-2018-00850,맨하탄,정종/대포집/소주방,2018-09-11,2026-10-01,폐업,2026-10-02 22:17:51,"서울특별시 강남구 테헤란로19길 13, 지하1층 (역삼동)"
general_restaurants,일반음식점,서울 강남구,3220000-101-2018-00723,코이에(KOIE),일식,2018-07-31,2026-09-15,폐업,2026-09-16 22:17:51,"서울특별시 강남구 논현로153길 43, 지하1층 (신사동)"
general_restaurants,일반음식점,서울 강남구,3220000-101-2018-00372,오타이 후쿠 현대백화점 무역센터점,경양식,2018-04-30,,영업/정상,2026-09-01 22:17:50,"서울특별시 강남구 테헤란로 517, 현대백화점 10층 (삼성동)"
general_restaurants,일반음식점,서울 강남구,3220000-101-2018-00187,벨루가,기타,2018-03-20,2026-09-28,폐업,2026-09-29 22:17:51,"서울특별시 강남구 테헤란로 201, 아주빌딩 지상2층 (역삼동)"
general_restaurants,일반음식점,서울 강남구,3220000-101-2018-00179,마모토 신사점,한식,2018-03-15,,영업/정상,2026-10-07 22:17:51,"서울특별시 강남구 강남대로156길 8, 지상2층 (신사동)"
general_restaurants,일반음식점,서울 강남구,3220000-101-2018-00134,우지커피 포스코사거리점,기타,2018-03-02,,영업/정상,2026-10-07 22:17:51,"서울특별시 강남구 테헤란로84길 12, 마루빌딩 1층 101호 (대치동)"
general_restaurants,일반음식점,서울 강남구,3220000-101-2017-01128,석쇠집,한식,2017-11-21,,영업/정상,2026-09-03 22:17:50,"서울특별시 강남구 학동로4길 49, 지상1층 (논현동)"
general_restaurants,일반음식점,서울 강남구,3220000-101-2017-01120,이자카야 겸,정종/대포집/소주방,2017-11-16,2026-09-30,폐업,2026-10-01 22:17:51,"서울특별시 강남구 도곡로 209, 1층 (역삼동)"
general_restaurants,일반음식점,서울 강남구,3220000-101-2017-00922,네모집,한식,2017-09-21,2026-08-26,폐업,2026-08-27 22:17:50,"서울특별시 강남구 선릉로148길 28, 1층 (청담동)"
general_restaurants,일반음식점,서울 강남구,3220000-101-2017-00921,네모집,한식,2017-09-21,2026-08-26,폐업,2026-08-27 22:17:50,"서울특별시 강남구 선릉로148길 28, 지하1층 (청담동)"
general_restaurants,일반음식점,서울 강남구,3220000-101-2017-00690,강남세브란스 병원 푸드코트점,기타,2017-07-17,,영업/정상,2026-09-04 22:17:51,"서울특별시 강남구 언주로 211, 지하1층 (도곡동, 강남세브란스병원)"
general_restaurants,일반음식점,서울 강남구,3220000-101-2017-01273,칠성출장뷔페,출장조리,2017-05-11,2026-09-10,폐업,2026-09-11 22:17:50,"서울특별시 강남구 강남대로94길 10, 지상3층 (역삼동)"
general_restaurants,일반음식점,서울 강남구,3220000-101-2017-00403,순정갈비 강남구청점,한식,2017-04-28,,영업/정상,2026-08-29 22:17:51,"서울특별시 강남구 선릉로131길 22, 지상1층 (논현동)"
general_restaurants,일반음식점,서울 강남구,3220000-101-2017-00326,쌀똑핫도그 논현점,한식,2017-04-11,2026-09-17,폐업,2026-09-18 22:17:51,"서울특별시 강남구 강남대로124길 68, 1층 101호 (논현동)"
general_restaurants,일반음식점,서울 강남구,3220000-101-2017-00124,장미술상,한식,2017-02-14,2026-08-28,폐업,2026-08-29 22:17:51,"서울특별시 강남구 학동로2길 34, 2층 (논현동)"
general_restaurants,일반음식점,서울 강남구,3220000-101-2017-00015,수라,기타,2017-01-06,2026-10-02,폐업,2026-10-08 22:17:51,"서울특별시 강남구 테헤란로37길 25, 지하1층 B101호 (역삼동)"
general_restaurants,일반음식점,서울 강남구,3220000-101-2016-01044,삼육가 삼성점,한식,2016-11-30,2026-10-08,폐업,2026-10-09 22:17:51,"서울특별시 강남구 테헤란로81길 38, 1층 (삼성동)"
general_restaurants,일반음식점,서울 강남구,3220000-101-2016-01005,애일리하우스,한식,2016-11-21,,영업/정상,2026-09-09 22:17:50,"서울특별시 강남구 압구정로11길 37-53, 지하1,지상1,2층 (압구정동, 용성2호)"
general_restaurants,일반음식점,서울 강남구,3220000-101-2016-00967,압구정수제도시락 샐러드&샌드위치,기타,2016-11-11,,영업/정상,2026-10-09 22:17:51,"서울특별시 강남구 논현로114길 18, 지상1층 (논현동)"
general_restaurants,일반음식점,서울 강남구,3220000-101-2016-00844,달구막창 강남본점,기타,2016-10-04,,영업/정상,2026-09-15 22:17:50,"서울특별시 강남구 강남대로96길 12, B동 1층 (역삼동)"
general_restaurants,일반음식점,서울 강남구,3220000-101-2016-00827,케이제이(KJ),기타,2016-09-29,,영업/정상,2026-10-01 22:17:51,"서울특별시 강남구 논현로67길 11, 1층 (역삼동)"
general_restaurants,일반음식점,서울 강남구,3220000-101-2016-00810,1984카레와,한식,2016-09-27,,영업/정상,2026-09-23 22:17:51,"서울특별시 강남구 테헤란로33길 23, 2층 (역삼동)"
general_restaurants,일반음식점,서울 강남구,3220000-101-2016-00795,큰입아구찜,한식,2016-09-22,2026-09-18,폐업,2026-09-19 22:17:50,"서울특별시 강남구 테헤란로57길 17, 지상2층 (역삼동)"
general_restaurants,일반음식점,서울 강남구,3220000-101-2016-00773,스시 키,일식,2016-09-12,,영업/정상,2026-09-05 22:17:51,"서울특별시 강남구 선릉로107길 5, 코덕빌딩 1층 (역삼동)"
general_restaurants,일반음식점,서울 강남구,3220000-101-2016-00468,(주)보바베어,한식,2016-06-07,2026-09-16,폐업,2026-09-17 22:17:50,"서울특별시 강남구 도산대로17길 10, 3층 (신사동)"
general_restaurants,일반음식점,서울 강남구,3220000-101-2016-00374,커피 밀(Coffee Mill),기타,2016-05-11,2026-09-30,폐업,2026-10-01 22:17:51,"서울특별시 강남구 선릉로64길 11-10, 지하1층, 지상1층 (대치동)"
general_restaurants,일반음식점,서울 강남구,3220000-101-2016-00279,칼리아(CALLIA),기타,2016-04-14,2026-09-03,폐업,2026-09-04 22:17:50,"서울특별시 강남구 논현로155길 10, 1층 (신사동)"
general_restaurants,일반음식점,서울 강남구,3220000-101-2016-00217,후쿠오카함바그 롯데백화점 강남점,한식,2016-03-28,2026-09-15,폐업,2026-09-16 22:17:51,"서울특별시 강남구 도곡로 401, 지하1층 (대치동, 롯데백화점)"
general_restaurants,일반음식점,서울 강남구,3220000-101-2015-01090,카페 크리에이티브,기타,2015-11-30,,영업/정상,2026-09-29 22:17:51,"서울특별시 강남구 남부순환로 2615, 104호 (도곡동, 극동스타클래스)"
general_restaurants,일반음식점,서울 강남구,3220000-101-2015-00994,역삼쭈꾸미대장,한식,2015-10-29,,영업/정상,2026-10-08 22:17:51,"서울특별시 강남구 언주로85길 14, 지상1층 102호 (역삼동, 엠코스퀘어720)"
general_restaurants,일반음식점,서울 강남구,3220000-101-2015-00847,광장포차818,기타,2015-09-22,2026-09-04,폐업,2026-09-05 22:17:51,"서울특별시 강남구 강남대로94길 15, 지상2층 (역삼동)"
general_restaurants,일반음식점,서울 강남구,3220000-101-2015-00761,전주비빔밥,한식,2015-08-31,2026-09-04,폐업,2026-09-05 22:17:51,"서울특별시 강남구 선릉로107길 5, 지상1층 (역삼동, 코덕빌딩)"
general_restaurants,일반음식점,서울 강남구,3220000-101-2015-00592,남해안집 삼성점,한식,2015-07-09,2026-09-29,폐업,2026-09-30 22:17:51,"서울특별시 강남구 테헤란로83길 14, 지상1층 105호 (삼성동, 두산위브센티움)"
general_restaurants,일반음식점,서울 강남구,3220000-101-2015-00536,신디스 하우스(Cindys house),기타,2015-06-24,2026-10-02,폐업,2026-10-08 22:17:51,"서울특별시 강남구 도산대로49길 11, 4층 (신사동)"
general_restaurants,일반음식점,서울 강남구,3220000-101-2015-00523,돈화로 대치직영점,기타,2015-06-19,,영업/정상,2026-10-07 22:17:51,"서울특별시 강남구 역삼로 420, 1층 9호 (대치동)"
general_restaurants,일반음식점,서울 강남구,3220000-101-2015-00515,윤복횟집,한식,2015-06-18,,영업/정상,2026-09-01 22:17:50,"서울특별시 강남구 언주로85길 23-6, 지상1층 (역삼동)"
general_restaurants,일반음식점,서울 강남구,3220000-101-2015-00300,판타스틱 라운지,까페,2015-04-10,,영업/정상,2026-09-10 22:17:51,"서울특별시 강남구 학동로30길 43, 지상1층 (논현동, 진도빌딩)"
general_restaurants,일반음식점,서울 강남구,3220000-101-2014-01148,르사이공 코엑스몰점,중국식,2014-11-28,2026-09-22,폐업,2026-09-23 22:17:51,"서울특별시 강남구 영동대로 513, 지하1층 H104호 (삼성동, 코엑스기존컨벤션센터)"
general_restaurants,일반음식점,서울 강남구,3220000-101-2014-01018,불닭발동대문엽기떡볶이 개포동역점,분식,2014-11-06,,영업/정상,2026-09-12 22:17:50,"서울특별시 강남구 개포로82길 13-9, 세종빌딩 103호,104호,105호,106호 (개포동)"
general_restaurants,일반음식점,서울 강남구,3220000-101-2014-00662,멜로디,한식,2014-08-01,,영업/정상,2026-09-10 22:17:51,"서울특별시 강남구 선릉로 651, 지하1층 (논현동)"
general_restaurants,일반음식점,서울 강남구,3220000-101-2014-00532,호앙비엣 신사점,경양식,2014-06-17,,영업/정상,2026-10-01 22:17:51,"서울특별시 강남구 강남대로158길 21, 지상1층 101호 (신사동, 홍인빌딩)"
general_restaurants,일반음식점,서울 강남구,3220000-101-2014-00495,카페 하파라이,까페,2014-06-05,2026-09-30,폐업,2026-10-01 22:17:51,"서울특별시 강남구 선릉로76길 40, 1층 2호 (대치동, 신호빌딩)"
general_restaurants,일반음식점,서울 강남구,3220000-101-2014-00268,장인닭갈비 선릉점,호프/통닭,2014-04-01,,영업/정상,2026-09-01 22:17:50,"서울특별시 강남구 테헤란로70길 16, 지상1층 B1호 (대치동, 동산빌딩)"
general_restaurants,일반음식점,서울 강남구,3220000-101-2014-00262,화랑,호프/통닭,2014-04-01,,영업/정상,2026-09-03 22:17:50,"서울특별시 강남구 선릉로86길 28, 지하1층 (대치동)"
general_restaurants,일반음식점,서울 강남구,3220000-101-2013-01074,(주)아비스트 라운지,경양식,2013-12-30,2026-10-02,폐업,2026-10-03 22:17:50,"서울특별시 강남구 도산대로 306, 지상9층 (논현동)"
general_restaurants,일반음식점,서울 강남구,3220000-101-2013-00980,천비인,한식,2013-11-26,2026-10-07,폐업,2026-10-08 22:17:51,"서울특별시 강남구 압구정로2길 46, 지상1층 44,N16호 (신사동, ---------)"
general_restaurants,일반음식점,서울 강남구,3220000-101-2013-00933,노쉡참치 스시,중국식,2013-11-15,2026-09-18,폐업,2026-09-19 22:17:50,"서울특별시 강남구 봉은사로4길 37, 지하1층 (역삼동)"
general_restaurants,일반음식점,서울 강남구,3220000-101-2013-00787,왕재,중국식,2013-10-02,,영업/정상,2026-09-23 22:17:51,"서울특별시 강남구 영동대로57길 28, 지하1층 (대치동, 현대아파트 제상가동)"
general_restaurants,일반음식점,서울 강남구,3220000-101-2013-01090,대경식(압구정점),경양식,2013-08-16,2026-09-28,폐업,2026-09-29 22:17:51,"서울특별시 강남구 압구정로 162, 베네하임시티 1층 109호 (신사동)"
general_restaurants,일반음식점,서울 강남구,3220000-101-2013-00599,런던베이글뮤지엄 도산점(LONDON BAGEL MUSEUM),경양식,2013-07-23,,영업/정상,2026-09-22 22:17:51,"서울특별시 강남구 언주로168길 33, 지상1층.지상2층 (신사동)"
general_restaurants,일반음식점,서울 강남구,3220000-101-2013-00563,카페포엠,패스트푸드,2013-07-12,,영업/정상,2026-09-17 22:17:50,"서울특별시 강남구 압구정로4길 13-13, 지상1층 (신사동)"
general_restaurants,일반음식점,서울 강남구,3220000-101-2013-01091,다와푸드,분식,2013-05-13,2026-09-08,폐업,2026-09-09 22:17:50,"서울특별시 강남구 언주로 408, 역삼자이 상가동 지하1층 B03호 (역삼동)"
general_restaurants,일반음식점,서울 강남구,3220000-101-2013-00133,송송 카츠,한식,2013-03-04,,영업/정상,2026-10-01 22:17:51,"서울특별시 강남구 언주로30길 13, 지하 1층 제002-1호 (도곡동, 대림아크로빌, 대림아크로텔)"
general_restaurants,일반음식점,서울 강남구,3220000-101-2012-00881,태양곱창 신논현점,한식,2012-10-26,,영업/정상,2026-09-23 22:17:51,"서울특별시 강남구 강남대로122길 16, 지상1층 (논현동)"
general_restaurants,일반음식점,서울 강남구,3220000-101-2012-00627,제이 플러스유,경양식,2012-08-07,2026-09-14,폐업,2026-09-15 22:17:50,"서울특별시 강남구 도산대로45길 11, 지하1층 (신사동, 주명빌딩)"
general_restaurants,일반음식점,서울 강남구,3220000-101-2012-00565,각시보쌈&백암순대국,한식,2012-07-12,,영업/정상,2026-09-30 22:17:51,"서울특별시 강남구 강남대로122길 16, 지상1층 (논현동)"
general_restaurants,일반음식점,서울 강남구,3220000-101-2012-00249,엄마백반,한식,2012-04-09,,영업/정상,2026-09-30 22:17:51,"서울특별시 강남구 논현로123길 37, 지상1층 (논현동)"
general_restaurants,일반음식점,서울 강남구,3220000-101-2012-00220,피쉬앤피쉬,경양식,2012-03-27,,영업/정상,2026-10-09 22:17:51,"서울특별시 강남구 도산대로100길 12, 우리빌딩 지상1층 103호 (청담동)"
general_restaurants,일반음식점,서울 강남구,3220000-101-2012-00215,"굽네치킨 일원1,2동점",기타,2012-03-23,,영업/정상,2026-10-08 22:17:51,"서울특별시 강남구 일원로9길 63, 지상1층 (일원동)"
general_restaurants,일반음식점,서울 강남구,3220000-101-2012-00029,다왕래 장어구이(논현점),한식,2012-01-17,2026-09-22,폐업,2026-09-23 22:17:51,"서울특별시 강남구 선릉로129길 21, 지상1층 (논현동)"
general_restaurants,일반음식점,서울 강남구,3220000-101-2011-00808,문어다,기타,2011-09-20,2026-09-10,폐업,2026-09-11 22:17:50,"서울특별시 강남구 개포로22길 17, 102호 (개포동)"
general_restaurants,일반음식점,서울 강남구,3220000-101-2011-00715,연막창 양재역점,일식,2011-08-19,,영업/정상,2026-09-15 22:17:50,"서울특별시 강남구 남부순환로 2615 (도곡동,극동스타클래스 111호)"
general_restaurants,일반음식점,서울 강남구,3220000-101-2011-00483,멘야산다이메논현,분식,2011-06-13,2026-10-06,폐업,2026-10-07 22:17:51,"서울특별시 강남구 강남대로114길 23, 101호 (논현동)"
general_restaurants,일반음식점,서울 강남구,3220000-101-2011-00356,우림황소양곱창,한식,2011-05-04,2026-09-04,폐업,2026-09-05 22:17:51,"서울특별시 강남구 강남대로156길 28, 지하1층 (신사동)"
general_restaurants,일반음식점,서울 강남구,3220000-101-2011-00081,맥스,분식,2011-02-11,,영업/정상,2026-09-10 22:17:51,"서울특별시 강남구 언주로113길 15 (논현동,지하1층)"
general_restaurants,일반음식점,서울 강남구,3220000-101-2010-00706,개나리,일식,2010-08-10,2026-09-17,폐업,2026-09-18 22:17:51,"서울특별시 강남구 논현로157길 15 (신사동,지상1층)"
general_restaurants,일반음식점,서울 강남구,3220000-101-2010-00695,(주)러빙헛,경양식,2010-08-03,2026-10-08,폐업,2026-10-09 22:17:51,"서울특별시 강남구 개포로22길 35 (개포동,지상1층)"
general_restaurants,일반음식점,서울 강남구,3220000-101-2010-00600,신선양곱창,통닭(치킨),2010-07-08,2026-08-31,폐업,2026-09-01 22:17:50,"서울특별시 강남구 언주로150길 43, 지상1층 (논현동)"
general_restaurants,일반음식점,서울 강남구,3220000-101-2010-00392,동원참치 역삼점,일식,2010-05-13,2026-09-17,폐업,2026-09-18 22:17:51,"서울특별시 강남구 봉은사로30길 54 (역삼동,지상1층)"
general_restaurants,일반음식점,서울 강남구,3220000-101-2010-00358,종로 닭한마리,한식,2010-05-04,2026-10-02,폐업,2026-10-08 22:17:51,"서울특별시 강남구 언주로129길 20 (논현동,지상1층 101호)"
general_restaurants,일반음식점,서울 강남구,3220000-101-2010-00069,긴노사라,일식,2010-02-02,,영업/정상,2026-09-15 22:17:50,"서울특별시 강남구 선릉로16길 4-10 (개포동,옥천빌딩102호)"
general_restaurants,일반음식점,서울 강남구,3220000-101-2010-00067,청실식당,한식,2010-02-02,,영업/정상,2026-09-24 22:17:50,"서울특별시 강남구 남부순환로 2917, 청실종합상가 지하 1층 37호 (대치동)"
general_restaurants,일반음식점,서울 강남구,3220000-101-2009-01115,포타토 선릉직영점,한식,2009-11-27,,영업/정상,2026-09-16 22:17:51,"서울특별시 강남구 언주로98길 19 (역삼동,지상1층)"
general_restaurants,일반음식점,서울 강남구,3220000-101-2009-00632,맛바라기,한식,2009-07-27,2026-09-23,폐업,2026-09-24 22:17:50,"서울특별시 강남구 테헤란로 504 (대치동,지하1층)"
general_restaurants,일반음식점,서울 강남구,3220000-101-2009-00450,논두렁오리주물럭 선릉직영점,중국식,2009-06-04,,영업/정상,2026-09-02 22:17:50,"서울특별시 강남구 삼성로81길 44 (대치동,지상1층)"
general_restaurants,일반음식점,서울 강남구,3220000-101-2009-00415,멕시칸,한식,2009-05-26,2026-09-07,폐업,2026-09-08 22:17:51,"서울특별시 강남구 삼성로 347 (대치동,지상1층)"
general_restaurants,일반음식점,서울 강남구,3220000-101-2009-00342,진담식당 선릉역점,한식,2009-05-07,,영업/정상,2026-10-01 22:17:51,"서울특별시 강남구 선릉로76길 22 (대치동,우리빌딩 지상1층)"
general_restaurants,일반음식점,서울 강남구,3220000-101-2009-00127,마이쏭,경양식,2009-02-26,2026-09-03,폐업,2026-09-04 22:17:50,"서울특별시 강남구 도산대로45길 16-4 (신사동,지상1층)"
general_restaurants,일반음식점,서울 강남구,3220000-101-2009-00020,아임샤인,분식,2009-01-13,2026-10-07,폐업,2026-10-08 22:17:51,"서울특별시 강남구 논현로12길 5 (개포동,지상1층)"
general_restaurants,일반음식점,서울 강남구,3220000-101-2008-00982,카페 헤이즈(CH),경양식,2008-12-23,2026-09-03,폐업,2026-09-04 22:17:50,"서울특별시 강남구 논현로119길 13 (논현동,1층)"
general_restaurants,일반음식점,서울 강남구,3220000-101-2007-01084,여지,경양식,2007-12-28,,영업/정상,2026-09-30 22:17:51,"서울특별시 강남구 선릉로152길 10, 지하1층 (청담동)"
general_restaurants,일반음식점,서울 강남구,3220000-101-2007-00979,퀸스파크 청담점,경양식,2007-11-23,2026-09-29,폐업,2026-09-30 22:17:51,"서울특별시 강남구 압구정로60길 22 (청담동,(지하1층, 지상1,2층))"
general_restaurants,일반음식점,서울 강남구,3220000-101-2007-00738,너무한육회연어,한식,2007-09-10,2026-09-15,폐업,2026-09-16 22:17:51,"서울특별시 강남구 테헤란로1길 19 (역삼동,지하2층)"
general_restaurants,일반음식점,서울 강남구,3220000-101-2007-00535,강남 도모다치 바(BAR),경양식,2007-07-05,,영업/정상,2026-09-12 22:17:50,"서울특별시 강남구 테헤란로19길 19 (역삼동,지상2층)"
general_restaurants,일반음식점,서울 강남구,3220000-101-2007-00479,시라소니한옥식당,한식,2007-06-20,,영업/정상,2026-09-30 22:17:51,"서울특별시 강남구 선릉로146길 27 (청담동,지상1,2층)"
general_restaurants,일반음식점,서울 강남구,3220000-101-2007-00350,쵸이토,한식,2007-05-15,,영업/정상,2026-10-01 22:17:51,"서울특별시 강남구 언주로134길 31 (논현동,지상1층)"
general_restaurants,일반음식점,서울 강남구,3220000-101-2006-00782,부숑,경양식,2006-11-09,,영업/정상,2026-09-19 22:17:50,"서울특별시 강남구 논현로175길 113 (신사동,이룸빌딩지하1층)"
general_restaurants,일반음식점,서울 강남구,3220000-101-2006-00729,팝(POP),경양식,2006-10-20,2026-09-29,폐업,2026-09-30 22:17:51,"서울특별시 강남구 압구정로2길 60, 지상202호 (신사동, MG Tower)"
general_restaurants,일반음식점,서울 강남구,3220000-101-2006-00319,한우사랑,경양식,2006-05-11,2026-09-04,폐업,2026-09-05 22:17:51,서울특별시 강남구 대치동 938-0 지하2층
general_restaurants,일반음식점,서울 강남구,3220000-101-2006-00231,여,경양식,2006-04-11,,영업/정상,2026-09-10 22:17:51,"서울특별시 강남구 언주로126길 6 (논현동,쌍둥이네빌딩 지상1층)"
general_restaurants,일반음식점,서울 강남구,3220000-101-2006-00002,이자카야 고코 선릉점,한식,2006-01-03,,영업/정상,2026-09-01 22:17:50,"서울특별시 강남구 선릉로86길 37 (대치동,지상2층)"
general_restaurants,일반음식점,서울 강남구,3220000-101-2005-01242,강남솥뚜껑,한식,2005-12-27,2026-09-10,폐업,2026-09-11 22:17:50,"서울특별시 강남구 테헤란로10길 25 (역삼동,지상1층 104호)"
general_restaurants,일반음식점,서울 강남구,3220000-101-2005-01186,델마르,경양식,2005-12-13,2026-09-22,폐업,2026-09-23 22:17:51,"서울특별시 강남구 언주로 640 (논현동,지상1층)"
general_restaurants,일반음식점,서울 강남구,3220000-101-2005-00950,채움,분식,2005-10-13,2026-09-22,폐업,2026-09-23 22:17:51,"서울특별시 강남구 테헤란로 322 (역삼동,한신인터밸리지하2층B131호)"
general_restaurants,일반음식점,서울 강남구,3220000-101-2005-00880,닭터홍 강남본점,호프/통닭,2005-09-27,2026-09-03,폐업,2026-09-04 22:17:50,"서울특별시 강남구 역삼로3길 17 (역삼동,지상2층)"
general_restaurants,일반음식점,서울 강남구,3220000-101-2005-00098,할매뼈국 할배보쌈,한식,2005-02-15,,영업/정상,2026-09-23 22:17:51,"서울특별시 강남구 삼성로85길 32 (대치동,지상1층)"
general_restaurants,일반음식점,서울 강남구,3220000-101-2005-00018,삼육가,한식,2005-01-10,,영업/정상,2026-10-09 22:17:51,"서울특별시 강남구 강남대로114길 8, 지하1층 (논현동)"
general_restaurants,일반음식점,서울 강남구,3220000-101-2004-01335,술의나라,경양식,2004-12-21,,영업/정상,2026-09-30 22:17:51,"서울특별시 강남구 선릉로16길 4-10 (개포동,지상1층101호)"
general_restaurants,일반음식점,서울 강남구,3220000-101-2004-00987,(주)참치그라와복그라,한식,2004-10-05,,영업/정상,2026-09-09 22:17:50,"서울특별시 강남구 테헤란로37길 22, 2층 (역삼동)"
general_restaurants,일반음식점,서울 강남구,3220000-101-2004-00926,벨라,경양식,2004-09-10,2026-09-04,폐업,2026-09-08 22:17:51,"서울특별시 강남구 테헤란로33길 23 (역삼동,지상2층)"
general_restaurants,일반음식점,서울 강남구,3220000-101-2004-00423,국당,분식,2004-05-12,,영업/정상,2026-09-10 22:17:51,"서울특별시 강남구 선릉로 653 (논현동,지상1층)"
general_restaurants,일반음식점,서울 강남구,3220000-101-2004-00394,바리 슈퍼푸드 선릉점,한식,2004-05-04,,영업/정상,2026-09-23 22:17:51,"서울특별시 강남구 테헤란로70길 13 (대치동,보성빌딩지상1층)"
general_restaurants,일반음식점,서울 강남구,3220000-101-2004-00182,에끌레어,경양식,2004-03-08,2026-08-20,폐업,2026-08-29 22:17:51,"서울특별시 강남구 언주로 563 (역삼동,지상2층)"
general_restaurants,일반음식점,서울 강남구,3220000-101-2003-00575,고농장,일식,2003-06-30,,영업/정상,2026-10-03 22:17:50,"서울특별시 강남구 압구정로28길 40, 신사동 더원 빌딩 지상1층,2층 (신사동)"
general_restaurants,일반음식점,서울 강남구,3220000-101-2001-24393,수이,일식,2001-12-13,,영업/정상,2026-09-22 22:17:51,"서울특별시 강남구 학동로43길 38, 1층 113호 (논현동, 논현웰스톤)"
general_restaurants,일반음식점,서울 강남구,3220000-101-2001-24375,진주섬 삼성점,경양식,2001-12-12,,영업/정상,2026-09-23 22:17:51,"서울특별시 강남구 삼성로104길 16 (삼성동,지하1층)"
general_restaurants,일반음식점,서울 강남구,3220000-101-2001-23613,비산국밥 선릉직영점,한식,2001-06-09,,영업/정상,2026-09-15 22:17:50,"서울특별시 강남구 테헤란로69길 9 (삼성동,지상1층)"
general_restaurants,일반음식점,서울 강남구,3220000-101-2001-23545,휠링,경양식,2001-05-26,2026-09-18,폐업,2026-09-19 22:17:50,"서울특별시 강남구 도곡로93길 13 (대치동,지상2층)"
general_restaurants,일반음식점,서울 강남구,3220000-101-2000-21220,허당맛선생,한식,2000-02-03,,영업/정상,2026-08-28 22:17:51,"서울특별시 강남구 언주로129길 20, 한국관세사회관 지상1층 101호 (논현동)"
general_restaurants,일반음식점,서울 강남구,3220000-101-1999-21029,오와리포차,분식,1999-12-28,2026-09-30,폐업,2026-10-01 22:17:51,"서울특별시 강남구 선릉로161길 20, 지상1층 101호 (신사동)"
general_restaurants,일반음식점,서울 강남구,3220000-101-1999-18746,진우림,한식,1999-10-14,2026-09-29,폐업,2026-09-30 22:17:51,"서울특별시 강남구 언주로71길 5-10, 지상1층 (역삼동)"
general_restaurants,일반음식점,서울 강남구,3220000-101-1999-20236,한솥도시락 현대고앞점,한식,1999-09-27,,영업/정상,2026-10-03 22:17:50,"서울특별시 강남구 논현로175길 61, 지상1층 102호,103호 (신사동)"
general_restaurants,일반음식점,서울 강남구,3220000-101-1999-20033,이대팔 쭈꾸미,한식,1999-08-19,,영업/정상,2026-09-29 22:17:51,"서울특별시 강남구 봉은사로1길 27 (논현동,1층)"
general_restaurants,일반음식점,서울 강남구,3220000-101-1999-18303,황태창고,한식,1999-01-21,,영업/정상,2026-10-08 22:17:51,"서울특별시 강남구 학동로45길 8, 유화빌딩 지상1층 101A호 (논현동)"
general_restaurants,일반음식점,서울 강남구,3220000-101-1998-07240,달래해장 강남역플래티넘점,한식,1998-12-09,2026-09-28,폐업,2026-09-29 22:17:51,서울특별시 강남구 강남대로78길 14 (역삼동)
general_restaurants,일반음식점,서울 강남구,3220000-101-1998-19336,달맞이광장바베큐 신사역점,한식,1998-03-09,,영업/정상,2026-09-24 22:17:50,서울특별시 강남구 강남대로152길 29 (신사동)
general_restaurants,일반음식점,서울 강남구,3220000-101-1997-12695,취영루,중국식,1997-04-24,2026-10-02,폐업,2026-10-03 22:17:50,서울특별시 강남구 학동로2길 11 (논현동)
general_restaurants,일반음식점,서울 강남구,3220000-101-1996-08984,소윤화,중국식,1996-07-09,2026-09-08,폐업,2026-09-09 22:17:50,서울특별시 강남구 강남대로94길 59 (역삼동)
general_restaurants,일반음식점,서울 강남구,3220000-101-1996-05131,니뽕내뽕 강남역점,경양식,1996-06-19,2026-09-03,폐업,2026-09-04 22:17:50,"서울특별시 강남구 강남대로98길 8 (역삼동,지상2,3층)"
general_restaurants,일반음식점,서울 강남구,3220000-101-1994-14956,천향,중국식,1994-08-23,,영업/정상,2026-08-26 22:17:50,서울특별시 강남구 논현로 166 (도곡동)
general_restaurants,일반음식점,서울 강남구,3220000-101-1994-09919,오복솥뚜껑 강남역점,한식,1994-07-29,,영업/정상,2026-09-30 22:17:51,서울특별시 강남구 강남대로96길 11 (역삼동)
general_restaurants,일반음식점,서울 강남구,3220000-101-1993-00528,일번지식당,한식,1993-07-30,2026-10-08,폐업,2026-10-09 22:17:51,"서울특별시 강남구 압구정로50길 7 (신사동,지상1층)"
general_restaurants,일반음식점,서울 강남구,3220000-101-1993-13088,천지궁,중국식,1993-06-02,2026-10-02,폐업,2026-10-08 22:17:51,서울특별시 강남구 봉은사로33길 34 (논현동)
general_restaurants,일반음식점,서울 강남구,3220000-101-1991-17748,노란상소갈비 역삼점,일식,1992-10-21,,영업/정상,2026-08-26 22:17:50,서울특별시 강남구 테헤란로8길 11-7 (역삼동)
general_restaurants,일반음식점,서울 강남구,3220000-101-1992-07576,동천홍 역삼점,일식,1992-05-01,2026-10-06,폐업,2026-10-07 22:17:51,"서울특별시 강남구 도곡로1길 22, 지상2층 (역삼동)"
general_restaurants,일반음식점,서울 강남구,3220000-101-1992-16999,경동관 나주곰탕나주전 논현점,한식,1992-03-01,2026-08-28,폐업,2026-08-29 22:17:51,서울특별시 강남구 학동로 158 (논현동)
general_restaurants,일반음식점,서울 강남구,3220000-101-1987-12930,천미향,중국식,1987-06-03,2026-09-23,폐업,2026-09-24 22:17:50,"서울특별시 강남구 학동로37길 23 (논현동,2층)"
general_restaurants,일반음식점,서울 강남구,3220000-101-1986-11268,뒤안,한식,1986-06-09,,영업/정상,2026-10-03 22:17:50,서울특별시 강남구 언주로114길 17 (논현동)
general_restaurants,일반음식점,서울 강남구,3220000-101-1982-17937,짚뿔닭발 논현점,한식,1982-04-21,,영업/정상,2026-10-01 22:17:51,"서울특별시 강남구 봉은사로1길 37, 호서빌딩 지상1층 (논현동)"
general_restaurants,일반음식점,서울 강남구,3220000-101-1978-18002,우신설농탕,한식,1978-08-28,,영업/정상,2026-09-30 22:17:51,서울특별시 강남구 도산대로 113 (신사동)
general_restaurants,일반음식점,성남 분당구,3810000-101-2026-00337,누보 에스프레소 앤 바,기타,2026-10-08,,영업/정상,2026-10-09 21:47:52,"경기도 성남시 분당구 대왕판교로606번길 39, 럭스타워 1층 103호, 104호 (삼평동)"
general_restaurants,일반음식점,성남 분당구,3810000-101-2026-00336,앤틀러,경양식,2026-10-08,,영업/정상,2026-10-09 21:47:52,"경기도 성남시 분당구 미금로 251, 상가동 1층 112호 (금곡동, 청솔마을)"
general_restaurants,일반음식점,성남 분당구,3810000-101-2026-00335,육공수제돈까스,경양식,2026-10-07,,영업/정상,2026-10-08 21:47:52,"경기도 성남시 분당구 구미로 60, 관보쇼핑 지하1층 지하1호 일부호 (구미동)"
general_restaurants,일반음식점,성남 분당구,3810000-101-2026-00334,어바니아-한시적,기타,2026-10-07,,영업/정상,2026-10-08 21:47:52,"경기도 성남시 분당구 황새울로360번길 42, AK플라자 지하1층 B101호 일부 (서현동)"
general_restaurants,일반음식점,성남 분당구,3810000-101-2026-00333,엘와이(LY)푸드,한식,2026-10-07,,영업/정상,2026-10-08 21:47:52,"경기도 성남시 분당구 정자일로 121, 상가동 1층 에이-23호 일부호 (정자동, 더샵스타파크)"
general_restaurants,일반음식점,성남 분당구,3810000-101-2026-00332,수진분식 정자점,분식,2026-10-06,,영업/정상,2026-10-07 21:47:52,"경기도 성남시 분당구 정자일로 146, 엠코헤리츠 1단지 1층 A125호 일부호 (정자동)"
general_restaurants,일반음식점,성남 분당구,3810000-101-2026-00331,어화,일식,2026-10-06,,영업/정상,2026-10-07 21:47:52,"경기도 성남시 분당구 정자일로198번길 15, 제나프라자 1층 일부호 (정자동)"
general_restaurants,일반음식점,성남 분당구,3810000-101-2026-00330,급한마음 탕수육 광주하남2지구점-한시적,기타,2026-10-02,,영업/정상,2026-10-03 21:47:51,"경기도 성남시 분당구 판교역로146번길 20, 현대백화점 판교점 지하1층 일부 (백현동)"
general_restaurants,일반음식점,성남 분당구,3810000-101-2026-00329,백복칼국수,한식,2026-10-02,,영업/정상,2026-10-03 21:47:51,"경기도 성남시 분당구 동판교로 92, 가상가동 1층 103호 (백현동, 백현마을3단지)"
general_restaurants,일반음식점,성남 분당구,3810000-101-2026-00328,주)히미우동한국본점,일식,2026-10-02,,영업/정상,2026-10-03 21:47:51,"경기도 성남시 분당구 판교대장로2길 6-11, 1층 일부, 2층 일부 (대장동)"
general_restaurants,일반음식점,성남 분당구,3810000-101-2026-00327,불닭발땡초동대문엽기떡볶이 분당미금역점,분식,2026-10-02,,영업/정상,2026-10-03 21:47:51,"경기도 성남시 분당구 돌마로 75, 미금프라자 2층 204호 (금곡동)"
general_restaurants,일반음식점,성남 분당구,3810000-101-2026-00326,다온상회,식육(숯불구이),2026-10-01,,영업/정상,2026-10-02 21:47:51,"경기도 성남시 분당구 양현로 451-1, 1층 (야탑동)"
general_restaurants,일반음식점,성남 분당구,3810000-101-2026-00325,고메드갤러리아 주식회사 SKT분당(카페),기타,2026-09-30,,영업/정상,2026-10-01 21:47:51,"경기도 성남시 분당구 황새울로258번길 6, SK텔레콤 1층 일부호 (수내동)"
general_restaurants,일반음식점,성남 분당구,3810000-101-2026-00324,훠궈 Hi Five,중국식,2026-09-30,,영업/정상,2026-10-01 21:47:51,"경기도 성남시 분당구 판교역로146번길 20, 현대백화점 판교점 지하1층 일부 (백현동)"
general_restaurants,일반음식점,성남 분당구,3810000-101-2026-00323,식물원김밥 판교점,분식,2026-09-30,,영업/정상,2026-10-01 21:47:51,"경기도 성남시 분당구 판교역로 136, 1층 1081호 (백현동)"
general_restaurants,일반음식점,성남 분당구,3810000-101-2026-00322,오리미학 서현역점,한식,2026-09-30,,영업/정상,2026-10-01 21:47:51,"경기도 성남시 분당구 황새울로360번길 28, 은성프라자 지하1층 비06호 (서현동)"
general_restaurants,일반음식점,성남 분당구,3810000-101-2026-00321,삽제육,한식,2026-09-29,,영업/정상,2026-09-30 21:47:50,"경기도 성남시 분당구 대왕판교로 670, 유스페이스2 2층 217호 (삼평동)"
general_restaurants,일반음식점,성남 분당구,3810000-101-2026-00320,통큰곱창 분당판교직영점,한식,2026-09-29,,영업/정상,2026-09-30 21:47:50,"경기도 성남시 분당구 동판교로 91, 상가동 지하1층 B105호 (백현동, 백현마을4단지)"
general_restaurants,일반음식점,성남 분당구,3810000-101-2026-00319,마리안느가든,경양식,2026-09-28,,영업/정상,2026-09-29 21:47:53,"경기도 성남시 분당구 서현로 170, 풍림아이원플러스 2층 244호 (서현동)"
general_restaurants,일반음식점,성남 분당구,3810000-101-2026-00318,영웅본색-한시적,기타,2026-09-23,,영업/정상,2026-09-24 21:47:52,"경기도 성남시 분당구 황새울로360번길 42, AK플라자 지하1층 B101호 일부 (서현동)"
general_restaurants,일반음식점,성남 분당구,3810000-101-2026-00317,란반 정자역점,"외국음식전문점(인도,태국등)",2026-09-23,,영업/정상,2026-09-24 21:47:52,"경기도 성남시 분당구 성남대로331번길 3-9, 백궁프라자3 1층 101호 (정자동)"
general_restaurants,일반음식점,성남 분당구,3810000-101-2026-00316,미가훠궈 판교점,중국식,2026-09-23,,영업/정상,2026-09-24 21:47:52,"경기도 성남시 분당구 동판교로177번길 25, 2층 231호, 232호 (삼평동, 판교 호반 써밋 플레이스)"
general_restaurants,일반음식점,성남 분당구,3810000-101-2026-00315,비비큐(BBQ) 서판교운중점,호프/통닭,2026-09-23,,영업/정상,2026-09-24 21:47:52,"경기도 성남시 분당구 판교공원로3길 4, 1층 일부 (판교동)"
general_restaurants,일반음식점,성남 분당구,3810000-101-2026-00314,하나마토 정자,일식,2026-09-22,,영업/정상,2026-09-23 21:47:52,"경기도 성남시 분당구 느티로51번길 3, 지하1층, 1층 (정자동)"
general_restaurants,일반음식점,성남 분당구,3810000-101-2026-00313,엔야,일식,2026-09-21,,영업/정상,2026-09-22 21:47:51,"경기도 성남시 분당구 황새울로360번길 26, 삼보프라자 3층 304호 (서현동)"
general_restaurants,일반음식점,성남 분당구,3810000-101-2026-00312,코끼리떡볶이-한시적,분식,2026-09-21,2026-10-03,폐업,2026-10-05 21:47:51,"경기도 성남시 분당구 판교역로146번길 20, 현대백화점 판교점 지하1층 일부 (백현동)"
general_restaurants,일반음식점,성남 분당구,3810000-101-2026-00311,토마스떡볶이,분식,2026-09-21,,영업/정상,2026-09-22 21:47:51,"경기도 성남시 분당구 성남대로 381, 폴라리스빌딩 1층 111호 (정자동)"
general_restaurants,일반음식점,성남 분당구,3810000-101-2026-00310,호떡킹앤더팝-한시적,기타,2026-09-21,,영업/정상,2026-09-22 21:47:51,"경기도 성남시 분당구 판교역로146번길 20, 현대백화점 판교점 지하1층 일부 (백현동)"
general_restaurants,일반음식점,성남 분당구,3810000-101-2026-00309,가매일식,일식,2026-09-18,,영업/정상,2026-09-19 21:47:51,"경기도 성남시 분당구 판교역로146번길 20, 현대백화점 판교점 9층 일부호 (백현동)"
general_restaurants,일반음식점,성남 분당구,3810000-101-2026-00308,유이스시,일식,2026-09-17,,영업/정상,2026-09-18 21:47:51,"경기도 성남시 분당구 미금일로154번길 20, 2001아울렛 지하2층 B201호 일부호 (구미동)"
general_restaurants,일반음식점,성남 분당구,3810000-101-2026-00307,무아 베이비카페&스튜디오 판교본점,기타,2026-09-16,,영업/정상,2026-09-17 21:47:51,"경기도 성남시 분당구 판교백현로 53, 2층 (백현동)"
general_restaurants,일반음식점,성남 분당구,3810000-101-2026-00306,보드람치킨 판교대장점,호프/통닭,2026-09-16,,영업/정상,2026-09-17 21:47:51,"경기도 성남시 분당구 판교대장로7길 6-16, 1층 (대장동)"
general_restaurants,일반음식점,성남 분당구,3810000-101-2026-00305,카케야(CA KE YA)-한시적,기타,2026-09-15,2026-09-23,폐업,2026-09-25 21:47:52,"경기도 성남시 분당구 판교역로146번길 20, 현대백화점 판교점 지하1층 일부 (백현동)"
general_restaurants,일반음식점,성남 분당구,3810000-101-2026-00304,대아티아이 트웬티 압구정점-한시적,기타,2026-09-14,2026-09-23,폐업,2026-09-25 21:47:52,"경기도 성남시 분당구 판교역로146번길 20, 현대백화점 판교점 지하1층 일부 (백현동)"
general_restaurants,일반음식점,성남 분당구,3810000-101-2026-00303,더타코부스 분당정자역점,"외국음식전문점(인도,태국등)",2026-09-14,,영업/정상,2026-09-15 21:47:55,"경기도 성남시 분당구 정자일로 146, 엠코헤리츠 1단지 1층 A108호 (정자동)"
general_restaurants,일반음식점,성남 분당구,3810000-101-2026-00302,거부기밥-한시적,기타,2026-09-14,,영업/정상,2026-09-15 21:47:55,"경기도 성남시 분당구 황새울로360번길 42, AK플라자 지하1층 B101호 일부 (서현동)"
general_restaurants,일반음식점,성남 분당구,3810000-101-2026-00301,일쩜오파스타,경양식,2026-09-14,,영업/정상,2026-09-15 21:47:55,"경기도 성남시 분당구 황새울로319번길 6, 텍스타워 지하1층 B107호 (서현동)"
general_restaurants,일반음식점,성남 분당구,3810000-101-2026-00300,주식회사 북해약반점,중국식,2026-09-14,,영업/정상,2026-09-15 21:47:55,"경기도 성남시 분당구 정자일로213번길 10, 1층 105호, 106호 (정자동, 성원상떼뷰리젠시)"
general_restaurants,일반음식점,성남 분당구,3810000-101-2026-00299,틈새라면 분당서현점,분식,2026-09-10,,영업/정상,2026-09-11 21:47:54,"경기도 성남시 분당구 서현로210번길 16, 유성트윈프라자1차 1층 110호 (서현동)"
general_restaurants,일반음식점,성남 분당구,3810000-101-2026-00298,롤업,분식,2026-09-10,,영업/정상,2026-09-11 21:47:54,"경기도 성남시 분당구 미금일로154번길 20, 지하2층 B201호 일부호 (구미동)"
general_restaurants,일반음식점,성남 분당구,3810000-101-2026-00297,헬키푸키 분당정자점,김밥(도시락),2026-09-09,,영업/정상,2026-09-10 21:47:54,"경기도 성남시 분당구 정자일로 234, 태남프라자 1층 114호 (정자동)"
general_restaurants,일반음식점,성남 분당구,3810000-101-2026-00296,드렁큰도우(Drunken Dough)-한시적,기타,2026-09-08,2026-09-17,폐업,2026-09-19 21:47:51,"경기도 성남시 분당구 판교역로146번길 20, 현대백화점 판교점 지하1층 일부 (백현동)"
general_restaurants,일반음식점,성남 분당구,3810000-101-2026-00295,수내한우정육식당,식육(숯불구이),2026-09-08,,영업/정상,2026-09-09 21:47:54,"경기도 성남시 분당구 돌마로366번길 8, 푸른마을 아파트 상가4-5동 지하1층 일부호 (수내동)"
general_restaurants,일반음식점,성남 분당구,3810000-101-2026-00294,카시코이-한시적,기타,2026-09-07,2026-09-17,폐업,2026-09-19 21:47:51,"경기도 성남시 분당구 판교역로146번길 20, 현대백화점 판교점 지하1층 일부 (백현동)"
general_restaurants,일반음식점,성남 분당구,3810000-101-2026-00293,버킷 바이츠 판교,경양식,2026-09-07,,영업/정상,2026-09-08 21:47:53,"경기도 성남시 분당구 동판교로52번길 15, 1층 일부 (백현동)"
general_restaurants,일반음식점,성남 분당구,3810000-101-2026-00292,분분 판교대장점,"외국음식전문점(인도,태국등)",2026-09-04,,영업/정상,2026-09-05 21:47:53,"경기도 성남시 분당구 판교대장로7길 12, 1층 일부 (대장동)"
general_restaurants,일반음식점,성남 분당구,3810000-101-2026-00291,노아(NOAH),기타,2026-09-02,,영업/정상,2026-09-03 21:47:53,"경기도 성남시 분당구 느티로 16, 젤존타워1 1층 118호 (정자동)"
general_restaurants,일반음식점,성남 분당구,3810000-101-2026-00290,하복당 서현점,기타,2026-09-01,,영업/정상,2026-09-02 21:47:53,"경기도 성남시 분당구 성남대로779번길 52, 신흥코아 1층 103호 (이매동)"
general_restaurants,일반음식점,성남 분당구,3810000-101-2026-00289,우리숯불국밥,한식,2026-08-31,,영업/정상,2026-09-01 21:47:52,"경기도 성남시 분당구 백현로101번길 24, 미도프라자2 1층 104호, 105호 (수내동)"
general_restaurants,일반음식점,성남 분당구,3810000-101-2026-00288,바삭돈카츠 서현점,일식,2026-08-31,,영업/정상,2026-09-01 21:47:52,"경기도 성남시 분당구 황새울로330번길 18, 송암빌딩 지하1층 (서현동)"
general_restaurants,일반음식점,성남 분당구,3810000-101-2026-00287,24시전주성콩나물국밥,한식,2026-08-28,,영업/정상,2026-08-29 21:47:52,"경기도 성남시 분당구 운중로 253, 탑런스퀘어 서관 1층 104, 105, 106호 (판교동)"
general_restaurants,일반음식점,성남 분당구,3810000-101-2026-00286,큰손닭강정 분당정자점,호프/통닭,2026-08-27,,영업/정상,2026-08-28 21:47:52,"경기도 성남시 분당구 정자로76번길 5, 성남프라자 1층 5호 일부호 (정자동)"
general_restaurants,일반음식점,성남 분당구,3810000-101-2026-00285,너구리베이글-한시적,기타,2026-08-27,2026-09-30,폐업,2026-10-02 21:47:51,"경기도 성남시 분당구 황새울로360번길 42, AK플라자 지하1층 B101호 일부 (서현동)"
general_restaurants,일반음식점,성남 분당구,3810000-101-2026-00284,이황식당,일식,2026-08-27,,영업/정상,2026-08-28 21:47:52,"경기도 성남시 분당구 황새울로258번길 10-7, 가나프라자 1층 101호 (수내동)"
general_restaurants,일반음식점,성남 분당구,3810000-101-2026-00283,훗스테이크 분당점,경양식,2026-08-27,,영업/정상,2026-08-28 21:47:52,"경기도 성남시 분당구 구미로 124, 굿모닝프라자1 1층 103호 (구미동)"
general_restaurants,일반음식점,성남 분당구,3810000-101-2026-00282,어바니아-한시적,기타,2026-08-27,2026-09-17,폐업,2026-09-19 21:47:51,"경기도 성남시 분당구 황새울로360번길 42, AK플라자 지하1층 B101호 일부 (서현동)"
general_restaurants,일반음식점,성남 분당구,3810000-101-2026-00281,유일닭강정 본점-한시적,기타,2026-08-26,2026-09-10,폐업,2026-09-12 21:47:54,"경기도 성남시 분당구 판교역로146번길 20, 현대백화점 판교점 지하1층 일부 (백현동)"
general_restaurants,일반음식점,성남 분당구,3810000-101-2026-00280,바나프레소 야탑BYC점,기타,2026-08-25,,영업/정상,2026-08-26 21:47:51,"경기도 성남시 분당구 성남대로 912, 분당BYC빌딩 1층 일부호 (야탑동)"
general_restaurants,일반음식점,성남 분당구,3810000-101-2026-00279,영동족발 정자직영점,한식,2026-08-25,,영업/정상,2026-08-26 21:47:51,"경기도 성남시 분당구 내정로129번길 2-1, 1층 일부호 (정자동)"
general_restaurants,일반음식점,성남 분당구,3810000-101-2026-00269,분당제철소,기타,2026-08-19,,영업/정상,2026-09-22 21:47:51,"경기도 성남시 분당구 정자일로213번길 19, 201동 1층 101호 (정자동, 아이파크분당2)"
general_restaurants,일반음식점,성남 분당구,3810000-101-2026-00262,벨리풀-한시적,기타,2026-08-18,2026-08-27,폐업,2026-08-29 21:47:52,"경기도 성남시 분당구 판교역로146번길 20, 현대백화점 판교점 지하1층 일부 (백현동)"
general_restaurants,일반음식점,성남 분당구,3810000-101-2026-00259,롤업-한시적,기타,2026-08-14,2026-09-13,폐업,2026-09-15 21:47:55,"경기도 성남시 분당구 미금일로154번길 20, 지하2층 일부호 (구미동)"
general_restaurants,일반음식점,성남 분당구,3810000-101-2026-00251,유일닭강정 본점-한시적,기타,2026-08-11,2026-08-27,폐업,2026-08-29 21:47:52,"경기도 성남시 분당구 판교역로146번길 20, 현대백화점 판교점 지하1층 일부 (백현동)"
general_restaurants,일반음식점,성남 분당구,3810000-101-2026-00250,히츠지야-한시적,기타,2026-08-10,2026-09-10,폐업,2026-09-12 21:47:54,"경기도 성남시 분당구 판교역로146번길 20, 현대백화점 판교점 지하1층 일부 (백현동)"
general_restaurants,일반음식점,성남 분당구,3810000-101-2026-00248,오지크로스(AussieCross)-한시적,기타,2026-08-06,2026-08-27,폐업,2026-08-29 21:47:52,"경기도 성남시 분당구 판교역로146번길 20, 현대백화점 판교점 지하1층 일부 (백현동)"
general_restaurants,일반음식점,성남 분당구,3810000-101-2026-00246,차숯덮(차차네 숯불덮밥),한식,2026-08-05,,영업/정상,2026-09-10 21:47:54,"경기도 성남시 분당구 불정로 362, 효자촌분산상가 에이동 1층 102호, 103호 (서현동, 효자촌대우,럭키,화성아파트)"
general_restaurants,일반음식점,성남 분당구,3810000-101-2026-00233,너구리베이글-한시적,기타,2026-07-24,2026-08-31,폐업,2026-09-02 21:47:53,"경기도 성남시 분당구 황새울로360번길 42, AK플라자 지하1층 B101호 일부 (서현동)"
general_restaurants,일반음식점,성남 분당구,3810000-101-2026-00214,해물왕최봉석 분당정자직영점,기타,2026-07-09,,영업/정상,2026-09-03 21:47:53,"경기도 성남시 분당구 정자일로 162, 젤존타워2 1층 101호 (정자동)"
general_restaurants,일반음식점,성남 분당구,3810000-101-2026-00189,아름다운 정원,기타,2026-06-16,,영업/정상,2026-09-17 21:47:51,"경기도 성남시 분당구 대왕판교로 287, 궁내동 근생-A 2층 일부호 (궁내동)"
general_restaurants,일반음식점,성남 분당구,3810000-101-2026-00186,최신사아지트,기타,2026-06-12,2026-08-25,폐업,2026-08-26 21:47:51,"경기도 성남시 분당구 황새울로319번길 6, 텍스타워 지하1층 B107호 (서현동)"
general_restaurants,일반음식점,성남 분당구,3810000-101-2026-00157,하얏트 서울 판교 솔레바(SOLE BAR),기타,2026-05-19,,영업/정상,2026-09-15 21:47:55,"경기도 성남시 분당구 대왕판교로606번길 49, 17층 일부 (삼평동)"
general_restaurants,일반음식점,성남 분당구,3810000-101-2026-00154,하얏트 서울 판교 더 키친(THE KITCHEN),기타,2026-05-19,,영업/정상,2026-09-15 21:47:55,"경기도 성남시 분당구 대왕판교로606번길 49, 2층 일부 (삼평동)"
general_restaurants,일반음식점,성남 분당구,3810000-101-2026-00139,샐러코,한식,2026-05-12,2026-09-28,폐업,2026-09-29 21:47:53,"경기도 성남시 분당구 내정로165번길 35, 분산상가에이동 1층 106호 일부호 (수내동, 양지마을한양아파트)"
general_restaurants,일반음식점,성남 분당구,3810000-101-2026-00126,보 호아 타이(Bo Hoa Thai),"외국음식전문점(인도,태국등)",2026-04-28,2026-09-29,폐업,2026-09-30 21:47:50,"경기도 성남시 분당구 미금로 45, 진도훼미리프라자 지하1층 비02-6호 (구미동)"
general_restaurants,일반음식점,성남 분당구,3810000-101-2026-00032,힘난다버거 서현점,경양식,2026-01-23,2026-10-06,폐업,2026-10-07 21:47:52,"경기도 성남시 분당구 황새울로319번길 6, 텍스타워 지하1층 B103호 (서현동)"
general_restaurants,일반음식점,성남 분당구,3810000-101-2026-00016,본플레이트,"외국음식전문점(인도,태국등)",2026-01-09,2026-09-29,폐업,2026-09-30 21:47:50,"경기도 성남시 분당구 황새울로319번길 6, 텍스타워 지하1층 104호 (서현동)"
general_restaurants,일반음식점,성남 분당구,3810000-101-2025-00385,판교장어사랑 판교역점,한식,2025-10-27,2026-09-21,폐업,2026-09-22 21:47:51,"경기도 성남시 분당구 대왕판교로606번길 39, 럭스타워 1층 103,104호 (삼평동)"
general_restaurants,일반음식점,성남 분당구,3810000-101-2025-00319,무로티룸,기타,2025-09-03,,영업/정상,2026-09-23 21:47:52,"경기도 성남시 분당구 서현로371번길 5, 1층 (서현동)"
general_restaurants,일반음식점,성남 분당구,3810000-101-2025-00311,우리술방 분당정자점,한식,2025-09-01,2026-09-15,폐업,2026-09-16 21:47:55,"경기도 성남시 분당구 정자일로 220, 115(일부)호 (정자동, 동양정자파라곤)"
general_restaurants,일반음식점,성남 분당구,3810000-101-2025-00302,국밥의 신,한식,2025-08-26,2026-09-07,폐업,2026-09-08 21:47:53,"경기도 성남시 분당구 미금일로 58, 지하1층 01-1 일부호 (구미동, 까치마을)"
general_restaurants,일반음식점,성남 분당구,3810000-101-2025-00278,모아분식,분식,2025-08-08,2026-08-26,폐업,2026-08-27 21:47:52,"경기도 성남시 분당구 판교공원로3길 4, 1층 일부 (판교동)"
general_restaurants,일반음식점,성남 분당구,3810000-101-2025-00252,하치로돈부리 미금,일식,2025-07-16,,영업/정상,2026-09-01 21:47:52,"경기도 성남시 분당구 돌마로 51, 천사의도시2 오피스텔 104호 (금곡동)"
general_restaurants,일반음식점,성남 분당구,3810000-101-2025-00242,포도밭,경양식,2025-07-02,,영업/정상,2026-09-03 21:47:53,"경기도 성남시 분당구 구미로 189, 1층 (구미동)"
general_restaurants,일반음식점,성남 분당구,3810000-101-2025-00241,덮밥 마켓,한식,2025-07-01,2026-09-29,폐업,2026-09-30 21:47:50,"경기도 성남시 분당구 황새울로360번길 28, 은성프라자 지하1층 비06호 (서현동)"
general_restaurants,일반음식점,성남 분당구,3810000-101-2025-00225,섬바다곳간 서판교본점,한식,2025-06-18,,영업/정상,2026-09-12 21:47:54,"경기도 성남시 분당구 판교공원로3길 4, 1층 일부 (판교동)"
general_restaurants,일반음식점,성남 분당구,3810000-101-2025-00161,윤쓰키친,한식,2025-05-02,2026-09-15,폐업,2026-09-16 21:47:55,"경기도 성남시 분당구 판교로255번길 9-22, 판교 우림 W-CITY 2층 228호 (삼평동)"
general_restaurants,일반음식점,성남 분당구,3810000-101-2025-00102,조선카츠&냉면,경양식,2025-03-18,,영업/정상,2026-09-18 21:47:51,"경기도 성남시 분당구 황새울로116번길 11-8, 1층 일부 (정자동)"
general_restaurants,일반음식점,성남 분당구,3810000-101-2025-00046,샐러코 다이어트도시락 수내본점,경양식,2025-02-13,,영업/정상,2026-09-29 21:47:53,"경기도 성남시 분당구 내정로165번길 35, 분산상가에이동 1층 106호 (수내동, 양지마을한양아파트)"
general_restaurants,일반음식점,성남 분당구,3810000-101-2025-00044,상아김밥 판교점,김밥(도시락),2025-02-13,,영업/정상,2026-09-23 21:47:52,"경기도 성남시 분당구 판교역로 235, 에이치스퀘어 엔동 1층 116호 (삼평동)"
general_restaurants,일반음식점,성남 분당구,3810000-101-2025-00035,미라클푸드 판교직영점,한식,2025-02-05,2026-09-03,폐업,2026-09-04 21:47:53,"경기도 성남시 분당구 판교역로 136, 힐스테이트 판교역(7-1BL) 판매시설 1층 1070호 (백현동)"
general_restaurants,일반음식점,성남 분당구,3810000-101-2025-00026,키친박스,한식,2025-01-24,,영업/정상,2026-09-24 21:47:52,"경기도 성남시 분당구 판교로227번길 6, 브릿지 타워 1층 108호 (삼평동)"
general_restaurants,일반음식점,성남 분당구,3810000-101-2025-00001,365 시골순대국,한식,2025-01-02,,영업/정상,2026-09-23 21:47:52,"경기도 성남시 분당구 내정로113번길 4, 판교시장 1층 103호 (정자동)"
general_restaurants,일반음식점,성남 분당구,3810000-101-2024-00492,토호,한식,2024-11-26,,영업/정상,2026-09-17 21:47:51,"경기도 성남시 분당구 판교로319번길 13, 디테라스 지1층 B104호 (삼평동)"
general_restaurants,일반음식점,성남 분당구,3810000-101-2024-00460,(주)대교디앤에스,기타,2024-11-05,2026-09-30,폐업,2026-10-01 21:47:51,"경기도 성남시 분당구 황새울로258번길 6, SK텔레콤 1(일부)층 (수내동)"
general_restaurants,일반음식점,성남 분당구,3810000-101-2024-00411,멀멀 판교,경양식,2024-09-24,,영업/정상,2026-09-04 21:47:53,"경기도 성남시 분당구 판교역로2번길 6, 1층 (백현동)"
general_restaurants,일반음식점,성남 분당구,3810000-101-2024-00401,소소떡볶이 분당수내점,분식,2024-09-19,2026-10-07,폐업,2026-10-08 21:47:52,"경기도 성남시 분당구 내정로165번길 50, 크리스탈빌딩 1층 110호 (수내동)"
general_restaurants,일반음식점,성남 분당구,3810000-101-2024-00301,통큰곱창 분당판교직영점,식육(숯불구이),2024-07-15,2026-09-29,폐업,2026-09-30 21:47:50,"경기도 성남시 분당구 동판교로 91, 지하1층 B105호 (백현동, 백현마을4단지)"
general_restaurants,일반음식점,성남 분당구,3810000-101-2024-00298,막막회,일식,2024-07-11,2026-08-25,폐업,2026-08-26 21:47:51,"경기도 성남시 분당구 느티로77번길 10-2, 1층 일부호 (정자동)"
general_restaurants,일반음식점,성남 분당구,3810000-101-2024-00201,나무수커피,기타,2024-05-13,,영업/정상,2026-08-28 21:47:52,"경기도 성남시 분당구 성남대로 151, 분당엠코헤리츠 1층, 2층 101~101-2호, 201~202-1호 (구미동)"
general_restaurants,일반음식점,성남 분당구,3810000-101-2024-00133,크래킹커피 판교백현점,기타,2024-04-01,,영업/정상,2026-08-29 21:47:52,"경기도 성남시 분당구 판교역로2번길 10, 1층 일부 (백현동)"
general_restaurants,일반음식점,성남 분당구,3810000-101-2024-00108,강경불고기 분당서현점,한식,2024-03-22,,영업/정상,2026-08-29 21:47:52,"경기도 성남시 분당구 서현로180번길 13, 서현프라자 2층 201호 (서현동)"
general_restaurants,일반음식점,성남 분당구,3810000-101-2023-00565,피어(Pier)39회,일식,2023-11-24,2026-09-22,폐업,2026-09-23 21:47:52,"경기도 성남시 분당구 성남대로331번길 3-9, 백궁프라자3 1층 101호 (정자동)"
general_restaurants,일반음식점,성남 분당구,3810000-101-2023-00562,소풍가는날 미금점,김밥(도시락),2023-11-22,2026-08-28,폐업,2026-08-29 21:47:52,"경기도 성남시 분당구 돌마로 47, 이코노샤르망 1층 116호 (금곡동)"
general_restaurants,일반음식점,성남 분당구,3810000-101-2023-00547,에이치비티 인터네셔널,한식,2023-11-15,2026-08-26,폐업,2026-08-27 21:47:52,"경기도 성남시 분당구 내정로119번길 16, 1층 (정자동)"
general_restaurants,일반음식점,성남 분당구,3810000-101-2023-00533,황태국집,한식,2023-11-08,,영업/정상,2026-09-23 21:47:52,"경기도 성남시 분당구 미금일로90번길 32, 웰파크 빌딩 1층 120호 (구미동)"
general_restaurants,일반음식점,성남 분당구,3810000-101-2023-00424,세희네 돈까스,한식,2023-08-31,2026-08-31,폐업,2026-09-01 21:47:52,"경기도 성남시 분당구 판교대장로7길 16, 지하3층 107호 (대장동, 힐스테이트 판교 엘포레 A6BL)"
general_restaurants,일반음식점,성남 분당구,3810000-101-2023-00397,피카츄 한식뷔페,한식,2023-08-17,2026-09-23,폐업,2026-09-24 21:47:52,"경기도 성남시 분당구 미금로 68, 무지개마을아파트 1층 103~104호 (구미동)"
general_restaurants,일반음식점,성남 분당구,3810000-101-2023-00281,수내갈비찜 본점,한식,2023-06-14,,영업/정상,2026-10-08 21:47:52,"경기도 성남시 분당구 정자일로 121, 상가동 1층 에이-23호 일부호 (정자동, 더샵스타파크)"
general_restaurants,일반음식점,성남 분당구,3810000-101-2023-00246,압구정제주집 판교점,식육(숯불구이),2023-05-25,,영업/정상,2026-09-03 21:47:53,"경기도 성남시 분당구 판교역로 138, 힐스테이트 판교역(17BL) 판매시설 1층 103호,104호 (백현동)"
general_restaurants,일반음식점,성남 분당구,3810000-101-2023-00189,규카츠정 판교점,일식,2023-04-25,,영업/정상,2026-09-03 21:47:53,"경기도 성남시 분당구 판교역로 231, 에이치스퀘어 에스동 1층 115호 (삼평동)"
general_restaurants,일반음식점,성남 분당구,3810000-101-2023-00164,메종드도쿄(MAISON DE TOKYO),한식,2023-04-11,,영업/정상,2026-09-09 21:47:54,"경기도 성남시 분당구 판교로25번길 16, 1층 (운중동)"
general_restaurants,일반음식점,성남 분당구,3810000-101-2023-00133,루(LUH),기타,2023-03-24,,영업/정상,2026-09-29 21:47:53,"경기도 성남시 분당구 백현로 26, 정자동 관광호텔 및 가족호텔 21층 일부호 (정자동)"
general_restaurants,일반음식점,성남 분당구,3810000-101-2023-00037,까몬 판교아브뉴프랑점,"외국음식전문점(인도,태국등)",2023-01-27,2026-09-28,폐업,2026-09-29 21:47:53,"경기도 성남시 분당구 동판교로177번길 25, 1층 101호,102호 (삼평동, 판교 호반 써밋 플레이스)"
general_restaurants,일반음식점,성남 분당구,3810000-101-2023-00028,대장닭발&닭도리탕 본점,한식,2023-01-25,2026-10-07,폐업,2026-10-08 21:47:52,"경기도 성남시 분당구 판교대장로7길 6-35, 1층 일부(101)호 (대장동)"
general_restaurants,일반음식점,성남 분당구,3810000-101-2022-00478,대한냉면 분당점,한식,2022-12-28,,영업/정상,2026-09-18 21:47:51,"경기도 성남시 분당구 황새울로116번길 11-8, 1층 일부호 (정자동)"
general_restaurants,일반음식점,성남 분당구,3810000-101-2022-00462,그레이츠판교점,한식,2022-12-12,,영업/정상,2026-09-12 21:47:54,"경기도 성남시 분당구 분당내곡로 117, 그레이츠 판교(GREITS PANGYO) 지하1층 일부(B103호,B104호,B107호)호 (백현동)"
general_restaurants,일반음식점,성남 분당구,3810000-101-2022-00331,바스버거 분당수내점,경양식,2022-09-13,,영업/정상,2026-10-08 21:47:52,"경기도 성남시 분당구 황새울로214번길 8, MS프라자 1층 110호 (수내동)"
general_restaurants,일반음식점,성남 분당구,3810000-101-2022-00324,이황식당2,식육(숯불구이),2022-09-06,2026-08-27,폐업,2026-08-28 21:47:52,"경기도 성남시 분당구 대왕판교로 670, 유스페이스2 지하1층 B105호 (삼평동)"
general_restaurants,일반음식점,성남 분당구,3810000-101-2022-00147,(제이)J영커머스,기타,2022-04-26,2026-09-10,폐업,2026-09-11 21:47:54,"경기도 성남시 분당구 정자일로 220, 1층 115호 (정자동, 동양정자파라곤)"
general_restaurants,일반음식점,성남 분당구,3810000-101-2022-00120,미도냉삼 판교점,기타,2022-04-12,,영업/정상,2026-09-17 21:47:51,"경기도 성남시 분당구 판교역로192번길 16, 판교타워 1층 108호 (삼평동)"
general_restaurants,일반음식점,성남 분당구,3810000-101-2022-00436,도하정 성남분당판교직영점,한식,2022-03-24,,영업/정상,2026-09-17 21:47:51,"경기도 성남시 분당구 판교역로 231, 에이치스퀘어 에스동 지하1층 B129호, B130호 (삼평동)"
general_restaurants,일반음식점,성남 분당구,3810000-101-2022-00069,커스텀커피 수내점,기타,2022-03-03,,영업/정상,2026-10-01 21:47:51,"경기도 성남시 분당구 내정로173번길 11, 603동 1층 137호 (수내동, 양지마을)"
general_restaurants,일반음식점,성남 분당구,3810000-101-2022-00049,입안의행복,기타,2022-02-17,,영업/정상,2026-10-07 21:47:52,"경기도 성남시 분당구 장미로 198, 아델파크빌 제지1층 비104-2호 (야탑동)"
general_restaurants,일반음식점,성남 분당구,3810000-101-2022-00038,바다푸른식탁,한식,2022-02-09,,영업/정상,2026-09-23 21:47:52,"경기도 성남시 분당구 판교역로 231, 에이치스퀘어 에스동 지하1층 B110호 (삼평동)"
general_restaurants,일반음식점,성남 분당구,3810000-101-2022-00029,우리할매떡볶이 판교운중점,분식,2022-02-04,,영업/정상,2026-09-01 21:47:52,"경기도 성남시 분당구 운중로 115, 1층 104호 (운중동)"
general_restaurants,일반음식점,성남 분당구,3810000-101-2021-00522,깡우동 분당오리역점,한식,2021-09-29,,영업/정상,2026-10-01 21:47:51,"경기도 성남시 분당구 구미로9번길 16, 체리빌오피스텔 1층 104호 (구미동)"
general_restaurants,일반음식점,성남 분당구,3810000-101-2021-00383,제이델링 성남점,기타,2021-09-27,2026-10-06,폐업,2026-10-07 21:47:52,"경기도 성남시 분당구 동판교로52번길 21-9, 1층 일부(102호)호 (백현동)"
general_restaurants,일반음식점,성남 분당구,3810000-101-2021-00118,엘리아,경양식,2021-03-29,2026-09-16,폐업,2026-09-17 21:47:51,"경기도 성남시 분당구 정자일로 46, 상가동 지하1층 지하107호 (금곡동, 청솔마을화인아파트)"
general_restaurants,일반음식점,성남 분당구,3810000-101-2021-00072,쉐프류의일품제육,한식,2021-02-25,,영업/정상,2026-10-02 21:47:51,"경기도 성남시 분당구 장미로148번길 3-4, 1층 일부호 (야탑동)"
general_restaurants,일반음식점,성남 분당구,3810000-101-2021-00034,그린글라스,경양식,2021-01-25,,영업/정상,2026-09-15 21:47:55,"경기도 성남시 분당구 느티로69번길 18, 1층 일부호 (정자동)"
general_restaurants,일반음식점,성남 분당구,3810000-101-2021-00016,만원수산 정자점,횟집,2021-01-13,2026-08-25,폐업,2026-08-26 21:47:51,"경기도 성남시 분당구 성남대로331번길 9-15, 3층 301호 (정자동)"
general_restaurants,일반음식점,성남 분당구,3810000-101-2020-00419,샵도쿄시장 분당서현점,호프/통닭,2020-12-03,,영업/정상,2026-09-15 21:47:55,"경기도 성남시 분당구 황새울로360번길 24, 대명코아 4층 401,402호 (서현동)"
general_restaurants,일반음식점,성남 분당구,3810000-101-2020-00339,오늘도마순대국,한식,2020-10-06,,영업/정상,2026-08-28 21:47:52,"경기도 성남시 분당구 내정로129번길 2, 1층 일부호 (정자동)"
general_restaurants,일반음식점,성남 분당구,3810000-101-2020-00323,매드피자 분당점,경양식,2020-09-23,,영업/정상,2026-09-30 21:47:50,"경기도 성남시 분당구 내정로107번길 12, 1층 일부(101호)호 (정자동)"
general_restaurants,일반음식점,성남 분당구,3810000-101-2020-00319,트리플나인,기타,2020-09-17,,영업/정상,2026-10-01 21:47:51,"경기도 성남시 분당구 성남대로343번길 12-8, 미주프라자 2층 일부호 (정자동)"
general_restaurants,일반음식점,성남 분당구,3810000-101-2020-00294,율차이나,중국식,2020-08-31,2026-10-07,폐업,2026-10-08 21:47:52,"경기도 성남시 분당구 새마을로177번길 7-7, 1층 일부, 2층 (율동)"
general_restaurants,일반음식점,성남 분당구,3810000-101-2020-00207,고든치킨(Gordon chicken),호프/통닭,2020-07-13,,영업/정상,2026-08-28 21:47:52,"경기도 성남시 분당구 내정로119번길 16, 1층 (정자동)"
general_restaurants,일반음식점,성남 분당구,3810000-101-2020-00112,푸라닭 분당동판교점,호프/통닭,2020-04-23,,영업/정상,2026-09-12 21:47:54,"경기도 성남시 분당구 동판교로 123, 203동 지층 102호 (백현동, 백현마을1단지판교푸르지오그랑블아파트)"
general_restaurants,일반음식점,성남 분당구,3810000-101-2020-00008,아띠,기타,2020-01-09,,영업/정상,2026-08-27 21:47:52,"경기도 성남시 분당구 중앙공원로31번길 42, 서현파크플라자 지하1층 B102-1호 (서현동)"
general_restaurants,일반음식점,성남 분당구,3810000-101-2019-00409,Monday kitchen(먼데이키친),일식,2019-11-29,,영업/정상,2026-09-17 21:47:51,"경기도 성남시 분당구 판교로255번길 9-22, 2층 231호 (삼평동)"
general_restaurants,일반음식점,성남 분당구,3810000-101-2019-00254,중앙국밥 판교점,한식,2019-08-09,,영업/정상,2026-09-18 21:47:51,"경기도 성남시 분당구 판교역로 145, 2층 204호, 205호 (백현동, 알파리움2단지)"
general_restaurants,일반음식점,성남 분당구,3810000-101-2019-00202,"과일에반하다.프루타 정자점, 요핑 정자점",기타,2019-06-19,,영업/정상,2026-09-12 21:47:54,"경기도 성남시 분당구 느티로87번길 5-1, 1층 일부호 (정자동)"
general_restaurants,일반음식점,성남 분당구,3810000-101-2019-00187,이가네양꼬치 판교알파리움직영점,중국식,2019-06-07,,영업/정상,2026-10-02 21:47:51,"경기도 성남시 분당구 판교역로 145, 타워2동 1층 113호, 114호, 115호 (백현동, 알파리움2단지)"
general_restaurants,일반음식점,성남 분당구,3810000-101-2019-00186,육블럭,한식,2019-06-07,2026-09-01,폐업,2026-09-02 21:47:53,"경기도 성남시 분당구 정자일로213번길 10, 101동 105,106호 (정자동, 성원상떼뷰리젠시)"
general_restaurants,일반음식점,성남 분당구,3810000-101-2019-00074,샐러드SLB 판교역점,기타,2019-03-21,2026-10-01,폐업,2026-10-02 21:47:51,"경기도 성남시 분당구 판교역로 152, 지하1층 일부호 (백현동)"
general_restaurants,일반음식점,성남 분당구,3810000-101-2018-00351,이즈미 판교점,일식,2018-12-06,2026-08-27,폐업,2026-08-28 21:47:52,"경기도 성남시 분당구 판교역로146번길 20, 현대백화점 판교점 9(일부)층 (백현동)"
general_restaurants,일반음식점,성남 분당구,3810000-101-2018-00216,하루인,중국식,2018-07-31,,영업/정상,2026-08-29 21:47:52,"경기도 성남시 분당구 성남대로331번길 9-9, 2(일부)층 203호 (정자동)"
general_restaurants,일반음식점,성남 분당구,3810000-101-2018-00188,리꼬 피자 분당미금점(RICCO PIZZA),경양식,2018-07-11,,영업/정상,2026-09-05 21:47:53,"경기도 성남시 분당구 성남대로172번길 24, 분당미금파크 1층 113,114호 (금곡동)"
general_restaurants,일반음식점,성남 분당구,3810000-101-2018-00034,진향,중국식,2018-02-19,,영업/정상,2026-09-29 21:47:53,"경기도 성남시 분당구 중앙공원로 35, 올림픽스포츠센터 1층 111(일부)호 (서현동)"
general_restaurants,일반음식점,성남 분당구,3810000-101-2017-00356,1978 김치집,한식,2017-11-17,,영업/정상,2026-09-05 21:47:53,"경기도 성남시 분당구 분당로53번길 14 (서현동, 서현프라자 1층 109, 110, 111호)"
general_restaurants,일반음식점,성남 분당구,3810000-101-2017-00090,봉테이블,기타,2017-03-30,2026-09-30,폐업,2026-10-01 21:47:51,"경기도 성남시 분당구 탄천로 27 (이매동, 코오롱스포렉스 5층 일부)"
general_restaurants,일반음식점,성남 분당구,3810000-101-2017-00044,현가츠,일식,2017-02-17,,영업/정상,2026-09-16 21:47:55,"경기도 성남시 분당구 운중로146번길 11-4 (운중동, 1층 전체)"
general_restaurants,일반음식점,성남 분당구,3810000-101-2016-00394,박가부대&치즈닭갈비 판교라스트리트점,한식,2016-11-02,,영업/정상,2026-09-30 21:47:50,"경기도 성남시 분당구 판교역로 145, 타워2동 2층 210호, 211호 (백현동, 알파리움)"
general_restaurants,일반음식점,성남 분당구,3810000-101-2016-00369,진백,한식,2016-10-14,,영업/정상,2026-09-29 21:47:53,"경기도 성남시 분당구 미금일로86번길 14 (구미동, 1층 일부)"
general_restaurants,일반음식점,성남 분당구,3810000-101-2016-00353,삼미리막국수 미금점,한식,2016-10-06,,영업/정상,2026-09-12 21:47:54,"경기도 성남시 분당구 미금일로90번길 36-5, 1층 109호 (구미동, 더 프라자)"
general_restaurants,일반음식점,성남 분당구,3810000-101-2016-00271,아침닭(옛날통닭),호프/통닭,2016-07-20,2026-10-07,폐업,2026-10-08 21:47:52,"경기도 성남시 분당구 돌마로 364, 12호 (수내동, 현대제일상가 1층)"
general_restaurants,일반음식점,성남 분당구,3810000-101-2016-00253,남원에덴식당 판교,한식,2016-07-05,2026-09-15,폐업,2026-09-16 21:47:55,"경기도 성남시 분당구 동판교로177번길 25, 2층 233-1호 (삼평동, 판교호반써밋플레이스)"
general_restaurants,일반음식점,성남 분당구,3810000-101-2016-00160,자산어보 판교점,횟집,2016-05-04,2026-10-06,폐업,2026-10-07 21:47:52,"경기도 성남시 분당구 대왕판교로606번길 10 (백현동, 알파리움 타워1동 2층 201호, 202호)"
general_restaurants,일반음식점,성남 분당구,3810000-101-2016-00121,돈까스브라더스,경양식,2016-04-14,2026-08-27,폐업,2026-08-28 21:47:52,"경기도 성남시 분당구 내정로165번길 38, 602동 상가지층 20호 (수내동, 양지마을)"
general_restaurants,일반음식점,성남 분당구,3810000-101-2016-00103,최가네장터,한식,2016-04-01,2026-08-27,폐업,2026-08-28 21:47:52,"경기도 성남시 분당구 서판교로44번길 9 (판교동, 1층 일부)"
general_restaurants,일반음식점,성남 분당구,3810000-101-2015-00416,토코카츠야탑점,일식,2015-09-24,2026-10-07,폐업,2026-10-08 21:47:52,"경기도 성남시 분당구 벌말로 41, 1층 108호 (야탑동, 성원프라자)"
general_restaurants,일반음식점,성남 분당구,3810000-101-2015-00098,춘업순댓국,한식,2015-03-18,,영업/정상,2026-10-09 21:47:52,"경기도 성남시 분당구 판교역로 231, B113호 (삼평동, 에이치스퀘어 에스동 지1층)"
general_restaurants,일반음식점,성남 분당구,3810000-101-2014-00473,도쿄이찌바,일식,2014-11-19,2026-08-31,폐업,2026-09-01 21:47:52,"경기도 성남시 분당구 미금일로154번길 20 (구미동, 2001아울렛 지2층 B201호일부)"
general_restaurants,일반음식점,성남 분당구,3810000-101-2014-00437,채선당플러스 판교역점,한식,2014-10-27,2026-08-31,폐업,2026-09-01 21:47:52,"경기도 성남시 분당구 대왕판교로606번길 47, 301호 (삼평동, SG타워 3층)"
general_restaurants,일반음식점,성남 분당구,3810000-101-2014-00205,홈스홈커피앤푸드,기타,2014-06-11,2026-09-02,폐업,2026-09-03 21:47:53,"경기도 성남시 분당구 구미로 189 (구미동, 1층 전부)"
general_restaurants,일반음식점,성남 분당구,3810000-101-2013-00405,둥글집,한식,2013-10-16,2026-09-21,폐업,2026-09-22 21:47:51,"경기도 성남시 분당구 성남대로144번길 12 (구미동, 1층 일부)"
general_restaurants,일반음식점,성남 분당구,3810000-101-2013-00288,이아나김밥,한식,2013-07-25,,영업/정상,2026-09-19 21:47:51,"경기도 성남시 분당구 대왕판교로606번길 58 (삼평동, 판교푸르지오월드마크 1층 1-87호)"
general_restaurants,일반음식점,성남 분당구,3810000-101-2013-00239,스시바라 야탑점,일식,2013-06-17,,영업/정상,2026-08-26 21:47:51,"경기도 성남시 분당구 매화로55번길 6-8, 1층 (야탑동)"
general_restaurants,일반음식점,성남 분당구,3810000-101-2013-00057,임실치즈피자,경양식,2013-02-25,2026-09-01,폐업,2026-09-02 21:47:53,"경기도 성남시 분당구 내정로129번길 32, 지하층 일부호 (정자동)"
general_restaurants,일반음식점,성남 분당구,3810000-101-2013-00051,교촌치킨 서판교점,통닭(치킨),2013-02-19,,영업/정상,2026-09-02 21:47:52,"경기도 성남시 분당구 판교공원로1길 3, 1층 일부호 (판교동)"
general_restaurants,일반음식점,성남 분당구,3810000-101-2012-00452,쿠로,일식,2012-10-25,,영업/정상,2026-10-02 21:47:51,"경기도 성남시 분당구 운중로166번길 4-14 (운중동, 1층)"
general_restaurants,일반음식점,성남 분당구,3810000-101-2012-00351,굽네치킨정자1동점,호프/통닭,2012-08-20,,영업/정상,2026-09-15 21:47:55,"경기도 성남시 분당구 내정로119번길 17 (정자동, 1층일부 102호)"
general_restaurants,일반음식점,성남 분당구,3810000-101-2012-00344,스카이라운지(SKY LOUNGE),경양식,2012-08-14,,영업/정상,2026-09-24 21:47:52,"경기도 성남시 분당구 정자일로 192 (정자동, 지.파크프라자 8층 801호 일부)"
general_restaurants,일반음식점,성남 분당구,3810000-101-2012-00296,미방,식육(숯불구이),2012-07-11,2026-09-01,폐업,2026-09-02 21:47:52,"경기도 성남시 분당구 느티로 16 (정자동, 젤존타워1     1층   118호)"
general_restaurants,일반음식점,성남 분당구,3810000-101-2012-00204,불탄왕뼈구이 판교점,한식,2012-05-24,,영업/정상,2026-08-29 21:47:52,"경기도 성남시 분당구 대왕판교로 660 (삼평동, 유스페이스 1동  2층  209-4호)"
general_restaurants,일반음식점,성남 분당구,3810000-101-2012-00164,칭따오,중국식,2012-05-02,,영업/정상,2026-10-07 21:47:52,"경기도 성남시 분당구 판교로255번길 9-22 (삼평동, 판교우림W-city 지하1층 B105호)"
general_restaurants,일반음식점,성남 분당구,3810000-101-2012-00088,부엉이산장 서현점,한식,2012-03-26,,영업/정상,2026-09-23 21:47:52,"경기도 성남시 분당구 서현로210번길 17 (서현동, 광림프라자 203호, 204호)"
general_restaurants,일반음식점,성남 분당구,3810000-101-2010-00448,왔다닭발,기타,2010-12-15,2026-08-26,폐업,2026-08-27 21:47:52,"경기도 성남시 분당구 정자일로 25 (금곡동, 대덕프라자 1층 109호)"
general_restaurants,일반음식점,성남 분당구,3810000-101-2010-00254,조은맛집,한식,2010-07-30,2026-08-26,폐업,2026-08-27 21:47:52,"경기도 성남시 분당구 성남대로779번길 54 (이매동,동산쇼핑몰 1층 106호)"
general_restaurants,일반음식점,성남 분당구,3810000-101-2010-00136,하치로돈부리 서현,기타,2010-05-03,,영업/정상,2026-09-01 21:47:52,"경기도 성남시 분당구 분당로53번길 14 (서현동, 서현프라자 1층 107,113호)"
general_restaurants,일반음식점,성남 분당구,3810000-101-2009-00394,닐리파스타앤피자,경양식,2009-12-29,,영업/정상,2026-09-19 21:47:51,"경기도 성남시 분당구 정자일로 210 (정자동,동양정자파라곤 1층 108호)"
general_restaurants,일반음식점,성남 분당구,3810000-101-2009-00296,김가네김밥(서판교점),분식,2009-10-08,,영업/정상,2026-09-19 21:47:51,"경기도 성남시 분당구 서판교로 29 (판교동,한림아파트 분산상가 102호)"
general_restaurants,일반음식점,성남 분당구,3810000-101-2009-00236,포메인 수내점,기타,2009-08-24,2026-09-03,폐업,2026-09-04 21:47:53,"경기도 성남시 분당구 황새울로214번길 8 (수내동,엠에스프라자 205호,206호)"
general_restaurants,일반음식점,성남 분당구,3810000-101-2009-00141,막내쌈밥,한식,2009-06-03,,영업/정상,2026-10-01 21:47:51,"경기도 성남시 분당구 황새울로258번길 28 (수내동,한산이씨좌랑공파종중 사옥 1층 일부)"
general_restaurants,일반음식점,성남 분당구,3810000-101-2008-00297,롤링파스타 앤 스테이크 서현역점,경양식,2008-10-27,,영업/정상,2026-09-16 21:47:55,"경기도 성남시 분당구 분당로53번길 14 (서현동,서현프라자 2층 202호,203호,204호)"
general_restaurants,일반음식점,성남 분당구,3810000-101-2008-00265,죽왕숯불닭갈비,호프/통닭,2008-09-24,,영업/정상,2026-09-18 21:47:51,"경기도 성남시 분당구 성남대로916번길 20 (야탑동, 노블리치1오피스텔 201호)"
general_restaurants,일반음식점,성남 분당구,3810000-101-2008-00223,그집,한식,2008-08-07,,영업/정상,2026-09-17 21:47:51,"경기도 성남시 분당구 황새울로 337 (서현동, 웰빙프라자1층 109 , 110호 )"
general_restaurants,일반음식점,성남 분당구,3810000-101-2007-00358,주식회사 아비꼬,일식,2007-11-16,,영업/정상,2026-09-05 21:47:53,"경기도 성남시 분당구 분당로53번길 15 (서현동,산호트윈스 205호)"
general_restaurants,일반음식점,성남 분당구,3810000-101-2006-00096,짚동가리쌩주,호프/통닭,2006-04-05,2026-09-01,폐업,2026-09-02 21:47:52,"경기도 성남시 분당구 황새울로360번길 28 (서현동,번지 은성프라자 2층 201,203,204호)"
general_restaurants,일반음식점,성남 분당구,3810000-101-2006-00072,The더사계,한식,2006-03-16,2026-10-01,폐업,2026-10-02 21:47:51,"경기도 성남시 분당구 양현로 451-1 (야탑동,1층 일부)"
general_restaurants,일반음식점,성남 분당구,3810000-101-2005-00547,포메인레드 수내점,"외국음식전문점(인도,태국등)",2005-12-28,,영업/정상,2026-09-30 21:47:50,"경기도 성남시 분당구 황새울로200번길 32 (수내동,삼라마이다스빌 101호)"
general_restaurants,일반음식점,성남 분당구,3810000-101-2005-00152,트리플라운지,한식,2005-04-15,,영업/정상,2026-09-08 21:47:53,"경기도 성남시 분당구 성남대로343번길 12-6 (정자동, 3층 일부)"
general_restaurants,일반음식점,성남 분당구,3810000-101-2002-00205,힘내라명품정육식당,식육(숯불구이),2002-06-29,,영업/정상,2026-09-23 21:47:52,"경기도 성남시 분당구 장미로86번길 9 (야탑동,  B동 1층 )"
general_restaurants,일반음식점,성남 분당구,3810000-101-2002-00132,서현오뎅집,한식,2002-05-06,2026-09-14,폐업,2026-09-15 21:47:55,"경기도 성남시 분당구 황새울로360번길 26 (서현동,삼보프라자 3층304호)"
general_restaurants,일반음식점,성남 분당구,3810000-101-2002-00081,시로코,까페,2002-03-30,,영업/정상,2026-10-01 21:47:51,"경기도 성남시 분당구 안골로 24 (서현동, 5층 )"
general_restaurants,일반음식점,성남 분당구,3810000-101-2002-00078,메종드쿠로이 분당점,한식,2002-03-26,,영업/정상,2026-09-01 21:47:52,"경기도 성남시 분당구 성남대로2번길 6 (구미동, LG트윈하우스 1층114호 )"
general_restaurants,일반음식점,성남 분당구,3810000-101-2001-01630,혼미 분당서현점,정종/대포집/소주방,2001-10-29,,영업/정상,2026-10-02 21:47:51,"경기도 성남시 분당구 서현로210번길 2 (서현동,성지하이츠텔 1층 104호)"
general_restaurants,일반음식점,성남 분당구,3810000-101-2001-01136,그사랑한들교회(스페이스361),기타,2001-09-12,,영업/정상,2026-09-18 21:47:51,"경기도 성남시 분당구 매화로37번길 13-11 (야탑동,지1층)"
general_restaurants,일반음식점,성남 분당구,3810000-101-2001-01386,곤지암할매 소머리국밥야탑점,한식,2001-07-12,2026-09-23,폐업,2026-09-24 21:47:52,"경기도 성남시 분당구 판교로572번길 6, 1층 (야탑동)"
general_restaurants,일반음식점,성남 분당구,3810000-101-2001-01139,기가막힌코다리,식육(숯불구이),2001-03-10,,영업/정상,2026-09-22 21:47:51,"경기도 성남시 분당구 대왕판교로 102 (금곡동, 외 5필지 1층 )"
general_restaurants,일반음식점,성남 분당구,3810000-101-2001-00999,사계진미,한식,2000-06-02,,영업/정상,2026-10-01 21:47:51,"경기도 성남시 분당구 양현로 453 (야탑동,1층)"
general_restaurants,일반음식점,성남 분당구,3810000-101-1999-00090,화상손만두 정자직영점,분식,1999-10-16,,영업/정상,2026-09-09 21:47:54,"경기도 성남시 분당구 불정로77번길 4-5, 1층 (정자동)"
general_restaurants,일반음식점,성남 분당구,3810000-101-2001-00218,뜨돈 분당서현점,일식,1995-11-24,,영업/정상,2026-09-02 21:47:52,"경기도 성남시 분당구 황새울로360번길 26 (서현동,삼보프라자2층 203호)"
general_restaurants,일반음식점,성남 분당구,3810000-101-2001-00095,먹개비촌,한식,1994-10-11,,영업/정상,2026-08-26 21:47:51,경기도 성남시 분당구 효자길 37 (서현동)
general_restaurants,일반음식점,성남 분당구,3810000-101-1993-00019,썸(XUM) 씨푸드보일링 & 바베큐,한식,1993-05-21,,영업/정상,2026-09-11 21:47:54,"경기도 성남시 분당구 돌마로522번길 12, 1층 (서현동)"
general_restaurants,일반음식점,인천 영종(옛 중구),3491000-101-2026-00329,리메인Z호텔 조식당,기타,2026-10-07,,영업/정상,2026-10-08 22:47:51,"인천광역시 영종구 미단금산로 11, 미단시티 골든아르테 1층 132~142호 (운북동)"
general_restaurants,일반음식점,인천 영종(옛 중구),3491000-101-2026-00328,천년닭강정 영종운서점,호프/통닭,2026-10-07,,영업/정상,2026-10-08 22:47:51,"인천광역시 영종구 화랑목로 56-4, 1층 101호 (운서동)"
general_restaurants,일반음식점,인천 영종(옛 중구),3491000-101-2026-00327,라 밤바,한식,2026-10-02,,영업/정상,2026-10-03 22:47:50,"인천광역시 영종구 공항로424번길 60, 대우스카이월드 1층 110, 111호 (운서동)"
general_restaurants,일반음식점,인천 영종(옛 중구),3491000-101-2026-00326,전복칼국수랑밴댕이,한식,2026-10-02,,영업/정상,2026-10-03 22:47:50,"인천광역시 영종구 백운로 19-1, 2층 일부 (중산동)"
general_restaurants,일반음식점,인천 영종(옛 중구),3491000-101-2026-00325,주도락 신용산본점,기타,2026-10-02,2026-10-06,폐업,2026-10-08 22:47:51,"인천광역시 영종구 영종해안남로321번길 186, 파라다이스시티 내 컬쳐파크 109부스 (운서동)"
general_restaurants,일반음식점,인천 영종(옛 중구),3491000-101-2026-00324,퀸즈스마일,기타,2026-10-02,2026-10-06,폐업,2026-10-08 22:47:51,"인천광역시 영종구 영종해안남로321번길 186, 파라다이스시티 내 켤쳐파크 104, 105, 106, 107, 108부스 (운서동)"
general_restaurants,일반음식점,인천 영종(옛 중구),3491000-101-2026-00323,퀸즈스마일,기타,2026-10-02,2026-10-06,폐업,2026-10-08 22:47:50,"인천광역시 영종구 영종해안남로321번길 186, 파라다이스시티 내 컬쳐파크 91,92부스 (운서동)"
general_restaurants,일반음식점,인천 영종(옛 중구),3491000-101-2026-00322,푸드코트,한식,2026-10-01,,영업/정상,2026-10-02 22:47:50,"인천광역시 영종구 화랑목로100번길 65, 1층 103호 일부 (운서동)"
general_restaurants,일반음식점,인천 영종(옛 중구),3491000-101-2026-00321,캘리카페,기타,2026-09-29,,영업/정상,2026-09-30 22:47:50,"인천광역시 영종구 운서로7번길 71, 1층 101,102호 (운서동)"
general_restaurants,일반음식점,인천 영종(옛 중구),3491000-101-2026-00320,비에이치씨 공항신도시점,호프/통닭,2026-09-28,,영업/정상,2026-09-29 22:47:50,"인천광역시 영종구 흰바위로 35, 영종해수사우나 1층 107호 (운서동)"
general_restaurants,일반음식점,인천 영종(옛 중구),3491000-101-2026-00319,황생가칼국수 파라다이스시티점,한식,2026-09-28,,영업/정상,2026-09-29 22:47:50,"인천광역시 영종구 영종해안남로321번길 186, 파라다이스시티 플라자 1층 A블록 (운서동)"
general_restaurants,일반음식점,인천 영종(옛 중구),3491000-101-2026-00318,MJ23 스포츠 바 앤 그릴_하이파이 코리안 소울 푸드,기타,2026-09-23,2026-09-26,폐업,2026-09-28 22:47:50,"인천광역시 영종구 공항문화로 127, 인스파이어 3층 일부 (운서동)"
general_restaurants,일반음식점,인천 영종(옛 중구),3491000-101-2026-00317,미나기,기타,2026-09-23,2026-09-26,폐업,2026-09-28 22:47:50,"인천광역시 영종구 공항문화로 127, 인스파이어 3층 일부 (운서동)"
general_restaurants,일반음식점,인천 영종(옛 중구),3491000-101-2026-00316,끝장난 김치찌개,한식,2026-09-22,,영업/정상,2026-09-23 22:47:51,"인천광역시 영종구 오작로 40, 1층 102호 (중산동)"
general_restaurants,일반음식점,인천 영종(옛 중구),3491000-101-2026-00315,엠케이펍,기타,2026-09-21,2026-10-05,폐업,2026-10-07 22:47:52,"인천광역시 영종구 공항문화로 127, 인스파이어 키네틱 필드-15 (운서동)"
general_restaurants,일반음식점,인천 영종(옛 중구),3491000-101-2026-00314,(주)엠케이펍,기타,2026-09-21,2026-10-05,폐업,2026-10-07 22:47:52,"인천광역시 영종구 공항문화로 127, 인스파이어 서킷 그라운드-14 (운서동)"
general_restaurants,일반음식점,인천 영종(옛 중구),3491000-101-2026-00313,(주)엠케이펍,기타,2026-09-21,2026-10-05,폐업,2026-10-07 22:47:52,"인천광역시 영종구 공항문화로 127, 인스파이어 서킷 그라운드-11 (운서동)"
general_restaurants,일반음식점,인천 영종(옛 중구),3491000-101-2026-00312,(주)엠케이펍,기타,2026-09-21,2026-10-05,폐업,2026-10-07 22:47:51,"인천광역시 영종구 공항문화로 127, 인스파이어 키네틱 필드-10 (운서동)"
general_restaurants,일반음식점,인천 영종(옛 중구),3491000-101-2026-00311,(주)엠케이펍,기타,2026-09-21,2026-10-05,폐업,2026-10-07 22:47:51,"인천광역시 영종구 공항문화로 127, 인스파이어 키네틱 필드-10 (운서동)"
general_restaurants,일반음식점,인천 영종(옛 중구),3491000-101-2026-00310,(주)엠케이펍,기타,2026-09-21,2026-10-05,폐업,2026-10-07 22:47:51,"인천광역시 영종구 공항문화로 127, 인스파이어 서킷 그라운드-10 (운서동)"
general_restaurants,일반음식점,인천 영종(옛 중구),3491000-101-2026-00309,(주)엠케이펍,기타,2026-09-21,2026-10-05,폐업,2026-10-07 22:47:51,"인천광역시 영종구 공항문화로 127, 인스파이어 키네틱 필드-7 (운서동)"
general_restaurants,일반음식점,인천 영종(옛 중구),3491000-101-2026-00308,(주)엠케이펍,기타,2026-09-21,2026-10-05,폐업,2026-10-07 22:47:51,"인천광역시 영종구 공항문화로 127, 인스파이어 스테레오 볼륨룸-5 (운서동)"
general_restaurants,일반음식점,인천 영종(옛 중구),3491000-101-2026-00307,(주)엠케이펍,기타,2026-09-21,2026-10-05,폐업,2026-10-07 22:47:51,"인천광역시 영종구 공항문화로 127, 인스파이어 픽셀 포레스트-2 (운서동)"
general_restaurants,일반음식점,인천 영종(옛 중구),3491000-101-2026-00306,(주)엠케이펍,기타,2026-09-21,2026-10-05,폐업,2026-10-07 22:47:51,"인천광역시 영종구 공항문화로 127, 인스파이어 픽셀포레스트-1 (운서동)"
general_restaurants,일반음식점,인천 영종(옛 중구),3491000-101-2026-00304,영종바다다,한식,2026-09-21,,영업/정상,2026-09-22 22:47:50,"인천광역시 영종구 신도시남로141번길 7, 신공항프라자 1층 107호 (운서동)"
general_restaurants,일반음식점,인천 영종(옛 중구),3491000-101-2026-00303,야화혼술바 영종운서점,한식,2026-09-21,,영업/정상,2026-09-22 22:47:50,"인천광역시 영종구 영종대로196번길 19, 지엘플렉스1, 1동 1층 112호 (운서동)"
general_restaurants,일반음식점,인천 영종(옛 중구),3491000-101-2026-00302,로우앤슬로우,기타,2026-09-21,2026-10-05,폐업,2026-10-07 22:47:51,"인천광역시 영종구 공항문화로 127, 인스파이어 내 EDC행사장 (운서동)"
general_restaurants,일반음식점,인천 영종(옛 중구),3491000-101-2026-00301,갈바삭 파주운정스타필드점,기타,2026-09-18,2026-10-05,폐업,2026-10-07 22:47:51,"인천광역시 영종구 공항문화로 127, 인스파이어리조트 내 EDC행사장 (운서동)"
general_restaurants,일반음식점,인천 영종(옛 중구),3491000-101-2026-00300,퀵 바이트3,기타,2026-09-18,2026-09-19,폐업,2026-09-21 22:47:50,"인천광역시 영종구 공항문화로 127, 인스파이어 3층일부 (운서동)"
general_restaurants,일반음식점,인천 영종(옛 중구),3491000-101-2026-00299,오션 라운지,기타,2026-09-18,2026-09-19,폐업,2026-09-21 22:47:50,"인천광역시 영종구 공항문화로 127, 인스파이어 3층일부 (운서동)"
general_restaurants,일반음식점,인천 영종(옛 중구),3491000-101-2026-00298,신씨네 칼국수 전골,한식,2026-09-17,,영업/정상,2026-09-18 22:47:50,"인천광역시 영종구 하늘중앙로225번길 17-1, 스카이에비뉴3차 2층 201호 (중산동)"
general_restaurants,일반음식점,인천 영종(옛 중구),3491000-101-2026-00297,물결위의 그집,한식,2026-09-17,,영업/정상,2026-09-18 22:47:50,"인천광역시 영종구 은하수로 14, 6층 601, 602호 (중산동)"
general_restaurants,일반음식점,인천 영종(옛 중구),3491000-101-2026-00296,아구듬뿍&알곤마니 영종하늘도시점,한식,2026-09-14,,영업/정상,2026-09-15 22:47:50,"인천광역시 영종구 자연대로 41, 영종스카이스타 2층 207호 (중산동)"
general_restaurants,일반음식점,인천 영종(옛 중구),3491000-101-2026-00295,선 라운지,기타,2026-09-11,2026-09-12,폐업,2026-09-14 22:47:50,"인천광역시 영종구 공항문화로 127, 인스파이어 3층일부 (운서동)"
general_restaurants,일반음식점,인천 영종(옛 중구),3491000-101-2026-00294,퀵 바이트2,기타,2026-09-11,2026-09-12,폐업,2026-09-14 22:47:50,"인천광역시 영종구 공항문화로 127, 인스파이어 3층일부 (운서동)"
general_restaurants,일반음식점,인천 영종(옛 중구),3491000-101-2026-00293,아일랜드 F&B,일식,2026-09-10,,영업/정상,2026-09-11 22:47:50,"인천광역시 영종구 모랫말로 6-9, 1층 104호 (운서동)"
general_restaurants,일반음식점,인천 영종(옛 중구),3491000-101-2026-00292,야르디제이포차,정종/대포집/소주방,2026-09-09,,영업/정상,2026-09-10 22:47:50,"인천광역시 영종구 하늘중앙로225번길 12, 정인타워 4층 402호 (중산동)"
general_restaurants,일반음식점,인천 영종(옛 중구),3491000-101-2026-00291,고가생막창 운서직영점,식육(숯불구이),2026-09-09,,영업/정상,2026-09-10 22:47:50,"인천광역시 영종구 햇내로28번길 7, 1층 103,104호 및 옥외일부 (운서동)"
general_restaurants,일반음식점,인천 영종(옛 중구),3491000-101-2026-00290,진곱도리탕 영종하늘도시점,한식,2026-09-09,,영업/정상,2026-09-10 22:47:50,"인천광역시 영종구 자연대로 38, 영종하늘도시 트루엘 에디션 2층 204호 (중산동)"
general_restaurants,일반음식점,인천 영종(옛 중구),3491000-101-2026-00289,재벌치킨 영종본점,호프/통닭,2026-09-08,,영업/정상,2026-09-10 22:47:50,"인천광역시 영종구 넙디로 26, 1층 103호 (운서동)"
general_restaurants,일반음식점,인천 영종(옛 중구),3491000-101-2026-00288,퀵 바이트1,기타,2026-09-04,2026-09-05,폐업,2026-09-07 22:47:50,"인천광역시 영종구 공항문화로 127, 인스파이어 3층일부 (운서동)"
general_restaurants,일반음식점,인천 영종(옛 중구),3491000-101-2026-00287,포레스트 라운지,기타,2026-09-04,2026-09-05,폐업,2026-09-07 22:47:50,"인천광역시 영종구 공항문화로 127, 인스파이어 3층일부 (운서동)"
general_restaurants,일반음식점,인천 영종(옛 중구),3491000-101-2026-00286,푸르파파 서초우성직영점,기타,2026-09-03,2026-09-06,폐업,2026-09-08 22:47:50,"인천광역시 영종구 영종해안남로321번길 186, 역사광장 1호 (운서동)"
general_restaurants,일반음식점,인천 영종(옛 중구),3491000-101-2026-00285,수테이블 트라토리아,경양식,2026-09-02,,영업/정상,2026-09-03 22:47:50,"인천광역시 영종구 백운로 19, 지하1층 (중산동)"
general_restaurants,일반음식점,인천 영종(옛 중구),3491000-101-2026-00284,제육관,한식,2026-09-01,,영업/정상,2026-09-02 22:47:50,"인천광역시 영종구 화랑목로 40-10, 1층 2호 (운서동)"
general_restaurants,일반음식점,인천 영종(옛 중구),3491000-101-2026-00283,온그릇 비빔밥 영종점,한식,2026-09-01,,영업/정상,2026-10-02 22:47:50,"인천광역시 영종구 자연대로 37, 1층 108호 (중산동)"
general_restaurants,일반음식점,인천 영종(옛 중구),3491000-101-2026-00282,주도락 신용산본점,일식,2026-09-01,2026-09-06,폐업,2026-09-08 22:47:50,"인천광역시 영종구 영종해안남로321번길 186, 컬쳐파크 9동 (운서동)"
general_restaurants,일반음식점,인천 영종(옛 중구),3491000-101-2026-00281,깡치네 망원본점,한식,2026-08-31,2026-09-06,폐업,2026-09-08 22:47:50,"인천광역시 영종구 영종해안남로321번길 186, 역사광장 3동 (운서동)"
general_restaurants,일반음식점,인천 영종(옛 중구),3491000-101-2026-00280,링크업,기타,2026-08-31,2026-09-06,폐업,2026-09-08 22:47:50,"인천광역시 영종구 영종해안남로321번길 186, 파라다이스시티 13동 (운서동)"
general_restaurants,일반음식점,인천 영종(옛 중구),3491000-101-2026-00279,링크업,기타,2026-08-31,2026-09-06,폐업,2026-09-08 22:47:50,"인천광역시 영종구 영종해안남로321번길 186, 파라다이스시티 11,12동 (운서동)"
general_restaurants,일반음식점,인천 영종(옛 중구),3491000-101-2026-00278,링크업,기타,2026-08-31,2026-09-06,폐업,2026-09-08 22:47:50,"인천광역시 영종구 영종해안남로321번길 186, 컬쳐파크 10동 (운서동)"
general_restaurants,일반음식점,인천 영종(옛 중구),3491000-101-2026-00277,링크업,기타,2026-08-31,2026-09-06,폐업,2026-09-08 22:47:50,"인천광역시 영종구 영종해안남로321번길 186, 역사광장 옆 6,7동 (운서동)"
general_restaurants,일반음식점,인천 영종(옛 중구),3491000-101-2026-00276,콜리컴퍼니,한식,2026-08-31,2026-09-06,폐업,2026-09-08 22:47:50,"인천광역시 영종구 영종해안남로321번길 186, 역사광장 옆 8동 (운서동)"
general_restaurants,일반음식점,인천 영종(옛 중구),3491000-101-2026-00275,우이락 파라다이스 점,분식,2026-08-31,,영업/정상,2026-09-19 22:47:50,"인천광역시 영종구 영종해안남로321번길 186, 파라다이스시티 내 PLAZA 1층 F105호 (운서동)"
general_restaurants,일반음식점,인천 영종(옛 중구),3491000-101-2026-00274,요리주점 구석,기타,2026-08-31,,영업/정상,2026-09-19 22:47:50,"인천광역시 영종구 영종대로 911, 블루오션1차 1층 117,118호 (중산동)"
general_restaurants,일반음식점,인천 영종(옛 중구),3491000-101-2026-00273,요이,기타,2026-08-28,,영업/정상,2026-08-29 22:47:50,"인천광역시 영종구 하늘중앙로225번길 20, 스카이에비뉴2 3층 304호 (중산동)"
general_restaurants,일반음식점,인천 영종(옛 중구),3491000-101-2026-00272,삼동소바 영종하늘도시점,분식,2026-08-28,,영업/정상,2026-08-29 22:47:50,"인천광역시 영종구 중산로 88, 제2동 1층일부 (중산동)"
general_restaurants,일반음식점,인천 영종(옛 중구),3491000-101-2026-00271,오로라 바,기타,2026-08-28,2026-08-29,폐업,2026-08-31 22:47:50,"인천광역시 영종구 공항문화로 127, 인스파이어 3층일부 (운서동)"
general_restaurants,일반음식점,인천 영종(옛 중구),3491000-101-2026-00270,오아시스 고메 빌리지,기타,2026-08-28,2026-08-29,폐업,2026-08-31 22:47:50,"인천광역시 영종구 공항문화로 127, 인스파이어 3층일부 (운서동)"
general_restaurants,일반음식점,인천 영종(옛 중구),3491000-101-2026-00269,피자닭터,푸드트럭,2026-08-26,,영업/정상,2026-08-27 22:47:51,"인천광역시 영종구 영종대로565번길 20 (운남동, 영종오션파크모아엘가그랑데)"
general_restaurants,일반음식점,인천 영종(옛 중구),3491000-101-2026-00268,문래한잔 혼술바 인천 영종점,기타,2026-08-26,,영업/정상,2026-08-27 22:47:50,"인천광역시 영종구 햇내로 18, 프라임시티 2 1층 105호 (운서동)"
general_restaurants,일반음식점,인천 영종(옛 중구),3491000-101-2026-00267,맛있는 한 끼 왓소요,기타,2026-08-25,,영업/정상,2026-09-15 22:47:50,"인천광역시 영종구 영종대로196번길 7, 203, 204, 205호 일부 (운서동)"
general_restaurants,일반음식점,인천 영종(옛 중구),3491000-101-2026-00266,짱타코야키,푸드트럭,2026-08-25,,영업/정상,2026-08-26 22:47:50,"인천광역시 영종구 영종대로565번길 20 (운남동, 영종오션파크모아엘가그랑데)"
general_restaurants,일반음식점,인천 영종(옛 중구),3491000-101-2026-00265,홍복당,푸드트럭,2026-08-25,,영업/정상,2026-08-26 22:47:50,"인천광역시 영종구 영종대로565번길 20 (운남동, 영종오션파크모아엘가그랑데)"
general_restaurants,일반음식점,인천 영종(옛 중구),3491000-101-2026-00261,차오름,기타,2026-08-20,,영업/정상,2026-09-15 22:47:50,"인천광역시 영종구 하늘달빛로64번길 6-3, 스카이 메디컬 프라자 1동 2층 201호 일부 (중산동)"
general_restaurants,일반음식점,인천 영종(옛 중구),3491000-101-2026-00256,술집,정종/대포집/소주방,2026-08-14,,영업/정상,2026-08-29 22:47:50,"인천광역시 영종구 운중로 19, 1층 (운남동)"
general_restaurants,일반음식점,인천 영종(옛 중구),3491000-101-2026-00252,하달곰,기타,2026-08-12,,영업/정상,2026-08-29 22:47:50,"인천광역시 영종구 월촌길 4, 1층 102호 (중산동)"
general_restaurants,일반음식점,인천 영종(옛 중구),3491000-101-2026-00247,주식회사 튤립호텔출장부페,출장조리,2026-08-04,,영업/정상,2026-09-05 22:47:50,"인천광역시 영종구 흰바위로59번길 8, 2층 235호 (운서동)"
general_restaurants,일반음식점,인천 영종(옛 중구),3491000-101-2026-00236,원조강릉 회 조개구이,횟집,2026-07-28,,영업/정상,2026-10-07 22:47:50,"인천광역시 영종구 을왕로 42-1, 1~2층, 옥외일부 (을왕동)"
general_restaurants,일반음식점,인천 영종(옛 중구),3491000-101-2026-00228,스카이 한식 뷔페,호프/통닭,2026-07-22,,영업/정상,2026-09-18 22:47:50,"인천광역시 영종구 은하수로29번길 48, 2층 201호 (중산동)"
general_restaurants,일반음식점,인천 영종(옛 중구),3491000-101-2026-00202,해오름해물포차,횟집,2026-06-17,,영업/정상,2026-09-15 22:47:50,"인천광역시 영종구 영종진광장로 32, 오션 솔레뷰 2층 206호 (중산동)"
general_restaurants,일반음식점,인천 영종(옛 중구),3491000-101-2026-00198,한나네해산물연탄포차,횟집,2026-06-09,,영업/정상,2026-09-30 22:47:50,"인천광역시 영종구 운중로 39-2, 1층 103,104호 (운남동)"
general_restaurants,일반음식점,인천 영종(옛 중구),3491000-101-2026-00161,태종대 회조개구이,횟집,2026-05-14,,영업/정상,2026-10-03 22:47:50,"인천광역시 영종구 을왕로 48-1, 1,2층 (을왕동)"
general_restaurants,일반음식점,인천 영종(옛 중구),3491000-101-2026-00137,한양회 조개구이,횟집,2026-04-28,,영업/정상,2026-10-07 22:47:50,"인천광역시 영종구 을왕로 42, 1,2층, 옥외일부 (을왕동)"
general_restaurants,일반음식점,인천 영종(옛 중구),3491000-101-2026-00305,담소 혼술바 운서역점,기타,2026-04-27,,영업/정상,2026-09-22 22:47:50,"인천광역시 영종구 영종대로196번길 26, 응답하라1976, 1층 110호 (운서동)"
general_restaurants,일반음식점,인천 영종(옛 중구),3491000-101-2026-00108,영종대방식당,기타,2026-04-07,,영업/정상,2026-09-15 22:47:50,인천광역시 영종구 중산동 1958-8 대방건설 디에트르라메르 아파트 현장 내 1~2층
general_restaurants,일반음식점,인천 영종(옛 중구),3491000-101-2026-00097,한엔프엔비,기타,2026-03-30,2026-08-25,폐업,2026-08-26 22:47:50,"인천광역시 영종구 모랫말로 6-9, 1층 104호 (운서동)"
general_restaurants,일반음식점,인천 영종(옛 중구),3491000-101-2026-00330,원푸드,푸드트럭,2026-03-12,,영업/정상,2026-10-09 22:47:50,"인천광역시 영종구 영종대로277번길 47-10 (운서동, 운서역 금강펜테리움)"
general_restaurants,일반음식점,인천 영종(옛 중구),3491000-101-2026-00039,엘리트양꼬치,중국식,2026-02-04,,영업/정상,2026-09-29 22:47:50,"인천광역시 영종구 공항로424번길 72, IBC 디오빌 1층 118,119호 (운서동)"
general_restaurants,일반음식점,인천 영종(옛 중구),3491000-101-2025-00495,(주)캘리스코 히바린 파라다이스시티점,기타,2025-12-18,,영업/정상,2026-09-11 22:47:50,"인천광역시 영종구 영종해안남로321번길 186, 파라다이스시티플라자 2층 F203호 (운서동)"
general_restaurants,일반음식점,인천 영종(옛 중구),3491000-101-2025-00469,페삭 파라다이스시티점,기타,2025-12-01,,영업/정상,2026-09-11 22:47:50,"인천광역시 영종구 영종해안남로321번길 186, 파라다이스시티플라자 E블록 1층 1K-01E호 (운서동)"
general_restaurants,일반음식점,인천 영종(옛 중구),3491000-101-2025-00462,사파이어 라운지,기타,2025-11-24,,영업/정상,2026-09-10 22:47:50,"인천광역시 영종구 공항문화로 127, 인스파이어 4층 R-04호 일부 (운서동)"
general_restaurants,일반음식점,인천 영종(옛 중구),3491000-101-2025-00457,잭슨클럽하우스 파라다이스시티점,기타,2025-11-18,,영업/정상,2026-09-11 22:47:50,"인천광역시 영종구 영종해안남로321번길 186, 파라다이스시티 플라자 2층 F204호 (운서동)"
general_restaurants,일반음식점,인천 영종(옛 중구),3491000-101-2025-00435,시골가마솥김치찜 하늘도시점,한식,2025-11-03,2026-09-29,폐업,2026-09-30 22:47:50,"인천광역시 영종구 자연대로 8, 블루오션 레지던스호텔 3 1층 110호 (중산동)"
general_restaurants,일반음식점,인천 영종(옛 중구),3491000-101-2025-00394,별빛반점,중국식,2025-10-10,2026-10-06,폐업,2026-10-07 22:47:50,"인천광역시 영종구 하늘달빛로 94, 2층 206호 (중산동)"
general_restaurants,일반음식점,인천 영종(옛 중구),3491000-101-2025-00389,카츄마마 인천파라다이스 원더박스점,분식,2025-09-30,,영업/정상,2026-10-01 22:47:50,"인천광역시 영종구 영종해안남로321번길 186, 파라다이스시티 원더박스 1층 (운서동)"
general_restaurants,일반음식점,인천 영종(옛 중구),3491000-101-2025-00383,오늘은새우회(영종도점),횟집,2025-09-29,2026-09-22,폐업,2026-09-23 22:47:50,"인천광역시 영종구 오작로 40, 1층 102호 (중산동)"
general_restaurants,일반음식점,인천 영종(옛 중구),3491000-101-2025-00379,복당2,한식,2025-09-26,,영업/정상,2026-10-03 22:47:50,"인천광역시 영종구 흰바위로 97, 수린나 오피스텔 1층 105,106호 (운서동)"
general_restaurants,일반음식점,인천 영종(옛 중구),3491000-101-2025-00375,한와담소반 파라다이스시티점,일식,2025-09-22,,영업/정상,2026-09-22 22:47:50,"인천광역시 영종구 영종해안남로321번길 186, 파라다이스시티플라자 1층 푸드코트 H블록 (운서동)"
general_restaurants,일반음식점,인천 영종(옛 중구),3491000-101-2025-00347,섬마을 쭈꾸미,한식,2025-09-08,,영업/정상,2026-09-30 22:47:50,"인천광역시 영종구 영종진로11번길 23, 1층 (중산동)"
general_restaurants,일반음식점,인천 영종(옛 중구),3491000-101-2025-00336,산장치킨2,호프/통닭,2025-09-03,,영업/정상,2026-08-27 22:47:50,"인천광역시 영종구 흰바위로 97, 수린나 오피스텔 1층 108,109호 (운서동)"
general_restaurants,일반음식점,인천 영종(옛 중구),3491000-101-2025-00330,탐라육해,기타,2025-09-01,,영업/정상,2026-10-08 22:47:50,"인천광역시 영종구 하늘별빛로65번길 7-11, 1층 106,107호 (중산동)"
general_restaurants,일반음식점,인천 영종(옛 중구),3491000-101-2025-00305,KFC 인스파이어점,기타,2025-08-20,,영업/정상,2026-09-10 22:47:50,"인천광역시 영종구 공항문화로 127, 인스파이어 1층 R-17호 (운서동)"
general_restaurants,일반음식점,인천 영종(옛 중구),3491000-101-2025-00259,닭 삼백집·고기박사 냉면 초계막국수,기타,2025-07-17,,영업/정상,2026-09-18 22:47:50,"인천광역시 영종구 용유서로 442, 2층 (을왕동)"
general_restaurants,일반음식점,인천 영종(옛 중구),3491000-101-2025-00258,스플래시 바,기타,2025-07-17,,영업/정상,2026-09-10 22:47:50,"인천광역시 영종구 공항문화로 127, 인스파이어리조트 1층 F02-03호 (운서동)"
general_restaurants,일반음식점,인천 영종(옛 중구),3491000-101-2025-00194,베어스시,일식,2025-06-13,,영업/정상,2026-09-10 22:47:50,"인천광역시 영종구 공항문화로 127, 인스파이어 1층 R-12D호 (운서동)"
general_restaurants,일반음식점,인천 영종(옛 중구),3491000-101-2025-00147,앤스키친,분식,2025-05-12,2026-09-22,폐업,2026-09-23 22:47:50,"인천광역시 영종구 큰말로 69, 1층 101.102호 (운남동)"
general_restaurants,일반음식점,인천 영종(옛 중구),3491000-101-2025-00139,요리주점 구석,기타,2025-05-01,2026-08-31,폐업,2026-09-01 22:47:50,"인천광역시 영종구 영종대로 911, 블루오션1차 1층 117,118호 (중산동)"
general_restaurants,일반음식점,인천 영종(옛 중구),3491000-101-2025-00091,룩아웃바,기타,2025-03-26,,영업/정상,2026-09-10 22:47:50,"인천광역시 영종구 공항문화로 127, 인스파이어 3층 H-01호 (운서동)"
general_restaurants,일반음식점,인천 영종(옛 중구),3491000-101-2025-00031,조개구읍기 본점,한식,2025-01-31,,영업/정상,2026-09-17 22:47:50,"인천광역시 영종구 은하수로 28, 203호 (중산동)"
general_restaurants,일반음식점,인천 영종(옛 중구),3491000-101-2025-00004,샤브앤초이스,한식,2025-01-07,,영업/정상,2026-09-30 22:47:50,"인천광역시 영종구 자연대로 8, 블루오션 레지던스호텔3, 1층 110호 (중산동)"
general_restaurants,일반음식점,인천 영종(옛 중구),3491000-101-2024-00479,공차 인스파이어리조트점,기타,2024-12-17,,영업/정상,2026-09-10 22:47:50,"인천광역시 영종구 공항문화로 127, 인스파이어리조트 3층 R-02호 (운서동)"
general_restaurants,일반음식점,인천 영종(옛 중구),3491000-101-2024-00452,스트릿츄러스 인스파이어점,기타,2024-11-19,,영업/정상,2026-09-10 22:47:50,"인천광역시 영종구 공항문화로 127, 인스파이어리조트 3층 R-03A호 (운서동)"
general_restaurants,일반음식점,인천 영종(옛 중구),3491000-101-2024-00437,하루끼우동 인천운서점,한식,2024-11-08,2026-09-21,폐업,2026-09-22 22:47:50,"인천광역시 영종구 신도시남로142번길 6, 메가스타 영종 117호 일부 (운서동)"
general_restaurants,일반음식점,인천 영종(옛 중구),3491000-101-2024-00436,덮밥석쇠구이 인천운서점,한식,2024-11-08,2026-09-21,폐업,2026-09-22 22:47:50,"인천광역시 영종구 신도시남로142번길 6, 메가스타 영종 117호 일부 (운서동)"
general_restaurants,일반음식점,인천 영종(옛 중구),3491000-101-2024-00435,3대본가김치찜 인천운서점,한식,2024-11-08,2026-09-21,폐업,2026-09-22 22:47:50,"인천광역시 영종구 신도시남로142번길 6, 메가스타 영종 117호 일부 (운서동)"
general_restaurants,일반음식점,인천 영종(옛 중구),3491000-101-2024-00433,피슈마라홍탕 하늘도시점,중국식,2024-11-07,,영업/정상,2026-10-08 22:47:50,"인천광역시 영종구 하늘달빛로 94, 2층 206호 (중산동)"
general_restaurants,일반음식점,인천 영종(옛 중구),3491000-101-2024-00415,지랄닭발,기타,2024-10-29,2026-08-28,폐업,2026-08-29 22:47:50,"인천광역시 영종구 운남로184번길 8, 1층 103호 (운남동)"
general_restaurants,일반음식점,인천 영종(옛 중구),3491000-101-2024-00408,주식회사 사이드쇼 인스파이어점,분식,2024-10-25,,영업/정상,2026-09-10 22:47:50,"인천광역시 영종구 공항문화로 127, 인스파이어 1층 R-16A호 (운서동)"
general_restaurants,일반음식점,인천 영종(옛 중구),3491000-101-2024-00388,동대문닭한마리&계림닭도리탕,한식,2024-10-15,,영업/정상,2026-09-11 22:47:50,"인천광역시 영종구 영종해안남로321번길 186, 파라다이스시티 플라자 2층 F202호 (운서동)"
general_restaurants,일반음식점,인천 영종(옛 중구),3491000-101-2024-00385,다이아몬드라운지,기타,2024-10-14,,영업/정상,2026-09-11 22:47:50,"인천광역시 영종구 영종해안남로321번길 186, 파라다이스시티 1층 (운서동)"
general_restaurants,일반음식점,인천 영종(옛 중구),3491000-101-2024-00383,콘타이,"외국음식전문점(인도,태국등)",2024-10-10,,영업/정상,2026-09-10 22:47:50,"인천광역시 영종구 공항문화로 127, 인스파이어 1층 F-01A호 (운서동)"
general_restaurants,일반음식점,인천 영종(옛 중구),3491000-101-2024-00378,멜팅소울 파라다이스시티점,기타,2024-10-04,,영업/정상,2026-09-11 22:47:50,"인천광역시 영종구 영종해안남로321번길 186, 파라다이스시티 플라자 F블록 (운서동)"
general_restaurants,일반음식점,인천 영종(옛 중구),3491000-101-2024-00371,퍼부어 파라다이스시티점,"외국음식전문점(인도,태국등)",2024-09-30,,영업/정상,2026-09-11 22:47:50,"인천광역시 영종구 영종해안남로321번길 186, 파라다이스시티 플라자 B블록 F101호 (운서동)"
general_restaurants,일반음식점,인천 영종(옛 중구),3491000-101-2024-00328,동경생포차,호프/통닭,2024-08-20,2026-09-02,폐업,2026-09-03 22:47:50,"인천광역시 영종구 하늘중앙로225번길 16, 바른프라자 제1층 107호 (중산동)"
general_restaurants,일반음식점,인천 영종(옛 중구),3491000-101-2024-00322,대가한식,한식,2024-08-12,2026-08-28,폐업,2026-08-29 22:47:50,"인천광역시 영종구 공항로424번길 66, 제1층 104,105호 (운서동, LG인천공항에클라트)"
general_restaurants,일반음식점,인천 영종(옛 중구),3491000-101-2024-00298,탐라도 영종도본점,기타,2024-07-24,,영업/정상,2026-10-01 22:47:50,"인천광역시 영종구 은하수로 12, 702호 일부 (중산동)"
general_restaurants,일반음식점,인천 영종(옛 중구),3491000-101-2024-00275,영종돈,식육(숯불구이),2024-07-15,,영업/정상,2026-09-08 22:47:50,"인천광역시 영종구 전소로1번길 9, 1층 (운남동)"
general_restaurants,일반음식점,인천 영종(옛 중구),3491000-101-2024-00273,라빈리커샵앤바 인스파이어,기타,2024-07-11,,영업/정상,2026-09-10 22:47:50,"인천광역시 영종구 공항문화로 127, 인스파이어 1층 R-05호 일부 (운서동)"
general_restaurants,일반음식점,인천 영종(옛 중구),3491000-101-2024-00272,크리스탈제이드 인스파이어점,중국식,2024-07-10,,영업/정상,2026-09-10 22:47:50,"인천광역시 영종구 공항문화로 127, 인스파이어 1층 F-08호 (운서동)"
general_restaurants,일반음식점,인천 영종(옛 중구),3491000-101-2024-00271,가미원,한식,2024-07-10,2026-09-03,폐업,2026-09-04 22:47:50,인천광역시 영종구 운남동 1654-1 진아레히 현장 내 식당
general_restaurants,일반음식점,인천 영종(옛 중구),3491000-101-2024-00244,별밤이닭,한식,2024-06-21,2026-09-09,폐업,2026-09-10 22:47:50,"인천광역시 영종구 햇내로13번길 8, 프라임시티3 106호 (운서동)"
general_restaurants,일반음식점,인천 영종(옛 중구),3491000-101-2024-00242,배스킨라빈스 파라다이스시티점,기타,2024-06-19,,영업/정상,2026-09-11 22:47:50,"인천광역시 영종구 영종해안남로321번길 186, 파라다이스시티 플라자 1층 H103호 (운서동)"
general_restaurants,일반음식점,인천 영종(옛 중구),3491000-101-2024-00228,글라스 하우스,기타,2024-06-13,,영업/정상,2026-09-10 22:47:50,"인천광역시 영종구 공항문화로 127, 인스파이어 1층 H-12호 (운서동)"
general_restaurants,일반음식점,인천 영종(옛 중구),3491000-101-2024-00163,인스파이어 제니스 클럽,뷔페식,2024-05-08,,영업/정상,2026-09-10 22:47:50,"인천광역시 영종구 공항문화로 127, 인스파이어 4층 R-2호 (운서동)"
general_restaurants,일반음식점,인천 영종(옛 중구),3491000-101-2024-00107,오아시스 고메 빌리지,기타,2024-04-03,,영업/정상,2026-09-10 22:47:50,"인천광역시 영종구 공항문화로 127, 인스파이어 1층 F-01호 (운서동)"
general_restaurants,일반음식점,인천 영종(옛 중구),3491000-101-2024-00094,서울동,일식,2024-03-25,,영업/정상,2026-09-10 22:47:50,"인천광역시 영종구 공항문화로 127, 인스파이어 1층 F-01B호 (운서동)"
general_restaurants,일반음식점,인천 영종(옛 중구),3491000-101-2024-00085,락핫팟 인스파이어점,중국식,2024-03-14,,영업/정상,2026-09-10 22:47:50,"인천광역시 영종구 공항문화로 127, 인스파이어 1층 F-06B호 (운서동)"
general_restaurants,일반음식점,인천 영종(옛 중구),3491000-101-2024-00060,가인,기타,2024-02-23,,영업/정상,2026-09-10 22:47:50,"인천광역시 영종구 공항문화로 127, 인스파이어 1층 R-29호 일부 (운서동)"
general_restaurants,일반음식점,인천 영종(옛 중구),3491000-101-2024-00057,황생가칼국수 인스파이어리조트점,한식,2024-02-19,,영업/정상,2026-09-10 22:47:50,"인천광역시 영종구 공항문화로 127, 인스파이어 1층 F-09호 (운서동)"
general_restaurants,일반음식점,인천 영종(옛 중구),3491000-101-2024-00040,더노벰버라운지,기타,2024-02-05,2026-10-06,폐업,2026-10-07 22:47:50,"인천광역시 영종구 공항문화로 127, 인스파이어 3층 F-05호 (운서동)"
general_restaurants,일반음식점,인천 영종(옛 중구),3491000-101-2024-00035,선 브이아이피 라운지,기타,2024-02-01,,영업/정상,2026-09-10 22:47:50,"인천광역시 영종구 공항문화로 127, 인스파이어 1층 (운서동)"
general_restaurants,일반음식점,인천 영종(옛 중구),3491000-101-2024-00034,카지노 라운지,기타,2024-02-01,,영업/정상,2026-09-10 22:47:50,"인천광역시 영종구 공항문화로 127, 인스파이어 3층 (운서동)"
general_restaurants,일반음식점,인천 영종(옛 중구),3491000-101-2024-00033,카지노서비스바2,기타,2024-02-01,,영업/정상,2026-09-10 22:47:50,"인천광역시 영종구 공항문화로 127, 인스파이어 3층 (운서동)"
general_restaurants,일반음식점,인천 영종(옛 중구),3491000-101-2024-00032,카지노서비스바3,기타,2024-02-01,,영업/정상,2026-09-10 22:47:50,"인천광역시 영종구 공항문화로 127, 인스파이어 3층 (운서동)"
general_restaurants,일반음식점,인천 영종(옛 중구),3491000-101-2024-00031,영사헌,중국식,2024-02-01,,영업/정상,2026-09-10 22:47:50,"인천광역시 영종구 공항문화로 127, 인스파이어 5층 (운서동)"
general_restaurants,일반음식점,인천 영종(옛 중구),3491000-101-2024-00030,송추가마골 인스파이어점,한식,2024-01-31,,영업/정상,2026-09-10 22:47:50,"인천광역시 영종구 공항문화로 127, 인스파이어 1층 F-06A호 (운서동)"
general_restaurants,일반음식점,인천 영종(옛 중구),3491000-101-2024-00025,랑데자뷰 인스파이어점,기타,2024-01-23,,영업/정상,2026-09-10 22:47:50,"인천광역시 영종구 공항문화로 127, 인스파이어 1층 R-14호 (운서동)"
general_restaurants,일반음식점,인천 영종(옛 중구),3491000-101-2024-00012,미백 쌀국수,"외국음식전문점(인도,태국등)",2024-01-12,,영업/정상,2026-09-23 22:47:50,"인천광역시 영종구 흰바위로92번길 5-6, 영인캐슬 103,104호 (운서동)"
general_restaurants,일반음식점,인천 영종(옛 중구),3491000-101-2024-00005,투썸플레이스 인스파이어리조트점,기타,2024-01-03,,영업/정상,2026-09-10 22:47:50,"인천광역시 영종구 공항문화로 127, 인스파이어 1층 R-12A호 (운서동)"
general_restaurants,일반음식점,인천 영종(옛 중구),3491000-101-2023-00474,인천공항 사업지원센터점,한식,2023-12-26,,영업/정상,2026-09-04 22:47:50,"인천광역시 영종구 공항동로296번길 87, 사업지원센타 5층 (운서동)"
general_restaurants,일반음식점,인천 영종(옛 중구),3491000-101-2023-00451,한와담 인스파이어리조트점,한식,2023-12-05,,영업/정상,2026-09-10 22:47:50,"인천광역시 영종구 공항문화로 127, 인스파이어 1층 F-07호 (운서동)"
general_restaurants,일반음식점,인천 영종(옛 중구),3491000-101-2023-00436,셰프스 키친,패밀리레스트랑,2023-11-28,,영업/정상,2026-09-10 22:47:50,"인천광역시 영종구 공항문화로 127, 인스파이어 3층 (운서동)"
general_restaurants,일반음식점,인천 영종(옛 중구),3491000-101-2023-00435,홍반,중국식,2023-11-28,,영업/정상,2026-09-10 22:47:50,"인천광역시 영종구 공항문화로 127, 인스파이어 3층 (운서동)"
general_restaurants,일반음식점,인천 영종(옛 중구),3491000-101-2023-00434,MJ23 스포츠 바 앤 그릴_하이파이 코리안 소울 푸드,호프/통닭,2023-11-28,,영업/정상,2026-09-10 22:47:50,"인천광역시 영종구 공항문화로 127, 인스파이어 3층 (운서동)"
general_restaurants,일반음식점,인천 영종(옛 중구),3491000-101-2023-00433,미나기,일식,2023-11-28,,영업/정상,2026-09-10 22:47:50,"인천광역시 영종구 공항문화로 127, 인스파이어 3층 (운서동)"
general_restaurants,일반음식점,인천 영종(옛 중구),3491000-101-2023-00428,퀵 바이트8,기타,2023-11-23,,영업/정상,2026-09-10 22:47:50,"인천광역시 영종구 공항문화로 127, 인스파이어 아레나 3층 (운서동)"
general_restaurants,일반음식점,인천 영종(옛 중구),3491000-101-2023-00427,퀵 바이트7,기타,2023-11-23,,영업/정상,2026-09-10 22:47:50,"인천광역시 영종구 공항문화로 127, 인스파이어 아레나 3층 (운서동)"
general_restaurants,일반음식점,인천 영종(옛 중구),3491000-101-2023-00426,퀵 바이트6,기타,2023-11-23,,영업/정상,2026-09-10 22:47:50,"인천광역시 영종구 공항문화로 127, 인스파이어 아레나 3층 (운서동)"
general_restaurants,일반음식점,인천 영종(옛 중구),3491000-101-2023-00425,퀵 바이트5,기타,2023-11-23,,영업/정상,2026-09-10 22:47:50,"인천광역시 영종구 공항문화로 127, 인스파이어 아레나 3층 (운서동)"
general_restaurants,일반음식점,인천 영종(옛 중구),3491000-101-2023-00424,퀵 바이트4,기타,2023-11-23,,영업/정상,2026-09-10 22:47:50,"인천광역시 영종구 공항문화로 127, 인스파이어 아레나 3층 (운서동)"
general_restaurants,일반음식점,인천 영종(옛 중구),3491000-101-2023-00423,퀵 바이트3,기타,2023-11-23,,영업/정상,2026-09-10 22:47:50,"인천광역시 영종구 공항문화로 127, 인스파이어 아레나 3층 (운서동)"
general_restaurants,일반음식점,인천 영종(옛 중구),3491000-101-2023-00422,퀵 바이트1,기타,2023-11-23,,영업/정상,2026-09-10 22:47:50,"인천광역시 영종구 공항문화로 127, 인스파이어 아레나 3층 (운서동)"
general_restaurants,일반음식점,인천 영종(옛 중구),3491000-101-2023-00421,퀵 바이트2,기타,2023-11-23,,영업/정상,2026-09-10 22:47:50,"인천광역시 영종구 공항문화로 127, 인스파이어 아레나 3층 (운서동)"
general_restaurants,일반음식점,인천 영종(옛 중구),3491000-101-2023-00420,호라이즌 라운지,기타,2023-11-23,,영업/정상,2026-09-10 22:47:50,"인천광역시 영종구 공항문화로 127, 인스파이어 1층 (운서동)"
general_restaurants,일반음식점,인천 영종(옛 중구),3491000-101-2023-00419,메인 키친-중식,중국식,2023-11-23,,영업/정상,2026-09-10 22:47:50,"인천광역시 영종구 공항문화로 127, 인스파이어 1층 (운서동)"
general_restaurants,일반음식점,인천 영종(옛 중구),3491000-101-2023-00418,메인 키친-핫 프랩,한식,2023-11-23,,영업/정상,2026-09-10 22:47:50,"인천광역시 영종구 공항문화로 127, 인스파이어 1층 (운서동)"
general_restaurants,일반음식점,인천 영종(옛 중구),3491000-101-2023-00417,메인 키친-콜드 프랩,한식,2023-11-23,,영업/정상,2026-09-10 22:47:50,"인천광역시 영종구 공항문화로 127, 인스파이어 1층 (운서동)"
general_restaurants,일반음식점,인천 영종(옛 중구),3491000-101-2023-00416,메인 키친-제과 제빵,기타,2023-11-23,,영업/정상,2026-09-10 22:47:50,"인천광역시 영종구 공항문화로 127, 인스파이어 1층 (운서동)"
general_restaurants,일반음식점,인천 영종(옛 중구),3491000-101-2023-00415,오션 라운지,기타,2023-11-23,,영업/정상,2026-09-10 22:47:50,"인천광역시 영종구 공항문화로 127, 인스파이어 1층 (운서동)"
general_restaurants,일반음식점,인천 영종(옛 중구),3491000-101-2023-00414,오로라 바,기타,2023-11-23,,영업/정상,2026-09-10 22:47:50,"인천광역시 영종구 공항문화로 127, 인스파이어 3층 (운서동)"
general_restaurants,일반음식점,인천 영종(옛 중구),3491000-101-2023-00413,브라세리 1783,기타,2023-11-23,,영업/정상,2026-09-10 22:47:50,"인천광역시 영종구 공항문화로 127, 인스파이어 1층 (운서동)"
general_restaurants,일반음식점,인천 영종(옛 중구),3491000-101-2023-00412,마이클 조던 스테이크 하우스,기타,2023-11-23,,영업/정상,2026-09-10 22:47:50,"인천광역시 영종구 공항문화로 127, 인스파이어 1층 (운서동)"
general_restaurants,일반음식점,인천 영종(옛 중구),3491000-101-2023-00411,룸서비스,기타,2023-11-23,,영업/정상,2026-09-10 22:47:50,"인천광역시 영종구 공항문화로 127, 인스파이어 1층 (운서동)"
general_restaurants,일반음식점,인천 영종(옛 중구),3491000-101-2023-00410,선 라운지,기타,2023-11-23,,영업/정상,2026-09-10 22:47:50,"인천광역시 영종구 공항문화로 127, 인스파이어 1층 (운서동)"
general_restaurants,일반음식점,인천 영종(옛 중구),3491000-101-2023-00409,포레스트 라운지,기타,2023-11-23,,영업/정상,2026-09-10 22:47:50,"인천광역시 영종구 공항문화로 127, 인스파이어 1층 (운서동)"
general_restaurants,일반음식점,인천 영종(옛 중구),3491000-101-2023-00408,인스파이어 볼룸장 키친,기타,2023-11-23,,영업/정상,2026-09-10 22:47:50,"인천광역시 영종구 공항문화로 127, 인스파이어 1층 (운서동)"
general_restaurants,일반음식점,인천 영종(옛 중구),3491000-101-2023-00407,아레나 키친-아레나 주방,한식,2023-11-23,,영업/정상,2026-09-10 22:47:50,"인천광역시 영종구 공항문화로 127, 인스파이어 아레나 1층 (운서동)"
general_restaurants,일반음식점,인천 영종(옛 중구),3491000-101-2023-00406,가든 팜 카페,기타,2023-11-23,,영업/정상,2026-09-10 22:47:50,"인천광역시 영종구 공항문화로 127, 인스파이어 1층 (운서동)"
general_restaurants,일반음식점,인천 영종(옛 중구),3491000-101-2023-00395,연화담,식육(숯불구이),2023-11-17,,영업/정상,2026-09-24 22:47:50,"인천광역시 영종구 하늘중앙로 221, 1층 102호, 옥외일부 (중산동)"
general_restaurants,일반음식점,인천 영종(옛 중구),3491000-101-2023-00391,인천공항T1LS서편점,한식,2023-11-16,,영업/정상,2026-09-04 22:47:50,"인천광역시 영종구 공항로 272, 인천국제공항 제1여객터미널 일반동 지하1층 LS 서편 (운서동)"
general_restaurants,일반음식점,인천 영종(옛 중구),3491000-101-2023-00377,두산푸드,한식,2023-11-06,2026-08-31,폐업,2026-09-01 22:47:50,"인천광역시 영종구 두미포로 60, 1층 103호 (중산동)"
general_restaurants,일반음식점,인천 영종(옛 중구),3491000-101-2023-00354,인천공항탑승동서편점,한식,2023-10-19,,영업/정상,2026-09-04 22:47:50,"인천광역시 영종구 공항로 272, 인천국제공항제1여객터미널 탑승동 2층 (운서동)"
general_restaurants,일반음식점,인천 영종(옛 중구),3491000-101-2023-00345,오늘통닭 운서점,식육(숯불구이),2023-10-16,2026-09-28,폐업,2026-09-29 22:47:50,"인천광역시 영종구 흰바위로 35, 영종해수사우나 1층 107호 (운서동)"
general_restaurants,일반음식점,인천 영종(옛 중구),3491000-101-2023-00331,완미족발 영종하늘도시점,한식,2023-09-25,,영업/정상,2026-09-24 22:47:50,"인천광역시 영종구 하늘중앙로225번길 20, 스카이에비뉴2 1층 105호 (중산동)"
general_restaurants,일반음식점,인천 영종(옛 중구),3491000-101-2023-00325,아모제푸드(주) 노선버스관리소점,한식,2023-09-21,,영업/정상,2026-09-10 22:47:50,"인천광역시 영종구 제2터미널대로 270, T2노선버스관리사무소B 1층 (운서동)"
general_restaurants,일반음식점,인천 영종(옛 중구),3491000-101-2023-00298,인천공항동측지원동점,기타,2023-08-29,,영업/정상,2026-09-04 22:47:50,"인천광역시 영종구 공항동로465번길 105-12, 동측지원동 1층 (운서동)"
general_restaurants,일반음식점,인천 영종(옛 중구),3491000-101-2023-00288,이비스 스타일 앰배서더 인천 에어포트 샴페인홀,한식,2023-08-23,,영업/정상,2026-09-17 22:47:50,"인천광역시 영종구 제2터미널대로 340, 2층 (운서동)"
general_restaurants,일반음식점,인천 영종(옛 중구),3491000-101-2023-00283,착한 정육식당(영종점),식육(숯불구이),2023-08-21,,영업/정상,2026-08-26 22:47:50,"인천광역시 영종구 흰바위로 236, 2층 209,210호 (운남동)"
general_restaurants,일반음식점,인천 영종(옛 중구),3491000-101-2023-00247,인천공항AS동편점,한식,2023-07-20,,영업/정상,2026-09-04 22:47:50,"인천광역시 영종구 제2터미널대로 446, 인천국제공항 제2여객터미널 면세동 2층 AS동편 (운서동)"
general_restaurants,일반음식점,인천 영종(옛 중구),3491000-101-2023-00232,더반,기타,2023-07-10,,영업/정상,2026-09-11 22:47:50,"인천광역시 영종구 영종해안남로321번길 186, 파라다이스시티 플라자 1층 C블록 (운서동)"
general_restaurants,일반음식점,인천 영종(옛 중구),3491000-101-2023-00208,오름채 파라다이스시티점,한식,2023-06-22,,영업/정상,2026-09-11 22:47:50,"인천광역시 영종구 영종해안남로321번길 186, 파라다이스시티 플라자 2층 H205호 (운서동)"
general_restaurants,일반음식점,인천 영종(옛 중구),3491000-101-2023-00172,더키친일뽀르노 영종도파라다이스시티점,경양식,2023-05-24,,영업/정상,2026-09-11 22:47:50,"인천광역시 영종구 영종해안남로321번길 186, 파라다이스시티 플라자 1층 K101-2호 (운서동)"
general_restaurants,일반음식점,인천 영종(옛 중구),3491000-101-2023-00167,기영이 숯불두마리치킨 영종하늘도시점,호프/통닭,2023-05-18,2026-09-07,폐업,2026-09-08 22:47:50,"인천광역시 영종구 자연대로 38, 영종하늘도시 트루엘 에디션 2층 204호 (중산동)"
general_restaurants,일반음식점,인천 영종(옛 중구),3491000-101-2023-00151,이비스 스타일 앰배서더 인천 에어포트 바 T2(Bar T2),기타,2023-05-10,,영업/정상,2026-09-17 22:47:50,"인천광역시 영종구 제2터미널대로 340, 1층 (운서동)"
general_restaurants,일반음식점,인천 영종(옛 중구),3491000-101-2023-00119,도슬박 파라다이스시티점,기타,2023-04-19,2026-09-28,폐업,2026-09-29 22:47:50,"인천광역시 영종구 영종해안남로321번길 186, 파라다이스시티 플라자 1층 A블록 (운서동)"
general_restaurants,일반음식점,인천 영종(옛 중구),3491000-101-2023-00088,해송조개구이,한식,2023-03-30,2026-09-28,폐업,2026-09-29 22:47:50,"인천광역시 영종구 용유서로423번길 25, 1층 (을왕동)"
general_restaurants,일반음식점,인천 영종(옛 중구),3491000-101-2023-00030,밀크컨셉 운서넙디점,기타,2023-02-01,2026-09-02,폐업,2026-09-03 22:47:50,"인천광역시 영종구 넙디로 26, 1층 103호 (운서동)"
general_restaurants,일반음식점,인천 영종(옛 중구),3491000-101-2022-00372,이비스 스타일 앰배서더 인천 에어포트 라 퀴진(La Cuisine),뷔페식,2022-11-21,,영업/정상,2026-09-17 22:47:50,"인천광역시 영종구 제2터미널대로 340, 1층 (운서동)"
general_restaurants,일반음식점,인천 영종(옛 중구),3491000-101-2022-00289,한신우동 운서점,분식,2022-09-06,,영업/정상,2026-09-10 22:47:50,"인천광역시 영종구 햇내로13번길 8, 프라임시티3 1층 106호 (운서동)"
general_restaurants,일반음식점,인천 영종(옛 중구),3491000-101-2022-00252,빛담은선물,한식,2022-08-10,,영업/정상,2026-10-02 22:47:50,"인천광역시 영종구 영종진광장로 46, 1층 115호 (중산동)"
general_restaurants,일반음식점,인천 영종(옛 중구),3491000-101-2022-00196,포디움126 영종점,식육(숯불구이),2022-06-27,,영업/정상,2026-09-24 22:47:50,"인천광역시 영종구 왕산로35번길 8, 가동 1층 일부 (을왕동)"
general_restaurants,일반음식점,인천 영종(옛 중구),3491000-101-2022-00152,차콜그릴,식육(숯불구이),2022-05-20,,영업/정상,2026-09-15 22:47:50,"인천광역시 영종구 운남동로 60, 주1 1층 (운남동)"
general_restaurants,일반음식점,인천 영종(옛 중구),3491000-101-2022-00131,큐당구장 호프,기타,2022-05-03,2026-09-16,폐업,2026-09-17 22:47:50,"인천광역시 영종구 용유서로 443, 2층 일부 (을왕동)"
general_restaurants,일반음식점,인천 영종(옛 중구),3491000-101-2022-00053,전라도한식,한식,2022-02-22,,영업/정상,2026-09-02 22:47:50,"인천광역시 영종구 공항서로 515, 1층 (남북동)"
general_restaurants,일반음식점,인천 영종(옛 중구),3491000-101-2021-00358,영종도 돌짜장,중국식,2021-12-29,,영업/정상,2026-09-24 22:47:50,"인천광역시 영종구 마시란로 215, 1층 (덕교동)"
general_restaurants,일반음식점,인천 영종(옛 중구),3491000-101-2021-00289,33떡볶이 영종하늘도시점,분식,2021-10-25,,영업/정상,2026-10-07 22:47:50,"인천광역시 영종구 하늘달빛로64번길 6-3, 스카이 메디컬 프라자 1층 103호 (중산동)"
general_restaurants,일반음식점,인천 영종(옛 중구),3491000-101-2021-00237,천년닭강정 영종점,호프/통닭,2021-08-19,2026-10-06,폐업,2026-10-07 22:47:50,"인천광역시 영종구 화랑목로 56-4, 1층 101호 (운서동)"
general_restaurants,일반음식점,인천 영종(옛 중구),3491000-101-2021-00231,앤드커피,기타,2021-08-06,,영업/정상,2026-09-11 22:47:50,"인천광역시 영종구 영종해안남로321번길 186, 파라다이스시티 플라자 1층 cafe area블럭 (운서동)"
general_restaurants,일반음식점,인천 영종(옛 중구),3491000-101-2021-00230,심야식탐2호점,일식,2021-08-05,,영업/정상,2026-10-01 22:47:50,"인천광역시 영종구 흰바위로 277, 상가1동 1층 101호,102호 (운남동, 운서역푸르지오더스카이)"
general_restaurants,일반음식점,인천 영종(옛 중구),3491000-101-2021-00196,중화가정 파라다이스시티점,중국식,2021-07-07,,영업/정상,2026-09-11 22:47:50,"인천광역시 영종구 영종해안남로321번길 186, 파라다이스시티 플라자  1층 (운서동)"
general_restaurants,일반음식점,인천 영종(옛 중구),3491000-101-2021-00181,통큰게장 영종도본점,기타,2021-06-28,,영업/정상,2026-09-04 22:47:50,"인천광역시 영종구 은하수로 12, 7층 701호 (중산동)"
general_restaurants,일반음식점,인천 영종(옛 중구),3491000-101-2021-00139,백운닭칼국수,한식,2021-05-12,,영업/정상,2026-09-29 22:47:50,"인천광역시 영종구 흰바위로92번길 6-16, 1층 101호 (운서동)"
general_restaurants,일반음식점,인천 영종(옛 중구),3491000-101-2021-00134,아비꼬 파라다이스시티점,일식,2021-05-10,,영업/정상,2026-09-11 22:47:50,"인천광역시 영종구 영종해안남로321번길 186, 파라다이스시티플라자 1층 일부 (운서동)"
general_restaurants,일반음식점,인천 영종(옛 중구),3491000-101-2021-00122,해바라기 영종점,한식,2021-04-28,2026-09-10,폐업,2026-09-11 22:47:50,"인천광역시 영종구 하늘중앙로195번길 14, 이은스퀘어 1층 114호 (중산동)"
general_restaurants,일반음식점,인천 영종(옛 중구),3491000-101-2020-00359,정정아식당(하늘도시점),중국식,2020-12-15,,영업/정상,2026-09-23 22:47:50,"인천광역시 영종구 자연대로 29, 더스텔라 1층 101호 (중산동)"
general_restaurants,일반음식점,인천 영종(옛 중구),3491000-101-2020-00012,일산복국 영종직영점,한식,2020-01-13,,영업/정상,2026-09-19 22:47:50,"인천광역시 영종구 흰바위로92번길 7, 1층 102,103,104호 (운서동)"
general_restaurants,일반음식점,인천 영종(옛 중구),3491000-101-2019-00352,헤이(hey),기타,2019-12-09,,영업/정상,2026-09-10 22:47:50,"인천광역시 영종구 운서1로4번길 30, 102호 일부호 (운서동)"
general_restaurants,일반음식점,인천 영종(옛 중구),3491000-101-2019-00124,본앤브레드,기타,2019-05-17,,영업/정상,2026-09-11 22:47:50,"인천광역시 영종구 영종해안남로321번길 186, 파라다이스시티플라자 2층 H204호 (운서동)"
general_restaurants,일반음식점,인천 영종(옛 중구),3491000-101-2019-00117,폴 바셋 영종도 파라다이스 시티점,기타,2019-05-13,,영업/정상,2026-09-11 22:47:50,"인천광역시 영종구 영종해안남로321번길 186, 파라다이스시티 플라자 1층 K101-1호 (운서동)"
general_restaurants,일반음식점,인천 영종(옛 중구),3491000-101-2019-00092,새라새4층주방,기타,2019-04-18,,영업/정상,2026-09-11 22:47:50,"인천광역시 영종구 영종해안남로321번길 186, 파라다이스시티아트파라디소 4층 (운서동)"
general_restaurants,일반음식점,인천 영종(옛 중구),3491000-101-2019-00091,씨메르 주방,기타,2019-04-18,,영업/정상,2026-09-11 22:47:50,"인천광역시 영종구 영종해안남로321번길 186, 파라다이스시티씨메르 B1층 (운서동)"
general_restaurants,일반음식점,인천 영종(옛 중구),3491000-101-2019-00070,봉피양,한식,2019-03-28,,영업/정상,2026-09-11 22:47:50,"인천광역시 영종구 영종해안남로321번길 186, 파라다이스시티플라자 2층 에프205호 (운서동)"
general_restaurants,일반음식점,인천 영종(옛 중구),3491000-101-2018-00347,하와이꽁지7080,기타,2018-12-10,2026-09-09,폐업,2026-09-10 22:47:50,"인천광역시 영종구 영종대로 108, 비2빌 지하1층 B104호 (운서동)"
general_restaurants,일반음식점,인천 영종(옛 중구),3491000-101-2018-00273,영종시네마,기타,2018-10-05,,영업/정상,2026-08-27 22:47:50,"인천광역시 영종구 영종대로 184, 영종예스타워복합상영관 7층 (운서동)"
general_restaurants,일반음식점,인천 영종(옛 중구),3491000-101-2018-00264,주식회사 오발탄 파라다이스시티,한식,2018-09-20,,영업/정상,2026-09-11 22:47:50,"인천광역시 영종구 영종해안남로321번길 186, 파라다이스시티플라자 F206호 (운서동)"
general_restaurants,일반음식점,인천 영종(옛 중구),3491000-101-2018-00260,프로간장게장 파라다이스시티점,한식,2018-09-17,,영업/정상,2026-09-11 22:47:50,"인천광역시 영종구 영종해안남로321번길 186, 파라다이스시티플라자 F201호 (운서동)"
general_restaurants,일반음식점,인천 영종(옛 중구),3491000-101-2018-00227,인피니티바8,기타,2018-08-14,,영업/정상,2026-09-11 22:47:50,"인천광역시 영종구 영종해안남로321번길 186, 파라다이스시티씨메르 3층 (운서동)"
general_restaurants,일반음식점,인천 영종(옛 중구),3491000-101-2018-00226,더레스토랑,한식,2018-08-14,,영업/정상,2026-09-11 22:47:50,"인천광역시 영종구 영종해안남로321번길 186, 파라다이스시티씨메르 2층 (운서동)"
general_restaurants,일반음식점,인천 영종(옛 중구),3491000-101-2018-00225,새라새(Serase),경양식,2018-08-14,,영업/정상,2026-09-11 22:47:50,"인천광역시 영종구 영종해안남로321번길 186, 파라다이스시티아트파라디소 3층 (운서동)"
general_restaurants,일반음식점,인천 영종(옛 중구),3491000-101-2018-00215,스넥바 24,분식,2018-07-31,,영업/정상,2026-09-11 22:47:50,"인천광역시 영종구 영종해안남로321번길 186, 파라다이스시티씨메르 2층 (운서동)"
general_restaurants,일반음식점,인천 영종(옛 중구),3491000-101-2018-00214,주스바 2X,기타,2018-07-31,,영업/정상,2026-09-11 22:47:50,"인천광역시 영종구 영종해안남로321번길 186, 파라다이스시티씨메르 2층 (운서동)"
general_restaurants,일반음식점,인천 영종(옛 중구),3491000-101-2018-00213,스포츠바 X,호프/통닭,2018-07-31,,영업/정상,2026-09-11 22:47:50,"인천광역시 영종구 영종해안남로321번길 186, 파라다이스시티씨메르 1층 (운서동)"
general_restaurants,일반음식점,인천 영종(옛 중구),3491000-101-2018-00212,푸드플라자,기타,2018-07-31,,영업/정상,2026-09-11 22:47:50,"인천광역시 영종구 영종해안남로321번길 186, 파라다이스시티씨메르 1층 (운서동)"
general_restaurants,일반음식점,인천 영종(옛 중구),3491000-101-2018-00211,라운지&바 새라새 (Lounge&Bar Serase),기타,2018-07-31,,영업/정상,2026-09-11 22:47:50,"인천광역시 영종구 영종해안남로321번길 186, 3층 (운서동)"
general_restaurants,일반음식점,인천 영종(옛 중구),3491000-101-2018-00134,백운정오리세상,한식,2018-04-30,,영업/정상,2026-08-29 22:47:50,"인천광역시 영종구 운중로13번길 12, 1층 (운남동)"
general_restaurants,일반음식점,인천 영종(옛 중구),3491000-101-2018-00117,케이라운지(K-LOUNGE),기타,2018-04-17,,영업/정상,2026-09-05 22:47:50,"인천광역시 영종구 은하수로29번길 36, 112호 (중산동)"
general_restaurants,일반음식점,인천 영종(옛 중구),3491000-101-2018-00116,케이라운지(K-LOUNGE),기타,2018-04-17,,영업/정상,2026-09-05 22:47:50,"인천광역시 영종구 은하수로29번길 36, 109,110,202호 (중산동)"
general_restaurants,일반음식점,인천 영종(옛 중구),3491000-101-2018-00102,솔밭 씨푸드,횟집,2018-03-27,,영업/정상,2026-09-05 22:47:50,"인천광역시 영종구 잠진도길 28, 1층 (덕교동)"
general_restaurants,일반음식점,인천 영종(옛 중구),3491000-101-2017-00199,프리쉬 스시바,일식,2017-10-20,,영업/정상,2026-09-10 22:47:50,"인천광역시 영종구 영종해안남로 19-5, 네스트호텔 1층 (운서동)"
general_restaurants,일반음식점,인천 영종(옛 중구),3491000-101-2017-00153,차오름 티카페,한식,2017-08-03,,영업/정상,2026-09-12 22:47:50,"인천광역시 영종구 모랫말로5번길 10, 1층 101호 (운서동)"
general_restaurants,일반음식점,인천 영종(옛 중구),3491000-101-2017-00082,(주)임페리얼트레져사우스코리아,중국식,2017-04-13,,영업/정상,2026-09-11 22:47:50,"인천광역시 영종구 영종해안남로321번길 186, 1층 (운서동, 파라다이스시티)"
general_restaurants,일반음식점,인천 영종(옛 중구),3491000-101-2017-00071,항아리 짬뽕,중국식,2017-03-31,,영업/정상,2026-09-09 22:47:50,"인천광역시 영종구 백운로 499, 1층 (운북동)"
general_restaurants,일반음식점,인천 영종(옛 중구),3491000-101-2017-00025,클럽라운지앤풀사이드바(Club Lounge & Pool Side Bar),기타,2017-02-01,,영업/정상,2026-09-11 22:47:50,"인천광역시 영종구 영종해안남로321번길 186, 3층 (운서동, 파라다이스시티)"
general_restaurants,일반음식점,인천 영종(옛 중구),3491000-101-2017-00024,루빅(Rubik),기타,2017-02-01,,영업/정상,2026-09-11 22:47:50,"인천광역시 영종구 영종해안남로321번길 186, 1,2,3층 (운서동, 파라다이스시티)"
general_restaurants,일반음식점,인천 영종(옛 중구),3491000-101-2017-00023,메인주방2,기타,2017-02-01,,영업/정상,2026-09-11 22:47:50,"인천광역시 영종구 영종해안남로321번길 186, 지하1층 (운서동, 파라다이스시티)"
general_restaurants,일반음식점,인천 영종(옛 중구),3491000-101-2017-00022,메인주방1,기타,2017-02-01,,영업/정상,2026-09-11 22:47:50,"인천광역시 영종구 영종해안남로321번길 186, 지하1층 (운서동, 파라다이스시티)"
general_restaurants,일반음식점,인천 영종(옛 중구),3491000-101-2017-00018,베버리지바(Beverage Bar),기타,2017-01-19,,영업/정상,2026-09-11 22:47:50,"인천광역시 영종구 영종해안남로321번길 186, 3층 (운서동, 파라다이스시티)"
general_restaurants,일반음식점,인천 영종(옛 중구),3491000-101-2017-00016,텐핀스바(10 Pins Bar),기타,2017-01-19,,영업/정상,2026-09-11 22:47:50,"인천광역시 영종구 영종해안남로321번길 186, 2층 (운서동, 파라다이스시티)"
general_restaurants,일반음식점,인천 영종(옛 중구),3491000-101-2017-00014,라운지파라다이스(Lounge paradise),기타,2017-01-19,,영업/정상,2026-09-11 22:47:50,"인천광역시 영종구 영종해안남로321번길 186, 1층 (운서동, 파라다이스시티)"
general_restaurants,일반음식점,인천 영종(옛 중구),3491000-101-2017-00013,연회장(Convention),기타,2017-01-19,,영업/정상,2026-09-11 22:47:50,"인천광역시 영종구 영종해안남로321번길 186, 1층 (운서동, 파라다이스시티)"
general_restaurants,일반음식점,인천 영종(옛 중구),3491000-101-2017-00012,라쿠(Raku),일식,2017-01-19,,영업/정상,2026-09-11 22:47:50,"인천광역시 영종구 영종해안남로321번길 186, 1층 (운서동, 파라다이스시티)"
general_restaurants,일반음식점,인천 영종(옛 중구),3491000-101-2017-00011,라스칼라(La scala),경양식,2017-01-19,,영업/정상,2026-09-11 22:47:50,"인천광역시 영종구 영종해안남로321번길 186, 1층 (운서동, 파라다이스시티)"
general_restaurants,일반음식점,인천 영종(옛 중구),3491000-101-2017-00010,온더플레이트(On the plate),뷔페식,2017-01-19,,영업/정상,2026-09-19 22:47:50,"인천광역시 영종구 영종해안남로321번길 186, 1층 일부, 지하1층 일부 (운서동)"
general_restaurants,일반음식점,인천 영종(옛 중구),3491000-101-2017-00009,포커존바(Porker Zone Bar),기타,2017-01-19,,영업/정상,2026-09-11 22:47:50,"인천광역시 영종구 영종해안남로321번길 186, 1층 (운서동, 파라다이스시티)"
general_restaurants,일반음식점,인천 영종(옛 중구),3491000-101-2017-00008,카지노레스토랑(Casino F&B),경양식,2017-01-19,,영업/정상,2026-09-10 22:47:50,"인천광역시 영종구 영종해안남로321번길 186, 1층 일부 (운서동)"
general_restaurants,일반음식점,인천 영종(옛 중구),3491000-101-2016-00164,을왕리 돈까스,한식,2016-10-11,2026-09-09,폐업,2026-09-10 22:47:50,"인천광역시 영종구 용유서로302번길 6-1, 1층 (을왕동)"
general_restaurants,일반음식점,인천 영종(옛 중구),3491000-101-2015-00215,선녀풍,한식,2015-08-31,,영업/정상,2026-09-24 22:47:50,"인천광역시 영종구 선녀바위로 43, 1층 (을왕동)"
general_restaurants,일반음식점,인천 영종(옛 중구),3491000-101-2015-00008,넙디 빨간고기,한식,2015-01-09,,영업/정상,2026-09-18 22:47:50,"인천광역시 영종구 운서1로4번길 26, 1층 101,102호 (운서동)"
general_restaurants,일반음식점,인천 영종(옛 중구),3491000-101-2014-00029,만정수산,횟집,2014-03-20,,영업/정상,2026-10-02 22:47:50,"인천광역시 영종구 영종순환로339번길 85, 1층 (중산동)"
general_restaurants,일반음식점,인천 영종(옛 중구),3491000-101-2011-00049,드림푸드코트,한식,2011-05-20,,영업/정상,2026-09-10 22:47:50,"인천광역시 영종구 영종해안북로847번길 42, 1층 (운서동, 드림골프레인지)"
general_restaurants,일반음식점,인천 영종(옛 중구),3491000-101-2010-00158,장부순곤지암소머리국밥,한식,2010-01-19,,영업/정상,2026-09-17 22:47:50,"인천광역시 영종구 흰바위로92번길 5-5, 조이그린빌 1층 101호 (운서동)"
general_restaurants,일반음식점,인천 영종(옛 중구),3491000-101-2009-00146,멕시카나 운서점,호프/통닭,2009-10-28,,영업/정상,2026-09-11 22:47:50,"인천광역시 영종구 신도시북로43번길 14, 풍림아이원아파트 (운서동)"
general_restaurants,일반음식점,인천 영종(옛 중구),3491000-101-2008-00140,해뜨는집,식육(숯불구이),2008-08-14,2026-10-08,폐업,2026-10-09 22:47:50,인천광역시 영종구 늘목로 23 (을왕동)
general_restaurants,일반음식점,인천 영종(옛 중구),3491000-101-2007-00154,병천순대,한식,2007-11-01,2026-08-27,폐업,2026-08-28 22:47:50,"인천광역시 영종구 남북로 121 (남북동, 191번지 외 1필지 101호)"
general_restaurants,일반음식점,인천 영종(옛 중구),3491000-101-2005-00119,더젯레그드리자드,기타,2005-09-26,2026-09-28,폐업,2026-09-29 22:47:50,"인천광역시 영종구 공항로424번길 60, 대우스카이월드 1층 110,111호 (운서동)"
general_restaurants,일반음식점,인천 영종(옛 중구),3491000-101-2005-00103,오션스타트하우스,한식,2005-09-06,,영업/정상,2026-09-10 22:47:50,"인천광역시 영종구 공항동로 392, 1층 (운서동)"
general_restaurants,일반음식점,인천 영종(옛 중구),3491000-101-2005-00101,바다클럽하우스,한식,2005-09-06,,영업/정상,2026-09-10 22:47:50,인천광역시 영종구 공항동로 392 (운서동)
general_restaurants,일반음식점,인천 영종(옛 중구),3491000-101-2005-00060,하늘코스 클럽하우스,한식,2005-07-11,,영업/정상,2026-09-10 22:47:50,"인천광역시 영종구 공항동로135번길 267, 지하1,1층 (운서동, 하늘골프장)"
general_restaurants,일반음식점,인천 영종(옛 중구),3491000-101-2005-00059,하늘코스 그늘집,기타,2005-07-11,,영업/정상,2026-09-10 22:47:50,"인천광역시 영종구 공항동로135번길 267, 1층 (운서동, 하늘골프장)"
general_restaurants,일반음식점,인천 영종(옛 중구),3491000-101-2004-00055,장어본가,한식,2004-05-07,,영업/정상,2026-09-19 22:47:50,"인천광역시 영종구 신도시남로142번길 5, 105호 (운서동, 신비프라자)"
general_restaurants,일반음식점,인천 영종(옛 중구),3491000-101-2002-00189,이모네,분식,2002-06-28,,영업/정상,2026-10-03 22:47:50,인천광역시 영종구 을왕로 36 (을왕동)
general_restaurants,일반음식점,인천 영종(옛 중구),3491000-101-1992-00003,언니네 회조개구이,일식,1992-08-04,,영업/정상,2026-10-03 22:47:50,"인천광역시 영종구 을왕로 48, 1층 2층 (을왕동)"
general_restaurants,일반음식점,제주 서귀포시,6520000-101-2026-00370,러디스,한식,2026-10-08,,영업/정상,2026-10-09 22:48:00,제주특별자치도 서귀포시 서귀동 758-4
general_restaurants,일반음식점,제주 서귀포시,6520000-101-2026-00369,에그 앤 꼬꼬,한식,2026-10-08,,영업/정상,2026-10-09 22:47:59,"제주특별자치도 서귀포시 중앙로71번길 15-2, 1층 (서귀동)"
general_restaurants,일반음식점,제주 서귀포시,6520000-101-2026-00368,서귀동어촌계해녀의집,한식,2026-10-08,,영업/정상,2026-10-09 22:47:59,제주특별자치도 서귀포시 서귀동 758-4
general_restaurants,일반음식점,제주 서귀포시,6520000-101-2026-00367,성산막회,횟집,2026-10-07,,영업/정상,2026-10-08 22:47:59,"제주특별자치도 서귀포시 성산읍 일출로 233, 1층"
general_restaurants,일반음식점,제주 서귀포시,6520000-101-2026-00366,새머거본말고기식당,한식,2026-10-07,,영업/정상,2026-10-08 22:47:59,제주특별자치도 서귀포시 중정로91번길 41-1 (서귀동)
general_restaurants,일반음식점,제주 서귀포시,6520000-101-2026-00365,양치비갈치강정,한식,2026-10-07,,영업/정상,2026-10-08 22:47:59,제주특별자치도 서귀포시 서귀동 758-4
general_restaurants,일반음식점,제주 서귀포시,6520000-101-2026-00364,탐나는 고깃간,한식,2026-10-07,,영업/정상,2026-10-08 22:47:59,제주특별자치도 서귀포시 서귀동 758-4
general_restaurants,일반음식점,제주 서귀포시,6520000-101-2026-00363,새마을지도자 중앙동부녀회,한식,2026-10-07,,영업/정상,2026-10-08 22:47:59,제주특별자치도 서귀포시 서귀동 758-4
general_restaurants,일반음식점,제주 서귀포시,6520000-101-2026-00362,꿀꿀막창,한식,2026-10-01,,영업/정상,2026-10-02 22:47:53,제주특별자치도 서귀포시 서홍동 707-1
general_restaurants,일반음식점,제주 서귀포시,6520000-101-2026-00361,꿀꿀막창,한식,2026-10-01,,영업/정상,2026-10-02 22:47:53,제주특별자치도 서귀포시 서홍동 707-1
general_restaurants,일반음식점,제주 서귀포시,6520000-101-2026-00360,꿀꿀막창,한식,2026-10-01,2026-10-03,폐업,2026-10-05 22:47:56,제주특별자치도 서귀포시 서홍동 707-1
general_restaurants,일반음식점,제주 서귀포시,6520000-101-2026-00359,배두리광장,한식,2026-10-01,2026-10-03,폐업,2026-10-05 22:47:56,제주특별자치도 서귀포시 법환동 914
general_restaurants,일반음식점,제주 서귀포시,6520000-101-2026-00358,포차국수실이네1호점,한식,2026-10-01,,영업/정상,2026-10-02 22:47:53,제주특별자치도 서귀포시 서홍동 707-1
general_restaurants,일반음식점,제주 서귀포시,6520000-101-2026-00357,포차국수실이네1호점,한식,2026-10-01,,영업/정상,2026-10-02 22:47:53,제주특별자치도 서귀포시 서홍동 707-1
general_restaurants,일반음식점,제주 서귀포시,6520000-101-2026-00356,포차국수실이네1호점,한식,2026-10-01,2026-10-03,폐업,2026-10-05 22:47:56,제주특별자치도 서귀포시 서홍동 707-1
general_restaurants,일반음식점,제주 서귀포시,6520000-101-2026-00355,명가보쌈본점,한식,2026-09-30,,영업/정상,2026-10-01 22:47:52,제주특별자치도 서귀포시 서홍동 707-1
general_restaurants,일반음식점,제주 서귀포시,6520000-101-2026-00354,명가보쌈본점,한식,2026-09-30,,영업/정상,2026-10-01 22:47:52,제주특별자치도 서귀포시 서홍동 707-1
general_restaurants,일반음식점,제주 서귀포시,6520000-101-2026-00353,명가보쌈본점,한식,2026-09-30,2026-10-03,폐업,2026-10-05 22:47:56,제주특별자치도 서귀포시 서홍동 707-1
general_restaurants,일반음식점,제주 서귀포시,6520000-101-2026-00352,설쿰_제주헤리티지카페,한식,2026-09-30,,영업/정상,2026-10-01 22:47:52,제주특별자치도 서귀포시 서홍동 707-1
general_restaurants,일반음식점,제주 서귀포시,6520000-101-2026-00351,설쿰_제주해리티지카페,한식,2026-09-30,,영업/정상,2026-10-02 22:47:53,제주특별자치도 서귀포시 서홍동 707-1
general_restaurants,일반음식점,제주 서귀포시,6520000-101-2026-00350,바람 결,한식,2026-09-30,,영업/정상,2026-10-01 22:47:52,제주특별자치도 서귀포시 서홍동 707-1
general_restaurants,일반음식점,제주 서귀포시,6520000-101-2026-00349,바람 결,한식,2026-09-30,,영업/정상,2026-10-01 22:47:52,제주특별자치도 서귀포시 서홍동 707-1
general_restaurants,일반음식점,제주 서귀포시,6520000-101-2026-00348,바람 결,한식,2026-09-30,2026-10-03,폐업,2026-10-05 22:47:56,제주특별자치도 서귀포시 서홍동 707-1
general_restaurants,일반음식점,제주 서귀포시,6520000-101-2026-00347,설쿰_제주헤리티지카페,한식,2026-09-30,2026-10-03,폐업,2026-10-05 22:47:56,제주특별자치도 서귀포시 서홍동 707-1
general_restaurants,일반음식점,제주 서귀포시,6520000-101-2026-00346,쑨이네,한식,2026-09-29,,영업/정상,2026-10-03 22:47:54,"제주특별자치도 서귀포시 표선면 표선동서로 252, 1층"
general_restaurants,일반음식점,제주 서귀포시,6520000-101-2026-00345,의귀리마을회&의귀리부녀회&의귀리노인회&오끼다방&혼디아동센터,한식,2026-09-29,2026-10-05,폐업,2026-10-07 22:47:59,제주특별자치도 서귀포시 남원읍 한남리 1631-2
general_restaurants,일반음식점,제주 서귀포시,6520000-101-2026-00344,원피스,경양식,2026-09-28,,영업/정상,2026-10-02 22:47:53,제주특별자치도 서귀포시 하효동 142-4
general_restaurants,일반음식점,제주 서귀포시,6520000-101-2026-00343,빌라 드 사계(Villa de Sagye),한식,2026-09-22,,영업/정상,2026-09-23 22:47:58,"제주특별자치도 서귀포시 안덕면 사계북로 157-20, 1층"
general_restaurants,일반음식점,제주 서귀포시,6520000-101-2026-00342,진국옹기설렁탕(본점),한식,2026-09-22,,영업/정상,2026-09-23 22:47:58,제주특별자치도 서귀포시 동홍서로 113 (동홍동)
general_restaurants,일반음식점,제주 서귀포시,6520000-101-2026-00341,아모르파티,한식,2026-09-22,,영업/정상,2026-09-23 22:47:58,"제주특별자치도 서귀포시 대정읍 상모대서로 43-2, 1층"
general_restaurants,일반음식점,제주 서귀포시,6520000-101-2026-00340,키아오라(kiaora),한식,2026-09-18,,영업/정상,2026-09-19 22:47:54,"제주특별자치도 서귀포시 성산읍 난고로42번길 3, 1층"
general_restaurants,일반음식점,제주 서귀포시,6520000-101-2026-00339,실크로드 푸드(SILK ROAD FOOD),한식,2026-09-18,2026-09-20,폐업,2026-09-22 22:47:57,제주특별자치도 서귀포시 하효동 990-1
general_restaurants,일반음식점,제주 서귀포시,6520000-101-2026-00338,새마을지도자효돈동부녀회,한식,2026-09-18,2026-09-20,폐업,2026-09-22 22:47:57,제주특별자치도 서귀포시 하효동 990-1 D동
general_restaurants,일반음식점,제주 서귀포시,6520000-101-2026-00337,강정마을회,한식,2026-09-18,2026-09-19,폐업,2026-09-21 22:47:56,"제주특별자치도 서귀포시 이어도로 640, 김영관축구장 (강정동)"
general_restaurants,일반음식점,제주 서귀포시,6520000-101-2026-00336,새마을지도자효돈동부녀회,한식,2026-09-18,2026-09-20,폐업,2026-09-22 22:47:57,제주특별자치도 서귀포시 하효동 990-1 C동
general_restaurants,일반음식점,제주 서귀포시,6520000-101-2026-00335,수작,한식,2026-09-18,2026-09-19,폐업,2026-09-21 22:47:56,제주특별자치도 서귀포시 하원동 산 70
general_restaurants,일반음식점,제주 서귀포시,6520000-101-2026-00334,카페청굴물,한식,2026-09-18,2026-09-19,폐업,2026-09-21 22:47:56,제주특별자치도 서귀포시 하원동 산 70
general_restaurants,일반음식점,제주 서귀포시,6520000-101-2026-00333,서귀서귀,한식,2026-09-16,,영업/정상,2026-09-17 22:47:52,제주특별자치도 서귀포시 서문서로55번길 12 (서귀동)
general_restaurants,일반음식점,제주 서귀포시,6520000-101-2026-00332,진이네,한식,2026-09-16,,영업/정상,2026-09-17 22:47:52,제주특별자치도 서귀포시 대정읍 하모중앙로 37
general_restaurants,일반음식점,제주 서귀포시,6520000-101-2026-00331,서작가초밥집 2호점,일식,2026-09-15,,영업/정상,2026-09-16 22:47:51,"제주특별자치도 서귀포시 칠십리로 99, 2층 (서귀동)"
general_restaurants,일반음식점,제주 서귀포시,6520000-101-2026-00330,동백포차,한식,2026-09-14,,영업/정상,2026-09-15 22:47:50,제주특별자치도 서귀포시 516로 537 (상효동)
general_restaurants,일반음식점,제주 서귀포시,6520000-101-2026-00329,곶자왈,경양식,2026-09-14,,영업/정상,2026-10-07 22:47:58,"제주특별자치도 서귀포시 안덕면 덕수서로174번길 5-47, 1층"
general_restaurants,일반음식점,제주 서귀포시,6520000-101-2026-00328,낭불갈비,식육(숯불구이),2026-09-11,,영업/정상,2026-09-12 22:48:25,"제주특별자치도 서귀포시 대청로 37, 2층 203호 (강정동)"
general_restaurants,일반음식점,제주 서귀포시,6520000-101-2026-00327,설쿰_제주헤리티지카페,한식,2026-09-10,2026-09-12,폐업,2026-09-14 22:48:26,제주특별자치도 서귀포시 서홍동 707-1
general_restaurants,일반음식점,제주 서귀포시,6520000-101-2026-00326,명가보쌈,한식,2026-09-10,2026-09-12,폐업,2026-09-14 22:48:26,제주특별자치도 서귀포시 서홍동 707-1
general_restaurants,일반음식점,제주 서귀포시,6520000-101-2026-00325,명륜진사갈비서귀명동점,호프/통닭,2026-09-10,2026-09-13,폐업,2026-09-15 22:47:50,제주특별자치도 서귀포시 중문동 2232
general_restaurants,일반음식점,제주 서귀포시,6520000-101-2026-00324,명륜진사갈비서귀명동점,호프/통닭,2026-09-10,2026-09-11,폐업,2026-09-13 22:48:25,제주특별자치도 서귀포시 중문동 2232
general_restaurants,일반음식점,제주 서귀포시,6520000-101-2026-00323,바람 결,한식,2026-09-10,2026-09-12,폐업,2026-09-14 22:48:26,제주특별자치도 서귀포시 서홍동 707-1
general_restaurants,일반음식점,제주 서귀포시,6520000-101-2026-00322,포차국수실이네 1호점,한식,2026-09-10,2026-09-12,폐업,2026-09-14 22:48:26,제주특별자치도 서귀포시 서홍동 707-1
general_restaurants,일반음식점,제주 서귀포시,6520000-101-2026-00321,새참만땅 서귀포점,김밥(도시락),2026-09-10,2026-09-12,폐업,2026-09-14 22:48:26,제주특별자치도 서귀포시 서홍동 707-1
general_restaurants,일반음식점,제주 서귀포시,6520000-101-2026-00320,하모리소갈비 동홍점,한식,2026-09-09,,영업/정상,2026-09-10 22:48:23,"제주특별자치도 서귀포시 동홍남로 59, 1층 (동홍동)"
general_restaurants,일반음식점,제주 서귀포시,6520000-101-2026-00319,제주남문숯불치킨 화순점,호프/통닭,2026-09-07,,영업/정상,2026-09-08 22:48:21,제주특별자치도 서귀포시 안덕면 화순중앙로 45
general_restaurants,일반음식점,제주 서귀포시,6520000-101-2026-00318,요와묵,한식,2026-09-04,,영업/정상,2026-09-05 22:48:18,제주특별자치도 서귀포시 성산읍 독자봉로 23
general_restaurants,일반음식점,제주 서귀포시,6520000-101-2026-00317,캡틴클럽하우스,경양식,2026-09-04,2026-09-05,폐업,2026-09-07 22:48:20,"제주특별자치도 서귀포시 월드컵로 33, 제주월드컵경기장 S석호 (법환동)"
general_restaurants,일반음식점,제주 서귀포시,6520000-101-2026-00316,캡틴클럽하우스,경양식,2026-09-04,2026-09-05,폐업,2026-09-07 22:48:20,"제주특별자치도 서귀포시 서호남로 91, W석호 (서호동, 서귀포혁신 사랑으로 부영아파트)"
general_restaurants,일반음식점,제주 서귀포시,6520000-101-2026-00315,캡틴클럽하우스 강정마을해군기지점,경양식,2026-09-04,2026-09-05,폐업,2026-09-07 22:48:20,"제주특별자치도 서귀포시 월드컵로 33, 제주월드컵경기장 N석호 (법환동)"
general_restaurants,일반음식점,제주 서귀포시,6520000-101-2026-00314,캡틴클럽하우스 강정마을해군기지점,경양식,2026-09-04,2026-09-05,폐업,2026-09-07 22:48:20,"제주특별자치도 서귀포시 월드컵로 33, 제주월드컵경기장 E석호 (법환동)"
general_restaurants,일반음식점,제주 서귀포시,6520000-101-2026-00313,1985동경,일식,2026-08-31,,영업/정상,2026-09-01 22:48:14,"제주특별자치도 서귀포시 표선면 표선동서로 115, 1층"
general_restaurants,일반음식점,제주 서귀포시,6520000-101-2026-00312,올래포차,한식,2026-08-28,2026-08-30,폐업,2026-09-01 22:48:14,제주특별자치도 서귀포시 토평동 2980
general_restaurants,일반음식점,제주 서귀포시,6520000-101-2026-00311,통큰수산,횟집,2026-08-28,,영업/정상,2026-09-02 22:48:15,제주특별자치도 서귀포시 중앙로42번길 17 (서귀동)
general_restaurants,일반음식점,제주 서귀포시,6520000-101-2026-00310,KFC제주에듀시티,기타,2026-08-27,,영업/정상,2026-08-28 22:48:10,"제주특별자치도 서귀포시 대정읍 영어도시로 91, 1 ~ 2층"
general_restaurants,일반음식점,제주 서귀포시,6520000-101-2026-00309,명가보쌈본점,한식,2026-08-27,2026-08-29,폐업,2026-08-31 22:48:13,제주특별자치도 서귀포시 서홍동 707-1
general_restaurants,일반음식점,제주 서귀포시,6520000-101-2026-00308,유가네 아나고 꼼장어구이,한식,2026-08-27,,영업/정상,2026-09-08 22:48:21,"제주특별자치도 서귀포시 동문로 27, 1층 (서귀동)"
general_restaurants,일반음식점,제주 서귀포시,6520000-101-2026-00307,해바라기분식,한식,2026-08-26,2026-08-30,폐업,2026-09-01 22:48:14,제주특별자치도 서귀포시 토평동 2980
general_restaurants,일반음식점,제주 서귀포시,6520000-101-2026-00305,캡틴클럽하우스,한식,2026-08-24,2026-08-25,폐업,2026-08-27 22:48:10,"제주특별자치도 서귀포시 월드컵로 33, 경기장 내부(S석) (법환동)"
general_restaurants,일반음식점,제주 서귀포시,6520000-101-2026-00304,캡틴클럽하우스,한식,2026-08-24,2026-08-25,폐업,2026-08-27 22:48:10,"제주특별자치도 서귀포시 월드컵로 33, 경기장 내부(W석) (법환동)"
general_restaurants,일반음식점,제주 서귀포시,6520000-101-2026-00303,캡틴클럽하우스 강정마을해군기지점,한식,2026-08-24,2026-08-25,폐업,2026-08-27 22:48:10,"제주특별자치도 서귀포시 월드컵로 33, 경기장 내부(E석) (법환동)"
general_restaurants,일반음식점,제주 서귀포시,6520000-101-2026-00302,캡틴클럽하우스 강정마을해군기지점,한식,2026-08-24,2026-08-25,폐업,2026-08-27 22:48:10,"제주특별자치도 서귀포시 월드컵로 33, 경기장 내부(N석) (법환동)"
general_restaurants,일반음식점,제주 서귀포시,6520000-101-2026-00295,복댕이,한식,2026-08-21,,영업/정상,2026-08-26 22:48:09,"제주특별자치도 서귀포시 성산읍 일출로 34, 1층"
general_restaurants,일반음식점,제주 서귀포시,6520000-101-2026-00294,몬순,한식,2026-08-20,,영업/정상,2026-09-17 22:47:52,"제주특별자치도 서귀포시 염돈로 34-1, B동 1층 (강정동)"
general_restaurants,일반음식점,제주 서귀포시,6520000-101-2026-00282,모이렌 제주 소품샵 카페,한식,2026-08-10,,영업/정상,2026-08-27 22:48:10,"제주특별자치도 서귀포시 남원읍 태신해안로 112, 1층"
general_restaurants,일반음식점,제주 서귀포시,6520000-101-2026-00275,하르,한식,2026-08-05,2026-09-05,폐업,2026-09-07 22:48:20,"제주특별자치도 서귀포시 월드컵로 33, 제주월드컵경기장 (법환동)"
general_restaurants,일반음식점,제주 서귀포시,6520000-101-2026-00274,하르,한식,2026-08-05,2026-08-30,폐업,2026-09-01 22:48:14,"제주특별자치도 서귀포시 월드컵로 33, 제주월드컵경기장 (법환동)"
general_restaurants,일반음식점,제주 서귀포시,6520000-101-2026-00273,하르,한식,2026-08-05,2026-08-25,폐업,2026-08-27 22:48:10,"제주특별자치도 서귀포시 월드컵로 33, 제주월드컵경기장 (법환동)"
general_restaurants,일반음식점,제주 서귀포시,6520000-101-2026-00265,온정뷔페,한식,2026-07-31,,영업/정상,2026-10-07 22:47:58,"제주특별자치도 서귀포시 안덕면 신화역사로 432, 1층"
general_restaurants,일반음식점,제주 서귀포시,6520000-101-2026-00246,가문잔치,한식,2026-07-16,2026-09-21,폐업,2026-09-22 22:47:57,제주특별자치도 서귀포시 중앙로 138 (동홍동)
general_restaurants,일반음식점,제주 서귀포시,6520000-101-2026-00232,논짓물계절음식점,한식,2026-07-08,2026-09-03,폐업,2026-09-04 22:48:17,제주특별자치도 서귀포시 하예동 568
general_restaurants,일반음식점,제주 서귀포시,6520000-101-2026-00212,금모래계절음식점,한식,2026-07-01,2026-08-31,폐업,2026-09-01 22:48:14,제주특별자치도 서귀포시 안덕면 화순리 825-3 (865-1번지선 외 1필지)
general_restaurants,일반음식점,제주 서귀포시,6520000-101-2026-00208,색달계절음식점,한식,2026-06-26,2026-09-10,폐업,2026-09-11 22:48:24,제주특별자치도 서귀포시 색달동 2822-9 지선
general_restaurants,일반음식점,제주 서귀포시,6520000-101-2026-00207,생수천계절음식점,한식,2026-06-26,2026-09-03,폐업,2026-09-04 22:48:17,제주특별자치도 서귀포시 색달동 2039
general_restaurants,일반음식점,제주 서귀포시,6520000-101-2026-00194,파도다,한식,2026-06-16,,영업/정상,2026-09-12 22:48:25,"제주특별자치도 서귀포시 이어도로 1051, 1층 (서호동)"
general_restaurants,일반음식점,제주 서귀포시,6520000-101-2026-00013,섬골,한식,2026-01-12,,영업/정상,2026-09-01 22:48:14,"제주특별자치도 서귀포시 속골로 26, 1층 (호근동)"
general_restaurants,일반음식점,제주 서귀포시,6520000-101-2025-00310,한상뷔페,한식,2025-11-10,,영업/정상,2026-09-22 22:47:57,"제주특별자치도 서귀포시 이어도로 278, 지1층 (하원동)"
general_restaurants,일반음식점,제주 서귀포시,6520000-101-2025-00219,느루(NEURU),경양식,2025-08-22,,영업/정상,2026-09-04 22:48:17,"제주특별자치도 서귀포시 남원읍 태위로 526, 1층"
general_restaurants,일반음식점,제주 서귀포시,6520000-101-2025-00130,본점,경양식,2025-05-20,2026-08-28,폐업,2026-08-29 22:48:11,"제주특별자치도 서귀포시 성산읍 삼달로 119, 1층"
general_restaurants,일반음식점,제주 서귀포시,6520000-101-2024-00281,당주제 제주 오메기떡,한식,2024-10-14,2026-09-18,폐업,2026-09-19 22:47:54,"제주특별자치도 서귀포시 중정로61번길 20, 6호 (서귀동)"
general_restaurants,일반음식점,제주 서귀포시,6520000-101-2024-00233,던킨하젠아이스크림라면라이브러리제주신화월드점,한식,2024-08-26,,영업/정상,2026-09-05 22:48:18,"제주특별자치도 서귀포시 안덕면 신화역사로304번길 38, 지하 1층 25호"
general_restaurants,일반음식점,제주 서귀포시,6520000-101-2024-00218,바람의협곡,경양식,2024-08-08,,영업/정상,2026-09-03 22:48:16,제주특별자치도 서귀포시 표선면 번영로 2543-15
general_restaurants,일반음식점,제주 서귀포시,6520000-101-2024-00158,목목목 제주혼술바,한식,2024-06-17,,영업/정상,2026-09-24 22:47:58,제주특별자치도 서귀포시 태평로 408 (서귀동)
general_restaurants,일반음식점,제주 서귀포시,6520000-101-2024-00110,시크릿파이브(SECRET 5),중국식,2024-04-25,,영업/정상,2026-09-23 22:47:58,"제주특별자치도 서귀포시 대정읍 하모항구로 58, 5층"
general_restaurants,일반음식점,제주 서귀포시,6520000-101-2024-00043,포차오야우동,한식,2024-02-27,,영업/정상,2026-08-26 22:48:09,제주특별자치도 서귀포시 쇠소깍로 160 (하효동)
general_restaurants,일반음식점,제주 서귀포시,6520000-101-2024-00013,종명식당 올레시장점,한식,2024-01-15,,영업/정상,2026-10-02 22:47:53,"제주특별자치도 서귀포시 동문로 34, 1층 (서귀동)"
general_restaurants,일반음식점,제주 서귀포시,6520000-101-2023-00370,사계해변국수,한식,2023-11-01,2026-09-23,폐업,2026-09-24 22:47:58,"제주특별자치도 서귀포시 안덕면 형제해안로 24, 1층"
general_restaurants,일반음식점,제주 서귀포시,6520000-101-2023-00287,대통아구 서귀점,뷔페식,2023-08-23,,영업/정상,2026-09-02 22:48:15,제주특별자치도 서귀포시 중정로91번길 58 (서귀동)
general_restaurants,일반음식점,제주 서귀포시,6520000-101-2023-00228,탐라칼국수,한식,2023-07-04,,영업/정상,2026-09-15 22:47:50,제주특별자치도 서귀포시 성산읍 삼달로 119
general_restaurants,일반음식점,제주 서귀포시,6520000-101-2023-00179,신신호텔 이스턴 커피,뷔페식,2023-06-02,,영업/정상,2026-09-22 22:47:57,"제주특별자치도 서귀포시 서호중로 65, 1층 (서호동)"
general_restaurants,일반음식점,제주 서귀포시,6520000-101-2023-00126,하이숙성,한식,2023-04-19,2026-09-03,폐업,2026-09-04 22:48:17,"제주특별자치도 서귀포시 안덕면 사계북로 192, 101-102호"
general_restaurants,일반음식점,제주 서귀포시,6520000-101-2023-00034,코츠커퍼(Cotscuppa),"외국음식전문점(인도,태국등)",2023-02-06,,영업/정상,2026-10-03 22:47:54,"제주특별자치도 서귀포시 월드컵로 51, 1층 (법환동)"
general_restaurants,일반음식점,제주 서귀포시,6520000-101-2022-00430,보로스름,분식,2022-12-15,2026-09-15,폐업,2026-09-16 22:47:51,제주특별자치도 서귀포시 안덕면 산방로 355
general_restaurants,일반음식점,제주 서귀포시,6520000-101-2022-00393,아지토(Ajito),일식,2022-11-17,,영업/정상,2026-09-01 22:48:14,"제주특별자치도 서귀포시 천제연로178번길 10, 1층 (중문동)"
general_restaurants,일반음식점,제주 서귀포시,6520000-101-2022-00360,올바른면옥,한식,2022-10-19,,영업/정상,2026-10-09 22:47:59,"제주특별자치도 서귀포시 월드컵로 14, 104호 (강정동)"
general_restaurants,일반음식점,제주 서귀포시,6520000-101-2022-00338,럼피(LUMTP),"외국음식전문점(인도,태국등)",2022-09-23,2026-08-25,폐업,2026-08-26 22:48:09,"제주특별자치도 서귀포시 안덕면 사계북로 57, 1층"
general_restaurants,일반음식점,제주 서귀포시,6520000-101-2022-00330,베큠(Vacuum),"외국음식전문점(인도,태국등)",2022-09-19,,영업/정상,2026-08-29 22:48:11,제주특별자치도 서귀포시 홍중로27번길 1 (서홍동)
general_restaurants,일반음식점,제주 서귀포시,6520000-101-2022-00305,창화당서귀포점,분식,2022-08-25,2026-09-03,폐업,2026-09-04 22:48:17,"제주특별자치도 서귀포시 신서귀로 43, 2층 (법환동)"
general_restaurants,일반음식점,제주 서귀포시,6520000-101-2022-00143,크레이지 제이제이 바,호프/통닭,2022-05-06,,영업/정상,2026-10-01 22:47:52,"제주특별자치도 서귀포시 천제연로207번길 1, 2층 (중문동)"
general_restaurants,일반음식점,제주 서귀포시,6520000-101-2022-00052,"소록, 말차",경양식,2022-02-25,,영업/정상,2026-09-23 22:47:58,제주특별자치도 서귀포시 이어도로 1065 (서호동)
general_restaurants,일반음식점,제주 서귀포시,6520000-101-2021-00374,제주 포레스트 선다방,패밀리레스트랑,2021-11-05,,영업/정상,2026-09-12 22:48:25,제주특별자치도 서귀포시 안덕면 화순서서로64번길 16
general_restaurants,일반음식점,제주 서귀포시,6520000-101-2021-00337,뷰 935(View 935),패밀리레스트랑,2021-09-27,,영업/정상,2026-10-07 22:47:58,"제주특별자치도 서귀포시 중산간서로 935, 1층 (색달동)"
general_restaurants,일반음식점,제주 서귀포시,6520000-101-2021-00330,미친뼈감자탕,한식,2021-09-16,,영업/정상,2026-09-15 22:47:50,"제주특별자치도 서귀포시 천제연로 167, 1층 (중문동)"
general_restaurants,일반음식점,제주 서귀포시,6520000-101-2021-00269,샤브마니아신서귀포점,한식,2021-08-06,2026-09-17,폐업,2026-09-18 22:47:53,"제주특별자치도 서귀포시 신서귀로 45, 1층 (법환동)"
general_restaurants,일반음식점,제주 서귀포시,6520000-101-2021-00258,윤가우동서홍동점,한식,2021-07-30,2026-08-25,폐업,2026-08-26 22:48:09,"제주특별자치도 서귀포시 홍중로27번길 1, 1층 (서홍동)"
general_restaurants,일반음식점,제주 서귀포시,6520000-101-2021-00220,모꼬지,한식,2021-07-07,,영업/정상,2026-09-01 22:48:14,"제주특별자치도 서귀포시 남원읍 원님로399번길 319, 해비치골프장"
general_restaurants,일반음식점,제주 서귀포시,6520000-101-2021-00207,소쿠리,한식,2021-06-30,2026-09-29,폐업,2026-09-30 22:47:51,"제주특별자치도 서귀포시 성산읍 일출로 270-2, 제3호"
general_restaurants,일반음식점,제주 서귀포시,6520000-101-2021-00163,신창흑돼지두루치기,한식,2021-06-01,,영업/정상,2026-10-01 22:47:52,제주특별자치도 서귀포시 대정읍 동일하모로 182
general_restaurants,일반음식점,제주 서귀포시,6520000-101-2021-00116,블루(Blue),뷔페식,2021-04-23,,영업/정상,2026-09-15 22:47:50,"제주특별자치도 서귀포시 명동로 46, 102호 (서귀동)"
general_restaurants,일반음식점,제주 서귀포시,6520000-101-2021-00065,오타쿠리,정종/대포집/소주방,2021-03-10,,영업/정상,2026-10-01 22:47:52,"제주특별자치도 서귀포시 대정읍 신영로 117, 1층"
general_restaurants,일반음식점,제주 서귀포시,6520000-101-2021-00051,밤비노,"외국음식전문점(인도,태국등)",2021-02-26,,영업/정상,2026-08-29 22:48:11,"제주특별자치도 서귀포시 용흥로66번길 158-7, 토스카나 가족호텔 1층 (강정동)"
general_restaurants,일반음식점,제주 서귀포시,6520000-101-2021-00011,제주일품순두부동광점,한식,2021-01-14,2026-09-03,폐업,2026-09-10 22:48:23,"제주특별자치도 서귀포시 안덕면 신화역사로 502, 1층"
general_restaurants,일반음식점,제주 서귀포시,6520000-101-2020-00432,케이웨이브(K-WAVE),한식,2020-12-21,,영업/정상,2026-10-09 22:47:59,"제주특별자치도 서귀포시 안덕면 신화역사로304번길 98, F003동 1층 PlotA호"
general_restaurants,일반음식점,제주 서귀포시,6520000-101-2020-00419,스타벅스 그랜드조선제주,경양식,2020-12-15,,영업/정상,2026-09-02 22:48:15,"제주특별자치도 서귀포시 중문관광로72번길 60, 본관 4층 (색달동)"
general_restaurants,일반음식점,제주 서귀포시,6520000-101-2020-00370,신백정 한우 No.9,한식,2020-11-10,,영업/정상,2026-09-29 22:47:50,"제주특별자치도 서귀포시 안덕면 사계신항로 14, 1층"
general_restaurants,일반음식점,제주 서귀포시,6520000-101-2020-00330,올드패션 서귀포,"외국음식전문점(인도,태국등)",2020-10-12,,영업/정상,2026-09-10 22:48:23,"제주특별자치도 서귀포시 일주동로 8661, 1층 (서귀동)"
general_restaurants,일반음식점,제주 서귀포시,6520000-101-2020-00192,카페빈티지,경양식,2020-06-23,2026-09-18,폐업,2026-09-19 22:47:54,제주특별자치도 서귀포시 일주서로 608 (회수동)
general_restaurants,일반음식점,제주 서귀포시,6520000-101-2020-00188,밤고냉이,정종/대포집/소주방,2020-06-22,2026-10-01,폐업,2026-10-02 22:47:53,"제주특별자치도 서귀포시 동홍남로 28, 1층 (동홍동)"
general_restaurants,일반음식점,제주 서귀포시,6520000-101-2020-00166,에이치에프에프,"외국음식전문점(인도,태국등)",2020-06-02,2026-10-07,폐업,2026-10-08 22:47:59,"제주특별자치도 서귀포시 남원읍 태위로679번길 10, 1층"
general_restaurants,일반음식점,제주 서귀포시,6520000-101-2020-00160,강정 완소뷔페,한식,2020-05-28,,영업/정상,2026-09-01 22:48:14,"제주특별자치도 서귀포시 이어도로 604, 1층 (강정동)"
general_restaurants,일반음식점,제주 서귀포시,6520000-101-2020-00089,성산허카츠,한식,2020-03-30,,영업/정상,2026-10-09 22:47:59,제주특별자치도 서귀포시 성산읍 성산중앙로64번길 5-4
general_restaurants,일반음식점,제주 서귀포시,6520000-101-2020-00051,대화해장국,한식,2020-02-24,,영업/정상,2026-09-17 22:47:52,"제주특별자치도 서귀포시 안덕면 사계신항로 2, 1층"
general_restaurants,일반음식점,제주 서귀포시,6520000-101-2019-00532,곱단이맛집,한식,2019-12-20,,영업/정상,2026-10-01 22:47:52,"제주특별자치도 서귀포시 남원읍 남원회관로 46, 1층"
general_restaurants,일반음식점,제주 서귀포시,6520000-101-2019-00508,난드르타코,한식,2019-12-06,,영업/정상,2026-09-15 22:47:50,"제주특별자치도 서귀포시 안덕면 대평감산로 35, 1층"
general_restaurants,일반음식점,제주 서귀포시,6520000-101-2019-00470,하르비루프탑카페,한식,2019-11-07,,영업/정상,2026-09-04 22:48:17,"제주특별자치도 서귀포시 칠십리로 115, 나동 1~2층 (서귀동)"
general_restaurants,일반음식점,제주 서귀포시,6520000-101-2019-00461,새벽이슬분식,한식,2019-11-05,,영업/정상,2026-09-29 22:47:50,제주특별자치도 서귀포시 표선면 표선중앙로 75
general_restaurants,일반음식점,제주 서귀포시,6520000-101-2019-00458,파스쿠찌제주영어교육도시점,패밀리레스트랑,2019-11-04,,영업/정상,2026-09-11 22:48:24,"제주특별자치도 서귀포시 대정읍 에듀시티로239번길 8, 1층 131,132호"
general_restaurants,일반음식점,제주 서귀포시,6520000-101-2019-00380,제주뽀로로파크,경양식,2019-08-27,,영업/정상,2026-10-02 22:47:53,"제주특별자치도 서귀포시 안덕면 병악로 269, 1층"
general_restaurants,일반음식점,제주 서귀포시,6520000-101-2019-00352,돌보름 식당,한식,2019-07-31,,영업/정상,2026-09-29 22:47:50,제주특별자치도 서귀포시 안덕면 덕수서로 24
general_restaurants,일반음식점,제주 서귀포시,6520000-101-2019-00318,제주선채향,한식,2019-07-15,,영업/정상,2026-10-01 22:47:52,제주특별자치도 서귀포시 안덕면 사계남로84번길 6
general_restaurants,일반음식점,제주 서귀포시,6520000-101-2019-00280,우노야,정종/대포집/소주방,2019-06-18,2026-09-11,폐업,2026-09-12 22:48:25,"제주특별자치도 서귀포시 중앙로153번길 2, 2~3층 (서홍동)"
general_restaurants,일반음식점,제주 서귀포시,6520000-101-2018-00473,호맥 제주동홍점,한식,2018-12-14,,영업/정상,2026-10-07 22:47:58,제주특별자치도 서귀포시 동홍남로 61 (동홍동)
general_restaurants,일반음식점,제주 서귀포시,6520000-101-2018-00421,제주흑돼지황칠족발모슬포본점,한식,2018-10-29,,영업/정상,2026-09-04 22:48:17,"제주특별자치도 서귀포시 대정읍 최남단해안로 20, 2층"
general_restaurants,일반음식점,제주 서귀포시,6520000-101-2018-00262,만나국밥상회,분식,2018-06-25,,영업/정상,2026-09-30 22:47:51,제주특별자치도 서귀포시 중앙로 138 (동홍동)
general_restaurants,일반음식점,제주 서귀포시,6520000-101-2018-00245,자연스러운식당,경양식,2018-06-14,,영업/정상,2026-08-26 22:48:09,"제주특별자치도 서귀포시 태평로92번길 8, 1층 (호근동)"
general_restaurants,일반음식점,제주 서귀포시,6520000-101-2018-00143,옵데강,한식,2018-04-16,,영업/정상,2026-09-02 22:48:15,"제주특별자치도 서귀포시 표선면 일주동로 6347-17, 샤인빌리조트 샤인빌리지동 4층 11호"
general_restaurants,일반음식점,제주 서귀포시,6520000-101-2018-00073,자금성,중국식,2018-03-07,2026-10-06,폐업,2026-10-07 22:47:58,제주특별자치도 서귀포시 성산읍 일출로288번길 13
general_restaurants,일반음식점,제주 서귀포시,6520000-101-2017-00593,소바로 서귀포점,한식,2017-12-21,,영업/정상,2026-09-17 22:47:52,"제주특별자치도 서귀포시 동홍북로 52, 1층 (동홍동)"
general_restaurants,일반음식점,제주 서귀포시,6520000-101-2017-00411,금박돈,한식,2017-09-05,2026-09-15,폐업,2026-09-16 22:47:51,"제주특별자치도 서귀포시 성산읍 일출로 261, 1층"
general_restaurants,일반음식점,제주 서귀포시,6520000-101-2017-00336,하루네밥상&술상,한식,2017-07-24,2026-09-04,폐업,2026-09-05 22:48:18,"제주특별자치도 서귀포시 대청로 37, 2층 203호 (강정동, 세종안채오피스텔)"
general_restaurants,일반음식점,제주 서귀포시,6520000-101-2017-00233,빛채움,한식,2017-06-05,,영업/정상,2026-09-11 22:48:24,제주특별자치도 서귀포시 표선면 성읍리 987-1 제10호
general_restaurants,일반음식점,제주 서귀포시,6520000-101-2017-00095,서홍정원,기타,2017-03-13,,영업/정상,2026-09-29 22:47:50,"제주특별자치도 서귀포시 솜반천로55번길 12-8, 1층 (서홍동)"
general_restaurants,일반음식점,제주 서귀포시,6520000-101-2017-00031,술쟁이들천국,호프/통닭,2017-01-24,,영업/정상,2026-10-09 22:47:59,"제주특별자치도 서귀포시 대정읍 하모이삼로52번길 13, 1층"
general_restaurants,일반음식점,제주 서귀포시,6520000-101-2017-00026,송악산 장인의집,한식,2017-01-23,,영업/정상,2026-10-01 22:47:52,"제주특별자치도 서귀포시 대정읍 형제해안로 322-1, 1층"
general_restaurants,일반음식점,제주 서귀포시,6520000-101-2016-00488,키아오라카페,기타,2016-12-14,2026-09-18,폐업,2026-09-19 22:47:54,"제주특별자치도 서귀포시 성산읍 난고로42번길 3, 1층"
general_restaurants,일반음식점,제주 서귀포시,6520000-101-2016-00322,나무아래쉼팡,한식,2016-08-11,,영업/정상,2026-08-26 22:48:09,"제주특별자치도 서귀포시 성산읍 고성오조로113번길 8, 1층"
general_restaurants,일반음식점,제주 서귀포시,6520000-101-2016-00137,범하다 어촌계 흑돼지,기타,2016-05-03,,영업/정상,2026-10-07 22:47:58,제주특별자치도 서귀포시 성산읍 환해장성로 492
general_restaurants,일반음식점,제주 서귀포시,6520000-101-2015-00366,파파스브로트,경양식,2015-11-06,,영업/정상,2026-09-10 22:48:23,"제주특별자치도 서귀포시 천제연로 166, 1층 (중문동)"
general_restaurants,일반음식점,제주 서귀포시,6520000-101-2015-00328,신신호텔 이스턴 레스토랑,경양식,2015-10-07,,영업/정상,2026-09-22 22:47:56,"제주특별자치도 서귀포시 서호중로 65, 지하층 (서호동)"
general_restaurants,일반음식점,제주 서귀포시,6520000-101-2015-00269,대정칼국수,한식,2015-08-04,,영업/정상,2026-08-26 22:48:09,"제주특별자치도 서귀포시 대정읍 동일하모로 237, 1층"
general_restaurants,일반음식점,제주 서귀포시,6520000-101-2015-00208,제주힐파스타,한식,2015-06-26,,영업/정상,2026-10-09 22:47:59,제주특별자치도 서귀포시 516로 574-23 (상효동)
general_restaurants,일반음식점,제주 서귀포시,6520000-101-2015-00110,제주흑돈만두 중문점,분식,2015-04-16,,영업/정상,2026-09-16 22:47:51,제주특별자치도 서귀포시 천제연로 170 (중문동)
general_restaurants,일반음식점,제주 서귀포시,6520000-101-2015-00024,더(The)해송,한식,2015-01-29,,영업/정상,2026-10-03 22:47:54,제주특별자치도 서귀포시 성산읍 일출로 270-2
general_restaurants,일반음식점,제주 서귀포시,6520000-101-2014-00380,천돈가 중문흑돼지 제주본점,식육(숯불구이),2014-12-30,,영업/정상,2026-09-10 22:48:23,제주특별자치도 서귀포시 천제연로 280 (중문동)
general_restaurants,일반음식점,제주 서귀포시,6520000-101-2014-00112,범섬칼국수,한식,2014-04-28,,영업/정상,2026-09-05 22:48:18,제주특별자치도 서귀포시 이어도로 1039 (서호동)
general_restaurants,일반음식점,제주 서귀포시,6520000-101-2014-00018,동이틀때까지,호프/통닭,2014-01-28,,영업/정상,2026-08-30 22:48:12,제주특별자치도 서귀포시 동문로 59 (서귀동)
general_restaurants,일반음식점,제주 서귀포시,6520000-101-2013-00215,선비의 빈그릇,한식,2013-10-04,,영업/정상,2026-09-23 22:47:58,제주특별자치도 서귀포시 색달중앙로121번길 45 (색달동)
general_restaurants,일반음식점,제주 서귀포시,6520000-101-2013-00182,중문야경,한식,2013-08-02,,영업/정상,2026-10-01 22:47:52,제주특별자치도 서귀포시 천제연로 183-1 (중문동)
general_restaurants,일반음식점,제주 서귀포시,6520000-101-2013-00098,산이마을가든,한식,2013-05-22,2026-08-25,폐업,2026-08-26 22:48:09,제주특별자치도 서귀포시 안덕면 감산중로 34
general_restaurants,일반음식점,제주 서귀포시,6520000-101-2013-00081,병천옥 서귀포점,한식,2013-04-22,,영업/정상,2026-10-02 22:47:53,제주특별자치도 서귀포시 동홍로 167 (동홍동)
general_restaurants,일반음식점,제주 서귀포시,6520000-101-2013-00079,가본가든,한식,2013-04-18,,영업/정상,2026-08-26 22:48:09,제주특별자치도 서귀포시 성산읍 서성일로 1023
general_restaurants,일반음식점,제주 서귀포시,6520000-101-2013-00048,장백가든,한식,2013-03-15,,영업/정상,2026-10-09 22:47:59,제주특별자치도 서귀포시 성산읍 서성일로 1016
general_restaurants,일반음식점,제주 서귀포시,6520000-101-2012-00035,(구)정든해장국,한식,2012-03-19,2026-09-07,폐업,2026-09-08 22:48:21,제주특별자치도 서귀포시 일주서로 773 (중문동)
general_restaurants,일반음식점,제주 서귀포시,6520000-101-2012-00252,롱타임노씨,한식,2012-01-11,,영업/정상,2026-09-05 22:48:18,"제주특별자치도 서귀포시 안덕면 신화역사로304번길 38, F005동 1층"
general_restaurants,일반음식점,제주 서귀포시,6520000-101-2011-00036,해선참치,한식,2011-03-10,2026-08-31,폐업,2026-09-01 22:48:14,제주특별자치도 서귀포시 부두로 49 (서귀동)
general_restaurants,일반음식점,제주 서귀포시,6520000-101-2010-00066,우사미뷔페,일식,2010-05-11,,영업/정상,2026-09-04 22:48:17,"제주특별자치도 서귀포시 대정읍 최남단해안로 51, 1층"
general_restaurants,일반음식점,제주 서귀포시,6520000-101-2006-10011,흑돈쭐 표선흑돼지,한식,2006-03-13,,영업/정상,2026-09-15 22:47:50,제주특별자치도 서귀포시 표선면 민속해안로 575
general_restaurants,일반음식점,제주 서귀포시,6520000-101-2004-00131,진국옹기설렁탕 시청점,한식,2004-09-16,,영업/정상,2026-09-16 22:47:51,"제주특별자치도 서귀포시 홍중로 14, 1층 (서홍동)"
general_restaurants,일반음식점,제주 서귀포시,6520000-101-2002-10070,소노캄제주연회장,한식,2002-12-10,,영업/정상,2026-09-02 22:48:15,제주특별자치도 서귀포시 표선면 일주동로 6347-17
general_restaurants,일반음식점,제주 서귀포시,6520000-101-2002-10068,셰프스키친,뷔페식,2002-12-10,,영업/정상,2026-09-02 22:48:15,제주특별자치도 서귀포시 표선면 일주동로 6347-17
general_restaurants,일반음식점,제주 서귀포시,6520000-101-2002-00127,사조푸디스트(주)라타베르나,경양식,2002-11-06,,영업/정상,2026-09-17 22:47:52,제주특별자치도 서귀포시 중문관광로72번길 67 (색달동)
general_restaurants,일반음식점,제주 서귀포시,6520000-101-2001-10082,향촌마을식당,한식,2001-10-17,,영업/정상,2026-10-05 22:47:56,제주특별자치도 서귀포시 표선면 중산간동로 5269
general_restaurants,일반음식점,제주 서귀포시,6520000-101-2001-00092,까사로마레스토랑,한식,2001-08-17,,영업/정상,2026-09-18 22:47:53,제주특별자치도 서귀포시 태평로 347 (서귀동)
general_restaurants,일반음식점,제주 서귀포시,6520000-101-2000-00011,이쁜꽃돼지,한식,2000-01-24,2026-08-31,폐업,2026-09-01 22:48:14,제주특별자치도 서귀포시 중정로91번길 41-1 (서귀동)
general_restaurants,일반음식점,제주 서귀포시,6520000-101-1999-10026,성산바다풍경 제주성산일출봉점,한식,1999-12-20,,영업/정상,2026-09-03 22:48:16,제주특별자치도 서귀포시 성산읍 일출로288번길 17
general_restaurants,일반음식점,제주 서귀포시,6520000-101-1999-00101,솔동산고기국수 서귀포올레시장본점,한식,1999-05-18,,영업/정상,2026-09-01 22:48:14,제주특별자치도 서귀포시 부두로 23 (서귀동)
general_restaurants,일반음식점,제주 서귀포시,6520000-101-2001-10004,성산갈치 친정집 본점,한식,1998-12-26,,영업/정상,2026-09-10 22:48:23,제주특별자치도 서귀포시 성산읍 일출로 260
general_restaurants,일반음식점,제주 서귀포시,6520000-101-1995-10065,브살렐,통닭(치킨),1995-12-20,,영업/정상,2026-10-02 22:47:53,제주특별자치도 서귀포시 안덕면 사계남로 171
general_restaurants,일반음식점,제주 서귀포시,6520000-101-1994-10067,바이아웃(BUY-OUT),한식,1994-12-30,,영업/정상,2026-10-07 22:47:58,제주특별자치도 서귀포시 표선면 서성일로 79
general_restaurants,일반음식점,제주 서귀포시,6520000-101-1994-00044,사조푸디스트(주)라테라스,뷔페식,1994-06-30,,영업/정상,2026-09-17 22:47:52,제주특별자치도 서귀포시 중문관광로72번길 67 (색달동)
general_restaurants,일반음식점,제주 서귀포시,6520000-101-1993-10030,고성신양어촌계(백기해녀의집),한식,1993-02-12,,영업/정상,2026-10-07 22:47:58,제주특별자치도 서귀포시 성산읍 일출로 88-19
general_restaurants,일반음식점,제주 서귀포시,6520000-101-1990-00021,중앙복돼지,한식,1990-02-07,2026-10-07,폐업,2026-10-08 22:47:59,제주특별자치도 서귀포시 중앙로48번길 35 (서귀동)
general_restaurants,일반음식점,제주 서귀포시,6520000-101-1989-10011,멕시코니치킨,통닭(치킨),1989-07-08,,영업/정상,2026-09-11 22:48:24,제주특별자치도 서귀포시 대정읍 하모상가로 34
general_restaurants,일반음식점,제주 서귀포시,6520000-101-1987-00004,대원반점,중국식,1987-03-31,,영업/정상,2026-08-26 22:48:09,제주특별자치도 서귀포시 동문동로 26 (서귀동)
general_restaurants,일반음식점,제주 서귀포시,6520000-101-1986-10008,금모래흑돼지숯불구이,중국식,1986-03-11,,영업/정상,2026-09-08 22:48:21,제주특별자치도 서귀포시 안덕면 화순중앙로 48
rest_cafes,휴게음식점,서울 강남구,3220000-104-2026-00725,주식회사 미트충전소(한시적),기타 휴게음식점,2026-10-08,,영업/정상,2026-10-09 22:18:00,"서울특별시 강남구 도곡로 401, 롯데백화점 강남점 지하1층 식품관내 (대치동)"
rest_cafes,휴게음식점,서울 강남구,3220000-104-2026-00724,베어 바이트 브레드(한시적),커피숍,2026-10-07,,영업/정상,2026-10-08 22:18:01,"서울특별시 강남구 압구정로 343, 갤러리아 명품관 west (압구정동)"
rest_cafes,휴게음식점,서울 강남구,3220000-104-2026-00723,카사네(KASANE)(한시적),커피숍,2026-10-07,,영업/정상,2026-10-08 22:18:01,"서울특별시 강남구 도산대로 442, 피엔폴루스 지하1층 (청담동)"
rest_cafes,휴게음식점,서울 강남구,3220000-104-2026-00722,오사카야끼(한시적),기타 휴게음식점,2026-10-07,,영업/정상,2026-10-08 22:18:01,"서울특별시 강남구 영동대로 513, 코엑스광장 (삼성동)"
rest_cafes,휴게음식점,서울 강남구,3220000-104-2026-00721,마이빈,커피숍,2026-10-06,,영업/정상,2026-10-07 22:18:02,"서울특별시 강남구 영동대로 513, 코엑스 B1홀 (삼성동)"
rest_cafes,휴게음식점,서울 강남구,3220000-104-2026-00720,한나베이커리(앙카라케밥),백화점,2026-10-06,,영업/정상,2026-10-07 22:18:02,"서울특별시 강남구 영동대로 513, 강남구 영동대로 513 코엑스광장 (삼성동)"
rest_cafes,휴게음식점,서울 강남구,3220000-104-2026-00719,한나베이커리(몬스터스테이크),기타 휴게음식점,2026-10-06,,영업/정상,2026-10-07 22:18:02,"서울특별시 강남구 영동대로 513, 강남구 영동대로 513 코엑스광장 (삼성동)"
rest_cafes,휴게음식점,서울 강남구,3220000-104-2026-00718,(주)제이와이에스유통,기타 휴게음식점,2026-10-06,,영업/정상,2026-10-07 22:18:02,"서울특별시 강남구 압구정로 343, 갤러리아백화점(WEST B1 고메이 494) (압구정동)"
rest_cafes,휴게음식점,서울 강남구,3220000-104-2026-00717,씨유 압구정프라임점,기타 휴게음식점,2026-10-06,,영업/정상,2026-10-07 22:18:02,"서울특별시 강남구 압구정로46길 5-1, 지상 1층 (신사동)"
rest_cafes,휴게음식점,서울 강남구,3220000-104-2026-00716,범표원두 수서역점,커피숍,2026-10-06,,영업/정상,2026-10-07 22:18:02,"서울특별시 강남구 밤고개로1길 10, 수서현대벤쳐빌 1층 1162호 (수서동)"
rest_cafes,휴게음식점,서울 강남구,3220000-104-2026-00715,지에스(GS25)뉴역삼프라임점,기타 휴게음식점,2026-10-06,,영업/정상,2026-10-07 22:18:02,"서울특별시 강남구 언주로97길 25, 지상 1층 (역삼동)"
rest_cafes,휴게음식점,서울 강남구,3220000-104-2026-00714,우지커피 대치중앙점,기타 휴게음식점,2026-10-06,,영업/정상,2026-10-07 22:18:02,"서울특별시 강남구 선릉로 344, 내제1층 106호 (대치동)"
rest_cafes,휴게음식점,서울 강남구,3220000-104-2026-00713,오믈렛하우스(OMELETTES HOUSE)(한시적),커피숍,2026-10-06,,영업/정상,2026-10-07 22:18:02,"서울특별시 강남구 테헤란로 517, 현대백화점 지하1층 행사장 (삼성동)"
rest_cafes,휴게음식점,서울 강남구,3220000-104-2026-00712,쥬씨,기타 휴게음식점,2026-10-06,,영업/정상,2026-10-07 22:18:01,"서울특별시 강남구 테헤란로25길 52, 지상 3층 301호 일부호 (역삼동)"
rest_cafes,휴게음식점,서울 강남구,3220000-104-2026-00711,키킥서울(한시적),커피숍,2026-10-06,,영업/정상,2026-10-07 22:18:01,"서울특별시 강남구 압구정로 343, 갤러리아 백화점 식품관 지하1층 (압구정동)"
rest_cafes,휴게음식점,서울 강남구,3220000-104-2026-00710,스타벅스 디에이치자이개포점,커피숍,2026-10-02,,영업/정상,2026-10-03 22:18:00,"서울특별시 강남구 영동대로 22, 제827동 제지1층 제에스비1-203호,209호 (일원동, 디에이치 자이 개포)"
rest_cafes,휴게음식점,서울 강남구,3220000-104-2026-00709,오코메상 롯데백화점 본점(한시적영업),커피숍,2026-10-02,,영업/정상,2026-10-03 22:18:00,"서울특별시 강남구 도곡로 401, 롯데백화점 B1 (대치동)"
rest_cafes,휴게음식점,서울 강남구,3220000-104-2026-00708,강할모니(한시적),기타 휴게음식점,2026-10-02,,영업/정상,2026-10-03 22:18:00,"서울특별시 강남구 압구정로 165, 현대백화점 본점 지하1층 식품행사장 (압구정동)"
rest_cafes,휴게음식점,서울 강남구,3220000-104-2026-00707,그래인스쿠키,백화점,2026-10-02,,영업/정상,2026-10-03 22:18:00,"서울특별시 강남구 도곡로 401, 롯데백화점 지하1층 (대치동)"
rest_cafes,휴게음식점,서울 강남구,3220000-104-2026-00706,자이소(한시적),기타 휴게음식점,2026-10-02,,영업/정상,2026-10-03 22:18:00,"서울특별시 강남구 압구정로 165, 현대백화점본점 지하1층 (압구정동)"
rest_cafes,휴게음식점,서울 강남구,3220000-104-2026-00705,아리랑도원,기타 휴게음식점,2026-10-01,,영업/정상,2026-10-02 22:18:00,"서울특별시 강남구 테헤란로 517, 현대백화점 (삼성동)"
rest_cafes,휴게음식점,서울 강남구,3220000-104-2026-00704,메종원스이어(한시적),커피숍,2026-10-01,,영업/정상,2026-10-02 22:18:00,"서울특별시 강남구 도곡로 401, 롯데백화점 지하1층 (대치동)"
rest_cafes,휴게음식점,서울 강남구,3220000-104-2026-00703,이사부족발(한시적),일반조리판매,2026-10-01,,영업/정상,2026-10-02 22:18:00,"서울특별시 강남구 도곡로 401, 롯데백화점 지하1층 (대치동)"
rest_cafes,휴게음식점,서울 강남구,3220000-104-2026-00702,수향,커피숍,2026-10-01,,영업/정상,2026-10-02 22:18:00,"서울특별시 강남구 선릉로161길 20, 4층 (신사동)"
rest_cafes,휴게음식점,서울 강남구,3220000-104-2026-00701,파운드스탠드 (POUND STAND),커피숍,2026-10-01,,영업/정상,2026-10-02 22:18:00,"서울특별시 강남구 도산대로49길 22, 아가페 트리 6층 (신사동)"
rest_cafes,휴게음식점,서울 강남구,3220000-104-2026-00700,닭강정공방 롯데백화점 강남점,기타 휴게음식점,2026-10-01,,영업/정상,2026-10-02 22:18:00,"서울특별시 강남구 도곡로 401, 롯데백화점 지하 1층 (대치동)"
rest_cafes,휴게음식점,서울 강남구,3220000-104-2026-00699,떡함지 대치점,기타 휴게음식점,2026-10-01,,영업/정상,2026-10-02 22:18:00,"서울특별시 강남구 남부순환로 2927, 대치 클래시아 지하 1층 B106호 (대치동)"
rest_cafes,휴게음식점,서울 강남구,3220000-104-2026-00698,엘오디 LOD,커피숍,2026-10-01,,영업/정상,2026-10-02 22:18:00,"서울특별시 강남구 영동대로 707, 지상1층 (청담동)"
rest_cafes,휴게음식점,서울 강남구,3220000-104-2026-00697,한식공간 롯데백화점 강남점,백화점,2026-09-30,,영업/정상,2026-10-01 22:18:00,"서울특별시 강남구 도곡로 401, 롯데백화점 강남점 지하1층 (대치동)"
rest_cafes,휴게음식점,서울 강남구,3220000-104-2026-00696,연백딸기모찌(한시적),일반조리판매,2026-09-30,,영업/정상,2026-10-01 22:18:00,"서울특별시 강남구 도곡로 401, 롯데백화점 강남점 지하1층 (대치동)"
rest_cafes,휴게음식점,서울 강남구,3220000-104-2026-00695,청23[청이삼](한시적),기타 휴게음식점,2026-09-30,,영업/정상,2026-10-01 22:18:00,"서울특별시 강남구 테헤란로 517, 현대백화점 무역센터점 지하 1층 일부호 (삼성동)"
rest_cafes,휴게음식점,서울 강남구,3220000-104-2026-00694,유동부치아바타(주),백화점,2026-09-30,,영업/정상,2026-10-01 22:18:00,"서울특별시 강남구 도곡로 401, 롯데백화점 강남점 지하1층 (대치동)"
rest_cafes,휴게음식점,서울 강남구,3220000-104-2026-00693,세븐일레븐 역삼은탑점,기타 휴게음식점,2026-09-30,,영업/정상,2026-10-01 22:18:00,"서울특별시 강남구 테헤란로14길 5, 삼흥역삼빌딩 지상 1층 (역삼동)"
rest_cafes,휴게음식점,서울 강남구,3220000-104-2026-00692,서울만두 롯데강남점,기타 휴게음식점,2026-09-30,,영업/정상,2026-10-01 22:18:00,"서울특별시 강남구 도곡로 401, 롯데백화점 지하 1층 (대치동)"
rest_cafes,휴게음식점,서울 강남구,3220000-104-2026-00691,키킥서울(한시적),기타 휴게음식점,2026-09-29,,영업/정상,2026-09-30 22:18:00,"서울특별시 강남구 압구정로 343, 갤러리아백화점 식품관 지하 1층 (압구정동)"
rest_cafes,휴게음식점,서울 강남구,3220000-104-2026-00690,더 디코드,커피숍,2026-09-29,,영업/정상,2026-09-30 22:18:00,"서울특별시 강남구 압구정로46길 5-2, 원일 지하2층 (신사동)"
rest_cafes,휴게음식점,서울 강남구,3220000-104-2026-00689,에이치에스마켓(한시적),기타 휴게음식점,2026-09-29,,영업/정상,2026-09-30 22:18:00,"서울특별시 강남구 역삼로 310, 이마트 역삼점 지하2층 (역삼동)"
rest_cafes,휴게음식점,서울 강남구,3220000-104-2026-00688,주식회사 지오에프앤씨(한시적),기타 휴게음식점,2026-09-29,,영업/정상,2026-09-30 22:18:00,"서울특별시 강남구 압구정로 165, 현대백화점 압구정본점 지하1층 (압구정동)"
rest_cafes,휴게음식점,서울 강남구,3220000-104-2026-00687,비알코리아(주)배스킨라빈스관악구청점(한시적),일반조리판매,2026-09-28,,영업/정상,2026-09-29 22:18:00,"서울특별시 강남구 영동대로 513, 코엑스 3층 C홀 전시장 (삼성동)"
rest_cafes,휴게음식점,서울 강남구,3220000-104-2026-00686,욜로(한시적),기타 휴게음식점,2026-09-28,,영업/정상,2026-09-29 22:18:00,"서울특별시 강남구 압구정로 343, 갤러리아백화점 WEST 지하1층 (압구정동)"
rest_cafes,휴게음식점,서울 강남구,3220000-104-2026-00685,강할모니(한시적),기타 휴게음식점,2026-09-28,,영업/정상,2026-09-29 22:18:00,"서울특별시 강남구 언주로30길 57, 신세계백화점 지하1층 식품행사장호 (도곡동, 타워팰리스)"
rest_cafes,휴게음식점,서울 강남구,3220000-104-2026-00684,태극당,백화점,2026-09-28,,영업/정상,2026-09-29 22:18:00,"서울특별시 강남구 압구정로 165, 현대백화점본점 B1층 식품관 태극당 (압구정동)"
rest_cafes,휴게음식점,서울 강남구,3220000-104-2026-00683,산예(한시적),기타 휴게음식점,2026-09-28,2026-10-01,폐업,2026-10-03 22:18:00,"서울특별시 강남구 테헤란로 517, 현대백화점 지하 1층 (삼성동)"
rest_cafes,휴게음식점,서울 강남구,3220000-104-2026-00682,화정수푸드(한시적),패스트푸드,2026-09-28,,영업/정상,2026-09-29 22:18:00,"서울특별시 강남구 압구정로 165, 현대백화점 압구정본점 지하1층 (압구정동)"
rest_cafes,휴게음식점,서울 강남구,3220000-104-2026-00681,강할모니(한시적),기타 휴게음식점,2026-09-23,,영업/정상,2026-09-24 22:18:00,"서울특별시 강남구 도곡로 401, 롯데백화점 강남점 지하1층 식품행사장 (대치동)"
rest_cafes,휴게음식점,서울 강남구,3220000-104-2026-00680,루시커피,기타 휴게음식점,2026-09-23,,영업/정상,2026-09-24 22:18:00,"서울특별시 강남구 봉은사로99길 3, 선용빌딩 지상 1층 (삼성동)"
rest_cafes,휴게음식점,서울 강남구,3220000-104-2026-00679,싱그로운,커피숍,2026-09-22,,영업/정상,2026-09-23 22:18:00,"서울특별시 강남구 논현로67길 63, 지상1층 103호 (역삼동)"
rest_cafes,휴게음식점,서울 강남구,3220000-104-2026-00678,주식회사 세인트영,기타 휴게음식점,2026-09-22,,영업/정상,2026-09-23 22:18:00,"서울특별시 강남구 도산대로49길 16-3, 1층 (신사동)"
rest_cafes,휴게음식점,서울 강남구,3220000-104-2026-00677,블루샥 청담점,기타 휴게음식점,2026-09-22,,영업/정상,2026-09-23 22:18:00,"서울특별시 강남구 도산대로101길 19, 1층 (청담동)"
rest_cafes,휴게음식점,서울 강남구,3220000-104-2026-00676,서울호떡(한시적),기타 휴게음식점,2026-09-22,2026-10-04,폐업,2026-10-06 22:18:00,"서울특별시 강남구 도산대로 323, 도산대로 일대 행사장(도산대로323~335) (신사동)"
rest_cafes,휴게음식점,서울 강남구,3220000-104-2026-00675,세빠띠(한시적),기타 휴게음식점,2026-09-22,,영업/정상,2026-09-23 22:18:00,"서울특별시 강남구 도산대로 442, 하우스오브신세계 청담 지하1층 식품관 (청담동)"
rest_cafes,휴게음식점,서울 강남구,3220000-104-2026-00674,커피언스(한시적),커피숍,2026-09-22,,영업/정상,2026-09-23 22:18:00,"서울특별시 강남구 영동대로 513, 코엑스 3층 d홀 일부 (삼성동)"
rest_cafes,휴게음식점,서울 강남구,3220000-104-2026-00673,서울키친(어랑사랑)-한시적,기타 휴게음식점,2026-09-22,,영업/정상,2026-09-23 22:18:00,"서울특별시 강남구 압구정로 165, 현대백화점본점 지하1층 (압구정동)"
rest_cafes,휴게음식점,서울 강남구,3220000-104-2026-00672,씨유 압구정센터점,기타 휴게음식점,2026-09-21,,영업/정상,2026-09-22 22:18:00,"서울특별시 강남구 선릉로 815, 신한양빌딩 1층 1, 2호 (신사동)"
rest_cafes,휴게음식점,서울 강남구,3220000-104-2026-00671,어메이즈(Amaze),기타 휴게음식점,2026-09-21,,영업/정상,2026-09-22 22:18:00,"서울특별시 강남구 논현로175길 7, 지하 1층 3호 (신사동)"
rest_cafes,휴게음식점,서울 강남구,3220000-104-2026-00670,씨유 논현대승점,기타 휴게음식점,2026-09-21,,영업/정상,2026-09-22 22:18:00,"서울특별시 강남구 학동로43길 37, 1층 (논현동)"
rest_cafes,휴게음식점,서울 강남구,3220000-104-2026-00669,아띠몽(한시적),백화점,2026-09-21,,영업/정상,2026-09-22 22:18:00,"서울특별시 강남구 압구정로 165, 현대백화점 압구정본점 지하1층 (압구정동)"
rest_cafes,휴게음식점,서울 강남구,3220000-104-2026-00668,미르에프엔비(한시적),기타 휴게음식점,2026-09-21,2026-09-27,폐업,2026-09-29 22:18:00,"서울특별시 강남구 압구정로 343, 갤러리아백화점 지하1층 행사장 (압구정동)"
rest_cafes,휴게음식점,서울 강남구,3220000-104-2026-00667,커피크루(한시적),커피숍,2026-09-21,2026-10-02,폐업,2026-10-04 22:18:00,"서울특별시 강남구 영동대로 513, 코엑스 1층 B1홀 (삼성동)"
rest_cafes,휴게음식점,서울 강남구,3220000-104-2026-00666,짜임 샌드위치앤커피(한시적),일반조리판매,2026-09-18,2026-09-19,폐업,2026-09-21 22:18:00,"서울특별시 강남구 헌릉로569길 21-36, 유알지빌딩 (세곡동)"
rest_cafes,휴게음식점,서울 강남구,3220000-104-2026-00665,백남옥손만두,기타 휴게음식점,2026-09-17,,영업/정상,2026-09-18 22:18:00,"서울특별시 강남구 선릉로 8, 제지1층 제8-1호 (개포동, 래미안블레스티지)"
rest_cafes,휴게음식점,서울 강남구,3220000-104-2026-00664,씨유 삼성우주점,편의점,2026-09-16,,영업/정상,2026-09-17 22:18:00,"서울특별시 강남구 영동대로118길 7, 1층 (삼성동)"
rest_cafes,휴게음식점,서울 강남구,3220000-104-2026-00663,(주)참살이유통(한시적),일반조리판매,2026-09-16,,영업/정상,2026-09-17 22:18:00,"서울특별시 강남구 압구정로 165, 현대백화점본점 지하1층 (압구정동)"
rest_cafes,휴게음식점,서울 강남구,3220000-104-2026-00662,피자스쿨 강남 세곡점,기타 휴게음식점,2026-09-16,,영업/정상,2026-09-17 22:18:00,"서울특별시 강남구 헌릉로569길 3, 강남투엠캐슬 1층 106호 (세곡동)"
rest_cafes,휴게음식점,서울 강남구,3220000-104-2026-00661,피에르 에르메 파리 현대백화점 압구정본점(한시적),기타 휴게음식점,2026-09-16,2026-09-24,폐업,2026-09-26 22:18:00,"서울특별시 강남구 압구정로 165, 현대백화점본점 지하1층 (압구정동)"
rest_cafes,휴게음식점,서울 강남구,3220000-104-2026-00660,레이어 프로젝트,커피숍,2026-09-15,,영업/정상,2026-09-16 22:18:00,"서울특별시 강남구 역삼로63길 19, 우희빌딩 2층 (대치동)"
rest_cafes,휴게음식점,서울 강남구,3220000-104-2026-00659,소표국수 자곡(한시적),일반조리판매,2026-09-15,2026-09-19,폐업,2026-09-21 22:18:00,"서울특별시 강남구 헌릉로569길 21-36, 유알지빌딩 (세곡동)"
rest_cafes,휴게음식점,서울 강남구,3220000-104-2026-00658,리은푸드(한시적),기타 휴게음식점,2026-09-14,2026-10-01,폐업,2026-10-03 22:18:00,"서울특별시 강남구 언주로30길 57, 신세계백화점 도곡점 지하1층 식품행사장호 (도곡동, 타워팰리스)"
rest_cafes,휴게음식점,서울 강남구,3220000-104-2026-00657,커피크루(한시적),기타 휴게음식점,2026-09-14,2026-10-02,폐업,2026-10-04 22:18:00,"서울특별시 강남구 영동대로 513, 코엑스 3층 C홀 (삼성동)"
rest_cafes,휴게음식점,서울 강남구,3220000-104-2026-00656,떼또블루,기타 휴게음식점,2026-09-14,,영업/정상,2026-09-15 22:18:00,"서울특별시 강남구 논현로135길 16, 1층 (논현동)"
rest_cafes,휴게음식점,서울 강남구,3220000-104-2026-00655,영스버거,기타 휴게음식점,2026-09-11,,영업/정상,2026-09-12 22:18:00,"서울특별시 강남구 삼성로61길 22, 1층 103호 (대치동)"
rest_cafes,휴게음식점,서울 강남구,3220000-104-2026-00654,커피크루(한시적),커피숍,2026-09-11,2026-09-22,폐업,2026-09-24 22:18:00,"서울특별시 강남구 영동대로 513, 코엑스 3층 D홀 (삼성동)"
rest_cafes,휴게음식점,서울 강남구,3220000-104-2026-00653,주식회사 토담(한시적),기타 휴게음식점,2026-09-11,,영업/정상,2026-09-12 22:18:00,"서울특별시 강남구 압구정로 165, 현대백화점본점 지하1층 (압구정동)"
rest_cafes,휴게음식점,서울 강남구,3220000-104-2026-00652,카페세로숲(한시적),커피숍,2026-09-09,,영업/정상,2026-09-10 22:18:00,"서울특별시 강남구 영동대로 513, 코엑스 A,B홀 스마트라이프위크 전시 내 (삼성동)"
rest_cafes,휴게음식점,서울 강남구,3220000-104-2026-00651,주바른(한시적),기타 휴게음식점,2026-09-09,2026-09-17,폐업,2026-09-19 22:18:00,"서울특별시 강남구 압구정로 165, 현대백화점본점 지하1층 식품행사장 (압구정동)"
rest_cafes,휴게음식점,서울 강남구,3220000-104-2026-00650,메가엠지씨커피 삼성다형점,커피숍,2026-09-08,,영업/정상,2026-09-09 22:18:00,"서울특별시 강남구 테헤란로83길 21, 다형빌딩 지상1층 (삼성동)"
rest_cafes,휴게음식점,서울 강남구,3220000-104-2026-00649,마이빈(한시적),커피숍,2026-09-07,2026-09-20,폐업,2026-09-22 22:18:00,"서울특별시 강남구 영동대로 513, 코엑스 B홀 (삼성동)"
rest_cafes,휴게음식점,서울 강남구,3220000-104-2026-00648,카페 끌레(Cafe Cle),커피숍,2026-09-04,,영업/정상,2026-09-08 22:18:00,"서울특별시 강남구 언주로135길 29, 지상1층 (논현동)"
rest_cafes,휴게음식점,서울 강남구,3220000-104-2026-00647,오마뎅 개포퍼스티어점,기타 휴게음식점,2026-09-04,,영업/정상,2026-09-05 22:18:00,"서울특별시 강남구 개포로 310, 상가획지 3동 지상 1층 158호 (개포동, 디에이치퍼스티어아이파크)"
rest_cafes,휴게음식점,서울 강남구,3220000-104-2026-00646,방배김밥(개포점),기타 휴게음식점,2026-09-04,,영업/정상,2026-09-05 22:18:00,"서울특별시 강남구 개포로 310, 상가획지3동 지하1층 B106호 (개포동, 디에이치퍼스티어아이파크)"
rest_cafes,휴게음식점,서울 강남구,3220000-104-2026-00645,세라미,편의점,2026-09-04,,영업/정상,2026-09-05 22:18:00,"서울특별시 강남구 테헤란로 512, 신안빌딩 지하1층 (대치동)"
rest_cafes,휴게음식점,서울 강남구,3220000-104-2026-00644,요에라(Yoera),커피숍,2026-09-04,,영업/정상,2026-09-05 22:18:00,"서울특별시 강남구 도산대로45길 16-4, 지상1층 (신사동)"
rest_cafes,휴게음식점,서울 강남구,3220000-104-2026-00643,(주)갑성(한시적),기타 휴게음식점,2026-09-04,2026-10-01,폐업,2026-10-03 22:18:00,"서울특별시 강남구 압구정로 165, 현대백화점 압구정점 지하1층 행사장 (압구정동)"
rest_cafes,휴게음식점,서울 강남구,3220000-104-2026-00642,아뜰리에폰드기프트부티크,기타 휴게음식점,2026-09-04,,영업/정상,2026-09-05 22:18:00,"서울특별시 강남구 테헤란로 231, 센터필드 지상 1층 W124B호 (역삼동)"
rest_cafes,휴게음식점,서울 강남구,3220000-104-2026-00641,주식회사 토담(한시적),기타 휴게음식점,2026-09-04,2026-09-04,폐업,2026-09-06 22:18:00,"서울특별시 강남구 압구정로 165, 현대백화점 지하1층 일부 (압구정동)"
rest_cafes,휴게음식점,서울 강남구,3220000-104-2026-00640,던킨도너츠 역삼초교점,기타 휴게음식점,2026-09-04,,영업/정상,2026-09-05 22:18:00,"서울특별시 강남구 도곡로7길 27, 2층 (역삼동)"
rest_cafes,휴게음식점,서울 강남구,3220000-104-2026-00639,스타벅스 개나리아파트사거리점,커피숍,2026-09-04,,영업/정상,2026-09-05 22:18:00,"서울특별시 강남구 언주로 333, 지상1층 (역삼동)"
rest_cafes,휴게음식점,서울 강남구,3220000-104-2026-00638,씨유강남소망점,기타 휴게음식점,2026-09-03,,영업/정상,2026-09-04 22:18:00,"서울특별시 강남구 언주로159길 10, 1층 102호 (신사동)"
rest_cafes,휴게음식점,서울 강남구,3220000-104-2026-00637,커피크루(한시적),커피숍,2026-09-03,2026-09-19,폐업,2026-09-21 22:18:00,"서울특별시 강남구 남부순환로 3104, 세텍 전시장 제1,2 전시실 (대치동)"
rest_cafes,휴게음식점,서울 강남구,3220000-104-2026-00636,홍천 섬섬이네(한시적),기타 휴게음식점,2026-09-03,2026-10-04,폐업,2026-10-06 22:18:00,"서울특별시 강남구 테헤란로 517, 현대백화점 (삼성동)"
rest_cafes,휴게음식점,서울 강남구,3220000-104-2026-00635,주식회사 토담(한시적),기타 휴게음식점,2026-09-03,2026-09-09,폐업,2026-09-11 22:18:00,"서울특별시 강남구 압구정로 165, 현대백화점본점 지하 1층 일부호 (압구정동)"
rest_cafes,휴게음식점,서울 강남구,3220000-104-2026-00634,텐퍼센트커피 개포자이프레지던스점,커피숍,2026-09-02,,영업/정상,2026-09-03 22:18:00,"서울특별시 강남구 삼성로 14, 개포자이스퀘어동 지상1층 120호 (개포동, 개포자이 프레지던스)"
rest_cafes,휴게음식점,서울 강남구,3220000-104-2026-00633,카라멜리에오,커피숍,2026-09-01,2026-09-04,폐업,2026-09-05 22:18:00,"서울특별시 강남구 압구정로 165, 현대백화점본점 지하1층 (압구정동)"
rest_cafes,휴게음식점,서울 강남구,3220000-104-2026-00632,카페큐브(한시적),기타 휴게음식점,2026-08-31,2026-09-13,폐업,2026-09-15 22:18:00,"서울특별시 강남구 남부순환로 3104, SETEC 전시장 (대치동)"
rest_cafes,휴게음식점,서울 강남구,3220000-104-2026-00631,씨유 압구정센터점,편의점,2026-08-28,2026-09-21,폐업,2026-09-22 22:18:00,"서울특별시 강남구 선릉로 815, 신한양빌딩 지상1층 1호,2호 (신사동)"
rest_cafes,휴게음식점,서울 강남구,3220000-104-2026-00630,슈퍼보바 센터필드점,커피숍,2026-08-28,,영업/정상,2026-08-29 22:18:00,"서울특별시 강남구 테헤란로 231, 센터필드 지하2층 WB53호 (역삼동)"
rest_cafes,휴게음식점,서울 강남구,3220000-104-2026-00629,씨유 청담드림점,편의점,2026-08-28,,영업/정상,2026-08-29 22:18:00,"서울특별시 강남구 도산대로90길 17, 소양빌딩 1층 103호 (청담동)"
rest_cafes,휴게음식점,서울 강남구,3220000-104-2026-00628,커피언스(한시적),기타 휴게음식점,2026-08-27,2026-09-19,폐업,2026-09-21 22:18:00,"서울특별시 강남구 영동대로 513, 코엑스 1층 A홀일부 (삼성동)"
rest_cafes,휴게음식점,서울 강남구,3220000-104-2026-00627,윤종희전통떡방 X 예찬(한시적),기타 휴게음식점,2026-08-27,2026-09-03,폐업,2026-09-05 22:18:00,"서울특별시 강남구 언주로30길 57, 지하1층 (도곡동, 타워팰리스)"
rest_cafes,휴게음식점,서울 강남구,3220000-104-2026-00626,몰리하우스(한시적),기타 휴게음식점,2026-08-27,2026-09-06,폐업,2026-09-08 22:18:00,"서울특별시 강남구 압구정로 343, 갤러리아 백화점 명품관 west 지하1층 (압구정동)"
rest_cafes,휴게음식점,서울 강남구,3220000-104-2026-00625,GS25 대치명문점,편의점,2026-08-26,,영업/정상,2026-08-27 22:18:01,"서울특별시 강남구 선릉로90길 56, 지상1층 101호 (대치동, 대치동 대우아이빌명문가)"
rest_cafes,휴게음식점,서울 강남구,3220000-104-2026-00624,틸화이트 무역센터점,기타 휴게음식점,2026-08-25,,영업/정상,2026-08-26 22:18:00,"서울특별시 강남구 테헤란로 517, 현대백화점 10층 (삼성동)"
rest_cafes,휴게음식점,서울 강남구,3220000-104-2026-00623,(주)오피스디포코리아 강남국기원점(이마트24 강남랜드마크점),편의점,2026-08-25,,영업/정상,2026-08-26 22:18:00,"서울특별시 강남구 테헤란로 121, 원빌딩 지상1층 101호 (역삼동)"
rest_cafes,휴게음식점,서울 강남구,3220000-104-2026-00622,하규떡카페(한시적),기타 휴게음식점,2026-08-25,2026-08-30,폐업,2026-09-01 22:18:00,"서울특별시 강남구 남부순환로 3104, SETEC 1관 (대치동)"
rest_cafes,휴게음식점,서울 강남구,3220000-104-2026-00621,태극당(한시적),기타 휴게음식점,2026-08-25,2026-09-30,폐업,2026-10-02 22:18:00,"서울특별시 강남구 압구정로 165, 현대백화점본점 B1 식품관 (압구정동)"
rest_cafes,휴게음식점,서울 강남구,3220000-104-2026-00620,함께가는여인들(한시적),기타 휴게음식점,2026-08-25,2026-09-10,폐업,2026-09-12 22:18:00,"서울특별시 강남구 언주로30길 57, 신세계백화점 도곡점 지하1층 식품행사장호 (도곡동, 타워팰리스)"
rest_cafes,휴게음식점,서울 강남구,3220000-104-2026-00619,카페 코코로(한시적),기타 휴게음식점,2026-08-25,2026-09-22,폐업,2026-09-24 22:18:00,"서울특별시 강남구 영동대로 513, 코엑스 Hall A (삼성동)"
rest_cafes,휴게음식점,서울 강남구,3220000-104-2026-00618,은스페셜티 커피(한시적),기타 휴게음식점,2026-08-24,2026-08-30,폐업,2026-09-01 22:18:00,"서울특별시 강남구 남부순환로 3104, SETEC (대치동)"
rest_cafes,휴게음식점,서울 강남구,3220000-104-2026-00617,야호행사가자,기타 휴게음식점,2026-08-24,2026-09-10,폐업,2026-09-12 22:18:00,"서울특별시 강남구 압구정로 165, 현대백화점본점 B1 (압구정동)"
rest_cafes,휴게음식점,서울 강남구,3220000-104-2026-00616,이탈리 일파네,기타 휴게음식점,2026-08-24,2026-09-27,폐업,2026-09-29 22:18:00,"서울특별시 강남구 테헤란로 517, 현대백화점 10층 (삼성동)"
rest_cafes,휴게음식점,서울 강남구,3220000-104-2026-00604,(주)은하수산(한시적),일반조리판매,2026-08-18,2026-09-02,폐업,2026-09-04 22:18:00,"서울특별시 강남구 역삼로 310, 한솔필리아 이마트역삼점 지하2층 (역삼동)"
rest_cafes,휴게음식점,서울 강남구,3220000-104-2026-00597,전한에프앤씨주식회사(한시적),기타 휴게음식점,2026-08-18,2026-08-30,폐업,2026-09-01 22:18:00,"서울특별시 강남구 남부순환로 3104, SETEC 1전시장 (대치동)"
rest_cafes,휴게음식점,서울 강남구,3220000-104-2026-00596,리은푸드(한시적),기타 휴게음식점,2026-08-18,2026-08-27,폐업,2026-08-29 22:18:00,"서울특별시 강남구 언주로30길 57, 지하 1층 (도곡동, 타워팰리스)"
rest_cafes,휴게음식점,서울 강남구,3220000-104-2026-00589,우지커피 문정테라타워점(한시적),기타 휴게음식점,2026-08-12,2026-08-27,폐업,2026-08-29 22:18:00,"서울특별시 강남구 영동대로 513, 코엑스 D홀 (삼성동)"
rest_cafes,휴게음식점,서울 강남구,3220000-104-2026-00588,주바른(한시적),기타 휴게음식점,2026-08-12,2026-08-27,폐업,2026-08-29 22:18:00,"서울특별시 강남구 도곡로 401, 롯데백화점 지하1층 식품행사장 (대치동)"
rest_cafes,휴게음식점,서울 강남구,3220000-104-2026-00586,펠리체코리아,기타 휴게음식점,2026-08-12,2026-08-30,폐업,2026-09-01 22:18:00,"서울특별시 강남구 남부순환로 3104, SETEC 1관 (대치동)"
rest_cafes,휴게음식점,서울 강남구,3220000-104-2026-00585,주식회사 참살이유통,기타 휴게음식점,2026-08-12,2026-08-27,폐업,2026-08-29 22:18:00,"서울특별시 강남구 압구정로 165, 현대백화점본점 지하1층 (압구정동)"
rest_cafes,휴게음식점,서울 강남구,3220000-104-2026-00584,에밀리아젤라또 랩,기타 휴게음식점,2026-08-12,2026-08-27,폐업,2026-08-29 22:18:00,"서울특별시 강남구 영동대로 513, 코엑스 D홀 (삼성동)"
rest_cafes,휴게음식점,서울 강남구,3220000-104-2026-00583,리사르(한시적),기타 휴게음식점,2026-08-12,2026-09-05,폐업,2026-09-07 22:18:00,"서울특별시 강남구 영동대로 513, 코엑스 C홀 B17 AMERICAN EXPRESS 부스 (삼성동)"
rest_cafes,휴게음식점,서울 강남구,3220000-104-2026-00581,보사노바 베이커리 랩,기타 휴게음식점,2026-08-11,2026-08-27,폐업,2026-08-29 22:18:00,"서울특별시 강남구 영동대로 513, 코엑스 A홀 B1 (삼성동)"
rest_cafes,휴게음식점,서울 강남구,3220000-104-2026-00580,따부푸드,기타 휴게음식점,2026-08-11,2026-08-30,폐업,2026-09-01 22:18:00,"서울특별시 강남구 남부순환로 3104, SETEC 2026 서울 카페&베이커리페어 시즌2 (대치동)"
rest_cafes,휴게음식점,서울 강남구,3220000-104-2026-00578,일리카페 IBM점(한시적),커피숍,2026-08-11,2026-09-05,폐업,2026-09-07 22:18:00,"서울특별시 강남구 영동대로 513, 코엑스 컨벤션 3층 C,D Hall (삼성동)"
rest_cafes,휴게음식점,서울 강남구,3220000-104-2026-00577,오설록 티하우스 북촌점,전통찻집,2026-08-10,2026-09-05,폐업,2026-09-07 22:18:00,"서울특별시 강남구 영동대로 513, 코엑스 3층 D홀 (삼성동)"
rest_cafes,휴게음식점,서울 강남구,3220000-104-2026-00576,써니사이드(SUNNYSIDES) Walking Pawtobooth(한시적),기타 휴게음식점,2026-08-10,2026-08-25,폐업,2026-08-26 22:18:00,"서울특별시 강남구 영동대로 513, 코엑스 1층 B홀 C-115부스 (삼성동)"
rest_cafes,휴게음식점,서울 강남구,3220000-104-2026-00575,베라커피,기타 휴게음식점,2026-08-10,2026-08-27,폐업,2026-08-29 22:18:00,"서울특별시 강남구 영동대로 513, 코엑스 전시장 D홀 (삼성동)"
rest_cafes,휴게음식점,서울 강남구,3220000-104-2026-00571,(주)코리아토탈파킹 테이크원 (주)K.T.P Take One,커피숍,2026-08-07,2026-10-08,폐업,2026-10-09 22:18:00,"서울특별시 강남구 봉은사로18길 71, 지하1층 1호 (역삼동)"
rest_cafes,휴게음식점,서울 강남구,3220000-104-2026-00570,지구커피(JeeGoo Coffee)-한시적,커피숍,2026-08-07,2026-08-27,폐업,2026-08-29 22:18:00,"서울특별시 강남구 영동대로 513, 코엑스 D홀 H109부스 (삼성동)"
rest_cafes,휴게음식점,서울 강남구,3220000-104-2026-00568,커피크루(한시적),커피숍,2026-08-06,2026-08-27,폐업,2026-08-29 22:18:00,"서울특별시 강남구 영동대로 513, 코엑스 1층 A홀 (삼성동)"
rest_cafes,휴게음식점,서울 강남구,3220000-104-2026-00567,태극당(한시적),기타 휴게음식점,2026-08-06,2026-08-31,폐업,2026-09-02 22:18:00,"서울특별시 강남구 압구정로 165, 현대백화점본점 지하1층 (압구정동)"
rest_cafes,휴게음식점,서울 강남구,3220000-104-2026-00560,커피언스(한시적),기타 휴게음식점,2026-08-04,2026-08-27,폐업,2026-08-29 22:18:00,"서울특별시 강남구 영동대로 513, 코엑스 1층 b홀 (삼성동)"
rest_cafes,휴게음식점,서울 강남구,3220000-104-2026-00556,아임도넛(한시적),기타 휴게음식점,2026-08-03,2026-09-05,폐업,2026-09-07 22:18:00,"서울특별시 강남구 영동대로 513, 코엑스 3층 C,D홀 (삼성동)"
rest_cafes,휴게음식점,서울 강남구,3220000-104-2026-00554,달롱도르 요거트아이스크림(한시적),아이스크림,2026-08-03,2026-08-28,폐업,2026-08-29 22:18:00,"서울특별시 강남구 영동대로 513, 코엑스 D홀 G124. G122 3층 (삼성동)"
rest_cafes,휴게음식점,서울 강남구,3220000-104-2026-00552,욜로(한시적),기타 휴게음식점,2026-07-31,2026-08-31,폐업,2026-09-02 22:18:00,"서울특별시 강남구 압구정로 343, 갤러리아백화점 WEST 지하1층 (압구정동)"
rest_cafes,휴게음식점,서울 강남구,3220000-104-2026-00550,(주)갑성(한시적),기타 휴게음식점,2026-07-31,2026-09-06,폐업,2026-09-08 22:18:00,"서울특별시 강남구 언주로30길 57, 지하1층 신세계푸드마켓 도곡점 행사장호 (도곡동, 타워팰리스)"
rest_cafes,휴게음식점,서울 강남구,3220000-104-2026-00545,대신땅콩빵(한시적),기타 휴게음식점,2026-07-29,2026-08-27,폐업,2026-08-29 22:18:00,"서울특별시 강남구 영동대로 513, 코엑스 전시관 (삼성동)"
rest_cafes,휴게음식점,서울 강남구,3220000-104-2026-00521,해머스미스 커피 역삼언주역점,커피숍,2026-07-24,,영업/정상,2026-09-01 22:18:00,"서울특별시 강남구 봉은사로26길 25, 1층 (역삼동)"
rest_cafes,휴게음식점,서울 강남구,3220000-104-2026-00495,선릉역 푸릇해,기타 휴게음식점,2026-07-15,,영업/정상,2026-09-12 22:18:00,"서울특별시 강남구 테헤란로 지하 340, 선릉역 220-101호 (삼성동)"
rest_cafes,휴게음식점,서울 강남구,3220000-104-2026-00260,아스트라(ASTRA),일반조리판매,2026-04-20,,영업/정상,2026-10-08 22:18:00,"서울특별시 강남구 봉은사로6길 39, 리＆신 지하2층 (역삼동)"
rest_cafes,휴게음식점,서울 강남구,3220000-104-2026-00234,강남롯데백화점 모찌이야기,백화점,2026-04-09,2026-09-02,폐업,2026-09-03 22:18:00,"서울특별시 강남구 도곡로 401, 롯데백화점 지하1층 모찌이야기 (대치동)"
rest_cafes,휴게음식점,서울 강남구,3220000-104-2026-00122,감동푸드,백화점,2026-02-27,2026-09-23,폐업,2026-09-24 22:18:00,"서울특별시 강남구 도곡로 401, 롯데백화점 지하1층 (대치동)"
rest_cafes,휴게음식점,서울 강남구,3220000-104-2025-00893,지에스25 삼성래미안점,편의점,2025-12-12,,영업/정상,2026-10-09 22:18:00,"서울특별시 강남구 봉은사로109길 35, 조안빌딩 1층 103,104호 (삼성동)"
rest_cafes,휴게음식점,서울 강남구,3220000-104-2025-00786,다름과일,커피숍,2025-11-04,2026-09-16,폐업,2026-09-17 22:18:00,"서울특별시 강남구 헌릉로569길 3, 강남투엠캐슬 지상1층 106호 (세곡동)"
rest_cafes,휴게음식점,서울 강남구,3220000-104-2025-00640,슈슈키친,기타 휴게음식점,2025-09-05,2026-08-27,폐업,2026-08-28 22:18:00,"서울특별시 강남구 강남대로120길 61, 1층 103호 (논현동)"
rest_cafes,휴게음식점,서울 강남구,3220000-104-2025-00610,카페인4호,푸드트럭,2025-08-29,,영업/정상,2026-09-24 22:18:00,"서울특별시 강남구 도산대로45길 20, 도산전시관 (신사동)"
rest_cafes,휴게음식점,서울 강남구,3220000-104-2025-00515,구석탱이 김밥,기타 휴게음식점,2025-07-29,,영업/정상,2026-08-26 22:18:00,"서울특별시 강남구 논현로 60, 영광빌딩 지상1층 102호 (개포동)"
rest_cafes,휴게음식점,서울 강남구,3220000-104-2025-00508,모찌트리,기타 휴게음식점,2025-07-28,2026-10-01,폐업,2026-10-02 22:18:00,"서울특별시 강남구 밤고개로 99, 수서역사 지하1층 맞이방호 (수서동)"
rest_cafes,휴게음식점,서울 강남구,3220000-104-2025-00445,과일에 반하다 프루타 압구정점,커피숍,2025-07-04,,영업/정상,2026-08-28 22:18:00,"서울특별시 강남구 논현로159길 11, 지상1층 101호 (신사동)"
rest_cafes,휴게음식점,서울 강남구,3220000-104-2025-00075,떡기리,기타 휴게음식점,2025-02-10,2026-10-01,폐업,2026-10-02 22:18:00,"서울특별시 강남구 밤고개로 99, 수서역사 지하1층 맞이방호 (수서동)"
rest_cafes,휴게음식점,서울 강남구,3220000-104-2024-00755,주식회사 보드게임카페 레드버튼 압구정로데오,기타 휴게음식점,2024-11-06,2026-10-08,폐업,2026-10-09 22:18:00,"서울특별시 강남구 도산대로51길 40, 지상2층 (신사동)"
rest_cafes,휴게음식점,서울 강남구,3220000-104-2024-00752,롤스롤스강남점,백화점,2024-11-06,2026-10-06,폐업,2026-10-07 22:18:01,"서울특별시 강남구 도곡로 401, 롯데백화점 지하1층 (대치동)"
rest_cafes,휴게음식점,서울 강남구,3220000-104-2024-00745,강남점이가네떡볶이,기타 휴게음식점,2024-11-04,2026-09-17,폐업,2026-09-18 22:18:00,"서울특별시 강남구 도곡로 401, 롯데백화점 지하1층 일부호 (대치동)"
rest_cafes,휴게음식점,서울 강남구,3220000-104-2024-00714,패티하우스,패스트푸드,2024-10-25,2026-10-07,폐업,2026-10-08 22:18:00,"서울특별시 강남구 선릉로10길 4, 1층 좌측 일부호 (개포동)"
rest_cafes,휴게음식점,서울 강남구,3220000-104-2024-00652,에이치에스마켓,백화점,2024-10-02,,영업/정상,2026-09-22 22:18:00,"서울특별시 강남구 도곡로 401, 롯데백화점 지하1층 (대치동)"
rest_cafes,휴게음식점,서울 강남구,3220000-104-2024-00574,삼성웰스토리(주)자이프레지던스카페,커피숍,2024-09-04,2026-09-22,폐업,2026-09-23 22:18:00,"서울특별시 강남구 삼성로 14, 지하 1층 (개포동, 개포자이 프레지던스)"
rest_cafes,휴게음식점,서울 강남구,3220000-104-2024-00339,K2코리아점 카페,커피숍,2024-06-05,,영업/정상,2026-09-09 22:18:00,"서울특별시 강남구 자곡로 174-14, 지하1층 (자곡동)"
rest_cafes,휴게음식점,서울 강남구,3220000-104-2024-00316,한량컴퍼니,푸드트럭,2024-05-24,,영업/정상,2026-09-24 22:18:00,"서울특별시 강남구 가로수길 66, 차없는 거리 (신사동)"
rest_cafes,휴게음식점,서울 강남구,3220000-104-2024-00295,문카페(Moon Cafe),커피숍,2024-05-14,,영업/정상,2026-10-09 22:18:00,"서울특별시 강남구 언주로65길 13, 제이케이빌딩 지하1층 (역삼동)"
rest_cafes,휴게음식점,서울 강남구,3220000-104-2024-00025,나의과수원,기타 휴게음식점,2024-01-19,2026-09-14,폐업,2026-09-15 22:18:00,"서울특별시 강남구 도산대로68길 24, 지하1층 (청담동)"
rest_cafes,휴게음식점,서울 강남구,3220000-104-2023-00605,푸드컬쳐,푸드트럭,2023-10-30,,영업/정상,2026-10-08 22:18:00,"서울특별시 강남구 남부순환로 3104, SETEC 전시장 옥외주차장 (대치동)"
rest_cafes,휴게음식점,서울 강남구,3220000-104-2023-00528,AS COFFEE(에이에스커피),커피숍,2023-09-25,2026-08-31,폐업,2026-09-01 22:18:00,"서울특별시 강남구 선릉로 424, 지상1층 1호 (대치동)"
rest_cafes,휴게음식점,서울 강남구,3220000-104-2023-00488,그린즈,일반조리판매,2023-09-04,2026-09-14,폐업,2026-09-15 22:18:00,"서울특별시 강남구 테헤란로64길 9, 지상1층 102호 (대치동, 선릉역대우아이빌)"
rest_cafes,휴게음식점,서울 강남구,3220000-104-2023-00303,언더프레셔,커피숍,2023-06-09,2026-08-27,폐업,2026-08-28 22:18:00,"서울특별시 강남구 봉은사로108길 3-6, 지상1층 (삼성동)"
rest_cafes,휴게음식점,서울 강남구,3220000-104-2023-00182,지에스25 뉴역삼프라임,편의점,2023-04-17,2026-10-01,폐업,2026-10-02 22:18:00,"서울특별시 강남구 언주로97길 25, 지상1층 101호 (역삼동)"
rest_cafes,휴게음식점,서울 강남구,3220000-104-2023-00091,이앤아이ENI(cafe),커피숍,2023-02-28,2026-10-07,폐업,2026-10-08 22:18:00,"서울특별시 강남구 강남대로94길 9, 지상3층 (역삼동)"
rest_cafes,휴게음식점,서울 강남구,3220000-104-2022-00647,플란디아(Flandia),커피숍,2022-12-22,2026-08-27,폐업,2026-08-28 22:18:00,"서울특별시 강남구 봉은사로21길 20, 지상1층 101호 중 102호 (논현동, 은석빌)"
rest_cafes,휴게음식점,서울 강남구,3220000-104-2022-00623,트키,커피숍,2022-12-05,2026-09-02,폐업,2026-09-03 22:18:00,"서울특별시 강남구 도산대로45길 10-2, 지상1층 (신사동)"
rest_cafes,휴게음식점,서울 강남구,3220000-104-2022-00665,CAFE PVCS(카페 피브이씨에스),커피숍,2022-12-01,,영업/정상,2026-09-04 22:18:00,"서울특별시 강남구 언주로164길 15-8, 노아빌딩 지하1층 (신사동)"
rest_cafes,휴게음식점,서울 강남구,3220000-104-2022-00549,마님키친 논현점,일반조리판매,2022-10-25,,영업/정상,2026-09-22 22:18:00,"서울특별시 강남구 학동로4길 10, 지상1층 103호 (논현동)"
rest_cafes,휴게음식점,서울 강남구,3220000-104-2022-00535,요고 프로즌 요거트 압구정로데오점,커피숍,2022-10-17,2026-09-30,폐업,2026-10-01 22:18:00,"서울특별시 강남구 선릉로161길 20, 지상1층 102호 (신사동)"
rest_cafes,휴게음식점,서울 강남구,3220000-104-2022-00525,별콩다방 대치역점,커피숍,2022-10-13,2026-09-28,폐업,2026-09-29 22:18:00,"서울특별시 강남구 남부순환로 2927, 대치 클래시아 지상1층 105호 (대치동)"
rest_cafes,휴게음식점,서울 강남구,3220000-104-2022-00398,은하,일반조리판매,2022-07-28,2026-09-30,폐업,2026-10-01 22:18:00,"서울특별시 강남구 삼성로 150, 지하1층 46호 (대치동, 한보미도맨션)"
rest_cafes,휴게음식점,서울 강남구,3220000-104-2021-00632,영영샐러드 도곡점,일반조리판매,2021-11-12,2026-10-01,폐업,2026-10-02 22:18:00,"서울특별시 강남구 남부순환로361길 6, 지상1층 4호 (도곡동)"
rest_cafes,휴게음식점,서울 강남구,3220000-104-2021-00567,벙커616,커피숍,2021-10-06,,영업/정상,2026-09-24 22:18:00,"서울특별시 강남구 강남대로110길 34, 지하2층 (역삼동)"
rest_cafes,휴게음식점,서울 강남구,3220000-104-2021-00390,아띠몽&카페후식 수서역사,커피숍,2021-06-29,2026-10-01,폐업,2026-10-02 22:18:00,"서울특별시 강남구 밤고개로 99, 수서역사 지하1층 (수서동)"
rest_cafes,휴게음식점,서울 강남구,3220000-104-2021-00389,ㅊa 수서역사점 (카페 차),커피숍,2021-06-29,2026-10-01,폐업,2026-10-07 22:18:01,"서울특별시 강남구 밤고개로 99, 수서역사 지하1층 (수서동)"
rest_cafes,휴게음식점,서울 강남구,3220000-104-2021-00376,씨유 청담카운티점,편의점,2021-06-21,2026-08-28,폐업,2026-08-29 22:18:00,"서울특별시 강남구 도산대로90길 17, 소양빌딩 지상1층 1호 (청담동)"
rest_cafes,휴게음식점,서울 강남구,3220000-104-2021-00081,다란채,커피숍,2021-03-02,,영업/정상,2026-10-09 22:18:00,"서울특별시 강남구 개포로20길 16, 지상 1층 (개포동)"
rest_cafes,휴게음식점,서울 강남구,3220000-104-2021-00020,비반트커피(Vivant coffee),커피숍,2021-01-18,2026-09-04,폐업,2026-09-05 22:18:00,"서울특별시 강남구 도산대로 121, YK타워 1층 (신사동)"
rest_cafes,휴게음식점,서울 강남구,3220000-104-2021-00003,이마트24 논현TJ점,편의점,2021-01-04,,영업/정상,2026-09-09 22:18:00,"서울특별시 강남구 논현로121길 27, 지하1층 1호 (논현동)"
rest_cafes,휴게음식점,서울 강남구,3220000-104-2020-00622,빌리엔젤 압구정역점,기타 휴게음식점,2020-12-01,2026-09-15,폐업,2026-09-16 22:18:00,"서울특별시 강남구 논현로164길 26, 지상1층 (신사동)"
rest_cafes,휴게음식점,서울 강남구,3220000-104-2020-00509,꾸깃디저트(GGUKIT DESSERT),일반조리판매,2020-09-18,2026-10-06,폐업,2026-10-07 22:18:01,"서울특별시 강남구 일원로5길 25, 지상1층 101호 (일원동)"
rest_cafes,휴게음식점,서울 강남구,3220000-104-2020-00081,경성찹쌀꽈배기 대치은마점,일반조리판매,2020-02-21,2026-09-23,폐업,2026-09-24 22:18:00,"서울특별시 강남구 삼성로 212, B블럭 101호 (대치동, 은마아파트)"
rest_cafes,휴게음식점,서울 강남구,3220000-104-2020-00009,더 벤티,커피숍,2020-01-08,,영업/정상,2026-09-11 22:18:00,"서울특별시 강남구 압구정로 216, 코끼리상가 지상1층 6호 (신사동)"
rest_cafes,휴게음식점,서울 강남구,3220000-104-2019-00898,마장버거 강남역점,패스트푸드,2019-09-10,,영업/정상,2026-09-10 22:18:00,"서울특별시 강남구 강남대로84길 15, 지상1층 102-1호 (역삼동)"
rest_cafes,휴게음식점,서울 강남구,3220000-104-2019-00233,아메리칸트레일러 수서역사점,기타 휴게음식점,2019-04-18,2026-10-01,폐업,2026-10-02 22:18:00,"서울특별시 강남구 밤고개로 99, 수서역사 지하1층 (수서동)"
rest_cafes,휴게음식점,서울 강남구,3220000-104-2019-00192,씨유삼성우주점,편의점,2019-04-02,2026-09-16,폐업,2026-09-17 22:18:00,"서울특별시 강남구 영동대로118길 7, 지상1층 (삼성동)"
rest_cafes,휴게음식점,서울 강남구,3220000-104-2019-00126,서우네 바지락 칼국수,기타 휴게음식점,2019-03-06,,영업/정상,2026-10-07 22:18:01,"서울특별시 강남구 논현로 851, 1층 1호 (신사동)"
rest_cafes,휴게음식점,서울 강남구,3220000-104-2018-00605,럭셔리베어,푸드트럭,2018-08-28,,영업/정상,2026-09-16 22:18:00,"서울특별시 강남구 영동대로 513, 코엑스 동측광장 (삼성동)"
rest_cafes,휴게음식점,서울 강남구,3220000-104-2018-00540,오즈 쓰리 팝,커피숍,2018-07-31,,영업/정상,2026-09-30 22:18:00,"서울특별시 강남구 도산대로 113, 지하1층 (신사동)"
rest_cafes,휴게음식점,서울 강남구,3220000-104-2018-00130,투썸플레이스 강남세브란스 병원점,커피숍,2018-02-27,,영업/정상,2026-09-04 22:18:00,"서울특별시 강남구 언주로 211, 강남세브란스병원 별관동 지하1층 (도곡동)"
rest_cafes,휴게음식점,서울 강남구,3220000-104-2017-00534,헝그리베어,푸드트럭,2017-08-08,,영업/정상,2026-09-16 22:18:00,"서울특별시 강남구 영동대로 513 (삼성동, 코엑스 동측광장)"
rest_cafes,휴게음식점,서울 강남구,3220000-104-2017-00285,로얄푸드컴퍼니,푸드트럭,2017-05-01,,영업/정상,2026-09-19 22:18:00,"서울특별시 강남구 영동대로 513, 지상3층 (삼성동, 코엑스C홀)"
rest_cafes,휴게음식점,서울 강남구,3220000-104-2017-00133,지에스25 역삼띵동점,편의점,2017-03-07,2026-08-31,폐업,2026-09-01 22:18:00,"서울특별시 강남구 언주로98길 7, 1층 (역삼동)"
rest_cafes,휴게음식점,서울 강남구,3220000-104-2016-00829,백미당 롯데백화점강남점,백화점,2016-12-09,,영업/정상,2026-09-08 22:18:00,"서울특별시 강남구 도곡로 401, 지하1층 (대치동, 롯데백화점강남점)"
rest_cafes,휴게음식점,서울 강남구,3220000-104-2016-00810,공차,일반조리판매,2016-12-02,2026-10-01,폐업,2026-10-02 22:18:00,"서울특별시 강남구 밤고개로 99, 지하2층 SB22호 (수서동, 수서역사)"
rest_cafes,휴게음식점,서울 강남구,3220000-104-2016-00188,아실,일반조리판매,2016-04-06,,영업/정상,2026-09-05 22:18:00,"서울특별시 강남구 언주로172길 54, 4층 (신사동)"
rest_cafes,휴게음식점,서울 강남구,3220000-104-2015-00304,우지커피 한티역점,커피숍,2015-07-30,,영업/정상,2026-09-04 22:18:00,"서울특별시 강남구 도곡로 405, 1층 108호 (대치동, 삼환아르누보2)"
rest_cafes,휴게음식점,서울 강남구,3220000-104-2015-00111,투썸플레이스 선릉ing점,커피숍,2015-03-24,2026-08-28,폐업,2026-08-29 22:18:00,"서울특별시 강남구 테헤란로 318, 1층 (역삼동)"
rest_cafes,휴게음식점,서울 강남구,3220000-104-2015-00036,씨유강남소망점,편의점,2015-02-04,2026-09-03,폐업,2026-09-04 22:18:00,"서울특별시 강남구 언주로159길 10, 1층 (신사동)"
rest_cafes,휴게음식점,서울 강남구,3220000-104-2013-00415,커피 심해,다방,2013-11-21,,영업/정상,2026-08-26 22:18:00,"서울특별시 강남구 봉은사로 474, 지상1층 104호 (삼성동, 쌍용 플래티넘)"
rest_cafes,휴게음식점,서울 강남구,3220000-104-2012-00432,파스쿠찌 삼성역점,커피숍,2012-11-26,2026-09-14,폐업,2026-09-15 22:18:00,"서울특별시 강남구 영동대로96길 8, 지상1층 (삼성동, 석광빌딩)"
rest_cafes,휴게음식점,서울 강남구,3220000-104-2010-00250,목우촌 바베큐,일반조리판매,2010-07-20,,영업/정상,2026-09-30 22:18:00,"서울특별시 강남구 논현로123길 37, 지하1층 (논현동)"
rest_cafes,휴게음식점,서울 강남구,3220000-104-2008-00120,커피플랜트,다방,2008-06-17,,영업/정상,2026-09-01 22:18:00,"서울특별시 강남구 강남대로44길 22, 지상1층 (도곡동)"
rest_cafes,휴게음식점,서울 강남구,3220000-104-2002-00254,로이,다방,2002-12-05,2026-09-04,폐업,2026-09-08 22:18:00,"서울특별시 강남구 테헤란로25길 39 (역삼동,지상1층)"
rest_cafes,휴게음식점,성남 분당구,3810000-104-2026-00307,아띠몽,백화점,2026-10-07,,영업/정상,2026-10-08 21:48:02,"경기도 성남시 분당구 판교역로146번길 20, 현대백화점 판교점 지하1층 일부 (백현동)"
rest_cafes,휴게음식점,성남 분당구,3810000-104-2026-00306,순설-한시적,백화점,2026-10-06,,영업/정상,2026-10-07 21:48:02,"경기도 성남시 분당구 판교역로146번길 20, 현대백화점 판교점 지하1층 일부 (백현동)"
rest_cafes,휴게음식점,성남 분당구,3810000-104-2026-00305,텐퍼센트 효자촌점,커피숍,2026-10-06,,영업/정상,2026-10-07 21:48:02,"경기도 성남시 분당구 돌마로486번길 6, 상록프라자 1층 108호 (서현동)"
rest_cafes,휴게음식점,성남 분당구,3810000-104-2026-00304,뵈르뵈르 분당정자점,아이스크림,2026-10-06,,영업/정상,2026-10-07 21:48:01,"경기도 성남시 분당구 정자로 13, 월드비터 1층 111호 (정자동)"
rest_cafes,휴게음식점,성남 분당구,3810000-104-2026-00303,(주)참살이유통-한시적,백화점,2026-10-06,,영업/정상,2026-10-07 21:48:01,"경기도 성남시 분당구 판교역로146번길 20, 현대백화점 판교점 지하1층 일부 (백현동)"
rest_cafes,휴게음식점,성남 분당구,3810000-104-2026-00302,롯데리아 오리역점,패스트푸드,2026-10-01,,영업/정상,2026-10-02 21:48:01,"경기도 성남시 분당구 성남대로 36, 2층 일부호 (구미동)"
rest_cafes,휴게음식점,성남 분당구,3810000-104-2026-00301,자이소 안국-한시적,백화점,2026-10-01,,영업/정상,2026-10-02 21:48:01,"경기도 성남시 분당구 판교역로146번길 20, 현대백화점 판교점 지하1층 일부 (백현동)"
rest_cafes,휴게음식점,성남 분당구,3810000-104-2026-00300,이스터서울-한시적,백화점,2026-09-30,,영업/정상,2026-10-01 21:48:00,"경기도 성남시 분당구 판교역로146번길 20, 현대백화점 판교점 지하1층 일부 (백현동)"
rest_cafes,휴게음식점,성남 분당구,3810000-104-2026-00299,우지커피 서판교점,커피숍,2026-09-30,,영업/정상,2026-10-01 21:48:00,"경기도 성남시 분당구 운중로 132, 1층 105호 (운중동)"
rest_cafes,휴게음식점,성남 분당구,3810000-104-2026-00298,주식회사리은푸드-한시적,백화점,2026-09-29,2026-10-03,폐업,2026-10-05 21:48:01,"경기도 성남시 분당구 판교역로146번길 20, 현대백화점 판교점 지하1층 일부 (백현동)"
rest_cafes,휴게음식점,성남 분당구,3810000-104-2026-00297,주식회사리은푸드-한시적,백화점,2026-09-23,,영업/정상,2026-09-24 21:48:02,"경기도 성남시 분당구 판교역로146번길 20, 현대백화점 판교점 지하1층 일부 (백현동)"
rest_cafes,휴게음식점,성남 분당구,3810000-104-2026-00296,지에스25(GS25) 분당본점,편의점,2026-09-23,,영업/정상,2026-09-24 21:48:02,"경기도 성남시 분당구 판교로572번길 6, 1층 일부 (야탑동)"
rest_cafes,휴게음식점,성남 분당구,3810000-104-2026-00295,텐퍼센트 분당장안타운점,커피숍,2026-09-22,,영업/정상,2026-09-23 21:48:01,"경기도 성남시 분당구 장안로 39, 한일빌딩 1층 일부호 (분당동)"
rest_cafes,휴게음식점,성남 분당구,3810000-104-2026-00294,시즌24,기타 휴게음식점,2026-09-21,,영업/정상,2026-09-22 21:48:01,"경기도 성남시 분당구 야탑로81번길 11, NC백화점 지하1층 일부 (야탑동)"
rest_cafes,휴게음식점,성남 분당구,3810000-104-2026-00293,더디다커피로스터리,커피숍,2026-09-18,,영업/정상,2026-09-19 21:48:01,"경기도 성남시 분당구 정자일로 220, 2단지 상가동 1층 115호 (정자동, 동양정자파라곤)"
rest_cafes,휴게음식점,성남 분당구,3810000-104-2026-00292,베이직베이커리 분당,커피숍,2026-09-18,,영업/정상,2026-09-19 21:48:01,"경기도 성남시 분당구 구미로 192, 1층, 2층 (구미동)"
rest_cafes,휴게음식점,성남 분당구,3810000-104-2026-00291,소보심-한시적,백화점,2026-09-17,2026-10-01,폐업,2026-10-03 21:48:01,"경기도 성남시 분당구 황새울로360번길 42, AK플라자 지하1층 B101호 일부 (서현동)"
rest_cafes,휴게음식점,성남 분당구,3810000-104-2026-00290,자이소 안국-한시적,백화점,2026-09-16,,영업/정상,2026-09-17 21:48:00,"경기도 성남시 분당구 판교역로146번길 20, 현대백화점 판교점 지하1층 일부 (백현동)"
rest_cafes,휴게음식점,성남 분당구,3810000-104-2026-00289,브라운트리 치즈케이크&버터팜-한시적,백화점,2026-09-16,,영업/정상,2026-09-17 21:48:00,"경기도 성남시 분당구 판교역로146번길 20, 현대백화점 판교점 지하1층 일부 (백현동)"
rest_cafes,휴게음식점,성남 분당구,3810000-104-2026-00288,동원산업(주)-한시적,백화점,2026-09-16,,영업/정상,2026-09-17 21:48:00,"경기도 성남시 분당구 판교역로146번길 20, 현대백화점 판교점 지하1층 일부 (백현동)"
rest_cafes,휴게음식점,성남 분당구,3810000-104-2026-00287,서울키친(어랑사랑)-한시적,백화점,2026-09-16,2026-09-24,폐업,2026-09-26 21:48:02,"경기도 성남시 분당구 판교역로146번길 20, 현대백화점 판교점 지하1층 일부 (백현동)"
rest_cafes,휴게음식점,성남 분당구,3810000-104-2026-00286,자이소 안국-한시적,백화점,2026-09-11,2026-09-23,폐업,2026-09-25 21:48:02,"경기도 성남시 분당구 판교역로146번길 20, 현대백화점 판교점 지하1층 일부호 (백현동)"
rest_cafes,휴게음식점,성남 분당구,3810000-104-2026-00285,아띠몽-한시적,백화점,2026-09-11,2026-10-07,폐업,2026-10-09 21:48:02,"경기도 성남시 분당구 미금일로154번길 20, 지하2층 B201호 일부호 (구미동)"
rest_cafes,휴게음식점,성남 분당구,3810000-104-2026-00284,아르케9 현대백화점판교점,커피숍,2026-09-10,,영업/정상,2026-09-11 21:48:04,"경기도 성남시 분당구 판교역로146번길 20, 현대백화점 판교점 지하1층 일부 (백현동)"
rest_cafes,휴게음식점,성남 분당구,3810000-104-2026-00283,메고지고 수내 돌고래점,떡카페,2026-09-10,,영업/정상,2026-09-11 21:48:04,"경기도 성남시 분당구 돌마로 361, 동신코아빌딩 지하1층 일부호 (수내동)"
rest_cafes,휴게음식점,성남 분당구,3810000-104-2026-00282,3층다락빵-한시적,백화점,2026-09-10,,영업/정상,2026-09-11 21:48:04,"경기도 성남시 분당구 황새울로360번길 42, AK플라자 지하1층 B101호 일부 (서현동)"
rest_cafes,휴게음식점,성남 분당구,3810000-104-2026-00281,노배드바이브스-한시적,백화점,2026-09-10,2026-09-22,폐업,2026-09-24 21:48:02,"경기도 성남시 분당구 야탑로81번길 11, NC백화점 지하1층 일부 (야탑동)"
rest_cafes,휴게음식점,성남 분당구,3810000-104-2026-00280,크림MONSTER,커피숍,2026-09-09,,영업/정상,2026-09-10 21:48:04,"경기도 성남시 분당구 야탑로139번길 3, 1층 일부 (야탑동)"
rest_cafes,휴게음식점,성남 분당구,3810000-104-2026-00279,(주)리안베이커리,커피숍,2026-09-08,,영업/정상,2026-09-09 21:48:03,"경기도 성남시 분당구 돌마로486번길 6, 상록프라자 1층 106호 (서현동)"
rest_cafes,휴게음식점,성남 분당구,3810000-104-2026-00278,(주)미르에프엔비-한시적,백화점,2026-09-08,2026-09-24,폐업,2026-09-26 21:48:02,"경기도 성남시 분당구 황새울로360번길 42, AK플라자 지하1층 B101호 일부 (서현동)"
rest_cafes,휴게음식점,성남 분당구,3810000-104-2026-00277,"지금,과일 분당정자점",기타 휴게음식점,2026-09-03,,영업/정상,2026-09-04 21:48:03,"경기도 성남시 분당구 백현로144번길 9-6, 1층 일부 (정자동)"
rest_cafes,휴게음식점,성남 분당구,3810000-104-2026-00276,(주)갑성-한시적,백화점,2026-09-02,2026-09-17,폐업,2026-09-19 21:48:01,"경기도 성남시 분당구 판교역로146번길 20, 현대백화점 판교점 지하1층 일부 (백현동)"
rest_cafes,휴게음식점,성남 분당구,3810000-104-2026-00275,아띠몽-한시적,백화점,2026-09-02,,영업/정상,2026-09-03 21:48:03,"경기도 성남시 분당구 판교역로146번길 20, 현대백화점 판교점 지하1층 일부 (백현동)"
rest_cafes,휴게음식점,성남 분당구,3810000-104-2026-00274,(주)행복생활에프앤비-한시적,기타 휴게음식점,2026-09-01,2026-09-08,폐업,2026-09-10 21:48:04,"경기도 성남시 분당구 미금일로154번길 20, 지하1층 B101호 일부호 (구미동)"
rest_cafes,휴게음식점,성남 분당구,3810000-104-2026-00273,코지스푼,커피숍,2026-08-31,,영업/정상,2026-09-01 21:48:02,"경기도 성남시 분당구 정자일로 197, 정자동2차푸르지오시티 1층 112호, 113호 (정자동)"
rest_cafes,휴게음식점,성남 분당구,3810000-104-2026-00272,이모야킨지로-한시적,백화점,2026-08-31,2026-09-30,폐업,2026-10-02 21:48:01,"경기도 성남시 분당구 판교역로146번길 20, 현대백화점 판교점 지하1층 일부 (백현동)"
rest_cafes,휴게음식점,성남 분당구,3810000-104-2026-00271,호두앤미-한시적,백화점,2026-08-27,2026-09-26,폐업,2026-09-28 21:48:02,"경기도 성남시 분당구 야탑로81번길 11, NC백화점 지하1층 일부호 (야탑동)"
rest_cafes,휴게음식점,성남 분당구,3810000-104-2026-00270,소복소복-한시적,백화점,2026-08-27,2026-10-06,폐업,2026-10-08 21:48:02,"경기도 성남시 분당구 야탑로81번길 11, NC백화점 지하1층 일부호 (야탑동)"
rest_cafes,휴게음식점,성남 분당구,3810000-104-2026-00269,성수르치아바타랩 주식회사,백화점,2026-08-27,2026-09-18,폐업,2026-09-19 21:48:01,"경기도 성남시 분당구 황새울로360번길 42, AK플라자 지하1층 B101호 일부 (서현동)"
rest_cafes,휴게음식점,성남 분당구,3810000-104-2026-00268,(주)참살이유통-한시적,백화점,2026-08-26,2026-09-10,폐업,2026-09-12 21:48:04,"경기도 성남시 분당구 판교역로146번길 20, 현대백화점 판교점 지하1층 일부 (백현동)"
rest_cafes,휴게음식점,성남 분당구,3810000-104-2026-00267,홍닝차 세브란스 직영점-한시적,백화점,2026-08-26,2026-09-10,폐업,2026-09-12 21:48:04,"경기도 성남시 분당구 판교역로146번길 20, 현대백화점 판교점 지하1층 일부 (백현동)"
rest_cafes,휴게음식점,성남 분당구,3810000-104-2026-00266,브라운트리 치즈케이크&버터팜-한시적,백화점,2026-08-25,2026-09-10,폐업,2026-09-12 21:48:04,"경기도 성남시 분당구 황새울로360번길 42, AK플라자 지하1층 B101호 일부 (서현동)"
rest_cafes,휴게음식점,성남 분당구,3810000-104-2026-00265,뿌룽지-한시적,기타 휴게음식점,2026-08-25,2026-09-30,폐업,2026-10-02 21:48:01,"경기도 성남시 분당구 미금일로154번길 20, 지하2층 일부호 (구미동)"
rest_cafes,휴게음식점,성남 분당구,3810000-104-2026-00264,온누리농특산-한시적,백화점,2026-08-24,2026-09-06,폐업,2026-09-08 21:48:03,"경기도 성남시 분당구 판교역로146번길 20, 현대백화점 판교점 지하1층 일부 (백현동)"
rest_cafes,휴게음식점,성남 분당구,3810000-104-2026-00263,주식회사 다온씨푸드-한시적,백화점,2026-08-21,2026-09-03,폐업,2026-09-05 21:48:03,"경기도 성남시 분당구 황새울로360번길 42, AK플라자 지하1층 B101호 일부 (서현동)"
rest_cafes,휴게음식점,성남 분당구,3810000-104-2026-00258,영준목장-한시적,백화점,2026-08-18,2026-08-27,폐업,2026-08-29 21:48:02,"경기도 성남시 분당구 판교역로146번길 20, 현대백화점 판교점 지하1층 일부 (백현동)"
rest_cafes,휴게음식점,성남 분당구,3810000-104-2026-00257,(주)참살이유통-한시적,백화점,2026-08-18,2026-09-03,폐업,2026-09-05 21:48:03,"경기도 성남시 분당구 판교역로146번길 20, 현대백화점 판교점 지하1층 일부 (백현동)"
rest_cafes,휴게음식점,성남 분당구,3810000-104-2026-00256,함께가는여인들-한시적,백화점,2026-08-18,2026-08-27,폐업,2026-08-29 21:48:02,"경기도 성남시 분당구 판교역로146번길 20, 현대백화점 판교점 지하1층 일부 (백현동)"
rest_cafes,휴게음식점,성남 분당구,3810000-104-2026-00255,미루꾸커피-한시적,백화점,2026-08-18,2026-09-10,폐업,2026-09-12 21:48:04,"경기도 성남시 분당구 황새울로360번길 42, AK플라자 지하1층 B101호 일부 (서현동)"
rest_cafes,휴게음식점,성남 분당구,3810000-104-2026-00253,마타토푸푸딩-한시적,백화점,2026-08-14,2026-08-30,폐업,2026-09-01 21:48:02,"경기도 성남시 분당구 판교역로146번길 20, 현대백화점 판교점 지하1층 일부 (백현동)"
rest_cafes,휴게음식점,성남 분당구,3810000-104-2026-00251,아띠몽-한시적,백화점,2026-08-13,2026-08-27,폐업,2026-08-29 21:48:02,"경기도 성남시 분당구 판교역로146번길 20, 현대백화점 판교점 지하1층 일부 (백현동)"
rest_cafes,휴게음식점,성남 분당구,3810000-104-2026-00247,유동부치아바타(주)-한시적,백화점,2026-08-10,2026-08-27,폐업,2026-08-29 21:48:02,"경기도 성남시 분당구 황새울로360번길 42, AK플라자 지하1층 B101호 일부 (서현동)"
rest_cafes,휴게음식점,성남 분당구,3810000-104-2026-00244,온누리농특산-한시적,백화점,2026-08-05,2026-08-31,폐업,2026-09-02 21:48:02,"경기도 성남시 분당구 판교역로146번길 20, 현대백화점 판교점 지하1층 일부 (백현동)"
rest_cafes,휴게음식점,성남 분당구,3810000-104-2026-00242,(주)신원씨푸드-한시적,백화점,2026-08-05,2026-08-31,폐업,2026-09-02 21:48:02,"경기도 성남시 분당구 황새울로360번길 42, AK플라자 지하1층 B101호 일부 (서현동)"
rest_cafes,휴게음식점,성남 분당구,3810000-104-2026-00240,차백도 분당서현역점,커피숍,2026-08-03,,영업/정상,2026-09-03 21:48:03,"경기도 성남시 분당구 분당로53번길 13, 산호트윈스2 1층 101호 (서현동)"
rest_cafes,휴게음식점,성남 분당구,3810000-104-2026-00226,마타토푸푸딩-한시적,백화점,2026-07-23,2026-08-29,폐업,2026-08-31 21:48:02,"경기도 성남시 분당구 판교역로146번길 20, 현대백화점 판교점 지하1층 일부 (백현동)"
rest_cafes,휴게음식점,성남 분당구,3810000-104-2026-00222,어비스래빗,커피숍,2026-07-15,,영업/정상,2026-08-26 21:48:01,"경기도 성남시 분당구 대왕판교로606번길 10, 1층 102호 일부호 (백현동, 알파리움1단지)"
rest_cafes,휴게음식점,성남 분당구,3810000-104-2026-00179,레모네이드 서울,기타 휴게음식점,2026-06-08,2026-09-09,폐업,2026-09-10 21:48:04,"경기도 성남시 분당구 판교역로146번길 20, 현대백화점 판교점 지하1층 일부 (백현동)"
rest_cafes,휴게음식점,성남 분당구,3810000-104-2026-00121,아미스모찌&푸룻(Am's),커피숍,2026-04-13,2026-09-30,폐업,2026-10-01 21:48:00,"경기도 성남시 분당구 판교로 519, 1층 104호, 115호, 116호, 117호 (야탑동, 탑마을경남아너스빌)"
rest_cafes,휴게음식점,성남 분당구,3810000-104-2026-00079,시즌프룻,기타 휴게음식점,2026-03-10,,영업/정상,2026-09-05 21:48:03,"경기도 성남시 분당구 느티로77번길 18-7, 1층 (정자동)"
rest_cafes,휴게음식점,성남 분당구,3810000-104-2026-00074,우지커피 수내로데오점,커피숍,2026-03-09,,영업/정상,2026-09-19 21:48:01,"경기도 성남시 분당구 백현로101번길 17, 초림프라자 1층 116호 (수내동)"
rest_cafes,휴게음식점,성남 분당구,3810000-104-2025-00428,프룻박스,기타 휴게음식점,2025-12-02,2026-09-04,폐업,2026-09-05 21:48:03,"경기도 성남시 분당구 동판교로52번길 17-2, 1층 일부 (백현동)"
rest_cafes,휴게음식점,성남 분당구,3810000-104-2025-00409,라떼투고,커피숍,2025-11-12,,영업/정상,2026-09-01 21:48:02,"경기도 성남시 분당구 야탑로69번길 21, 영진다이비스상가 1층 102호 (야탑동)"
rest_cafes,휴게음식점,성남 분당구,3810000-104-2024-00350,카페요아정 서현효자촌점,아이스크림,2024-10-28,2026-09-17,폐업,2026-09-18 21:48:01,"경기도 성남시 분당구 돌마로486번길 6, 상록프라자 1층 108호 (서현동)"
rest_cafes,휴게음식점,성남 분당구,3810000-104-2024-00341,올리브땅,일반조리판매,2024-10-22,2026-09-22,폐업,2026-09-23 21:48:01,"경기도 성남시 분당구 벌말로40번길 3, 성산빌딩 1(일부)층 (야탑동)"
rest_cafes,휴게음식점,성남 분당구,3810000-104-2024-00210,샐러디 판교역점,일반조리판매,2024-06-25,2026-10-08,폐업,2026-10-09 21:48:02,"경기도 성남시 분당구 대왕판교로606번길 58, 판교푸르지오월드마크 1층 1-20호, 1-29호 (삼평동)"
rest_cafes,휴게음식점,성남 분당구,3810000-104-2024-00151,베이직 베이커리,커피숍,2024-04-29,2026-09-17,폐업,2026-09-18 21:48:01,"경기도 성남시 분당구 구미로 192, 1층 (구미동)"
rest_cafes,휴게음식점,성남 분당구,3810000-104-2024-00147,텐퍼센트 분당두산타워점,커피숍,2024-04-26,2026-09-30,폐업,2026-10-01 21:48:00,"경기도 성남시 분당구 정자로 13, 월드비터 1층 111호 (정자동)"
rest_cafes,휴게음식점,성남 분당구,3810000-104-2024-00139,정자동 밀도,일반조리판매,2024-04-19,2026-09-09,폐업,2026-09-10 21:48:04,"경기도 성남시 분당구 정자일로 234, 태남프라자 1층 114호 (정자동)"
rest_cafes,휴게음식점,성남 분당구,3810000-104-2024-00096,팔복 황제누룽지탕,기타 휴게음식점,2024-03-15,,영업/정상,2026-09-15 21:48:05,"경기도 성남시 분당구 하오개로 358-4, 1층 (운중동)"
rest_cafes,휴게음식점,성남 분당구,3810000-104-2023-00314,와플대학 판교대장캠퍼스,기타 휴게음식점,2023-10-06,2026-10-07,폐업,2026-10-08 21:48:02,"경기도 성남시 분당구 판교대장로 92, 1층 112호 (대장동)"
rest_cafes,휴게음식점,성남 분당구,3810000-104-2023-00312,(주)동해식품,일반조리판매,2023-10-05,2026-10-01,폐업,2026-10-02 21:48:01,"경기도 성남시 분당구 불정로 134, 이마트 지하1층 일부호 (정자동)"
rest_cafes,휴게음식점,성남 분당구,3810000-104-2023-00250,플러스82 분당야탑점,기타 휴게음식점,2023-08-17,2026-09-01,폐업,2026-09-02 21:48:02,"경기도 성남시 분당구 야탑로139번길 3, 1층 일부(101)호 (야탑동)"
rest_cafes,휴게음식점,성남 분당구,3810000-104-2023-00244,빽다방 분당정자엠코점,커피숍,2023-08-14,2026-09-11,폐업,2026-09-12 21:48:04,"경기도 성남시 분당구 정자일로 146, 엠코헤리츠 1단지 1층 A108호 (정자동)"
rest_cafes,휴게음식점,성남 분당구,3810000-104-2023-00170,일타르타르트 분당정자점,커피숍,2023-06-15,2026-09-23,폐업,2026-09-24 21:48:02,"경기도 성남시 분당구 성남대로331번길 13, 1층 115호 (정자동)"
rest_cafes,휴게음식점,성남 분당구,3810000-104-2023-00106,메가엠지씨커피 성남백현마을점,커피숍,2023-04-20,,영업/정상,2026-09-29 21:48:03,"경기도 성남시 분당구 동판교로 61, 자유퍼스트프라자2 1층 103호 (백현동)"
rest_cafes,휴게음식점,성남 분당구,3810000-104-2023-00066,이디야커피 (분당중탑점),커피숍,2023-03-15,,영업/정상,2026-09-02 21:48:02,"경기도 성남시 분당구 벌말로 35, 대명빌딩 1층 101(일부)호 (야탑동)"
rest_cafes,휴게음식점,성남 분당구,3810000-104-2022-00261,카페 뜨랑슈아 꿈나눔점,푸드트럭,2022-09-14,,영업/정상,2026-09-08 21:48:03,"경기도 성남시 분당구 불정로 50, 분당노인종합복지관, 주택전시관 지하1층 야외테라스호 (정자동)"
rest_cafes,휴게음식점,성남 분당구,3810000-104-2022-00017,카페숲,커피숍,2022-01-19,,영업/정상,2026-09-01 21:48:02,"경기도 성남시 분당구 대왕판교로385번길 8, 1층 (백현동)"
rest_cafes,휴게음식점,성남 분당구,3810000-104-2021-00033,풋풋 샌드위치&샐러드 분당점,일반조리판매,2021-02-16,,영업/정상,2026-09-22 21:48:01,"경기도 성남시 분당구 장안로16번길 14, 인호프라자 1층 일부호 (분당동)"
rest_cafes,휴게음식점,성남 분당구,3810000-104-2020-00068,홈플러스(주)분당오리점,일반조리판매,2020-03-18,2026-09-16,폐업,2026-09-17 21:48:00,"경기도 성남시 분당구 탄천상로151번길 20, 월드쇼핑,삼성SDA B동 지하1층 일부(홈플러스)호 (구미동)"
rest_cafes,휴게음식점,성남 분당구,3810000-104-2019-00181,지에스(GS)25 분당장안점,편의점,2019-08-07,2026-09-15,폐업,2026-09-16 21:48:05,"경기도 성남시 분당구 서현로494번길 19, 1(일부)층 (분당동)"
rest_cafes,휴게음식점,성남 분당구,3810000-104-2019-00087,팔공티 홈플러스오리점,커피숍,2019-05-07,2026-09-02,폐업,2026-09-03 21:48:03,"경기도 성남시 분당구 탄천상로151번길 20, 월드쇼핑,삼성SDA B동 101(일부)호 (구미동)"
rest_cafes,휴게음식점,성남 분당구,3810000-104-2019-00061,아마스빈 분당아름점,기타 휴게음식점,2019-03-25,,영업/정상,2026-09-17 21:48:00,"경기도 성남시 분당구 판교로 445, 미라보상가 1층 5호 (야탑동)"
rest_cafes,휴게음식점,성남 분당구,3810000-104-2019-00056,오븐앤티 서현직영점,커피숍,2019-03-21,,영업/정상,2026-09-22 21:48:01,"경기도 성남시 분당구 분당로53번길 19, 피아자코코빌딩 1층 107호 (서현동)"
rest_cafes,휴게음식점,성남 분당구,3810000-104-2017-00211,커피베이 분당장안타운점,커피숍,2017-09-28,2026-09-18,폐업,2026-09-19 21:48:01,"경기도 성남시 분당구 장안로 39, 104호 (분당동, 한일빌딩)"
rest_cafes,휴게음식점,성남 분당구,3810000-104-2016-00264,삼성웰스토리(주)분당서울대병원HIP카페2층COFFEE&,커피숍,2016-11-01,2026-10-02,폐업,2026-10-03 21:48:01,"경기도 성남시 분당구 돌마로 172 (정자동, 분당서울대학교병원 HIP 연구동 2층 일부)"
rest_cafes,휴게음식점,성남 분당구,3810000-104-2014-00133,이디야커피 분당효자촌점,커피숍,2014-06-24,,영업/정상,2026-10-03 21:48:01,"경기도 성남시 분당구 돌마로486번길 6 (서현동, 상록프라자 1층 104호)"
rest_cafes,휴게음식점,성남 분당구,3810000-104-2013-00007,스타벅스정자,커피숍,2013-01-23,,영업/정상,2026-09-01 21:48:02,"경기도 성남시 분당구 정자일로 166 (정자동, SPG빌딩  1층)"
rest_cafes,휴게음식점,성남 분당구,3810000-104-2009-00144,감탄 아름마을점,기타 휴게음식점,2009-11-30,2026-09-08,폐업,2026-09-09 21:48:03,"경기도 성남시 분당구 판교로 435 (야탑동,동양프라자상가 1층109호)"
rest_cafes,휴게음식점,성남 분당구,3810000-104-2009-00014,홈플러스(주)분당오리점,일반조리판매,2009-03-16,2026-09-16,폐업,2026-09-17 21:48:00,"경기도 성남시 분당구 탄천상로151번길 20 (구미동,지하1층 일부)"
rest_cafes,휴게음식점,인천 영종(옛 중구),3491000-104-2026-00095,이마트24 영종랜드마크점,편의점,2026-10-08,,영업/정상,2026-10-09 22:48:00,"인천광역시 영종구 영종대로252번길 12, S201동 101,102,103호 (운서동, 영종LH2단지 아파트)"
rest_cafes,휴게음식점,인천 영종(옛 중구),3491000-104-2026-00094,메가엠지씨커피 영종도서관삼거리점,커피숍,2026-10-06,,영업/정상,2026-10-07 22:48:00,"인천광역시 영종구 영종대로 84, 신공항파크빌 1층 106호 (운서동)"
rest_cafes,휴게음식점,인천 영종(옛 중구),3491000-104-2026-00093,테이스티(Tasty),기타 휴게음식점,2026-09-30,2026-10-05,폐업,2026-10-07 22:48:00,"인천광역시 영종구 공항문화로 127, 인스파이어 서킷그라운드 F21 (운서동)"
rest_cafes,휴게음식점,인천 영종(옛 중구),3491000-104-2026-00092,세븐일레븐 영종스카이타워점,편의점,2026-09-23,,영업/정상,2026-09-24 22:48:00,"인천광역시 영종구 하늘별빛로65번길 7-9, 1층 122호일부 (중산동)"
rest_cafes,휴게음식점,인천 영종(옛 중구),3491000-104-2026-00091,노을105,커피숍,2026-09-23,,영업/정상,2026-09-29 22:48:00,"인천광역시 영종구 잠진도길 58-31, 1층 (덕교동)"
rest_cafes,휴게음식점,인천 영종(옛 중구),3491000-104-2026-00090,사르르,기타 휴게음식점,2026-09-22,,영업/정상,2026-09-23 22:48:00,"인천광역시 영종구 흰바위로 258, 3층 301호 (운남동)"
rest_cafes,휴게음식점,인천 영종(옛 중구),3491000-104-2026-00089,카인들리폭스(서킷그라운드),기타 휴게음식점,2026-09-21,2026-10-05,폐업,2026-10-07 22:48:00,"인천광역시 영종구 공항문화로 127, 인스파이어 일대 서킷그라운드 (운서동)"
rest_cafes,휴게음식점,인천 영종(옛 중구),3491000-104-2026-00088,카인들리폭스(키넥틱필드),기타 휴게음식점,2026-09-21,2026-10-05,폐업,2026-10-07 22:48:00,"인천광역시 영종구 공항문화로 127, 인스파이어 일대 키넥틱필드 (운서동)"
rest_cafes,휴게음식점,인천 영종(옛 중구),3491000-104-2026-00087,씨유 영종지엘플렉스점,편의점,2026-09-18,,영업/정상,2026-09-19 22:48:00,"인천광역시 영종구 영종대로196번길 19, 111호 (운서동)"
rest_cafes,휴게음식점,인천 영종(옛 중구),3491000-104-2026-00086,시프트(SHIFT) PC 영종하늘도시점,일반조리판매,2026-09-03,,영업/정상,2026-09-04 22:48:00,"인천광역시 영종구 하늘중앙로195번길 18, 썬앤문5, 5층, 501~506호 일부 (중산동)"
rest_cafes,휴게음식점,인천 영종(옛 중구),3491000-104-2026-00085,멜트유얼데이,커피숍,2026-09-03,2026-10-02,폐업,2026-10-03 22:48:00,"인천광역시 영종구 흰바위로 258, 3층 303, 304호 (운남동)"
rest_cafes,휴게음식점,인천 영종(옛 중구),3491000-104-2026-00084,옥희분식,백화점,2026-09-03,2026-09-06,폐업,2026-09-08 22:48:00,"인천광역시 영종구 영종해안남로321번길 186, 역사광장 4호 (운서동)"
rest_cafes,휴게음식점,인천 영종(옛 중구),3491000-104-2026-00083,도티로티 홍대본점,아이스크림,2026-09-02,2026-09-06,폐업,2026-09-08 22:48:00,"인천광역시 영종구 영종해안남로321번길 186, 역사광장 5호 (운서동)"
rest_cafes,휴게음식점,인천 영종(옛 중구),3491000-104-2026-00082,스케치 트럭,푸드트럭,2026-09-02,,영업/정상,2026-09-03 22:48:00,"인천광역시 영종구 영종해안남로321번길 186, 파라다이스시티 6 (운서동)"
rest_cafes,휴게음식점,인천 영종(옛 중구),3491000-104-2026-00081,돈까스 브로스,기타 휴게음식점,2026-09-01,,영업/정상,2026-09-11 22:48:00,"인천광역시 영종구 흰바위로 236, 503호 일부 (운남동)"
rest_cafes,휴게음식점,인천 영종(옛 중구),3491000-104-2026-00080,사파리쉼터W버닝하트,기타 휴게음식점,2026-08-31,2026-09-06,폐업,2026-09-08 22:48:00,"인천광역시 영종구 영종해안남로321번길 186, 역사광장 2동 (운서동)"
rest_cafes,휴게음식점,인천 영종(옛 중구),3491000-104-2026-00065,오크베리 파라다이스시티호텔점,일반조리판매,2026-06-05,2026-08-31,폐업,2026-09-01 22:48:00,"인천광역시 영종구 영종해안남로321번길 186, 파라다이스플라자 1층 트램2 (운서동)"
rest_cafes,휴게음식점,인천 영종(옛 중구),3491000-104-2026-00058,뱃고동소라빵,기타 휴게음식점,2026-05-21,,영업/정상,2026-09-12 22:48:00,"인천광역시 영종구 은하수로29번길 48, 1층 108호 일부 (중산동)"
rest_cafes,휴게음식점,인천 영종(옛 중구),3491000-104-2026-00003,온담 힐링카페,기타 휴게음식점,2026-01-09,,영업/정상,2026-09-08 22:48:00,"인천광역시 영종구 은하수로 28, 2층 202-1호일부 (중산동)"
rest_cafes,휴게음식점,인천 영종(옛 중구),3491000-104-2025-00180,카페만월경 영종하늘점,커피숍,2025-12-02,2026-10-08,폐업,2026-10-09 22:48:00,"인천광역시 영종구 하늘중앙로 231, 제이스카이시티 오피스텔 1층 102호 일부 (중산동)"
rest_cafes,휴게음식점,인천 영종(옛 중구),3491000-104-2025-00140,푸드팩토리,푸드트럭,2025-09-11,,영업/정상,2026-09-11 22:48:00,"인천광역시 영종구 영종해안남로321번길 186, 파라다이스시티 일대 (운서동)"
rest_cafes,휴게음식점,인천 영종(옛 중구),3491000-104-2025-00139,엘리펀트,푸드트럭,2025-09-11,,영업/정상,2026-09-11 22:48:00,"인천광역시 영종구 영종해안남로321번길 186, 파라다이스시티 일대 (운서동)"
rest_cafes,휴게음식점,인천 영종(옛 중구),3491000-104-2025-00124,(주)그린푸드 국제우편물류센터 매점,기타 휴게음식점,2025-08-29,2026-10-07,폐업,2026-10-08 22:48:00,"인천광역시 영종구 공항동로193번길 40-32, 우정사업본부국제우편물류센터 2층 일부 (운서동)"
rest_cafes,휴게음식점,인천 영종(옛 중구),3491000-104-2025-00083,탑클래스푸드,푸드트럭,2025-06-18,,영업/정상,2026-10-09 22:48:00,"인천광역시 영종구 찬들로 141 (운남동, 영종베르힐 스카이시티)"
rest_cafes,휴게음식점,인천 영종(옛 중구),3491000-104-2025-00075,하하푸드,푸드트럭,2025-06-16,,영업/정상,2026-09-11 22:48:00,"인천광역시 영종구 영종해안남로321번길 186, 파라다이스시티 일대 (운서동)"
rest_cafes,휴게음식점,인천 영종(옛 중구),3491000-104-2025-00042,빙글빙글,일반조리판매,2025-04-10,2026-08-31,폐업,2026-09-01 22:48:00,"인천광역시 영종구 햇내로28번길 12, 더예스클라우드 B동 105호 (운서동)"
rest_cafes,휴게음식점,인천 영종(옛 중구),3491000-104-2024-00129,삼청당 인스파이어리조트점,기타 휴게음식점,2024-10-10,,영업/정상,2026-09-10 22:48:00,"인천광역시 영종구 공항문화로 127, 인스파이어 1층 R-16B호 (운서동)"
rest_cafes,휴게음식점,인천 영종(옛 중구),3491000-104-2024-00118,스타벅스 인천공항T2랜드B1점,커피숍,2024-08-13,,영업/정상,2026-09-05 22:48:00,"인천광역시 영종구 제2터미널대로 446, 인천국제공항 제2교통센터 지하1층 2-22-14일부, B1-0941-1 (운서동)"
rest_cafes,휴게음식점,인천 영종(옛 중구),3491000-104-2024-00113,스타벅스 인스파이어리조트,기타 휴게음식점,2024-07-29,,영업/정상,2026-09-10 22:48:00,"인천광역시 영종구 공항문화로 127, 인스파이어리조트 1층 F-15호 (운서동)"
rest_cafes,휴게음식점,인천 영종(옛 중구),3491000-104-2024-00096,(주)바운스 인스파이어센터,기타 휴게음식점,2024-07-08,,영업/정상,2026-09-10 22:48:00,"인천광역시 영종구 공항문화로 127, 인스파이어 1층 E-02호 (운서동)"
rest_cafes,휴게음식점,인천 영종(옛 중구),3491000-104-2024-00090,폴바셋 인스파이어점,커피숍,2024-06-24,,영업/정상,2026-09-10 22:48:00,"인천광역시 영종구 공항문화로 127, 인스파이어 1층 F-17호 (운서동)"
rest_cafes,휴게음식점,인천 영종(옛 중구),3491000-104-2024-00046,카페'숲',커피숍,2024-04-03,,영업/정상,2026-09-10 22:48:00,"인천광역시 영종구 영종해안북로 1000-26, 하늘문화센터 1층 (운서동)"
rest_cafes,휴게음식점,인천 영종(옛 중구),3491000-104-2024-00041,세븐일레븐 영종씨에로점,편의점,2024-03-25,,영업/정상,2026-08-26 22:48:00,"인천광역시 영종구 영종대로 90, 1층 106호 (운서동)"
rest_cafes,휴게음식점,인천 영종(옛 중구),3491000-104-2024-00026,맷차(METCHA),커피숍,2024-02-15,,영업/정상,2026-09-10 22:48:00,"인천광역시 영종구 공항문화로 127, 인스파이어 1층 F-16호 (운서동)"
rest_cafes,휴게음식점,인천 영종(옛 중구),3491000-104-2024-00015,에그몬 영종도 인스파이어점,기타 휴게음식점,2024-01-25,,영업/정상,2026-09-10 22:48:00,"인천광역시 영종구 공항문화로 127, 인스파이어 1층 R-12B호 (운서동)"
rest_cafes,휴게음식점,인천 영종(옛 중구),3491000-104-2023-00153,인천공항사업지원센터점 카페,커피숍,2023-12-26,,영업/정상,2026-09-04 22:48:00,"인천광역시 영종구 공항동로296번길 87, 사업지원센타 5층 (운서동)"
rest_cafes,휴게음식점,인천 영종(옛 중구),3491000-104-2023-00140,베이커스 키친,기타 휴게음식점,2023-11-23,,영업/정상,2026-09-10 22:48:00,"인천광역시 영종구 공항문화로 127, 인스파이어 3층 (운서동)"
rest_cafes,휴게음식점,인천 영종(옛 중구),3491000-104-2023-00135,인천공항T1LS서편점카페,커피숍,2023-11-16,,영업/정상,2026-09-04 22:48:00,"인천광역시 영종구 공항로 272, 인천국제공항 제1여객터미널 일반동 지하1층 LS서편 (운서동)"
rest_cafes,휴게음식점,인천 영종(옛 중구),3491000-104-2023-00123,인천공항탑승동서편점카페,커피숍,2023-10-19,,영업/정상,2026-09-04 22:48:00,"인천광역시 영종구 공항로 272, 인천국제공항제1여객터미널 탑승동 2층 (운서동)"
rest_cafes,휴게음식점,인천 영종(옛 중구),3491000-104-2023-00112,벤티프레소 영종더타임점,커피숍,2023-09-07,2026-10-01,폐업,2026-10-02 22:48:00,"인천광역시 영종구 영종대로196번길 25, 1층 106호 (운서동)"
rest_cafes,휴게음식점,인천 영종(옛 중구),3491000-104-2023-00111,원더카페(Wonder Cafe),커피숍,2023-09-01,,영업/정상,2026-09-11 22:48:00,"인천광역시 영종구 영종해안남로321번길 186, 파라다이스시티 원더박스 2층 (운서동)"
rest_cafes,휴게음식점,인천 영종(옛 중구),3491000-104-2023-00096,인천공항AS동편점카페,커피숍,2023-07-20,,영업/정상,2026-09-04 22:48:00,"인천광역시 영종구 제2터미널대로 446, 인천국제공항 제2여객터미널 면세동 2층 AS동편 (운서동)"
rest_cafes,휴게음식점,인천 영종(옛 중구),3491000-104-2023-00055,만수휴게소,푸드트럭,2023-05-04,2026-09-28,폐업,2026-09-29 22:48:00,"인천광역시 영종구 구읍로 63, 영종역사관 주차장 앞 (중산동)"
rest_cafes,휴게음식점,인천 영종(옛 중구),3491000-104-2022-00101,세븐일레븐 뉴영종하늘점,편의점,2022-07-04,,영업/정상,2026-09-22 22:48:00,"인천광역시 영종구 백운로 4, 1층 101, 102호 일부 (중산동)"
rest_cafes,휴게음식점,인천 영종(옛 중구),3491000-104-2021-00122,잼또,커피숍,2021-10-12,2026-09-17,폐업,2026-09-18 22:48:00,"인천광역시 영종구 하늘달빛로 94, 대지스타타워 4층 404호 일부 (중산동)"
rest_cafes,휴게음식점,인천 영종(옛 중구),3491000-104-2021-00113,노틀담베이커리,커피숍,2021-09-14,,영업/정상,2026-09-10 22:48:00,"인천광역시 영종구 공항동로295번길 41-42, 인천본부세관 특송물류센터 1층 (운서동)"
rest_cafes,휴게음식점,인천 영종(옛 중구),3491000-104-2021-00089,스위트 스트리트,기타 휴게음식점,2021-07-13,,영업/정상,2026-09-11 22:48:00,"인천광역시 영종구 영종해안남로321번길 186, 파라다이스시티원더박스 1층 (운서동)"
rest_cafes,휴게음식점,인천 영종(옛 중구),3491000-104-2021-00055,CU 영종스텔라점,편의점,2021-05-12,,영업/정상,2026-09-18 22:48:00,"인천광역시 영종구 자연대로 29, 1층 103호 (중산동)"
rest_cafes,휴게음식점,인천 영종(옛 중구),3491000-104-2020-00151,뱃살도둑 운서점,기타 휴게음식점,2020-10-21,2026-08-31,폐업,2026-09-01 22:48:00,"인천광역시 영종구 화랑목로100번길 73, 1층 일부 (운서동)"
rest_cafes,휴게음식점,인천 영종(옛 중구),3491000-104-2019-00135,카페플러스마트,커피숍,2019-12-19,,영업/정상,2026-09-10 22:48:00,"인천광역시 영종구 자유무역로 299, 제이셋스태츠칩팩코리아 1층 (운서동)"
rest_cafes,휴게음식점,인천 영종(옛 중구),3491000-104-2018-00110,영종시네마,커피숍,2018-10-05,,영업/정상,2026-08-27 22:48:00,"인천광역시 영종구 영종대로 184, 영종예스타워복합상영관 7층 (운서동)"
rest_cafes,휴게음식점,인천 영종(옛 중구),3491000-104-2018-00074,행복나눔터 3호점,커피숍,2018-06-12,,영업/정상,2026-09-10 22:48:00,"인천광역시 영종구 영종대로277번길 74-60, 인천광역시교육연수원 본관동 1층 (운서동)"
rest_cafes,휴게음식점,인천 영종(옛 중구),3491000-104-2018-00025,실버카페 하늘마루,커피숍,2018-01-25,,영업/정상,2026-09-11 22:48:00,"인천광역시 영종구 공항로 271, 인천국제공항역 지하1층 (운서동)"
rest_cafes,휴게음식점,인천 영종(옛 중구),3491000-104-2018-00023,자작나무숲,커피숍,2018-01-18,,영업/정상,2026-09-10 22:48:00,"인천광역시 영종구 자유무역로107번길 20, 칼트로지스인천공항(주) 물류센터 2층 H-206호 (운서동)"
rest_cafes,휴게음식점,인천 영종(옛 중구),3491000-104-2017-00091,플로스 로비라운지,커피숍,2017-10-20,,영업/정상,2026-09-10 22:48:00,"인천광역시 영종구 영종해안남로 19-5, 네스트호텔 2층 (운서동)"
rest_cafes,휴게음식점,인천 영종(옛 중구),3491000-104-2017-00009,파라다이스시티점,커피숍,2017-02-08,,영업/정상,2026-09-11 22:48:00,"인천광역시 영종구 영종해안남로321번길 186, 지하1층 (운서동, 파라다이스시티)"
rest_cafes,휴게음식점,인천 영종(옛 중구),3491000-104-2015-00069,카페쉐어링(영종도점),커피숍,2015-08-19,,영업/정상,2026-09-10 22:48:00,"인천광역시 영종구 자유무역로 191, 1층 (운서동, 스태츠칩팩코리아 )"
rest_cafes,휴게음식점,제주 서귀포시,6520000-104-2026-00133,예평,다방,2026-10-08,,영업/정상,2026-10-09 22:48:09,제주특별자치도 서귀포시 중문관광로 191 (중문동)
rest_cafes,휴게음식점,제주 서귀포시,6520000-104-2026-00132,녹색공원,기타 휴게음식점,2026-10-08,,영업/정상,2026-10-09 22:48:09,제주특별자치도 서귀포시 중문관광로 191 (중문동)
rest_cafes,휴게음식점,제주 서귀포시,6520000-104-2026-00131,담화제주화과자 서귀포점,기타 휴게음식점,2026-10-07,,영업/정상,2026-10-08 22:48:09,제주특별자치도 서귀포시 서귀동 758-4
rest_cafes,휴게음식점,제주 서귀포시,6520000-104-2026-00130,계란빵클럽,다방,2026-10-06,,영업/정상,2026-10-07 22:48:08,"제주특별자치도 서귀포시 일주동로 9209, 1층 (법환동)"
rest_cafes,휴게음식점,제주 서귀포시,6520000-104-2026-00129,몽생이푸드,다방,2026-10-06,,영업/정상,2026-10-07 22:48:07,제주특별자치도 서귀포시 서귀동 758-1
rest_cafes,휴게음식점,제주 서귀포시,6520000-104-2026-00128,최강닭발,일반조리판매,2026-10-01,,영업/정상,2026-10-02 22:48:03,제주특별자치도 서귀포시 서홍동 707-7
rest_cafes,휴게음식점,제주 서귀포시,6520000-104-2026-00127,최강닭발,일반조리판매,2026-10-01,,영업/정상,2026-10-02 22:48:03,제주특별자치도 서귀포시 서홍동 707-1
rest_cafes,휴게음식점,제주 서귀포시,6520000-104-2026-00126,최강닭발,일반조리판매,2026-10-01,2026-10-03,폐업,2026-10-05 22:48:06,제주특별자치도 서귀포시 서홍동 707-1
rest_cafes,휴게음식점,제주 서귀포시,6520000-104-2026-00125,유채꽃프라자,일반조리판매,2026-09-28,2026-10-03,폐업,2026-10-05 22:48:06,제주특별자치도 서귀포시 표선면 가시리 3149-33
rest_cafes,휴게음식점,제주 서귀포시,6520000-104-2026-00124,알로에체험카페하귀리,다방,2026-09-28,2026-10-03,폐업,2026-10-05 22:48:06,제주특별자치도 서귀포시 법환동 914
rest_cafes,휴게음식점,제주 서귀포시,6520000-104-2026-00123,더브레드(The Bread),커피숍,2026-09-23,,영업/정상,2026-09-24 22:48:08,"제주특별자치도 서귀포시 대정읍 글로벌에듀로 370, 148호"
rest_cafes,휴게음식점,제주 서귀포시,6520000-104-2026-00122,킹콩커피,커피숍,2026-09-22,,영업/정상,2026-09-23 22:48:07,제주특별자치도 서귀포시 중산간동로 8244 (호근동)
rest_cafes,휴게음식점,제주 서귀포시,6520000-104-2026-00121,쑥감도 농업회사법인(주),커피숍,2026-09-18,,영업/정상,2026-10-08 22:48:08,"제주특별자치도 서귀포시 안덕면 서광남로 144-4, 1층"
rest_cafes,휴게음식점,제주 서귀포시,6520000-104-2026-00120,세븐일레븐 서귀포동홍점,편의점,2026-09-16,,영업/정상,2026-09-17 22:48:02,제주특별자치도 서귀포시 동홍중앙로 70 (동홍동)
rest_cafes,휴게음식점,제주 서귀포시,6520000-104-2026-00119,잉스유니버스,다방,2026-09-16,,영업/정상,2026-09-17 22:48:02,"제주특별자치도 서귀포시 대정읍 평화로 225, 1층"
rest_cafes,휴게음식점,제주 서귀포시,6520000-104-2026-00118,올레한입,일반조리판매,2026-09-09,,영업/정상,2026-09-10 22:48:33,제주특별자치도 서귀포시 중앙로48번길 17 (서귀동)
rest_cafes,휴게음식점,제주 서귀포시,6520000-104-2026-00117,지에스25서귀보영점,편의점,2026-09-09,,영업/정상,2026-09-17 22:48:02,제주특별자치도 서귀포시 신동로67번길 24 (서호동)
rest_cafes,휴게음식점,제주 서귀포시,6520000-104-2026-00116,사실빙 서귀포올레시장점,커피숍,2026-09-08,,영업/정상,2026-09-09 22:48:32,"제주특별자치도 서귀포시 중앙로54번길 16, 1층 (서귀동)"
rest_cafes,휴게음식점,제주 서귀포시,6520000-104-2026-00115,롤리폴리(ROLY POLY),커피숍,2026-09-08,2026-10-02,폐업,2026-10-03 22:48:04,"제주특별자치도 서귀포시 성산읍 일출로 284-3, 1, 2층"
rest_cafes,휴게음식점,제주 서귀포시,6520000-104-2026-00114,주식회사 신화갤러리,다방,2026-09-04,,영업/정상,2026-09-05 22:48:28,"제주특별자치도 서귀포시 안덕면 신화역사로188번길 151, 지하 1층"
rest_cafes,휴게음식점,제주 서귀포시,6520000-104-2026-00113,탐탐제주 귤직송감성카페 신화월드점,다방,2026-09-03,,영업/정상,2026-09-04 22:48:27,제주특별자치도 서귀포시 안덕면 중산간서로 1817
rest_cafes,휴게음식점,제주 서귀포시,6520000-104-2026-00112,그릭씨네요거트집서귀포혁신도시점,다방,2026-09-02,,영업/정상,2026-09-03 22:48:26,"제주특별자치도 서귀포시 대청로 37, 104호 (강정동)"
rest_cafes,휴게음식점,제주 서귀포시,6520000-104-2026-00111,도래물휴게편의점,편의점,2026-09-01,,영업/정상,2026-09-02 22:48:25,제주특별자치도 서귀포시 중산간서로 664 (회수동)
rest_cafes,휴게음식점,제주 서귀포시,6520000-104-2026-00110,해바라기카페,다방,2026-08-27,2026-08-30,폐업,2026-09-01 22:48:24,제주특별자치도 서귀포시 토평동 2890
rest_cafes,휴게음식점,제주 서귀포시,6520000-104-2026-00109,빽다방서귀포산방산점,다방,2026-08-26,,영업/정상,2026-08-27 22:48:20,제주특별자치도 서귀포시 안덕면 사계남로 222
rest_cafes,휴게음식점,제주 서귀포시,6520000-104-2026-00091,이디야커피서귀포범섬점,다방,2026-07-16,,영업/정상,2026-10-02 22:48:03,제주특별자치도 서귀포시 월드컵로 171 (강정동)
rest_cafes,휴게음식점,제주 서귀포시,6520000-104-2026-00061,이디야서귀포올레점,커피숍,2026-05-11,,영업/정상,2026-10-02 22:48:03,"제주특별자치도 서귀포시 중정로 90, 103호 (서귀동)"
rest_cafes,휴게음식점,제주 서귀포시,6520000-104-2025-00150,카페느슨,커피숍,2025-09-12,,영업/정상,2026-10-02 22:48:03,"제주특별자치도 서귀포시 이어도로 910, 1층 (법환동)"
rest_cafes,휴게음식점,제주 서귀포시,6520000-104-2025-00118,카페트와(Toit cafe),커피숍,2025-07-14,,영업/정상,2026-08-26 22:48:19,"제주특별자치도 서귀포시 성산읍 일주동로 4226, 1~2층"
rest_cafes,휴게음식점,제주 서귀포시,6520000-104-2025-00106,아워메이(OURMAY),커피숍,2025-06-30,,영업/정상,2026-08-26 22:48:19,"제주특별자치도 서귀포시 새왓로 22, 1층 (서호동)"
rest_cafes,휴게음식점,제주 서귀포시,6520000-104-2025-00075,덕후,푸드트럭,2025-04-30,,영업/정상,2026-10-03 22:48:04,제주특별자치도 서귀포시 동홍동 2150-1 솔오름전망대 2번트럭
rest_cafes,휴게음식점,제주 서귀포시,6520000-104-2022-00218,송맛이야기,커피숍,2022-12-26,2026-09-15,폐업,2026-09-16 22:48:01,"제주특별자치도 서귀포시 일주동로 8724, 1층 (서홍동)"
rest_cafes,휴게음식점,제주 서귀포시,6520000-104-2022-00144,제주안에,커피숍,2022-08-22,2026-09-01,폐업,2026-09-02 22:48:25,제주특별자치도 서귀포시 성산읍 풍천로192번길 39
rest_cafes,휴게음식점,제주 서귀포시,6520000-104-2022-00132,카페다이노스(cafe DINOS),커피숍,2022-08-05,2026-09-03,폐업,2026-09-04 22:48:27,"제주특별자치도 서귀포시 안덕면 항공우주로 83, 제주항공우주박물관 3층"
rest_cafes,휴게음식점,제주 서귀포시,6520000-104-2022-00111,잔느카페,커피숍,2022-07-04,2026-09-03,폐업,2026-09-10 22:48:33,"제주특별자치도 서귀포시 안덕면 사계로114번길 54-12, 라온제나 1층 101호"
rest_cafes,휴게음식점,제주 서귀포시,6520000-104-2022-00037,카페느슨,커피숍,2022-03-14,2026-10-01,폐업,2026-10-02 22:48:03,제주특별자치도 서귀포시 중산간서로356번길 42 (도순동)
rest_cafes,휴게음식점,제주 서귀포시,6520000-104-2020-00205,카페봄봄 서귀포중앙점,커피숍,2020-11-10,,영업/정상,2026-09-24 22:48:08,"제주특별자치도 서귀포시 중앙로 65, 1층 (서귀동)"
rest_cafes,휴게음식점,제주 서귀포시,6520000-104-2020-00188,19티성산일출봉점,커피숍,2020-10-15,2026-09-03,폐업,2026-09-04 22:48:27,"제주특별자치도 서귀포시 성산읍 일출로 264-1, 1층 2호"
rest_cafes,휴게음식점,제주 서귀포시,6520000-104-2020-00159,캘리소프트서브올레시장점,아이스크림,2020-08-18,2026-09-08,폐업,2026-09-09 22:48:32,"제주특별자치도 서귀포시 중앙로54번길 16, 1층 (서귀동)"
rest_cafes,휴게음식점,제주 서귀포시,6520000-104-2018-00174,수지네카페,커피숍,2018-11-05,2026-09-03,폐업,2026-09-10 22:48:33,"제주특별자치도 서귀포시 안덕면 덕수서로 121-7, F동"
rest_cafes,휴게음식점,제주 서귀포시,6520000-104-2018-00129,여행가게와 연필가게,커피숍,2018-08-03,,영업/정상,2026-08-29 22:48:21,제주특별자치도 서귀포시 남원읍 태위로 929
rest_cafes,휴게음식점,제주 서귀포시,6520000-104-2018-00085,씨유서귀포남원길점,편의점,2018-06-12,2026-09-30,폐업,2026-10-01 22:48:02,제주특별자치도 서귀포시 남원읍 태위로 481
rest_cafes,휴게음식점,제주 서귀포시,6520000-104-2015-00119,세븐일레븐서귀포동홍점,편의점,2015-11-26,2026-09-16,폐업,2026-09-17 22:48:02,"제주특별자치도 서귀포시 동홍중앙로 70, 1층 (동홍동)"
rest_cafes,휴게음식점,제주 서귀포시,6520000-104-2015-00076,씨유 서귀포범섬점,커피숍,2015-08-04,,영업/정상,2026-09-15 22:48:00,제주특별자치도 서귀포시 막숙포로 152 (법환동)
rest_cafes,휴게음식점,제주 서귀포시,6520000-104-2012-00004,60빈스,커피숍,2012-01-16,,영업/정상,2026-09-04 22:48:27,제주특별자치도 서귀포시 태평로120번길 29-2 (호근동)
rest_cafes,휴게음식점,제주 서귀포시,6520000-104-2006-00011,한아름김밥,일반조리판매,2006-02-08,,영업/정상,2026-09-09 22:48:32,제주특별자치도 서귀포시 중앙로 154 (서홍동)
rest_cafes,휴게음식점,제주 서귀포시,6520000-104-2003-00024,사조푸디스트(주)코코모,기타 휴게음식점,2003-07-16,,영업/정상,2026-09-17 22:48:02,제주특별자치도 서귀포시 중문관광로72번길 67 (색달동)
bakeries,제과점,서울 강남구,3220000-121-2026-00095,베어바이트브레드(한시적),제과점영업,2026-10-07,,영업/정상,2026-10-08 22:16:13,"서울특별시 강남구 압구정로 343, 갤러리아 명품관WEST 지하1층 식품관 (압구정동)"
bakeries,제과점,서울 강남구,3220000-121-2026-00094,크리스피크림 강남역점(한시적),제과점영업,2026-10-01,,영업/정상,2026-10-02 22:16:12,"서울특별시 강남구 영동대로 513, 코엑스 C전시홀 (삼성동)"
bakeries,제과점,서울 강남구,3220000-121-2026-00093,라뜰리에 이은,제과점영업,2026-09-30,,영업/정상,2026-10-01 22:16:12,"서울특별시 강남구 봉은사로13길 11, 3층 301호 (논현동)"
bakeries,제과점,서울 강남구,3220000-121-2026-00092,루엘드파리 역삼점,제과점영업,2026-09-29,,영업/정상,2026-09-30 22:16:12,"서울특별시 강남구 논현로64길 18, 경풍빌딩 지하1층 (역삼동)"
bakeries,제과점,서울 강남구,3220000-121-2026-00091,코른베르그(한시적),제과점영업,2026-09-28,,영업/정상,2026-09-29 18:22:50,"서울특별시 강남구 압구정로 343, 갤러리아 명품관west 지하1층 (압구정동)"
bakeries,제과점,서울 강남구,3220000-121-2026-00090,(주)조선호텔앤리조트조선펠리스강남조선델리(한시적),제과점영업,2026-09-22,2026-10-05,폐업,2026-10-07 22:16:12,"서울특별시 강남구 봉은사로 616, 삼성1동 주민센터 (삼성동)"
bakeries,제과점,서울 강남구,3220000-121-2026-00089,구수서울(한시적),제과점영업,2026-09-21,,영업/정상,2026-09-29 18:22:50,"서울특별시 강남구 압구정로 343, 갤러리아백화점 명품관 WEST 지하 1층 (압구정동)"
bakeries,제과점,서울 강남구,3220000-121-2026-00088,스위트로그(Sweetlog),제과점영업,2026-09-17,,영업/정상,2026-09-29 18:22:50,"서울특별시 강남구 역삼로12길 5, 1층 104호 (역삼동)"
bakeries,제과점,서울 강남구,3220000-121-2026-00087,특별한 호두와플 강남점,제과점영업,2026-09-16,,영업/정상,2026-09-29 18:22:50,"서울특별시 강남구 강남대로118길 70, 1층 104호 (논현동)"
bakeries,제과점,서울 강남구,3220000-121-2026-00086,팀홀튼 압구정역점,제과점영업,2026-09-16,,영업/정상,2026-09-29 18:22:50,"서울특별시 강남구 압구정로 204, 대언빌딩 1층 (신사동)"
bakeries,제과점,서울 강남구,3220000-121-2026-00085,카라멜리에오 현대백화점 압구정 본점,제과점영업,2026-09-04,,영업/정상,2026-09-29 18:22:50,"서울특별시 강남구 압구정로 165, 현대백화점본점 지하1층 (압구정동)"
bakeries,제과점,서울 강남구,3220000-121-2026-00084,브로트아트 역삼역점,제과점영업,2026-09-04,,영업/정상,2026-09-29 18:22:50,"서울특별시 강남구 논현로 509, 송암II빌딩 1층 일부호 (역삼동)"
bakeries,제과점,서울 강남구,3220000-121-2026-00083,트키(Tkii),제과점영업,2026-09-02,,영업/정상,2026-09-29 18:22:50,"서울특별시 강남구 도산대로45길 10-2, 1층 (신사동)"
bakeries,제과점,서울 강남구,3220000-121-2026-00082,비터솔트 현대백화점 무역센터,제과점영업,2026-08-31,,영업/정상,2026-09-29 18:22:50,"서울특별시 강남구 테헤란로 517, 현대백화점 지하1층 (삼성동)"
bakeries,제과점,서울 강남구,3220000-121-2026-00081,아티초크라보(한시적),제과점영업,2026-08-19,2026-09-03,폐업,2026-09-29 18:22:50,"서울특별시 강남구 압구정로 343, 갤러리아백화점 식품관 (압구정동)"
bakeries,제과점,서울 강남구,3220000-121-2026-00080,팥고당 명동점(한시적),제과점영업,2026-08-18,2026-09-06,폐업,2026-09-29 18:22:50,"서울특별시 강남구 영동대로 513, 코엑스 1층 hall A홀, B홀 GRAND BALLROOM (삼성동)"
bakeries,제과점,서울 강남구,3220000-121-2026-00079,끄레마헤븐리앤리,제과점영업,2026-08-14,,영업/정상,2026-09-29 18:22:50,"서울특별시 강남구 언주로 323, 1층 101-1호 (역삼동)"
bakeries,제과점,서울 강남구,3220000-121-2026-00078,어니스트 로프(Honest Loaf),제과점영업,2026-08-13,,영업/정상,2026-09-29 18:22:50,"서울특별시 강남구 밤고개로 165, 근린생활시설동 지상1층 103호 (자곡동, LH 수서 1단지 아파트)"
bakeries,제과점,서울 강남구,3220000-121-2026-00077,보리수파리(BORISSOU PARIS)(한시적),제과점영업,2026-08-10,2026-08-30,폐업,2026-09-29 18:22:50,"서울특별시 강남구 압구정로 165, 현대백화점본점 지하1층 (압구정동)"
bakeries,제과점,서울 강남구,3220000-121-2026-00076,블렌디스튜디오,제과점영업,2026-08-07,,영업/정상,2026-10-08 22:16:13,"서울특별시 강남구 강남대로48길 25, 1층 102호 (도곡동, 비스킷)"
bakeries,제과점,서울 강남구,3220000-121-2026-00074,코른베르그(한시적),제과점영업,2026-07-21,2026-08-19,폐업,2026-09-29 18:22:50,"서울특별시 강남구 압구정로 343, 갤러리아백화점 지하1층 식품관 일부호 (압구정동)"
bakeries,제과점,서울 강남구,3220000-121-2026-00027,바타키친 BATTA KITCHEN,제과점영업,2026-03-16,2026-08-31,폐업,2026-09-29 18:22:50,"서울특별시 강남구 테헤란로 517, 현대백화점 지하1층 (삼성동)"
bakeries,제과점,서울 강남구,3220000-121-2025-00033,배스킨라빈스 청담점,제과점영업,2025-03-19,,영업/정상,2026-09-29 18:22:50,"서울특별시 강남구 도산대로 318, SB타워 지상1층 1,2호 (논현동)"
bakeries,제과점,서울 강남구,3220000-121-2025-00003,그레텔,제과점영업,2025-01-08,2026-10-06,폐업,2026-10-07 22:16:12,"서울특별시 강남구 삼성로 14, 연도형 상가 지하1층 B103호호 (개포동, 개포자이 프레지던스)"
bakeries,제과점,서울 강남구,3220000-121-2024-00046,오와케이크 압구정역점,제과점영업,2024-03-19,,영업/정상,2026-09-29 18:22:50,"서울특별시 강남구 논현로175길 25, 다보빌딩 지상1층 101호 (신사동)"
bakeries,제과점,서울 강남구,3220000-121-2023-00149,카라멜리에오,제과점영업,2023-10-31,2026-09-01,폐업,2026-09-29 18:22:50,"서울특별시 강남구 압구정로 165, 현대백화점본점 지하1층 (압구정동)"
bakeries,제과점,서울 강남구,3220000-121-2023-00079,배스킨라빈스 파르나스몰,제과점영업,2023-06-16,,영업/정상,2026-09-29 18:22:50,"서울특별시 강남구 테헤란로 521, 파르나스타워 호텔동 지하1층 R21호,R22호 (삼성동)"
bakeries,제과점,서울 강남구,3220000-121-2023-00078,배스킨라빈스/던킨 SPC스퀘어 강남,제과점영업,2023-06-16,,영업/정상,2026-09-29 18:22:50,"서울특별시 강남구 강남대로 352, 지상2층 (역삼동)"
bakeries,제과점,서울 강남구,3220000-121-2023-00075,배스킨라빈스 강남대로,제과점영업,2023-06-15,,영업/정상,2026-09-29 18:22:50,"서울특별시 강남구 강남대로 442, A동 지상1층 (역삼동)"
bakeries,제과점,서울 강남구,3220000-121-2023-00186,늘 스위티(neul sweety),제과점영업,2023-02-15,2026-09-14,폐업,2026-09-29 18:22:50,"서울특별시 강남구 논현로151길 29, 지상1층 101호 (신사동)"
bakeries,제과점,서울 강남구,3220000-121-2021-00081,주식회사 만나당,제과점영업,2021-11-10,,영업/정상,2026-10-03 22:16:12,"서울특별시 강남구 논현로175길 61, 지상1층 101호 (신사동)"
bakeries,제과점,서울 강남구,3220000-121-2021-00063,뚜레쥬르 대청역점,제과점영업,2021-08-31,2026-10-02,폐업,2026-10-08 22:16:12,"서울특별시 강남구 일원로 37, 하나은행 일원중앙 지상1층 101-2호 (일원동)"
bakeries,제과점,서울 강남구,3220000-121-2021-00052,뚜레쥬르 대청역점,제과점영업,2021-07-05,2026-10-02,폐업,2026-10-08 22:16:12,"서울특별시 강남구 일원로 37, 하나은행 일원중앙 지상1층 101호 (일원동)"
bakeries,제과점,서울 강남구,3220000-121-2020-00075,브리앙,제과점영업,2020-12-04,,영업/정상,2026-10-01 22:16:12,"서울특별시 강남구 압구정로36길 12, 메디컬뱅크 지상 1층 108, 109호 (신사동)"
bakeries,제과점,서울 강남구,3220000-121-2020-00008,블라썸,제과점영업,2020-02-26,2026-08-27,폐업,2026-09-29 18:22:49,"서울특별시 강남구 압구정로 343, 갤러리아백화점 지하1층 (압구정동)"
bakeries,제과점,서울 강남구,3220000-121-2018-00030,뚜레쥬르 카페 강남세곡점,제과점영업,2018-05-21,,영업/정상,2026-09-29 18:22:49,"서울특별시 강남구 헌릉로569길 23, 지상1층 (세곡동)"
bakeries,제과점,서울 강남구,3220000-121-2018-00029,파리바게뜨 선릉아이타워점,제과점영업,2018-05-16,,영업/정상,2026-09-29 18:22:49,"서울특별시 강남구 테헤란로 326, 역삼 아이타워 지상1층 (역삼동)"
bakeries,제과점,서울 강남구,3220000-121-2018-00015,뚜레쥬르 강남세브란스 병원점,제과점영업,2018-02-28,,영업/정상,2026-09-29 18:22:49,"서울특별시 강남구 언주로 211, 강남세브란스병원 별관동 지하1층 (도곡동)"
bakeries,제과점,서울 강남구,3220000-121-2016-00007,파리바게뜨 역삼역점,제과점영업,2016-01-25,2026-08-27,폐업,2026-09-29 18:22:49,"서울특별시 강남구 논현로 509, 1층 101호 (역삼동)"
bakeries,제과점,서울 강남구,3220000-121-2010-00037,보네르땅,제과점영업,2010-07-20,,영업/정상,2026-09-29 18:22:49,"서울특별시 강남구 언주로130길 18 (논현동,지상1층)"
bakeries,제과점,성남 분당구,3810000-121-2026-00038,초이초이(choi choi),제과점영업,2026-10-06,,영업/정상,2026-10-07 21:46:13,"경기도 성남시 분당구 황새울로360번길 42, AK플라자 지하1층 B101호 일부 (서현동)"
bakeries,제과점,성남 분당구,3810000-121-2026-00037,헤비베어(Heavy Bear)-한시적,제과점영업,2026-10-06,,영업/정상,2026-10-07 21:46:13,"경기도 성남시 분당구 판교역로146번길 20, 현대백화점 판교점 지하1층 일부 (백현동)"
bakeries,제과점,성남 분당구,3810000-121-2026-00036,파리바게트 아름탑,제과점영업,2026-10-06,,영업/정상,2026-10-07 21:46:12,"경기도 성남시 분당구 판교로 435, 동양프라자 1층 106호, 107호 (야탑동)"
bakeries,제과점,성남 분당구,3810000-121-2026-00035,아미스모찌&푸룻(Am's),제과점영업,2026-09-30,,영업/정상,2026-10-01 21:46:10,"경기도 성남시 분당구 판교로 519, 1층 104호, 115호, 116호, 117호 (야탑동, 탑마을경남아너스빌)"
bakeries,제과점,성남 분당구,3810000-121-2026-00034,솔트앤멜로우,제과점영업,2026-09-30,,영업/정상,2026-10-01 21:46:10,"경기도 성남시 분당구 황새울로360번길 42, AK플라자 지하1층 B101호 일부 (서현동)"
bakeries,제과점,성남 분당구,3810000-121-2026-00033,마음을담은빵집,제과점영업,2026-09-22,,영업/정상,2026-09-29 18:28:04,"경기도 성남시 분당구 수내로 181, 분산상가동 지하1층 003호 (분당동, 샛별마을)"
bakeries,제과점,성남 분당구,3810000-121-2026-00032,보따리제과점-한시적,제과점영업,2026-09-16,2026-09-23,폐업,2026-09-29 18:28:04,"경기도 성남시 분당구 판교역로146번길 20, 현대백화점 판교점 지하1층 일부 (백현동)"
bakeries,제과점,성남 분당구,3810000-121-2026-00031,쏘쏘사라다 잠실새내점-한시적,제과점영업,2026-09-02,2026-09-17,폐업,2026-09-29 18:28:04,"경기도 성남시 분당구 판교역로146번길 20, 현대백화점 판교점 지하1층 일부 (백현동)"
bakeries,제과점,성남 분당구,3810000-121-2026-00030,희동아뜰리에,제과점영업,2026-08-24,,영업/정상,2026-09-29 18:28:04,"경기도 성남시 분당구 판교공원로2길 33, 1층 일부 (판교동)"
bakeries,제과점,성남 분당구,3810000-121-2026-00029,마르따디저트 정자역점,제과점영업,2026-08-20,,영업/정상,2026-09-29 18:28:04,"경기도 성남시 분당구 정자일로 146, 엠코헤리츠 1단지 1층 A120호 (정자동)"
bakeries,제과점,성남 분당구,3810000-121-2026-00028,화이트리에 분당수내점,제과점영업,2026-08-07,,영업/정상,2026-09-29 18:28:04,"경기도 성남시 분당구 내정로 167, 양지프라임 1층 102호 (수내동)"
bakeries,제과점,성남 분당구,3810000-121-2026-00027,해례커피앤도브리베이커리-한시적,제과점영업,2026-07-27,2026-08-31,폐업,2026-09-29 18:28:04,"경기도 성남시 분당구 황새울로360번길 42, AK플라자 지하1층 B101호 일부 (서현동)"
bakeries,제과점,성남 분당구,3810000-121-2026-00026,라펠리나(La PERLINA)-한시적,제과점영업,2026-07-27,2026-08-06,폐업,2026-09-29 18:28:04,"경기도 성남시 분당구 황새울로360번길 42, AK플라자 지하1층 B101호 일부 (서현동)"
bakeries,제과점,성남 분당구,3810000-121-2022-00020,오븐앤티 야탑점,제과점영업,2022-05-10,,영업/정상,2026-10-08 21:46:12,"경기도 성남시 분당구 야탑로149번길 9, 1층 일부(101호)호 (야탑동)"
bakeries,제과점,성남 분당구,3810000-121-2019-00013,베이커리 분당오리,제과점영업,2019-06-03,2026-09-16,폐업,2026-09-29 18:28:04,"경기도 성남시 분당구 탄천상로151번길 20, 월드쇼핑,삼성SDA 지하1(일부)층 (구미동)"
bakeries,제과점,성남 분당구,3810000-121-2019-00003,베이커리 분당오리,제과점영업,2019-03-05,2026-09-16,폐업,2026-09-29 18:28:04,"경기도 성남시 분당구 탄천상로151번길 20, 월드쇼핑,삼성SDA 지하1층 일부호 (구미동)"
bakeries,제과점,성남 분당구,3810000-121-2009-00006,베이커리(BAKERY) 분당오리,제과점영업,2009-03-18,2026-09-16,폐업,2026-09-29 18:28:04,"경기도 성남시 분당구 탄천상로151번길 20 (구미동, 월드쇼핑 지하1층일부 홈플러스내)"
bakeries,제과점,성남 분당구,3810000-121-2008-00022,파리바게뜨카페분당한솔점,제과점영업,2008-08-06,,영업/정상,2026-09-29 18:28:04,"경기도 성남시 분당구 느티로87번길 2 (정자동, 지하1층, 1층 일부)"
bakeries,제과점,성남 분당구,3810000-121-1999-00023,파리바게뜨(아름탑점),제과점영업,1999-06-24,2026-10-06,폐업,2026-10-07 21:46:12,"경기도 성남시 분당구 판교로 435 (야탑동,동양프라자106,107)"
bakeries,제과점,인천 영종(옛 중구),3491000-121-2026-00007,브레드판다,제과점영업,2026-10-08,,영업/정상,2026-10-09 22:46:10,"인천광역시 영종구 구읍로 75, 씨사이드 레일바이크 관리사무실 (중산동)"
bakeries,제과점,인천 영종(옛 중구),3491000-121-2026-00002,던킨 공동조리장,제과점영업,2026-01-30,,영업/정상,2026-09-29 18:46:24,"인천광역시 영종구 공항로 272, 인천공항제1터미널 면세동 2층 (운서동)"
bakeries,제과점,인천 영종(옛 중구),3491000-121-2025-00020,던킨 인천공항 탑승동점,제과점영업,2025-11-25,,영업/정상,2026-09-29 18:46:24,"인천광역시 영종구 공항로 272, 인천공항제1터미널(A/S) 탑승동 3층 (운서동)"
bakeries,제과점,인천 영종(옛 중구),3491000-121-2025-00019,던킨 인천공항 T1점,제과점영업,2025-11-25,,영업/정상,2026-09-29 18:46:24,"인천광역시 영종구 공항로 272, 인천공항제1터미널(A/S) 면세동 3층 (운서동)"
bakeries,제과점,인천 영종(옛 중구),3491000-121-2024-00006,던킨 T2인천공항 센트럴점 창고,제과점영업,2024-04-09,,영업/정상,2026-09-29 18:46:24,"인천광역시 영종구 제2터미널대로 446, 인천국제공항 제2여객터미널 일반동 지하1층 (운서동)"
bakeries,제과점,인천 영종(옛 중구),3491000-121-2024-00005,던킨 T2인천공항 센트럴점,제과점영업,2024-04-09,,영업/정상,2026-09-29 18:46:24,"인천광역시 영종구 제2터미널대로 446, 인천국제공항 제2여객터미널 면세동 3층 (운서동)"
bakeries,제과점,인천 영종(옛 중구),3491000-121-2020-00002,던킨도너츠 T1인천공항키오스크,제과점영업,2020-01-15,,영업/정상,2026-09-29 18:46:24,"인천광역시 영종구 공항로 272, 인천공항제1터미널 출국장 3층 FB6(FB-P5-08)호 (운서동)"
bakeries,제과점,인천 영종(옛 중구),3491000-121-2019-00006,가든카페(Garden cafe),제과점영업,2019-04-18,,영업/정상,2026-09-29 18:46:24,"인천광역시 영종구 영종해안남로321번길 186, 1층 (운서동)"
bakeries,제과점,인천 영종(옛 중구),3491000-121-2017-00016,네스트 델리,제과점영업,2017-10-20,,영업/정상,2026-09-29 18:46:24,"인천광역시 영종구 영종해안남로 19-5, 네스트호텔 2층 (운서동)"
bakeries,제과점,인천 영종(옛 중구),3491000-121-2017-00004,제과주방,제과점영업,2017-02-01,,영업/정상,2026-09-29 18:46:24,"인천광역시 영종구 영종해안남로321번길 186, 지하1층 (운서동, 파라다이스시티)"
bakeries,제과점,제주 서귀포시,6520000-121-2026-00016,60빈스 베이커리,제과점영업,2026-09-23,,영업/정상,2026-09-29 18:31:47,제주특별자치도 서귀포시 태평로120번길 29-2 (호근동)
bakeries,제과점,제주 서귀포시,6520000-121-2026-00015,과일상점,제과점영업,2026-09-18,,영업/정상,2026-09-29 18:31:47,"제주특별자치도 서귀포시 대정읍 에듀시티로240번길 9, 119호"
bakeries,제과점,제주 서귀포시,6520000-121-2026-00014,일두스,제과점영업,2026-08-11,,영업/정상,2026-09-29 18:31:47,"제주특별자치도 서귀포시 표선면 번영로 3510, 1층 102호"
bakeries,제과점,제주 서귀포시,6520000-121-2025-00008,슬로우스타터(SLOW STARTER),제과점영업,2025-04-04,,영업/정상,2026-09-29 18:31:47,"제주특별자치도 서귀포시 안덕면 사계로114번길 53-27, 1층"
bakeries,제과점,제주 서귀포시,6520000-121-2019-00011,몽블랑제서귀포점1층판매대,제과점영업,2019-07-22,2026-09-17,폐업,2026-09-29 18:31:47,"제주특별자치도 서귀포시 중앙로 180, 홈플러스서귀포점 1층 (동홍동)"
bakeries,제과점,제주 서귀포시,6520000-121-2018-00031,해성정육마트베이커리,제과점영업,2018-12-27,2026-09-03,폐업,2026-09-29 18:31:47,제주특별자치도 서귀포시 천제연로 154 (중문동)
