sgg_cd,sigungu,emd,ri,jibun,apt,area_m2,ym,day,price_manwon,dong,floor,build_year,road,cancel_date,deal_type
50130,제주 서귀포시 서홍동,서홍동,,2596,스마트리치,72.9361,202607,22,26800,,6,2018,,,직거래
50130,제주 서귀포시 동홍동,동홍동,,440,휴마루,84.5603,202607,20,35500,,7,2015,,,중개거래
50130,제주 서귀포시 동홍동,동홍동,,1369,동홍동센트레빌,84.9196,202607,24,51500,,6,2021,,,중개거래
50130,제주 서귀포시 서호동,서호동,,1545,HausD블루오션,84.94,202607,30,45500,206동,12,2015,,,중개거래
50130,제주 서귀포시 동홍동,동홍동,,2207,캐슬휘닉스더퍼스트,84.907,202607,31,44000,,7,2023,,,중개거래
50130,제주 서귀포시 서호동,서호동,,1540,제주서귀포혁신도시엘에이치1단지,74.94,202607,29,40000,104,7,2013,,,중개거래
50130,제주 서귀포시 강정동,강정동,,160-1,한빛테크놀즈103동,59.0062,202607,3,12700,,6,2001,,,중개거래
50130,제주 서귀포시 토평동,토평동,,1429-2,토평아이진4차,84.69,202607,25,25500,,3,2017,,,중개거래
50130,제주 서귀포시 서호동,서호동,,1545,HausD블루오션,84.94,202607,22,40500,209동,13,2015,,,중개거래
50130,제주 서귀포시 서홍동,서홍동,,2004-1,서홍반석타운,35.94,202607,23,7000,가,5,2000,,,직거래
50130,제주 서귀포시 안덕면 화순리,안덕면,화순리,1131,화순블루팰리스,73.9403,202607,22,21000,101동,5,2017,,,중개거래
50130,제주 서귀포시 강정동,강정동,,200,제주강정유승한내들퍼스트오션,84.991,202607,7,50000,,2,2017,,,중개거래
50130,제주 서귀포시 중문동,중문동,,1726,e편한세상중문,84.9875,202607,20,43800,103동,4,2021,,,중개거래
50130,제주 서귀포시 동홍동,동홍동,,114-7,대림이편한세상,84.978,202607,13,34000,,5,2001,,,중개거래
50130,제주 서귀포시 강정동,강정동,,195,서귀포강정지구3블럭중흥에스-클래스,84.9297,202607,13,50000,,7,2016,,,중개거래
50130,제주 서귀포시 동홍동,동홍동,,114-7,대림이편한세상,84.978,202607,15,34000,103,5,2001,,,중개거래
50130,제주 서귀포시 강정동,강정동,,193,서귀포강정골드클래스,84.9789,202607,13,44000,,2,2017,,,중개거래
50130,제주 서귀포시 중문동,중문동,,1726,e편한세상중문,84.9875,202607,12,42000,,1,2021,,,중개거래
50130,제주 서귀포시 동홍동,동홍동,,157,동홍동코아루,60.9375,202607,9,28500,102,9,2013,,,중개거래
50130,제주 서귀포시 강정동,강정동,,193,서귀포강정골드클래스,84.9789,202607,7,46500,101동,5,2017,,,중개거래
50130,제주 서귀포시 동홍동,동홍동,,1369,동홍동센트레빌,84.9196,202607,10,46400,102동,5,2021,,,중개거래
50130,제주 서귀포시 서홍동,서홍동,,2596,스마트리치,53.6504,202607,3,16500,,5,2018,,,중개거래
50130,제주 서귀포시 중문동,중문동,,1674-1,남주(나동),42.37,202607,6,4300,,1,1991,,,직거래
50130,제주 서귀포시 중문동,중문동,,1789,중문푸른마을,51.88,202607,6,20500,110,3,2003,,,중개거래
50130,제주 서귀포시 서호동,서호동,,1540,제주서귀포혁신도시엘에이치1단지,84.94,202607,7,36500,106,1,2013,,,중개거래
50130,제주 서귀포시 동홍동,동홍동,,388-1,가나노블휘닉스,83.3861,202607,7,26900,,8,2011,,,중개거래
50130,제주 서귀포시 서홍동,서홍동,,2598,서강파인힐6차,84.045,202607,7,42000,605동,4,2020,,,중개거래
50130,제주 서귀포시 중문동,중문동,,1789,중문푸른마을,51.88,202607,7,20000,101,4,2003,,,중개거래
50130,제주 서귀포시 동홍동,동홍동,,1202-1,동홍동예그린하우스텔4차,39.0761,202607,7,11700,,6,2016,,,직거래
50130,제주 서귀포시 서호동,서호동,,1545,HausD블루오션,84.94,202607,4,42000,209동,9,2015,,,중개거래
50130,제주 서귀포시 동홍동,동홍동,,359-2,해피앙스,84.7459,202607,4,24800,1,6,2012,,,중개거래
50130,제주 서귀포시 동홍동,동홍동,,189-1,세기2(동홍세기2),84.88,202607,4,16000,,5,1992,,,중개거래
50130,제주 서귀포시 동홍동,동홍동,,415-6,그레이스빌,132.34,202607,2,36500,1,8,2007,,,직거래
50130,제주 서귀포시 강정동,강정동,,200,제주강정유승한내들퍼스트오션,84.991,202608,27,50500,,12,2017,,,중개거래
50130,제주 서귀포시 강정동,강정동,,200,제주강정유승한내들퍼스트오션,84.991,202608,31,51800,,5,2017,,,중개거래
50130,제주 서귀포시 서홍동,서홍동,,349-1,형남4차,72.8771,202608,29,30000,,5,2015,,,중개거래
50130,제주 서귀포시 표선면 표선리,표선면,표선리,1536-1,청담휴클래스,84.097,202608,9,31000,,3,2016,,,중개거래
50130,제주 서귀포시 중문동,중문동,,1725,중문남해오네뜨오션힐,84.89,202608,25,30800,,4,2016,,,중개거래
50130,제주 서귀포시 동홍동,동홍동,,2196,동호아트리움,84.9626,202608,17,35000,,4,2019,,,중개거래
50130,제주 서귀포시 서귀동,서귀동,,307-17,태흥엘리시안,82.766,202608,25,25000,,6,2014,,,중개거래
50130,제주 서귀포시 중문동,중문동,,2433-2,중문미듬하나로,46.576,202608,31,8100,,1,2002,,,중개거래
50130,제주 서귀포시 중문동,중문동,,2367-1,삼성홈스테이,17.1446,202608,29,5500,,6,2018,,,중개거래
50130,제주 서귀포시 동홍동,동홍동,,2196,동호아트리움,84.9626,202608,17,35500,102동,6,2019,,,중개거래
50130,제주 서귀포시 서호동,서호동,,1540,제주서귀포혁신도시엘에이치1단지,59.98,202608,28,29500,102,3,2013,,,중개거래
50130,제주 서귀포시 동홍동,동홍동,,1085-1,포스트동홍1차,69.594,202608,26,23800,,7,2019,,,중개거래
50130,제주 서귀포시 동홍동,동홍동,,405-1,제이원파크,61.211,202608,25,21000,,3,2015,,,중개거래
50130,제주 서귀포시 동홍동,동홍동,,355-1,주공4(동홍주공4),39.0,202608,1,13000,406,1,1994,,,중개거래
50130,제주 서귀포시 동홍동,동홍동,,405-1,제이원파크,74.798,202608,22,21500,,2,2015,,,중개거래
50130,제주 서귀포시 동홍동,동홍동,,139-1,세기1(가나동),84.93,202608,11,16000,나,1,1990,,,직거래
50130,제주 서귀포시 남원읍 위미리,남원읍,위미리,3115,금강라이프빌4차,84.8306,202608,19,28880,,5,2017,,,중개거래
50130,제주 서귀포시 서홍동,서홍동,,285-3,서강파인힐5차,84.985,202608,4,36000,101동,2,2016,,,중개거래
50130,제주 서귀포시 서홍동,서홍동,,381-1,서강파인힐2차,84.967,202608,12,31800,102,3,2013,,,중개거래
50130,제주 서귀포시 강정동,강정동,,195,서귀포강정지구3블럭중흥에스-클래스,84.9297,202608,12,56800,,12,2016,,,중개거래
50130,제주 서귀포시 동홍동,동홍동,,147,주공1,39.69,202608,11,12000,105,2,1988,,,중개거래
50130,제주 서귀포시 중문동,중문동,,1726,e편한세상중문,84.9875,202608,8,45000,,2,2021,,,중개거래
50130,제주 서귀포시 서귀동,서귀동,,204-40,올레더화이트,19.3211,202608,7,7500,,9,2016,,,직거래
50130,제주 서귀포시 동홍동,동홍동,,528-1,동홍동파밀리움,63.9524,202608,6,18500,,5,2018,,,직거래
50130,제주 서귀포시 동홍동,동홍동,,137,캐슬휘닉스Ⅱ,84.948,202608,6,31000,,7,2013,,,중개거래
50130,제주 서귀포시 남원읍 위미리,남원읍,위미리,3115,금강라이프빌4차,84.8306,202608,4,27300,,6,2017,,,직거래
50130,제주 서귀포시 서홍동,서홍동,,2598,서강파인힐6차,84.045,202608,3,41000,,2,2020,,,중개거래
50130,제주 서귀포시 강정동,강정동,,200,제주강정유승한내들퍼스트오션,84.991,202608,3,51400,112동,3,2017,,,중개거래
50130,제주 서귀포시 동홍동,동홍동,,1369,동홍동센트레빌,84.9196,202608,3,47000,104동,5,2021,,,중개거래
50130,제주 서귀포시 표선면 표선리,표선면,표선리,507-2,표선해비치오션뷰아파트,79.36,202609,7,30300,,7,2016,,,중개거래
50130,제주 서귀포시 서홍동,서홍동,,285-3,서강파인힐5차,84.985,202609,30,37000,,2,2016,,,중개거래
50130,제주 서귀포시 대정읍 하모리,대정읍,하모리,1221-1,더그라벨아파트,57.13,202609,30,18000,,5,2019,,,중개거래
50130,제주 서귀포시 중문동,중문동,,1675-1,남주(가동),66.81,202609,30,7000,,5,1991,,,직거래
50130,제주 서귀포시 서귀동,서귀동,,289-20,유정빌,33.17,202609,9,8000,,8,2013,,,직거래
50130,제주 서귀포시 서호동,서호동,,1540,제주서귀포혁신도시엘에이치1단지,74.94,202609,3,41500,,11,2013,,,중개거래
50130,제주 서귀포시 서귀동,서귀동,,296-38,삼다2차빌라트,84.53,202609,3,21000,,5,2005,,,중개거래
50130,제주 서귀포시 강정동,강정동,,195,서귀포강정지구3블럭중흥에스-클래스,84.9297,202609,15,51750,,11,2016,,,중개거래
50130,제주 서귀포시 중문동,중문동,,1725,중문남해오네뜨오션힐,84.89,202609,26,33500,,5,2016,,,중개거래
50130,제주 서귀포시 동홍동,동홍동,,114-7,대림이편한세상,84.978,202609,8,39500,,7,2001,,,중개거래
50130,제주 서귀포시 서호동,서호동,,1545,HausD블루오션,84.94,202609,23,43700,,6,2015,,,중개거래
50130,제주 서귀포시 서귀동,서귀동,,325-3,이진아트빌,48.58,202609,12,10600,,3,2014,,,중개거래
50130,제주 서귀포시 중문동,중문동,,1725,중문남해오네뜨오션힐,84.89,202609,16,30000,102동,2,2016,,,직거래
50130,제주 서귀포시 중문동,중문동,,2054-9,일성드림타운,84.3973,202609,16,28000,,7,2013,,,중개거래
50130,제주 서귀포시 강정동,강정동,,195,서귀포강정지구3블럭중흥에스-클래스,84.9297,202609,15,56000,106동,12,2016,,,중개거래
50130,제주 서귀포시 서호동,서호동,,1545,HausD블루오션,84.94,202609,9,44300,,11,2015,,,중개거래
50130,제주 서귀포시 강정동,강정동,,195,서귀포강정지구3블럭중흥에스-클래스,84.9297,202609,9,56500,,4,2016,,,중개거래
50130,제주 서귀포시 동홍동,동홍동,,1557-1,센트럴팰리스,14.74,202609,15,7200,,8,2018,,,중개거래
50130,제주 서귀포시 서호동,서호동,,1540,제주서귀포혁신도시엘에이치1단지,84.94,202609,11,37000,,11,2013,,,중개거래
50130,제주 서귀포시 동홍동,동홍동,,76-1,본헤르동홍형남,84.8644,202609,4,37500,,8,2017,,,중개거래
50130,제주 서귀포시 동홍동,동홍동,,1202-1,동홍동예그린하우스텔4차,30.1331,202609,10,9500,,5,2016,,,직거래
50130,제주 서귀포시 서호동,서호동,,1540,제주서귀포혁신도시엘에이치1단지,84.94,202609,11,37000,,11,2013,,26.09.14,중개거래
50130,제주 서귀포시 서홍동,서홍동,,347-2,형남,84.74,202609,8,30000,,5,2009,,,중개거래
50130,제주 서귀포시 동홍동,동홍동,,139-1,세기1(가나동),81.15,202609,4,14800,,1,1990,,,중개거래
50130,제주 서귀포시 동홍동,동홍동,,355-1,주공4(동홍주공4),50.7,202609,1,13000,408,2,1994,,,중개거래
50130,제주 서귀포시 동홍동,동홍동,,504,한라(101동),84.9,202609,1,16700,,2,1990,,,중개거래
50130,제주 서귀포시 표선면 표선리,표선면,표선리,1534-1,표선2차반석타운,59.53,202609,1,6000,가,5,2001,,,직거래
50130,제주 서귀포시 동홍동,동홍동,,1674,주공5차(동홍5차),49.87,202610,8,17000,,5,1999,,,중개거래
50130,제주 서귀포시 중문동,중문동,,1789,중문푸른마을,59.99,202610,7,24000,,2,2003,,,중개거래
50130,제주 서귀포시 동홍동,동홍동,,539,네스트힐,84.75,202610,6,25800,,5,2013,,,중개거래
50130,제주 서귀포시 강정동,강정동,,195,서귀포강정지구3블럭중흥에스-클래스,84.9297,202610,5,51500,,1,2016,,,중개거래
50130,제주 서귀포시 서홍동,서홍동,,299-1,"태봉그린피아(101,102,103동)",59.4557,202610,1,15800,,4,2002,,,중개거래
28155,인천 영종구(구 중구 영종지역) 운남동,운남동,,1598-1,운서SKVIEWskycityⅡ,78.7739,202607,18,41200,,10,2022,,,중개거래
28155,인천 영종구(구 중구 영종지역) 중산동,중산동,,1889-2,영종국제도시화성파크드림,84.9421,202607,29,48000,891동,9,2019,,,직거래
28155,인천 영종구(구 중구 영종지역) 중산동,중산동,,1871-1,e편한세상영종국제도시센텀베뉴,84.9927,202607,8,54500,,1,2023,,,중개거래
28155,인천 영종구(구 중구 영종지역) 중산동,중산동,,1887-4,e편한세상영종국제도시오션하임,84.9684,202607,28,39000,,2,2018,,,중개거래
28155,인천 영종구(구 중구 영종지역) 중산동,중산동,,1872-1,영종신명스카이뷰주얼리,57.293,202607,29,24900,,13,2013,,,중개거래
28155,인천 영종구(구 중구 영종지역) 운남동,운남동,,1779,영종센트럴푸르지오자이,64.7792,202607,28,34600,,6,2019,,,중개거래
28155,인천 영종구(구 중구 영종지역) 중산동,중산동,,1881-1,하늘도시우미린1단지,48.92,202607,29,24077,,23,2012,,,중개거래
28155,인천 영종구(구 중구 영종지역) 운서동,운서동,,3104-1,운서SKVIEWSkycity,84.963,202607,23,45750,,15,2022,,,중개거래
28155,인천 영종구(구 중구 영종지역) 운남동,운남동,,1680-2,e편한세상영종하늘도시,123.8919,202607,9,58500,,18,2018,,,중개거래
28155,인천 영종구(구 중구 영종지역) 중산동,중산동,,1872-1,영종신명스카이뷰주얼리,56.619,202607,6,25000,743,11,2013,,,중개거래
28155,인천 영종구(구 중구 영종지역) 중산동,중산동,,1872-1,영종신명스카이뷰주얼리,57.016,202607,31,25700,,13,2013,,,중개거래
28155,인천 영종구(구 중구 영종지역) 운서동,운서동,,3104-1,운서SKVIEWSkycity,84.963,202607,24,47000,,8,2022,,,중개거래
28155,인천 영종구(구 중구 영종지역) 중산동,중산동,,1871-1,e편한세상영종국제도시센텀베뉴,84.9819,202607,31,52000,764동,15,2023,,,중개거래
28155,인천 영종구(구 중구 영종지역) 중산동,중산동,,1887-1,영종하늘도시한라비발디,115.4255,202607,25,46000,923,10,2012,,,중개거래
28155,인천 영종구(구 중구 영종지역) 운서동,운서동,,2787-1,금호베스트빌1단지,84.244,202607,29,30000,금호베스트빌1단지103동,5,2002,,,중개거래
28155,인천 영종구(구 중구 영종지역) 운서동,운서동,,3104-1,운서SKVIEWSkycity,84.9701,202607,25,41900,212동,2,2022,,,중개거래
28155,인천 영종구(구 중구 영종지역) 중산동,중산동,,1878-1,인천영종한양수자인,59.1006,202607,29,26700,,1,2012,,,중개거래
28155,인천 영종구(구 중구 영종지역) 중산동,중산동,,1871-3,하늘도시우미린2단지,84.6182,202607,21,34500,758,10,2012,,,중개거래
28155,인천 영종구(구 중구 영종지역) 운서동,운서동,,2748-1,풍림아이원2단지1차,59.9919,202607,23,18300,206,2,2002,,,중개거래
28155,인천 영종구(구 중구 영종지역) 운서동,운서동,,3099-4,운서역반도유보라퍼스티지,84.8964,202607,29,49000,103동,19,2022,,,중개거래
28155,인천 영종구(구 중구 영종지역) 중산동,중산동,,1879-1,영종하늘도시KCC스위첸,84.858,202607,28,42700,,3,2019,,,중개거래
28155,인천 영종구(구 중구 영종지역) 운서동,운서동,,2787-1,금호베스트빌1단지,84.244,202607,15,26500,금호베스트빌1단지105동,2,2002,,,중개거래
28155,인천 영종구(구 중구 영종지역) 중산동,중산동,,1872-1,영종신명스카이뷰주얼리,56.619,202607,28,24400,,6,2013,,,중개거래
28155,인천 영종구(구 중구 영종지역) 중산동,중산동,,1878-1,인천영종한양수자인,59.2156,202607,28,29500,,27,2012,,,중개거래
28155,인천 영종구(구 중구 영종지역) 운남동,운남동,,1598-1,운서SKVIEWskycityⅡ,84.9126,202607,27,45000,235동,12,2022,,,중개거래
28155,인천 영종구(구 중구 영종지역) 중산동,중산동,,1887-2,영종힐스테이트,83.294,202607,28,40500,913,30,2012,,,중개거래
28155,인천 영종구(구 중구 영종지역) 중산동,중산동,,1871-3,하늘도시우미린2단지,84.7834,202607,27,39500,,33,2012,,,중개거래
28155,인천 영종구(구 중구 영종지역) 중산동,중산동,,1889-2,영종국제도시화성파크드림,84.7363,202607,28,46000,,14,2019,,,중개거래
28155,인천 영종구(구 중구 영종지역) 운남동,운남동,,1598-1,운서SKVIEWskycityⅡ,84.7979,202607,27,42000,240동,3,2022,,,중개거래
28155,인천 영종구(구 중구 영종지역) 중산동,중산동,,1878-1,인천영종한양수자인,59.1006,202607,27,28300,787,28,2012,,,중개거래
28155,인천 영종구(구 중구 영종지역) 중산동,중산동,,1872-2,인천영종동보노빌리티,84.873,202607,26,30500,,16,2012,,,중개거래
28155,인천 영종구(구 중구 영종지역) 중산동,중산동,,1889-2,영종국제도시화성파크드림,73.752,202607,6,40500,,32,2019,,,중개거래
28155,인천 영종구(구 중구 영종지역) 중산동,중산동,,1878-1,인천영종한양수자인,59.2185,202607,20,28700,792,28,2012,,,중개거래
28155,인천 영종구(구 중구 영종지역) 중산동,중산동,,1887-2,영종힐스테이트,83.372,202607,25,37500,906,13,2012,,,중개거래
28155,인천 영종구(구 중구 영종지역) 중산동,중산동,,1879-1,영종하늘도시KCC스위첸,73.357,202607,14,41000,,8,2019,,,중개거래
28155,인천 영종구(구 중구 영종지역) 중산동,중산동,,1887-4,e편한세상영종국제도시오션하임,84.9684,202607,25,44000,,25,2018,,,중개거래
28155,인천 영종구(구 중구 영종지역) 운서동,운서동,,2745-2,풍림아이원1단지,120.33,202607,23,30500,101,4,2002,,,중개거래
28155,인천 영종구(구 중구 영종지역) 운남동,운남동,,1779,영종센트럴푸르지오자이,64.643,202607,25,35800,117동,16,2019,,,중개거래
28155,인천 영종구(구 중구 영종지역) 중산동,중산동,,1881-1,하늘도시우미린1단지,59.94,202607,24,28000,830,15,2012,,,중개거래
28155,인천 영종구(구 중구 영종지역) 운서동,운서동,,2709-3,주공스카이빌7단지,59.64,202607,10,20800,704,2,2002,,,중개거래
28155,인천 영종구(구 중구 영종지역) 중산동,중산동,,1872-1,영종신명스카이뷰주얼리,56.619,202607,22,26700,,32,2013,,,중개거래
28155,인천 영종구(구 중구 영종지역) 운남동,운남동,,1598-1,운서SKVIEWskycityⅡ,84.9126,202607,21,43750,235동,10,2022,,,중개거래
28155,인천 영종구(구 중구 영종지역) 운서동,운서동,,2744-1,풍림아이원2단지2차,84.704,202607,21,23000,201,1,2002,,,중개거래
28155,인천 영종구(구 중구 영종지역) 중산동,중산동,,1878-1,인천영종한양수자인,59.1347,202607,17,27850,,21,2012,,,중개거래
28155,인천 영종구(구 중구 영종지역) 운남동,운남동,,1598-1,운서SKVIEWskycityⅡ,78.7739,202607,21,42000,238동,14,2022,,,중개거래
28155,인천 영종구(구 중구 영종지역) 중산동,중산동,,1887-2,영종힐스테이트,83.247,202607,20,35200,904,3,2012,,,중개거래
28155,인천 영종구(구 중구 영종지역) 운남동,운남동,,1598-1,운서SKVIEWskycityⅡ,84.9512,202607,20,42000,,10,2022,,,중개거래
28155,인천 영종구(구 중구 영종지역) 중산동,중산동,,1871-4,영종국제도시동원로얄듀크마리나포레,79.4994,202607,20,39500,711동,14,2022,,,중개거래
28155,인천 영종구(구 중구 영종지역) 중산동,중산동,,1887-2,영종힐스테이트,83.294,202607,20,37500,906,16,2012,,,중개거래
28155,인천 영종구(구 중구 영종지역) 운서동,운서동,,2787-1,금호베스트빌1단지,84.244,202607,10,29300,금호베스트빌1단지102동,7,2002,,,중개거래
28155,인천 영종구(구 중구 영종지역) 중산동,중산동,,1887-1,영종하늘도시한라비발디,101.7629,202607,20,44000,928,9,2012,,,중개거래
28155,인천 영종구(구 중구 영종지역) 중산동,중산동,,1887-2,영종힐스테이트,83.247,202607,4,37000,909,24,2012,,,중개거래
28155,인천 영종구(구 중구 영종지역) 중산동,중산동,,1887-1,영종하늘도시한라비발디,115.4255,202607,15,46500,926,21,2012,,,중개거래
28155,인천 영종구(구 중구 영종지역) 중산동,중산동,,1887-2,영종힐스테이트,83.372,202607,15,39800,,16,2012,,,중개거래
28155,인천 영종구(구 중구 영종지역) 운서동,운서동,,3104-1,운서SKVIEWSkycity,77.0014,202607,20,39500,221동,9,2022,,,중개거래
28155,인천 영종구(구 중구 영종지역) 중산동,중산동,,1872-1,영종신명스카이뷰주얼리,57.016,202607,19,24900,,8,2013,,,중개거래
28155,인천 영종구(구 중구 영종지역) 운남동,운남동,,1710-1,영종오션파크모아엘가그랑데,84.8726,202607,18,48270,617동,18,2026,,,중개거래
28155,인천 영종구(구 중구 영종지역) 운남동,운남동,,1710-2,제일풍경채디오션,84.965,202607,18,47000,106동,11,2025,,,중개거래
28155,인천 영종구(구 중구 영종지역) 중산동,중산동,,1878-1,인천영종한양수자인,59.2156,202607,11,28800,,20,2012,,26.08.08,중개거래
28155,인천 영종구(구 중구 영종지역) 운남동,운남동,,1550,영종자이,138.6111,202607,18,55000,104,21,2009,,,중개거래
28155,인천 영종구(구 중구 영종지역) 운남동,운남동,,1598-1,운서SKVIEWskycityⅡ,78.7739,202607,18,41200,,10,2022,,26.09.08,중개거래
28155,인천 영종구(구 중구 영종지역) 중산동,중산동,,1881-2,스카이시티자이,98.9437,202607,11,56000,107동,10,2018,,,중개거래
28155,인천 영종구(구 중구 영종지역) 중산동,중산동,,1887-4,e편한세상영종국제도시오션하임,84.9777,202607,17,43000,109동,7,2018,,,중개거래
28155,인천 영종구(구 중구 영종지역) 중산동,중산동,,1881-1,하늘도시우미린1단지,59.55,202607,17,25800,823,8,2012,,,중개거래
28155,인천 영종구(구 중구 영종지역) 중산동,중산동,,1878-1,인천영종한양수자인,59.9594,202607,15,30500,,24,2012,,,중개거래
28155,인천 영종구(구 중구 영종지역) 운남동,운남동,,1779,영종센트럴푸르지오자이,84.6348,202607,5,45800,109동,13,2019,,,중개거래
28155,인천 영종구(구 중구 영종지역) 운서동,운서동,,2923,영종어울림1차,126.28,202607,13,34000,102,1,2009,,,중개거래
28155,인천 영종구(구 중구 영종지역) 중산동,중산동,,1887-1,영종하늘도시한라비발디,101.7629,202607,14,41900,,11,2012,,,중개거래
28155,인천 영종구(구 중구 영종지역) 중산동,중산동,,1871-1,e편한세상영종국제도시센텀베뉴,84.9927,202607,8,54500,,1,2023,,26.08.20,중개거래
28155,인천 영종구(구 중구 영종지역) 중산동,중산동,,1871-1,e편한세상영종국제도시센텀베뉴,84.9819,202607,9,44000,765동,3,2023,,,중개거래
28155,인천 영종구(구 중구 영종지역) 중산동,중산동,,1881-2,스카이시티자이,98.9437,202607,13,57200,107동,17,2018,,,중개거래
28155,인천 영종구(구 중구 영종지역) 운남동,운남동,,1550,영종자이,127.7293,202607,11,37700,101,4,2009,,,중개거래
28155,인천 영종구(구 중구 영종지역) 중산동,중산동,,1871-1,e편한세상영종국제도시센텀베뉴,84.9927,202607,11,54500,762동,15,2023,,,중개거래
28155,인천 영종구(구 중구 영종지역) 운남동,운남동,,1598-1,운서SKVIEWskycityⅡ,78.7739,202607,11,43400,238동,20,2022,,,중개거래
28155,인천 영종구(구 중구 영종지역) 중산동,중산동,,1881-1,하늘도시우미린1단지,59.96,202607,11,27000,823,7,2012,,,중개거래
28155,인천 영종구(구 중구 영종지역) 운남동,운남동,,1598-1,운서SKVIEWskycityⅡ,84.9126,202607,10,42000,,4,2022,,,중개거래
28155,인천 영종구(구 중구 영종지역) 운서동,운서동,,2788-6,영종주공스카이빌10단지,51.74,202607,1,20000,1010,1,2001,,,중개거래
28155,인천 영종구(구 중구 영종지역) 운남동,운남동,,1598-1,운서SKVIEWskycityⅡ,78.6671,202607,10,42500,236동,18,2022,,,중개거래
28155,인천 영종구(구 중구 영종지역) 중산동,중산동,,1879-1,영종하늘도시KCC스위첸,84.738,202607,9,40000,107,2,2019,,,중개거래
28155,인천 영종구(구 중구 영종지역) 운남동,운남동,,1598-1,운서SKVIEWskycityⅡ,84.7979,202607,9,44500,,20,2022,,,중개거래
28155,인천 영종구(구 중구 영종지역) 운남동,운남동,,1710-2,제일풍경채디오션,84.965,202607,1,45000,102동,11,2025,,,중개거래
28155,인천 영종구(구 중구 영종지역) 중산동,중산동,,1887-4,e편한세상영종국제도시오션하임,74.983,202607,9,41000,102동,13,2018,,,중개거래
28155,인천 영종구(구 중구 영종지역) 운서동,운서동,,2788-6,영종주공스카이빌10단지,59.64,202607,8,26000,1012,7,2001,,,중개거래
28155,인천 영종구(구 중구 영종지역) 중산동,중산동,,1911-2,영종국제도시한신더휴스카이파크,59.9824,202607,4,30000,101동,26,2019,,,중개거래
28155,인천 영종구(구 중구 영종지역) 중산동,중산동,,1911-2,영종국제도시한신더휴스카이파크,59.9384,202607,7,30500,102동,22,2019,,,중개거래
28155,인천 영종구(구 중구 영종지역) 중산동,중산동,,1879-1,영종하늘도시KCC스위첸,84.738,202607,7,42000,108,3,2019,,,중개거래
28155,인천 영종구(구 중구 영종지역) 중산동,중산동,,1871-4,영종국제도시동원로얄듀크마리나포레,84.9841,202607,7,41500,711동,8,2022,,,중개거래
28155,인천 영종구(구 중구 영종지역) 운남동,운남동,,1766-2,영종국제도시화성파크드림2차,64.3367,202607,6,36700,642동,5,2022,,,중개거래
28155,인천 영종구(구 중구 영종지역) 운서동,운서동,,3099-4,운서역반도유보라퍼스티지,84.8964,202607,5,47800,102동,12,2022,,,중개거래
28155,인천 영종구(구 중구 영종지역) 운서동,운서동,,3104-1,운서SKVIEWSkycity,77.8532,202607,1,40800,214동,8,2022,,,중개거래
28155,인천 영종구(구 중구 영종지역) 중산동,중산동,,1887-4,e편한세상영종국제도시오션하임,84.9684,202607,5,43000,108동,11,2018,,,중개거래
28155,인천 영종구(구 중구 영종지역) 운남동,운남동,,1779,영종센트럴푸르지오자이,84.4253,202607,4,43500,119동,10,2019,,,중개거래
28155,인천 영종구(구 중구 영종지역) 중산동,중산동,,1887-4,e편한세상영종국제도시오션하임,84.9777,202607,4,44000,116동,12,2018,,,중개거래
28155,인천 영종구(구 중구 영종지역) 중산동,중산동,,1888-1,호반써밋스카이센트럴,84.8753,202607,1,45500,966동,14,2022,,,중개거래
28155,인천 영종구(구 중구 영종지역) 운남동,운남동,,1550,영종자이,167.8677,202607,3,45000,111,10,2009,,,중개거래
28155,인천 영종구(구 중구 영종지역) 운서동,운서동,,2788-6,영종주공스카이빌10단지,59.64,202607,2,26500,1008,10,2001,,,중개거래
28155,인천 영종구(구 중구 영종지역) 운서동,운서동,,2744-2,풍림아이원3단지,84.704,202607,2,21400,301,3,2002,,,중개거래
28155,인천 영종구(구 중구 영종지역) 운남동,운남동,,1550,영종자이,127.7293,202607,1,38000,107,3,2009,,,중개거래
28155,인천 영종구(구 중구 영종지역) 운서동,운서동,,2744-2,풍림아이원3단지,84.704,202607,1,22000,303,5,2002,,,중개거래
28155,인천 영종구(구 중구 영종지역) 중산동,중산동,,1889-2,영종국제도시화성파크드림,73.752,202608,31,40500,895동,30,2019,,,중개거래
28155,인천 영종구(구 중구 영종지역) 운서동,운서동,,3104-1,운서SKVIEWSkycity,84.963,202608,15,44500,,20,2022,,,중개거래
28155,인천 영종구(구 중구 영종지역) 중산동,중산동,,1871-3,하늘도시우미린2단지,84.9172,202608,26,35200,,16,2012,,,중개거래
28155,인천 영종구(구 중구 영종지역) 운서동,운서동,,2787-1,금호베스트빌1단지,84.244,202608,31,30000,금호베스트빌1단지104동,7,2002,,,중개거래
28155,인천 영종구(구 중구 영종지역) 운서동,운서동,,2788-2,영종2차금호베스트빌,84.9701,202608,14,29800,202,4,2003,,,중개거래
28155,인천 영종구(구 중구 영종지역) 운서동,운서동,,2709-3,주공스카이빌7단지,51.74,202608,9,20800,,3,2002,,,중개거래
28155,인천 영종구(구 중구 영종지역) 운서동,운서동,,3104-1,운서SKVIEWSkycity,84.9701,202608,29,41000,,5,2022,,,중개거래
28155,인천 영종구(구 중구 영종지역) 운남동,운남동,,1710-2,제일풍경채디오션,84.965,202608,24,49500,,11,2025,,,중개거래
28155,인천 영종구(구 중구 영종지역) 중산동,중산동,,1872-1,영종신명스카이뷰주얼리,56.586,202608,29,25250,,25,2013,,,중개거래
28155,인천 영종구(구 중구 영종지역) 중산동,중산동,,1871-4,영종국제도시동원로얄듀크마리나포레,84.9841,202608,29,45500,,17,2022,,,중개거래
28155,인천 영종구(구 중구 영종지역) 중산동,중산동,,1881-2,스카이시티자이,91.4513,202608,29,49000,105동,21,2018,,,중개거래
28155,인천 영종구(구 중구 영종지역) 중산동,중산동,,1881-2,스카이시티자이,98.9545,202608,29,62000,104동,17,2018,,,중개거래
28155,인천 영종구(구 중구 영종지역) 중산동,중산동,,1872-2,인천영종동보노빌리티,84.74,202608,31,34000,,18,2012,,,중개거래
28155,인천 영종구(구 중구 영종지역) 중산동,중산동,,1881-1,하늘도시우미린1단지,59.96,202608,31,28000,,8,2012,,,중개거래
28155,인천 영종구(구 중구 영종지역) 중산동,중산동,,1887-1,영종하늘도시한라비발디,115.4255,202608,30,49000,,32,2012,,,중개거래
28155,인천 영종구(구 중구 영종지역) 중산동,중산동,,1881-1,하늘도시우미린1단지,59.96,202608,29,30000,,15,2012,,,중개거래
28155,인천 영종구(구 중구 영종지역) 중산동,중산동,,1887-2,영종힐스테이트,83.372,202608,2,40500,,12,2012,,,중개거래
28155,인천 영종구(구 중구 영종지역) 중산동,중산동,,1878-1,인천영종한양수자인,59.2156,202608,29,29000,,21,2012,,,중개거래
28155,인천 영종구(구 중구 영종지역) 중산동,중산동,,1887-2,영종힐스테이트,83.372,202608,8,40000,,17,2012,,,중개거래
28155,인천 영종구(구 중구 영종지역) 중산동,중산동,,1871-1,e편한세상영종국제도시센텀베뉴,98.0214,202608,29,57000,,14,2023,,,중개거래
28155,인천 영종구(구 중구 영종지역) 중산동,중산동,,1889-2,영종국제도시화성파크드림,84.9421,202608,29,42500,,23,2019,,,중개거래
28155,인천 영종구(구 중구 영종지역) 중산동,중산동,,1878-1,인천영종한양수자인,59.2156,202608,29,29300,,31,2012,,,중개거래
28155,인천 영종구(구 중구 영종지역) 운서동,운서동,,2788-2,영종2차금호베스트빌,84.9701,202608,29,31600,,8,2003,,,중개거래
28155,인천 영종구(구 중구 영종지역) 중산동,중산동,,1881-1,하늘도시우미린1단지,59.96,202608,28,28500,,19,2012,,,중개거래
28155,인천 영종구(구 중구 영종지역) 중산동,중산동,,1888-1,호반써밋스카이센트럴,74.715,202608,21,39000,,19,2022,,,중개거래
28155,인천 영종구(구 중구 영종지역) 중산동,중산동,,1871-3,하늘도시우미린2단지,84.7989,202608,27,34600,751,4,2012,,,중개거래
28155,인천 영종구(구 중구 영종지역) 중산동,중산동,,1881-1,하늘도시우미린1단지,59.94,202608,27,28500,,33,2012,,,중개거래
28155,인천 영종구(구 중구 영종지역) 중산동,중산동,,1881-1,하늘도시우미린1단지,59.85,202608,25,29500,821,28,2012,,,직거래
28155,인천 영종구(구 중구 영종지역) 운남동,운남동,,1779,영종센트럴푸르지오자이,74.3416,202608,26,36000,101동,16,2019,,,중개거래
28155,인천 영종구(구 중구 영종지역) 운서동,운서동,,2788-2,영종2차금호베스트빌,84.9701,202608,27,28500,,7,2003,,,중개거래
28155,인천 영종구(구 중구 영종지역) 중산동,중산동,,1911-2,영종국제도시한신더휴스카이파크,59.9026,202608,6,31000,,27,2019,,,중개거래
28155,인천 영종구(구 중구 영종지역) 운서동,운서동,,2748-1,풍림아이원2단지1차,59.9919,202608,26,17100,219,5,2002,,,직거래
28155,인천 영종구(구 중구 영종지역) 운서동,운서동,,2748-1,풍림아이원2단지1차,59.9919,202608,3,19000,215,4,2002,,,중개거래
28155,인천 영종구(구 중구 영종지역) 운서동,운서동,,3099-4,운서역반도유보라퍼스티지,83.9551,202608,17,48500,106동,17,2022,,,중개거래
28155,인천 영종구(구 중구 영종지역) 중산동,중산동,,1887-1,영종하늘도시한라비발디,101.7629,202608,25,43400,,10,2012,,,중개거래
28155,인천 영종구(구 중구 영종지역) 중산동,중산동,,1881-1,하늘도시우미린1단지,59.96,202608,25,27500,,4,2012,,,중개거래
28155,인천 영종구(구 중구 영종지역) 중산동,중산동,,1871-1,e편한세상영종국제도시센텀베뉴,84.9819,202608,15,47000,,7,2023,,,중개거래
28155,인천 영종구(구 중구 영종지역) 중산동,중산동,,1871-1,e편한세상영종국제도시센텀베뉴,84.9927,202608,24,53000,,16,2023,,,중개거래
28155,인천 영종구(구 중구 영종지역) 중산동,중산동,,1872-2,인천영종동보노빌리티,84.672,202608,23,34000,738,12,2012,,,중개거래
28155,인천 영종구(구 중구 영종지역) 운서동,운서동,,2788-2,영종2차금호베스트빌,84.9701,202608,24,28900,,7,2003,,,중개거래
28155,인천 영종구(구 중구 영종지역) 중산동,중산동,,1887-2,영종힐스테이트,83.294,202608,24,35000,,6,2012,,26.09.21,중개거래
28155,인천 영종구(구 중구 영종지역) 운남동,운남동,,1779,영종센트럴푸르지오자이,64.643,202608,23,35500,,8,2019,,,중개거래
28155,인천 영종구(구 중구 영종지역) 운남동,운남동,,1766-2,영종국제도시화성파크드림2차,73.6293,202608,23,37500,,1,2022,,,중개거래
28155,인천 영종구(구 중구 영종지역) 중산동,중산동,,1888-1,호반써밋스카이센트럴,84.9786,202608,22,47000,,24,2022,,,중개거래
28155,인천 영종구(구 중구 영종지역) 중산동,중산동,,1881-1,하늘도시우미린1단지,59.96,202608,22,29800,,17,2012,,,중개거래
28155,인천 영종구(구 중구 영종지역) 중산동,중산동,,1911-2,영종국제도시한신더휴스카이파크,59.9824,202608,20,30600,,27,2019,,,중개거래
28155,인천 영종구(구 중구 영종지역) 중산동,중산동,,1871-3,하늘도시우미린2단지,84.6182,202608,22,37000,,1,2012,,,중개거래
28155,인천 영종구(구 중구 영종지역) 중산동,중산동,,1879-1,영종하늘도시KCC스위첸,84.738,202608,14,45500,,15,2019,,,중개거래
28155,인천 영종구(구 중구 영종지역) 중산동,중산동,,1887-2,영종힐스테이트,83.372,202608,11,37000,,31,2012,,,중개거래
28155,인천 영종구(구 중구 영종지역) 운서동,운서동,,2708-1,풍림아이원6-1단지,59.9928,202608,20,25900,,9,2003,,,중개거래
28155,인천 영종구(구 중구 영종지역) 중산동,중산동,,1881-2,스카이시티자이,91.4513,202608,20,51000,,28,2018,,,중개거래
28155,인천 영종구(구 중구 영종지역) 중산동,중산동,,1871-3,하늘도시우미린2단지,84.7834,202608,11,34000,,9,2012,,,중개거래
28155,인천 영종구(구 중구 영종지역) 중산동,중산동,,1881-1,하늘도시우미린1단지,59.96,202608,19,28000,,6,2012,,,중개거래
28155,인천 영종구(구 중구 영종지역) 중산동,중산동,,1872-2,인천영종동보노빌리티,84.74,202608,18,32200,,5,2012,,,중개거래
28155,인천 영종구(구 중구 영종지역) 중산동,중산동,,1871-3,하늘도시우미린2단지,84.7834,202608,18,34700,,17,2012,,,중개거래
28155,인천 영종구(구 중구 영종지역) 중산동,중산동,,1878-1,인천영종한양수자인,59.127,202608,18,28000,787,10,2012,,,중개거래
28155,인천 영종구(구 중구 영종지역) 중산동,중산동,,1871-3,하늘도시우미린2단지,84.7989,202608,18,37900,,30,2012,,,중개거래
28155,인천 영종구(구 중구 영종지역) 운남동,운남동,,1779,영종센트럴푸르지오자이,64.7792,202608,15,33900,,3,2019,,,중개거래
28155,인천 영종구(구 중구 영종지역) 중산동,중산동,,1881-2,스카이시티자이,112.9783,202608,15,61000,107동,3,2018,,,중개거래
28155,인천 영종구(구 중구 영종지역) 운서동,운서동,,2708-8,풍림아이원6-2단지,59.9919,202608,13,17100,623,4,2002,,,중개거래
28155,인천 영종구(구 중구 영종지역) 운남동,운남동,,1779,영종센트럴푸르지오자이,64.643,202608,10,37000,,20,2019,,,중개거래
28155,인천 영종구(구 중구 영종지역) 운남동,운남동,,1550,영종자이,84.698,202608,17,32000,,9,2009,,,중개거래
28155,인천 영종구(구 중구 영종지역) 중산동,중산동,,1871-1,e편한세상영종국제도시센텀베뉴,98.0214,202608,8,54500,,5,2023,,,중개거래
28155,인천 영종구(구 중구 영종지역) 중산동,중산동,,1872-2,인천영종동보노빌리티,84.74,202608,8,35000,,11,2012,,,중개거래
28155,인천 영종구(구 중구 영종지역) 운서동,운서동,,3104-1,운서SKVIEWSkycity,77.8532,202608,14,40700,,5,2022,,,중개거래
28155,인천 영종구(구 중구 영종지역) 중산동,중산동,,1872-1,영종신명스카이뷰주얼리,56.619,202608,11,24000,743,11,2013,,,중개거래
28155,인천 영종구(구 중구 영종지역) 운남동,운남동,,1779,영종센트럴푸르지오자이,64.643,202608,3,36000,,14,2019,,,중개거래
28155,인천 영종구(구 중구 영종지역) 중산동,중산동,,1887-2,영종힐스테이트,83.372,202608,11,37000,,31,2012,,26.08.20,중개거래
28155,인천 영종구(구 중구 영종지역) 중산동,중산동,,1887-2,영종힐스테이트,83.294,202608,10,38000,,21,2012,,,중개거래
28155,인천 영종구(구 중구 영종지역) 중산동,중산동,,1872-2,인천영종동보노빌리티,84.837,202608,10,33150,,13,2012,,,중개거래
28155,인천 영종구(구 중구 영종지역) 운서동,운서동,,2788-2,영종2차금호베스트빌,84.9701,202608,10,30500,211,3,2003,,,중개거래
28155,인천 영종구(구 중구 영종지역) 중산동,중산동,,1878-1,인천영종한양수자인,59.2156,202608,8,28800,,20,2012,,,중개거래
28155,인천 영종구(구 중구 영종지역) 중산동,중산동,,1887-4,e편한세상영종국제도시오션하임,84.9515,202608,8,39800,,3,2018,,,중개거래
28155,인천 영종구(구 중구 영종지역) 운남동,운남동,,1779,영종센트럴푸르지오자이,64.643,202608,8,36500,106동,20,2019,,,중개거래
28155,인천 영종구(구 중구 영종지역) 중산동,중산동,,1878-1,인천영종한양수자인,59.2185,202608,7,28500,,25,2012,,,중개거래
28155,인천 영종구(구 중구 영종지역) 운서동,운서동,,2748-1,풍림아이원2단지1차,59.9919,202608,7,17000,213,4,2002,,,중개거래
28155,인천 영종구(구 중구 영종지역) 중산동,중산동,,1879-1,영종하늘도시KCC스위첸,60.541,202608,7,36000,111,6,2019,,,중개거래
28155,인천 영종구(구 중구 영종지역) 중산동,중산동,,1888-1,호반써밋스카이센트럴,74.715,202608,6,41000,961동,13,2022,,,중개거래
28155,인천 영종구(구 중구 영종지역) 중산동,중산동,,1879-1,영종하늘도시KCC스위첸,84.858,202608,6,43300,,1,2019,,,중개거래
28155,인천 영종구(구 중구 영종지역) 중산동,중산동,,1887-2,영종힐스테이트,83.294,202608,6,37000,905,28,2012,,,중개거래
28155,인천 영종구(구 중구 영종지역) 중산동,중산동,,1871-4,영종국제도시동원로얄듀크마리나포레,84.9841,202608,4,40000,,11,2022,,,중개거래
28155,인천 영종구(구 중구 영종지역) 운서동,운서동,,2708-8,풍림아이원6-2단지,59.9919,202608,2,18900,624,3,2002,,,중개거래
28155,인천 영종구(구 중구 영종지역) 운남동,운남동,,1779,영종센트럴푸르지오자이,64.643,202608,3,36000,,14,2019,,26.08.11,중개거래
28155,인천 영종구(구 중구 영종지역) 운서동,운서동,,2788-2,영종2차금호베스트빌,84.9701,202608,3,29000,204,1,2003,,,중개거래
28155,인천 영종구(구 중구 영종지역) 중산동,중산동,,1872-1,영종신명스카이뷰주얼리,56.619,202608,3,27700,,34,2013,,,중개거래
28155,인천 영종구(구 중구 영종지역) 운남동,운남동,,1766-2,영종국제도시화성파크드림2차,64.3367,202608,3,36000,645동,16,2022,,,중개거래
28155,인천 영종구(구 중구 영종지역) 중산동,중산동,,1871-1,e편한세상영종국제도시센텀베뉴,98.0214,202608,1,54000,774동,4,2023,,,중개거래
28155,인천 영종구(구 중구 영종지역) 운서동,운서동,,3104-1,운서SKVIEWSkycity,84.963,202608,1,47700,,14,2022,,,중개거래
28155,인천 영종구(구 중구 영종지역) 중산동,중산동,,1871-1,e편한세상영종국제도시센텀베뉴,98.0214,202609,15,55000,,16,2023,,,중개거래
28155,인천 영종구(구 중구 영종지역) 중산동,중산동,,1911-2,영종국제도시한신더휴스카이파크,59.9824,202609,7,29000,,3,2019,,,중개거래
28155,인천 영종구(구 중구 영종지역) 운서동,운서동,,2708-8,풍림아이원6-2단지,59.9919,202609,11,16800,,5,2002,,,중개거래
28155,인천 영종구(구 중구 영종지역) 중산동,중산동,,1881-1,하늘도시우미린1단지,59.85,202609,23,28700,,31,2012,,,중개거래
28155,인천 영종구(구 중구 영종지역) 운남동,운남동,,1681-2,호반써밋스카이센트럴2차,84.8264,202609,26,46500,,4,2024,,,중개거래
28155,인천 영종구(구 중구 영종지역) 중산동,중산동,,1871-1,e편한세상영종국제도시센텀베뉴,98.0214,202609,30,56500,,21,2023,,,중개거래
28155,인천 영종구(구 중구 영종지역) 운서동,운서동,,2708-8,풍림아이원6-2단지,59.9919,202609,23,20000,,2,2002,,,중개거래
28155,인천 영종구(구 중구 영종지역) 운서동,운서동,,2748-1,풍림아이원2단지1차,59.9919,202609,6,21000,,2,2002,,,중개거래
28155,인천 영종구(구 중구 영종지역) 중산동,중산동,,1889-2,영종국제도시화성파크드림,84.7363,202609,29,45000,,26,2019,,,중개거래
28155,인천 영종구(구 중구 영종지역) 중산동,중산동,,1887-2,영종힐스테이트,83.372,202609,29,39500,,19,2012,,,중개거래
28155,인천 영종구(구 중구 영종지역) 중산동,중산동,,1881-1,하늘도시우미린1단지,59.94,202609,28,28000,,5,2012,,,중개거래
28155,인천 영종구(구 중구 영종지역) 중산동,중산동,,1879-1,영종하늘도시KCC스위첸,84.966,202609,29,45500,,21,2019,,,중개거래
28155,인천 영종구(구 중구 영종지역) 중산동,중산동,,1887-2,영종힐스테이트,83.372,202609,21,36900,,10,2012,,,중개거래
28155,인천 영종구(구 중구 영종지역) 중산동,중산동,,1872-2,인천영종동보노빌리티,84.837,202609,28,32000,,24,2012,,,중개거래
28155,인천 영종구(구 중구 영종지역) 중산동,중산동,,1871-1,e편한세상영종국제도시센텀베뉴,98.0214,202609,28,56000,,20,2023,,,중개거래
28155,인천 영종구(구 중구 영종지역) 중산동,중산동,,1889-2,영종국제도시화성파크드림,84.7363,202609,28,44000,,3,2019,,,중개거래
28155,인천 영종구(구 중구 영종지역) 중산동,중산동,,1881-1,하늘도시우미린1단지,59.94,202609,10,29000,,24,2012,,,중개거래
28155,인천 영종구(구 중구 영종지역) 운남동,운남동,,1550,영종자이,167.8677,202609,2,52000,,12,2009,,,중개거래
28155,인천 영종구(구 중구 영종지역) 중산동,중산동,,1887-4,e편한세상영종국제도시오션하임,84.9777,202609,27,40000,,3,2018,,,중개거래
28155,인천 영종구(구 중구 영종지역) 운남동,운남동,,1779,영종센트럴푸르지오자이,84.7955,202609,27,42000,,16,2019,,,중개거래
28155,인천 영종구(구 중구 영종지역) 중산동,중산동,,1871-1,e편한세상영종국제도시센텀베뉴,98.0425,202609,23,57000,,15,2023,,,중개거래
28155,인천 영종구(구 중구 영종지역) 중산동,중산동,,1887-1,영종하늘도시한라비발디,101.9128,202609,23,40000,,29,2012,,,중개거래
28155,인천 영종구(구 중구 영종지역) 운서동,운서동,,2787-1,금호베스트빌1단지,84.244,202609,23,31500,,3,2002,,,중개거래
28155,인천 영종구(구 중구 영종지역) 운남동,운남동,,1766-2,영종국제도시화성파크드림2차,73.6293,202609,19,38000,,6,2022,,,중개거래
28155,인천 영종구(구 중구 영종지역) 운남동,운남동,,1766-2,영종국제도시화성파크드림2차,64.3367,202609,22,36800,,10,2022,,,중개거래
28155,인천 영종구(구 중구 영종지역) 운남동,운남동,,1598-1,운서SKVIEWskycityⅡ,84.9126,202609,22,41500,,9,2022,,,중개거래
28155,인천 영종구(구 중구 영종지역) 운서동,운서동,,3104-1,운서SKVIEWSkycity,84.963,202609,22,44000,,4,2022,,,중개거래
28155,인천 영종구(구 중구 영종지역) 중산동,중산동,,1881-1,하늘도시우미린1단지,59.96,202609,22,25700,,2,2012,,,중개거래
28155,인천 영종구(구 중구 영종지역) 중산동,중산동,,1872-1,영종신명스카이뷰주얼리,56.619,202609,15,25000,,14,2013,,,중개거래
28155,인천 영종구(구 중구 영종지역) 운서동,운서동,,2708-8,풍림아이원6-2단지,59.9919,202609,21,17300,,3,2002,,,중개거래
28155,인천 영종구(구 중구 영종지역) 중산동,중산동,,1889-2,영종국제도시화성파크드림,84.7363,202609,5,44800,,18,2019,,,중개거래
28155,인천 영종구(구 중구 영종지역) 중산동,중산동,,1878-1,인천영종한양수자인,59.127,202609,22,28000,,9,2012,,,중개거래
28155,인천 영종구(구 중구 영종지역) 중산동,중산동,,1887-2,영종힐스테이트,83.294,202609,21,38000,,29,2012,,,중개거래
28155,인천 영종구(구 중구 영종지역) 중산동,중산동,,1872-1,영종신명스카이뷰주얼리,57.016,202609,21,26800,,20,2013,,,중개거래
28155,인천 영종구(구 중구 영종지역) 운서동,운서동,,3104-1,운서SKVIEWSkycity,77.8532,202609,14,41000,,9,2022,,,중개거래
28155,인천 영종구(구 중구 영종지역) 중산동,중산동,,1881-1,하늘도시우미린1단지,59.94,202609,21,26500,,1,2012,,,중개거래
28155,인천 영종구(구 중구 영종지역) 중산동,중산동,,1887-2,영종힐스테이트,83.294,202609,12,39000,,11,2012,,,중개거래
28155,인천 영종구(구 중구 영종지역) 중산동,중산동,,1871-1,e편한세상영종국제도시센텀베뉴,84.9927,202609,19,51000,,10,2023,,,중개거래
28155,인천 영종구(구 중구 영종지역) 운서동,운서동,,3104-1,운서SKVIEWSkycity,84.963,202609,3,42000,,2,2022,,,중개거래
28155,인천 영종구(구 중구 영종지역) 중산동,중산동,,1871-1,e편한세상영종국제도시센텀베뉴,98.0214,202609,17,52000,,2,2023,,,중개거래
28155,인천 영종구(구 중구 영종지역) 중산동,중산동,,1887-2,영종힐스테이트,83.372,202609,19,35500,,6,2012,,,중개거래
28155,인천 영종구(구 중구 영종지역) 중산동,중산동,,1889-2,영종국제도시화성파크드림,84.9421,202609,19,43000,891동,15,2019,,,중개거래
28155,인천 영종구(구 중구 영종지역) 중산동,중산동,,1911-2,영종국제도시한신더휴스카이파크,59.9026,202609,18,30300,,23,2019,,,중개거래
28155,인천 영종구(구 중구 영종지역) 중산동,중산동,,1879-1,영종하늘도시KCC스위첸,84.738,202609,10,42700,,3,2019,,,중개거래
28155,인천 영종구(구 중구 영종지역) 중산동,중산동,,1888-1,호반써밋스카이센트럴,74.715,202609,16,39500,,9,2022,,,중개거래
28155,인천 영종구(구 중구 영종지역) 중산동,중산동,,1872-1,영종신명스카이뷰주얼리,57.016,202609,7,26800,,21,2013,,,중개거래
28155,인천 영종구(구 중구 영종지역) 중산동,중산동,,1878-1,인천영종한양수자인,59.9594,202609,16,29500,,6,2012,,,중개거래
28155,인천 영종구(구 중구 영종지역) 운서동,운서동,,2788-2,영종2차금호베스트빌,84.9701,202609,15,29200,,3,2003,,,중개거래
28155,인천 영종구(구 중구 영종지역) 운서동,운서동,,2788-2,영종2차금호베스트빌,84.9701,202609,5,31000,,5,2003,,,중개거래
28155,인천 영종구(구 중구 영종지역) 중산동,중산동,,1871-1,e편한세상영종국제도시센텀베뉴,98.0214,202609,15,55000,,16,2023,,26.10.02,중개거래
28155,인천 영종구(구 중구 영종지역) 운서동,운서동,,3104-1,운서SKVIEWSkycity,77.8532,202609,15,41500,,10,2022,,,중개거래
28155,인천 영종구(구 중구 영종지역) 중산동,중산동,,1871-3,하늘도시우미린2단지,84.6182,202609,14,36000,,29,2012,,,중개거래
28155,인천 영종구(구 중구 영종지역) 중산동,중산동,,1881-1,하늘도시우미린1단지,59.55,202609,13,26000,828,11,2012,,,중개거래
28155,인천 영종구(구 중구 영종지역) 중산동,중산동,,1889-2,영종국제도시화성파크드림,84.7363,202609,5,44800,,18,2019,,26.09.16,중개거래
28155,인천 영종구(구 중구 영종지역) 운서동,운서동,,3104-1,운서SKVIEWSkycity,84.963,202609,5,47500,,20,2022,,,중개거래
28155,인천 영종구(구 중구 영종지역) 중산동,중산동,,1872-1,영종신명스카이뷰주얼리,57.016,202609,8,25000,,3,2013,,,중개거래
28155,인천 영종구(구 중구 영종지역) 운서동,운서동,,2748-1,풍림아이원2단지1차,59.9919,202609,14,20650,,3,2002,,,중개거래
28155,인천 영종구(구 중구 영종지역) 중산동,중산동,,1871-1,e편한세상영종국제도시센텀베뉴,84.9819,202609,14,47300,,7,2023,,,중개거래
28155,인천 영종구(구 중구 영종지역) 운남동,운남동,,1680-2,e편한세상영종하늘도시,84.3203,202609,14,45000,,11,2018,,,중개거래
28155,인천 영종구(구 중구 영종지역) 중산동,중산동,,1887-2,영종힐스테이트,83.294,202609,12,38800,,36,2012,,,중개거래
28155,인천 영종구(구 중구 영종지역) 중산동,중산동,,1872-1,영종신명스카이뷰주얼리,57.016,202609,12,25000,,9,2013,,,중개거래
28155,인천 영종구(구 중구 영종지역) 운남동,운남동,,1550,영종자이,127.7293,202609,12,38000,,15,2009,,,중개거래
28155,인천 영종구(구 중구 영종지역) 중산동,중산동,,1881-1,하늘도시우미린1단지,59.96,202609,12,25500,825,7,2012,,,중개거래
28155,인천 영종구(구 중구 영종지역) 운서동,운서동,,2788-2,영종2차금호베스트빌,84.9701,202609,7,31500,,8,2003,,,중개거래
28155,인천 영종구(구 중구 영종지역) 중산동,중산동,,1887-4,e편한세상영종국제도시오션하임,74.983,202609,10,39800,,24,2018,,,중개거래
28155,인천 영종구(구 중구 영종지역) 운서동,운서동,,2748-1,풍림아이원2단지1차,59.9919,202609,7,18300,,1,2002,,,중개거래
28155,인천 영종구(구 중구 영종지역) 중산동,중산동,,1911-2,영종국제도시한신더휴스카이파크,59.9384,202609,3,30000,,20,2019,,,중개거래
28155,인천 영종구(구 중구 영종지역) 운서동,운서동,,2748-1,풍림아이원2단지1차,59.9919,202609,10,21500,,2,2002,,,중개거래
28155,인천 영종구(구 중구 영종지역) 중산동,중산동,,1878-1,인천영종한양수자인,59.7782,202609,8,29500,,22,2012,,,중개거래
28155,인천 영종구(구 중구 영종지역) 중산동,중산동,,1881-2,스카이시티자이,91.4513,202609,5,50400,,11,2018,,,직거래
28155,인천 영종구(구 중구 영종지역) 중산동,중산동,,1871-3,하늘도시우미린2단지,84.6182,202609,10,33500,,6,2012,,,중개거래
28155,인천 영종구(구 중구 영종지역) 운서동,운서동,,2709-3,주공스카이빌7단지,51.74,202609,9,20850,,8,2002,,,중개거래
28155,인천 영종구(구 중구 영종지역) 중산동,중산동,,1888-1,호반써밋스카이센트럴,84.8753,202609,9,46000,,18,2022,,,중개거래
28155,인천 영종구(구 중구 영종지역) 운서동,운서동,,2788-6,영종주공스카이빌10단지,59.64,202609,9,27200,,9,2001,,,중개거래
28155,인천 영종구(구 중구 영종지역) 중산동,중산동,,1888-1,호반써밋스카이센트럴,74.715,202609,9,41400,,21,2022,,,중개거래
28155,인천 영종구(구 중구 영종지역) 중산동,중산동,,1887-2,영종힐스테이트,83.247,202609,9,36500,,18,2012,,,중개거래
28155,인천 영종구(구 중구 영종지역) 중산동,중산동,,1871-1,e편한세상영종국제도시센텀베뉴,98.0214,202609,8,54000,,4,2023,,,중개거래
28155,인천 영종구(구 중구 영종지역) 중산동,중산동,,1887-1,영종하늘도시한라비발디,115.4255,202609,8,45500,,30,2012,,,중개거래
28155,인천 영종구(구 중구 영종지역) 운서동,운서동,,2708-8,풍림아이원6-2단지,59.9919,202609,5,17000,626,2,2002,,,중개거래
28155,인천 영종구(구 중구 영종지역) 운서동,운서동,,2788-2,영종2차금호베스트빌,84.9701,202609,7,31000,,1,2003,,,중개거래
28155,인천 영종구(구 중구 영종지역) 중산동,중산동,,1872-1,영종신명스카이뷰주얼리,57.016,202609,7,25800,744,26,2013,,,중개거래
28155,인천 영종구(구 중구 영종지역) 중산동,중산동,,1911-2,영종국제도시한신더휴스카이파크,59.9026,202609,7,30000,,16,2019,,,중개거래
28155,인천 영종구(구 중구 영종지역) 중산동,중산동,,1871-1,e편한세상영종국제도시센텀베뉴,84.9819,202609,5,47000,,13,2023,,,중개거래
28155,인천 영종구(구 중구 영종지역) 운서동,운서동,,3104-1,운서SKVIEWSkycity,84.963,202609,5,43850,,5,2022,,,중개거래
28155,인천 영종구(구 중구 영종지역) 중산동,중산동,,1887-4,e편한세상영종국제도시오션하임,84.9777,202609,5,45000,,22,2018,,,중개거래
28155,인천 영종구(구 중구 영종지역) 중산동,중산동,,1887-4,e편한세상영종국제도시오션하임,74.9684,202609,5,39000,,6,2018,,,중개거래
28155,인천 영종구(구 중구 영종지역) 중산동,중산동,,1889-2,영종국제도시화성파크드림,84.7363,202609,4,45000,,14,2019,,,중개거래
28155,인천 영종구(구 중구 영종지역) 운남동,운남동,,1598-1,운서SKVIEWskycityⅡ,84.9126,202609,5,39000,,2,2022,,,중개거래
28155,인천 영종구(구 중구 영종지역) 중산동,중산동,,1887-4,e편한세상영종국제도시오션하임,74.983,202609,3,40700,,24,2018,,,중개거래
28155,인천 영종구(구 중구 영종지역) 중산동,중산동,,1871-4,영종국제도시동원로얄듀크마리나포레,79.2348,202609,3,41300,716동,7,2022,,,직거래
28155,인천 영종구(구 중구 영종지역) 중산동,중산동,,1911-2,영종국제도시한신더휴스카이파크,59.9824,202609,2,29800,,8,2019,,,중개거래
28155,인천 영종구(구 중구 영종지역) 중산동,중산동,,1872-1,영종신명스카이뷰주얼리,56.619,202609,1,25800,,5,2013,,,중개거래
28155,인천 영종구(구 중구 영종지역) 운남동,운남동,,1766-2,영종국제도시화성파크드림2차,64.3367,202609,1,35500,,18,2022,,,중개거래
28155,인천 영종구(구 중구 영종지역) 중산동,중산동,,1878-1,인천영종한양수자인,59.1006,202609,1,26900,,13,2012,,,중개거래
28155,인천 영종구(구 중구 영종지역) 중산동,중산동,,1881-1,하늘도시우미린1단지,59.85,202609,1,26000,,5,2012,,,중개거래
28155,인천 영종구(구 중구 영종지역) 중산동,중산동,,1871-3,하늘도시우미린2단지,84.7834,202609,1,36500,,14,2012,,,중개거래
28155,인천 영종구(구 중구 영종지역) 중산동,중산동,,1872-2,인천영종동보노빌리티,84.96,202609,1,38100,,28,2012,,,중개거래
28155,인천 영종구(구 중구 영종지역) 중산동,중산동,,1878-1,인천영종한양수자인,59.127,202610,7,28500,,11,2012,,,중개거래
28155,인천 영종구(구 중구 영종지역) 중산동,중산동,,1871-1,e편한세상영종국제도시센텀베뉴,84.9927,202610,8,52000,,7,2023,,,중개거래
28155,인천 영종구(구 중구 영종지역) 운남동,운남동,,1779,영종센트럴푸르지오자이,84.4253,202610,6,41000,,22,2019,,,중개거래
28155,인천 영종구(구 중구 영종지역) 중산동,중산동,,1871-1,e편한세상영종국제도시센텀베뉴,98.0425,202610,1,56300,,6,2023,,,중개거래
28155,인천 영종구(구 중구 영종지역) 중산동,중산동,,1872-1,영종신명스카이뷰주얼리,57.016,202610,7,25000,,30,2013,,,직거래
28155,인천 영종구(구 중구 영종지역) 중산동,중산동,,1911-2,영종국제도시한신더휴스카이파크,59.9384,202610,6,30000,,24,2019,,,중개거래
28155,인천 영종구(구 중구 영종지역) 중산동,중산동,,1878-1,인천영종한양수자인,59.2156,202610,3,28500,,10,2012,,,중개거래
28155,인천 영종구(구 중구 영종지역) 운남동,운남동,,1766-2,영종국제도시화성파크드림2차,64.3367,202610,5,36700,,17,2022,,,중개거래
28155,인천 영종구(구 중구 영종지역) 중산동,중산동,,1872-2,인천영종동보노빌리티,84.96,202610,3,37500,,4,2012,,,중개거래
28155,인천 영종구(구 중구 영종지역) 중산동,중산동,,1881-1,하늘도시우미린1단지,59.96,202610,3,26800,,4,2012,,,중개거래
28155,인천 영종구(구 중구 영종지역) 중산동,중산동,,1879-1,영종하늘도시KCC스위첸,73.357,202610,3,39000,,6,2019,,,중개거래
28155,인천 영종구(구 중구 영종지역) 중산동,중산동,,1871-4,영종국제도시동원로얄듀크마리나포레,79.4994,202610,3,38350,,14,2022,,,중개거래
28155,인천 영종구(구 중구 영종지역) 중산동,중산동,,1871-1,e편한세상영종국제도시센텀베뉴,84.9927,202610,3,53500,,24,2023,,,중개거래
28155,인천 영종구(구 중구 영종지역) 중산동,중산동,,1881-1,하늘도시우미린1단지,59.96,202610,3,27500,,4,2012,,,중개거래
28155,인천 영종구(구 중구 영종지역) 중산동,중산동,,1871-4,영종국제도시동원로얄듀크마리나포레,79.2348,202610,2,39000,,3,2022,,,중개거래
28155,인천 영종구(구 중구 영종지역) 중산동,중산동,,1871-1,e편한세상영종국제도시센텀베뉴,98.0214,202610,3,53000,,14,2023,,,중개거래
28155,인천 영종구(구 중구 영종지역) 중산동,중산동,,1887-2,영종힐스테이트,83.372,202610,2,36500,,6,2012,,,중개거래
28155,인천 영종구(구 중구 영종지역) 중산동,중산동,,1878-1,인천영종한양수자인,59.1006,202610,1,27000,,16,2012,,,중개거래
28155,인천 영종구(구 중구 영종지역) 중산동,중산동,,1887-1,영종하늘도시한라비발디,101.9128,202610,1,42000,,31,2012,,,중개거래
41135,성남 분당구 구미동,구미동,,201,무지개(3단지)(건영),53.83,202607,13,97000,309,3,1996,,,중개거래
41135,성남 분당구 금곡동,금곡동,,181,청솔마을(한라),69.12,202607,31,154000,303,1,1995,,,중개거래
41135,성남 분당구 서현동,서현동,,91,시범한양,28.71,202607,28,99000,332,5,1991,,,중개거래
41135,성남 분당구 이매동,이매동,,140,아름마을(풍림),134.22,202607,31,234000,,9,1993,,,중개거래
41135,성남 분당구 야탑동,야탑동,,525,탑마을(경남)1,59.91,202607,29,140000,,12,1994,,,중개거래
41135,성남 분당구 야탑동,야탑동,,205,매화마을(주공3),38.34,202607,22,80000,,3,1993,,,중개거래
41135,성남 분당구 정자동,정자동,,11,현대I-PARK3,153.39,202607,14,237000,,24,2003,,,중개거래
41135,성남 분당구 정자동,정자동,,6,파크뷰,182.232,202607,25,382000,610,11,2004,,,중개거래
41135,성남 분당구 야탑동,야탑동,,205,매화마을(주공3),41.85,202607,20,89200,306,7,1993,,,중개거래
41135,성남 분당구 판교동,판교동,,634,판교원마을5단지(푸르지오),101.06,202607,10,209300,,30,2009,,,중개거래
41135,성남 분당구 금곡동,금곡동,,133,청솔마을(주공9단지),42.84,202607,31,123000,,16,1995,,,중개거래
41135,성남 분당구 구미동,구미동,,221,무지개(5단지)(청구),85.0,202607,14,149000,,13,1995,,,중개거래
41135,성남 분당구 야탑동,야탑동,,334,장미마을(현대),41.76,202607,17,98000,,6,1993,,,중개거래
41135,성남 분당구 구미동,구미동,,221,무지개(5단지)(청구),58.49,202607,29,124000,,6,1995,,,중개거래
41135,성남 분당구 분당동,분당동,,66,장안타운(건영),131.76,202607,15,149000,114,1,1993,,,중개거래
41135,성남 분당구 분당동,분당동,,66,장안타운(건영),67.73,202607,25,126000,,11,1993,,,중개거래
41135,성남 분당구 서현동,서현동,,87,시범한신,133.295,202607,29,276000,,13,1991,,,중개거래
41135,성남 분당구 서현동,서현동,,91,시범한양,28.71,202607,28,99000,,5,1991,,26.09.16,중개거래
41135,성남 분당구 정자동,정자동,,28-1,로얄팰리스,170.6,202607,13,230000,에이동,18,2003,,,중개거래
41135,성남 분당구 야탑동,야탑동,,334,장미마을(현대),84.79,202607,23,148000,807,1,1993,,,중개거래
41135,성남 분당구 대장동,대장동,,592,판교퍼스트힐푸르지오1단지,84.97,202607,24,136000,104,7,2021,,,중개거래
41135,성남 분당구 서현동,서현동,,301,효자촌(삼환),84.157,202607,28,120000,510,6,1992,,,직거래
41135,성남 분당구 야탑동,야탑동,,334,장미마을(현대),75.188,202607,9,144000,809,7,1993,,,중개거래
41135,성남 분당구 서현동,서현동,,92,시범현대,59.55,202607,30,167000,406,1,1991,,,중개거래
41135,성남 분당구 구미동,구미동,,220,무지개(4단지)(주공),49.67,202607,6,123483,,8,1995,,,중개거래
41135,성남 분당구 삼평동,삼평동,,718,봇들마을4단지(주공),74.45,202607,31,217000,,10,2009,,,중개거래
41135,성남 분당구 정자동,정자동,,107,한솔마을(3단지)(한일),59.96,202607,9,160000,,8,1993,,,중개거래
41135,성남 분당구 백현동,백현동,,554,백현마을5단지(주공),84.98,202607,27,280000,,11,2009,,,중개거래
41135,성남 분당구 정자동,정자동,,181,상록마을(보성),48.84,202607,31,135000,,2,1995,,,중개거래
41135,성남 분당구 구미동,구미동,,201,무지개(3단지)(신한),53.46,202607,31,125000,,14,1996,,,중개거래
41135,성남 분당구 야탑동,야탑동,,334,장미마을(현대),59.4,202607,31,132000,,8,1993,,,중개거래
41135,성남 분당구 정자동,정자동,,198,정든마을(2단지)(동아),69.055,202607,31,163500,203,12,1995,,,중개거래
41135,성남 분당구 야탑동,야탑동,,215,매화마을공무원2,58.71,202607,31,110000,,12,1995,,,중개거래
41135,성남 분당구 이매동,이매동,,140,아름마을(풍림),134.22,202607,31,234000,,9,1993,,26.08.27,중개거래
41135,성남 분당구 야탑동,야탑동,,334,장미마을(현대),84.97,202607,31,161000,,6,1993,,,중개거래
41135,성남 분당구 수내동,수내동,,34,양지마을(금호1),84.9,202607,31,230000,,8,1992,,,중개거래
41135,성남 분당구 운중동,운중동,,922,산운마을11단지(판교포레라움),51.16,202607,31,144500,,3,2009,,,중개거래
41135,성남 분당구 이매동,이매동,,123,이매촌(청구),101.89,202607,31,227000,,4,1992,,,중개거래
41135,성남 분당구 백현동,백현동,,542,판교푸르지오그랑블,98.986,202607,10,310000,,10,2011,,,중개거래
41135,성남 분당구 판교동,판교동,,513,판교원마을11단지(힐스테이트),115.87,202607,31,180000,,3,2009,,,중개거래
41135,성남 분당구 금곡동,금곡동,,181,청솔마을(한라),69.12,202607,31,154000,,1,1995,,26.09.23,중개거래
41135,성남 분당구 정자동,정자동,,198,정든마을(2단지)(동아),48.84,202607,30,119000,,14,1995,,,중개거래
41135,성남 분당구 정자동,정자동,,112,한솔마을(5단지)(주공),51.66,202607,17,143500,,13,1994,,,중개거래
41135,성남 분당구 정자동,정자동,,14-3,동양정자파라곤(1단지),193.76,202607,27,280000,,16,2004,,,중개거래
41135,성남 분당구 서현동,서현동,,291,효자촌(동아),59.78,202607,16,96000,,2,1992,,,직거래
41135,성남 분당구 구미동,구미동,,77,까치마을(1단지)(대우롯데선경),70.66,202607,30,177000,,24,1995,,,중개거래
41135,성남 분당구 야탑동,야탑동,,519,야탑진흥더블파크,84.93,202607,20,153000,,8,2005,,,중개거래
41135,성남 분당구 정자동,정자동,,198,정든마을(6단지)(우성),48.84,202607,29,131000,,7,1994,,,중개거래
41135,성남 분당구 판교동,판교동,,635,판교원마을6단지(판교대광로제비앙),58.24,202607,29,153000,,8,2009,,,중개거래
41135,성남 분당구 정자동,정자동,,198,정든마을(6단지)(우성),48.84,202607,29,127000,,14,1994,,,중개거래
41135,성남 분당구 대장동,대장동,,641,판교더샵포레스트12단지,84.9864,202607,27,140000,,11,2021,,,중개거래
41135,성남 분당구 구미동,구미동,,222,무지개(10단지)(삼성),134.97,202607,15,128000,,9,1996,,26.09.04,직거래
41135,성남 분당구 정자동,정자동,,88,느티마을(3단지)(공무원),58.71,202607,29,220000,306,16,1994,,,중개거래
41135,성남 분당구 정자동,정자동,,121,상록마을(우성)1,84.97,202607,28,238000,,13,1994,,,중개거래
41135,성남 분당구 야탑동,야탑동,,215,매화마을공무원2,58.71,202607,28,110000,,18,1995,,,중개거래
41135,성남 분당구 삼평동,삼평동,,718,봇들마을4단지(주공),84.69,202607,28,219000,,15,2009,,,중개거래
41135,성남 분당구 서현동,서현동,,91,시범한양,28.71,202607,28,99000,,6,1991,,,중개거래
41135,성남 분당구 서현동,서현동,,308,효자촌(럭키),84.696,202607,17,170000,,14,1994,,,중개거래
41135,성남 분당구 정자동,정자동,,121,상록마을(우성)1,129.72,202607,15,282000,,3,1994,,,중개거래
41135,성남 분당구 판교동,판교동,,513,판교원마을11단지(힐스테이트),115.87,202607,27,188000,,11,2009,,,중개거래
41135,성남 분당구 정자동,정자동,,198,정든마을(2단지)(동아),48.84,202607,28,125000,204,9,1995,,,중개거래
41135,성남 분당구 운중동,운중동,,922,산운마을11단지(판교포레라움),51.16,202607,28,144800,,5,2009,,,중개거래
41135,성남 분당구 구미동,구미동,,201,무지개(3단지)(신한),53.46,202607,13,97000,,3,1996,,26.09.30,중개거래
41135,성남 분당구 분당동,분당동,,39,샛별마을(삼부),59.82,202607,27,158000,,3,1992,,,중개거래
41135,성남 분당구 야탑동,야탑동,,215,매화마을공무원2,58.71,202607,28,106000,,2,1995,,,중개거래
41135,성남 분당구 야탑동,야탑동,,215,매화마을공무원2,58.71,202607,28,107500,,11,1995,,,중개거래
41135,성남 분당구 운중동,운중동,,921,산운마을12단지판교센트럴포레와이시티,55.42,202607,27,149800,,7,2009,,,중개거래
41135,성남 분당구 금곡동,금곡동,,192,두산위브트레지움,147.52,202607,27,204000,,12,2003,,,중개거래
41135,성남 분당구 야탑동,야탑동,,201,매화마을공무원1,58.92,202607,27,100000,,1,1995,,,중개거래
41135,성남 분당구 금곡동,금곡동,,181,청솔마을(한라),69.12,202607,27,180000,,6,1995,,,중개거래
41135,성남 분당구 금곡동,금곡동,,181,청솔마을(한라),58.8,202607,27,170000,,6,1995,,,중개거래
41135,성남 분당구 대장동,대장동,,642,판교풍경채어바니티(5단지),84.973,202607,27,145000,,2,2021,,,중개거래
41135,성남 분당구 정자동,정자동,,107,한솔마을(3단지)(한일),84.92,202607,27,188000,,5,1993,,,중개거래
41135,성남 분당구 정자동,정자동,,192,정든마을(5단지)(신화),52.44,202607,27,146500,502,4,1995,,,중개거래
41135,성남 분당구 금곡동,금곡동,,133,청솔마을(주공9단지),36.54,202607,27,104500,,4,1995,,,중개거래
41135,성남 분당구 대장동,대장동,,595,힐스테이트판교엘포레A6BL,128.016,202607,7,155000,,14,2021,,,중개거래
41135,성남 분당구 서현동,서현동,,307,효자촌(미래타운),134.64,202607,27,168000,,17,1994,,,중개거래
41135,성남 분당구 야탑동,야탑동,,215,매화마을공무원2,58.71,202607,27,111000,206,18,1995,,,중개거래
41135,성남 분당구 야탑동,야탑동,,215,매화마을공무원2,58.19,202607,27,107500,,9,1995,,,중개거래
41135,성남 분당구 분당동,분당동,,66,장안타운(건영),70.68,202607,4,127000,,10,1993,,,중개거래
41135,성남 분당구 삼평동,삼평동,,722,봇들마을3단지(주공),59.84,202607,27,192500,306,7,2009,,,중개거래
41135,성남 분당구 이매동,이매동,,124,이매촌(한신),50.1,202607,27,147500,209,1,1992,,,중개거래
41135,성남 분당구 금곡동,금곡동,,181,청솔마을(한라),69.12,202607,27,171000,,6,1995,,,중개거래
41135,성남 분당구 판교동,판교동,,513,판교원마을11단지(힐스테이트),118.6,202607,27,176000,,11,2009,,,직거래
41135,성남 분당구 백현동,백현동,,554,백현마을5단지(주공),74.92,202607,3,249000,511,14,2009,,,중개거래
41135,성남 분당구 수내동,수내동,,51,파크타운(대림),101.91,202607,27,235000,,7,1993,,,중개거래
41135,성남 분당구 백현동,백현동,,558,백현마을8단지(대림),101.46,202607,27,250000,,9,2009,,,중개거래
41135,성남 분당구 금곡동,금곡동,,133,청솔마을(주공9단지),36.54,202607,10,105000,902,11,1995,,,중개거래
41135,성남 분당구 운중동,운중동,,921,산운마을12단지판교센트럴포레와이시티,55.42,202607,25,138800,,1,2009,,,중개거래
41135,성남 분당구 정자동,정자동,,112,한솔마을(5단지)(주공),41.85,202607,27,120000,,3,1994,,,중개거래
41135,성남 분당구 서현동,서현동,,291,효자촌(동아),84.72,202607,24,184800,,4,1992,,,중개거래
41135,성남 분당구 야탑동,야탑동,,215,매화마을공무원2,58.71,202607,24,109700,,17,1995,,,중개거래
41135,성남 분당구 판교동,판교동,,637,판교원마을7단지(모아미래도),56.555,202607,24,159000,,18,2009,,,중개거래
41135,성남 분당구 야탑동,야탑동,,518,탑마을(주공),41.85,202607,24,95500,,15,1993,,,중개거래
41135,성남 분당구 백현동,백현동,,554,백현마을5단지(주공),84.91,202607,24,269000,,8,2009,,,중개거래
41135,성남 분당구 정자동,정자동,,198,정든마을(2단지)(동아),48.84,202607,24,125500,204,4,1995,,,중개거래
41135,성남 분당구 야탑동,야탑동,,525,탑마을(경남)1,84.91,202607,24,145000,,1,1994,,,중개거래
41135,성남 분당구 야탑동,야탑동,,147,목련마을SK,59.93,202607,24,78700,605,12,1998,,,중개거래
41135,성남 분당구 구미동,구미동,,63,까치마을(4단지)(선경),51.32,202607,24,130000,407,1,1995,,,중개거래
41135,성남 분당구 정자동,정자동,,107,한솔마을(3단지)(한일),84.92,202607,24,186500,306,9,1993,,,중개거래
41135,성남 분당구 정자동,정자동,,121,상록마을(우성)1,84.97,202607,24,241000,,5,1994,,,중개거래
41135,성남 분당구 정자동,정자동,,191,정든마을(6단지)(한진),99.6,202607,24,200000,,2,1995,,,중개거래
41135,성남 분당구 이매동,이매동,,124,이매촌(한신),66.27,202607,24,182000,212,11,1992,,,중개거래
41135,성남 분당구 정자동,정자동,,117,한솔마을(6단지)(주공),37.67,202607,24,102000,607,2,1995,,,중개거래
41135,성남 분당구 야탑동,야탑동,,211,매화마을(주공4),35.28,202607,24,79000,402,4,1993,,,중개거래
41135,성남 분당구 정자동,정자동,,125,상록마을(라이프2차),84.78,202607,24,207000,,16,1994,,,중개거래
41135,성남 분당구 야탑동,야탑동,,215,매화마을공무원2,58.71,202607,24,105000,,4,1995,,,중개거래
41135,성남 분당구 이매동,이매동,,122,이매촌(금강),84.42,202607,24,190000,105,14,1992,,,중개거래
41135,성남 분당구 이매동,이매동,,124,이매촌(한신),84.9,202607,24,195700,,16,1992,,,중개거래
41135,성남 분당구 야탑동,야탑동,,215,매화마을공무원2,58.71,202607,23,101000,,1,1995,,,중개거래
41135,성남 분당구 대장동,대장동,,592,판교퍼스트힐푸르지오1단지,84.97,202607,24,136000,,7,2021,,26.08.05,중개거래
41135,성남 분당구 정자동,정자동,,198,정든마을(2단지)(동아),48.84,202607,24,124700,205,7,1995,,,중개거래
41135,성남 분당구 판교동,판교동,,513,판교원마을11단지(힐스테이트),101.76,202607,24,182000,,13,2009,,,중개거래
41135,성남 분당구 운중동,운중동,,921,산운마을12단지판교센트럴포레와이시티,55.44,202607,5,149500,,14,2009,,,중개거래
41135,성남 분당구 서현동,서현동,,91,시범한양,84.93,202607,24,228000,,8,1991,,,중개거래
41135,성남 분당구 야탑동,야탑동,,215,매화마을공무원2,58.71,202607,24,109300,,7,1995,,,중개거래
41135,성남 분당구 야탑동,야탑동,,162,목련마을(한일),50.82,202607,2,92000,,8,1995,,,중개거래
41135,성남 분당구 정자동,정자동,,197,정든마을(4단지)(우성),129.72,202607,6,192500,,16,1995,,,중개거래
41135,성남 분당구 정자동,정자동,,117,한솔마을(6단지)(주공),39.87,202607,24,122000,,8,1995,,,중개거래
41135,성남 분당구 판교동,판교동,,513,판교원마을11단지(힐스테이트),118.6,202607,23,198000,,9,2009,,,중개거래
41135,성남 분당구 정자동,정자동,,102,한솔마을(4단지)(주공),35.28,202607,24,113000,404,15,1994,,,중개거래
41135,성남 분당구 대장동,대장동,,623,판교풍경채어바니티(7단지),84.973,202607,17,133000,,8,2021,,,중개거래
41135,성남 분당구 수내동,수내동,,32,"양지마을(6단지)(금호,청구)",55.44,202607,23,161000,601,9,1992,,,중개거래
41135,성남 분당구 삼평동,삼평동,,722,봇들마을3단지(주공),59.95,202607,23,195000,,8,2009,,,중개거래
41135,성남 분당구 정자동,정자동,,111,한솔마을(2단지)(LG),134.94,202607,23,194000,,10,1995,,,중개거래
41135,성남 분당구 야탑동,야탑동,,518,탑마을(주공),36.0,202607,23,87000,802,10,1993,,,중개거래
41135,성남 분당구 정자동,정자동,,110,한솔마을(1단지)(청구),84.965,202607,23,180000,,12,1994,,,중개거래
41135,성남 분당구 삼평동,삼평동,,705,봇들마을1단지(판교신미주),83.698,202607,23,196000,,10,2009,,,중개거래
41135,성남 분당구 정자동,정자동,,112,한솔마을(5단지)(주공),51.66,202607,16,147000,,15,1994,,,중개거래
41135,성남 분당구 정자동,정자동,,102,한솔마을(4단지)(주공),35.28,202607,23,97000,404,7,1994,,,중개거래
41135,성남 분당구 서현동,서현동,,91,시범한양,28.71,202607,23,100000,330,2,1991,,,중개거래
41135,성남 분당구 금곡동,금곡동,,192,두산위브트레지움,121.45,202607,23,190000,,12,2003,,,중개거래
41135,성남 분당구 야탑동,야탑동,,334,장미마을(현대),84.79,202607,23,168500,807,14,1993,,,중개거래
41135,성남 분당구 정자동,정자동,,198,정든마을(2단지)(동아),48.84,202607,23,120500,,10,1995,,,중개거래
41135,성남 분당구 수내동,수내동,,32,"양지마을(6단지)(금호,청구)",59.94,202607,23,154000,,6,1992,,,중개거래
41135,성남 분당구 정자동,정자동,,192,정든마을(5단지)(신화),69.93,202607,7,172000,,13,1995,,,중개거래
41135,성남 분당구 야탑동,야탑동,,215,매화마을공무원2,58.71,202607,23,103000,,1,1995,,,중개거래
41135,성남 분당구 야탑동,야탑동,,211,매화마을(주공4),41.85,202607,23,84000,403,13,1993,,,중개거래
41135,성남 분당구 삼평동,삼평동,,705,봇들마을1단지(판교신미주),83.459,202607,23,194500,,9,2009,,,중개거래
41135,성남 분당구 정자동,정자동,,112,한솔마을(5단지)(주공),51.66,202607,23,147000,,6,1994,,,중개거래
41135,성남 분당구 정자동,정자동,,192,정든마을(5단지)(신화),134.31,202607,22,225000,,11,1995,,,중개거래
41135,성남 분당구 정자동,정자동,,198,정든마을(2단지)(동아),48.84,202607,22,120000,,14,1995,,,중개거래
41135,성남 분당구 야탑동,야탑동,,201,매화마을공무원1,58.92,202607,22,109500,,12,1995,,,중개거래
41135,성남 분당구 서현동,서현동,,91,시범한양,84.99,202607,22,228000,,26,1991,,,중개거래
41135,성남 분당구 야탑동,야탑동,,215,매화마을공무원2,58.71,202607,22,110000,,10,1995,,,중개거래
41135,성남 분당구 구미동,구미동,,221,무지개(5단지)(청구),85.0,202607,22,145000,,10,1995,,,중개거래
41135,성남 분당구 정자동,정자동,,198,정든마을(6단지)(우성),48.84,202607,22,123000,615,2,1994,,,중개거래
41135,성남 분당구 야탑동,야탑동,,201,매화마을공무원1,59.98,202607,22,107000,,3,1995,,,중개거래
41135,성남 분당구 정자동,정자동,,110,한솔마을(1단지)(청구),49.35,202607,22,133000,105,14,1994,,,중개거래
41135,성남 분당구 서현동,서현동,,292,효자촌(임광),59.73,202607,22,148000,307,4,1992,,,중개거래
41135,성남 분당구 삼평동,삼평동,,738,봇들마을7단지,108.34,202607,22,335000,,8,2009,,,중개거래
41135,성남 분당구 삼평동,삼평동,,722,봇들마을3단지(주공),84.69,202607,21,235000,,5,2009,,,중개거래
41135,성남 분당구 야탑동,야탑동,,215,매화마을공무원2,66.6,202607,22,117500,,6,1995,,,중개거래
41135,성남 분당구 구미동,구미동,,212,무지개(12단지)(주공),58.14,202607,8,116500,1201,13,1995,,,중개거래
41135,성남 분당구 야탑동,야탑동,,215,매화마을공무원2,58.19,202607,21,105000,,8,1995,,,중개거래
41135,성남 분당구 수내동,수내동,,24,양지마을(5단지)(한양501-514),35.1,202607,21,124500,510,13,1992,,,중개거래
41135,성남 분당구 구미동,구미동,,63,까치마을(4단지)(선경),70.66,202607,21,168000,,7,1995,,,중개거래
41135,성남 분당구 정자동,정자동,,107,한솔마을(3단지)(한일),84.92,202607,21,189000,307,13,1993,,,중개거래
41135,성남 분당구 구미동,구미동,,202,무지개(2단지)(엘지),101.85,202607,21,162000,206,7,1995,,,중개거래
41135,성남 분당구 수내동,수내동,,24,양지마을(5단지)(한양501-514),35.1,202607,21,123000,,15,1992,,,중개거래
41135,성남 분당구 정자동,정자동,,102,한솔마을(4단지)(주공),41.85,202607,21,119000,,9,1994,,,중개거래
41135,성남 분당구 백현동,백현동,,608,THESHARP판교퍼스트파크,84.8034,202607,21,159000,,12,2021,,,중개거래
41135,성남 분당구 야탑동,야탑동,,536,탑마을(선경)1,131.4,202607,15,170000,,5,1992,,,중개거래
41135,성남 분당구 운중동,운중동,,956,산운마을8단지(부영사랑으로),59.612,202607,21,160000,,10,2008,,,중개거래
41135,성남 분당구 판교동,판교동,,629,판교원마을3단지(푸르지오),116.58,202607,9,218000,,10,2009,,,중개거래
41135,성남 분당구 운중동,운중동,,922,산운마을11단지(판교포레라움),51.16,202607,21,146000,,3,2009,,,중개거래
41135,성남 분당구 금곡동,금곡동,,192,두산위브트레지움,147.6,202607,10,192500,106,17,2003,,,중개거래
41135,성남 분당구 금곡동,금곡동,,202,분당하우스토리,84.68,202607,20,145000,,13,2004,,,중개거래
41135,성남 분당구 야탑동,야탑동,,215,매화마을공무원2,67.43,202607,21,120300,215,7,1995,,,중개거래
41135,성남 분당구 판교동,판교동,,585,판교원마을9단지(한림풀에버),84.9958,202607,4,185000,922,9,2009,,,중개거래
41135,성남 분당구 야탑동,야탑동,,211,매화마을(주공4),35.28,202607,20,73500,404,2,1993,,,중개거래
41135,성남 분당구 정자동,정자동,,198,정든마을(2단지)(동아),48.84,202607,20,126000,,14,1995,,,중개거래
41135,성남 분당구 분당동,분당동,,66,장안타운(건영),70.68,202607,20,133000,,11,1993,,,중개거래
41135,성남 분당구 야탑동,야탑동,,536,탑마을(선경)1,51.84,202607,20,124000,115,1,1992,,,중개거래
41135,성남 분당구 대장동,대장동,,595,힐스테이트판교엘포레A6BL,128.016,202607,18,161000,,4,2021,,,중개거래
41135,성남 분당구 운중동,운중동,,918,산운마을13단지(태영),101.67,202607,20,185000,,23,2010,,,중개거래
41135,성남 분당구 이매동,이매동,,142,아름마을(선경),83.58,202607,10,206000,,7,1993,,,중개거래
41135,성남 분당구 삼평동,삼평동,,705,봇들마을1단지(판교신미주),82.794,202607,20,209000,,9,2009,,,중개거래
41135,성남 분당구 수내동,수내동,,24,양지마을(5단지)(한양501-514),35.1,202607,20,123000,,2,1992,,,중개거래
41135,성남 분당구 야탑동,야탑동,,535,탑마을(대우),101.76,202607,20,171000,,11,1992,,,중개거래
41135,성남 분당구 수내동,수내동,,36,양지마을(2단지)(청구),134.8,202607,20,260000,209,7,1992,,,중개거래
41135,성남 분당구 백현동,백현동,,558,백현마을8단지(대림),117.39,202607,20,286000,,18,2009,,,중개거래
41135,성남 분당구 야탑동,야탑동,,163,목련마을(한신),59.88,202607,13,104500,,12,1994,,,중개거래
41135,성남 분당구 운중동,운중동,,989,산운마을5단지(한성필하우스),84.8055,202607,19,185000,,8,2009,,,중개거래
41135,성남 분당구 정자동,정자동,,102,한솔마을(4단지)(주공),35.28,202607,18,103000,,3,1994,,,중개거래
41135,성남 분당구 삼평동,삼평동,,717,봇들마을2단지(이지더원),84.2822,202607,18,180000,,4,2009,,,중개거래
41135,성남 분당구 수내동,수내동,,29,양지마을(6단지)(한양603동),59.76,202607,18,147500,주상복합상가 603,17,1993,,,중개거래
41135,성남 분당구 금곡동,금곡동,,133,청솔마을(주공9단지),36.54,202607,18,110000,903,5,1995,,,중개거래
41135,성남 분당구 정자동,정자동,,107,한솔마을(3단지)(한일),130.51,202607,18,218000,,16,1993,,,중개거래
41135,성남 분당구 구미동,구미동,,221,무지개(5단지)(청구),85.0,202607,17,151000,504,9,1995,,,중개거래
41135,성남 분당구 판교동,판교동,,635,판교원마을6단지(판교대광로제비앙),58.14,202607,18,148000,,15,2009,,,중개거래
41135,성남 분당구 수내동,수내동,,34,양지마을(금호1),84.9,202607,18,239000,103,10,1992,,,중개거래
41135,성남 분당구 정자동,정자동,,102,한솔마을(4단지)(주공),35.28,202607,18,109000,,11,1994,,,중개거래
41135,성남 분당구 야탑동,야탑동,,211,매화마을(주공4),41.85,202607,18,88000,407,13,1993,,,중개거래
41135,성남 분당구 구미동,구미동,,201,무지개(3단지)(건영),53.83,202607,13,114000,312,10,1996,,,중개거래
41135,성남 분당구 백현동,백현동,,530,판교알파리움2단지,129.477,202607,17,313000,,20,2015,,,중개거래
41135,성남 분당구 정자동,정자동,,102,한솔마을(4단지)(주공),35.28,202607,17,109000,412,11,1994,,,중개거래
41135,성남 분당구 서현동,서현동,,292,효자촌(임광),101.34,202607,17,179000,,12,1992,,,중개거래
41135,성남 분당구 서현동,서현동,,308,효자촌(대우),53.82,202607,10,119800,619,3,1994,,,중개거래
41135,성남 분당구 서현동,서현동,,91,시범한양,134.87,202607,17,228000,,1,1991,,,중개거래
41135,성남 분당구 정자동,정자동,,102,한솔마을(4단지)(주공),42.75,202607,17,123800,415,5,1994,,,중개거래
41135,성남 분당구 금곡동,금곡동,,208,삼라마이다스빌,139.71,202607,17,150500,,15,2004,,,중개거래
41135,성남 분당구 판교동,판교동,,637,판교원마을7단지(모아미래도),56.555,202607,17,149000,,13,2009,,,중개거래
41135,성남 분당구 구미동,구미동,,66,까치마을(3단지)(신원),59.9,202607,17,165000,,12,1995,,,중개거래
41135,성남 분당구 백현동,백현동,,545,백현마을2단지,84.5,202607,17,280000,,3,2009,,,중개거래
41135,성남 분당구 서현동,서현동,,299,효자촌(현대),59.82,202607,17,165000,,6,1992,,,중개거래
41135,성남 분당구 정자동,정자동,,117,한솔마을(6단지)(주공),37.67,202607,17,66790,604,12,1995,,,중개거래
41135,성남 분당구 야탑동,야탑동,,215,매화마을공무원2,58.71,202607,17,106000,,8,1995,,,중개거래
41135,성남 분당구 정자동,정자동,,110,한솔마을(1단지)(청구),49.35,202607,17,136000,108,7,1994,,,중개거래
41135,성남 분당구 서현동,서현동,,91,시범한양,35.1,202607,17,126000,,11,1991,,,중개거래
41135,성남 분당구 구미동,구미동,,212,무지개(12단지)(주공),49.67,202607,17,106500,,13,1995,,,중개거래
41135,성남 분당구 백현동,백현동,,556,백현마을7단지(주공),74.76,202607,17,250000,707,14,2009,,,중개거래
41135,성남 분당구 구미동,구미동,,212,무지개(12단지)(주공),49.67,202607,16,104000,,12,1995,,,중개거래
41135,성남 분당구 정자동,정자동,,121,상록마을(우성)1,55.14,202607,16,188000,303,8,1994,,,중개거래
41135,성남 분당구 야탑동,야탑동,,215,매화마을공무원2,58.71,202607,16,108000,204,10,1995,,,중개거래
41135,성남 분당구 구미동,구미동,,221,무지개(5단지)(청구),85.0,202607,16,151000,503,3,1995,,,중개거래
41135,성남 분당구 정자동,정자동,,198,정든마을(6단지)(우성),48.84,202607,15,123000,616,10,1994,,,중개거래
41135,성남 분당구 정자동,정자동,,112,한솔마을(5단지)(주공),41.85,202607,16,127000,504,4,1994,,,중개거래
41135,성남 분당구 야탑동,야탑동,,536,탑마을(선경)1,131.4,202607,13,185000,103,10,1992,,,중개거래
41135,성남 분당구 구미동,구미동,,202,무지개(2단지)(엘지),72.018,202607,16,142000,,11,1995,,,중개거래
41135,성남 분당구 이매동,이매동,,124,이매촌(한신),50.1,202607,16,160000,,7,1992,,,중개거래
41135,성남 분당구 수내동,수내동,,55,파크타운(롯데),134.91,202607,15,249500,133,4,1993,,,중개거래
41135,성남 분당구 수내동,수내동,,34,양지마을(금호1),133.82,202607,2,271500,113,12,1992,,,중개거래
41135,성남 분당구 야탑동,야탑동,,215,매화마을공무원2,58.71,202607,16,105000,,19,1995,,,중개거래
41135,성남 분당구 정자동,정자동,,102,한솔마을(4단지)(주공),35.28,202607,16,110000,,4,1994,,,중개거래
41135,성남 분당구 분당동,분당동,,34,샛별마을(라이프),58.17,202607,16,155000,,4,1992,,,중개거래
41135,성남 분당구 수내동,수내동,,29,양지마을(6단지)(한양603동),59.4,202607,16,146000,주상복합상가 603,17,1993,,,중개거래
41135,성남 분당구 서현동,서현동,,91,시범한양,28.71,202607,16,102000,328,4,1991,,,중개거래
41135,성남 분당구 야탑동,야탑동,,215,매화마을공무원2,67.43,202607,16,118000,,4,1995,,,중개거래
41135,성남 분당구 야탑동,야탑동,,201,매화마을공무원1,58.92,202607,16,106000,,2,1995,,,중개거래
41135,성남 분당구 금곡동,금곡동,,181,청솔마을(한라),84.39,202607,16,190000,,14,1995,,,중개거래
41135,성남 분당구 정자동,정자동,,90,느티마을(4단지)(공무원),58.19,202607,9,198000,,7,1994,,,중개거래
41135,성남 분당구 백현동,백현동,,555,백현마을6단지(주공),74.45,202607,13,245000,,16,2009,,,중개거래
41135,성남 분당구 정자동,정자동,,28-1,로얄팰리스,148.16,202607,13,212000,,16,2003,,,중개거래
41135,성남 분당구 야탑동,야탑동,,156,목련마을(영남),53.6,202607,16,80000,501,8,1995,,,중개거래
41135,성남 분당구 야탑동,야탑동,,511,탑마을(기산)1,101.91,202607,16,172000,,5,1993,,,중개거래
41135,성남 분당구 수내동,수내동,,73,푸른마을(신성),84.72,202607,16,194500,,20,1992,,,중개거래
41135,성남 분당구 운중동,운중동,,922,산운마을11단지(판교포레라움),51.16,202607,15,145000,1107,11,2009,,,중개거래
41135,성남 분당구 이매동,이매동,,116,이매촌(성지),84.9,202607,15,198800,,3,1992,,,중개거래
41135,성남 분당구 정자동,정자동,,198,정든마을(2단지)(동아),48.84,202607,15,121300,,8,1995,,,중개거래
41135,성남 분당구 정자동,정자동,,102,한솔마을(4단지)(주공),41.85,202607,15,120000,,11,1994,,,중개거래
41135,성남 분당구 수내동,수내동,,24,양지마을(5단지)(한양501-514),35.1,202607,15,120000,509,8,1992,,,중개거래
41135,성남 분당구 수내동,수내동,,36,양지마을(2단지)(청구),84.6,202607,15,226500,213,8,1992,,,중개거래
41135,성남 분당구 정자동,정자동,,117,한솔마을(6단지)(주공),39.87,202607,15,119500,606,12,1995,,,중개거래
41135,성남 분당구 수내동,수내동,,24,양지마을(5단지)(한양501-514),35.1,202607,15,110000,512,14,1992,,,중개거래
41135,성남 분당구 정자동,정자동,,181,상록마을(보성),48.84,202607,15,143000,402,9,1995,,,중개거래
41135,성남 분당구 서현동,서현동,,87,시범한신,84.69,202607,15,215000,,1,1991,,,중개거래
41135,성남 분당구 서현동,서현동,,96,시범우성,59.76,202607,6,177500,203,3,1991,,,중개거래
41135,성남 분당구 이매동,이매동,,111,이매촌(진흥),59.58,202607,15,164000,,10,1993,,,중개거래
41135,성남 분당구 수내동,수내동,,34,양지마을(금호1),84.9,202607,15,220000,106,9,1992,,,중개거래
41135,성남 분당구 서현동,서현동,,310,효자촌(대창),53.82,202607,15,119000,,8,1994,,,중개거래
41135,성남 분당구 구미동,구미동,,66,까치마을(3단지)(신원),130.83,202607,15,220000,,6,1995,,,중개거래
41135,성남 분당구 이매동,이매동,,132,아름마을(태영),101.85,202607,15,181000,,12,1992,,,중개거래
41135,성남 분당구 야탑동,야탑동,,334,장미마을(현대),74.61,202607,15,142000,,3,1993,,,중개거래
41135,성남 분당구 정자동,정자동,,28-1,로얄팰리스,158.69,202607,13,200000,,9,2003,,,중개거래
41135,성남 분당구 판교동,판교동,,634,판교원마을5단지(푸르지오),84.51,202607,15,193000,,28,2009,,,중개거래
41135,성남 분당구 구미동,구미동,,212,무지개(12단지)(주공),59.98,202607,14,111000,1209,18,1995,,,중개거래
41135,성남 분당구 분당동,분당동,,38,샛별마을(우방),101.96,202607,14,194500,310,6,1994,,,중개거래
41135,성남 분당구 구미동,구미동,,77,까치마을(1단지)(대우롯데선경),84.79,202607,6,190500,,5,1995,,,중개거래
41135,성남 분당구 수내동,수내동,,34,양지마을(금호1),133.82,202607,14,270000,115,10,1992,,,중개거래
41135,성남 분당구 이매동,이매동,,123,이매촌(청구),84.99,202607,14,221000,,14,1992,,,중개거래
41135,성남 분당구 야탑동,야탑동,,215,매화마을공무원2,58.71,202607,14,102500,202,4,1995,,,중개거래
41135,성남 분당구 야탑동,야탑동,,201,매화마을공무원1,49.67,202607,14,99500,105,4,1995,,,중개거래
41135,성남 분당구 수내동,수내동,,52,파크타운(서안),84.6,202607,14,219000,110,8,1993,,,중개거래
41135,성남 분당구 정자동,정자동,,198,정든마을(2단지)(동아),48.84,202607,14,120000,206,3,1995,,,중개거래
41135,성남 분당구 수내동,수내동,,51,파크타운(대림),101.835,202607,14,235000,,4,1993,,,중개거래
41135,성남 분당구 판교동,판교동,,637,판교원마을7단지(모아미래도),56.555,202607,14,159000,,5,2009,,,중개거래
41135,성남 분당구 금곡동,금곡동,,181,청솔마을(한라),58.8,202607,14,155000,,1,1995,,,중개거래
41135,성남 분당구 이매동,이매동,,124,이매촌(한신),50.1,202607,14,149000,,10,1992,,,중개거래
41135,성남 분당구 이매동,이매동,,124,이매촌(한신),50.1,202607,14,149500,,5,1992,,,중개거래
41135,성남 분당구 판교동,판교동,,634,판교원마을5단지(푸르지오),101.06,202607,14,179000,,1,2009,,,중개거래
41135,성남 분당구 야탑동,야탑동,,215,매화마을공무원2,58.71,202607,14,106000,,4,1995,,,중개거래
41135,성남 분당구 수내동,수내동,,34,양지마을(금호1),164.25,202607,14,290000,109,24,1992,,,중개거래
41135,성남 분당구 정자동,정자동,,198,정든마을(2단지)(동아),84.97,202607,9,177000,,12,1995,,,중개거래
41135,성남 분당구 정자동,정자동,,102,한솔마을(4단지)(주공),35.28,202607,14,105500,,13,1994,,,중개거래
41135,성남 분당구 정자동,정자동,,194,정든마을(7단지)(한진),68.04,202607,10,174500,703,14,1994,,,중개거래
41135,성남 분당구 수내동,수내동,,24,양지마을(5단지)(한양515-529),101.93,202607,15,232000,522,16,1992,,,중개거래
41135,성남 분당구 야탑동,야탑동,,334,장미마을(현대),74.61,202607,4,143000,835,5,1993,,,중개거래
41135,성남 분당구 금곡동,금곡동,,141,청솔마을(대원),129.45,202607,14,206000,,7,1994,,,중개거래
41135,성남 분당구 구미동,구미동,,221,무지개(5단지)(청구),85.0,202607,11,148000,,5,1995,,,중개거래
41135,성남 분당구 구미동,구미동,,202,무지개(2단지)(엘지),84.822,202607,14,149000,214,6,1995,,,중개거래
41135,성남 분당구 수내동,수내동,,52,파크타운(서안),59.32,202607,14,154300,,24,1993,,,중개거래
41135,성남 분당구 금곡동,금곡동,,177,청솔마을(영남),70.01,202607,14,180000,,10,1995,,,중개거래
41135,성남 분당구 수내동,수내동,,52,파크타운(서안),101.91,202607,14,230000,,8,1993,,,중개거래
41135,성남 분당구 정자동,정자동,,6,파크뷰,124.515,202607,4,297000,602,32,2004,,,중개거래
41135,성남 분당구 정자동,정자동,,9,현대I-PARK1,170.89,202607,8,235000,,22,2003,,,중개거래
41135,성남 분당구 금곡동,금곡동,,181,청솔마을(한라),69.12,202607,13,174500,,5,1995,,,중개거래
41135,성남 분당구 구미동,구미동,,201,무지개(3단지)(건영),53.83,202607,13,113000,309,11,1996,,,중개거래
41135,성남 분당구 금곡동,금곡동,,181,청솔마을(한라),58.8,202607,13,163000,,5,1995,,,중개거래
41135,성남 분당구 정자동,정자동,,181,상록마을(임광),67.435,202607,13,179000,408,8,1995,,,중개거래
41135,성남 분당구 삼평동,삼평동,,717,봇들마을2단지(이지더원),84.2822,202607,13,199000,,13,2009,,,중개거래
41135,성남 분당구 구미동,구미동,,221,무지개(5단지)(청구),85.0,202607,13,149900,,13,1995,,,중개거래
41135,성남 분당구 정자동,정자동,,112,한솔마을(5단지)(주공),41.85,202607,13,132000,502,1,1994,,,중개거래
41135,성남 분당구 대장동,대장동,,641,판교더샵포레스트12단지,84.9852,202607,13,145000,,15,2021,,,중개거래
41135,성남 분당구 이매동,이매동,,124,이매촌(한신),50.1,202607,13,149900,,7,1992,,,중개거래
41135,성남 분당구 이매동,이매동,,132,아름마을(한성),59.46,202607,10,146000,202,4,1992,,,중개거래
41135,성남 분당구 야탑동,야탑동,,518,탑마을(주공),41.85,202607,13,92000,,8,1993,,,중개거래
41135,성남 분당구 서현동,서현동,,292,효자촌(임광),101.34,202607,8,177000,,10,1992,,,중개거래
41135,성남 분당구 서현동,서현동,,91,시범한양,35.1,202607,6,126500,,11,1991,,,중개거래
41135,성남 분당구 구미동,구미동,,201,무지개(3단지)(건영),53.83,202607,9,109000,309,8,1996,,,중개거래
41135,성남 분당구 야탑동,야탑동,,188,SK-VIEW,84.944,202607,10,92500,102,3,2003,,,중개거래
41135,성남 분당구 백현동,백현동,,555,백현마을6단지(주공),84.98,202607,11,265000,,16,2009,,,중개거래
41135,성남 분당구 수내동,수내동,,32,"양지마을(6단지)(금호,청구)",65.093,202607,11,184000,601,10,1992,,,중개거래
41135,성남 분당구 백현동,백현동,,554,백현마을5단지(주공),84.91,202607,11,250000,,10,2009,,,중개거래
41135,성남 분당구 판교동,판교동,,622,판교원마을1단지(파라곤),101.06,202607,11,187500,,11,2009,,,중개거래
41135,성남 분당구 정자동,정자동,,192,정든마을(5단지)(신화),52.44,202607,11,150000,,2,1995,,,중개거래
41135,성남 분당구 금곡동,금곡동,,133,청솔마을(주공9단지),36.54,202607,11,104500,,2,1995,,,중개거래
41135,성남 분당구 구미동,구미동,,212,무지개(12단지)(주공),59.98,202607,11,112500,,25,1995,,,중개거래
41135,성남 분당구 판교동,판교동,,629,판교원마을3단지(푸르지오),84.51,202607,11,176000,,30,2009,,,중개거래
41135,성남 분당구 수내동,수내동,,52,파크타운(서안),59.32,202607,11,152500,,20,1993,,,중개거래
41135,성남 분당구 금곡동,금곡동,,133,청솔마을(주공9단지),42.84,202607,11,125000,,7,1995,,,중개거래
41135,성남 분당구 서현동,서현동,,87,시범한신,84.69,202607,10,223000,,10,1991,,,중개거래
41135,성남 분당구 서현동,서현동,,87,시범삼성,133.295,202607,10,263000,,5,1991,,,중개거래
41135,성남 분당구 서현동,서현동,,91,시범한양,35.1,202607,10,125000,333,14,1991,,,중개거래
41135,성남 분당구 야탑동,야탑동,,201,매화마을공무원1,59.98,202607,10,113300,,20,1995,,,중개거래
41135,성남 분당구 운중동,운중동,,918,산운마을13단지(태영),115.11,202607,10,188500,,26,2010,,,중개거래
41135,성남 분당구 정자동,정자동,,102,한솔마을(4단지)(주공),41.85,202607,10,115000,410,12,1994,,,중개거래
41135,성남 분당구 야탑동,야탑동,,215,매화마을공무원2,58.71,202607,10,108000,,13,1995,,,중개거래
41135,성남 분당구 이매동,이매동,,133,아름마을(삼호),132.72,202607,10,200000,409,4,1992,,,중개거래
41135,성남 분당구 서현동,서현동,,87,시범한신,84.69,202607,10,239500,,7,1991,,,중개거래
41135,성남 분당구 대장동,대장동,,595,힐스테이트판교엘포레A6BL,128.216,202607,10,170000,,16,2021,,,중개거래
41135,성남 분당구 야탑동,야탑동,,334,장미마을(현대),74.61,202607,10,145000,,13,1993,,,중개거래
41135,성남 분당구 금곡동,금곡동,,177,청솔마을(영남),53.6,202607,10,151000,105,5,1995,,,중개거래
41135,성남 분당구 야탑동,야탑동,,215,매화마을공무원2,58.71,202607,10,105000,,6,1995,,,중개거래
41135,성남 분당구 금곡동,금곡동,,133,청솔마을(주공9단지),36.54,202607,10,104000,901,3,1995,,,중개거래
41135,성남 분당구 수내동,수내동,,73,푸른마을(신성),131.4,202607,7,220000,301,4,1992,,,중개거래
41135,성남 분당구 수내동,수내동,,36,양지마을(2단지)(청구),134.8,202607,10,275000,209,11,1992,,,중개거래
41135,성남 분당구 판교동,판교동,,634,판교원마을5단지(푸르지오),101.06,202607,10,209300,,30,2009,,26.08.10,중개거래
41135,성남 분당구 야탑동,야탑동,,518,탑마을(주공),35.28,202607,10,85000,,8,1993,,,중개거래
41135,성남 분당구 구미동,구미동,,211,무지개(1단지)(대림),47.52,202607,10,92000,101,13,1995,,,중개거래
41135,성남 분당구 정자동,정자동,,10-1,현대I-PARK2,162.01,202607,10,250000,,18,2003,,,중개거래
41135,성남 분당구 구미동,구미동,,201,무지개(3단지)(신한),72.63,202607,10,140000,,11,1996,,,중개거래
41135,성남 분당구 이매동,이매동,,124,이매촌(한신),50.1,202607,10,145500,,2,1992,,,중개거래
41135,성남 분당구 정자동,정자동,,6,파크뷰,199.777,202607,1,395000,612,21,2004,,,중개거래
41135,성남 분당구 정자동,정자동,,112,한솔마을(5단지)(주공),74.16,202607,10,174000,,2,1994,,,중개거래
41135,성남 분당구 분당동,분당동,,38,샛별마을(우방),72.32,202607,10,167000,,2,1994,,,중개거래
41135,성남 분당구 야탑동,야탑동,,215,매화마을공무원2,58.71,202607,10,106000,205,5,1995,,,중개거래
41135,성남 분당구 삼평동,삼평동,,718,봇들마을4단지(주공),59.84,202607,9,188000,411,10,2009,,,중개거래
41135,성남 분당구 백현동,백현동,,556,백현마을7단지(주공),74.76,202607,10,241000,707,17,2009,,,중개거래
41135,성남 분당구 수내동,수내동,,24,양지마을(5단지)(한양501-514),42.56,202607,10,141500,513,10,1992,,,중개거래
41135,성남 분당구 금곡동,금곡동,,133,청솔마을(주공9단지),36.54,202607,9,107000,903,8,1995,,,중개거래
41135,성남 분당구 서현동,서현동,,96,시범우성,84.6,202607,4,210000,,3,1991,,,중개거래
41135,성남 분당구 야탑동,야탑동,,330,장미마을(동부),59.76,202607,9,145000,108,14,1993,,,중개거래
41135,성남 분당구 판교동,판교동,,634,판교원마을5단지(푸르지오),84.51,202607,9,189500,,8,2009,,,중개거래
41135,성남 분당구 판교동,판교동,,635,판교원마을6단지(판교대광로제비앙),59.667,202607,9,151000,,10,2009,,,중개거래
41135,성남 분당구 금곡동,금곡동,,180,청솔마을(유천),84.6,202607,9,193500,,24,1995,,,중개거래
41135,성남 분당구 금곡동,금곡동,,181,청솔마을(한라),58.8,202607,9,161000,,12,1995,,,중개거래
41135,성남 분당구 야탑동,야탑동,,536,탑마을(선경)1,101.76,202607,9,167000,101,2,1992,,,중개거래
41135,성남 분당구 이매동,이매동,,124,이매촌(한신),50.1,202607,9,149500,210,13,1992,,,중개거래
41135,성남 분당구 금곡동,금곡동,,180,청솔마을(유천),40.5,202607,4,119000,202,13,1995,,,중개거래
41135,성남 분당구 서현동,서현동,,291,효자촌(동아),101.82,202607,9,185000,,6,1992,,,중개거래
41135,성남 분당구 백현동,백현동,,554,백현마을5단지(주공),84.98,202607,9,269000,,11,2009,,,중개거래
41135,성남 분당구 정자동,정자동,,102,한솔마을(4단지)(주공),35.28,202607,9,106500,,9,1994,,,중개거래
41135,성남 분당구 구미동,구미동,,201,무지개(3단지)(건영),53.83,202607,9,114500,,8,1996,,,중개거래
41135,성남 분당구 구미동,구미동,,110,하얀마을(5단지)(주공),39.01,202607,9,98800,507,12,1995,,,중개거래
41135,성남 분당구 구미동,구미동,,221,무지개(5단지)(청구),58.49,202607,9,123500,,8,1995,,,중개거래
41135,성남 분당구 수내동,수내동,,71,푸른마을(벽산),131.4,202607,9,224000,103,8,1992,,,중개거래
41135,성남 분당구 구미동,구미동,,212,무지개(12단지)(주공),59.98,202607,9,115000,,11,1995,,,중개거래
41135,성남 분당구 정자동,정자동,,112,한솔마을(5단지)(주공),42.75,202607,9,123000,503,19,1994,,,중개거래
41135,성남 분당구 야탑동,야탑동,,536,탑마을(선경)1,51.84,202607,2,135000,115,7,1992,,,중개거래
41135,성남 분당구 정자동,정자동,,121,상록마을(우성)1,129.72,202607,7,278000,323,14,1994,,,중개거래
41135,성남 분당구 서현동,서현동,,292,효자촌(임광),165.33,202607,9,227000,302,17,1992,,,중개거래
41135,성남 분당구 이매동,이매동,,124,이매촌(한신),50.1,202607,9,145000,210,8,1992,,,중개거래
41135,성남 분당구 정자동,정자동,,117,한솔마을(6단지)(주공),37.67,202607,3,109950,601,9,1995,,,중개거래
41135,성남 분당구 서현동,서현동,,308,효자촌(화성),70.686,202607,8,158000,,18,1994,,,중개거래
41135,성남 분당구 수내동,수내동,,24,양지마을(5단지)(한양501-514),35.1,202607,9,116000,512,11,1992,,,중개거래
41135,성남 분당구 야탑동,야탑동,,330,장미마을(코오롱)1,84.6,202607,8,164000,,16,1993,,,중개거래
41135,성남 분당구 대장동,대장동,,623,판교풍경채어바니티(7단지),84.9978,202607,9,143000,705동,14,2021,,,중개거래
41135,성남 분당구 야탑동,야탑동,,215,매화마을공무원2,58.71,202607,9,106250,206,5,1995,,,중개거래
41135,성남 분당구 수내동,수내동,,36,양지마을(2단지)(청구),84.99,202607,7,235000,211,10,1992,,,중개거래
41135,성남 분당구 정자동,정자동,,181,상록마을(임광),48.84,202607,8,139000,406,12,1995,,,중개거래
41135,성남 분당구 판교동,판교동,,637,판교원마을7단지(모아미래도),56.555,202607,8,151000,709,4,2009,,,중개거래
41135,성남 분당구 구미동,구미동,,88,까치마을(2단지)(주공),49.36,202607,8,135670,208,7,1995,,,중개거래
41135,성남 분당구 구미동,구미동,,211,무지개(1단지)(대림),84.97,202607,8,144700,104,12,1995,,,중개거래
41135,성남 분당구 판교동,판교동,,622,판교원마을1단지(파라곤),101.12,202607,8,184000,102,6,2009,,,중개거래
41135,성남 분당구 삼평동,삼평동,,722,봇들마을3단지(주공),59.95,202607,8,192000,,7,2009,,,중개거래
41135,성남 분당구 야탑동,야탑동,,330,장미마을(동부),59.76,202607,8,138000,,10,1993,,,중개거래
41135,성남 분당구 금곡동,금곡동,,177,청솔마을(서광),53.6,202607,8,147000,106,1,1995,,,중개거래
41135,성남 분당구 대장동,대장동,,641,판교더샵포레스트12단지,84.9852,202607,2,130000,,14,2021,,,중개거래
41135,성남 분당구 야탑동,야탑동,,525,탑마을(경남)1,69.87,202607,8,146000,702,15,1994,,,중개거래
41135,성남 분당구 이매동,이매동,,123,이매촌(청구),194.98,202607,14,282000,,12,1992,,,중개거래
41135,성남 분당구 금곡동,금곡동,,125,청솔마을(공무원),58.19,202607,8,149000,,14,1994,,,중개거래
41135,성남 분당구 정자동,정자동,,112,한솔마을(5단지)(주공),41.85,202607,6,128000,511,3,1994,,,중개거래
41135,성남 분당구 야탑동,야탑동,,215,매화마을공무원2,67.43,202607,2,118500,201,13,1995,,,중개거래
41135,성남 분당구 구미동,구미동,,202,무지개(2단지)(엘지),49.83,202607,7,114000,213,6,1995,,,중개거래
41135,성남 분당구 금곡동,금곡동,,133,청솔마을(주공9단지),42.84,202607,7,120000,904,8,1995,,,중개거래
41135,성남 분당구 정자동,정자동,,181,상록마을(임광),67.435,202607,7,178000,,13,1995,,,중개거래
41135,성남 분당구 서현동,서현동,,299,효자촌(현대),59.82,202607,7,155000,105,14,1992,,,중개거래
41135,성남 분당구 수내동,수내동,,71,푸른마을(벽산),84.72,202607,7,200000,402,11,1992,,,중개거래
41135,성남 분당구 서현동,서현동,,308,효자촌(대우),84.696,202607,7,154000,,2,1994,,,중개거래
41135,성남 분당구 삼평동,삼평동,,705,봇들마을1단지(판교신미주),82.794,202607,7,180000,107,9,2009,,,직거래
41135,성남 분당구 정자동,정자동,,192,정든마을(8단지)(한진),112.2,202607,7,200000,805,14,1995,,,중개거래
41135,성남 분당구 삼평동,삼평동,,744,봇들마을9단지(금호어울림),115.18,202607,7,296000,,7,2009,,,중개거래
41135,성남 분당구 야탑동,야탑동,,517,탑마을(벽산),134.79,202607,6,190000,607,14,1994,,,중개거래
41135,성남 분당구 대장동,대장동,,595,힐스테이트판교엘포레A6BL,128.016,202607,7,155000,,14,2021,,26.07.27,중개거래
41135,성남 분당구 정자동,정자동,,112,한솔마을(5단지)(주공),41.85,202607,7,120000,510,3,1994,,,중개거래
41135,성남 분당구 야탑동,야탑동,,334,장미마을(현대),84.79,202607,6,160000,,3,1993,,,중개거래
41135,성남 분당구 운중동,운중동,,918,산운마을13단지(태영),115.45,202607,4,197000,1312,13,2010,,,중개거래
41135,성남 분당구 수내동,수내동,,24,양지마을(5단지)(한양501-514),35.1,202607,6,116000,509,1,1992,,,중개거래
41135,성남 분당구 서현동,서현동,,308,효자촌(화성),70.686,202607,4,145000,,1,1994,,,중개거래
41135,성남 분당구 운중동,운중동,,918,산운마을13단지(태영),115.11,202607,2,198000,1304,28,2010,,,중개거래
41135,성남 분당구 운중동,운중동,,916,산운마을14단지(경남아너스빌),184.6,202607,2,347500,,18,2009,,,중개거래
41135,성남 분당구 수내동,수내동,,29,양지마을(6단지)(한양603동),59.76,202607,6,151500,주상복합상가 603,10,1993,,,중개거래
41135,성남 분당구 구미동,구미동,,88,까치마을(2단지)(주공),58.14,202607,6,150000,,5,1995,,,중개거래
41135,성남 분당구 이매동,이매동,,110,이매촌(동신9),59.49,202607,6,163000,902,4,1992,,,중개거래
41135,성남 분당구 수내동,수내동,,24,양지마을(5단지)(한양501-514),35.1,202607,6,120000,512,3,1992,,,중개거래
41135,성남 분당구 야탑동,야탑동,,334,장미마을(현대),74.61,202607,5,145000,,8,1993,,,중개거래
41135,성남 분당구 수내동,수내동,,24,양지마을(5단지)(한양501-514),35.1,202607,5,118000,509,14,1992,,,중개거래
41135,성남 분당구 정자동,정자동,,112,한솔마을(5단지)(주공),42.75,202607,5,115700,,5,1994,,,중개거래
41135,성남 분당구 삼평동,삼평동,,705,봇들마을1단지(판교신미주),82.794,202607,4,204000,,11,2009,,,중개거래
41135,성남 분당구 정자동,정자동,,112,한솔마을(5단지)(주공),41.85,202607,4,115000,,2,1994,,,중개거래
41135,성남 분당구 야탑동,야탑동,,535,탑마을(대우),101.76,202607,4,165000,,6,1992,,,중개거래
41135,성남 분당구 대장동,대장동,,642,판교풍경채어바니티(5단지),84.973,202607,4,149000,507동,14,2021,,,중개거래
41135,성남 분당구 서현동,서현동,,92,시범현대,193.44,202607,4,265000,,1,1991,,,중개거래
41135,성남 분당구 수내동,수내동,,24,양지마을(5단지)(한양501-514),35.1,202607,1,122000,510,6,1992,,,중개거래
41135,성남 분당구 야탑동,야탑동,,205,매화마을(주공3),46.2,202607,4,95000,308,5,1993,,,중개거래
41135,성남 분당구 수내동,수내동,,75,푸른마을(쌍용),59.78,202607,4,147000,,4,1992,,,중개거래
41135,성남 분당구 정자동,정자동,,117,한솔마을(6단지)(주공),37.67,202607,4,110500,607,12,1995,,,중개거래
41135,성남 분당구 이매동,이매동,,132,아름마을(한성),83.64,202607,4,160000,204,1,1992,,,중개거래
41135,성남 분당구 금곡동,금곡동,,133,청솔마을(주공9단지),42.84,202607,3,111000,906,15,1995,,,중개거래
41135,성남 분당구 운중동,운중동,,956,산운마을8단지(부영사랑으로),59.612,202607,4,159500,,8,2008,,,중개거래
41135,성남 분당구 정자동,정자동,,111,한솔마을(2단지)(LG),101.85,202607,4,183000,,9,1995,,,중개거래
41135,성남 분당구 야탑동,야탑동,,330,장미마을(동부),59.76,202607,4,129500,,2,1993,,,중개거래
41135,성남 분당구 이매동,이매동,,140,아름마을(풍림),75.15,202607,4,197000,508,10,1993,,,중개거래
41135,성남 분당구 야탑동,야탑동,,330,장미마을(동부),84.99,202607,3,157000,,12,1993,,,중개거래
41135,성남 분당구 수내동,수내동,,24,양지마을(5단지)(한양501-514),35.1,202607,4,120000,511,4,1992,,,중개거래
41135,성남 분당구 서현동,서현동,,301,효자촌(삼환),129.761,202607,4,208000,,3,1992,,,중개거래
41135,성남 분당구 운중동,운중동,,956,산운마을8단지(부영사랑으로),59.524,202607,4,157000,,15,2008,,,중개거래
41135,성남 분당구 정자동,정자동,,112,한솔마을(5단지)(주공),42.75,202607,3,110000,503,18,1994,,,중개거래
41135,성남 분당구 금곡동,금곡동,,202,분당하우스토리,132.14,202607,3,160000,분당하우스토리(103동),3,2004,,,중개거래
41135,성남 분당구 정자동,정자동,,198,정든마을(6단지)(우성),48.84,202607,3,122000,,2,1994,,,중개거래
41135,성남 분당구 구미동,구미동,,63,까치마을(4단지)(롯데),84.79,202607,3,193000,,15,1995,,,중개거래
41135,성남 분당구 정자동,정자동,,110,한솔마을(1단지)(청구),101.99,202607,3,188500,103,14,1994,,,중개거래
41135,성남 분당구 야탑동,야탑동,,211,매화마을(주공4),41.85,202607,4,83500,401,14,1993,,,중개거래
41135,성남 분당구 백현동,백현동,,531,판교알파리움1단지,96.148,202607,1,250000,101,11,2015,,,중개거래
41135,성남 분당구 수내동,수내동,,24,양지마을(5단지)(한양501-514),48.51,202607,3,152000,501,1,1992,,,중개거래
41135,성남 분당구 삼평동,삼평동,,738,봇들마을7단지,108.15,202607,2,333000,,6,2009,,,중개거래
41135,성남 분당구 야탑동,야탑동,,211,매화마을(주공4),35.28,202607,1,71800,,3,1993,,,중개거래
41135,성남 분당구 이매동,이매동,,124,이매촌(한신),66.27,202607,2,173000,,6,1992,,,중개거래
41135,성남 분당구 정자동,정자동,,102,한솔마을(4단지)(주공),41.85,202607,2,114800,,12,1994,,,중개거래
41135,성남 분당구 야탑동,야탑동,,211,매화마을(주공4),41.85,202607,2,80000,406,10,1993,,,중개거래
41135,성남 분당구 운중동,운중동,,989,산운마을5단지(한성필하우스),84.8205,202607,2,194500,503,10,2009,,,중개거래
41135,성남 분당구 운중동,운중동,,899,산운마을4단지(리가),84.8536,202607,2,161500,401,11,2009,,,중개거래
41135,성남 분당구 수내동,수내동,,24,양지마을(5단지)(한양501-514),42.56,202607,2,148000,513,15,1992,,,중개거래
41135,성남 분당구 야탑동,야탑동,,215,매화마을공무원2,58.71,202607,2,104000,,5,1995,,,중개거래
41135,성남 분당구 이매동,이매동,,133,아름마을(삼호),84.84,202607,1,179000,,9,1992,,,중개거래
41135,성남 분당구 이매동,이매동,,133,아름마을(두산),132.72,202607,2,196000,419,15,1992,,,중개거래
41135,성남 분당구 서현동,서현동,,292,효자촌(임광),101.34,202607,2,165000,312,1,1992,,,중개거래
41135,성남 분당구 구미동,구미동,,110,하얀마을(5단지)(주공),38.07,202607,1,88500,,20,1995,,,중개거래
41135,성남 분당구 판교동,판교동,,629,판교원마을3단지(푸르지오),101.27,202607,1,206000,301,29,2009,,,중개거래
41135,성남 분당구 백현동,백현동,,608,THESHARP판교퍼스트파크,84.8034,202607,1,154000,,21,2021,,,중개거래
41135,성남 분당구 구미동,구미동,,77,까치마을(1단지)(대우롯데선경),84.79,202607,1,191000,116,18,1995,,,중개거래
41135,성남 분당구 야탑동,야탑동,,215,매화마을공무원2,58.71,202607,1,109800,,4,1995,,,중개거래
41135,성남 분당구 구미동,구미동,,201,무지개(3단지)(신한),53.46,202607,1,105600,,1,1996,,,중개거래
41135,성남 분당구 운중동,운중동,,916,산운마을14단지(경남아너스빌),150.21,202607,1,250000,1407,10,2009,,,중개거래
41135,성남 분당구 수내동,수내동,,24,양지마을(5단지)(한양501-514),35.1,202607,1,120000,512,2,1992,,,중개거래
41135,성남 분당구 야탑동,야탑동,,334,장미마을(현대),41.76,202607,1,89500,,2,1993,,,중개거래
41135,성남 분당구 서현동,서현동,,91,시범한양,28.71,202607,1,99000,328,5,1991,,,중개거래
41135,성남 분당구 야탑동,야탑동,,334,장미마을(현대),41.76,202607,1,95000,,4,1993,,,중개거래
41135,성남 분당구 야탑동,야탑동,,211,매화마을(주공4),35.28,202607,1,74500,,2,1993,,,중개거래
41135,성남 분당구 정자동,정자동,,111,한솔마을(2단지)(LG),101.85,202607,1,187500,205,5,1995,,,중개거래
41135,성남 분당구 분당동,분당동,,66,장안타운(건영),85.0,202607,1,142500,117,11,1993,,,중개거래
41135,성남 분당구 금곡동,금곡동,,192,두산위브트레지움,147.52,202607,1,185000,,9,2003,,,중개거래
41135,성남 분당구 운중동,운중동,,918,산운마을13단지(태영),101.67,202607,1,180000,,10,2010,,,중개거래
41135,성남 분당구 금곡동,금곡동,,176,청솔마을(계룡),55.44,202607,1,152000,108,9,1996,,,중개거래
41135,성남 분당구 정자동,정자동,,200,정든마을(1단지)(동아),101.99,202607,1,178500,,10,1995,,,중개거래
41135,성남 분당구 정자동,정자동,,112,한솔마을(5단지)(주공),74.91,202607,1,169500,,11,1994,,,중개거래
41135,성남 분당구 정자동,정자동,,112,한솔마을(5단지)(주공),42.75,202607,1,110000,503,16,1994,,,중개거래
41135,성남 분당구 대장동,대장동,,591,판교퍼스트힐푸르지오A2,84.85,202607,10,132000,,4,2021,,,중개거래
41135,성남 분당구 백현동,백현동,,530,판교알파리움2단지,129.253,202607,6,280000,,5,2015,,,중개거래
41135,성남 분당구 삼평동,삼평동,,718,봇들마을4단지(주공),74.45,202608,14,217000,,17,2009,,,중개거래
41135,성남 분당구 정자동,정자동,,11,현대I-PARK3,153.39,202608,27,236000,,33,2003,,,중개거래
41135,성남 분당구 야탑동,야탑동,,205,매화마을(주공3),38.34,202608,28,80000,,5,1993,,,중개거래
41135,성남 분당구 금곡동,금곡동,,133,청솔마을(주공9단지),36.54,202608,29,104000,,6,1995,,,중개거래
41135,성남 분당구 구미동,구미동,,66,까치마을(3단지)(신원),167.4,202608,31,140000,,25,1995,,,직거래
41135,성남 분당구 백현동,백현동,,555,백현마을6단지(주공),84.69,202608,27,265000,,18,2009,,,중개거래
41135,성남 분당구 정자동,정자동,,6,파크뷰,199.777,202608,28,415000,,17,2004,,,중개거래
41135,성남 분당구 정자동,정자동,,28-1,로얄팰리스,158.69,202608,27,230000,,6,2003,,,중개거래
41135,성남 분당구 정자동,정자동,,121,상록마을(우성)1,162.57,202608,29,288000,,9,1994,,,중개거래
41135,성남 분당구 서현동,서현동,,299,효자촌(현대),84.6,202608,31,195200,,3,1992,,,중개거래
41135,성남 분당구 백현동,백현동,,608,THESHARP판교퍼스트파크,129.8347,202608,26,205000,,9,2021,,,중개거래
41135,성남 분당구 서현동,서현동,,91,시범한양,35.1,202608,24,130500,,5,1991,,,중개거래
41135,성남 분당구 구미동,구미동,,213,무지개(11단지)(금강센테리움),49.77,202608,11,102500,,10,1995,,,중개거래
41135,성남 분당구 정자동,정자동,,107,한솔마을(3단지)(한일),59.96,202608,14,160000,,2,1993,,,중개거래
41135,성남 분당구 수내동,수내동,,34,양지마을(금호1),198.45,202608,24,330000,,9,1992,,,중개거래
41135,성남 분당구 판교동,판교동,,585,판교원마을9단지(한림풀에버),84.9958,202608,31,184000,,10,2009,,,중개거래
41135,성남 분당구 정자동,정자동,,11,현대I-PARK3,153.39,202608,27,236000,,33,2003,,26.09.28,중개거래
41135,성남 분당구 정자동,정자동,,12-2,성원상떼뷰201동,84.95,202608,24,178800,,4,2004,,,중개거래
41135,성남 분당구 구미동,구미동,,77,까치마을(1단지)(대우롯데선경),70.66,202608,7,176000,,6,1995,,,중개거래
41135,성남 분당구 정자동,정자동,,192,정든마을(5단지)(신화),69.93,202608,31,166000,,15,1995,,,중개거래
41135,성남 분당구 야탑동,야탑동,,215,매화마을공무원2,66.6,202608,30,120500,,8,1995,,,중개거래
41135,성남 분당구 정자동,정자동,,198,정든마을(6단지)(우성),48.84,202608,31,126000,,14,1994,,,중개거래
41135,성남 분당구 구미동,구미동,,63,까치마을(4단지)(선경),134.83,202608,21,218000,,11,1995,,,중개거래
41135,성남 분당구 정자동,정자동,,117,한솔마을(6단지)(주공),58.19,202608,21,156000,612,8,1995,,,중개거래
41135,성남 분당구 판교동,판교동,,635,판교원마을6단지(판교대광로제비앙),58.14,202608,29,153000,,18,2009,,,중개거래
41135,성남 분당구 삼평동,삼평동,,705,봇들마을1단지(판교신미주),83.235,202608,29,180000,,2,2009,,,중개거래
41135,성남 분당구 서현동,서현동,,91,시범한양,35.1,202608,29,133000,,5,1991,,,중개거래
41135,성남 분당구 판교동,판교동,,634,판교원마을5단지(푸르지오),84.56,202608,27,192000,,11,2009,,,중개거래
41135,성남 분당구 구미동,구미동,,213,무지개(11단지)(금강센테리움),49.77,202608,27,98500,,10,1995,,,중개거래
41135,성남 분당구 금곡동,금곡동,,180,청솔마을(유천),40.5,202608,15,123000,,6,1995,,,중개거래
41135,성남 분당구 운중동,운중동,,899,산운마을4단지(리가),84.8501,202608,18,165000,,15,2009,,,중개거래
41135,성남 분당구 삼평동,삼평동,,722,봇들마을3단지(주공),59.95,202608,26,196800,,15,2009,,,중개거래
41135,성남 분당구 정자동,정자동,,112,한솔마을(5단지)(주공),42.75,202608,26,150000,,16,1994,,,중개거래
41135,성남 분당구 삼평동,삼평동,,740,판교호반써밋플레이스,131.24,202608,26,299500,,7,2012,,,중개거래
41135,성남 분당구 야탑동,야탑동,,215,매화마을공무원2,58.71,202608,6,108700,,8,1995,,,중개거래
41135,성남 분당구 삼평동,삼평동,,738,봇들마을7단지,84.82,202608,26,270000,,1,2009,,,중개거래
41135,성남 분당구 정자동,정자동,,102,한솔마을(4단지)(주공),41.85,202608,25,119500,,15,1994,,,중개거래
41135,성남 분당구 야탑동,야탑동,,215,매화마을공무원2,58.71,202608,25,108000,,3,1995,,,중개거래
41135,성남 분당구 정자동,정자동,,112,한솔마을(5단지)(주공),74.16,202608,25,169500,,11,1994,,,중개거래
41135,성남 분당구 구미동,구미동,,202,무지개(2단지)(엘지),84.822,202608,25,153500,,10,1995,,,중개거래
41135,성남 분당구 야탑동,야탑동,,518,탑마을(주공),41.85,202608,13,95000,,8,1993,,,중개거래
41135,성남 분당구 정자동,정자동,,112,한솔마을(5단지)(주공),74.16,202608,24,159000,,13,1994,,,중개거래
41135,성남 분당구 금곡동,금곡동,,133,청솔마을(주공9단지),36.54,202608,7,95000,,1,1995,,,중개거래
41135,성남 분당구 금곡동,금곡동,,201,코오롱더프라우,172.094,202608,24,168000,,21,2004,,,중개거래
41135,성남 분당구 서현동,서현동,,91,시범한양,35.1,202608,1,129000,,6,1991,,,중개거래
41135,성남 분당구 정자동,정자동,,117,한솔마을(6단지)(주공),58.19,202608,21,156000,,8,1995,,,중개거래
41135,성남 분당구 정자동,정자동,,9,현대I-PARK1,80.31,202608,17,190000,,11,2003,,,중개거래
41135,성남 분당구 대장동,대장동,,638,판교더샵포레스트11단지,84.9852,202608,20,145000,,15,2021,,,중개거래
41135,성남 분당구 정자동,정자동,,112,한솔마을(5단지)(주공),74.16,202608,23,165000,,1,1994,,,중개거래
41135,성남 분당구 판교동,판교동,,637,판교원마을7단지(모아미래도),56.555,202608,22,153500,,3,2009,,,중개거래
41135,성남 분당구 야탑동,야탑동,,188,SK-VIEW,84.944,202608,22,98000,,10,2003,,,중개거래
41135,성남 분당구 운중동,운중동,,958,산운마을9단지(대방노블랜드),59.93,202608,21,163000,,2,2008,,,중개거래
41135,성남 분당구 서현동,서현동,,91,시범한양,84.93,202608,21,217000,,10,1991,,,중개거래
41135,성남 분당구 금곡동,금곡동,,133,청솔마을(주공9단지),36.54,202608,21,113000,,6,1995,,,중개거래
41135,성남 분당구 서현동,서현동,,91,시범한양,134.87,202608,21,268000,,14,1991,,,중개거래
41135,성남 분당구 대장동,대장동,,623,판교풍경채어바니티(7단지),84.973,202608,21,148000,,14,2021,,,중개거래
41135,성남 분당구 야탑동,야탑동,,330,장미마을(동부),59.76,202608,21,142000,,7,1993,,,중개거래
41135,성남 분당구 금곡동,금곡동,,133,청솔마을(주공9단지),36.54,202608,21,109500,,3,1995,,,중개거래
41135,성남 분당구 금곡동,금곡동,,201,코오롱더프라우,172.094,202608,17,167000,,26,2004,,,중개거래
41135,성남 분당구 판교동,판교동,,585,판교원마을9단지(한림풀에버),84.9958,202608,20,184500,,15,2009,,,중개거래
41135,성남 분당구 정자동,정자동,,102,한솔마을(4단지)(주공),36.0,202608,20,114000,,8,1994,,,중개거래
41135,성남 분당구 야탑동,야탑동,,517,탑마을(벽산),134.79,202608,20,188000,,14,1994,,,중개거래
41135,성남 분당구 운중동,운중동,,899,산운마을4단지(리가),84.8536,202608,20,162000,,21,2009,,,중개거래
41135,성남 분당구 야탑동,야탑동,,215,매화마을공무원2,58.71,202608,19,115000,,7,1995,,,중개거래
41135,성남 분당구 구미동,구미동,,201,무지개(3단지)(건영),68.16,202608,17,134500,,15,1996,,,중개거래
41135,성남 분당구 야탑동,야탑동,,201,매화마을공무원1,58.92,202608,19,105000,,2,1995,,,중개거래
41135,성남 분당구 운중동,운중동,,918,산운마을13단지(태영),115.52,202608,11,190000,1308,13,2010,,,중개거래
41135,성남 분당구 분당동,분당동,,66,장안타운(건영),70.68,202608,11,145000,107,4,1993,,,중개거래
41135,성남 분당구 야탑동,야탑동,,211,매화마을(주공4),41.85,202608,6,79000,,14,1993,,,중개거래
41135,성남 분당구 수내동,수내동,,32,"양지마을(6단지)(금호,청구)",59.94,202608,14,155000,,12,1992,,,중개거래
41135,성남 분당구 정자동,정자동,,117,한솔마을(6단지)(주공),37.67,202608,18,115500,,14,1995,,,중개거래
41135,성남 분당구 삼평동,삼평동,,705,봇들마을1단지(판교신미주),83.235,202608,18,190000,,4,2009,,,중개거래
41135,성남 분당구 정자동,정자동,,200,정든마을(1단지)(동아),124.26,202608,1,185000,,4,1995,,,중개거래
41135,성남 분당구 야탑동,야탑동,,215,매화마을공무원2,58.71,202608,18,116500,,10,1995,,,중개거래
41135,성남 분당구 정자동,정자동,,215,더샵분당파크리버,84.9987,202608,17,184500,,11,2021,,,중개거래
41135,성남 분당구 정자동,정자동,,112,한솔마을(5단지)(주공),41.85,202608,17,114000,,3,1994,,,중개거래
41135,성남 분당구 정자동,정자동,,174-1,분당더샾스타파크,117.2333,202608,17,195000,,14,2007,,,중개거래
41135,성남 분당구 이매동,이매동,,143,아름마을(효성),130.35,202608,17,260000,,11,1994,,,중개거래
41135,성남 분당구 이매동,이매동,,100,이매촌(삼성),84.94,202608,17,177000,,1,1994,,,중개거래
41135,성남 분당구 삼평동,삼평동,,722,봇들마을3단지(주공),59.95,202608,17,199500,,10,2009,,,중개거래
41135,성남 분당구 구미동,구미동,,110,하얀마을(5단지)(주공),38.07,202608,15,101500,,8,1995,,,중개거래
41135,성남 분당구 서현동,서현동,,91,시범한양,84.99,202608,15,217000,,30,1991,,,중개거래
41135,성남 분당구 이매동,이매동,,133,아름마을(삼호),132.72,202608,15,204000,,4,1992,,,중개거래
41135,성남 분당구 백현동,백현동,,608,THESHARP판교퍼스트파크,84.8034,202608,14,158000,113동,11,2021,,,중개거래
41135,성남 분당구 야탑동,야탑동,,215,매화마을공무원2,58.71,202608,14,112500,,15,1995,,,중개거래
41135,성남 분당구 구미동,구미동,,213,무지개(11단지)(금강센테리움),49.77,202608,15,100000,,7,1995,,,중개거래
41135,성남 분당구 서현동,서현동,,87,시범한신,84.69,202608,15,232000,,6,1991,,,중개거래
41135,성남 분당구 이매동,이매동,,132,아름마을(한성),84.89,202608,15,140000,,2,1992,,,중개거래
41135,성남 분당구 금곡동,금곡동,,141,청솔마을(대원),129.45,202608,14,209000,,6,1994,,,중개거래
41135,성남 분당구 구미동,구미동,,212,무지개(12단지)(주공),49.36,202608,15,106500,,12,1995,,,중개거래
41135,성남 분당구 정자동,정자동,,102,한솔마을(4단지)(주공),35.28,202608,15,108000,,12,1994,,,중개거래
41135,성남 분당구 야탑동,야탑동,,201,매화마을공무원1,59.98,202608,15,105500,,5,1995,,,중개거래
41135,성남 분당구 정자동,정자동,,102,한솔마을(4단지)(주공),35.28,202608,15,107700,,9,1994,,,중개거래
41135,성남 분당구 정자동,정자동,,102,한솔마을(4단지)(주공),36.0,202608,15,112000,,8,1994,,,중개거래
41135,성남 분당구 구미동,구미동,,212,무지개(12단지)(주공),49.67,202608,15,105000,,9,1995,,,중개거래
41135,성남 분당구 정자동,정자동,,117,한솔마을(6단지)(주공),58.19,202608,15,140000,,11,1995,,,중개거래
41135,성남 분당구 이매동,이매동,,100,이매촌(삼성),73.25,202608,14,172000,,4,1994,,,중개거래
41135,성남 분당구 이매동,이매동,,124,이매촌(한신),50.1,202608,15,149600,,7,1992,,,중개거래
41135,성남 분당구 삼평동,삼평동,,718,봇들마을4단지(주공),74.45,202608,14,217000,,17,2009,,26.10.03,중개거래
41135,성남 분당구 운중동,운중동,,916,산운마을14단지(경남아너스빌),101.25,202608,10,162000,,8,2009,,,중개거래
41135,성남 분당구 이매동,이매동,,123,이매촌(청구),59.92,202608,14,167500,,7,1992,,,중개거래
41135,성남 분당구 금곡동,금곡동,,133,청솔마을(주공9단지),36.54,202608,14,107000,,4,1995,,,중개거래
41135,성남 분당구 정자동,정자동,,192,정든마을(5단지)(신화),52.44,202608,14,148500,,2,1995,,,중개거래
41135,성남 분당구 정자동,정자동,,9,현대I-PARK1,171.78,202608,14,250000,,25,2003,,,중개거래
41135,성남 분당구 운중동,운중동,,958,산운마을9단지(대방노블랜드),84.99,202608,13,200000,,9,2008,,,중개거래
41135,성남 분당구 야탑동,야탑동,,215,매화마을공무원2,66.6,202608,13,125000,,7,1995,,,중개거래
41135,성남 분당구 금곡동,금곡동,,176,청솔마을(계룡),55.44,202608,13,160000,,11,1996,,,중개거래
41135,성남 분당구 구미동,구미동,,221,무지개(5단지)(청구),58.49,202608,13,124800,,5,1995,,,중개거래
41135,성남 분당구 대장동,대장동,,638,판교더샵포레스트11단지,84.9673,202608,10,145000,,16,2021,,,중개거래
41135,성남 분당구 정자동,정자동,,9,현대I-PARK1,196.38,202608,13,300000,101,6,2003,,,중개거래
41135,성남 분당구 야탑동,야탑동,,518,탑마을(주공),36.0,202608,12,83000,804,3,1993,,,중개거래
41135,성남 분당구 정자동,정자동,,117,한솔마을(6단지)(주공),37.67,202608,12,112900,,2,1995,,,중개거래
41135,성남 분당구 구미동,구미동,,63,까치마을(4단지)(롯데),70.66,202608,12,174500,,9,1995,,,중개거래
41135,성남 분당구 정자동,정자동,,197,정든마을(4단지)(우성),162.57,202608,12,190000,,25,1995,,,중개거래
41135,성남 분당구 운중동,운중동,,922,산운마을11단지(판교포레라움),51.16,202608,12,138000,,1,2009,,,중개거래
41135,성남 분당구 금곡동,금곡동,,176,청솔마을(계룡),55.44,202608,12,158500,,3,1996,,,중개거래
41135,성남 분당구 백현동,백현동,,530,판교알파리움2단지,129.253,202608,24,299980,205,7,2015,,,중개거래
41135,성남 분당구 정자동,정자동,,112,한솔마을(5단지)(주공),74.91,202608,5,124000,507,15,1994,,,직거래
41135,성남 분당구 야탑동,야탑동,,535,탑마을(대우),134.31,202608,11,173000,,11,1992,,,중개거래
41135,성남 분당구 구미동,구미동,,63,까치마을(4단지)(롯데),51.32,202608,11,149900,,8,1995,,,중개거래
41135,성남 분당구 분당동,분당동,,34,샛별마을(라이프),126.415,202608,7,199000,,16,1992,,,중개거래
41135,성남 분당구 야탑동,야탑동,,215,매화마을공무원2,58.71,202608,11,111700,,12,1995,,,중개거래
41135,성남 분당구 정자동,정자동,,112,한솔마을(5단지)(주공),51.66,202608,11,149000,,8,1994,,,중개거래
41135,성남 분당구 서현동,서현동,,301,효자촌(삼환),164.79,202608,11,185000,,6,1992,,,직거래
41135,성남 분당구 야탑동,야탑동,,334,장미마을(현대),75.188,202608,11,152000,,11,1993,,,중개거래
41135,성남 분당구 대장동,대장동,,642,판교풍경채어바니티(5단지),84.973,202608,1,154700,,19,2021,,,중개거래
41135,성남 분당구 분당동,분당동,,39,샛별마을(삼부),69.96,202608,10,180000,,6,1992,,,중개거래
41135,성남 분당구 정자동,정자동,,110,한솔마을(1단지)(청구),49.35,202608,10,110000,,1,1994,,,중개거래
41135,성남 분당구 삼평동,삼평동,,722,봇들마을3단지(주공),59.95,202608,10,188000,,5,2009,,,중개거래
41135,성남 분당구 야탑동,야탑동,,330,장미마을(동부),70.56,202608,10,153000,139,12,1993,,,중개거래
41135,성남 분당구 수내동,수내동,,54,파크타운(삼익),101.835,202608,10,230000,,6,1993,,,중개거래
41135,성남 분당구 분당동,분당동,,66,장안타운(건영),70.68,202608,10,127000,,14,1993,,,중개거래
41135,성남 분당구 대장동,대장동,,595,힐스테이트판교엘포레A6BL,128.116,202608,3,161000,,2,2021,,,중개거래
41135,성남 분당구 정자동,정자동,,112,한솔마을(5단지)(주공),51.66,202608,10,149700,,14,1994,,,중개거래
41135,성남 분당구 정자동,정자동,,192,정든마을(5단지)(신화),84.93,202608,10,188500,,12,1995,,,중개거래
41135,성남 분당구 구미동,구미동,,63,까치마을(4단지)(롯데),70.66,202608,10,179000,,11,1995,,,중개거래
41135,성남 분당구 서현동,서현동,,91,시범한양,35.1,202608,10,140000,,8,1991,,,중개거래
41135,성남 분당구 야탑동,야탑동,,334,장미마을(현대),74.61,202608,8,151000,823,12,1993,,,중개거래
41135,성남 분당구 삼평동,삼평동,,722,봇들마을3단지(주공),59.95,202608,8,185000,,1,2009,,,중개거래
41135,성남 분당구 야탑동,야탑동,,201,매화마을공무원1,58.92,202608,8,108900,,8,1995,,,중개거래
41135,성남 분당구 운중동,운중동,,921,산운마을12단지판교센트럴포레와이시티,59.84,202608,8,164000,,16,2009,,,중개거래
41135,성남 분당구 삼평동,삼평동,,722,봇들마을3단지(주공),59.95,202608,8,181000,,2,2009,,,중개거래
41135,성남 분당구 금곡동,금곡동,,143,청솔마을(성원),101.88,202608,8,209000,,9,1994,,,중개거래
41135,성남 분당구 삼평동,삼평동,,722,봇들마을3단지(주공),59.85,202608,7,195000,,6,2009,,,중개거래
41135,성남 분당구 구미동,구미동,,213,무지개(11단지)(금강센테리움),49.77,202608,7,109000,,4,1995,,,중개거래
41135,성남 분당구 서현동,서현동,,299,효자촌(현대),59.82,202608,7,160000,,3,1992,,,중개거래
41135,성남 분당구 백현동,백현동,,555,백현마을6단지(주공),74.76,202608,8,245000,,19,2009,,,중개거래
41135,성남 분당구 구미동,구미동,,88,까치마을(2단지)(주공),58.14,202608,7,152000,,3,1995,,,중개거래
41135,성남 분당구 구미동,구미동,,212,무지개(12단지)(주공),58.14,202608,7,118000,,8,1995,,,중개거래
41135,성남 분당구 야탑동,야탑동,,201,매화마을공무원1,59.98,202608,7,104000,,16,1995,,,중개거래
41135,성남 분당구 야탑동,야탑동,,215,매화마을공무원2,58.71,202608,7,109300,,16,1995,,,중개거래
41135,성남 분당구 서현동,서현동,,91,시범한양,28.71,202608,7,102500,,15,1991,,,중개거래
41135,성남 분당구 구미동,구미동,,212,무지개(12단지)(주공),59.98,202608,6,116000,,15,1995,,,중개거래
41135,성남 분당구 정자동,정자동,,28-1,로얄팰리스,147.1,202608,6,225000,,6,2003,,,중개거래
41135,성남 분당구 야탑동,야탑동,,201,매화마을공무원1,58.92,202608,6,110000,,7,1995,,,중개거래
41135,성남 분당구 이매동,이매동,,124,이매촌(한신),50.1,202608,6,150000,,7,1992,,,중개거래
41135,성남 분당구 수내동,수내동,,34,양지마을(금호1),84.9,202608,3,240000,,2,1992,,,중개거래
41135,성남 분당구 백현동,백현동,,608,THESHARP판교퍼스트파크,84.953,202608,3,168000,,4,2021,,,중개거래
41135,성남 분당구 야탑동,야탑동,,391,현대I-PARK,146.8267,202608,3,175000,,1,2003,,,중개거래
41135,성남 분당구 야탑동,야탑동,,530,탑마을(진덕),131.4,202608,1,195000,,5,1993,,,중개거래
41135,성남 분당구 수내동,수내동,,36,양지마을(2단지)(청구),134.8,202608,1,265000,,9,1992,,,중개거래
41135,성남 분당구 백현동,백현동,,531,판교알파리움1단지,142.013,202608,11,380000,,6,2015,,,중개거래
41135,성남 분당구 정자동,정자동,,112,한솔마을(5단지)(주공),42.75,202609,20,114000,,9,1994,,,중개거래
41135,성남 분당구 대장동,대장동,,623,판교풍경채어바니티(7단지),84.973,202609,10,144500,,5,2021,,,중개거래
41135,성남 분당구 금곡동,금곡동,,201,코오롱더프라우,172.094,202609,19,164000,,5,2004,,,중개거래
41135,성남 분당구 구미동,구미동,,66,까치마을(3단지)(신원),130.83,202609,22,217500,,12,1995,,,중개거래
41135,성남 분당구 정자동,정자동,,117,한솔마을(6단지)(주공),58.19,202609,29,165000,,13,1995,,,중개거래
41135,성남 분당구 야탑동,야탑동,,525,탑마을(경남)1,134.79,202609,8,182000,,17,1994,,,중개거래
41135,성남 분당구 야탑동,야탑동,,518,탑마을(주공),35.28,202609,9,87000,,8,1993,,,중개거래
41135,성남 분당구 이매동,이매동,,100,이매촌(삼성),127.83,202609,23,210000,,21,1994,,,중개거래
41135,성남 분당구 대장동,대장동,,595,힐스테이트판교엘포레A6BL,128.216,202609,29,168000,,6,2021,,,중개거래
41135,성남 분당구 정자동,정자동,,28-1,로얄팰리스,244.15,202609,30,320000,,9,2003,,,중개거래
41135,성남 분당구 야탑동,야탑동,,518,탑마을(주공),35.28,202609,17,89700,,9,1993,,,중개거래
41135,성남 분당구 정자동,정자동,,14-1,동양정자파라곤(2단지),146.37,202609,16,218000,,9,2004,,,중개거래
41135,성남 분당구 정자동,정자동,,198,정든마을(2단지)(동아),84.97,202609,29,165000,,21,1995,,,중개거래
41135,성남 분당구 대장동,대장동,,642,판교풍경채어바니티(5단지),84.7897,202609,23,153000,,7,2021,,,중개거래
41135,성남 분당구 서현동,서현동,,87,시범한신,59.995,202609,28,183000,,1,1991,,,중개거래
41135,성남 분당구 운중동,운중동,,958,산운마을9단지(대방노블랜드),59.93,202609,17,159000,,15,2008,,,직거래
41135,성남 분당구 구미동,구미동,,63,까치마을(4단지)(선경),84.79,202609,28,195000,,4,1995,,,중개거래
41135,성남 분당구 구미동,구미동,,66,까치마을(3단지)(신원),130.83,202609,21,219000,,7,1995,,,중개거래
41135,성남 분당구 정자동,정자동,,11,현대I-PARK3,163.74,202609,4,239000,,12,2003,,,중개거래
41135,성남 분당구 서현동,서현동,,299,효자촌(현대),160.2,202609,15,235000,,8,1992,,,중개거래
41135,성남 분당구 야탑동,야탑동,,201,매화마을공무원1,58.92,202609,28,105900,,5,1995,,,중개거래
41135,성남 분당구 대장동,대장동,,595,힐스테이트판교엘포레A6BL,128.216,202609,28,169500,,9,2021,,,중개거래
41135,성남 분당구 수내동,수내동,,71,푸른마을(벽산),131.4,202609,28,240000,,15,1992,,,중개거래
41135,성남 분당구 백현동,백현동,,542,판교푸르지오그랑블,103.9649,202609,23,360000,,17,2011,,,중개거래
41135,성남 분당구 야탑동,야탑동,,215,매화마을공무원2,58.19,202609,23,108000,,13,1995,,,중개거래
41135,성남 분당구 백현동,백현동,,555,백현마을6단지(주공),74.76,202609,23,244000,,8,2009,,,중개거래
41135,성남 분당구 구미동,구미동,,240,무지개(9단지)(동아),134.16,202609,19,150000,,7,1995,,,중개거래
41135,성남 분당구 서현동,서현동,,87,시범한신,84.69,202609,23,233000,,23,1991,,,중개거래
41135,성남 분당구 분당동,분당동,,39,샛별마을(삼부),84.6,202609,23,180000,,7,1992,,,중개거래
41135,성남 분당구 정자동,정자동,,180,미켈란쉐르빌,23.51,202609,5,31500,,5,2003,,,중개거래
41135,성남 분당구 정자동,정자동,,121,상록마을(우성)1,69.12,202609,16,227000,,11,1994,,,중개거래
41135,성남 분당구 판교동,판교동,,585,판교원마을9단지(한림풀에버),84.9562,202609,23,190000,,7,2009,,,중개거래
41135,성남 분당구 판교동,판교동,,635,판교원마을6단지(판교대광로제비앙),58.24,202609,22,153500,,14,2009,,,중개거래
41135,성남 분당구 야탑동,야탑동,,211,매화마을(주공4),35.28,202609,22,78500,,2,1993,,,중개거래
41135,성남 분당구 서현동,서현동,,91,시범한양,35.1,202609,22,80000,,15,1991,,,중개거래
41135,성남 분당구 운중동,운중동,,922,산운마을11단지(판교포레라움),59.9,202609,22,166000,,13,2009,,,중개거래
41135,성남 분당구 구미동,구미동,,211,무지개(1단지)(대림),60.72,202609,21,129000,,9,1995,,,중개거래
41135,성남 분당구 수내동,수내동,,52,파크타운(서안),84.6,202609,21,218000,,11,1993,,,중개거래
41135,성남 분당구 정자동,정자동,,198,정든마을(6단지)(우성),48.84,202609,5,124250,,6,1994,,,중개거래
41135,성남 분당구 구미동,구미동,,201,무지개(3단지)(신한),69.72,202609,19,141000,,15,1996,,,중개거래
41135,성남 분당구 정자동,정자동,,112,한솔마을(5단지)(주공),42.75,202609,19,116000,,15,1994,,,중개거래
41135,성남 분당구 야탑동,야탑동,,215,매화마을공무원2,58.71,202609,19,107000,,2,1995,,,중개거래
41135,성남 분당구 야탑동,야탑동,,215,매화마을공무원2,58.71,202609,19,109000,,12,1995,,,중개거래
41135,성남 분당구 정자동,정자동,,102,한솔마을(4단지)(주공),35.28,202609,19,110000,,12,1994,,,중개거래
41135,성남 분당구 야탑동,야탑동,,205,매화마을(주공3),38.34,202609,19,91000,,5,1993,,,중개거래
41135,성남 분당구 정자동,정자동,,198,정든마을(2단지)(동아),84.97,202609,2,173000,,14,1995,,,중개거래
41135,성남 분당구 야탑동,야탑동,,215,매화마을공무원2,58.71,202609,18,117600,,14,1995,,,중개거래
41135,성남 분당구 야탑동,야탑동,,201,매화마을공무원1,58.92,202609,18,113000,,7,1995,,,중개거래
41135,성남 분당구 야탑동,야탑동,,530,탑마을(진덕),131.4,202609,17,210000,,10,1993,,,중개거래
41135,성남 분당구 판교동,판교동,,513,판교원마을11단지(힐스테이트),118.6,202609,3,193000,,8,2009,,,중개거래
41135,성남 분당구 이매동,이매동,,123,이매촌(청구),84.99,202609,1,218000,,8,1992,,,중개거래
41135,성남 분당구 삼평동,삼평동,,722,봇들마을3단지(주공),59.84,202609,17,192000,,2,2009,,,중개거래
41135,성남 분당구 야탑동,야탑동,,211,매화마을(주공4),35.28,202609,17,75000,,1,1993,,,중개거래
41135,성남 분당구 정자동,정자동,,12-3,성원상떼뷰101동,158.74,202609,17,243000,,9,2004,,,중개거래
41135,성남 분당구 판교동,판교동,,513,판교원마을11단지(힐스테이트),118.6,202609,11,200000,,9,2009,,,중개거래
41135,성남 분당구 구미동,구미동,,242,무지개(7단지)(라이프),101.99,202609,16,147000,,10,1995,,,중개거래
41135,성남 분당구 구미동,구미동,,88,까치마을(2단지)(주공),58.14,202609,16,150000,,10,1995,,,중개거래
41135,성남 분당구 야탑동,야탑동,,147,목련마을SK,59.93,202609,16,78000,,7,1998,,,중개거래
41135,성남 분당구 서현동,서현동,,91,시범한양,35.1,202609,16,130000,,6,1991,,,중개거래
41135,성남 분당구 정자동,정자동,,198,정든마을(6단지)(우성),84.97,202609,4,170000,,9,1994,,,중개거래
41135,성남 분당구 야탑동,야탑동,,391,현대I-PARK,146.8267,202609,16,202500,,4,2003,,,중개거래
41135,성남 분당구 구미동,구미동,,66,까치마을(3단지)(신원),130.83,202609,14,222000,,12,1995,,,중개거래
41135,성남 분당구 정자동,정자동,,6,파크뷰,139.717,202609,15,303000,,24,2004,,,중개거래
41135,성남 분당구 정자동,정자동,,110,한솔마을(1단지)(청구),134.95,202609,14,215000,,9,1994,,,중개거래
41135,성남 분당구 정자동,정자동,,198,정든마을(6단지)(우성),84.97,202609,14,185000,,9,1994,,,중개거래
41135,성남 분당구 수내동,수내동,,24,양지마을(5단지)(한양501-514),42.56,202609,14,157000,,1,1992,,,중개거래
41135,성남 분당구 서현동,서현동,,87,시범한신,84.69,202609,12,231000,,19,1991,,,중개거래
41135,성남 분당구 분당동,분당동,,66,장안타운(건영),131.55,202609,12,160000,,10,1993,,,중개거래
41135,성남 분당구 정자동,정자동,,112,한솔마을(5단지)(주공),42.75,202609,12,143000,,5,1994,,,중개거래
41135,성남 분당구 판교동,판교동,,635,판교원마을6단지(판교대광로제비앙),58.24,202609,12,155500,,6,2009,,,중개거래
41135,성남 분당구 금곡동,금곡동,,192,두산위브트레지움,120.14,202609,12,190000,,10,2003,,,중개거래
41135,성남 분당구 백현동,백현동,,545,백현마을2단지,84.5,202609,12,275000,,18,2009,,,중개거래
41135,성남 분당구 야탑동,야탑동,,518,탑마을(주공),35.28,202609,11,84000,,3,1993,,,중개거래
41135,성남 분당구 이매동,이매동,,124,이매촌(한신),66.27,202609,11,184500,,22,1992,,,중개거래
41135,성남 분당구 수내동,수내동,,75,푸른마을(쌍용),59.78,202609,2,157500,,2,1992,,,중개거래
41135,성남 분당구 서현동,서현동,,301,효자촌(삼환),101.64,202609,11,190000,,9,1992,,,중개거래
41135,성남 분당구 구미동,구미동,,110,하얀마을(5단지)(주공),39.01,202609,12,96000,,17,1995,,,중개거래
41135,성남 분당구 구미동,구미동,,77,까치마을(1단지)(대우롯데선경),51.32,202609,11,143000,,1,1995,,,중개거래
41135,성남 분당구 이매동,이매동,,123,이매촌(청구),59.92,202609,8,165000,,2,1992,,,중개거래
41135,성남 분당구 판교동,판교동,,634,판교원마을5단지(푸르지오),116.04,202609,10,214000,,4,2009,,,중개거래
41135,성남 분당구 이매동,이매동,,132,아름마을(건영),133.89,202609,10,192000,,10,1992,,,중개거래
41135,성남 분당구 금곡동,금곡동,,181,청솔마을(한라),58.8,202609,10,164000,,6,1995,,,중개거래
41135,성남 분당구 야탑동,야탑동,,201,매화마을공무원1,58.92,202609,10,108000,,10,1995,,,중개거래
41135,성남 분당구 구미동,구미동,,222,무지개(10단지)(삼성),134.97,202609,9,128100,제1005,9,1996,,,직거래
41135,성남 분당구 구미동,구미동,,110,하얀마을(5단지)(주공),35.28,202609,10,100000,,8,1995,,,중개거래
41135,성남 분당구 구미동,구미동,,201,무지개(3단지)(신한),84.768,202609,9,156500,,7,1996,,,중개거래
41135,성남 분당구 수내동,수내동,,51,파크타운(대림),134.413,202609,5,260000,,6,1993,,,중개거래
41135,성남 분당구 구미동,구미동,,77,까치마을(1단지)(대우롯데선경),51.32,202609,9,146800,,9,1995,,,중개거래
41135,성남 분당구 판교동,판교동,,513,판교원마을11단지(힐스테이트),101.38,202609,9,187000,,5,2009,,,중개거래
41135,성남 분당구 정자동,정자동,,117,한솔마을(6단지)(주공),58.71,202609,9,152500,,1,1995,,,중개거래
41135,성남 분당구 정자동,정자동,,174-1,분당더샾스타파크,117.2333,202609,9,197000,,5,2007,,,중개거래
41135,성남 분당구 서현동,서현동,,92,시범현대,84.95,202609,9,217000,,26,1991,,,중개거래
41135,성남 분당구 백현동,백현동,,530,판교알파리움2단지,129.477,202609,2,300000,,4,2015,,,중개거래
41135,성남 분당구 야탑동,야탑동,,201,매화마을공무원1,58.92,202609,9,104000,,4,1995,,,중개거래
41135,성남 분당구 구미동,구미동,,110,하얀마을(5단지)(주공),38.07,202609,7,101000,,21,1995,,,중개거래
41135,성남 분당구 서현동,서현동,,91,시범한양,134.87,202609,9,258500,,9,1991,,,중개거래
41135,성남 분당구 운중동,운중동,,922,산운마을11단지(판교포레라움),59.84,202609,9,164000,,7,2009,,,중개거래
41135,성남 분당구 야탑동,야탑동,,519,야탑진흥더블파크,84.93,202609,7,134000,,6,2005,,,중개거래
41135,성남 분당구 수내동,수내동,,54,파크타운(삼익),131.49,202609,9,245000,,12,1993,,,중개거래
41135,성남 분당구 정자동,정자동,,181,상록마을(임광),48.84,202609,8,149500,,9,1995,,,중개거래
41135,성남 분당구 구미동,구미동,,77,까치마을(1단지)(대우롯데선경),84.79,202609,8,200000,,18,1995,,,중개거래
41135,성남 분당구 금곡동,금곡동,,181,청솔마을(한라),58.8,202609,8,156000,,1,1995,,,중개거래
41135,성남 분당구 분당동,분당동,,66,장안타운(건영),67.73,202609,8,127000,,2,1993,,,중개거래
41135,성남 분당구 구미동,구미동,,202,무지개(2단지)(엘지),84.822,202609,8,150000,,9,1995,,,중개거래
41135,성남 분당구 운중동,운중동,,918,산운마을13단지(태영),101.67,202609,8,200000,,13,2010,,,중개거래
41135,성남 분당구 분당동,분당동,,66,장안타운(건영),85.0,202609,8,97000,,1,1993,,,중개거래
41135,성남 분당구 정자동,정자동,,102,한솔마을(4단지)(주공),35.28,202609,7,109500,,3,1994,,,중개거래
41135,성남 분당구 운중동,운중동,,958,산운마을9단지(대방노블랜드),59.93,202609,3,168000,,11,2008,,,중개거래
41135,성남 분당구 운중동,운중동,,989,산운마을5단지(한성필하우스),84.6283,202609,6,187000,,5,2009,,,중개거래
41135,성남 분당구 판교동,판교동,,634,판교원마을5단지(푸르지오),116.04,202609,2,245000,,32,2009,,,중개거래
41135,성남 분당구 야탑동,야탑동,,201,매화마을공무원1,59.98,202609,5,115000,,11,1995,,,중개거래
41135,성남 분당구 이매동,이매동,,133,아름마을(두산),132.72,202609,5,198500,,20,1992,,,중개거래
41135,성남 분당구 백현동,백현동,,556,백현마을7단지(주공),84.61,202609,4,252000,,5,2009,,,중개거래
41135,성남 분당구 운중동,운중동,,922,산운마을11단지(판교포레라움),51.16,202609,5,141000,,8,2009,,,중개거래
41135,성남 분당구 정자동,정자동,,6,파크뷰,139.68,202609,4,320000,,16,2004,,,중개거래
41135,성남 분당구 판교동,판교동,,623,판교원마을2단지(푸르지오),115.2,202609,5,219000,,11,2009,,,중개거래
41135,성남 분당구 수내동,수내동,,34,양지마을(금호1),84.9,202609,5,244500,,3,1992,,,중개거래
41135,성남 분당구 구미동,구미동,,211,무지개(1단지)(대림),84.97,202609,4,142500,,3,1995,,,중개거래
41135,성남 분당구 이매동,이매동,,123,이매촌(청구),133.15,202609,4,258000,,10,1992,,,중개거래
41135,성남 분당구 야탑동,야탑동,,517,탑마을(벽산),69.87,202609,4,153000,,10,1994,,,중개거래
41135,성남 분당구 서현동,서현동,,308,효자촌(화성),53.82,202609,4,125500,,15,1994,,,중개거래
41135,성남 분당구 백현동,백현동,,542,판교푸르지오그랑블,117.5193,202609,1,429000,,20,2011,,,중개거래
41135,성남 분당구 운중동,운중동,,916,산운마을14단지(경남아너스빌),101.14,202609,4,173000,,10,2009,,,중개거래
41135,성남 분당구 야탑동,야탑동,,211,매화마을(주공4),35.28,202609,4,79500,,10,1993,,,중개거래
41135,성남 분당구 야탑동,야탑동,,201,매화마을공무원1,58.92,202609,3,101000,,2,1995,,,중개거래
41135,성남 분당구 구미동,구미동,,110,하얀마을(5단지)(주공),35.28,202609,3,94300,,1,1995,,,중개거래
41135,성남 분당구 운중동,운중동,,918,산운마을13단지(태영),101.67,202609,3,185000,,11,2010,,,중개거래
41135,성남 분당구 대장동,대장동,,641,판교더샵포레스트12단지,84.9852,202609,2,136000,,2,2021,,,중개거래
41135,성남 분당구 금곡동,금곡동,,180,청솔마을(유천),84.6,202609,3,193000,,19,1995,,,중개거래
41135,성남 분당구 정자동,정자동,,102,한솔마을(4단지)(주공),35.28,202609,2,112500,,15,1994,,,중개거래
41135,성남 분당구 대장동,대장동,,595,힐스테이트판교엘포레A6BL,128.116,202609,1,175000,,7,2021,,,중개거래
41135,성남 분당구 정자동,정자동,,112,한솔마을(5단지)(주공),42.75,202609,1,78100,,21,1994,,,직거래
41135,성남 분당구 백현동,백현동,,530,판교알파리움2단지,96.815,202609,2,257000,,13,2015,,,중개거래
41135,성남 분당구 백현동,백현동,,608,THESHARP판교퍼스트파크,84.953,202609,2,154700,,14,2021,,,중개거래
41135,성남 분당구 야탑동,야탑동,,205,매화마을(주공3),49.77,202609,1,105000,,5,1993,,,중개거래
41135,성남 분당구 운중동,운중동,,989,산운마을5단지(한성필하우스),84.8055,202609,1,179000,,3,2009,,,중개거래
41135,성남 분당구 삼평동,삼평동,,738,봇들마을7단지,84.5,202609,1,285000,,11,2009,,,중개거래
41135,성남 분당구 야탑동,야탑동,,201,매화마을공무원1,58.92,202609,1,101000,,3,1995,,,중개거래
41135,성남 분당구 대장동,대장동,,642,판교풍경채어바니티(5단지),84.973,202609,9,160000,,16,2021,,,중개거래
41135,성남 분당구 야탑동,야탑동,,162,목련마을(한일),50.82,202610,1,92800,,4,1995,,,중개거래
41135,성남 분당구 정자동,정자동,,110,한솔마을(1단지)(청구),49.35,202610,2,135000,,2,1994,,,중개거래
41135,성남 분당구 금곡동,금곡동,,133,청솔마을(주공9단지),36.54,202610,5,113000,,9,1995,,,중개거래
41135,성남 분당구 금곡동,금곡동,,133,청솔마을(주공9단지),42.84,202610,5,125000,,9,1995,,,중개거래
41135,성남 분당구 구미동,구미동,,212,무지개(12단지)(주공),49.67,202610,3,107500,,16,1995,,,중개거래
41135,성남 분당구 정자동,정자동,,102,한솔마을(4단지)(주공),36.0,202610,3,110600,,14,1994,,,중개거래
41135,성남 분당구 구미동,구미동,,63,까치마을(4단지)(선경),51.32,202610,3,147900,,2,1995,,,중개거래
41135,성남 분당구 금곡동,금곡동,,133,청솔마을(주공9단지),42.84,202610,1,128500,,19,1995,,,중개거래
41135,성남 분당구 야탑동,야탑동,,330,장미마을(동부),84.99,202610,1,165000,,16,1993,,,중개거래
41135,성남 분당구 구미동,구미동,,110,하얀마을(5단지)(주공),38.07,202610,1,104000,,16,1995,,,중개거래
11680,서울 강남구 삼성동,삼성동,,50,현대힐스테이트2단지,84.679,202607,1,343000,,8,2008,,,중개거래
11680,서울 강남구 압구정동,압구정동,,426,신현대9차,109.24,202607,30,627000,,7,1982,,,중개거래
11680,서울 강남구 압구정동,압구정동,,434,신현대12차,155.52,202607,29,800000,,8,1982,,,직거래
11680,서울 강남구 개포동,개포동,,1281,디에이치아너힐즈,131.3226,202607,31,615000,,29,2019,,,중개거래
11680,서울 강남구 도곡동,도곡동,,952,대우디오빌,31.81,202607,31,29000,,4,2004,,,직거래
11680,서울 강남구 개포동,개포동,,660-4,디에이치퍼스티어아이파크,59.97,202607,30,280000,,12,2023,,,중개거래
11680,서울 강남구 도곡동,도곡동,,464,한신(개포),52.73,202607,25,315000,,9,1985,,,중개거래
11680,서울 강남구 역삼동,역삼동,,826-37,쌍용플레티넘밸류,84.9,202607,22,149700,,4,2007,,,중개거래
11680,서울 강남구 도곡동,도곡동,,467-17,타워팰리스2,164.99,202607,31,525000,,18,2003,,,중개거래
11680,서울 강남구 대치동,대치동,,506,선경2차(8동-12동),84.55,202607,9,372500,,1,1985,,,중개거래
11680,서울 강남구 역삼동,역삼동,,905,역삼센트럴아파트,48.77,202607,21,83000,,7,2025,,,직거래
11680,서울 강남구 도곡동,도곡동,,527,도곡렉슬,134.9023,202607,31,505000,,15,2006,,,중개거래
11680,서울 강남구 대치동,대치동,,670,동부센트레빌,161.47,202607,30,640000,,21,2005,,,중개거래
11680,서울 강남구 삼성동,삼성동,,188,삼성동센트럴아이파크,84.98,202607,25,390000,,3,2018,,,중개거래
11680,서울 강남구 수서동,수서동,,746,까치마을,34.44,202607,25,154000,,9,1993,,,중개거래
11680,서울 강남구 삼성동,삼성동,,189,래미안라클래시,71.95,202607,31,378000,,35,2021,,,중개거래
11680,서울 강남구 도곡동,도곡동,,965,중명하니빌,30.58,202607,27,33800,,5,1997,,,직거래
11680,서울 강남구 개포동,개포동,,12,삼익대청아파트,60.0,202607,31,164000,,3,1992,,,직거래
11680,서울 강남구 도곡동,도곡동,,952,대우디오빌,23.34,202607,27,24000,,14,2004,,,중개거래
11680,서울 강남구 압구정동,압구정동,,434,신현대12차,170.38,202607,23,915000,,10,1982,,,중개거래
11680,서울 강남구 논현동,논현동,,103,쌍용,59.91,202607,25,138500,,9,1996,,,중개거래
11680,서울 강남구 대치동,대치동,,511,한보미도맨션1,128.01,202607,24,458000,,1,1983,,,중개거래
11680,서울 강남구 개포동,개포동,,1284,개포자이프레지던스,84.7509,202607,18,395000,,18,2023,,,중개거래
11680,서울 강남구 개포동,개포동,,651-1,개포더샵트리에,105.8064,202607,30,300000,901,9,2021,,,중개거래
11680,서울 강남구 개포동,개포동,,185,개포주공7단지,83.7,202607,18,383000,,7,1983,,,중개거래
11680,서울 강남구 수서동,수서동,,708,삼익,60.0,202607,28,242000,,11,1992,,,중개거래
11680,서울 강남구 자곡동,자곡동,,619,강남자곡 힐스테이트,59.93,202607,9,158000,,6,2015,,,중개거래
11680,서울 강남구 대치동,대치동,,1027,래미안대치팰리스,114.15,202607,22,638000,,15,2015,,,중개거래
11680,서울 강남구 대치동,대치동,,316,은마,76.79,202607,15,326000,5,1,1979,,,중개거래
11680,서울 강남구 삼성동,삼성동,,87,아이파크,145.046,202607,26,710000,,20,2004,,,중개거래
11680,서울 강남구 도곡동,도곡동,,527,도곡렉슬,59.9818,202607,31,289000,,7,2006,,,중개거래
11680,서울 강남구 역삼동,역삼동,,716-3,개나리SK뷰,84.99,202607,25,346000,,15,2012,,,중개거래
11680,서울 강남구 압구정동,압구정동,,433,신현대11차,170.81,202607,26,930000,,9,1983,,,중개거래
11680,서울 강남구 수서동,수서동,,746,까치마을,34.44,202607,11,138000,1005,7,1993,,,중개거래
11680,서울 강남구 압구정동,압구정동,,433,신현대11차,183.41,202607,22,1005000,,4,1983,,,중개거래
11680,서울 강남구 압구정동,압구정동,,434,신현대12차,155.52,202607,25,779000,,1,1982,,,중개거래
11680,서울 강남구 일원동,일원동,,711,수서,39.98,202607,8,150000,,11,1992,,,중개거래
11680,서울 강남구 개포동,개포동,,1284,개포자이프레지던스,78.3265,202607,23,357000,407,8,2023,,,중개거래
11680,서울 강남구 대치동,대치동,,891-6,테헤란로대우아이빌(891-6),29.02,202607,23,33000,,18,2004,,,중개거래
11680,서울 강남구 압구정동,압구정동,,434,신현대12차,107.16,202607,7,590000,,1,1982,,,중개거래
11680,서울 강남구 개포동,개포동,,1281,디에이치아너힐즈,106.9877,202607,13,530000,,21,2019,,,중개거래
11680,서울 강남구 삼성동,삼성동,,11,롯데캐슬프레미어,84.484,202607,29,328000,,21,2007,,,중개거래
11680,서울 강남구 역삼동,역삼동,,826-29,역삼동우정에쉐르1,71.78,202607,28,89000,,6,2004,,,중개거래
11680,서울 강남구 도곡동,도곡동,,467-7,아카데미스위트1,164.87,202607,20,310000,,34,2004,,,중개거래
11680,서울 강남구 압구정동,압구정동,,489,한양3,161.9,202607,3,750000,,4,1978,,,중개거래
11680,서울 강남구 도곡동,도곡동,,464,한신(개포),52.73,202607,24,310000,,5,1985,,,중개거래
11680,서울 강남구 대치동,대치동,,316,은마,76.79,202607,18,346000,,9,1979,,,중개거래
11680,서울 강남구 개포동,개포동,,1280,래미안블레스티지,84.943,202607,17,340000,219,16,2019,,,중개거래
11680,서울 강남구 압구정동,압구정동,,493,한양2,175.92,202607,31,820000,,10,1978,,,중개거래
11680,서울 강남구 대치동,대치동,,65,쌍용대치2,84.49,202607,25,348500,,3,1983,,,중개거래
11680,서울 강남구 삼성동,삼성동,,48,한일,80.29,202607,25,231500,,4,2001,,26.08.31,중개거래
11680,서울 강남구 개포동,개포동,,12,성원대치2단지아파트,49.86,202607,30,205500,,2,1992,,,중개거래
11680,서울 강남구 신사동,신사동,,659,압구정대원칸타빌아파트,59.73,202607,30,169000,,8,2001,,,중개거래
11680,서울 강남구 대치동,대치동,,1014-3,대치삼성,97.35,202607,1,360000,,23,2000,,,중개거래
11680,서울 강남구 논현동,논현동,,22,신동아(22),35.73,202607,29,132000,,1,1997,,,중개거래
11680,서울 강남구 역삼동,역삼동,,720-25,대우디오빌,39.13,202607,29,36000,,17,2002,,,중개거래
11680,서울 강남구 삼성동,삼성동,,188,삼성동센트럴아이파크,59.96,202607,3,318000,303,10,2018,,,중개거래
11680,서울 강남구 압구정동,압구정동,,369-1,"현대1차(12,13,21,22,31,32,33동)",131.48,202607,7,660000,,3,1976,,,중개거래
11680,서울 강남구 개포동,개포동,,12,성원대치2단지아파트,49.86,202607,28,204000,217,13,1992,,,중개거래
11680,서울 강남구 수서동,수서동,,746,까치마을,34.44,202607,28,154500,,14,1993,,,중개거래
11680,서울 강남구 세곡동,세곡동,,525,강남데시앙파크,114.69,202607,25,189800,,10,2011,,,중개거래
11680,서울 강남구 역삼동,역삼동,,757,역삼래미안,80.87,202607,8,300000,,1,2005,,,중개거래
11680,서울 강남구 대치동,대치동,,316,은마,84.43,202607,7,390000,,8,1979,,,중개거래
11680,서울 강남구 논현동,논현동,,118-8,더원센트럴,26.96,202607,15,43000,,9,2018,,,중개거래
11680,서울 강남구 압구정동,압구정동,,456,"현대6차(78~81,83,84,86,87동)",144.7,202607,9,745000,,8,1978,,,중개거래
11680,서울 강남구 삼성동,삼성동,,50,현대힐스테이트2단지,84.236,202607,20,350000,,10,2008,,,중개거래
11680,서울 강남구 논현동,논현동,,205-2,논현동한화꿈에그린,67.671,202607,23,145000,101,6,2005,,,중개거래
11680,서울 강남구 삼성동,삼성동,,188,삼성동센트럴아이파크,84.98,202607,25,390000,,3,2018,,26.08.15,중개거래
11680,서울 강남구 압구정동,압구정동,,447,"현대14차(203,204,205,206동)",84.98,202607,11,586000,,6,1987,,,중개거래
11680,서울 강남구 역삼동,역삼동,,762-3,래미안그레이튼(진달래2차),120.37,202607,23,342000,101,22,2010,,,중개거래
11680,서울 강남구 도곡동,도곡동,,467,타워팰리스1,174.67,202607,9,615000,,24,2002,,,중개거래
11680,서울 강남구 개포동,개포동,,12,삼익대청아파트,39.53,202607,11,180000,301,5,1992,,,중개거래
11680,서울 강남구 역삼동,역삼동,,711-3,역삼자이,84.993,202607,17,327000,,7,2016,,,중개거래
11680,서울 강남구 논현동,논현동,,22,신동아(22),35.73,202607,23,128000,,1,1997,,,중개거래
11680,서울 강남구 도곡동,도곡동,,467,타워팰리스1,164.95,202607,8,560000,,25,2002,,,중개거래
11680,서울 강남구 청담동,청담동,,15,청담2차이-편한세상(204동),98.05,202607,15,203750,204,9,2005,,,직거래
11680,서울 강남구 논현동,논현동,,22,신동아(22),35.73,202607,4,139500,,7,1997,,,중개거래
11680,서울 강남구 수서동,수서동,,736,신동아,49.96,202607,22,205000,,9,1992,,,중개거래
11680,서울 강남구 수서동,수서동,,747,삼성,84.97,202607,15,257000,106,8,1997,,,중개거래
11680,서울 강남구 일원동,일원동,,741,래미안 개포 루체하임,101.99,202607,22,340000,,18,2018,,,중개거래
11680,서울 강남구 일원동,일원동,,735,가람,75.16,202607,9,230000,111,4,1993,,,직거래
11680,서울 강남구 도곡동,도곡동,,467-6,대림아크로빌,130.545,202607,10,290500,,20,1999,,,중개거래
11680,서울 강남구 일원동,일원동,,615,우성7,84.06,202607,22,303000,,4,1987,,,중개거래
11680,서울 강남구 삼성동,삼성동,,117,쌍용플래티넘,152.25,202607,20,240000,A,10,2003,,,직거래
11680,서울 강남구 대치동,대치동,,1027,래미안대치팰리스,93.18,202607,9,470000,,4,2015,,,중개거래
11680,서울 강남구 개포동,개포동,,187,개포주공5단지,53.98,202607,21,211000,506,2,1983,,,직거래
11680,서울 강남구 역삼동,역삼동,,763-16,래미안그레이튼,59.97,202607,13,280000,,4,2009,,,중개거래
11680,서울 강남구 삼성동,삼성동,,52-9,삼성리치빌1,84.98,202607,4,168000,,4,2003,,,중개거래
11680,서울 강남구 도곡동,도곡동,,467-6,대림아크로빌,172.464,202607,10,370000,,14,1999,,,중개거래
11680,서울 강남구 논현동,논현동,,62-3,"청학아파트에이동,비동,씨동",97.18,202607,14,154000,씨,3,1976,,,중개거래
11680,서울 강남구 삼성동,삼성동,,16-2,삼성동힐스테이트 1단지,84.236,202607,21,359000,,11,2008,,,중개거래
11680,서울 강남구 논현동,논현동,,22,신동아(22),35.73,202607,20,139000,101,10,1997,,,중개거래
11680,서울 강남구 역삼동,역삼동,,763-16,래미안그레이튼,59.97,202607,3,280000,,7,2009,,,중개거래
11680,서울 강남구 세곡동,세곡동,,579,강남엘에이치1단지,74.74,202607,20,192000,105,7,2013,,,중개거래
11680,서울 강남구 대치동,대치동,,316,은마,84.43,202607,20,369500,,1,1979,,,중개거래
11680,서울 강남구 대치동,대치동,,503,개포우성1,84.81,202607,1,388000,,3,1983,,,중개거래
11680,서울 강남구 개포동,개포동,,1284,개포자이프레지던스,109.8841,202607,11,430000,,12,2023,,,중개거래
11680,서울 강남구 역삼동,역삼동,,754-1,역삼푸르지오,59.8848,202607,18,279000,,7,2006,,,중개거래
11680,서울 강남구 개포동,개포동,,1284,개포자이프레지던스,59.9751,202607,19,310500,,23,2023,,,중개거래
11680,서울 강남구 청담동,청담동,,90-10,이니그마빌2,230.69,202607,10,550000,,1,2002,,,중개거래
11680,서울 강남구 역삼동,역삼동,,755-4,e-편한세상,59.606,202607,5,267000,,11,2005,,,중개거래
11680,서울 강남구 수서동,수서동,,746,까치마을,34.44,202607,17,153800,1005,15,1993,,,중개거래
11680,서울 강남구 압구정동,압구정동,,481,현대8차(성수현대:91~95동),107.64,202607,8,570000,95,12,1980,,,중개거래
11680,서울 강남구 대치동,대치동,,506,선경2차(8동-12동),127.75,202607,16,510000,,3,1985,,,중개거래
11680,서울 강남구 세곡동,세곡동,,533,세곡푸르지오,74.74,202607,3,190000,,11,2012,,,중개거래
11680,서울 강남구 청담동,청담동,,130,청담아이파크,110.13,202607,3,350000,,14,1992,,,중개거래
11680,서울 강남구 도곡동,도곡동,,551-28,롯데캐슬모닝,150.78,202607,15,253000,101,3,2003,,,중개거래
11680,서울 강남구 도곡동,도곡동,,550-1,파크힐,58.05,202607,15,85000,,4,2005,,,중개거래
11680,서울 강남구 일원동,일원동,,741,래미안 개포 루체하임,84.99,202607,15,325000,,12,2018,,,중개거래
11680,서울 강남구 도곡동,도곡동,,961,현대아파트1동~3동,84.96,202607,13,235000,3,6,1994,,,중개거래
11680,서울 강남구 대치동,대치동,,511,한보미도맨션1,128.01,202607,15,388000,105,2,1983,,,직거래
11680,서울 강남구 수서동,수서동,,736,신동아,39.51,202607,4,167000,,13,1992,,,중개거래
11680,서울 강남구 일원동,일원동,,716,목련타운,134.71,202607,10,300000,102,2,1993,,,중개거래
11680,서울 강남구 수서동,수서동,,746,까치마을,34.44,202607,14,148000,,1,1993,,,중개거래
11680,서울 강남구 청담동,청담동,,50-5,대우유로카운티,157.2,202607,3,315000,,7,2004,,,중개거래
11680,서울 강남구 도곡동,도곡동,,467-29,타워팰리스3,157.284,202607,3,462000,,18,2004,,,중개거래
11680,서울 강남구 자곡동,자곡동,,686,강남한양수자인(4단지),84.99,202607,7,218500,,2,2014,,,중개거래
11680,서울 강남구 논현동,논현동,,241-1,논현파라곤,117.84,202607,14,197000,A,12,2007,,,중개거래
11680,서울 강남구 수서동,수서동,,747,삼성,84.97,202607,13,260000,,15,1997,,,중개거래
11680,서울 강남구 압구정동,압구정동,,426,신현대9차,109.24,202607,13,650000,102,10,1982,,,중개거래
11680,서울 강남구 청담동,청담동,,102,연세리버테라스,243.49,202607,9,630000,,2,2003,,,중개거래
11680,서울 강남구 도곡동,도곡동,,527,도곡렉슬,120.8233,202607,4,438000,403,18,2006,,,중개거래
11680,서울 강남구 도곡동,도곡동,,967,경남,59.76,202607,13,226000,,11,2005,,,중개거래
11680,서울 강남구 도곡동,도곡동,,933,도곡쌍용예가,207.52,202607,4,308000,105,4,1978,,,중개거래
11680,서울 강남구 개포동,개포동,,12,성원대치2단지아파트,39.53,202607,11,177000,,15,1992,,,중개거래
11680,서울 강남구 압구정동,압구정동,,433,신현대11차,183.41,202607,13,1050000,,9,1983,,,중개거래
11680,서울 강남구 수서동,수서동,,746,까치마을,39.6,202607,11,165500,1003,10,1993,,,중개거래
11680,서울 강남구 수서동,수서동,,736,신동아,49.96,202607,11,206000,,5,1992,,,중개거래
11680,서울 강남구 역삼동,역삼동,,755-4,e-편한세상,59.606,202607,1,284000,,7,2005,,,중개거래
11680,서울 강남구 청담동,청담동,,134-38,청담자이,89.356,202607,11,560000,105,35,2011,,,중개거래
11680,서울 강남구 자곡동,자곡동,,618,강남브리즈힐(토지임대부아파트),74.04,202607,11,131000,,12,2014,,,중개거래
11680,서울 강남구 일원동,일원동,,719,푸른마을아파트101동~111동,59.76,202607,11,227000,,3,1994,,,중개거래
11680,서울 강남구 개포동,개포동,,1282,개포래미안포레스트,59.92,202607,10,308000,,19,2020,,,중개거래
11680,서울 강남구 도곡동,도곡동,,527,도곡렉슬,59.9772,202607,2,271000,,16,2006,,,중개거래
11680,서울 강남구 삼성동,삼성동,,50,현대힐스테이트2단지,84.679,202607,1,343000,,8,2008,,26.09.22,중개거래
11680,서울 강남구 압구정동,압구정동,,434,신현대12차,170.38,202607,4,930000,,3,1982,,,중개거래
11680,서울 강남구 대치동,대치동,,511,한보미도맨션2,126.33,202607,4,480000,,3,1985,,,중개거래
11680,서울 강남구 자곡동,자곡동,,619,강남자곡 힐스테이트,59.93,202607,9,158000,,6,2015,,26.08.07,중개거래
11680,서울 강남구 대치동,대치동,,992,현대1,84.27,202607,3,251000,,10,1990,,,중개거래
11680,서울 강남구 도곡동,도곡동,,550-1,파크힐,47.6,202607,2,60000,,2,2005,,,중개거래
11680,서울 강남구 역삼동,역삼동,,723-16,프리빌리지,49.98,202607,8,63000,,4,2017,,,중개거래
11680,서울 강남구 일원동,일원동,,711,수서,39.98,202607,9,150000,121,8,1992,,,중개거래
11680,서울 강남구 개포동,개포동,,12,삼익대청아파트,39.53,202607,9,126000,301,12,1992,,,중개거래
11680,서울 강남구 수서동,수서동,,736,신동아,39.53,202607,6,180000,702,11,1992,,,중개거래
11680,서울 강남구 개포동,개포동,,1282,개포래미안포레스트,96.91,202607,8,380000,,7,2020,,,중개거래
11680,서울 강남구 도곡동,도곡동,,934-10,도곡우성아파트,84.83,202607,4,250000,1,1,1986,,,중개거래
11680,서울 강남구 개포동,개포동,,1282,개포래미안포레스트,102.32,202607,6,390000,124,27,2020,,,중개거래
11680,서울 강남구 역삼동,역삼동,,826-29,역삼동우정에쉐르1,71.78,202607,6,95500,,13,2004,,,중개거래
11680,서울 강남구 압구정동,압구정동,,434,신현대12차,182.95,202607,8,1125000,,10,1982,,,중개거래
11680,서울 강남구 자곡동,자곡동,,686,강남한양수자인(4단지),114.46,202607,7,237000,,2,2014,,,중개거래
11680,서울 강남구 역삼동,역삼동,,727-2,대명벨리온,17.684,202607,6,16000,,4,2012,,,중개거래
11680,서울 강남구 삼성동,삼성동,,11,롯데캐슬프레미어,122.485,202607,2,410000,109,20,2007,,,중개거래
11680,서울 강남구 논현동,논현동,,276-1,아크로힐스논현,84.074,202607,3,297000,,17,2014,,,중개거래
11680,서울 강남구 압구정동,압구정동,,434,신현대12차,182.95,202607,4,1125000,,11,1982,,,중개거래
11680,서울 강남구 일원동,일원동,,731,한솔마을,63.76,202607,6,260000,,2,1994,,,중개거래
11680,서울 강남구 수서동,수서동,,746,까치마을,34.44,202607,2,149000,1005,10,1993,,,중개거래
11680,서울 강남구 역삼동,역삼동,,706-20,한화진넥스빌,43.58,202607,6,46400,,20,2001,,,중개거래
11680,서울 강남구 개포동,개포동,,12,삼익대청아파트,51.12,202607,4,210000,,14,1992,,,중개거래
11680,서울 강남구 삼성동,삼성동,,189,래미안라클래시,71.95,202607,5,394000,103,21,2021,,,중개거래
11680,서울 강남구 역삼동,역삼동,,835-68,롯데캐슬노블,176.03,202607,7,227000,102,9,2007,,,직거래
11680,서울 강남구 수서동,수서동,,746,까치마을,39.6,202607,4,161000,,10,1993,,,중개거래
11680,서울 강남구 수서동,수서동,,746,까치마을,39.6,202607,4,159000,,2,1993,,,중개거래
11680,서울 강남구 논현동,논현동,,44-6,은탑리더스카운티,69.18,202607,4,125000,,6,2003,,,중개거래
11680,서울 강남구 수서동,수서동,,746,까치마을,39.6,202607,3,161000,1007,12,1993,,,중개거래
11680,서울 강남구 자곡동,자곡동,,619,강남자곡 힐스테이트,51.96,202607,3,139000,504,2,2015,,,중개거래
11680,서울 강남구 개포동,개포동,,12,삼익대청아파트,51.12,202607,4,210000,303,7,1992,,,중개거래
11680,서울 강남구 대치동,대치동,,974,대치현대,59.82,202607,2,254000,,22,1999,,,중개거래
11680,서울 강남구 삼성동,삼성동,,16-2,삼성동힐스테이트 1단지,84.236,202607,2,355000,1단지 107,16,2008,,,중개거래
11680,서울 강남구 개포동,개포동,,12,성원대치2단지아파트,49.86,202607,1,202000,,2,1992,,,중개거래
11680,서울 강남구 논현동,논현동,,22,신동아(22),35.73,202607,24,124000,103,12,1997,,,중개거래
11680,서울 강남구 압구정동,압구정동,,493,한양2,147.41,202608,29,790000,,12,1978,,,중개거래
11680,서울 강남구 대치동,대치동,,1032,대치푸르지오써밋,59.9885,202608,28,300000,,13,2023,,,중개거래
11680,서울 강남구 도곡동,도곡동,,91-5,삼성래미안,122.81,202608,24,385000,,14,2001,,,중개거래
11680,서울 강남구 역삼동,역삼동,,755-1,개나리푸르지오,133.1686,202608,27,395000,,15,2006,,,중개거래
11680,서울 강남구 도곡동,도곡동,,464,한신(개포),52.73,202608,27,300000,,4,1985,,,중개거래
11680,서울 강남구 도곡동,도곡동,,953-1,SK허브프리모,70.31,202608,24,115000,,10,2006,,,중개거래
11680,서울 강남구 압구정동,압구정동,,434,신현대12차,155.52,202608,15,850000,,13,1982,,,중개거래
11680,서울 강남구 대치동,대치동,,891-6,테헤란로대우아이빌(891-6),59.83,202608,22,90000,,14,2004,,,중개거래
11680,서울 강남구 대치동,대치동,,316,은마,84.43,202608,20,372000,,2,1979,,,중개거래
11680,서울 강남구 일원동,일원동,,716,목련타운,134.71,202608,31,320000,,2,1993,,,중개거래
11680,서울 강남구 압구정동,압구정동,,369-1,"현대1차(12,13,21,22,31,32,33동)",161.18,202608,14,800000,,5,1976,,,중개거래
11680,서울 강남구 일원동,일원동,,716,목련타운,99.79,202608,29,315000,,8,1993,,,중개거래
11680,서울 강남구 도곡동,도곡동,,463-1,우성사원5,78.99,202608,19,305000,,4,1986,,,중개거래
11680,서울 강남구 수서동,수서동,,746,까치마을,34.44,202608,22,154500,,10,1993,,,중개거래
11680,서울 강남구 압구정동,압구정동,,486,한양4,208.65,202608,29,900000,,13,1978,,,중개거래
11680,서울 강남구 도곡동,도곡동,,467-17,타워팰리스2,164.88,202608,11,355000,이,55,2003,,,중개거래
11680,서울 강남구 도곡동,도곡동,,467-17,타워팰리스2,243.08,202608,11,745000,이,54,2003,,,중개거래
11680,서울 강남구 압구정동,압구정동,,433,신현대11차,183.41,202608,28,973000,,9,1983,,,중개거래
11680,서울 강남구 압구정동,압구정동,,397,미성2차,140.9,202608,20,570000,,2,1987,,,중개거래
11680,서울 강남구 일원동,일원동,,718,샘터마을,134.438,202608,17,275600,,10,1994,,,직거래
11680,서울 강남구 역삼동,역삼동,,722,경남아너스빌,81.013,202608,25,184000,,12,2002,,,중개거래
11680,서울 강남구 청담동,청담동,,106,현대한강빌라,177.69,202608,4,670000,,9,1992,,,중개거래
11680,서울 강남구 역삼동,역삼동,,765-32,역삼2차아이파크,84.587,202608,5,360000,,10,2008,,,직거래
11680,서울 강남구 대치동,대치동,,506,선경1차(1동-7동),136.68,202608,5,480000,,10,1983,,,직거래
11680,서울 강남구 일원동,일원동,,716,목련타운,99.79,202608,31,308000,,8,1993,,,중개거래
11680,서울 강남구 대치동,대치동,,316,은마,76.79,202608,29,333000,,9,1979,,,중개거래
11680,서울 강남구 개포동,개포동,,12,성원대치2단지아파트,49.86,202608,28,193000,,15,1992,,,중개거래
11680,서울 강남구 일원동,일원동,,711,수서,49.68,202608,29,171500,,1,1992,,,중개거래
11680,서울 강남구 자곡동,자곡동,,611,래미안강남힐즈,91.96,202608,29,231000,,14,2014,,,중개거래
11680,서울 강남구 역삼동,역삼동,,826-29,역삼동우정에쉐르1,59.81,202608,29,77000,,5,2004,,,중개거래
11680,서울 강남구 역삼동,역삼동,,824-25,대우디오빌플러스,34.41,202608,28,32800,,12,2004,,,중개거래
11680,서울 강남구 논현동,논현동,,195-1,e-편한세상,84.9876,202608,22,165000,,10,2005,,,중개거래
11680,서울 강남구 대치동,대치동,,316,은마,76.79,202608,28,325000,,6,1979,,,중개거래
11680,서울 강남구 자곡동,자곡동,,619,강남자곡 힐스테이트,59.93,202608,27,155000,,4,2015,,,중개거래
11680,서울 강남구 청담동,청담동,,62-6,청담디에브스아파트,91.68,202608,12,127500,,3,2017,,,중개거래
11680,서울 강남구 세곡동,세곡동,,533,세곡푸르지오,84.84,202608,21,205000,,5,2012,,,중개거래
11680,서울 강남구 압구정동,압구정동,,490,한양1차(영동한양),49.98,202608,21,405000,,5,1977,,,중개거래
11680,서울 강남구 개포동,개포동,,1284,개포자이프레지던스,59.9751,202608,8,280000,,11,2023,,,중개거래
11680,서울 강남구 도곡동,도곡동,,895-8,한신엠비씨,84.74,202608,14,260000,,10,1988,,,중개거래
11680,서울 강남구 자곡동,자곡동,,618,강남브리즈힐(토지임대부아파트),74.44,202608,9,130600,,15,2014,,,중개거래
11680,서울 강남구 도곡동,도곡동,,527,도곡렉슬,119.8906,202608,12,415000,,5,2006,,,중개거래
11680,서울 강남구 대치동,대치동,,894,현대썬앤빌테헤란,33.09,202608,18,52000,현대썬앤빌 테헤란,5,2016,,,중개거래
11680,서울 강남구 세곡동,세곡동,,533,세곡푸르지오,84.83,202608,24,210000,,10,2012,,,중개거래
11680,서울 강남구 논현동,논현동,,138-9,월드쉐르빌,84.06,202608,24,98500,,1,2003,,,중개거래
11680,서울 강남구 압구정동,압구정동,,489,한양3,161.9,202608,20,685000,31,9,1978,,,중개거래
11680,서울 강남구 청담동,청담동,,30-33,청담대림이-편한세상,113.57,202608,1,308000,,17,2002,,,중개거래
11680,서울 강남구 청담동,청담동,,50-5,대우유로카운티,179.38,202608,14,400000,,14,2004,,,중개거래
11680,서울 강남구 청담동,청담동,,122-35,청담신원아침도시마인,27.7131,202608,10,33000,,5,2013,,,중개거래
11680,서울 강남구 압구정동,압구정동,,426,신현대9차,111.38,202608,23,665000,,4,1982,,,중개거래
11680,서울 강남구 도곡동,도곡동,,464,한신(개포),52.72,202608,8,315000,,2,1985,,,중개거래
11680,서울 강남구 개포동,개포동,,12,삼익대청아파트,51.12,202608,22,205000,,6,1992,,26.10.06,중개거래
11680,서울 강남구 삼성동,삼성동,,11,롯데캐슬프레미어,121.931,202608,21,405000,,14,2007,,,중개거래
11680,서울 강남구 도곡동,도곡동,,467-19,현대비젼21,34.995,202608,10,45000,,26,1999,,,중개거래
11680,서울 강남구 개포동,개포동,,12,성원대치2단지아파트,39.53,202608,21,126000,,12,1992,,26.08.28,중개거래
11680,서울 강남구 논현동,논현동,,105,동현아파트1~6,84.92,202608,16,270000,,4,1985,,,중개거래
11680,서울 강남구 개포동,개포동,,1281,디에이치아너힐즈,76.1709,202608,15,350000,,6,2019,,,중개거래
11680,서울 강남구 논현동,논현동,,105,동현아파트1~6,84.92,202608,20,285000,,12,1985,,,중개거래
11680,서울 강남구 대치동,대치동,,316,은마,76.79,202608,1,345000,,8,1979,,,중개거래
11680,서울 강남구 삼성동,삼성동,,48,한일,80.29,202608,18,218000,,10,2001,,,중개거래
11680,서울 강남구 자곡동,자곡동,,619,강남자곡 힐스테이트,51.96,202608,19,139000,504,2,2015,,,중개거래
11680,서울 강남구 도곡동,도곡동,,91-5,삼성래미안,122.81,202608,1,365000,,22,2001,,,중개거래
11680,서울 강남구 논현동,논현동,,245,동양파라곤,157.41,202608,11,440000,101,8,2004,,,중개거래
11680,서울 강남구 압구정동,압구정동,,448,현대13차(208~211동),105.45,202608,12,610000,,5,1983,,,중개거래
11680,서울 강남구 역삼동,역삼동,,835-67,금호어울림,132.88,202608,12,242000,,9,2003,,,중개거래
11680,서울 강남구 대치동,대치동,,511,한보미도맨션2,115.05,202608,1,450000,,4,1985,,,중개거래
11680,서울 강남구 도곡동,도곡동,,953-1,SK허브프리모,63.09,202608,17,103500,,19,2006,,,중개거래
11680,서울 강남구 도곡동,도곡동,,200-5,월드메르디앙102동,159.43,202608,13,255000,,4,2005,,,중개거래
11680,서울 강남구 삼성동,삼성동,,142-3,LG선릉에클라트(B),36.35,202608,14,33500,LG선릉에클라트B,13,2004,,,중개거래
11680,서울 강남구 개포동,개포동,,1281,디에이치아너힐즈,59.7479,202608,17,300000,,8,2019,,,중개거래
11680,서울 강남구 역삼동,역삼동,,754-1,역삼푸르지오,59.8848,202608,14,280000,,14,2006,,,중개거래
11680,서울 강남구 대치동,대치동,,910-5,풍림아이원1차103동(910-5),83.65,202608,4,132000,,2,2003,,,직거래
11680,서울 강남구 역삼동,역삼동,,755-4,e-편한세상,84.991,202608,14,336000,,7,2005,,,중개거래
11680,서울 강남구 논현동,논현동,,211-21,펜트힐루논현,43.392,202608,14,65000,,7,2021,,,직거래
11680,서울 강남구 세곡동,세곡동,,533,세곡푸르지오,74.74,202608,14,186000,,8,2012,,26.09.12,중개거래
11680,서울 강남구 논현동,논현동,,103,쌍용,70.57,202608,13,138000,,2,1996,,,중개거래
11680,서울 강남구 대치동,대치동,,316,은마,76.79,202608,3,344000,,7,1979,,,중개거래
11680,서울 강남구 일원동,일원동,,734,상록수,74.54,202608,10,274000,,5,1993,,,중개거래
11680,서울 강남구 논현동,논현동,,105,동현아파트1~6,84.92,202608,13,284000,,12,1985,,,중개거래
11680,서울 강남구 도곡동,도곡동,,464,한신(개포),52.73,202608,1,310000,4,2,1985,,,중개거래
11680,서울 강남구 세곡동,세곡동,,533,세곡푸르지오,84.83,202608,12,205000,,13,2012,,,중개거래
11680,서울 강남구 대치동,대치동,,316,은마,76.79,202608,1,334000,,3,1979,,,중개거래
11680,서울 강남구 대치동,대치동,,511,한보미도맨션2,126.33,202608,4,478000,,8,1985,,,중개거래
11680,서울 강남구 세곡동,세곡동,,525,강남데시앙파크,84.97,202608,12,160000,,6,2011,,,중개거래
11680,서울 강남구 대치동,대치동,,890-42,대치동우정에쉐르2(890-42),59.95,202608,10,81500,,3,2004,,,중개거래
11680,서울 강남구 압구정동,압구정동,,489,한양3,116.94,202608,6,587000,,12,1978,,,중개거래
11680,서울 강남구 자곡동,자곡동,,618,강남브리즈힐(토지임대부아파트),84.29,202608,7,130000,,6,2014,,,중개거래
11680,서울 강남구 역삼동,역삼동,,706-10,우림루미아트2,23.9,202608,8,18800,,7,2003,,,중개거래
11680,서울 강남구 역삼동,역삼동,,706-10,우림루미아트2,23.9,202608,10,18800,,7,2003,,26.08.11,중개거래
11680,서울 강남구 수서동,수서동,,708,삼익,49.2,202608,7,212000,401,8,1992,,,중개거래
11680,서울 강남구 역삼동,역삼동,,713-11,역삼I'PARK,28.246,202608,7,115000,,12,2006,,,중개거래
11680,서울 강남구 역삼동,역삼동,,900,시티프라디움더강남101동,59.93,202608,3,149000,공동주택(아파트),14,2021,,,중개거래
11680,서울 강남구 청담동,청담동,,14,"청담2차이-편한세상(201동,202동,203동)",113.21,202608,7,250000,,3,2006,,26.09.08,직거래
11680,서울 강남구 개포동,개포동,,1280,래미안블레스티지,49.909,202608,4,240000,,7,2019,,,중개거래
11680,서울 강남구 개포동,개포동,,1282,개포래미안포레스트,59.92,202608,4,290000,,2,2020,,,중개거래
11680,서울 강남구 일원동,일원동,,711,수서,39.98,202608,1,150000,,9,1992,,,중개거래
11680,서울 강남구 역삼동,역삼동,,755-4,e-편한세상,59.606,202608,1,288000,104,7,2005,,,중개거래
11680,서울 강남구 삼성동,삼성동,,50,현대힐스테이트2단지,40.586,202608,1,195000,,15,2008,,,중개거래
11680,서울 강남구 역삼동,역삼동,,902,강남센트럴아이파크,84.99,202608,1,378000,102,6,2022,,,중개거래
11680,서울 강남구 대치동,대치동,,316,은마,76.79,202609,11,312000,,14,1979,,,중개거래
11680,서울 강남구 역삼동,역삼동,,710,현대까르띠에710,149.7,202609,19,345000,,12,2001,,,중개거래
11680,서울 강남구 신사동,신사동,,658,로데오현대,55.08,202609,14,130000,,4,1998,,,중개거래
11680,서울 강남구 압구정동,압구정동,,434,신현대12차,182.95,202609,23,1000000,,3,1982,,,중개거래
11680,서울 강남구 개포동,개포동,,654,현대2,165.08,202609,7,390000,,7,1986,,,중개거래
11680,서울 강남구 개포동,개포동,,1280,래미안블레스티지,126.928,202609,12,399000,,6,2019,,,중개거래
11680,서울 강남구 논현동,논현동,,252-1,두산위브1단지,111.382,202609,11,245000,,7,2004,,,중개거래
11680,서울 강남구 일원동,일원동,,719,푸른마을아파트101동~111동,84.93,202609,4,203500,,13,1994,,,직거래
11680,서울 강남구 역삼동,역삼동,,720-25,대우디오빌,30.03,202609,5,28800,,10,2002,,,중개거래
11680,서울 강남구 대치동,대치동,,316,은마,76.79,202609,29,313000,,14,1979,,,중개거래
11680,서울 강남구 일원동,일원동,,719,푸른마을아파트101동~111동,84.93,202609,17,260000,,14,1994,,,중개거래
11680,서울 강남구 자곡동,자곡동,,611,래미안강남힐즈,101.95,202609,28,211000,609,11,2014,,,직거래
11680,서울 강남구 세곡동,세곡동,,579,강남엘에이치1단지,59.89,202609,30,173000,,15,2013,,,중개거래
11680,서울 강남구 도곡동,도곡동,,464,한신(개포),83.86,202609,4,370000,,5,1985,,,중개거래
11680,서울 강남구 세곡동,세곡동,,579,강남엘에이치1단지,59.99,202609,3,173500,,5,2013,,,중개거래
11680,서울 강남구 수서동,수서동,,746,까치마을,34.44,202609,18,153000,,11,1993,,,중개거래
11680,서울 강남구 대치동,대치동,,316,은마,76.79,202609,19,317000,,11,1979,,,중개거래
11680,서울 강남구 일원동,일원동,,735,가람,84.95,202609,19,305000,,2,1993,,,중개거래
11680,서울 강남구 논현동,논현동,,276-1,아크로힐스논현,113.231,202609,29,362000,,18,2014,,,중개거래
11680,서울 강남구 압구정동,압구정동,,426,신현대9차,152.28,202609,23,750000,,8,1982,,,중개거래
11680,서울 강남구 개포동,개포동,,185,개포주공6단지,53.06,202609,28,268000,,6,1983,,,중개거래
11680,서울 강남구 대치동,대치동,,316,은마,76.79,202609,28,305000,,1,1979,,,중개거래
11680,서울 강남구 자곡동,자곡동,,602,강남자곡아이파크,59.96,202609,28,194800,,9,2014,,,중개거래
11680,서울 강남구 압구정동,압구정동,,481,현대8차(성수현대:91~95동),107.64,202609,7,490000,,7,1980,,,중개거래
11680,서울 강남구 대치동,대치동,,670,동부센트레빌,145.83,202609,4,600000,,27,2005,,,중개거래
11680,서울 강남구 논현동,논현동,,22,신동아(22),35.73,202609,21,137500,,7,1997,,,중개거래
11680,서울 강남구 대치동,대치동,,890-42,대치동우정에쉐르2(890-42),68.59,202609,17,87000,,6,2004,,,중개거래
11680,서울 강남구 도곡동,도곡동,,527,도곡렉슬,59.9772,202609,14,269000,,23,2006,,,중개거래
11680,서울 강남구 대치동,대치동,,974,대치현대,59.82,202609,2,260000,,8,1999,,,중개거래
11680,서울 강남구 논현동,논현동,,44-6,은탑리더스카운티,131.86,202609,21,170000,,2,2003,,,중개거래
11680,서울 강남구 개포동,개포동,,185,개포주공7단지,83.7,202609,26,340000,701,15,1983,,,중개거래
11680,서울 강남구 역삼동,역삼동,,761-10,대림역삼,84.96,202609,16,233000,,1,1997,,,중개거래
11680,서울 강남구 도곡동,도곡동,,963,럭키(963),124.1,202609,9,300000,,3,1995,,,중개거래
11680,서울 강남구 개포동,개포동,,654,현대2,165.08,202609,5,393000,,2,1986,,,중개거래
11680,서울 강남구 대치동,대치동,,316,은마,76.79,202609,19,316000,,13,1979,,,중개거래
11680,서울 강남구 역삼동,역삼동,,836,한스빌(836),31.78,202609,19,30000,,12,1996,,,중개거래
11680,서울 강남구 개포동,개포동,,185,개포주공6단지,60.13,202609,22,320000,,2,1983,,,중개거래
11680,서울 강남구 개포동,개포동,,185,개포주공6단지,73.02,202609,22,325000,,8,1983,,,중개거래
11680,서울 강남구 대치동,대치동,,907-12,아티스톤,66.73,202609,22,168000,,3,2022,,,중개거래
11680,서울 강남구 개포동,개포동,,185,개포주공7단지,83.7,202609,22,350000,704,5,1983,,,중개거래
11680,서울 강남구 개포동,개포동,,185,개포주공6단지,53.06,202609,21,270000,603,5,1983,,,중개거래
11680,서울 강남구 대치동,대치동,,316,은마,76.79,202609,14,313000,2,11,1979,,,중개거래
11680,서울 강남구 논현동,논현동,,261,현대인텔렉스,133.49,202609,22,151000,,16,1997,,,중개거래
11680,서울 강남구 신사동,신사동,,555-11,청림빌,69.09,202609,12,93000,,4,2004,,,중개거래
11680,서울 강남구 개포동,개포동,,185,개포주공6단지,83.21,202609,21,325000,,1,1983,,,중개거래
11680,서울 강남구 대치동,대치동,,511,한보미도맨션2,159.15,202609,17,469500,212,10,1985,,,직거래
11680,서울 강남구 대치동,대치동,,316,은마,84.43,202609,21,360000,,9,1979,,,중개거래
11680,서울 강남구 역삼동,역삼동,,711-3,역삼자이,114.019,202609,17,388000,,12,2016,,,중개거래
11680,서울 강남구 역삼동,역삼동,,795-41,역삼동월드메르디앙,83.27,202609,18,200000,,6,2005,,,중개거래
11680,서울 강남구 개포동,개포동,,185,개포주공6단지,83.21,202609,18,322500,608,1,1983,,,중개거래
11680,서울 강남구 도곡동,도곡동,,467-19,현대비젼21,32.65,202609,10,45000,,23,1999,,,중개거래
11680,서울 강남구 개포동,개포동,,185,개포주공6단지,60.13,202609,1,310000,603,4,1983,,,중개거래
11680,서울 강남구 청담동,청담동,,122-35,청담신원아침도시마인,27.7131,202609,12,33000,청담 신원아침도시마인,4,2013,,,중개거래
11680,서울 강남구 개포동,개포동,,1280,래미안블레스티지,59.888,202609,22,250000,201,6,2019,,,중개거래
11680,서울 강남구 수서동,수서동,,747,삼성,84.97,202609,19,250000,,14,1997,,,중개거래
11680,서울 강남구 역삼동,역삼동,,838-10,강남웅진베어스빌,20.63,202609,18,30000,강남웅진베어스빌,12,2019,,,직거래
11680,서울 강남구 대치동,대치동,,316,은마,84.43,202609,14,355000,,13,1979,,,중개거래
11680,서울 강남구 압구정동,압구정동,,397,미성2차,118.63,202609,7,520000,,9,1987,,,중개거래
11680,서울 강남구 신사동,신사동,,622,신성아파트101동,59.67,202609,15,186000,,5,1996,,,중개거래
11680,서울 강남구 개포동,개포동,,185,개포주공6단지,83.21,202609,19,340000,609,10,1983,,,중개거래
11680,서울 강남구 개포동,개포동,,185,개포주공7단지,53.46,202609,18,300000,704,2,1983,,,중개거래
11680,서울 강남구 압구정동,압구정동,,455,"현대5차(71,72동)",82.23,202609,7,510000,71,10,1977,,,중개거래
11680,서울 강남구 세곡동,세곡동,,533,세곡푸르지오,74.74,202609,16,186000,,8,2012,,,중개거래
11680,서울 강남구 대치동,대치동,,316,은마,76.79,202609,5,338000,,5,1979,,,중개거래
11680,서울 강남구 대치동,대치동,,1025,롯데캐슬리베,121.0894,202609,16,350000,,16,2008,,,중개거래
11680,서울 강남구 신사동,신사동,,506-9,래미안신사,84.89,202609,16,147000,101,3,2008,,,직거래
11680,서울 강남구 역삼동,역삼동,,709-5,테헤란아이파크,92.6232,202609,15,330000,105,16,2014,,,중개거래
11680,서울 강남구 수서동,수서동,,747,삼성,84.97,202609,15,250000,,2,1997,,,중개거래
11680,서울 강남구 도곡동,도곡동,,527,도곡렉슬,84.9984,202609,15,357000,208,16,2006,,,중개거래
11680,서울 강남구 대치동,대치동,,316,은마,76.79,202609,11,302000,31,2,1979,,,중개거래
11680,서울 강남구 수서동,수서동,,746,까치마을,34.44,202609,15,152500,,7,1993,,,중개거래
11680,서울 강남구 삼성동,삼성동,,48,한일,80.29,202609,15,231500,,4,2001,,,중개거래
11680,서울 강남구 역삼동,역삼동,,757,역삼래미안,59.4,202609,2,276500,,4,2005,,,중개거래
11680,서울 강남구 대치동,대치동,,66,"쌍용대치아파트1동,2동,3동,5동,6동",83.56,202609,5,360000,,15,1983,,,중개거래
11680,서울 강남구 논현동,논현동,,103,쌍용,84.87,202609,12,168000,,8,1996,,,중개거래
11680,서울 강남구 자곡동,자곡동,,619,강남자곡 힐스테이트,59.93,202609,12,155500,,3,2015,,,중개거래
11680,서울 강남구 수서동,수서동,,746,까치마을,39.6,202609,6,155000,,3,1993,,,중개거래
11680,서울 강남구 도곡동,도곡동,,465,우성4,126.46,202609,9,492000,,8,1985,,,중개거래
11680,서울 강남구 대치동,대치동,,890-49,선릉역대우아이빌(890-49),25.42,202609,10,19500,,13,2004,,,직거래
11680,서울 강남구 역삼동,역삼동,,905,역삼센트럴아파트,40.21,202609,4,50000,,1,2025,,,중개거래
11680,서울 강남구 개포동,개포동,,12,성원대치2단지아파트,39.53,202609,10,165000,,1,1992,,,중개거래
11680,서울 강남구 개포동,개포동,,185,개포주공7단지,73.26,202609,9,310000,708,7,1983,,,중개거래
11680,서울 강남구 대치동,대치동,,316,은마,84.43,202609,9,390000,,12,1979,,,중개거래
11680,서울 강남구 수서동,수서동,,746,까치마을,34.44,202609,7,155000,,12,1993,,,중개거래
11680,서울 강남구 대치동,대치동,,1027,래미안대치팰리스,94.5,202609,7,465000,,6,2015,,,중개거래
11680,서울 강남구 개포동,개포동,,1282,개포래미안포레스트,59.92,202609,6,265000,,10,2020,,,중개거래
11680,서울 강남구 개포동,개포동,,12,삼익대청아파트,60.0,202609,1,237000,,12,1992,,,중개거래
11680,서울 강남구 삼성동,삼성동,,16-2,삼성동힐스테이트 1단지,84.236,202609,3,358000,,18,2008,,,중개거래
11680,서울 강남구 수서동,수서동,,795,강남데시앙포레,84.86,202609,4,255000,,5,2014,,,중개거래
11680,서울 강남구 개포동,개포동,,185,개포주공7단지,83.7,202609,4,325000,703,1,1983,,,중개거래
11680,서울 강남구 역삼동,역삼동,,901,시티프라디움더강남201동,70.54,202609,3,161000,,12,2021,,,중개거래
11680,서울 강남구 역삼동,역삼동,,826-37,쌍용플레티넘밸류,84.96,202609,3,160000,,12,2007,,,중개거래
11680,서울 강남구 도곡동,도곡동,,527,도곡렉슬,84.9984,202609,1,378000,,18,2006,,,중개거래
11680,서울 강남구 개포동,개포동,,185,개포주공6단지,60.13,202609,1,310000,,4,1983,,26.09.21,중개거래
11680,서울 강남구 자곡동,자곡동,,602,강남자곡아이파크,84.83,202610,7,229500,,14,2014,,,중개거래
11680,서울 강남구 개포동,개포동,,12,삼익대청아파트,51.12,202610,6,210000,,9,1992,,,중개거래
11680,서울 강남구 삼성동,삼성동,,103-22,래미안삼성1차(103-22),141.53,202610,1,365000,,15,2006,,,중개거래
11680,서울 강남구 논현동,논현동,,276-1,아크로힐스논현,84.13,202610,2,308500,,23,2014,,,중개거래
11680,서울 강남구 역삼동,역삼동,,727-11,프리마빌,135.01,202610,2,145000,,5,2003,,,중개거래
11680,서울 강남구 대치동,대치동,,974,대치현대,59.82,202610,2,240000,,3,1999,,,중개거래
11680,서울 강남구 개포동,개포동,,185,개포주공6단지,60.13,202610,1,302000,,3,1983,,,중개거래
50130B,제주 서귀포시 대정읍 보성리,대정읍,보성리,2405,라온프라이빗에듀,59.9854,202609,10,17000,,1,,,,중개거래
50130B,제주 서귀포시 대정읍 보성리,대정읍,보성리,2405,라온프라이빗에듀,84.9828,202608,27,37000,,1,,,,중개거래
50130B,제주 서귀포시 대정읍 보성리,대정읍,보성리,2405,라온프라이빗에듀,59.9977,202607,25,33000,,2,,,,중개거래
50130B,제주 서귀포시 대정읍 안성리,대정읍,안성리,1508,로얄포레,62.7639,202607,2,14500,,3,,,,직거래
50130B,제주 서귀포시 대정읍 구억리,대정읍,구억리,861-1,리오팰리스,59.887,202609,18,16000,,1,,,,중개거래
50130B,제주 서귀포시 대정읍 보성리,대정읍,보성리,2549,보성리라임힐,98.3953,202607,22,50000,,2,,,,직거래
50130B,제주 서귀포시 대정읍 보성리,대정읍,보성리,2424,삼정G.edu,59.7,202609,9,21500,,3,,,,중개거래
50130B,제주 서귀포시 대정읍 보성리,대정읍,보성리,2424,삼정G.edu,84.87,202608,11,48000,,3,,,,중개거래
50130B,제주 서귀포시 대정읍 보성리,대정읍,보성리,2424,삼정G.edu,59.7,202607,27,21500,,2,,,,중개거래
50130B,제주 서귀포시 대정읍 보성리,대정읍,보성리,2424,삼정G.edu,59.7,202607,6,22300,,2,,,26.07.14,중개거래
50130B,제주 서귀포시 대정읍 구억리,대정읍,구억리,1058,캐논스빌리지Ⅱ,63.556,202609,13,23000,,1,,,,직거래
50130B,제주 서귀포시 대정읍 구억리,대정읍,구억리,1058,캐논스빌리지Ⅱ,63.556,202608,10,15200,,2,,,,중개거래
50130B,제주 서귀포시 대정읍 보성리,대정읍,보성리,2417,한신더휴,59.7768,202609,18,38000,,3,,,,중개거래
50130B,제주 서귀포시 대정읍 구억리,대정읍,구억리,1115,해동그린앤골드,84.9355,202608,22,58000,,1,,,,중개거래
