corp_name,corp_code,market,rcept_dt,rcept_no,report_nm,agenda_flag,has_big,has_aoi_change,purpose_change,n_added,themes,added_items,reason,agenda_snip,source_url,has_small,period,dart_rcept_no
엠젠솔루션,,코스닥,20260327,20260327002640,[정정]주주총회소집공고,True,True,True,True,7,신재생·에너지·전력;부동산·임대·건설,"그린수소 생산설비의 연구, 생산, 수출입 및 관련 컨설팅업 | 그린수소 마케팅, 영업, 판매, 수출입 및 관련 컨설팅업 | 산소, 염소 등 수소생산 부산물의 생산, 영업, 판매, 수출입업 | 그린수소 또는 혼합가스를 이용한 전기발전 사업 및 전기판매업(전기충전소 운영, 전기판매 중개) | 수소 및 부산물의 보관, 운송설비의 설치, 판매업 | 수소 생산설비 및 공장의 개발, 설계, 자금조달, 건설, 시행 및 관리운영법 | 수소 또는 혼합가스 전기발전 사업의 개발, 설계, 자금조달, 건설, 시행 및 관리운영법",그린수소 생산·공급에 관한 신규사업 추진에 따른 사업목적 추가,제표 (결손금처리계산서(안) 포함) 승인의 건 ■ 제2호 의안 : 정관 일부 변경의 건 제2-1호 의안 : 사업목적 추가의 건 제2-2호 의안 : 상법 개정 및 표준정관 반영의 건 제2-3호 의안 : 오탈자 수정의 건 제2-4호 의안 : 주식(액면)병합에 따른 액면가액 변경의 건(1:2) 제2-5호 의안 : 사채 발행 한도 변경,https://kind.krx.co.kr/external/2026/03/27/002640/20260327005403/00591.htm,True,2026H1reg,20260327001587
엠엑스온,,코스닥,20260327,20260327002239,[정정]주주총회소집공고,True,True,True,True,2,로봇;클라우드·SW·빅데이터,"로봇제어기 및 관련 소프트웨어의 개발, 제조 및 판매 | 산업용 네트워크 보안 게이트웨이의 개발. 제조 및 판매",사업 목적 추가,"니다. [방폭형 자동소화장치] (마) 일반물류 자동화 일반물류 자동화는 에스엠코어가 장기간 수행해 온 주력 사업영역으로, 다양한 산업군에 창고 자동화, 공정 자동화, 물류 이송 및 적재 시스템 등을 공급하고 있습니다. 고객의 생산 및 물류 환경에 맞춘 설계 역량과 현장 대응 경험을 바탕으로 최적화된 자동화 솔루션을 제공하고 있으",https://kind.krx.co.kr/external/2026/03/27/002239/20260327004695/00591.htm,True,2026H1reg,20260327001395
중앙첨단소재,,코스닥,20260326,20260326003117,[정정]주주총회소집공고,True,True,True,True,7,AI(인공지능);클라우드·SW·빅데이터;신재생·에너지·전력;희토류·핵심광물·소재;탄소·환경,"태양광을 포함하는 신재생에너지 관련 제품의 제조, 판매 및 설비엔지니어링, 시공업 | 전기사업법 등 관계법령에 따른 발전사업 및 전기판매사업과 태양광을 포함하는 대체에너지와 신재생에너지 발전사업 및 전력의 생산, 공급, 판매업 | 태양광 등 신재생에너지를 포함하는 발전소의 운영·관리 및 에너지관리시스템(이엠에스:EMS), 에이아이(AI) 기반 운영 최적화 솔루션 개발·공급업 | 기타 비철금속 제련, 정련, 합금 제조 및 판매업 | 광산부산물·광산폐기물의 선별·재처리·자원화 및 유가금속 회수, 관련 제품의 제조 및 가공, 판매업 | 레이더(감시·탐지 포함), 항행용 무선기기 및 관련 전자·정밀기기의 제조, 가공, 판매, 수출입업(관련 소프트웨어/에이아이(AI) 분석 시스템 포함) | 레이더 및 전자·정밀기기의 정비, 수리, 유지보수, 성능개량 및 부품공급업",사업목적 구체화 사업목적 구체화 조문순서 변경 조문순서 변경 조문순서 변경 사업목적 추가 사업목적 추가 사업목적 추가 사업목적 추가 사업목적 추가 조문순서 변경 조문순서 변경 조문순서 변경,"1) 재무제표(결손금처리계산서(안) 포함) 및 연결재무제표 승인 건 ○ 제2호 의안 : 정관 일부변경의 건(사업목적 추가 및 개정상법 내용반영, 별첨 참조) ○ 제3호 의안 : 이사 선임의 건 - 제3-1호 의안 : 사내이사 김영신 선임의 건 - 제3-2호 의안 : 사내이사 송선용 선임의 건 - 제3-3호 의안 : 사내이사 최영",https://kind.krx.co.kr/external/2026/03/26/003117/20260326006178/00591.htm,True,2026H1reg,20260326001369
셀레믹스,,코스닥,20260326,20260326003060,[정정]주주총회소집공고,False,True,True,True,20,AI(인공지능);클라우드·SW·빅데이터;전자지급·결제(PG·선불);바이오·헬스케어;화장품·뷰티;식품·농업·외식,"의약품, 바이오의약품 및 의료용 소재의 연구개발 및 판매업 | 바이오 및 의료 관련 제품의 도소매업 | 화장품 및 화장용품의 연구개발, 제조 및 판매업 | 화장품 및 건강 관련 제품의 도소매업 | 건강기능식품의 연구개발, 제조 및 판매업 | 화학, 바이오 및 의료 관련 기술의 연구개발, 기술이전 및 기술용역업 | 바이오 및 헬스케어 관련 기술개발, 기술 이전 및 라이선스 사업 | 바이오 및 의료 관련 컨설팅 서비스업 | 데이터 분석 및 데이터베이스 구축 서비스업 | 인공지능 기반 바이오 및 헬스케어 솔루션 개발 및 판매업 | 인터넷 기반 정보 제공 및 플랫폼 서비스업 | 전자금융업 | 금융부가통신사업 | 전자상거래 관련 서비스 및 유통업 | 귀금속 장신구 및 관련제품 제조판매업 | 귀금속 쥬얼리 제품의 판매 및 중개서비스 | 비철금속 가공 및 판매업 | 실물자산의 위탁보관, 유통 및 판매 | 브랜드, 상표권 등의 지적재산권의 관리 및 라이센스업 | 회사가 보유하고 있는 지식, 정보 등 무형자산의 판매 및 용역사업",사업의 목적 확대,,https://kind.krx.co.kr/external/2026/03/26/003060/20260326006102/00591.htm,True,2026H1reg,20260326001344
산일전기,,유가증권,20260326,20260326000616,[정정]주주총회소집공고,True,True,True,True,1,,가스절연개폐기 제조 및 판매업,신규사업 목적 추가, 시장은 중장기적 관점에서도 현대 문명의 발전과 함께 지속적으로 그 규모가 커질 것으로 예상됩니다. (4) 신규사업 등의 내용 및 전망 향후 글로벌 전력시장은 ① 전 산업의 글로벌 전기화(Electrification)로 인한 전력수요 증가 ② 재생에너지 시장의 확대에 따른 전력변환 시장 성장 ③ 데이터센터 수요 증가 및 분산형 ,https://kind.krx.co.kr/external/2026/03/26/000616/20260326002015/00591.htm,True,2026H1reg,20260326000400
이스타코,,유가증권,20260326,20260326000376,[정정]주주총회소집공고,True,True,True,True,8,교육,"학원 가맹사업(프렌차이즈업) | 도서 출판,인쇄 및 도소매업 (자체교재판매용) | 지식재산권(상표권,저작권 등) 임대 라이센스업 | 대안교육기관 운영업 | 외국어 교육 및 국제교육 서비스업 | 교육 컨설팅 및 진로상담업 | 문화예술 및 체육교육서비스업 | 교육시설 임대 및 관리업",(제2-1호)사업 목적 추가의건,.01~2025.12.31) 재무제표 승인의 건 제 2호 의안 : 정관 일부 변경의 건 제2-1호 의안 : 사업 목적 추가의 건 제2-2호 의안 : 주식 병합에 따른 액면가액 변경의 건 제2-3호 의안 : 개정 상법 반영에 따른 변경의 건 제 3호 의안 : 이사보수 한도액 승인의 건 제 4호 의안 : 감사보수 한도액 승인의 건 4,https://kind.krx.co.kr/external/2026/03/26/000376/20260326001183/00591.htm,True,2026H1reg,20260326000264
대성하이텍,,코스닥,20260325,20260325000795,[정정]주주총회소집공고,False,True,True,True,2,방산,방위산업 물자 중개업 | 군수품 무역대리업,-사업목적 추가에 따른 변경,,https://kind.krx.co.kr/external/2026/03/25/000795/20260325002854/00591.htm,True,2026H1reg,20260325000907
유니테크노,,코스닥,20260323,20260323002085,[정정]주주총회소집공고,False,True,True,True,5,로봇,로봇 및 자동화장치용 부품 모듈 장치 제조 및 판매업 | 로봇 및 자동화장치 관련 연구개발 및 기술용역업 | 전자부품 및 전기전자 응용기기 제조 및 판매업 | 자동차 등 기계 부품 제조 및 판매업 | 바이오 플라스틱 제품 제조 및 판매업,피지컬AI 관련 사업목적 추가 사업목적 삽입 추가로 기존 사업목적의 항목번호 변경,,https://kind.krx.co.kr/external/2026/03/23/002085/20260323008717/00591.htm,True,2026H1reg,20260323001439
엔피씨,,유가증권,20260323,20260323001436,[정정]주주총회소집공고,False,True,True,True,2,,창고업 | 물류센터 운영 및 관련서비스업,사업 다각화를 위한 업종 추가,,https://kind.krx.co.kr/external/2026/03/23/001436/20260323006284/00591.htm,True,2026H1reg,20260323001072
모아데이타,,코스닥,20260323,20260323000170,[정정]주주총회소집공고,False,True,True,True,1,클라우드·SW·빅데이터,"소프트웨어 개발, 공급 및 자문 (후략)",용어 명확화,,https://kind.krx.co.kr/external/2026/03/23/000170/20260323000710/00591.htm,True,2026H1reg,20260323000116
티디에스팜,,코스닥,20260323,20260320002034,[정정]주주총회소집공고,True,True,True,True,1,,비누 및 기타 세제 제조업,사업영역의 확장,업구조로 인해 주요 거래처의 판매전략에 더 큰 영향을 받아 계절별 평균 매출에 큰 차이는 없습니다. (4) 신규사업 등의 내용 및 전망 - 해당사항 없습니다. (5) 조직도 조직도 2. 주주총회 목적사항별 기재사항 □ 재무제표의 승인 제1호의안 : 제24기(2025.1.1.~2025.12.31.) 재무제표[이익잉여금처분계산서(안,https://kind.krx.co.kr/external/2026/03/20/002034/20260320007154/00591.htm,True,2026H1reg,20260320001408
APS이노베이션,,코스닥,20260320,20260320001183,[정정]주주총회소집공고,True,True,True,True,9,로봇;우주항공;드론·UAM;신재생·에너지·전력;화장품·뷰티;탄소·환경,"수소연료전지관련사업 | 화장품 제조, 유통, 판매 | 화장품 자동화 장비 관련사업 | 항공기 및 항공기 부품 관련사업 | 무인항공기 및 무인비행장치 관련사업 | 냉난방 관련사업 | 로봇 및 로봇부품 관련사업 | 탄소섬유 및 합성수지 관련 사업 | 산업처리공정 제어장비 제조업",사업다각화를 위한 목적사업 추가,"사는 2001년 8월 1일에 설립되어, 디스플레이 및 이차전지 제조용 장비를 개발,생산 및 판매 등을 주요 사업목적으로 하고 있으며, 기업가치 향상을 위해 새로운 사업영역의 발굴, 장비군의 확대 그리고 국내ㆍ외 Market 확대와 원가절감 활동을 통해 지속적인 성장과 수익성 개선에 전력을 다하고 있습니다. 주요 제품들로는 Las",https://kind.krx.co.kr/external/2026/03/20/001183/20260320004421/00591.htm,True,2026H1reg,20260320000922
모나용평,,유가증권,20260320,20260320000701,[정정]주주총회소집공고,False,True,True,True,3,디지털자산·블록체인·STO(스테이블코인),블록체인 기술 관련 기타 서비스업 | 치유관광서비스업 | 치유관광시설업,. 신규사업을 위한 사업목적추가,,https://kind.krx.co.kr/external/2026/03/20/000701/20260320002775/00591.htm,True,2026H1reg,20260320000592
NICE평가정보,,유가증권,20260320,20260320000280,[정정]주주총회소집공고,True,True,True,True,1,투자·금융,금융상품의 판매대리·중개,※ 자구(字句) 수정 - 법률에서 정의된 용어로 수정,"설에 따라 기존 개인신용정보 시장 내 개인사업자 신용평가업 및 전문개인신용평가업 신규 라이선스 취득을 통한 신규 사업자가 유입되고 있습니다. 특히, 금융위원회의 개인신용정보 전송요구권과 같은 개인 주체의 정보 이용 권리 확대에 따라 마이데이터 산업은 데이터경제(Data Economy)로 전환을 맞이하고 있는 4차 산업혁명 시대에서",https://kind.krx.co.kr/external/2026/03/20/000280/20260320001050/00591.htm,True,2026H1reg,20260320000244
KG이니시스,,코스닥,20260320,20260319002101,[정정]주주총회소집공고,True,True,True,True,23,클라우드·SW·빅데이터;우주항공;드론·UAM;디지털자산·블록체인·STO(스테이블코인);신재생·에너지·전력;모빌리티·전기차·자율주행;식품·농업·외식,"신용조사업 | 항공기대여업 (농업용드론렌탈 등) | 기타 산업용 기계 및 장비 임대업 (기계, 전기차충전소 렌탈 등) | 컴퓨터 및 사용 기계 장비 임대업 (운용렌탈 등) | 기타 운송장비 입대업 (카라반렌탈 등) | 태양광 발전사업 | 전자제품 및 사무기기 임대업 | 전자제품 및 사무기기 도,소매업 | 기계설비 임대업 | 기계설비 도.소매업 | 계량 및 계측기기 임대업 | 도서 및 기타 소비재 임대업 | 기타시설, 설비, 기계기구 임대업 | 중고 가구 소매업 | 중고 가전제품 및 통신장비 소매업 | 기타 중고상품 소매업 | 정보통신기기 및 컴퓨터 임대업 | 블록체인 기반 디지털자산의 매매, 교환, 이전 및 중개 서비스업 | 디지털자산의 보관, 관리 및 관련 서비스업 | 블록체인 기반 소프트웨어 및 플랫폼 개발·공급업 | 블록체인 기반 데이터베이스 구축 및 정보서비스업 | 외국인 세금환급 대행 및 환급창구 운영사업 | 외국인 세금환급 대행 관련 가맹점 모집 및 관리업",- / 각 항목 순서 변경 / 미추진사업 / 사업목적 변경 / 신사업 추진 / 항목 순서 변경, 의안 : 제28기 연결재무제표 승인의 건 - 제2호 의안 : 정관 일부 변경의 건 - 제2-1호 의안 : 사업목적 변경의 건 - 제2-2호 의안 : 상법 개정에 따른 변경의 건 - 제3호 의안 : 자본준비금의 이익잉여금 전입의 건 - 제4호 의안 : 이사 선임의 건 - 제4-1호 의안 : 사내이사 선임의 건 (곽재선) - 제4,https://kind.krx.co.kr/external/2026/03/19/002101/20260319008771/00591.htm,True,2026H1reg,20260319001390
한국화장품,,유가증권,20260319,20260319001864,[정정]주주총회소집공고,True,True,True,True,12,바이오·헬스케어;화장품·뷰티,"의약외품의 제조 및 판매 | 동물용 의약부외품의 제조 및 판매 | 의료기기 제조·판매 | 미용기기 제조·판매 | 음·식료품 및 음·식료품 첨가물의 수입, 제조, 가공 및 판매 | 화장품 도·소매업 | 화장품 원부자재 도·소매업 | 의약품 원부자재 도·소매업 | 연구개발서비스 | 기술조사 연구 및 기술개발 연구의 용역과 기술의 제공 | 시장조사, 경영자문, 컨설팅업 | 전산시스템의 구축 및 공동활용, 유지보수 등을 위한 사무지원 사업",- 기존 영위사업과 관련된 사업범위 명확화를 위한 정관 정비 - 미영위 사업목적 정비 - 사업목적 일부 추가 및 삭제에 따른 형식적 조문 번호 변경,(이익잉여금처분계산서 포함) 및 연결재무제표 승인의 건 제2호 의안 : 정관 일부 변경의 건 제2-1호 : 사업목적 정비에 따른 변경의 건 제2-2호 : 상법 개정에 따른 정관 정비의 건 제3호 의안 : 이사 보수한도 승인의 건 제4호 의안 : 감사 보수한도 승인의 건 ※ 부의안건 제1호 의안은 상법 제449조의2 및 당사 정관,https://kind.krx.co.kr/external/2026/03/19/001864/20260319007674/00591.htm,True,2026H1reg,20260319001228
한국화장품제조,,유가증권,20260319,20260319001761,[정정]주주총회소집공고,True,True,True,True,12,바이오·헬스케어;화장품·뷰티,"의약외품의 제조 및 판매 | 동물용 의약부외품의 제조 및 판매 | 의료기기 제조·판매 | 미용기기 제조·판매 | 음·식료품 및 음·식료품 첨가물의 수입, 제조, 가공 및 판매 | 화장품 도·소매업 | 화장품 원부자재 도·소매업 | 의약품 원부자재 도·소매업 | 연구개발서비스 | 기술조사 연구 및 기술개발 연구의 용역과 기술의 제공 | 시장조사, 경영자문, 컨설팅업 | 전산시스템의 구축 및 공동활용, 유지보수 등을 위한 사무지원 사업",- 기존 영위사업과 관련된 사업범위 명확화를 위한 정관 정비 - 미영위 사업목적 정비 - 사업목적 일부 추가 및 삭제에 따른 형식적 조문 번호 변경,31일) 재무제표(이익잉여금처분계산서 포함) 승인의 건 제2호 의안 : 정관 일부 변경의 건 제2-1호 : 사업목적 정비에 따른 변경의 건 제2-2호 : 액면분할을 위한 액면가액 변경의 건 제2-3호 : 상법 개정에 따른 정관 정비의 건 제2-4호 : 배당기준일 변경의 건 제2-5호 : 중간배당 관련 변경의 건 제3호 의안 : ,https://kind.krx.co.kr/external/2026/03/19/001761/20260319007273/00591.htm,True,2026H1reg,20260319001178
유니온바이오메트릭스,,코스닥,20260319,20260319001461,[정정]주주총회소집공고,False,True,True,True,6,데이터센터;부동산·임대·건설,"생체 인식기술을 이용한 제품의 임대업 | 데이터센터(IDC) 구축, 운영, 관리 및 임대업 | 컴퓨터 시스템 통합 자문 및 구축 서비스업 | 부동산 개발업 및 임대업 | 전기공사업 및 정보통신공사업 | 자회사의 설립, 투자 및 경영관리 업무",- 사업의 목적 추가,,https://kind.krx.co.kr/external/2026/03/19/001461/20260319006032/00591.htm,True,2026H1reg,20260319000998
비츠로넥스텍,,코스닥,20260319,20260319000926,[정정]주주총회소집공고,True,True,True,True,1,,"각종 장비 및 물품의 임대, 렌탈, 유지관리 및 관련 서비스업",명칭 변경,부의안건 제 1호의안 : 제 10기 재무제표 승인의 건 제 2호의안 : 정관 일부 변경의 건 제2-1호 : 목적사업 변경의 건 제2-2호 : 이사충실의무 확대의 건 제2-3호 : 사외이사의 명칭 변경 및 이사회 내 인원수 비율 변경 제2-4호 : 감사위원 선ㆍ해임 시 의결권 제한 강화 및 분리선출 인원 변경 제2-5호 : 전자주,https://kind.krx.co.kr/external/2026/03/19/000926/20260319004012/00591.htm,True,2026H1reg,20260319000693
스튜디오삼익,,코스닥,20260319,20260319000716,[정정]주주총회소집공고,False,True,True,True,4,반려동물(펫),"생활용품 제조 및 판매업 | 섬유, 직물의 제조 및 판매업 | 애완용 동물 관련 용품의 제조 및 판매업 | 여행용품의 제조 및 판매업",신규사업확장을 위한 사업목적 추가,,https://kind.krx.co.kr/external/2026/03/19/000716/20260319003208/00591.htm,True,2026H1reg,20260319000559
그린리소스,,코스닥,20260319,20260319000302,[정정]주주총회소집공고,False,True,True,True,6,바이오·헬스케어;신재생·에너지·전력;식품·농업·외식;탄소·환경,"커피박, 목재, 농업부산물 등 바이오매스를 활용한 고형연료, 우든펠렛, 바이오연료의 제조 및 판매업 | 폐기물(커피박 등 유기성 폐기물)의 수집, 운반, 중간처리, 재활용 및 자원화 사업 | 발전소, 산업체, 공공기관에 대한 연료 공급 및 납품업 | 친환경 연료 및 대체에너지 제품의 제조, 가공 및 판매업 | 폐자원 및 바이오매스를 이용한 열에너지, 전력, 연료 관련 사업 | 국가, 지방자치단체, 공공기관, 발전사와의 공동사업, 위탁사업 및 컨소시엄 사업 위 각호에 관련된 부대사업 일체",사업목적 추가,,https://kind.krx.co.kr/external/2026/03/19/000302/20260319001480/00591.htm,True,2026H1reg,20260319000249
솔브레인홀딩스,,코스닥,20260318,20260318001794,[정정]주주총회소집공고,False,True,True,True,1,희토류·핵심광물·소재,비금속 광물제품 제조업,사업목적 추가 (기 취득 유형자산 활용),,https://kind.krx.co.kr/external/2026/03/18/001794/20260318008190/00591.htm,True,2026H1reg,20260318001259
동원산업,,유가증권,20260318,20260318001577,[정정]주주총회소집공고,False,True,True,True,11,클라우드·SW·빅데이터;모빌리티·전기차·자율주행;조선·해양;투자·금융,"대부업 | 모빌리티용 라이다 센서 개발, 제조 및 판매업 | 산업 및 인프라용 라이다 센서 개발, 제조 및 판매업 | 정밀센서 및 전자부품 개발, 제조 및 판매업 | 자동차 전장부품의 개발, 제조 및 판매업 | 소프트웨어의 개발, 제작, 생산 및 판매업 | 전기/전자, 컴퓨터주변기기 및 부품의 개발, 제조 및 판매업 | 유류제품(경유, 중유, 윤활유, 항공유 등) 판매업, 도매업 | 유류제품 알선업 | 국내외 유류 수출입업, 도,소매업, 원양(해상) 유류판매 및 공급업 | 선박연료 공급업",- 미영위 목적사업 삭제 - 기술부문 라이다 관련 신사업 추가 - 사업부문 선박 연료공급 관련 목적사업 추가,,https://kind.krx.co.kr/external/2026/03/18/001577/20260318007322/00591.htm,True,2026H1reg,20260318001141
휴림에이텍,,코스닥,20260318,20260318001360,[정정]주주총회소집공고,False,True,True,True,16,로봇;바이오·헬스케어;엔터·콘텐츠·게임,"지능형로봇 제조 및 판매업 | 지능형로봇 부품 제조 및 판매업 | 이동형로봇 제조 및 판매업 | 엔터테인먼트로봇 제조, 판매업 및 서비스업 | 공공서비스로봇 제조, 판매업 및 서비스업 | 산업용로봇 제조 및 판매업 | 로봇부품 및 부분품 유통업 | 지능형로봇 임대 | 로봇컨텐츠 제작, 판매업 및 서비스업 | 로봇 융합 요식업 | 로봇 융합 의류제조 및 유통업 | 로봇 융합 의료 및 생명공학 관련사업 | 로봇 융합 의료기기, 헬스케어제품 제조 및 판매업 | 군사용로봇 제조 및 판매업 | 극한작업용로봇 제조 및 판매업 | 로봇 내외장재 제조 및 판매업",- 사업목적 다각화,,https://kind.krx.co.kr/external/2026/03/18/001360/20260318006305/00591.htm,True,2026H1reg,20260318001004
에스오에스랩,,코스닥,20260318,20260318001325,[정정]주주총회소집공고,True,True,True,True,2,부동산·임대·건설,"부동산 임대업 | 부동산의 취득, 관리 및 처분업","[자산 운용의 효율성 제고] 회사 성장에 따른 사무 공간 및 생산 시설(공장) 확보 필요성이 증대됨에 따라, 단순 점유를 넘어 보유 자산의 효율적 관리 및 운용 체계 구축을 도모함 [사업 영역 확장 및 유연성 확보] 부동산 임대업 및 관리업 등을 사업 목적에 추가하여 ","용을 완료하였습니다. 스마트시티 ML - 스마트시티 내 주차장 및 통행량 흐름 관제, 메타버스 연계를 통한 신사업 확장 등의 목적으로 라이다를 적용 중에 있습니다. - 어린이 보호구역 등 보행자 안전 확보가 필요한 구역에서 라이다 기반 차량, 보행자 감지 시스템을 적용 중이며 철도 건널목, 터널 등에서의 지장물 검출을 통해 안",https://kind.krx.co.kr/external/2026/03/18/001325/20260318006145/00591.htm,True,2026H1reg,20260318000979
수산세보틱스,,유가증권,20260318,20260318001313,[정정]주주총회소집공고,False,True,True,True,1,신재생·에너지·전력,신에너지 및 재생에너지를 이용한 전력의 생산 및 판매 사업,- 사업의 목적 추가,,https://kind.krx.co.kr/external/2026/03/18/001313/20260318006104/00591.htm,True,2026H1reg,20260318000972
에이치피오,,코스닥,20260318,20260318000916,[정정]주주총회소집공고,False,True,True,True,2,,숙박업 | 일반숙박업 및 생활숙박시설 운영업,- 사업의 다각화 목적,,https://kind.krx.co.kr/external/2026/03/18/000916/20260318004471/00591.htm,True,2026H1reg,20260318000732
SFA,,코스닥,20260317,20260317000792,[정정]주주총회소집공고,False,True,True,True,1,AI(인공지능);로봇,"AI 자율제도 및 로보틱스 적용 제조장비와 동 부분품의 제조,판매, 서비스업",목적사업 추가 번호 수정,,https://kind.krx.co.kr/external/2026/03/17/000792/20260317003091/00591.htm,True,2026H1reg,20260317000669
벡트,,코스닥,20260317,20260317000642,[정정]주주총회소집공고,True,True,True,True,10,AI(인공지능);로봇;클라우드·SW·빅데이터;우주항공;드론·UAM;모빌리티·전기차·자율주행;엔터·콘텐츠·게임;교육,"(변경) 메타버스용 콘텐츠 운영 소프트웨어 도매/중개업 | 메타버스 응용 소프트웨어 설계 및 개발업 | 인공지능(AI) 활용한 디지털콘텐츠 제작업 | 인공지능(AI), 가상(VR), 증간현상(AR) 관련 제품, 서비스 개발 및 공급업 | 로봇, 로봇 부품 제조 및 판매업 | 로봇 자동화 기계, 설비 제조 및 판매업 | 산업용, 연구용, 전문서비스용, 로봇 하드웨어 및 소프트웨어 수출입, 개발 제작, 임대, 가공 및 용역업 | 로봇과 관련한 교육 및 교육서비스 사업 | 자동차부품 제조 및 판매업 | 무인항공기 및 무인비행장치 제조, 정비, 서비스 및 도,소매업",사업 다각화를 통한 미래 신성장 동력 확보,부의 안건 제1호 의안 :  제20기 재무제표 승인의 건 제2호 의안 : 정관 일부 변경의 건 2-1호 : 사업목적 추가의 건 2-2호 : 신주인수권 관련 규정 개정의 건 2-3호 : 전환사채 발행 한도 확대의 건 제3호 의안 : 이사 선임의 건 3-1호 : 사외이사 정종섭 선임의 건 (재선임) 성 명 생년월일 약 력 추천인 최,https://kind.krx.co.kr/external/2026/03/17/000642/20260317002544/00591.htm,True,2026H1reg,20260317000584
동일산업,,유가증권,20260317,20260317000611,[정정]주주총회소집공고,True,True,True,True,11,신재생·에너지·전력,"태양광발전사업 | 주주총회는 본점소재지에서 개최하되 필요에 따라 이의 인접지역에서도 개최할 수 있다 | 당 회사는 총회일에 주주가 소집지에 직접 출석하는 방식으로 총회를 개최한다. 제5장 이사.이사회 제29조 (이사의 수) 당 회사의 이사는 3인 이상 6인 이내 로 하고, 독립이사 는 이사총수의 3분의1 이상으로 한다. 제31조 (이사의 임기) 이사의 임기는 취임후 3년내의 최종의 결산기에 관한 정기주주총회 종결시까지로 한다. 제32조 (이사의 보선) | ② 독립이사 가 사임.사망등의 사유로 인하여 정관 제29조에서 정하는 원수를 결한경우에는 그 사유가 발생한후 최초로 소집되는 주주총회에서 그 요건에 충족되도록 하여야 한다. 제33조 (대표이사 등의 선임) | 당 회사는 이사회의 결의로 수인의 대표이사를 선임할 수 있고, 대표이사, 사장, 부사장, 전무, 상무, 이사 약간명을 선임할 수 있다. 제34조의 2 (이사의 회사에 대한 책임감경) | ② 당 회사는 주주총회 결의로 이사의 상법 제399조에 따른 책임을 그 행위를 한 날 이전 최근 1년 간의 보수액(상여금과 주식매수선택권의 행사로 인한 이익등을 포함 한다)의 6배( 독립이사 의 경우는 3배)를 초과하는 금액에 대하여 면제할 수 있다. 제6장 감사위원회 제44조 (감사위원회의 구성) | ② 감사위원회는 3인 이상의 이사로 구성하며, 위원의 3분의 2 이상은 독립이사 이어야 한다. 독립이사 가 아닌 위원은 상법 제542조의10 제2항의 요건을 갖추어야 한다 | 감사위원회 위원은 주주총회에서 이사를 선임한 후 선임된 이사 중에서 감사위원을 선임하여야 한다. 이 경우 감사위원회 위원 중 2명 은 주주총회 결의로 다른 이사들과 분리하여 감사위원회 위원이 되는 이사로 선임하여야 한다 | 감사위원회 위원의 선임과 해임에는 의결권 없는 주식을 제외한 발행주식총수의 100분의 3을 초과하는 수의 주식을 가진 주주( 최대주주인 경우에는 그의 특수관계인, 그 밖에 상법시행령으로 정하는 자가 소유하는 주식을 합산한다)는 그 초과하는 주식에 관하여 의결권을 행사하지 못한다 | 감사위원회는 그 결의로 위원회를 대표할 자를 선정하여야 한다. 이 경우 위원장은 독립이사 이어야 한다 | 독립이사 의 사임ㆍ사망 등의 사유로 인하여 독립이사 의 수가 이 조에서 정한 감사위원회의 구성요건에 미달하게 되면 그 사유가 발생한 후 처음으로 소집되는 주주총회에서 그 요건에 합치되도록 독립이사 를 선임하여야 한다.",내용수정: 사업의 목적 추가 및 항번 수정 내용수정: 상법개정_ 자산규모에 따른 전자주주총회 병행개최 의무화 미적용 내용 반영(제542조의 14) 내용수정: 상법개정_ 독립이사 명칭 변경 및 의무비율 상향(제542조의 8)및 이사의 수 변경 내용수정: 임기 만료일 명확,"무제표 승인의 건 (배당금 : 1,000원 / 주) - 제2호 의안 : 정관 변경의 건 제2-1호 의안 : 사업목적 관련 정관 변경의 건 (제2조) 제2-2호 의안 : 상법개정 관련 정관 변경의 건 (제20조,                                  제29조, 제32조, 제34조의 2, 제44조) 제2-3호 ",https://kind.krx.co.kr/external/2026/03/17/000611/20260317002410/00591.htm,True,2026H1reg,20260317000551
성원에너텍,,코스닥,20260317,20260317000606,[정정]주주총회소집공고,True,True,True,True,35,AI(인공지능);로봇;데이터센터;클라우드·SW·빅데이터;반도체;디지털자산·블록체인·STO(스테이블코인);바이오·헬스케어;2차전지·배터리;신재생·에너지·전력;희토류·핵심광물·소재;모빌리티·전기차·자율주행;조선·해양;부동산·임대·건설;탄소·환경,"철강재 및 비철금속 제조, 가공, 판매, 설치업 | 극박, 냉간압연, 정밀압연 제품제조, 판매 및 판매대행 | 전자재료 스테인레스 압연 제품제조, 판매 및 판매대행 | 데이터센터의 개발, 건설, 운영 및 관리업 | AI ·빅데이터 처리용 고성능 컴퓨팅(HPC) 인프라 구축 및 운영업 | 서버 ·스토리지 ·?GPU 클러스터 운영 및 임대업 | 코로케이션(Co-location) 서비스업 | 클라우드 컴퓨팅 서비스업(IaaS, PaaS, SaaS) | 인공지능(AI) 모델 학습 및 추론 서비스업 | AI 연산 인프라 (GPU Farm) 구축 및 운영업 (1 | 데이터 가공, 정제, 라벨링 및 분석 서비스업 (1 | AI 플랫폼 개발 및 공급업 | 디지털트윈, 자율주행, 메타버스, 로보틱스용 연산서비스업 | 전력 수급 및 에너지 관리 사업 | 신재생에너지 발전 및 전력 중개 사업 | ESS(에너지저장장치) 설치 및 운영업 | 데이터센터 전기, 통신, 기계설비 공사업 | 기간통신사업 및 부가통신사업 | 네트워크 구축 및 IDC 회산 임대업 | 해저케이블, 국제회선 중개업 | 산업단지, 지식산업센터 개발 및 분양업 | 데이터센터 리츠(REITs) 관련 사업 | 서버 ·AI가속시 ·반도체 모듈 제조 및 판매업 | 데이터센터 모듈형(MDC) 제작 및 수출입업 | 통신장비 및 전산장비 도소매업 | 해외 데이터센터 투자 및 합작사업 | 블록체인 및 디지털자산 인프라 사업 | 산업폐기물(석탄재 등) 재활용 및 자원화 사업(폐자원 수집, 운반, 중간처리 포함) | 희토류 등 희소금속 및 핵심광물의 수출, 원소재 제조, 가공, 정제, 도소매 및 수출입업 | 탄소광물화 기반 친환경 건설소재(CAS 등) 연구개발 및 제조업(건축자재 도소매 포함) | 탄소광물화 융복합 소재 기반 건축자재 제조 및 판매업 | 탄소광물화 관련 온실가스 감축 사업 및 탄소배출권 획득, 거래업 | 이산화탄소 포집, 활용, 저장(CCUS) 기술 기반 친환경 사업 | 자원재활용 및 친환경 기술 관련 지식재산권(IP) 보유, 임대, 이전 및 라이선스업 | 환경 및 기후변화 대응 관련 컨설팅업",사업목적 추가 및 조문번호 정비, 제4호 의안 : 정관 일부 변경의 건 제4-1호 의안 : 상호 변경(사명 변경)의 건 제4-2호 의안 : 목적사업 추가의 건 제4-3호 의안 : 감사위원회 설치 폐지의 건 제4-4호 의안 : 상법 및 관련 법령 개정사항 반영(정관 정비)의 건 제5호 의안 : 사내이사 선임의 건 제5-1호 의안 : 사내이사 장석환 선임의 건 제,https://kind.krx.co.kr/external/2026/03/17/000606/20260317002400/00591.htm,True,2026H1reg,20260317000547
삼정펄프,,유가증권,20260317,20260317000574,[정정]주주총회소집공고,False,True,True,True,1,,화장지 가공 및 판매,번호 및 내용조정 번호 및 내용조정 내용신설 내용조정,,https://kind.krx.co.kr/external/2026/03/17/000574/20260317002301/00591.htm,True,2026H1reg,20260317000535
케일럼,,코스닥,20260317,20260317000527,[정정]주주총회소집공고,False,True,True,True,8,방산;우주항공;신재생·에너지·전력;조선·해양;부동산·임대·건설,"치공구제조업 | 기계부품제조업 | 금형제조업 | 항공기 부분품 제조업 | 항공기, 산업, 선박용 가스터빈 엔진 및 동 보조기기류에 대한 부품제조업 | 유도무기, 미사일 추진체 부품제조업 | 발전소 및 에너지 플랜트 건설 및 운영, 유지관리 사업 | 수소 및 암모니아 등 청정에너지 관련 사업",1. 합병에 따른 사업목적 추가 2. 비영위사업 삭제,,https://kind.krx.co.kr/external/2026/03/17/000527/20260317002113/00591.htm,True,2026H1reg,20260317000501
일진디스플,,유가증권,20260317,20260317000520,[정정]주주총회소집공고,True,True,True,True,1,,디스플레이 장치용 유리 제조업,유리소재 제품 관련 목적사업 추가,"로 하는 품질 우위를 목표로 국내외 유수의 고객과, 차세대 디스플레이 소재 개발에 매진하고 있습니다. 2. 신규사업 등의 내용 및 전망 사파이어 잉곳의 경우 당사가 개발한 Advanced Kyropoulos 성장공법을 통하여 챔버 및 단열재 구조를 개선하여 우수한 품질의 사파이어 잉곳을 개발하고 있습니다. 또한 고평탄도 사파이어",https://kind.krx.co.kr/external/2026/03/17/000520/20260317002063/00591.htm,True,2026H1reg,20260317000498
아진전자부품,,유가증권,20260317,20260317000481,[정정]주주총회소집공고,True,True,True,True,1,로봇,로봇 부품 제조 및 판매업,사업목적추가, 포함)  및 연결재무제표 승인의 건 ② 제2호 의안: 정관 일부 변경의 건 제2-1호: 제2조(목적) - 신규사업목적 추가의 건 제2-2호: 제4조(공고방법) -홈페이지 주소변경 건 제2-3호: 제21조(소재지) - 주주총회 소재지와 개최방식 구체화 제2-4호: 제27조(의결권의 대리행사) - 의결권 증명 방법 추가의 건 제2,https://kind.krx.co.kr/external/2026/03/17/000481/20260317001855/00591.htm,True,2026H1reg,20260317000465
갤럭시아에스엠,,유가증권,20260317,20260317000427,[정정]주주총회소집공고,True,True,True,True,5,교육,"광고대행 및 광고제작업 ~64. 학원 운영업 | 자회사, 손자회사 및 투자회사 (이하 ""자회사 등""이라 한다)의 주식 또는 지분의 취득, 소유, 관리 및 처분업 | 자회사 등의 제반 사업내용을 지배, 경영지도, 정리 및 육성하는 지주사업 | 자회사 등의 업무를 지원하기 위한 자금지원, 전산지원, 교육서비스 및 경영컨설팅업 | 브랜드 및 상표권 등 지적재산권의 관리 및 라이선스업",사업다각화,"교 경쟁업체의 객관적 자료 파악의 어려움이 있습니다. (3) 시장의 특성 ""가. 업계의 현황"" 참조 (4) 신규사업 등의 내용 및 전망 당사는 2020년 12월 이사회 결의를 통해 프리미엄 피트니스 장비 브랜드 테크노짐의 국내 총판계약 체결의 건을 승인함. 1. 글로벌 피트니스 장비시장 (1) 2018년 APAC시장의 피트니스 ",https://kind.krx.co.kr/external/2026/03/17/000427/20260317001651/00591.htm,True,2026H1reg,20260317000418
일진파워,,코스닥,20260317,20260317000341,[정정]주주총회소집공고,True,True,True,True,9,신재생·에너지·전력;부동산·임대·건설,"전기사업법에 따른 발전사업 및 전력의 생산·공급·판매업 | 열병합발전 및 전력·열의 생산, 공급 및 판매업 | 집단에너지사업법에 따른 집단에너지 공급사업 | 신재생에너지(태양광, 수력, 풍력, 조력 일체) 발전사업 및 발전설비의 설치, 운영 임대 및 유지관리업 | 신재생에너지 공급인증서(REC)의 취득 및 거래업 | 발전소의 설계, 시공(EPC) 및 운영·유지관리(O&M) 사업 | 에너지 관련 기술개발, 컨설팅, 용역업 | 발전사업 관련 투자, 출자, SPC 설립 및 운영 | 부동산의 취득, 임대, 관리 및 처분에 관한 사업","사업목적 추가 : 변경 전의 항과 더불어, 20항~28항까지의 관련된 사업을 추가함으로서사업 목적의 확장"," 소방시설의 공사, 개설, 이전, 정비 등의 사업을 영위하기 위하여 2023년 12월 전문소방시설 공사업을 사업목적에 추가하여 소방시설정비물량의 입찰에 참여하고 있습니다. 원자력사업본부는 원자력 DIV1,2 본부를 포함하고 있으며, 원자력발전, 수력발전 정비사업과 수소 충전소 시운전사업을 수행 중이며 해외 원전 시공·시운전 사업",https://kind.krx.co.kr/external/2026/03/17/000341/20260317001335/00591.htm,True,2026H1reg,20260317000340
제너셈,,코스닥,20260317,20260317000298,[정정]주주총회소집공고,True,True,True,True,3,,"번호 부여 | 6년 03월 31일 개정 제2조(목적) : 사업 목적별 번호 부여를 통한 기재 형식 통일 및 가독성 제고를 위한 조문 정비 [변경] 제8조, 제8조의2, 제9조 : 전자증권법 시행에 따른 실물 주권 발행 조항 폐지 및 전자등록 조항 반영, 상법 및 표준정관에 따른 주식 용어 정비(우선주식에서 종류주식으로 변경) 및 종류주식의 구체적인 권리 내용 명시, 상장 | )에 따라 실효성이 상실된 주주명부 폐쇄 제도를 완전 폐지하고 기준일 중심의 조문 체계 정비 및 자구 수정(2주간 전에서 2주 전으로 변경 등) 반영 [변경] 제23조(소집시기) : 단일 항으로 구성된 조문의 항 번호 삭제 및 가독성 제고를 위한 조문 체계 정비 [변경] 제40조(이사의 보수와 퇴직금) : 이사보수규정 신설에 따른 이사의 보수한도 및 지급 ",사업 목적별 번호 부여를 통한 기재 형식 통일 및 가독성 제고를 위한 조문 정비,다. 그러므로 균형적인 R&D투자와 효율적인 경영으로 시장의 불안정성을 극복해 나가야 할 것입니다. (4) 신규사업 등의 내용 및 전망 연구개발 실적 및 세부적인 연구개발 계획 등은 기술 또는 영업 보안상의 문제와 직결되기 때문에 상세한 기재는 하지 않습니다. 당사는 기존 주력제품인 Pick and Place 기반 장비군과 더불,https://kind.krx.co.kr/external/2026/03/17/000298/20260317001063/00591.htm,True,2026H1reg,20260317000300
글로본,,코스닥,20260317,20260316002587,주주총회소집공고,False,True,True,True,20,클라우드·SW·빅데이터;바이오·헬스케어;교육,"질병 예방, 관리 및 건강증진산업등 정보통신기술 기반의 건강관리 서비스 | 정보서비스에 관한 컨설팅 서비스 및 교육 서비스 | 비대면의료 솔루션 개발 및 관련 서비스 제공 | 비대면의료 디바이스 인증, 판매, 리스 사업 | 클라우드 컴퓨팅 등 부가통신 서비스 | 헬스케어 데이터 플랫폼 사업 | 헬스케어 데이터베이스 및 온라인정보제공 사업 | 시스템 통합 구축서비스의 판매업 | 컴퓨터 및 통신기기를 이용한 정보자료처리 및 정보통신서비스업 | 지식정보서비스(CDRS, Collaborative Digital Reference Service), 건강기록시스템(PHR, Personal Health Record) 등 의료정보화 관련 개발 및 관련 서비스 제공 | 병원정보시스템(Hospital Information System) 개발, 컨설팅, 유지보수 등 | 디지털 호스피털(Digital Hospital) 수출 등 병원정보시스템의 국내외 판매 사업 | 엔에프씨(NFC, Near Field Communication) 통합 진료, 신용카드 및 엔에프씨(NFC, Near Field Communication) 헬스케어 솔루션 개발 사업 | 병원 운영 관련 물품 공급업 | 병원 경영 컨설팅 | 해외환자유치 등 병원, 의료 지원 사업 | 헬스케어 데이터 분석 외주용역 사업 | 고용 알선 및 인력 공급업 | 의학, 약학 연구개발업 | 공학 학술연구용역업",사업 다각화,,https://kind.krx.co.kr/external/2026/03/16/002587/20260316007273/00591.htm,True,2026H1reg,20260316001621
넥스턴앤롤코리아,,코스닥,20260317,20260316002559,주주총회소집공고,True,True,True,True,4,반도체,반도체 장비 부품제조업 | 금형 및 사출부품 생산업 | 절삭가공업 | 검사장비 제조업,사업다각화로 인한 신규사업 추가,등한 경쟁력을 보유하고 있어 기타 분야에서는 임플란트 가공업체의 수요가 급증할 것으로  전망됩니다. (4) 신규사업 등의 내용 및 전망 - 심혈관 중재시술 보조 로봇 시스템 개발 국책과제 최,https://kind.krx.co.kr/external/2026/03/16/002559/20260316007203/00591.htm,True,2026H1reg,20260316001599
에스팀,,코스닥,20260316,20260316002521,주주총회소집공고,True,True,True,True,2,화장품·뷰티,"브랜드 발굴, 투자 및 인큐베이팅 사업 | 패션, 뷰티 및 라이프스타일 상품의 국내외 유통업",- 정관 내 사업목적 추가 - 회사의 사업영역 확대 및 글로벌 유통 등 신규 사업 추진에 대비하여 사업목적을 추가하고자 함,"국내 최초 모델 전문 매니지먼트사로 시작하였으며, 후 패션을 중심으로 뷰티, 아트 등 라이프스타일 전반으로 사업 영역을 확장하여 종합 패션 콘텐츠 기업으로 성장하였습니다. 현재는 기획부터 제작, 홍보까지 전 과정을 수행하는 '원스톱 솔루션(One-stop Solution)' 체계를 바탕으로 콘텐츠 비즈니스를 주력 사업으로 영위하고",https://kind.krx.co.kr/external/2026/03/16/002521/20260316007091/00591.htm,True,2026H1reg,20260316001565
마이크로디지탈,,코스닥,20260316,20260316002511,주주총회소집공고,True,True,True,True,8,AI(인공지능);로봇;클라우드·SW·빅데이터;바이오·헬스케어;부동산·임대·건설;화장품·뷰티;식품·농업·외식,인공지능(AI) 기반 바이오 공정 플랫폼 개발 판매업 | 클라우드 기반 바이오 공정 데이터 분석 및 운영관리 서비스업 | 실험실 자동화 로봇 및 시스템의 개발·제조·판매 및 서비스업 | 의료·바이오 관련 기술 용역 및 컨설팅 서비스업 | 화장품 및 화장품 원재료 개발·제조·판매업 | 건강기능식품 제조 판매업 | 생명공학 및 바이오 관련 장비 임대업 | 부동산 임대업,사업영역 확장에 따른 사업목적 추가,"질의료비 증가에 큰 영향을 주고, 이들 요인에 의해 의료시장의 수요가 변동될 수 있음을 의미합니다. (4) 신규사업 등의 내용 및 전망 당사의 현재 주력제품은 (1) 바이오분석시스템 사업영역의 미량 흡광분석 시스템(Nabi), 다중 미량 흡광분석 시스템(Mobi), 소형 발광측정 시스템(Lumi), (2) 메디컬자동화시스템 사업",https://kind.krx.co.kr/external/2026/03/16/002511/20260316007067/00591.htm,True,2026H1reg,20260316001556
화인베스틸,,유가증권,20260316,20260316002505,[정정]주주총회소집공고,True,True,True,True,1,,"특수강 및 철강제품의 제조,가공,판매 및 유통업",- 사업다각화를 위한 사업목적 변경 및 추가,특수선박 제외)에 대한 시장점유율로 2025년말 한국조선해양플랜트협회 자료를 참고하여 작성하였습니다. 4) 신규사업 등의 내용 및 전망 3D 경량화 및 해상도 보존기술특허를 보유한 디지털트윈 전문기업인 자회사(주) 인포인의 디지털트윈(Digital Twin) 소프트웨어와 로봇시스템 엔지니어링 기술을 결합하여 자체 생산 공정에서 ,https://kind.krx.co.kr/external/2026/03/16/002505/20260316007047/00591.htm,True,2026H1reg,20260316001552
삼진엘앤디,,코스닥,20260316,20260316002476,주주총회소집공고,True,True,True,True,6,반도체,전동기 및 발전기 제조업 | 기타 전기장비 제조업 | 판유리 및 판유리 가공품 제조업 | 그 외 자동차용 신품 부품 제조업 | 기타 반도체 소자 제조업 | 반도체 제조용 기계 제조업,사업 다각화 및 신규 수익원 창출을 위한 사업 목적 추가,"며 액정표시장치 부품 사업에 본격 진출하였습니다. 이후 중소형 도광판(LGP) 및 백라이트유닛(BLU)으로 사업 영역을 확장하여 현재의 주력 사업 구조를 확립하였습니다. 삼성전자의 주요 협력사로서, 1995년부터 삼성의 글로벌 시장 진출에 발맞추어 중국, 멕시코, 슬로바키아, 베트남 등에 현지 법인을 설립하며 글로벌 부품사로 자리",https://kind.krx.co.kr/external/2026/03/16/002476/20260316007000/00591.htm,True,2026H1reg,20260316001536
셀바이오휴먼텍,,코스닥,20260316,20260316002465,[정정]주주총회소집공고,False,True,True,True,2,화장품·뷰티,"미용기기 제조 및 도,소매업 | 그 외 기타 특수목적용 기계 제조업",신규 사업 및 다각화,,https://kind.krx.co.kr/external/2026/03/16/002465/20260316006970/00591.htm,True,2026H1reg,20260316001524
피아이이,,코스닥,20260316,20260316002418,주주총회소집공고,True,True,True,True,1,AI(인공지능);로봇,"AI 및 로보틱스, 피지컬 AI 관련 제조업 및 유통업",목적사업 추가," 성장 기반을 강화하고 있습니다. 당사의 사업은 크게 AI 비전 솔루션, 데이터 기반 스마트팩토리 솔루션, 신규 사업 솔루션(반도체·유리기판·비파괴 검사·Physical AI 등)으로 구분됩니다. AI 비전 솔루션은 원통형·각형·파우치형 등 다양한 형태의 이차전지를 고속으로 제조하는 단계별 공정에서 불량을 정밀하게 판별하는 비전 ",https://kind.krx.co.kr/external/2026/03/16/002418/20260316006869/00591.htm,True,2026H1reg,20260316001497
티피씨글로벌,,코스닥,20260316,20260316002263,[정정]주주총회소집공고,False,True,True,True,1,투자·금융,"⑤ 국공채 등 채권, 주식 및 펀드 투자업 (2026.03.26. 신설)",제5호 : 사업역량 확대,,https://kind.krx.co.kr/external/2026/03/16/002263/20260316006455/00591.htm,True,2026H1reg,20260316001400
다보링크,,코스닥,20260316,20260316002166,주주총회소집공고,True,True,True,True,12,AI(인공지능);로봇;클라우드·SW·빅데이터;반도체;방산;우주항공;드론·UAM,"방위산업 물자, 기술, 군용 총포 및 화약류 등의 수출입업 | 항공기 관련 구성품, 기술 등의 수출입업 | 항공기 개발 및 정비업 | 무인항공기 개발 및 정비업 | 미사일 개발 사업 | 미사일 창정비,MRO등 유지 보수 정비업 | 휴머노이드 및 피지컬 인공지능(Physical AI), 인공지능(AI), 머신러닝 및 딥러닝 기반 기술 및 AI 에이전트 개발 및 유통업 | 산업용·서비스용 로봇 및 지능형 로봇 시스템의 개발, 제조, 유통 및 판매업 | 스마트팩토리 구축 및 산업 자동화 시스템 개발업 | IoT, 센서, 제어시스템 및 AI 반도체 등 첨단기술 개발업 | AI 및 로봇 기반 플랫폼 서비스 및 로봇 렌탈·구독 서비스업 | 드론 및 안티드론 시스템 및 고주파(RF)·통신 기반 드론 대응 기술 및 장비의 개발, 제조, 유통 및 판매업",신규사업 추진으로 인한 사업목적 추가,"01.~2025.12.31) 재무제표 및 연결재무제표 승인의 건 제2호 의안: 정관 일부 변경 승인의 건 (사업목적 추가 포함) 제3호 의안: 이사 선임의 건 제3-1호 의안 : 사내이사 황성환 신규선임의 건 제4호 의안: 이사 보수한도 승인의 건 (10억, 전기와 동일) 제5호 의안: 감사 보수한도 승인의 건(2억, 전기와 동",https://kind.krx.co.kr/external/2026/03/16/002166/20260316006190/00591.htm,True,2026H1reg,20260316001347
피플바이오,,코스닥,20260316,20260316002115,주주총회소집공고,True,True,True,True,13,클라우드·SW·빅데이터;반도체;부동산·임대·건설;교육,"네트워크 컨설팅 및 장비 공급업 | 전산장비 용역 제공업 | 소프트웨어 개발 및 공급업 | 소프트웨어 개발용역 제공업 | 가전, 전자제품 도소매업 | 반도체장비 제조 및 서비스 | 컴퓨터 및 주변장치, 소프트웨어 도매업, 수출업대행 및 무역업 | 교육사업 | 부동산임대 | 부동산 개발업 | 비주거용 건물 개발 및 공급업 | 기타 부동산 개발 및 공급업 | 시설물 유지관리 공사업",신규사업 추진을 위한 사업목적 추가,"단에 적합한 혈액 검사법이 개발되면 알츠하이머병 진단시장이 새롭게 재편될 것으로 예상되고 있습니다. (4) 신규사업 등의 내용 및 전망 알츠하이머 혈액검사 진단사업화와 함께 진단 포트폴리오 확대를 위해 2019년부터 본격적으로 파킨슨병 혈액진단 기술 개발에 착수하였고, 시제품 제작 및 인허가 승인 등을 계획하고 있습니다. (5)",https://kind.krx.co.kr/external/2026/03/16/002115/20260316006065/00591.htm,True,2026H1reg,20260316001318
네오리진,,코스닥,20260316,20260316002059,주주총회소집공고,True,True,True,True,4,AI(인공지능);데이터센터;디지털자산·블록체인·STO(스테이블코인);엔터·콘텐츠·게임,"인공지능 및 데이터 인프라 관련 사업(AI, 데이터센터 및 관련 서비스의 개발, 제공, 운영 포함) | 콘텐츠 및 지식재산권의 창작, 취득, 라이선스, 유통 관련 사업 | 마케팅 및 프로모션 사업 | 국내 또는 해외 자산(가상 자산 및 디지털 자산을 포함함)의 취득, 보유, 매각 등 관련 투자사업",신규사업 추진을 위한 사업목적 추가," 체결되었고, 2020년 8월 최대주주가 변경되었습니다. 이후 사명을 (주)네오리진으로 변경하고 게임사업을 신규사업으로 운영하였습니다. 2023년 5월 보안사업부문이 코닉글로리로 분할 및 매각되었습니다. 2024년 6월 종속회사 (주)펀타임을 흡수합병 하였습니다. 현재 (주)네오리진은 게임사업을 운영하고 있습니다. 부문별 주요 ",https://kind.krx.co.kr/external/2026/03/16/002059/20260316005928/00591.htm,True,2026H1reg,20260316001293
골드앤에스,,코스닥,20260316,20260316002057,주주총회소집공고,True,True,True,True,13,클라우드·SW·빅데이터;교육,"서적, 출판업 | 전자상거래, 부가통신업 | 유학알선 및 대행업 | 무역업 | 컴퓨터프로그램 및 소프트웨어 제작 공급 | 교육 연구 | 번역 및 통역 교육 서비스 | 영상제작, 교육 씨디 영상 제작 및 판매 | 광고대행업 | 통신판매중개업 | 스포츠지도 및 서비스사업 | 운동용품 도소매업 | 전화권유판매업",사업목적 추가 및 명칭변경,별 재무제표 승인의 건 제2호 의안: 정관 일부변경의 건 제2-1호 의안: 상호변경의 건 제2-2호 의안: 사업목적 추가 및 변경 등 기타 정관변경의 건 제3호 의안: 사내이사 선임의 건(후보: 배준형) 제4호 의안: 임원퇴직금 지급규정 변경의 건 제5호 의안: 이사 보수한도 승인의 건 4. 주주총회 소집통지 공고사항 비치 상법,https://kind.krx.co.kr/external/2026/03/16/002057/20260316005925/00591.htm,True,2026H1reg,20260316001294
LSK아이로봇,,코스닥,20260316,20260316002040,주주총회소집공고,True,True,True,True,2,엔터·콘텐츠·게임,"디지털콘텐츠 제작 및 유통업 | 뉴미디어 및 특수콘텐츠 제작업 및 그와 관련된 유통,서비스업",신규사업 영위를 위한 사업목적추가,"자에 대한 정확한 이해와 응용을 할 수 있       는 기술 집약형 중소업체에 적합한 산업입니다. (4) 신규사업 등의 내용 및 전망 1. Cean & Removal : 대전 방지 기능을 갖고, 다양한 점착력별로 개발하여 생산 판  매중입니다. 특히, OLED 용 이형필름, 강산(불산)에 견디는 이형필름 등 다양하게    개발",https://kind.krx.co.kr/external/2026/03/16/002040/20260316005893/00591.htm,True,2026H1reg,20260316001283
TS트릴리온,,코스닥,20260316,20260316002036,주주총회소집공고,False,True,True,True,9,데이터센터;클라우드·SW·빅데이터;신재생·에너지·전력;부동산·임대·건설,"데이터센터 관련 시설·설비의 유지보수, 관리, 안전진단 및 기술용역업 | 데이터센터 임대업(코로케이션/서버랙·상면·전산공간 임대 포함) 및 부대서비스업 | 정보통신설비 및 전산장비(서버, 네트워크, 저장장치 등) 판매·임대·설치 및 유지보수업 | 클라우드컴퓨팅, 호스팅, 데이터 저장·처리 및 관련 서비스 제공업 | 데이터센터용 부동산 개발, 매매, 임대 및 관리업 | 데이터센터 구축 프로젝트 관리(PM), 컨설팅, 엔지니어링 및 기술자문업 | 에너지관리(EMS), 전력·냉각 효율화 솔루션 제공 및 관련 설비 운영업 | 물리보안·출입통제·CCTV·관제시스템 구축 및 운영업 소방·방재·재난예방 설비 구축 및 유지관리업 | 데이터센터 관련 사업에 대한 투자, 출자, 지분취득 및 그 부대사업",사업다각화,,https://kind.krx.co.kr/external/2026/03/16/002036/20260316005882/00591.htm,True,2026H1reg,20260316001282
CJ씨푸드,,유가증권,20260316,20260316001959,주주총회소집공고,True,True,True,True,1,,도매 및 상품중개업,사업의 종류 추가,급식전문업체 및 대리점 등 자체 판매망을 통한 전문적인 경로로써 매출 및 수익을 확대하고 있습니다. (4) 신규사업 등의 내용 및 전망 - 해당사항 없음 (5) 조직도 조직도(2025년 12월 31 기준) 2. 주주총회 목적사항별 기재사항 □ 재무제표의 승인 가. 해당 사업연도의 영업상황의 개요 나. 해당 사업연도의 대차대조표(,https://kind.krx.co.kr/external/2026/03/16/001959/20260316005678/00591.htm,True,2026H1reg,20260316001232
SCL사이언스,,코스닥,20260316,20260316001810,주주총회소집공고,True,True,True,True,1,,물류창고 운영 및 보관업,회사 사업목적 신설,"송 이슈 등을 겪으며 바이오 물류의 중요성이 증대되었고, 그에 따른 시장 수요도 증가하고 있습니다. (4) 신규사업 등의 내용 및 전망 종속회사인 (주)에스씨엘헬스케어는 정밀의료 기반 진단 및 맞춤형 치료 솔루션을 제공하는 바이오헬스를 추구하는 기업으로써, 유전체 분석 서비스를 통해 다양한 질환에 대한 조기진단, 맞춤의료 및 정",https://kind.krx.co.kr/external/2026/03/16/001810/20260316005329/00591.htm,True,2026H1reg,20260316001162
모아라이프플러스,,코스닥,20260316,20260316001808,주주총회소집공고,False,True,True,True,22,AI(인공지능);데이터센터;클라우드·SW·빅데이터;전자지급·결제(PG·선불);바이오·헬스케어;화장품·뷰티,"인공지능(AI) 데이터센터 구축 및 운영업 | AI 플랫폼 개발 및 서비스업 | 인공지능 소프트웨어 개발 및 공급업 | 시스템 소프트웨어 및 응용 소프트웨어 개발업 | 정보기술(IT) 서비스업 및 시스템 통합(SI) 사업 | 데이터 처리, 데이터 분석 및 데이터베이스 서비스업 | 빅데이터 분석 및 데이터 플랫폼 서비스업 | 전자상거래 플랫폼 개발 및 운영업 | 전자결제(PG) 시스템 개발업 | 온라인 결제대행(Payment Gateway) 서비스업 | 핀테크(FinTech) 서비스 개발 및 운영업 | 전자지급결제대행업 및 관련 솔루션 개발업 | 정보통신기기 및 서버, 네트워크 장비 판매 및 임대업 | 데이터센터 장비 및 컴퓨팅 장비 판매 및 임대업 | 가맹점 모집 대행업 및 사업지원 서비스업 | 미용기기 및 헬스케어 기기 제조 및 판매업 | 생활용품 제조 및 판매업 | 전자기기 및 소비재 제품 제조 및 판매업 | 온라인 쇼핑몰 운영 및 전자상거래업 | 기술 연구개발(R&D) 및 기술 이전 사업 | 지식재산권 취득, 관리 및 라이선스 사업 | 국내외 기업 투자 및 투자자문업",사업다각화 및 신사업 영위 근거마련,,https://kind.krx.co.kr/external/2026/03/16/001808/20260316005322/00591.htm,True,2026H1reg,20260316001156
SFA넥셀,,코스닥,20260316,20260316001673,주주총회소집공고,True,True,True,True,2,신재생·에너지·전력,태양광 에너지를 이용한 발전 및 에너지화 사업 | 기계설비ㆍ가스공사업,- 향후 신규 사업 추진을 위한 법적 근거 확보,안 : 제11기 연결재무제표 및 재무제표 승인의 건 - 제2호 의안 : 정관 변경의 건 제2-1호 의안 : 목적사업 추가 관련 정관 일부 변경의 건 제2-2호 의안 : 이사회 관련 정관 일부 변경의 건 제2-3호 의안 : 자기주식 처분 계획 관련 정관 일부 변경의 건 제2-4호 의안 : 배당 및 결산 승인 절차 관련 정관 일부 ,https://kind.krx.co.kr/external/2026/03/16/001673/20260316005014/00591.htm,True,2026H1reg,20260316001101
이오테크닉스,,코스닥,20260316,20260316001661,주주총회소집공고,False,True,True,True,10,클라우드·SW·빅데이터;엔터·콘텐츠·게임;식품·농업·외식,"경영 컨설팅 및 자문업 | 기업 인수합병(M&A) 중개 및 알선업 | 노하우, 기술의 판매, 임대업 | 소프트웨어 제작 및 판매업 | 지적재산권에 대한 개발, 임대 및 판매업 | 매니지먼트업 / 광고대행업 | 방송 프로그램 제작업 / 비디오물 제작업 | 음악제작, 음반제작, 음악 및 음반유통업 | 휴게 및 일반음식점업 | 공간대여업",업종추가,,https://kind.krx.co.kr/external/2026/03/16/001661/20260316004975/00591.htm,True,2026H1reg,20260316001091
휴마시스,,코스닥,20260316,20260316001643,주주총회소집공고,False,True,True,True,2,반도체,반도체 소재 및 장비업 | 기타 위 각호와 관련된 사업,사업목적 추가,,https://kind.krx.co.kr/external/2026/03/16/001643/20260316004947/00591.htm,True,2026H1reg,20260316001079
미래아이앤지,,유가증권,20260316,20260316001601,주주총회소집공고,True,True,True,True,2,반도체,반도체 소재 및 장비업 | 기타 위 각호와 관련된 사업,- 사업목적 추가,기반 송금패턴분석 의심거래차단 자체솔루션 개발(PJT: Paybot Payment Fraud AI)을 통해 사업영역 확장을 추진해 나갈 것입니다. 2) B&E사업 당사 B&E사업은 한류에 대한 세계적인 관심이 꾸준히 증가하여 각각의 단일상품이 아닌 엔터테엔먼트사업인 드라마 및 연예기획 등을 통하여 영향력을 확대하고 그에 부가하여,https://kind.krx.co.kr/external/2026/03/16/001601/20260316004851/00591.htm,True,2026H1reg,20260316001052
케이티,,유가증권,20260316,20260316001582,[정정]주주총회소집공고,True,True,True,True,1,,"지적재산권의 관리, 라이선스 및 기타 처분에 관한 사업",사업 구조 변화를 반영한 목적사업 조정 - (삭제) 본인신용정보관리업 및 부수업무 목적사업 삭제 - (추가) 지식재산권 수익화 목적사업 추가,- 제1호 의안 : 제44기 재무제표 승인의 건 - 제2호 의안 : 정관 일부 변경의 건 - 제2-1호 : 목적사업 조정 - 제2-2호 : 공고방법 변경 - 제2-3호 : 이사의 충실의무 확대 - 제2-4호 : 사외이사 명칭 변경 - 제2-5호 : 전자주주총회 도입 - 제2-6호 : 감사위원 분리선임 인원 상향 - 제2-7호 :,https://kind.krx.co.kr/external/2026/03/16/001582/20260316004790/00591.htm,True,2026H1reg,20260316001040
비비안,,유가증권,20260316,20260316001543,주주총회소집공고,True,True,True,True,13,AI(인공지능);클라우드·SW·빅데이터;방산;우주항공;2차전지·배터리;신재생·에너지·전력;교육,"전력의 생산, 저장, 공급, 판매 및 거래 관련 사업 | 에너지저장장치(ESS), 배터리시스템, 전력변환장치(PCS), 에너지관리시스템(EMS), 배터리관리시스템(BMS) 및 관련 장비·부품·소재의 개발, 설계, 제조, 조립, 설치, 판매, 임대, 운영 및 유지보수업 | 변압기, 개폐기, 차단기, 보호계전기, 배전반, 수배전반, 전력케이블, 송배전기자재 및 기타 전력기기·전기기기의 개발, 설계, 제조, 조립, 설치, 판매, 임대, 운영 및 유지보수업 | 송전, 변전, 배전, 전력저장, 충전인프라 및 기타 전력설비의 개발, 설계, 엔지니어링, 조달, 시공, 감리, 운영 및 유지보수업 | 스마트그리드, 마이크로그리드, 가상발전소(VPP), 수요관리(DR), 전력거래·전력중개 플랫폼 및 관련 소프트웨어·시스템의 개발, 구축, 운영 및 서비스업 | 전력설비, 전기설비 및 에너지 관련 시설물의 기술용역, 엔지니어링, 컨설팅, 시험, 검사, 인증, 교육 및 연구개발업 | 전력산업 관련 기자재, 부품, 소재, 원재료의 제조, 가공, 매매, 수출입, 대리, 중개 및 무역업 | 방산물자, 군수품, 국방과학기술 및 관련 장비·부품·소재의 연구, 개발, 설계, 제조, 조립, 정비, 성능개량, 판매, 임대 및 유지보수업 | 지상, 해상, 항공, 우주, 무인체계, 전자·통신·감시정찰·항법·유도·제어·전원공급 장비 및 관련 시스템의 연구, 개발, 설계, 제조, 조립, 정비, 판매 및 유지보수업 | 국방용 소프트웨어, 인공지능, 정보보호, 사이버보안, 지휘통제, 시뮬레이터 및 교육훈련체계의 개발, 구축, 운영 및 서비스업 | 방산물자 및 국방과학기술의 수출입업, 판매업, 대리업, 중개업, 무역업 및 기술도입·기술이전·라이선스업 | 군납, 정부조달, 해외조달, 절충교역, 현지생산, 공동개발 및 후속군수지원 사업 | 전력산업 및 방위산업과 관련한 투자, 출자, 지분취득, 합작투자, 자산취득, 사업양수도 및 해외법인 설립·운영업",신규사업영역 확대 및 미래 성장기반 확보,"세에 있으며, 다품종 소량 생산에 따라 비용절감과 큰폭의 수익창출 요소를 찾는데 어려움이 있습니다. (4) 신규사업 등의 내용 및 전망 (가) 브랜드 '비비안'의 애슬레저군 신규 런칭 에슬레저(Athleisure)란 에슬레틱(운동경기)와 레저(여가)를 합쳐 '가벼운 스포츠'라는 불리며, 일반인들도 스포츠를 일상적으로 받아들여 손",https://kind.krx.co.kr/external/2026/03/16/001543/20260316004693/00591.htm,True,2026H1reg,20260316001019
다산솔루에타,,코스닥,20260316,20260316001520,주주총회소집공고,True,True,True,True,2,신재생·에너지·전력;모빌리티·전기차·자율주행,"자동차부품 및 전장품 제조, 임가공 및 판매업 | 태양광발전업",목적사업 추가,"한, 설비 확장과 동시에 해당 분야의 엔지니어 등 재원을 확보하고 차별화된 기술개발과 품질 향상을 바탕으로 사업 다각화를 위해 노력하였으며, 기술력 평가를 통해 국책은행의 자금을 지원받는 등 성과를 달성하였고, 글로벌 유수의 기업을 고객으로 확보함으로써 본격적인 수출 확대 궤도에 올라서며 빠르게 성장하고 있습니다. 당사는 2012년",https://kind.krx.co.kr/external/2026/03/16/001520/20260316004614/00591.htm,True,2026H1reg,20260316001000
와이엠티,,코스닥,20260316,20260316001499,주주총회소집공고,False,True,True,True,2,,회의실 및 시설 대관 서비스업 | 정보통신공사업,유휴공간 임대사업 영위 및 정보통신설비 유지보수 제도 준수에 따른 목적 추가,,https://kind.krx.co.kr/external/2026/03/16/001499/20260316004557/00591.htm,True,2026H1reg,20260316000988
넥사다이내믹스,,코스닥,20260316,20260316001381,주주총회소집공고,False,True,True,True,3,모빌리티·전기차·자율주행,"행사 대행업 | 이벤트 대행업 | (전기) 자동차부품 제조, 도ㆍ소매 및 수출입업",사업목적 추가,,https://kind.krx.co.kr/external/2026/03/16/001381/20260316004283/00591.htm,True,2026H1reg,20260316000920
알비더블유,,코스닥,20260316,20260316001339,주주총회소집공고,True,True,True,True,1,엔터·콘텐츠·게임,광고 영화 및 비디오물 제작업,정부지원 사업 영위,"매니지먼트 사업 이외에도 음원/음반 및 저작권 사업, 공연/방송 등의 제작대행 사업, 아이돌 굿즈 판매 등 사업 영역을 다각화해 나가고 있습니다. 또한 콘텐츠 제작 Staff 인력 양성사업 및 아티스트(예비 아티스트 포함) 등의 트레이닝 대행 사업도 진행하고 있어 타사 대비 차별화된 경쟁력을 확보하고 있습니다. 당사의 매출은 크게",https://kind.krx.co.kr/external/2026/03/16/001339/20260316004157/00591.htm,True,2026H1reg,20260316000903
HLB,,코스닥,20260316,20260316001328,주주총회소집공고,True,True,True,True,16,클라우드·SW·빅데이터;바이오·헬스케어;신재생·에너지·전력;부동산·임대·건설;화장품·뷰티;식품·농업·외식;탄소·환경,"의학, 생명공학, 분자생물학, 유전자·단백질공학 등을 포함한 제약·바이오 분야의 연구,개발 및 연구용역 수탁업 | 의약품, 원료의약품, 바이오의약품, 세포·유전자치료제, 생물학적 제제 등 제약·바이오 관련 물질의 연구, 개발, 제조, 보관 및 판매업 | 의료기기, 체외진단기기, 진단시약, 의료용품, 헬스케어 기기 및 관련 제품 등의 연구, 개발, 제조, 판매업 및 임대업 | 의약품, 바이오의약품과 관련된 임상시험 및 비임상시험, 분석, 통계, 자문 및 대행 서비스, 병원·의료기관 운영 지원 및 디지털 헬스케어 사업 | 의약외품의 연구, 개발, 제조 및 판매업 | 제약·바이오·헬스케어 분야와 관련된 기계장치 개발 및 판매업 | 의료기기 및 헬스케어 제품과 관련된 임상시험 및 비임상시험, 분석, 통계, 자문 및 대행 서비스, 병원·의료기관 운영 지원 및 디지털 헬스케어 사업 | 건강기능식품, 식품, 화장품 및 헬스케어 관련 소비재의 연구, 개발, 제조 및 판매업 | 동물용 의약품, 의료용품 연구, 개발, 제조 및 판매업 | 제약·바이오·헬스케어 및 관련 제품 등의 국내외 유통, 도소매, 전자상거래, 통신판매 및 무역업 | 제약·바이오·헬스케어 분야와 관련된 기술이전, 지식재산권의 취득·관리·라이선스, 정보통신기술 개발, 플랫폼 운영 및 관련 컨설팅업 | 화장품, 위생용품 등의 제조, 판매, 도소매업 | 미용기기 및 이·미용기구의 제조 및 판매 업 | 환경,신재생에너지 발전사업 및 전력의 생산·판매업 | 인터넷 헬스케어비지니스 및 인터넷 관련 전자상거래(의약품, 부외품, 의료기기, 화장품, 식품, 생활용품 등) | 부동산 임대 및 매매업",종속회사 합병과 및 분할에 따른 변경,: 감사위원이 되는 사외이사 이윤희 신규 선임의 건 제4호 의안 : 정관 일부 변경의 건 - 제4-1호 : 사업목적 변경의 건 - 제4-2호 : 종류주식 전환 조건 변경의 건 - 제4-3호 : 자기주식의 보유 또는 처분의 건 - 제4-4호 : 상법 개정 반영의 건 - 제4-5호 : 위원회 신설의 건 - 제4-6호 : 배당 기준일,https://kind.krx.co.kr/external/2026/03/16/001328/20260316004141/00591.htm,True,2026H1reg,20260316000897
휴젤,,코스닥,20260316,20260316001269,주주총회소집공고,False,True,True,True,2,,인체조직 유통분배업 | 인체조직 수입업,사업 목적 추가,,https://kind.krx.co.kr/external/2026/03/16/001269/20260316003999/00591.htm,True,2026H1reg,20260316000868
푸드나무,,코스닥,20260316,20260316001241,주주총회소집공고,False,True,True,True,9,클라우드·SW·빅데이터;바이오·헬스케어;식품·농업·외식,"축산물 판매 및 중개업 | 축산, 축산물가공, 식품위생 관련 컨설팅업 | 시스템소프트웨어 개발 및 공급업 | 응용소프트웨어 개발 및 공급업 | 화공약품, 화학제품 판매 및 중개업 | 건강기능식품 제조, 판매 및 중개업 | 의약품 제조, 판매 및 중개업 | 연구용,질병진단용 바이오칩 및 진단기기 제조업 | 연구용, 질병진단용 바이오칩 및 진단기기 판매(도,소매업)",신사업 확장,,https://kind.krx.co.kr/external/2026/03/16/001241/20260316003902/00591.htm,True,2026H1reg,20260316000850
삼목에스폼,,코스닥,20260316,20260316001135,주주총회소집공고,True,True,True,True,1,,도매업 / 도료도매업 / 페인트 및 방수액도매업,사업목적 추가,"포함, 현금배당 : 1주 300원) 제2호 의안 : 정관 일부 변경의 건 제2-1호. 정관 일부 변경의 건(사업목적추가) 제2-2호. 정관 일부 변경의 건(상법 개정사항 반영) 제3호 의안 : 의장 불신임 및 주주총회 임시의장 이보열 선임의 건 (임시주주총회 소집요청 안건) 제4호 의안 : 정관 일부 변경의 건 제4-1호. 집중",https://kind.krx.co.kr/external/2026/03/16/001135/20260316003585/00591.htm,True,2026H1reg,20260316000796
위너스일렉,,코스닥,20260316,20260316000986,주주총회소집공고,True,True,True,True,1,AI(인공지능),AI(인공지능)를 적용한 제품 제조 및 판매업,목적사업 추가,건 제4호 의안 : 정관 일부 변경의 건 제4-1호 의안: 제1조 상호 변경의 건 제4-2호 의안: 제2조 목적사업 추가의 건 제4-3호 의안: 제23조 소집지와 개최방식 변경(추가)의 건 제4-4호 의안: 제29조 의결권의 대리행사 변경(추가)의 건 제4-5호 의안: 제32조 이사의 수 변경(사외이사 명칭 변경 외)의 건 제4,https://kind.krx.co.kr/external/2026/03/16/000986/20260316003196/00591.htm,True,2026H1reg,20260316000713
제이아이테크,,코스닥,20260316,20260316000930,주주총회소집공고,True,True,True,True,3,바이오·헬스케어;신재생·에너지·전력;희토류·핵심광물·소재;탄소·환경,"폐기물 종합재활용업 | 폐기물 수집, 운반, 처리 이용업 | 태양광 및 도시광산업 등 신재생에너지 관련 사업",사업다각화 및 확대를 위한 목적사업 추가, 제2-1호 : 사외이사 황재정 선임의 건(재선임) - 제3호 의안 : 정관 일부 변경의 건 제3-1호 : 사업목적 추가 제3-2호 : 상법 개정사항 반영 - 제4호 의안 : 이사보수한도액 승인의 건 - 제5호 의안 : 감사보수한도액 승인의 건 4. 경영참고사항 비치 상법 제542조의4에 의거 경영참고사항을 우리 회사의 본점에 ,https://kind.krx.co.kr/external/2026/03/16/000930/20260316003047/00591.htm,True,2026H1reg,20260316000684
한국가스공사,,유가증권,20260316,20260316000863,주주총회소집공고,False,True,True,True,2,,"""산업통상부 장관"" | ""재정경제부 장관""",정부조직개편에 따른 행정기관 명칭 변경,,https://kind.krx.co.kr/external/2026/03/16/000863/20260316002880/00591.htm,True,2026H1reg,20260316000637
노타,,코스닥,20260316,20260316000843,주주총회소집공고,True,True,True,True,4,엔터·콘텐츠·게임,컴퓨터 및 주변 장치 제조업 | 통신 및 방송 장비 제조업 | 교통 신호장치 제조업 | 기타 전기장비 제조업,사업 다변화를 위한 사업목적 추가,"며 시장을 선도할 수 있는 기업에 대한 수요가 더욱 높아지고 있습니다. ② 주요 경쟁업체 현황 당사의 주요 사업 영역과 관련된 경쟁사들의 현황 및 특징은 다음과 같습니다. 기업명 분야 특징 스퀴즈비츠 AI 모델 경량화 및 양자화 AI 모델을 4비트 이하로 양자화하여 경량화하는 기술을 보유하고 있으며, 양자화된 모델을 기존 하드웨어",https://kind.krx.co.kr/external/2026/03/16/000843/20260316002844/00591.htm,True,2026H1reg,20260316000622
티비에이치글로벌,,유가증권,20260316,20260316000807,주주총회소집공고,True,True,True,True,5,,가구제조 및 도소매업 | 철제진열대 제조 및 도소매업 | 가구 디자인 및 설계업 | 인테리어 자재 도소매업 | 렌탈임대업,"- 신규 사업 목적 추가 (재사용이 가능한 매장 인테리어 집기 비품 개발 및 제작, 사용에 따른 ESG 경영 실천) - 조항 번호 수정","탁 판매 등을 진행하고 있습니다 ※ 시장점유율 및 시장의 특성은 '가.업계의 현황'을 참조 바랍니다. 2) 신규사업 등의 내용 및 전망 당기 중 새로이 추진하였거나, 이사회결의 등을 통해 새로이 추진하기로 결정한 중요한 신규사업내역이 없습니다. 3) 조직도 전사조직도_tbh_20251231 2. 주주총회 목적사항별 기재사항 □ ",https://kind.krx.co.kr/external/2026/03/16/000807/20260316002767/00591.htm,True,2026H1reg,20260316000594
HC홈센타,,코스닥,20260316,20260316000751,주주총회소집공고,False,True,True,True,2,신재생·에너지·전력,태양광발전사업 | 기타 신재생에너지에 의한 발전사업 42,- 사업 목적의 추가,,https://kind.krx.co.kr/external/2026/03/16/000751/20260316002599/00591.htm,True,2026H1reg,20260316000548
아고스,,코스닥,20260316,20260316000709,주주총회소집공고,True,True,True,True,1,,정보통신 공사업,사업목적 추가,"을 올리고 있습니다. OTT서비스 사업자와의 컨텐츠 기획을 통한 드라마, 영화, 다큐멘터리등의 제작을 통해 사업영역을 확대해 나갈 것으로 예상 됩니다. 3. 유통 사업부문 당사는 현재 현대, 롯데, GS등 메이저홈쇼핑에 제품들을 런칭중이며, 계절 및 우리나라의 절기에 맞는 특화 상품 등을 개발하여 홈쇼핑유통 사업을 활발히 진행 ",https://kind.krx.co.kr/external/2026/03/16/000709/20260316002454/00591.htm,True,2026H1reg,20260316000521
에이팩트,,코스닥,20260316,20260316000691,주주총회소집공고,True,True,True,True,2,반도체,"반도체 제조 관련 재료, 장비, 부품과 기타 관련 상품 중개업 | 반돛 관련 제품의 제도 및 도소매업",사업 목적 추가,"진행하여야 합니다. , 고객의 엄격한 품질 수준과 신뢰 구축은 후발주자에게는 큰 진입장벽이 됩니다. (4) 신규사업 등의 내용 및 전망 당사는 2025년 10월 비상장사 글로원아아엔씨 지분 30%를 취득하면서, 반도체, 디스플레이 전공정 소모품인 Heating Jacket 사업을 영위할 계획입니다. (5) 조직도 에이팩트 조직도",https://kind.krx.co.kr/external/2026/03/16/000691/20260316002410/00591.htm,True,2026H1reg,20260316000506
스타코링크,,코스닥,20260316,20260316000682,주주총회소집공고,False,True,True,True,4,엔터·콘텐츠·게임,"대중문화예술기획업, 연예기획업, 이벤트대행업, 사진촬영업, 공연시설운용업, 공연연출기획업 | 영화, 음악 등 영상, 음성 매체의 보관 장치 기획, 제작, 디지털 파일의 녹음, 녹화 기획, 제작업 | 디지털컨텐츠 제작, 판매, 유지보수, 컨설팅 | 국내·외 투자자문업 및 자산운영업",미영위 사업목적 삭제 및 항목 정렬,,https://kind.krx.co.kr/external/2026/03/16/000682/20260316002367/00591.htm,True,2026H1reg,20260316000500
엔시스,,코스닥,20260316,20260316000674,[정정]주주총회소집공고,True,True,True,True,5,2차전지·배터리;신재생·에너지·전력;모빌리티·전기차·자율주행,"전기자동차 배터리 설비 제조 및 판매업 | 신재생에너지 설비 제조 및 판매업 | 에너지저장장비 제조 및 판매업 | 이차전지 소재, 부품, 시스템 제조 개발 및 판매업 | 산업용 기계 장비 제조 및 판매업","5항~11항 포메이션, 믹싱사업부 신설로 인한 사업의 목적 추가","확보하였습니다. 이에 따라 단일 공정 장비 기업이 아닌, 배터리 생산 전반을 아우르는 통합 솔루션 기업으로 사업 영역을 확장하였습니다. 2) 기술 경쟁력 및 차별성 최근 데이터센터 ESS 시장에서 배터리 화재 안전성이 주요 이슈로 부각되고 있습니다. 당사는 전극공정 내 절연코팅 검사 기술(Insulation Coating Test",https://kind.krx.co.kr/external/2026/03/16/000674/20260316002345/00591.htm,True,2026H1reg,20260316000494
아이에스티이,,코스닥,20260316,20260316000673,주주총회소집공고,True,True,True,True,3,클라우드·SW·빅데이터,"증류기 열 교환기 및 가스발생기 제조 및 판매업 | 컴퓨터 및 주변장치, 소프트웨어 도·소매업 | 컴퓨터 시스템 통합 자문 및 구축 서비스업",AI 데이터센타 시장 진출,한도의 건 제4호 의안 : 감사 보수한도 승인의 건 제5호 의안 : 정관 일부 변경의 건 5-1호 의안 : 사업목적 추가 및 부칙 시행일의 건 5-2호 의안 : 이사보수의 건 5-3호 의안 : 감사보수의 건 제6호 의안 : 임원보수규정 제정의 건 4. 경영참고사항 비치 상법 제542조의4에 의한 경영참고사항은 당사 인터넷 홈페이,https://kind.krx.co.kr/external/2026/03/16/000673/20260316002344/00591.htm,True,2026H1reg,20260316000493
아이티센씨티에스,,유가증권,20260316,20260316000630,주주총회소집공고,True,True,True,True,1,,자회사(손자회사를 포함하며 해당 손자회사가 지배하는 회사를 포함함) 및 계열회사에 대한 자금 및 업무지원 사업,사업목적 추가,"우드·대규모 NI 프로젝트의 경우 4분기에 매출이 집중되는 경향이 업계 전반에서 나타나고 있습니다. (4) 신규사업 등의 내용 및 전망 ① AI & HPC 인프라 구축 서비스 사업 당사는 AI 워크로드 급증과 함께 GPU 서버, 고성능 스토리지, 초고속 네트워크 등 HPC(High-Performance Computing) 인프라",https://kind.krx.co.kr/external/2026/03/16/000630/20260316002195/00591.htm,True,2026H1reg,20260316000464
서울평가정보,,코스닥,20260316,20260316000549,주주총회소집공고,True,True,True,True,1,탄소·환경,"환경컨설팅, 지속가능경영, ESG 및 녹색금융관련 자문업",사업 목적 추가 및 조문번호 수정,") 포함, 현금배당 : 1주당 배당금 80원) ○ 제2호 의안 : 정관 일부 변경의 건 제2-1호 의안 : 사업목적 추가 제2-2호 의안 : 조문 정비 제2-3호 의안 : 독립이사로의 명칭 변경 제2-4호 의안 : 이사의 충실의무 확대 제2-5호 의안 : 이사의 보수한도 제2-6호 의안 : 감사의 보수한도 제2-7호 의안 : 부",https://kind.krx.co.kr/external/2026/03/16/000549/20260316001964/00591.htm,True,2026H1reg,20260316000416
청담글로벌,,코스닥,20260316,20260316000533,[정정]주주총회소집공고,True,True,True,True,1,희토류·핵심광물·소재,희토류 네오디뮴 자석 유통업,사업목적 추가,ommerce  platform 기업으로 정확한 시장 점유율을 파악하기는 어렵습니다.  매출거래처 확대 및 사업다각화 등으로 매년 큰 성장을 하였으며 작년에는 S2C사업확대를 통해 라이브커머스 등을 통해 수익률을 개선하기 위해 많은 노력을 하였습니다. (3) 시장의 특성 III-1.사업의 개요-가.업계의 현황 참고바랍니다. (4),https://kind.krx.co.kr/external/2026/03/16/000533/20260316001918/00591.htm,True,2026H1reg,20260316000404
에스지헬스케어,,코스닥,20260316,20260316000403,주주총회소집공고,True,True,True,True,2,바이오·헬스케어;부동산·임대·건설,"외국인 환자 유치업 | 의료관광업 16, 부동산 개발, 매매 및 임대사업",사업다각화를 위한 사업목적추가,이익잉여금처분계산서 포함) 및 연결재무제표 승인의 건 제2호 의안 : 정관 일부변경의 건 제2-1호의안 : 목적추가 제2-2호의안 : 이사보수정비 제2-3호의안 : 상법개정 및 문구정비 제3호 의안 : 감사위원회 위원이 되는 사외이사 선임의 건 제3-1호의안 : 사외이사 강지호 재선임의 건 제4호 의안 : 등기 이사 보수규정 제,https://kind.krx.co.kr/external/2026/03/16/000403/20260316001541/00591.htm,True,2026H1reg,20260316000325
수산아이앤티,,코스닥,20260316,20260316000386,주주총회소집공고,True,True,True,True,2,방산;우주항공,방산 사업 | 항공우주 사업,신규 사업목적 추가함.,"으로 인정받고 있으며, 기 구축한 인프라는 다양한 서비스가 가능한 멀티 플랫폼으로 활용이 가능한 고부가가치 사업영역이라고 할 수 있습니다. [보안솔루션] 당사는 ""인터넷 트래픽 분석 기술""을 기반으로 하는 ""웹 필터링 보안 솔루션, SWG(Secure Web Gateway), SSL 트래픽 분석 및 가시화 솔루션(SSL Visi",https://kind.krx.co.kr/external/2026/03/16/000386/20260316001477/00591.htm,True,2026H1reg,20260316000313
진시스템,,코스닥,20260316,20260316000382,주주총회소집공고,True,True,True,True,23,2차전지·배터리;신재생·에너지·전력;부동산·임대·건설;탄소·환경;교육,"폐기물 수집, 운반 및 처리업 | 폐타이어 수집 및 운반업 | 폐타이어 파쇄 및 분쇄업 | 암모니아 터미널의 개발, 설계, 자금조달, 관리 및 운영업 | 암모니아 수출입업 및 유통 관련사업 | 재생에너지(태양광, 풍력, 에너지저장장치) 발전사업 | 재생에너지 발전시설의 개발, 설계, 자금조달, 관리, 시공 및 운영업 32 온실가스 감축사업 개발, 자금조달, 관리 및 운영업 | 온실가스 배출권 거래 및 중개업 | 합성고무 유통업 | 합성고무 무역업 | 화학원료 도소매업 | 화학원료 무역업 | 기타고무 제조업 | 합성수지 제조업 | 시스템 통합 자문 및 관리업 | 경영컨설팅업 | 통신판매업 및 전자상거래업 | 철재창호제작 및 도,소매업 | 금속구조물, 창호공사업 | 실내건축공사업 | 강구조물 공사업 | 비계, 구조물해체공사업 | 건설자재 도,소매업",신규사업 추진을 위한 사업목적 추가," 현황 1. 영업개황 및 사업부문의 구분 1) 영업개황 당사는 분자진단 솔루션 개발, 제조 및 서비스를 주 사업영역으로 하고 있으며, 주요 제품군은 분자진단 시스템, 바이오칩, 검사키트, 반응시약으로 구분할 수 있습니다. 현장 분자진단을 가능하게 하는 당사 플랫폼 제품은 소형화 / 경량화 기술을 구현하여 공간제약이 없으며 시약이",https://kind.krx.co.kr/external/2026/03/16/000382/20260316001470/00591.htm,True,2026H1reg,20260316000308
오르비텍,,코스닥,20260316,20260316000350,[정정]주주총회소집공고,True,True,True,True,5,반도체;탄소·환경,"신소재 및 대체에너지관련 소재 개발, 생산 및 판매업 | 화학제품용 소재 개발, 생산 및 판매업 | 전자제품 개발, 생산 및 판매업 | 반도체 Display 소재 개발, 생산 및 판매업 | 폐기물 종합처리업",사업 목적 추가,강화하는데 있어서 업무를 충분히 수행할 것으로 판단되어 후보자로 추천함. 김정상 전문지식을 바탕으로 당사의 사업다각화를 위해 주요 의사결정 및 회사의 발전에 기여할 수 있을것으로 기대되어 후보자로 추천함 . 주4-2) 이사의 선임 가. 후보자의 성명ㆍ생년월일ㆍ추천인ㆍ최대주주와의 관계ㆍ사외이사후보자 등 여부 후보자성명 생년월일 사외,https://kind.krx.co.kr/external/2026/03/16/000350/20260316001337/00591.htm,True,2026H1reg,20260316000285
서진오토모티브,,코스닥,20260316,20260316000170,주주총회소집공고,True,True,True,True,2,로봇,"차전지 부품·소재 제조 및 판매업 | 로봇 하드웨어 및 로봇 시스템(본체, 구동부, 제어장치, 센서 등)의 제조 및 판매",사업확장,"하는 전기·수소차용 감속기 부품 개발 및 양산라인 구축을 통해 전기차, 수소차 및 퍼스널 모빌리티 시장으로 사업영역을 확장하는 것입니다. 이를 통해 당사는 기존 내연기관 구동계 부품에서 축적한 기술력을 기반으로 전동화 파워트레인 핵심 부품 기업으로의 전환을 추진하고 있으며, 친환경차 시장 확대와 함께 산업로봇 하드웨어 기술 개발",https://kind.krx.co.kr/external/2026/03/16/000170/20260316000618/00591.htm,True,2026H1reg,20260316000120
원익,,코스닥,20260316,20260316000121,주주총회소집공고,True,True,True,True,1,반도체,반도체관련 석영제품 제조 및 판매,- 신규사업(쿼츠제조)에 따른 사업목적 추가,5.12.31) 연결 및 별도 재무제표 승인의 건 제2호 의안 : 정관 일부 변경의 건 제2-1호 의안 : 사업목적 추가의 건 제2-2호 의안 : 상법개정 등에 따른 변경의 건 제3호 의안 : 이사 선임의 건 제3-1호 의안 : 사내이사 이용한 선임의 건 제3-2호 의안 : 사내이사 장홍식 선임의 건 제3-3호 의안 : 사외이사,https://kind.krx.co.kr/external/2026/03/16/000121/20260316000403/00591.htm,True,2026H1reg,20260316000077
디와이피엔에프,,코스닥,20260316,20260313002201,주주총회소집공고,True,True,True,True,5,AI(인공지능);클라우드·SW·빅데이터;반도체;엔터·콘텐츠·게임,"인공지능 기반 서비스 개발 및 운영업 | 반도체 설계, 제조, 가공, 판매 및 수출입업 | 전자상거래 및 통신판매업 | 디지털 콘텐츠(영화/영상/음원 등)의 기획, 제작, 유통 및 플랫폼 운영업 | 의류 및 패션제품 제조·판매업",[사업 목적 추가] -사업 다각화 및 신사업 영위 근거 마련,서 소재 이송분야 역시 이러한 고도화 역량에 맞는기술 및 사업 능력을 갖출 것을 요구받고 있습니다. (4) 신규사업 등의 내용 및 전망 Aluminium Silo제조설비는 당사 PCS사업부문의 저장에 해당하는 공정으로 Aluminium 재질의 대용량 저장탱크 생산 설비입니다. 최근 SUS 재질의 대용량 저장탱크에서 Alumini,https://kind.krx.co.kr/external/2026/03/13/002201/20260313005366/00591.htm,True,2026H1reg,20260313001376
웰킵스하이텍,,코스닥,20260313,20260313002191,주주총회소집공고,True,True,True,True,41,클라우드·SW·빅데이터;부동산·임대·건설;엔터·콘텐츠·게임;투자·금융;교육,"시스템 소프트웨어 개발 및 공급업 | 응용 소프트웨어 개발 및 공급업 | 컴퓨터 프로그래밍 서비스업 | 포털 및 기타 인터넷 정보매개 서비스업 | 데이터베이스 및 온라인정보 제공업 | 통신이용 교육업 | 컴퓨터 및 주변장치, 소프트웨어 도-소매업 | 유선 및 무선 통신업 | 통신장비 및 부품 도매업 | 기타 금융관련 서비스업(자문) | 유무선 통신관련 소프트웨어 개발, 자문, 대여 및 판매, 공급업 | 유무선 통신기기 제조 및 도매업 | 음성정보제공업 | 인터넷솔루션 및 컨텐츠 제조 판매 | 부동산 임대 및 관리업 | 인터넷교육사업 | 도서출판업 | 광고기획, 제작, 대행 및 서비스업 | 라이센스대행업 | 소프트웨어 및 건축자재 무역업 | 건축자재 도소매업 | 소프트웨어사업자 (데이타베이스 제작 및 검색서비스사업) | 별정통신사업 | 통합시스템 구축 | 전산시스템구축 및 유지보수업 | 정보처리 및 제공 기술 개발업 | 기술에 대한 평가, 투자 및 사업화 촉진 | 연구 및 기술개발과 기술정보의 제공업 | 전자상거래업 | 국내외 금융 컨설팅업 | 컴퓨터 시스템 통합자문 및 구축 서비스업 | 자료 처리 및 호스팅 관련 서비스업 | 연구개발업 | 사업 및 무형재산권 중개업 | 경영컨설팅 및 공공관계 서비스업 | 기타 전문 서비스업(자문 및 컨설팅) | 금융상품중개 및 판매대행업 | 대출중개업 | 부동산 담보대출 중개서비스 | 기타금융상품 중개서비스 | 데이터 3법과 관련된 개발 및 서비스업",신사업 추진을 위한 사업목적 추가,"사 문효식 선임(신규)의 건 제3호 의안 : 자본금 액면 병합의 건 제4호 의안 : 정관 일부 변경의 건 (사업목적, 본점 소재지, 일주의 금액) 제5호 의안 : 이사 보수 한도 승인의 건 제6호 의안 : 감사 보수 한도 승인의 건 4. 경영참고사항 비치 상법 제542조의4에 의거 경영참고사항은 금융감독원 또는 한국거래소의 전자",https://kind.krx.co.kr/external/2026/03/13/002191/20260313005338/00591.htm,True,2026H1reg,20260313001368
태광산업,,유가증권,20260313,20260313002015,[정정]주주총회소집공고,True,True,True,True,1,바이오·헬스케어,의약품 제조 및 판매업,제1장 제2조 신규항목 추가 - 사업다각화 및 신사업 진출을 위한 중장기적 기반 마련,안 : 자기주식 관련 정관 일부 변경의 건 제2-7호 의안 : 이사 수 상한 설정의 건 제2-8호 의안 : 사업목적 추가의 건 제2-9호 의안 : 전자주주총회 도입의 건 제2-10호 의안 : 사외이사 명칭 변경의 건 제2-11호 의안 : 집중투표제 배제 조항 삭제의 건 제2-12호 의안 : 부칙 구조 변경에 따른 조번호 정리의 ,https://kind.krx.co.kr/external/2026/03/13/002015/20260313004969/00591.htm,True,2026H1reg,20260313001279
아이엘로보틱스,,코넥스,20260313,20260313001945,주주총회소집공고,True,True,True,True,3,로봇;클라우드·SW·빅데이터,"현행 유지 | 로봇 자동화 기계, 설비 제조 및 판매업 | 산업용, 연구용, 군사용, 전문서비스용, 로봇 하드웨어 및 소프트웨어 수출입, 개발 제작, 임대, 가공 및 용역업",신규사업 추가,"제어시스템은 다양한 설비들과 연동되어 에너지 절감, 시설안전, 운영 효율화를 달성 가능하게 합니다. (4) 신규사업 등의 내용 및 전망 당사는 사업목적 다각화르르 위하여, 새로운 신규사업 창출을 검토 중에 있으며, 구체적인 내용이 확정되면, 발표할 예정입니다. (5) 조직도 로보틱스 조직도 2. 주주총회 목적사항별 기재사항 □ ",https://kind.krx.co.kr/external/2026/03/13/001945/20260313004800/00591.htm,True,2026H1reg,20260313001245
좋은사람들,,코스닥,20260313,20260313001908,주주총회소집공고,True,True,True,True,7,AI(인공지능);클라우드·SW·빅데이터;바이오·헬스케어;부동산·임대·건설;화장품·뷰티,"의류, 속옷, 패션잡화의 제조·가공·판매 및 수출입업 | 화장품, 생활용품의 제조 및 유통업 | 온라인·모바일 전자상거래 및 플랫폼 운영업 | 인공지능(AI) 및 데이터 기반 패션·헬스케어 관련 소프트웨어의 개발·공급업 | 브랜드, 상표권, 저작권, 디자인권 등 지식재산권의 취득·관리·양수·양도 및 라이선스업 | 부동산 임대·매매·개발 및 관련 용역업 | 투자, M&A, 경영컨설팅 및 위 각 호에 부대되는 제반 사업 일체","<개정> - 과거 식품, 외식, 조경 등 비핵심 · 중단 사업 정리 - AI, 헬스케어 등 사업 다각화 및 사업 목적 구체화",심으로 확고한 경쟁력을 유지하고 있기에 앞으로도 지속적인 이익창출이 실현될 것으로 판단하고 있습니다. 4) 신규사업 등의 내용 및 전망 - 회사는 고부가가치시장을 위해 수년 전부터 업계에서 가장 일찍 스포츠기능성 베이스레이어를 개발하여 유통에 전개하고 있습니다. 5) 조직도 251231_(주)좋은사람들 조직도 2. 주주총회 목적,https://kind.krx.co.kr/external/2026/03/13/001908/20260313004712/00591.htm,True,2026H1reg,20260313001228
제이브이엠,,코스닥,20260313,20260313001836,주주총회소집공고,False,True,True,True,2,,"기술관련 용역 제공, 서비스 및 Know-How의 판매업 | 특허권, 브랜드 및 상표권 등 지적 재산권의 관리 및 라이센스업",-항목간 번호 변경 및 사업 목적 추가 -번호 변경 -번호 변경 -번호 변경 -번호 변경 -번호 변경,,https://kind.krx.co.kr/external/2026/03/13/001836/20260313004571/00591.htm,True,2026H1reg,20260313001199
디알텍,,코스닥,20260313,20260313001754,주주총회소집공고,True,True,True,True,2,,기술개발 및 기술이전 사업 | 지식재산권의 임대 및 라이선스업,사업영역 확장 조문번호 수정,"물ㆍPCBㆍ반도체ㆍ2차전지) 제품 중심으로 판매하고 있으며, 치과용ㆍ수술용 동영상 디텍터와 시스템 제품으로 사업 영역을 확장하고 있습니다. 당사는 2003년에 국내 최초이자 세계 5번째로 X-ray 디텍터를 개발하였으며, 직접방식 디텍터 위주로 사업을 진행하며 미국 동물용시장에서 1위를 유지하고 있습니다. 2014년에는 차별화 기",https://kind.krx.co.kr/external/2026/03/13/001754/20260313004363/00591.htm,True,2026H1reg,20260313001146
오성첨단소재,,코스닥,20260313,20260313001632,주주총회소집공고,True,True,True,True,6,,"플라스틱필름 제조업 및 판매업 | 전자부품 제조업 및 판매업 | 전자부품 포장재료 제조업 및 판매업 | 대전방지코팅액, 실리콘, 고무등 제조업 및 판매업 | 플라스틱성형제품 제조업 및 판매업 | 나노 입자를 이용한 응용소재 개발 및 판매업",합병에 따른 사업목적 추가,인의 건 제2호 의안 : 주식(액면)병합 승인의 건 제3호 의안 : 정관 일부 변경의 건 제3-1호 의안: 사업목적 추가 제3-2호 의안: 액면가액 변경 제3-3호 의안: 상법 개정 관련 정관 정비 제4호 의안 : 사내이사 김유신 선임의 건 제5호 의안 : 이사보수한도 승인의 건 제6호 의안 : 감사보수한도 승인의 건 4. 경영,https://kind.krx.co.kr/external/2026/03/13/001632/20260313004118/00591.htm,True,2026H1reg,20260313001079
아로마티카,,코스닥,20260313,20260313001618,주주총회소집공고,True,True,True,True,2,교육,"교육서비스업, 평생교육업(사업장 부설 평생 교육시 설 설치ㆍ운영) | 도서출판 및 판매업",사업목적 추가 사업목적 추가,도 지속적인 연구와 기술 개발을 통해서 클린 뷰티 시장에서 독보적인 위치를 차지 해나갈 예정입니다. (4) 신규사업 등의 내용 및 전망 해당사항 없음 (5) 조직도(2025.12.31 기준) 조직도 2. 주주총회 목적사항별 기재사항 □ 재무제표의 승인 제1호 의안) 제25기(2025.1.1~2025.12.31) 재무제표 승인의 ,https://kind.krx.co.kr/external/2026/03/13/001618/20260313004082/00591.htm,True,2026H1reg,20260313001070
MSDI,,코스닥,20260313,20260313001558,주주총회소집공고,False,True,True,True,40,AI(인공지능);데이터센터;클라우드·SW·빅데이터;바이오·헬스케어;신재생·에너지·전력;희토류·핵심광물·소재;양자,"인쇄업 | 실크인쇄업 | 태양광발전기기, 풍력발전기기 제조 및 도소매업 | 스마트제어시스템기기 제조 및 도소매업 | 전동리프팅기기(헬스케어) 제조 및 도소매업 | 조명기기(엘이디램프) 제조 및 도소매업 | 통신공사업 | 전기공사업 | 상온 및 상압 초전도 소재 및 제조공정의 연구개발 | 합금계 초전도체 등 초전도 소재의 연구개발, 제조 및 판매 | 금속 기반 합금계 초전도체의 설계, 합성 및 가공 기술 개발 | 초전도 소재의 전자구조 설계 및 결정구조 제어 기술 개발 | 초전도 소재 기반 산업용 소재 및 부품의 연구개발 및 제조 | 초전도 자석 기반 의료영상 장비의 연구개발, 제조 및 판매 | 소형 MRI 및 이동식 MRI 장비의 연구개발 및 사업화 | 초전도 기반 의료영상 및 진단 장비의 연구개발 및 제조 | 초전도 자석 및 산업용 고자기장 장비의 연구개발 및 제조 | 초전도 센서 및 첨단 산업용 장비의 연구개발 | 초전도 소재 기반 전력전달 및 전력 효율 향상 기술 개발 | 초전도 전력 케이블 및 전력기기 연구개발 및 제조 | 초전도 기반 고효율 전력 시스템 및 에너지 인프라 기술 개발 | 초전도 전력 인프라 구축 및 관련 장비 개발 | 합금계 초전도체를 활용한 데이터센터 전력 효율화 기술 개발 | 초전도 기반 데이터센터 전력 인프라 구축 및 운영 | 초전도 전력 기술 기반 Pilot 데이터센터 구축 및 실증사업 | 초전도 소재 기반 고효율 전기모터 및 구동 시스템의 연구개발, 제조 및 판매 | 자체 개발한 인공지능 기반 신소재 설계 플랫폼(SuperMatics)의 개발, 구축 및 운영 | 초전도체 및 첨단 기능성 소재의 조성 설계, 구조 설계 및 물성 예측을 위한 인공지능 기반 소재 설계 기술 개발 | 초전도체 및 첨단 소재의 합성 공정 및 제조 공정 설계를 위한 인공지능 기반 공정 설계 기술 개발 | 초전도체 및 첨단소재 후보물질 탐색 및 조성 최적화를 위한 데이터 기반 소재 설계 엔진 개발 | 소재 설계 데이터 및 실험 데이터를 통합한 소재 설계 데이터 플랫폼 구축 및 운영 | 인공지능 기반 소재 설계 소프트웨어 및 플랫폼의 개발, 판매 및 라이선스 사업 | 초전도 소재 합성, 소결 및 가공 공정기술 개발 | 레이저 어블레이션 및 박막 증착 장비의 연구개발, 제조 및 판매 | 초전도 소재 제조 및 증착 장비의 개발, 제조 및 판매 | 신소재 및 첨단소재 관련 연구개발 및 기술사업화 | 신소재 관련 기술 이전, 기술 자문 및 컨설팅 | 초전도 소재, 합금계 초전도체 및 첨단 신소재 기술을 기반으로 한 전력, 에너지, 의료, 정보기술, 데이터센터, 양자기술, 산업장비 및 기타 미래 산업 분야의 연구개발, 제조, 판매 및 사업화 | 인공지능 기반 소재 설계 기술, 데이터 기반 소재 개발 기술 및 관련 플랫폼의 구축, 운영 및 서비스 | 초전도 및 첨단소재 기술을 활용한 시스템, 장비, 인프라 및 관련 서비스의 개발, 구축, 운영 및 사업화",사업목적 다각화,,https://kind.krx.co.kr/external/2026/03/13/001558/20260313003906/00591.htm,True,2026H1reg,20260313001027
위메이드,,코스닥,20260313,20260313001525,[정정]주주총회소집공고,False,True,True,True,4,,⑩ 자회사의 주식 또는 지분을 취득·소유함으로써 자회사의 제반 사업내용을 지배·경영지도·정리·육성하는 사업 | 자회사 등에 대한 경영자문·사무지원 및 컨설팅 사업 | (개정 전 | 항 이동),- 사업 및 수익 근거 마련,,https://kind.krx.co.kr/external/2026/03/13/001525/20260313003839/00591.htm,True,2026H1reg,20260313001002
씨케이솔루션,,유가증권,20260313,20260313001291,주주총회소집공고,False,True,True,True,8,,"토목공사업 | 자회사의 주식 또는 지분을 취득ㆍ소유함으로써 자회사의 제반 사업내용을 지배ㆍ경영지도ㆍ정리ㆍ육성하는 지주사업 | 브랜드, 상표권 등 지적재산권의 관리 및 라이선스 사업 | 자회사 등에 대한 사무업무지원 및 경영지원 사업 | 시장조사, 경영자문 및 컨설팅업 | 자회사 등과 용역ㆍ상품 또는 기술의 공동 개발 및 판매사업 | 자회사 등의 설비ㆍ전산시스템 등의 개발 및 이와 관련된 기술지원 사업 | 기술연구 및 용역수탁업","신규 수주 추진, 자회사 관리ㆍ지원 강화에 따른 사업목적 추가",,https://kind.krx.co.kr/external/2026/03/13/001291/20260313003338/00591.htm,True,2026H1reg,20260313000861
폰드그룹,,코스닥,20260313,20260313001279,주주총회소집공고,True,True,True,True,24,클라우드·SW·빅데이터;화장품·뷰티,"브랜드, 상표권 등 지적재산권의 관리 및 라이센스업 | 화장품 유통 및 도소매업 | 화장품 책임판매업 | 미용기기 제조 및 판매업 | 미용기기개발, 제조 및 판매업 | 가정용전자기기개발, 제조 및 판매업 | 면세점 운영업 | 부가통신사업자로서의 문자메세지 발송 | 전기통신사업자를 통한 문자메세지 발송사업 및 부대사업일체 등 | 소프트웨어개발업 | 응용소프트웨어 개발 | 데이터베이스 및 온라인정보 제공업 | 퀵서비스중개업 | 배달중개업 | 의류 및 잡화 도매 및 소매업 | 소셜네트워크서비스(SNS)를 활용한 광고 대행 및 컨설팅업 | 창고 및 스튜디오 임대업 | 별정통신사업 | 통신 재판매업 | 포털 및 기타 인터넷 정보 매개 서비스업 | 온라인 활용 마케팅 및 관련 사업지원 서비스업 | 문자발송 대행업 | 특수한 유형의 부가통신사업 | 호스팅 및 관련 서비스업",(변경전) 24. 조항 순서 64.로 이동 (변경전) 36. 중복 삭제 (변경후) 39. ~ 66. 사업목적 추가 및 정비,"사업을 시작하였으며 1 , 10월에는 스포츠패션 브랜드 '스파이더'를 전개하는 '브랜드유니버스'를 인수하여 사업 영역을 더욱 확장하였습니다. 이러한 인수를 통해 당사는 K-패션뿐만 아니라 K-뷰티까지 사업영역을 확대하며 글로벌기업으로의 성장을 가속화하고 있습니다. (2) 시장의 특성 2025년 현재 한국 패션 시장은 다양한 특성을",https://kind.krx.co.kr/external/2026/03/13/001279/20260313003317/00591.htm,True,2026H1reg,20260313000851
엔젠바이오,,코스닥,20260313,20260313001227,주주총회소집공고,False,True,True,True,2,바이오·헬스케어;식품·농업·외식,"의료기관 운영에 필요한 물류관리, 구매대행 및 제3자 물류사업 | 휴게음식점업, 일반음식점업, 식음료품 제조·가공·도소매업 및 관련 프랜차이즈업",사업목적추가,,https://kind.krx.co.kr/external/2026/03/13/001227/20260313003154/00591.htm,True,2026H1reg,20260313000822
한국피아이엠,,코스닥,20260313,20260313001189,주주총회소집공고,True,True,True,True,6,,"지식재산권 임대 및 라이선스업 | 기술이전, 기술지도 및 기술용역업 | 경영컨설팅 및 사업지원 서비스업 | 기어 및 동력전달장치 제조업 | 금속가공제품 제조업 | 금속분말 제조 및 판매업",사업의 확장 계획에 따른 사업목적 추가 및 조문체계 정비," 적용 범위가 확대되고 있습니다. 이러한 산업 환경 변화는 당사가 보유한 차별화된 기술 경쟁력을 바탕으로  신규 사업 확장의 중요한 기회로 작용할 것으로 예상됩니다. (3) 경기변동의 특성 자동차 부품 산업은 완성차 생산량 및 자동차 등록 대수에 직접적인 영향을 받으며, 세계 경제 성장률, 환율, 금리 등 거시경제 변수에 민감하게",https://kind.krx.co.kr/external/2026/03/13/001189/20260313003089/00591.htm,True,2026H1reg,20260313000809
엑시큐어하이트론,,유가증권,20260313,20260313001118,주주총회소집공고,False,True,True,True,14,클라우드·SW·빅데이터;식품·농업·외식,"국제물류주선업 | 해상·항공 화물 운송주선업 | 수출입 화물 운송 및 통관 대행업 | 창고업 및 물류 보관업 | 냉장·냉동 창고 운영업 및 저온물류센터 운영업 | 물류센터 개발, 운영 및 물류관리업 | 식품 및 농수산물 수출입업 | 식품 제조, 가공, 보관 및 유통업 | 식품 도소매업 및 온라인 판매업 | 농수산물 및 식자재 유통업 | 해외 물류센터 및 창고 운영업 | 해외 유통 및 무역업 | 물류 컨설팅 및 공급망 관리 서비스업(SCM) | 전자상거래 및 플랫폼 운영업",사업 다각화,,https://kind.krx.co.kr/external/2026/03/13/001118/20260313002917/00591.htm,True,2026H1reg,20260313000770
시큐레터,,코스닥,20260313,20260313001109,[정정]주주총회소집공고,True,True,True,True,6,부동산·임대·건설;교육,하드웨어 개발 및 판매업 | 정보보안 서비스업 | 정보통신공사업 | 정보보안솔루션 컨설팅업 | 교육서비스업 | 부동산 임대 및 전대업,사업다각화에 따른사업목적 추가,"위해 MARS 플랫폼 기반의 이메일보안 제품, 파일보안제품, 콘텐츠무해화 솔루션 등을 개발하였습니다. 주요 사업 영역은 이메일 보안사업, 망간 자료전송 파일 보안사업, 웹서비스 파일 보안사업, 문서 중앙화 파일 보안사업, 클라우드 지원 보안사업, 보안위협 인텔리전스 사업이 주요 분야이며, 보안 R&D사업을 통한 기술융합솔루션사업(",https://kind.krx.co.kr/external/2026/03/13/001109/20260313002894/00591.htm,True,2026H1reg,20260313000766
KTcs,,유가증권,20260313,20260313001027,주주총회소집공고,True,True,True,True,1,,행사대행업,.사업목적사항 추가 - 행사대행업,재무제표 승인의 건(현금배당 100원/주) - 제2호 의안 : 정관 일부 개정의 건 . 제2-1호 의안 : 사업 목적사항 추가 . 제2-2호 의안 : 상법 개정조항 반영 - 제3호 의안 : 이사 선임의 건(2인) . 제3-1호 의안 : 사내이사 지정용 . 제3-2호 의안 : 사내이사 조현민 - 제4호 의안 : 감사위원회 위원이 되,https://kind.krx.co.kr/external/2026/03/13/001027/20260313002746/00591.htm,True,2026H1reg,20260313000721
크로넥스,,코넥스,20260313,20260313000911,주주총회소집공고,True,True,True,True,20,AI(인공지능);바이오·헬스케어;부동산·임대·건설;화장품·뷰티;식품·농업·외식,"생명공학, 의약, 바이오 관련 연구시설 및 생산시설의 건설 및 운영 사업 | 그린바이오 및 농생명 바이오 기술의 연구개발 및 사업화 | 건강기능식품 및 일반식품 제조·유통·도소매업 | 건강기능식품, 일반식품 수출 및 수입판매업 | 화장품 연구업, 테스트업, 연구개발 대행업 | 화장품 및 유아용품 제조, 유통, 도소매업 | 화장품 및 유아용품 수입판매업 | 광고대행 및 광고물제작업 | 용역 서비스업 | 비주거용건물임대.전대업 | 기타부동산임대.전대업 | 의료기기,의료장비, 의료시설 대여업 | 방향제 제조업, 도.소매업 | 헬스케어 (에이아이) 하드웨어 및 (에이아이)헬스케어 프로그램 개발업 | 맞춤형 화장품 상품개발 및 공급업 | 의료기기개발, 제조 및 판매업 | 미용기기개발, 제조 및 판매업 | 가정용전자기기개발, 제조 및 판매업 | 의료기기, 미용기기, 가정용전자기기 연구개발업 | 근로자파견업",사업영역 확장을 위한 사업목적의 변경 및 추가," 활용 가능하며 이를 필요로 하는 의료기기 제조사 및 의약업체 등에 여러 형태로 판매되고 있습니다. (4) 신규사업 등의 내용 및 전망 질병관리본부 장기이식센터에서 발표한 2019년도 장기이식 대기자는 신장이 1만8천명으로 가장 많았습니다. 이어 간(5천명), 췌장(1천명), 심장(4백명), 폐(120명), 소장(19명) 순이었",https://kind.krx.co.kr/external/2026/03/13/000911/20260313002503/00591.htm,True,2026H1reg,20260313000644
에이유브랜즈,,코스닥,20260313,20260313000849,주주총회소집공고,True,True,True,True,2,부동산·임대·건설,"경영 및 사업전반에 관한 컨설팅업 | 부동산 임대, 전대 및 매매업",사업목적 추가,1.01~2025.12.31) 재무제표 승인의 건 (연결 포함) - 제2호 의안 : 정관 일부 개정의 건 (사업목적 추가) - 제3호 의안: 이사회에서 기 결의한 주식매수선택권 부여 승인의 건 - 제4호 의안: 이사보수한도 승인의 건 - 제5호 의안: 감사보수한도 승인의 건 4. 경영참고사항 등의 비치 및 공고 상법 제 542조,https://kind.krx.co.kr/external/2026/03/13/000849/20260313002368/00591.htm,True,2026H1reg,20260313000603
손오공,,코스닥,20260313,20260313000820,주주총회소집공고,False,True,True,True,6,클라우드·SW·빅데이터;디지털자산·블록체인·STO(스테이블코인),"무역거래 및 공급망 관리 블록체인 플랫폼 개발 및 운영업 | 무역금융 관련 디지털 계약 및 스마트 컨트랙트 시스템 개발업 | 디지털 자산 기반 거래 정산 관련 기술 및 인프라 개발업 | 차세대 핀테크 및 무역금융 전산 시스템과 전자문서·전자계약 플랫폼 개발업 | 소프트웨어 개발, 공급, 기술 컨설팅 및 라이선스 사업 52데이터 처리, 분석 및 정보 서비스업 | 블록체인 기반 디지털 자산 및 거래 데이터 관리 시스템 개발업","사업다각화 및 신규 사업 추진을 위한 목적 추가 . <삭제> 47,48",,https://kind.krx.co.kr/external/2026/03/13/000820/20260313002290/00591.htm,True,2026H1reg,20260313000581
모바일어플라이언스,,코스닥,20260313,20260313000812,주주총회소집공고,True,True,True,True,13,AI(인공지능);로봇;데이터센터;클라우드·SW·빅데이터;우주항공;디지털자산·블록체인·STO(스테이블코인);신재생·에너지·전력;엔터·콘텐츠·게임,"항공기, 우주선 및 부품 제조업 | 무선 및 위성 통신업 | 경영 컨설팅업 | AI 및 로봇 장비 판매업 | 매니지먼트 사업 | 데이터 센터 구축 및 공급업 | 분산원장 기술을 활용한 데이터 보관 및 인증 서비스업 | 전기통신공사업 및 정보통신공사업 | 재생에너지 발전사업 및 에너지 효율 관리업 | 클라우드 컴퓨팅 서비스 및 인프라 구축업 | 컴퓨터 시스템 통합 구축 및 관리업 | 가상자산 및 디지털 토큰 개발 및 공급업 | 블록체인 기반 소프트웨어 개발 및 공급업",신규사업 추진으로 인한 사업목적 추가,3-1호 의안 : 비상근 감사 문경주 선임의 건 ④ 제 4호 의안 : 정관 변경의 건 제 4-1호 의안 : 사업목적 추가의 건 제 4-2호 의안 : 정관 일부 변경의 건 ⑤ 제 5호 의안 : 주식매수선택권 부여 승인의 건 ⑥ 제 6호 의안 : 이사 보수한도 승인의 건 ⑦ 제 7호 의안 : 감사 보수한도 승인의 건 4. 경영 참고,https://kind.krx.co.kr/external/2026/03/13/000812/20260313002273/00591.htm,True,2026H1reg,20260313000577
에피소드컴퍼니,,코스닥,20260313,20260313000794,[정정]주주총회소집공고,True,True,True,True,11,부동산·임대·건설;엔터·콘텐츠·게임;교육,"영화, 드라마, 기타 영상물 기획, 개발, 투자, 배급 및 판매업 | 컨텐츠 제작, 투자, 배급업 | 컴퓨터 그래픽 서비스업 | 학원업 및 관련 프랜차이즈 사업 | 원격교육 서비스업 | 전자출판업 | 미디어콘텐츠창작업 | 대중문화예술기획업 | 경영컨설팅업 | 부동산임대업 및 부동산관련업 | 전시, 컨벤션 및 행사 대행업",신규 사업목적 추가 및 재정비,"P)의 입장, △어린이들에게까지 확산된 스마트폰 사용과 함께 장난감 IP 라이선싱 사업의 어려움, 그리고 △신규 사업을 과감하게 진행할 수 없는 영세성 등으로 인하여 성장에 어려움이 있습니다. 자체 IP를 확보해도 콘텐츠 제작 역량이 없거나 부족하고, IP와 제작역량을 갖추더라도 TV와 OTT 사업자에게 전적으로 의존해야하는 종속",https://kind.krx.co.kr/external/2026/03/13/000794/20260313002223/00591.htm,True,2026H1reg,20260313000567
다스코,,유가증권,20260313,20260313000778,[정정]주주총회소집공고,True,True,True,True,3,부동산·임대·건설,비계 구조물 해체공사업 목 제조업 | 철근 및 건축자재 판매업 | 차 금속제품 도매업,건축용 자재 세부품목 추가 및 비영위사업 사업목적 삭제,업 39. 1차 금속제품 도매업 40. 위 각 호의 부대사업 일체 건축용 자재 세부품목 추가 및 비영위사업 사업목적 삭제 변경전 내용 변경후 내용 변경의 목적 제2조(목적) 이 회사는 다음의 사업을 영위함을 목적으로 한다. 1. 금속구조재 제조업 2. 구조용 금속판 제품 제조업 3. 기타 철물제품 제조업 및 도매업 4. 금속구조,https://kind.krx.co.kr/external/2026/03/13/000778/20260313002190/00591.htm,True,2026H1reg,20260313000560
에피바이오텍,,코넥스,20260313,20260313000728,주주총회소집공고,True,True,True,True,1,클라우드·SW·빅데이터,응용 소프트웨어 개발 및 공급업,사업 다각화,". 2024년말, 미국 바이오텍과의 계약체결을 통해 첫 해외수주 성과를 이뤄냈습니다. 당사는 CRO 서비스 사업영역을 지속적으로 확장중입니다. 2. 주주총회 목적사항별 기재사항 □ 재무제표의 승인 가. 해당 사업연도의 영업상황의 개요 본 공고상의 ""Ⅲ. 경영참고사항 → 1. 사업의 개요""를 참조하여 주시기 바랍니다. 나. 해당 ",https://kind.krx.co.kr/external/2026/03/13/000728/20260313002096/00591.htm,True,2026H1reg,20260313000533
디아이씨,,유가증권,20260313,20260313000667,주주총회소집공고,True,True,True,True,2,AI(인공지능);로봇,"피지컬 AI 사업관련 연구개발업 | 로봇 및 로봇부품 제조,판매업",[목적사항 신설] 연구개발업 및 관련 제조판매업 사업목적 추가,"출하고 있습니다. 중장비(지게차)부품에 대한 수출도 국내 클라크 등에 Local수출이 대부분입니다. (4) 신규사업 등의 내용 및 전망 해가 거듭될수록 꾸준한 증가세를 보이고 있는 자동차부품부문은 본사 공장에서 생산하고 있는 DIFF-CASE, 신세대차종(소나타, 싼타페, 아반테  등)에 소요되는 Sun Gear, Shaft, ",https://kind.krx.co.kr/external/2026/03/13/000667/20260313001966/00591.htm,True,2026H1reg,20260313000485
링크드,,코스닥,20260313,20260313000648,주주총회소집공고,True,True,True,True,11,AI(인공지능);데이터센터;엔터·콘텐츠·게임,"전자기계제품 제조 및 도ㆍ소매업 | 아이티관련제품 제조 및 도ㆍ소매업 | 전동모터 제조 및 도ㆍ소매업 | 구동모터 제조 및 도ㆍ소매업 | 가상현실(VR), 증강현실(AR) 관련 사업 | 가상현실, 증강현실 학습 콘텐츠 개발 및 관련 사업 | 인공지능 학습 콘텐츠 개발 및 관련 사업 | 인공지능 데이터센터 개발, 설계, 구축 및 운영업 | D 시뮬레이션 개발 및 용역사업 | 컴퓨터 시스템 통합 구축 및 관리업 | 의류, 잡화, 체육용품 생산 및 도ㆍ소매업",사업목적 변경 및 추가,5.12.31) 연결 및 별도 재무제표 등의 승인의 건 제2호 의안 : 정관 일부 변경의 건 제2-1호 : 사업목적 추가의 건 제2-2호 : 주식병합의 건 제2-3호 : 기타 조문 정비의 건 제3호 의안: 이사 선임의 건 제3-1호 : 사내이사 민용재 선임의 건(재선임) 제3-2호 : 사내이사 민용택 선임의 건(신규) 제3-3호,https://kind.krx.co.kr/external/2026/03/13/000648/20260313001912/00591.htm,True,2026H1reg,20260313000477
대창스틸,,코스닥,20260313,20260313000594,주주총회소집공고,True,True,True,True,2,신재생·에너지·전력,태양광 발전사업 | 전기공사업,목적추가,"다. 시장 진입의 난이도를 보면 기존 사업자의 강력한 시장점유력과 고정 거래선과의 긴밀한 유대관계로 인하여 신규 사업자에 대한 진입장벽이 높아 신규 사업자의 진입은 힘들지만 기존 업체 사이의 제품의 품질수준과 적기공급, 고객의 만족도에 따라 고객확보를 위한 경쟁이 발생할 수 있습니다. 5. 자원조달의 특성 당사의 주매입처인 포스코",https://kind.krx.co.kr/external/2026/03/13/000594/20260313001771/00591.htm,True,2026H1reg,20260313000443
샘표식품,,유가증권,20260313,20260313000577,[정정]주주총회소집공고,True,True,True,True,3,바이오·헬스케어;식품·농업·외식,"농·수·축산물, 건강기능식품 및 식품의 생산, 제조, 가공, 유통 및 판매업 | 전자상거래, 통신판매 및 관련 유통업 | 주류 수출업",- 사업 현황 및 신사업 확장 가능성에 대비하여 변경 - 사업 현황 및 신사업 확장 가능성에 대비하여 변경 - 신규 목적사업 추가 - 항목 신설에 따른 순번 조정,무제표 승인의 건 - 배당 예정 : 1주당 200원 제2호 의안 : 정관 일부 변경의 건 제2-1호 의안. 목적사업 변경의 건 제2-2호 의안. 의결권 대리행사 증명 방법 확대의 건 제2-3호 의안. 사외이사의 독립이사 명칭 변경 및 독립이사 수 상향의 건 제3호 의안 : 이사 보수 한도 승인의 건 (20억원) 제4호 의안 : ,https://kind.krx.co.kr/external/2026/03/13/000577/20260313001704/00591.htm,True,2026H1reg,20260313000421
카티스,,코스닥,20260313,20260313000526,주주총회소집공고,True,True,True,True,4,로봇;클라우드·SW·빅데이터,"보안사업과 관련한 다음사업 1-1~1-14 | 로봇 하드웨어 및 소프트웨어의 개발, 제조, 판매, 임대, 서비스업 | 로봇 시스템 통합 및 자동화 설비 구축사업 | 로봇 관련 플랫폼 개발업",기존 보안사업과 연계한 사업 확장 및 신성장 사업 추진을 위해 로봇 관련 사업을 사업목적에 추가하고자 함.,"콤, 한국예탁결제원, 시중은행 ※자료출처 : 유관 관련부처 홈페이지 내용을 참고하여 정리하였습니다. (3) 신규사업 등의 내용 및 전망 당사는 하이엔드 보안수요를 충족하기 위하여 양자보안(PQC:양자내성암호)기술을 활용한 기존 산업인프라 보안플랫폼 고도화와 양자통신장비(QKD)장비 생산기술 도입을 계획하고 있습니다. 또한 Edg",https://kind.krx.co.kr/external/2026/03/13/000526/20260313001587/00591.htm,True,2026H1reg,20260313000394
원익머트리얼즈,,코스닥,20260313,20260313000521,[정정]주주총회소집공고,True,True,True,True,3,신재생·에너지·전력,"수출입업 | 물류 창고업, 국제물류주선업 및 화물운송주선업 | 수소사업 및 기타 관련사업",사업영역 확장에 따른 사업목적 추가 및 변경,당 예정내용 : 보통주 1주당 현금 500원 배당 제2호 의안 : 정관 일부 변경의 건 제2-1호 의안 : 사업목적 추가 및 변경 제2-2호 의안 : 상법개정 및 표준정관에 따른 변경 제3호 의안 : 사내이사 오동근 선임의 건 제4호 의안 : 사외이사 황득규 선임의 건 제5호 의안 : 이사 보수한도 승인의 건 제6호 의안 : 감,https://kind.krx.co.kr/external/2026/03/13/000521/20260313001581/00591.htm,True,2026H1reg,20260313000391
티엘엔지니어링,,코넥스,20260313,20260313000432,주주총회소집공고,True,True,True,True,2,,폐수열회수기 제조업 | 히트펌프제조업,"기타제조매출 확보를 위한 사업확장 목적, 조문정비","한 체계를 구축하였습니다. 최근에는 기존 HVAC 기술을 기반으로 에너지 절감 및 열관리 엔지니어링 분야로 사업 영역을 확대하고 있으며, 조직을 바이오, HVAC, 에너지 분야로 재편하여 산업별 맞춤형 설계·시공 및 에너지 효율화 솔루션 제공 역량을 강화하고 있습니다. 당사는 축적된 엔지니어링 경험과 설비 통합 수행 역량을 기반으",https://kind.krx.co.kr/external/2026/03/13/000432/20260313001365/00591.htm,True,2026H1reg,20260313000325
KC산업,,코넥스,20260313,20260313000373,[정정]주주총회소집공고,True,True,True,True,4,부동산·임대·건설,해외건설업 | 소방시설공사업 | 정보통신공사업 | 전기공사업,-,"총회 부의안건 ① 제 1호 의안 : 제 31기 재무제표 승인의 건 ② 제 2호 의안 : 정관 일부 변경 - 목적사업의 추가 해외 건설업, 소방시설공사업, 정보통신공사업, 전기공사업 전 각호에 관련되는 사업에의 해외투자 및 내외국법인과의 합작투자 현행정관 변경정관 제2조(목적) 회사는 다음의 사업을 영위함을 목적으로 한다. 1. ",https://kind.krx.co.kr/external/2026/03/13/000373/20260313001159/00591.htm,True,2026H1reg,20260313000278
이노스페이스,,코스닥,20260313,20260313000336,[정정]주주총회소집공고,False,True,True,True,5,부동산·임대·건설,"건설업 | 기계설비ㆍ가스공사업 [가스시설공사(제1종)] | 고압가스 제조시설,저장시설,공급시설 및 사용시설의 설계,시공,설치,개조 및 유지 관리(E.P.C) | 지식재산권(IP) 및 브랜드 자산을 활용한 상품의 기획, 제작, 유통 및 판매업 | 금속 분말의 제작 및 판매",□ 향후 영위할 사업 목적 추가,,https://kind.krx.co.kr/external/2026/03/13/000336/20260313001026/00591.htm,True,2026H1reg,20260313000241
미디어젠,,코스닥,20260313,20260313000306,주주총회소집공고,True,True,True,True,1,AI(인공지능),AI 하드웨어 제조업,사업영역 다각화 및 확대,6기(2025.1.1~2025.12.31) 재무제표 승인의 건 제2호 의안 정관 일부 개정의 건 - 사업의 목적 추가 (별첨#1) 제3호 의안 주식매수선택권 부여에 대한 승인의 건 (2025.06.19. 이사회 부여) (별첨#2) 제4호 의안 이사 보수한도 승인의 건 제5호 의안 감사 보수한도 승인의 건 제6호 의안 사내이사 송민,https://kind.krx.co.kr/external/2026/03/13/000306/20260313000927/00591.htm,True,2026H1reg,20260313000213
시지메드텍,,코스닥,20260313,20260313000239,[정정]주주총회소집공고,False,True,True,True,2,화장품·뷰티,"인체 조직의가공, 수입, 보관, 유통 및 판매 | 화장품 제조 및 도소매, 수출입업",인체조직 사업의 내제화 및 사업영역 확대,,https://kind.krx.co.kr/external/2026/03/13/000239/20260313000722/00591.htm,True,2026H1reg,20260313000162
오파스넷,,코스닥,20260313,20260313000216,주주총회소집공고,True,True,True,True,1,부동산·임대·건설,"부동산 매매, 임대업 및 전대업",- 신규사업 추가 및 조문 정비,"는 데이터센터, 보안 탐지 및 차단, 화상회의 등의 협업시스템 등 그 관계 분야를 넘나들며 ICT 전방위로 사업영역을 넓혀가고 있습니다. 선도적 NI, SI 업체들은 고객의 새로운 요구에 따라 시장의 규모 자체가 확대되고 있다고 판단하여, 관계 사업의 발굴에 따른 수익의 일부를 토탈ICT솔루션/서비스 공급 확대를 위한 목표로 인",https://kind.krx.co.kr/external/2026/03/13/000216/20260313000633/00591.htm,True,2026H1reg,20260313000138
와이어블,,코스닥,20260313,20260313000211,주주총회소집공고,True,True,True,True,5,신재생·에너지·전력;부동산·임대·건설,"기타 전자부품 제조업 | 태양광발전설비 설치, 운영 및 유지보수업 | 에너지 진단, 에너지 절약사업 및 관련 컨설팅업 | 국가연구개발사업(정부 R&D 과제)의 수행 및 관련 기술의 연구개발업 | 지하철, 터널 및 건축물 정보통신설비의 유지보수, 성능점검 및 관리 업무 대행업",- 사업 다각화를 위한 사업목적 추가 및 조문정비,"III. 경영참고사항 1. 사업의 개요 가. 업계의 현황 1. 산업의 특성 기지국(중계망) 공용화 사업은 통신사업자의 서비스 및 품질경쟁에 따른 무분별한 기지국(중계망) 건설로 인한 중복투자 및 자연환경 훼손방지를 위해 국가적인차원에서 추진하는 사업입니다. 기지국(중계망) 공용화는 건물, 토지, 철탑, 전용회선 등의 부대시설 ",https://kind.krx.co.kr/external/2026/03/13/000211/20260313000617/00591.htm,True,2026H1reg,20260313000133
에코글로우,,코스닥,20260312,20260312002320,주주총회소집공고,False,True,True,True,8,우주항공;희토류·핵심광물·소재;투자·금융,"우주선, 위성체, 발사체, 항공기 및 그 부분품의 제작, 정비, 판매, 임대 및 서비스업 | 항공기, 발사체, 우주비행체 관련 부품, 기계기구류 및 소재류의 개발, 제조, 가공, 조립 및 판매업 | 우주선, 발사체, 항공기용 부품 및 비철금속 등의 제조 및 판매업 | 철강재 및 비철금속, 특수합금 및 복합소재의 개발, 제조 및 판매업 | 특수합금 및 소재 등의 설계, 주조, 주물 제조 및 판매업 | 니켈금속 및 니켈합금의 제련 및 판매업 | 니켈 관련 제품의 중개 및 판매업 | 기타 금융 투자업",신규 사업 진출에 따른 추가,,https://kind.krx.co.kr/external/2026/03/12/002320/20260312005240/00591.htm,True,2026H1reg,20260312001384
노바렉스,,코스닥,20260312,20260312002319,주주총회소집공고,True,True,True,True,1,바이오·헬스케어;식품·농업·외식,"식품, 건강기능식품 제조설비 임대업",사업목적의 추가,"연결재무제표 승인의 건 (현금배당 보통주 1주당 400원) 제2호 의안: 정관 일부 변경의 건 제2-1호: 사업목적의 추가 제2-2호: 이사의 명칭, 임기 및 의무 변경 제2-3호: 감사위원회 구성 및 선임 외 변경 제2-4호: 중간배당 신설 제2-5호: 부칙 신설 제2-6호: 정관 정비 제3호 의안: 이사 선임의 건 제3-1호",https://kind.krx.co.kr/external/2026/03/12/002319/20260312005239/00591.htm,True,2026H1reg,20260312001380
실리콘투,,코스닥,20260312,20260312002317,[정정]주주총회소집공고,True,True,True,True,1,투자·금융,기타 금융 투자업,사업목적 추가,금배당 : 보통주 1주당 306원           2) 제 2호 의안: 정관변경의 건 제2-1호 의안 : 사업목적 추가 제2-2호 의안 : 코스닥 표준정관 반영한 문구정비 제2-3호 의안 : 상법 개정에 따른 자기주식 처분사유 규정 반영 제2-4호 의안 : 상법 개정에 따른 의결권 대리행사 변경 제2-5호 의안 : 상법 개정에,https://kind.krx.co.kr/external/2026/03/12/002317/20260312005235/00591.htm,True,2026H1reg,20260312001381
인터플렉스,,코스닥,20260312,20260312002255,주주총회소집공고,True,True,True,True,1,,도소매업,- 목적사업추가,"요 확대 및 전기 자동차 시장의 수요로 인해 FPCB산업 또한 지속적으로 성장할 것으로 예상됩니다. (4) 신규사업 등의 내용 및 전망 FPCB 시장은 고도로 정밀해져 가고 있으며, 이를 반영한 Multi FPCB, Rigid  FPCB등이 시장을 지배할 것으로 예상됩니다. 따라서 당사는 고난이도 기술의 FPCB를 요구하는 업계",https://kind.krx.co.kr/external/2026/03/12/002255/20260312005102/00591.htm,True,2026H1reg,20260312001342
씨에스베어링,,코스닥,20260312,20260312002230,[정정]주주총회소집공고,False,True,True,True,3,신재생·에너지·전력;부동산·임대·건설,"풍력 및 태양광을 이용한 전력 생산, 공급, 판매 사업 | 풍력 및 태양광 발전사업의 건설, 관리, 유지, 운영, 매매사업 | 풍력 및 태양광 발전사업의 설비, 부품 및 자재의 수입, 수출, 중계무역, 판매 및 판매중개 사업",목적추가 목적추가 목적추가 순서변경,,https://kind.krx.co.kr/external/2026/03/12/002230/20260312005058/00591.htm,True,2026H1reg,20260312001330
로지스몬,,코넥스,20260312,20260312002214,[정정]주주총회소집공고,True,True,True,True,8,반도체,"차세대 통신 시스템 및 핵심 반도체 칩 개발업 | 반도체 소자 및 소재 연구개발업 | 소화기, 소방용품, 안전장비 및 보안장비 제조 및 유통업 | 전시용 모형, 목업, 금형 및 회로 설계·제작업 | 프로젝트 파이낸싱 관련 투자 및 관리업 | 지식재산권의 취득, 관리 및 활용사업 | 기업 구조조정 및 전략적 투자사업 | 투자자산 및 채권 관리업",신규사업추진 및 사업다각화 목적,". 회사의 현황 (1) 영업개황 및 사업부문의 구분 (가) 영업개황 당사는 운송사업을 영위해 오고 있으며, 사업 영역은 소화물 운송사업(택배)과 기업화물(중대형/특수화물) 운송사업으로 구분할 수 있습니다. 이 중 소화물 운송사업은 일반 대중과의 접점이 넓고 시장 규모가 커 중요한 비중을 차지해 왔습니다. 그러나 최근 몇 년간 소화",https://kind.krx.co.kr/external/2026/03/12/002214/20260312005029/00591.htm,True,2026H1reg,20260312001321
원익홀딩스,,코스닥,20260312,20260312002154,주주총회소집공고,True,True,True,True,1,,전문소방시설공사업 및 전문소방시설설계업,사업영역 확대를 위한 사업목적 추가 / 신규 목적 추가에 따른 각호 변경,1.01~2025.12.31) 재무제표 승인의 건 제2호 의안 : 정관 일부 변경의 건 제2-1호 의안 : 사업목적 추가 및 변경 제2-2호 의안 : 개정 상법 반영 제2-3호 의안 : 감사 제도 변경 제2-4호 의안 : 조문 일부 정비 제3호 의안 : 이사 선임의 건 제3-1호 의안 : 사내이사 이용한 선임의 건 (중임) 제3,https://kind.krx.co.kr/external/2026/03/12/002154/20260312004877/00591.htm,True,2026H1reg,20260312001276
한주라이트메탈,,코스닥,20260312,20260312002052,주주총회소집공고,True,True,True,True,1,,"설비/금형 판매, 기술용역 및 지식재산권의 라이선스 제공","기존 고객사, 종속기업에 판매하는 설비/금형 등의 판매 활동과 기술용역, 전자교반 등 특허권의 라이선스 제공을 회사의 영업활동임을 명시하고자 함.","의 건 제4-1호 의안 : 법 개정에 따른 사외이사 명칭 변경 (사외이사 → 독립이사) 제4-2호 의안 : 사업목적의 범위 명확화를 위한 사업목적 추가 (설비/금형 판매, 기술용역 및 지식재산권의 라이선스 제공) 제4-3호 의안 : 주식병합(액면병합) → [ 2 : 1 ] 병합 (액면가액 변동 : 500원 → 1,000원) 제5",https://kind.krx.co.kr/external/2026/03/12/002052/20260312004658/00591.htm,True,2026H1reg,20260312001231
비투엔,,코스닥,20260312,20260312002028,주주총회소집공고,True,True,True,True,16,AI(인공지능);클라우드·SW·빅데이터;방산;우주항공;2차전지·배터리;신재생·에너지·전력;교육,"전력의 생산, 저장, 공급, 판매 및 거래 관련 사업 | 전기전자 체계 개발 및 유통업 | 전원 공급 시스템 개발 및 유통업 | 전력 관리 기술 개발 및 유통업 | 에너지저장장치(ESS), 배터리시스템, 전력변환장치(PCS), 에너지관리시스템(EMS), 배터리관리시스템(BMS) 및 관련 장비·부품·소재의 개발, 설계, 제조, 조립, 설치, 판매, 임대, 운영 및 유지보수업 | 변압기, 개폐기, 차단기, 보호계전기, 배전반, 수배전반, 전력케이블, 송배전기자재 및 기타 전력기기·전기기기의 개발, 설계, 제조, 조립, 설치, 판매, 임대, 운영 및 유지보수업 | 송전, 변전, 배전, 전력저장, 충전인프라 및 기타 전력설비의 개발, 설계, 엔지니어링, 조달, 시공, 감리, 운영 및 유지보수업 | 스마트그리드, 마이크로그리드, 가상발전소(VPP), 수요관리(DR), 전력거래·전력중개 플랫폼 및 관련 소프트웨어·시스템의 개발, 구축, 운영 및 서비스업 | 전력설비, 전기설비 및 에너지 관련 시설물의 기술용역, 엔지니어링, 컨설팅, 시험, 검사, 인증, 교육 및 연구개발업 | 전력산업 관련 기자재, 부품, 소재, 원재료의 제조, 가공, 매매, 수출입, 대리, 중개 및 무역업 | 방산물자, 군수품, 국방과학기술 및 관련 장비·부품·소재의 연구, 개발, 설계, 제조, 조립, 정비, 성능개량, 판매, 임대 및 유지보수업 | 지상, 해상, 항공, 우주, 무인체계, 전자·통신·감시정찰·항법·유도·제어·전원공급 장비 및 관련 시스템의 연구, 개발, 설계, 제조, 조립, 정비, 판매 및 유지보수업 | 국방용 소프트웨어, 인공지능, 정보보호, 사이버보안, 지휘통제, 시뮬레이터 및 교육훈련체계의 개발, 구축, 운영 및 서비스업 | 방산물자 및 국방과학기술의 수출입업, 판매업, 대리업, 중개업, 무역업 및 기술도입·기술이전·라이선스업 | 군납, 정부조달, 해외조달, 절충교역, 현지생산, 공동개발 및 후속군수지원 사업 | 전력산업 및 방위산업과 관련한 투자, 출자, 지분취득, 합작투자, 자산취득, 사업양수도 및 해외법인 설립·운영업",사업영역 확대,.01~2025.12.31) 연결 및 별도 재무제표 승인의 건 2) 제2호 의안 : 정관 일부 변경의 건 <사업목적 추가> 3) 제3호 의안 : 사내이사 송창종 선임의 건 4) 제4호 의안: 이사의 보수한도 승인의 건 5) 제5호 의안: 감사의 보수한도 승인의 건 4. 경영참고사항 비치 상법 제542조의4에 의거 경영참고사항 등,https://kind.krx.co.kr/external/2026/03/12/002028/20260312004587/00591.htm,True,2026H1reg,20260312001219
블루콤,,코스닥,20260312,20260312001947,주주총회소집공고,False,True,True,True,1,신재생·에너지·전력,신재생에너지를 이용한 전력의 생산 및 판매업,사업 다각화,,https://kind.krx.co.kr/external/2026/03/12/001947/20260312004444/00591.htm,True,2026H1reg,20260312001187
에임드바이오,,코스닥,20260312,20260312001890,주주총회소집공고,False,True,True,True,3,AI(인공지능);클라우드·SW·빅데이터;바이오·헬스케어,"의약품 또는 의료기기 연구개발 관련 임상시험 및 허가등록업무 대행 및 자문업 | 인공지능 및 데이터 기반 의료·바이오 소프트웨어·플랫폼 개발, 제조 및 서비스업 | 지식재산권 라이선스업 <변경>",신규 사업 추진 가능성에 대비하여 관련 사업목적을 추가하고 용어를 정비하기 위함,,https://kind.krx.co.kr/external/2026/03/12/001890/20260312004363/00591.htm,True,2026H1reg,20260312001171
M83,,코스닥,20260312,20260312001875,주주총회소집공고,True,True,True,True,19,클라우드·SW·빅데이터;부동산·임대·건설;엔터·콘텐츠·게임;탄소·환경;교육,"광고 및 브랜드 콘텐츠 기획·제작 및 대행업 | 전시, 컨벤션 및 행사 대행업 | 전시 및 체험시설 기획·설계·구축 및 운영업 | 컴퓨터 그래픽 및 실감형 콘텐츠 관련 소프트웨어 개발업 (삭제) | 영상 및 디지털 콘텐츠 플랫폼 구축 및 운영업 | 영상 및 디지털 콘텐츠의 제작 ·투자·배급· 유통 및 서비스업 | 영상 및 디지털 콘텐츠 관련 소프트웨어 개발 및 공급업 | 전시ㆍ공간 및 인테리어 디자인업 | 산업디자인업(시각, 환경, 제품, 포장, 멀티미디어디자인 등) | 공공디자인 및 공공시설 디자인업 | 색채디자인업 | 전시물, 조형물 및 실물모형 제조ㆍ제작ㆍ설치ㆍ판매 및 임대업 | 교육용 콘텐츠 및 교구 개발 및 제작업 | 실내건축공사업 | 실내건축 및 전시시설 시공·설치·유지보수공사업 | 소프트웨어 개발ㆍ공급ㆍ구축ㆍ운영 및 유지관리업 | 정보시스템 통합 구축 및 관리업(SI) | 학술연구 및 연구용역업 | 교육 콘텐츠 개발ㆍ연구용역 및 컨설팅업",사업 수행 범위 확대에 따른 목적 사업 추가 및 정비," 위해 중국 법인을 설립하는 등 글로벌 제작 네트워크 구축을 추진하고 있습니다. 또한 콘텐츠 제작 기술 및 사업 영역 확대를 위해 2025년 5월에는 초인산업 을 7월에는 한국디지털디엔에이센터를 설립하여 애니메이션 IP 확보 및 애니메이션 콘텐츠 사업 진출을 추진하는 한편, AI 기반 디지털 DNA 기술을 활용한 디지털 휴먼 및 ",https://kind.krx.co.kr/external/2026/03/12/001875/20260312004335/00591.htm,True,2026H1reg,20260312001160
KH바텍,,코스닥,20260312,20260312001865,주주총회소집공고,True,True,True,True,2,로봇,로봇 부품과 제품 제조 및 판매 | 조명장치 관련 부품과 제품 제조 및 판매,신성장 동력 확보를 위한 성장산업 진입,"인해 스마트폰 판매량이 영향을 받을 수 있습니다. 반면 네트워크 장비, ATM 및 로봇 관련 사업은 주로 통신사업자, 금융기관 및 기업의 설비투자와 프로젝트 기반 수요에 의해 시장이 형성되는 특성이 있습니다. 이에 따라 단기적인 소비심리보다는 기업의 중장기 투자 계획 및 산업 자동화 추세 등에 영향을 받는 경향이 있습니다. (",https://kind.krx.co.kr/external/2026/03/12/001865/20260312004312/00591.htm,True,2026H1reg,20260312001154
메디앙스,,코스닥,20260312,20260312001834,주주총회소집공고,True,True,True,True,1,바이오·헬스케어,의료기 기 제조 및 판매업,단순 오기 정정,고 있습니다. (2) 산업의 성장성 유아 산업은 다른 사업 군에 비해 성장성은 떨어지는 사업군이나 안정적인 사업영역입니다. 출산율이 지속적으로 감소하여 총인구증가율이 감소하고 있지만 유아동1인당 투입되는 비용은 증가하고 있습니다. 이는'내 아이는 최고'로 라는 부모들의 마인드 속에 소비심리가 작용하였다고 볼 수 있어 역신장하고 ,https://kind.krx.co.kr/external/2026/03/12/001834/20260312004244/00591.htm,True,2026H1reg,20260312001134
아이오케이이엔엠,,코스닥,20260312,20260312001777,주주총회소집공고,False,True,True,True,15,AI(인공지능);클라우드·SW·빅데이터;방산;우주항공;2차전지·배터리;신재생·에너지·전력;교육,"전력의 생산, 저장, 공급, 판매 및 거래 관련 사업 | 전기전자 체계 개발 및 유통업 | 전원 공급 시스템 개발 및 유통업 | 전력 관리 기술 개발 및 유통업 | 에너지저장장치(ESS), 배터리시스템, 전력변환장치(PCS), 에너지관리시스템(EMS), 배터리관리시스템(BMS) 및 관련 장비·부품·소재의 개발, 설계, 제조, 조립, 설치, 판매, 임대, 운영 및 유지보수업 | 변압기, 개폐기, 차단기, 보호계전기, 배전반, 수배전반, 전력케이블, 송배전기자재 및 기타 전력기기·전기기기의 개발, 설계, 제조, 조립, 설치, 판매, 임대, 운영 및 유지보수업 | 송전, 변전, 배전, 전력저장, 충전인프라 및 기타 전력설비의 개발, 설계, 엔지니어링, 조달, 시공, 감리, 운영 및 유지보수업 | 스마트그리드, 마이크로그리드, 가상발전소(VPP), 수요관리(DR), 전력거래·전력중개 플랫폼 및 관련 소프트웨어·시스템의 개발, 구축, 운영 및 서비스업 | 전력설비, 전기설비 및 에너지 관련 시설물의 기술용역, 엔지니어링, 컨설팅, 시험, 검사, 인증, 교육 및 연구개발업 | 전력산업 관련 기자재, 부품, 소재, 원재료의 제조, 가공, 매매, 수출입, 대리, 중개 및 무역업 | 방산물자, 군수품, 국방과학기술 및 관련 장비·부품·소재의 연구, 개발, 설계, 제조, 조립, 정비, 성능개량, 판매, 임대 및 유지보수업 | 지상, 해상, 항공, 우주, 무인체계, 전자·통신·감시정찰·항법·유도·제어·전원공급 장비 및 관련 시스템의 연구, 개발, 설계, 제조, 조립, 정비, 판매 및 유지보수업 | 국방용 소프트웨어, 인공지능, 정보보호, 사이버보안, 지휘통제, 시뮬레이터 및 교육훈련체계의 개발, 구축, 운영 및 서비스업 | 방산물자 및 국방과학기술의 수출입업, 판매업, 대리업, 중개업, 무역업 및 기술도입·기술이전·라이선스업 118 군납, 정부조달, 해외조달, 절충교역, 현지생산, 공동개발 및 후속군수지원 사업 | 전력산업 및 방위산업과 관련한 투자, 출자, 지분취득, 합작투자, 자산취득, 사업양수도 및 해외법인 설립·운영업",사업목적 추가,,https://kind.krx.co.kr/external/2026/03/12/001777/20260312004117/00591.htm,True,2026H1reg,20260312001104
오아,,코스닥,20260312,20260312001724,주주총회소집공고,True,True,True,True,4,클라우드·SW·빅데이터;엔터·콘텐츠·게임;화장품·뷰티,"온라인 콘텐츠 제작 및 제공업 | 화장품 전자상거래업 | 전자상거래 도,소매업 | 물류관리 소프트웨어 개발 및 공급업",신규 사업 진출,08-19 제1호 의안: 합병경과 보고 및 공고의 건 찬성 찬성 찬성 8 2025-10-01 제1호 의안: 신규 사업 승인의 건 찬성 불참 찬성 9 2025-10-31 제1호 의안: 사내 근로복지기금 제도 도입의 건 찬성 불참 찬성 10 2025-10-31 제1호 의안: 스톡옵션 행사의 건 찬성 불참 찬성 11 2025-10-31,https://kind.krx.co.kr/external/2026/03/12/001724/20260312004023/00591.htm,True,2026H1reg,20260312001077
네오오토,,코스닥,20260312,20260312001694,주주총회소집공고,True,True,True,True,2,로봇;모빌리티·전기차·자율주행,"로봇, 로봇부품 제조 및 판매업 | 모빌리티 부품 제조 및 판매업",- 목적사업 추가,"구분 (가) 영업개황 당사는 한국표준산업분류상 '자동차 신품부품 제조업' 분야에서 활동하는 기업으로, 주요 사업 목적은 자동차의 핵심 부품인 변속기 등의 기어류 제조에 있습니다. 특히 피니언 기어, 디퍼런셜 어셈블리, 대형 기어, 그리고 감속기 등 고도의 정밀도가 요구되는 부품을 생산하고 있습니다. 자동차 부품산업의 영업은 전방산",https://kind.krx.co.kr/external/2026/03/12/001694/20260312003973/00591.htm,True,2026H1reg,20260312001063
SOOP,,코스닥,20260312,20260312001692,주주총회소집공고,True,True,True,True,11,AI(인공지능);클라우드·SW·빅데이터;전자지급·결제(PG·선불);엔터·콘텐츠·게임;화장품·뷰티;식품·농업·외식,"전자지급결제대행업 | 직불전자지급수단 및 선불전자지급수단 발행 및 관리업 | 모바일 결제, 온라인 결제 시스템 개발 및 운영업 | 식품, 식음료, 식자재의 제조, 가공, 운반, 판매업 | 화장품의 제조, 매매 및 이와 관련한 서비스 상품의 매매 | 인공지능형 영상 인식 기반의 보안 및 모니터링 시스템 개발업 | 인공지능형 자율 구동체 및 관련 제어 시스템 개발, 제조 및 판매업 | 고정밀 센싱 노드 및 신호 처리 장치 설계, 제조 및 판매업 | 가상현실(VR), 증강현실(AR) 및 시뮬레이션 콘텐츠 제작, 공급업 | 공간 정보 데이터 수집, 분석 및 시각화 관련 서비스업 | 특수 목적용 임베디드 소프트웨어 개발업",사업목적 추가,"으로 전 세계를 하나로 잇는 글로벌 1인 미디어 플랫폼 서비스로 성장하기 위하여 노력하고 있습니다. (4) 신규사업 등의 내용 및 전망 당사는 글로벌 미디어 플랫폼으로 거듭날 수 있도록 신규 글로벌 앱 정식 출시와 더불어 커뮤니티와 생태계 구축 및 콘텐츠 확보에 역량을 집중하고 있으며, 동영상 스트리밍 서비스 등 서비스 포트폴리",https://kind.krx.co.kr/external/2026/03/12/001692/20260312003969/00591.htm,True,2026H1reg,20260312001062
매일유업,,코스닥,20260312,20260312001664,주주총회소집공고,False,True,True,True,10,바이오·헬스케어;식품·농업·외식,"식품 및 식품첨가물의 연구개발 | 건강기능식품의 연구개발 | 식품 판매업 및 유통전문판매업 | 식품소분판매업 | 식품첨가물 판매업 | 소매업 | 회사가 보유하고 있는 지식 정보 등 무형자산의 판매 및 용역사업 | 의료기기, 장비 판매 및 임대업 | 의료기기, 장비 수입업 | 수입식품 등 인터넷 구매대행업",매일헬스뉴트리션 합병에 따른 목적사업 추가,,https://kind.krx.co.kr/external/2026/03/12/001664/20260312003924/00591.htm,True,2026H1reg,20260312001048
뉴로메카,,코스닥,20260312,20260312001594,주주총회소집공고,True,True,True,True,2,,전기공사업 | 기계설비공사업,신규사업 추가,"디컬 등 기술 난이도가 높은 산업 도메인에서 실적을 확대하고 있으며, 향후 철강, 머신텐딩, 카지노 등으로 사업 영역을 확장할 계획입니다. 이러한 기술적·사업적 성과를 바탕으로, 당사는 향후 국내 제조업의 로보틱스 전환(RX, Robotics Transformation)과 인공지능 전환(AX, AI Transformation)을 ",https://kind.krx.co.kr/external/2026/03/12/001594/20260312003805/00591.htm,True,2026H1reg,20260312001010
시그네틱스,,코스닥,20260312,20260312001593,주주총회소집공고,True,True,True,True,1,,도소매업,사업목적 추가,처리계산서(안) 포함) 및 연결재무제표 승인의 건 제2호 의안 : 정관 일부 변경의 건 제2-1호 의안 : 사업목적 추가의 건 제2-2호 의안 : 전환사채의 발행 변경의 건 제2-3호 의안 : 신주인수권부 사채의 발행 변경의 건 제2-4호 의안 : 개정 상법 반영의 건 제3호 의안 : 이사 선임의 건 (후보자 : 사외이사 정진섭,https://kind.krx.co.kr/external/2026/03/12/001593/20260312003804/00591.htm,True,2026H1reg,20260312001009
코리아써키트,,유가증권,20260312,20260312001583,주주총회소집공고,True,True,True,True,1,,도소매업,- 목적사업추가,gid-Flexible) PCB 및 Flexible PCB에 대한 수요도 증가할 것으로 예상됩니다. (4) 신규사업 등의 내용 및 전망 당사는 AI 확대에 따른 Module 및 SSD 제품의 수요 확대에 선제적으로 대응하기 위해 2026년 내 생산 설비 투자를 진행 예정입니다. 해당 신규 투자를 통해 기존 Legacy Modul,https://kind.krx.co.kr/external/2026/03/12/001583/20260312003791/00591.htm,True,2026H1reg,20260312001004
한국경제TV,,코스닥,20260312,20260312001565,주주총회소집공고,False,True,True,True,1,,옥외광고업,사업목적 추가,,https://kind.krx.co.kr/external/2026/03/12/001565/20260312003763/00591.htm,True,2026H1reg,20260312001000
나라셀라,,코스닥,20260312,20260312001482,주주총회소집공고,False,True,True,True,1,,전자상거래 소매업,사업목적 추가,,https://kind.krx.co.kr/external/2026/03/12/001482/20260312003574/00591.htm,True,2026H1reg,20260312000946
에프엔에스테크,,코스닥,20260312,20260312001449,[정정]주주총회소집공고,True,True,True,True,3,,"스마트팜업 | 농산물 재배, 유통, 가공, 판매업 | 전자상거래",당 회사의 사업목적을 추가하고자 변경함,"금배당 : 보통주 1주당 340원, 배당액 2,626,968,180원 제2호 의안 : 정관 일부 변경의 건(사업목적 추가, 상법 개정에 따르는 조문 정비 외) 제3호 의안 : 이사 선임의 건 제3-1호 의안 : 사내이사 김팔곤 선임의 건(재선임, 임기3년) 제3-2호 의안 : 사내이사 양상재 선임의 건(재선임, 임기3년) 제3-",https://kind.krx.co.kr/external/2026/03/12/001449/20260312003493/00591.htm,True,2026H1reg,20260312000930
유니테스트,,코스닥,20260312,20260312001413,주주총회소집공고,True,True,True,True,2,,전자상거래 | 통신판매업,사업다각화(페로브스카이트 B2C 사업추가),"생에너지에 대한 정책목표를 세우고 있으며, 이에 따라 신재생에너지 비중이 빠르게 증가하고 있습니다. (4) 신규사업 등의 내용 및 전망 당사는 향후 제품과 고객을 한층 다변화하는 것을 목표로 잡고 제품 개발 및 영업을 전개해 나가고 있습니다. 이에 반도체의 진화 속도를 따라갈 수 있도록 설비 구축에 신경을 쓰는 것 뿐만아니라, ",https://kind.krx.co.kr/external/2026/03/12/001413/20260312003411/00591.htm,True,2026H1reg,20260312000908
에스와이,,코스닥,20260312,20260312001395,주주총회소집공고,True,True,True,True,2,희토류·핵심광물·소재;부동산·임대·건설,"부동산 개발 및 공급업 | 철광석 및 비철금속 광물 도소매업, 수출입업",사업목적 추가,"력을 강화하여 매출 증대를 꾀하고 있으며, 데크플레이트, 우레탄단열재, 구조용패널, 지붕태양광 등을 포함한 신규 사업을 추진함으로써 성장동력을 갖추었습니다. (4) 신사업 등의 내용 및 전망 (가) 데크플레이트 데크플레이트란, 건축물의 바닥슬라브 구성시 콘크리트 타설을 위한 금속조립구조제로서 과거의 합판 거푸집을 대체하며 건설공법",https://kind.krx.co.kr/external/2026/03/12/001395/20260312003391/00591.htm,True,2026H1reg,20260312000901
CS,,코스닥,20260312,20260312001376,주주총회소집공고,True,True,True,True,5,엔터·콘텐츠·게임,"영상감시장치 도소매, 제조 및 개발업 | 출입통제시스템 도소매, 제조 및 개발업 | 구내방송기기 도소매, 제조 및 개발업 | 동보장치 도소매, 제조 및 개발업 | 컴퓨터주변기기등 도소매업",사업목적 신규 추가,5.12.31) 연결 및 별도 재무제표 승인의 건 제2호 의안 : 정관 일부 변경의 건 제2-1호 의안 : 사업목적 추가 제2-2호 의안 : 주식병합에 따른 1주의 금액 변경 제2-3호 의안 : 상법개정 일부 반영에 따른  정관 변경 및 기타 조문 정비의 건 제3호 의안 : 주식(액면) 병합 승인의 건 제4호 의안 : 이사 선임,https://kind.krx.co.kr/external/2026/03/12/001376/20260312003357/00591.htm,True,2026H1reg,20260312000888
메디포스트,,코스닥,20260312,20260312001352,주주총회소집공고,True,True,True,True,1,,전화권유판매업 및 방문판매업,줄기세포 보관 및 재생의료 연계 서비스 사업 확대에 따른 영업활동 강화,장의 특성 III. 경영참고사항 → 1. 사업의 개요 → 가. 업계의 현황을 참고해주시기 바랍니다. (4) 신규사업 등의 내용 및 전망 해당사항 없음. (5) 조직도 조직도(2025.12.31기준) 2. 주주총회 목적사항별 기재사항 □ 재무제표의 승인 제1호 의안 : 제26기(2025년) 재무제표 및 연결재무제표 승인의 건 가.,https://kind.krx.co.kr/external/2026/03/12/001352/20260312003308/00591.htm,True,2026H1reg,20260312000868
아티스트컴퍼니,,코스닥,20260312,20260312001350,주주총회소집공고,True,True,True,True,7,식품·농업·외식,"회사가 보유하고 있는 지식, 정보 등 무형자산의 판매 및 용역사업 | 브랜드, 상표권 등의 지적재산권의 관리 및 라이센스업 | 커피, 음료 등의 제조 도소매, 판매, 유통업 | 디저트, 제과, 제빵의 제조, 판매, 유통업 | 농.축.수산물 제조, 판매, 유통업 | 외식 경영 및 음식개발, 홍보관련 컨설팅 및 대행업 | 일반, 휴게, 간인 음식점업",사업 다각화를 통한 신성장 동력 확보,"트 산업은 소수 대형 기획사가 자본력ㆍ글로벌 네트워크ㆍ플랫폼 등에서 우위를 확보한 가운데, 중소형 기획사와 신규 사업자가 지속적으로 진입하는 과점에 가까운 경쟁 구조를 보이고 있습니다. 전속 아티스트 발굴ㆍ육성 역량과 함께 콘텐츠 기획력, IP 사업 및 팬덤 관리 능력이 주요 경쟁요소로 작용하며, 아티스트 라인업과 브랜드 인지도,",https://kind.krx.co.kr/external/2026/03/12/001350/20260312003306/00591.htm,True,2026H1reg,20260312000867
DSC인베스트먼트,,코스닥,20260312,20260312001246,주주총회소집공고,False,True,True,True,7,부동산·임대·건설,"창업기업, 중소기업, 벤처기업 또는 그 밖의 기업 에 대한 투자 | 벤처투자 자금의 관리 | 창업과 관련되는 상담, 정보제공 및 창업기업 에 대한 사업의 알선 | 창업기업 등으 로부터 위탁받은 사업의 경영 및 기술향상을 위한 용역사업 | 투자한 창업기업 등 에 대한 보증 및 자금의 알선 | 창업기업 등 의 투자타당성 검토를 위한 조사용역사업 | 부동산임대업",벤처투자 촉진에 관한 법률 개정사항 반영 및 사옥 인수에 따른 부동산임대업 추가,,https://kind.krx.co.kr/external/2026/03/12/001246/20260312003095/00591.htm,True,2026H1reg,20260312000809
원포유,,코넥스,20260312,20260312001202,주주총회소집공고,True,True,True,True,2,신재생·에너지·전력,정보통신기기 도소매업 | 신재생에너지업,신규사업 추진에 따른 사업목적 추가,42-4) 취득의 건 찬성 찬성 찬성 1-2. 유형자산(도곡동 542-9) 취득의 건 찬성 찬성 찬성 2. 신규사업 추진의 건 찬성 찬성 찬성 11 2025.12.18 1. 은행 신규 차입의 건 찬성 찬성 찬성 2. 미등기임원 선임의 건 찬성 찬성 찬성 나. 이사회내 위원회에서의 사외이사 등의 활동내역 위원회명 구성원 활 동 내,https://kind.krx.co.kr/external/2026/03/12/001202/20260312003004/00591.htm,True,2026H1reg,20260312000790
KX하이텍,,코스닥,20260312,20260312001179,[정정]주주총회소집공고,True,True,True,True,5,신재생·에너지·전력,"신재생에너지 발전사업 | 신재생에너지 설비의 설치, 운영 및 판매사업 | 신재생에너지, 전력자원의 개발 및 공급 | 발전시설 운영 및 에너지 공급사업 | 발전, 전력중개업 및 전기판매업",사업 목적 추가,"으로, 신규 진입을 위해서는 고도화된 생산설비, 품질관리 시스템, 숙련된 인력이 요구되므로 진입장벽이 높은 사업 영역입니다. [주요 원재료 조달] SSD Case는 주조(Die-Casting) 또는 프레스(Stamping) 공정을 기반으로 열처리, 샌딩, 전착, 아노다이징, CNC 가공 등 복수의 공정을 거쳐 생산됩니다. 당사는 ",https://kind.krx.co.kr/external/2026/03/12/001179/20260312002974/00591.htm,True,2026H1reg,20260312000783
케이디켐,,코스닥,20260312,20260312001057,주주총회소집공고,True,True,True,True,2,,제42조 제2항 | 제1항,-조문정비,"의 특성 본 공시서류 Ⅲ.경영참고사항의 1. 사업의 개요의 가. 업계의 현황을 참고하시기 바랍니다. (4) 신규사업 등의 내용 및 전망 당사는 2025년 3월 28일 제39기 정기주주총회 결의를 통해 '화장품 원료 제조, 유통 및 수출입업'을 신규 사업목적으로 추가하였습니다. 본 사업은 기존 산업용 화학제품 분야에서 축적된 노하",https://kind.krx.co.kr/external/2026/03/12/001057/20260312002736/00591.htm,True,2026H1reg,20260312000710
자화전자,,유가증권,20260312,20260312000991,[정정]주주총회소집공고,False,True,True,True,1,로봇,"로봇 및 자동화 설비용 정밀기계부품 연구개발 및 기술용역업, 제조 및 판매업",신규 성장동력 확보를 위해 로봇관련 사업목적 추가,,https://kind.krx.co.kr/external/2026/03/12/000991/20260312002646/00591.htm,True,2026H1reg,20260312000682
비트플래닛,,코스닥,20260312,20260312000947,주주총회소집공고,True,True,True,True,1,디지털자산·블록체인·STO(스테이블코인),"가상자산(디지털 자산 포함)의 채굴, 스테이킹 및 자기계산에 의한 투자·매매와 이에 부대하는 사업 일체",신사업에 따른 신규 사업목적 추가, 건 (이익잉여금처분계산서(안) 포함) 2) 제2호 의안 : 정관 일부 변경의 건 - 제 2-1호 의안 : 사업목적 추가 및 변경의 건 - 제 2-2호 의안 : 주식병합에 따른 액면가액 변경의 건 - 제 2-3호 의안 : 개정 상법 반영에 따른 정관 일부 변경의 건 3) 제3호 의안 : 이사 선임의 건 - 제3-1호 의안 : 기,https://kind.krx.co.kr/external/2026/03/12/000947/20260312002574/00591.htm,True,2026H1reg,20260312000660
대영포장,,유가증권,20260312,20260312000918,주주총회소집공고,True,True,True,True,1,신재생·에너지·전력,태양광 발전업 및 전력 판매업,- 신규사업목적 추가,            현금흐름표 및 주석)승인의 건 제2호 의안 :  정관 일부 변경의 건 - 2-1호 : 사업목적 추가 - 2-2호 : 사외이사 명칭 변경 및 의무비율 상향 - 2-3호 : 감사위원 선/해임시 의결권 요건 강화 - 2-4호 : 주주총회 개최 방식 및 장소에 관한 규정 신설 - 2-5호 : 감사위원 분리선임 인원,https://kind.krx.co.kr/external/2026/03/12/000918/20260312002525/00591.htm,True,2026H1reg,20260312000645
동방메디컬,,코스닥,20260312,20260312000818,주주총회소집공고,True,True,True,True,4,바이오·헬스케어;식품·농업·외식,"생명과학과 관련한 제품의 연구, 개발, 제조 도,소매, 수출입업 | 의약품, 의약외부품 개발 | 한약재 도,소매, 수출입업 | 건강기능식품 제조 및 판매업",신규사업 추진,"연평균 성장률 6.2%로 증가하여, 2022년에는 2억 7,100만 달러에 이를 것으로 전망됩니다. (3) 신규사업 등의 내용 및 전망 당사는 신규 분야로의 진출보다는 현재 영위하고 있는 사업부문 내에서 시장점유율 확대 및 제품 다각화를 통해 성장할 계획입니다. 당사는 현재 중국 내 인건비 상승 등으로 인하여 중국보다 인건비가 ",https://kind.krx.co.kr/external/2026/03/12/000818/20260312002312/00591.htm,True,2026H1reg,20260312000593
오텍,,코스닥,20260312,20260312000792,[정정]주주총회소집공고,False,True,True,True,8,부동산·임대·건설,수입자동차 및 수입건설기계의 판매와 용역대행업 | 자동차 출고대행업 | 자동차 운송 알선사업 | 자동차 할부금융 중개업 | 주차장 운영업 | 고객 사후관리 서비스 및 콜센터사업 | 자동차 대여 운송사업 | 중고자동차 및 건설기계매매업,사업 영역 확대 및 다각화 대비 목적 추가,,https://kind.krx.co.kr/external/2026/03/12/000792/20260312002259/00591.htm,True,2026H1reg,20260312000573
KBI메탈,,코스닥,20260312,20260312000771,주주총회소집공고,True,True,True,True,1,신재생·에너지·전력,<변압기 제조 및 판매업>,사업의 목적 추가,여금처분계산서(안)포함)승인의 건 제2호 의안 :  정관 변경의 건 2-1호 의안: 제2조 (목적) 사업의 목적 추가의 건 2-2호 의안: 제14조 (자기주식의 보유 또는 처분) 2-3호 의안: 제26조 (소집지와 개최방식) 2-4호 의안: 제32조 (의결권의 대리행사) 2-5호 의안: 제35조 (이사의 수) 2-6호 의안: 제3,https://kind.krx.co.kr/external/2026/03/12/000771/20260312002188/00591.htm,True,2026H1reg,20260312000558
디바이스,,코스닥,20260312,20260312000769,주주총회소집공고,True,True,True,True,3,신재생·에너지·전력,인터넷 등 전자상거래업 1 | 태양광 발전 전력의 자가소비 및 판매.공급 1 | 신재생에너지 발전 전력의 자가소비 및 판매.공급,태양광발전시설 설치로 사업의 목적 추가,"저장하기 위한 데이터 센터의 추가 건설도 당분간 두 자리수 증가세를 보일 것으로 예상하고 있 습니다 (4) 신규사업 등의 내용 및 전망 현재 당사는 오염제어기술을 기반으로 반도체 Single Wafer Cleaner, FOUP Cleaner와 OLED FM Mask Cleaner 사업을 영위하고 있습니다. 근래 IT산업에는 EH",https://kind.krx.co.kr/external/2026/03/12/000769/20260312002182/00591.htm,True,2026H1reg,20260312000556
케이웨더,,코스닥,20260312,20260312000681,주주총회소집공고,True,True,True,True,1,디지털자산·블록체인·STO(스테이블코인),블록체인 및 디지털자산 관련 사업,신규사업 추가,"객에게 효과적으로 날씨경영을 서비스할 수 있는 기상 빅데이터플랫폼을 운영하고 있습니다. 기상 빅데이터플랫폼 사업영역은 고객의 니즈에 부합하는 맞춤기상데이터, 기상예보, 기상방송콘텐츠, 모바일 앱, 날씨경영컨설팅, 기후리스크 관리솔루션 등으로 다변화하는 중입니다. (가) 기상데이터 1) 기상 빅데이터플랫폼 당사는 기상청에 일정 수",https://kind.krx.co.kr/external/2026/03/12/000681/20260312001942/00591.htm,True,2026H1reg,20260312000496
동인기연,,유가증권,20260312,20260312000671,주주총회소집공고,True,True,True,True,2,,"텀블러 등 냉온용기, 기타 스테인리스 제품 등 금속가공제품 제조, 판매업 | 신발 및 부품 제조, 판매업",신규제품 생산을 고려한 사업 목적 추가,표 승인의 건 (주당 예정 배당금: 370원) 제 2 호 의안: 정관 일부 변경의 건 - 2-1 호 의안: 사업목적 추가의 건 - 2-2 호 의안: 개정 상법 반영의 건 - 2-3 호 의안: 자기주식 처분 관련 정관 개정의 건 제 3 호 의안: 이사 보수한도 승인의 건 제 4 호 의안: 감사 보수한도 승인의 건 4. 주주총회 소,https://kind.krx.co.kr/external/2026/03/12/000671/20260312001920/00591.htm,True,2026H1reg,20260312000491
제놀루션,,코스닥,20260312,20260312000663,주주총회소집공고,True,True,True,True,2,바이오·헬스케어,"체외진단시약 연구개발, 제조 및 판매 | 동물용 의약품 개발 및 제조업","13, 14항 사업목적 추가",1~2025.12.31) 별도 및 연결재무제표 승인의 건 ○ 제2호 의안 : 정관일부 변경의 건 제2-1호 사업목적 추가 제2-2호 상법 개정 반영 및 조문 정비 ○ 제3호 의안 : 이사 선임의 건 제3-1호 : 사내이사 김민이 제3-2호 : 사외이사 박희우 ○ 제4호 의안 : 감사  선임의 건 : (상근)감사 문준필 ○ 제5호,https://kind.krx.co.kr/external/2026/03/12/000663/20260312001900/00591.htm,True,2026H1reg,20260312000482
오디텍,,코스닥,20260312,20260312000623,주주총회소집공고,True,True,True,True,3,,"가스감지기 및 계측기, 가스기기 제조 및 도.소매 | 계측기 검교정 및 시험업 | 자동차용 신품 전기장치 제조업",사업목적 추가,"의 매출규모도 시장의 성장속도와 같은 방향으로 지속적으로 성장될 것으로 전망됩니다. (5) 향후 추진하려는 신규사업 당사가 추진하는 향후 신규사업은 고신뢰도/고부가가치의 자동차 전장용 광센서 부품, 방산용 센서, 센서Package 사업 그리고 바이오 헬스케어(바이오센서) 사업부문으로 사업분야를 확장하고자 합니다. 나. 회사의 현",https://kind.krx.co.kr/external/2026/03/12/000623/20260312001820/00591.htm,True,2026H1reg,20260312000464
KB오토시스,,코스닥,20260312,20260312000559,주주총회소집공고,True,True,True,True,1,AI(인공지능);로봇,"인공지능 기반 지능형 산업용·서비스용 로봇 및 자동화 시스템 설비의 연구, 개발, 설계, 제조, 판매, 수출입 및 이에 관련된 산업에 대한 직·간접 투자",미영위 사업목적 삭제 및 신 사업목적 추가,"자동화 공정능력을 갖추고 완성차 업체에 최고 품질의 제품을 공급하고 있으며, 해외 영업활동을 강화를 통하여 사업영역을 확대하고 있습니다. 중국의 경제 성장 둔화, 미국발 세계 경제 불확실성 확산 및 내수 경기 침체 장기화로 대내외적으로 힘든 경영환경이 지속되고 있음에도, 전사의 역량을 총 집결하여 견고한 매출 성장과 함께 이익 ",https://kind.krx.co.kr/external/2026/03/12/000559/20260312001594/00591.htm,True,2026H1reg,20260312000414
인텔리안테크,,코스닥,20260312,20260312000541,주주총회소집공고,True,True,True,True,1,,전용생산시설의 구축 및 생산능력 제공,사업목적 추가의 건,분계산서(안) 포함) * 현금배당 : 주당 200원 - 제2호 의안 : 정관 일부 변경의 건 ·제2-1호: 사업목적 추가의 건 ·제2-2호: 개정 상법 반영의 건 - 제3호 의안 : 임원보수지급규정 제정의 건 - 제4호 의안 : 자기주식 보유ㆍ처분 계획 승인의 건 4. 배당내역 - 1주당 예정배당금 : 현금배당 200원 5. 전,https://kind.krx.co.kr/external/2026/03/12/000541/20260312001566/00591.htm,True,2026H1reg,20260312000407
유신,,코스닥,20260312,20260312000511,주주총회소집공고,True,True,True,True,13,신재생·에너지·전력;조선·해양;부동산·임대·건설;탄소·환경,"종합건설산업에 대한 토목, 건축의 조사, 측량, 설계, 설계 VE 및 건설사업관리용역, 종합건설기술엔지니어링업 | 교통계획 및 교통영향평가대행자 에 관한 조사, 연구, 설계에 관한 기술용역 | 소방공사감리업(기계.전기) | 소방시설설계업(기계.전기) | 안전진단전문기관[(종합)-교량및터널,수리,항만,건축] , 정밀안전점검용역 | 해양이용영향평가 대행자 | 전문연구사업자(공학연구개발업) | 토목(도로, 철도, 공항, 항만, 교량, 수자원, 댐, 상하수도, 플랜트, 터널 등), 건축, 산업설비, 도시 및 단지, 조경 및 환경관련사업 등에 관한 기획, 타당성조사, 설계, 분석, 구매, 조달, 시험, 감리, 시운전, 평가, 자문, 지도 및 기타 엔지니어링산업진흥법 에 의거한 종합건설기술사업 일체 | 엔지니어링사업자 소속 건축사 | 해상풍력사업 | 해상풍력 지원항만 및 O&M항만 | 양식장 운영 | 가축분뇨시설관리업",명칭변경 명칭변경 표기정정 표기정정 법령 개정에 따른 해당면허 실효 표기정정 표기정정 명칭변경 명칭변경 사업목적 추가 및 조항번호 수정 사업목적 추가 사업목적 추가 사업목적 추가 사업목적 추가 사업목적 추가에 따른 조항번호 수정,"니어링의 경우 일반 상거래의 제품화과정이 아닌 과학기술의 상품화 시장이라는 특성을 가지고 있습니다. (4) 신규사업 등의 내용 및 전망 한정된 국내 건설시장의 규모를 고려하여 해외진출을 위한 노력을 계속하고 있으며, 선진국에 비하여 아직은 낙후되어 있는 설계기술 및  건설사업관리(CM)에 대한 연구 및 투자를 통하여 지속적으로 ",https://kind.krx.co.kr/external/2026/03/12/000511/20260312001505/00591.htm,True,2026H1reg,20260312000388
태원물산,,유가증권,20260312,20260312000472,주주총회소집공고,True,True,True,True,6,바이오·헬스케어;엔터·콘텐츠·게임;화장품·뷰티;식품·농업·외식,"화장품 제조, 판매 및 수출입업 | 건강기능식품 제조, 판매 및 수출입업 | 전시, 스포츠, 컨벤션 및 행사 기획, 운영 및 대행업 | 지식재산권의 라이선스업, 중개업 및 수출입업 | 캐릭터, 브랜드 등 지식재산권의 기획, 개발 및 매니지먼트업 | 광고 대행업 및 마케팅 컨설팅업",사업다각화를위한 목적사업추가,시사업을 추진하고 있습니다. 이러한 제품군 확장 등을 통해  매년 가시적인 성장을 보이고 있습니다. (4) 신규사업 등의 내용 및 전망 - 특기사항 없습니다. (5) 조직도 기구조직표 2. 주주총회 목적사항별 기재사항 □ 재무제표의 승인 제 1 호 의안 ) 제 63 기 재무제표 승인의 건 제 2 호 의안 ) 이익배당의 건 제 2,https://kind.krx.co.kr/external/2026/03/12/000472/20260312001440/00591.htm,True,2026H1reg,20260312000369
피씨디렉트,,코스닥,20260312,20260312000438,주주총회소집공고,True,True,True,True,2,AI(인공지능);로봇,"자금의 효율적 운용을 위한 투자 및 관련 사업 | 인공지능 및 로봇 관련 제품의 판매, 유통 및 관련 사업",사업영역 확장에 따른 목적 추가,"확장 이전하여 더욱 효율적인 서비스를 제공하고 있습니다. 또한 당사는 기존 유통 제품 포트폴리오를 확장하고 신규 사업을 통해 시장 다각화를 꾀하고 있습니다. 고급형 및 보급형 메인보드, SSD 제품군, 서버 제품 등 다양한 제품을 공급하며, 기존의 영업망과 IT 유통 시장에서 쌓아온 노하우를 바탕으로 관련 업계의 선두주자로 자리매",https://kind.krx.co.kr/external/2026/03/12/000438/20260312001369/00591.htm,True,2026H1reg,20260312000354
소프트캠프,,코스닥,20260312,20260312000366,주주총회소집공고,True,True,True,True,1,,정보통신 공사업,사업목적 추가, 승인의 건 제 2호 의안 : 정관 변경의 건 2-1호 의안 : 상호 개정의 건(제1조) 2-2호 의안 : 사업목적 개정의 건(제2조) 2-3호 의안 : 1주의 금액 개정의 건(제7조) 2-4호 의안 : 소집지 개정의 건(제23조) 2-5호 의안 : 의결권의 대리행사 개정의 건(제29조) 2-6호 의안 : 이사의 수 개정의 건(,https://kind.krx.co.kr/external/2026/03/12/000366/20260312001203/00591.htm,True,2026H1reg,20260312000314
코윈로보틱스,,코스닥,20260312,20260312000267,[정정]주주총회소집공고,True,True,True,True,2,신재생·에너지·전력;부동산·임대·건설,부동산 임대업 및 매매업 17 | 태양광 발전업,- 기타 사업장 관련 부대 수익을 위한 사업 추가, 출자의 건 - 15 2025.11.11 2025년도 3분기 정기 보고의 건 참석 16 2025.11.18 신규 사업장 부지 입찰의 건 - 17 2025.12.18 제 28기 주식 배당의 건 - 18 2025.12.26 금전 대여의 건 종사업장 폐업 신고의 건 - 19 2025.12.29 퇴직 임원 고문 계약 체결의 건 - 나. ,https://kind.krx.co.kr/external/2026/03/12/000267/20260312000863/00591.htm,True,2026H1reg,20260312000238
경창산업,,코스닥,20260312,20260312000233,주주총회소집공고,True,True,True,True,2,,생산설비 및 기계 제조 판매 | 산업용 로보트 제조 판매,생산설비 및 기계 제조 판매 / 산업용 로보트 제조 판매 추가,"차에 납품하며 수주에 따른 주문생산 방식으로 영업활동을 하기에 안정적인 판로를 유지할 수 있습니다. (4) 신규사업 등의 내용 및 전망 2013년 하반기부터 생산가동된 태양광 발전사업은 2014년 상반기 정상가동 되었으며, 2021년 6.6억, 2022년 10억, 2023년 8.6억, 2024년 8억, 2025년 7.7억원의 매",https://kind.krx.co.kr/external/2026/03/12/000233/20260312000761/00591.htm,True,2026H1reg,20260312000210
퍼시스,,유가증권,20260312,20260312000218,주주총회소집공고,True,True,True,True,1,,"""렌탈 임대 및 유지관리 서비스업""을 추가",-,"국기업의 국내지사나 현지법인 등을 대상으로 영업을 강화하고 있어 경쟁이 치열해질 것으로 예상됩니다. (4) 신규사업 등의 내용 및 전망 ""해당사항 없음"" (5) 조직도 대표이사 오피스사업부 퍼플식스스튜디오사업부 연구소 생산부문 재경팀 ASEAN사업개발팀 글로벌사업지원팀 EMEA사업개발팀 Northeast Asia사업개발팀 Ame",https://kind.krx.co.kr/external/2026/03/12/000218/20260312000710/00591.htm,True,2026H1reg,20260312000195
유니퀘스트,,유가증권,20260312,20260312000177,주주총회소집공고,False,True,True,True,1,,수·배전반 및 전기 자동제어반 제조업,- 신규 제조업 추가에 따른 사업목적 추가,,https://kind.krx.co.kr/external/2026/03/12/000177/20260312000596/00591.htm,True,2026H1reg,20260312000164
펨토바이오메드,,코넥스,20260312,20260312000136,주주총회소집공고,False,True,True,True,2,바이오·헬스케어,의료기기 및 관련 장비의 임대·리스업 | 제약·바이오 및 의료 관련 인증 자문업,사업 다각화 및 신규 수익모델 확보,,https://kind.krx.co.kr/external/2026/03/12/000136/20260312000424/00591.htm,True,2026H1reg,20260312000103
성우하이텍,,코스닥,20260312,20260312000130,주주총회소집공고,True,True,True,True,1,신재생·에너지·전력,태양광 발전업,사업목적추가, 건 (이익배당 예정내용: 1주당 배당금 200원) 제2호 의안 : 정관 일부 변경의 건 제2-1호 의안: 사업목적 추가 제2-2호 의안: 집중투표제 배제 문구 삭제 제2-3호 의안: 이사의 충실의무 확대 제2-4호 의안: 감사위원회 위원 분리선출 확대 제2-5호 의안: 전자주주총회 근거규정 신설 제2-6호 의안: 독립이사로의 ,https://kind.krx.co.kr/external/2026/03/12/000130/20260312000410/00591.htm,True,2026H1reg,20260312000099
동우팜투테이블,,코스닥,20260312,20260312000129,주주총회소집공고,False,True,True,True,3,클라우드·SW·빅데이터,"소프트웨어 개발, 제작 및 판매업 | 전산 시스템 설계 및 구축 서비스업 | 데이터베이스 및 온라인 정보제공업",전산 시스템 설계 및 구축 서비스업 등 신규사업 진출,,https://kind.krx.co.kr/external/2026/03/12/000129/20260312000409/00591.htm,True,2026H1reg,20260312000097
아이티센엔텍,,코스닥,20260311,20260311002569,[정정]주주총회소집공고,True,True,True,True,1,,기타 인문 및 사회과학 연구개발업,사업목적 변경,"된 공식 자료가 없어 기재를 생략합니다. (3) 시장의 특성 상기 업계현황을 참고해주시기 바랍니다. (4) 신규사업 등의 내용 및 전망 국내 IT 서비스 시장은 정부의 정책 지원, 기술 인프라의 발전, 산업의 다양성, 고객의 디지털 전환 필요성, 정보 보안과 규제 환경 등 여러가지 요인에 의해 안정성을 유지하고 있습니다. 구  ",https://kind.krx.co.kr/external/2026/03/11/002569/20260311005665/00591.htm,True,2026H1reg,20260311004603
고바이오랩,,코스닥,20260311,20260311002546,주주총회소집공고,False,True,True,True,3,바이오·헬스케어;식품·농업·외식,"의약품, 의료기기 등의 제조 및 판매업 | 의약품, 의약품 원료의 매매 및 이와 관련한 서비스 및 상품의 매매업 | 식품원료, 건강기능식품원료의 제조, 판매 및 이와 관련한 서비스 상품의 매매업",사업범위 확장,,https://kind.krx.co.kr/external/2026/03/11/002546/20260311005618/00591.htm,True,2026H1reg,20260311004588
덴티스,,코스닥,20260311,20260311002505,주주총회소집공고,True,True,True,True,1,바이오·헬스케어;식품·농업·외식,건강기능식품일반판매업,17.태양광발전사업 추가,"으로 더 많은 수요가 예상되며, 기술 개발과 품질 향상에 대한 연구가 지속적으로 필요한 산업입니다. (4) 신규사업 등의 내용 및 전망 가) 디지털 투명교정 장치 투명교정 장치는 최근 치과 산업에서 가장 관심이 높고, 성장 잠재력이 높은 사업이며, 투명한 플라스틱 재질의 소재를 이용하여 단계별로 치아를 조금씩 이동해 나가게끔 치",https://kind.krx.co.kr/external/2026/03/11/002505/20260311005560/00591.htm,True,2026H1reg,20260311004561
JW중외제약,,유가증권,20260311,20260311002494,[정정]주주총회소집공고,False,True,True,True,1,,"투자, 경영자문 및 컨설팅업",사업다각화,,https://kind.krx.co.kr/external/2026/03/11/002494/20260311005539/00591.htm,True,2026H1reg,20260311004558
JW생명과학,,유가증권,20260311,20260311002457,[정정]주주총회소집공고,False,True,True,True,2,,"투자, 경영자문 및 컨설팅업 | 열병합발전, 자가발전 및 에너지(전기, 열)의 자가소비, 판매 및 공급업",사업다각화,,https://kind.krx.co.kr/external/2026/03/11/002457/20260311005465/00591.htm,True,2026H1reg,20260311004538
스피어,,코스닥,20260311,20260311002414,주주총회소집공고,True,True,True,True,8,AI(인공지능);로봇;데이터센터;클라우드·SW·빅데이터;우주항공;바이오·헬스케어,"인공지능(AI) 기반 머신러닝, 딥러닝 관련 소프트웨어 개발 및 공급 | 인공지능(AI) 기반 데이터센터의 구축, 운영, 관리 및 관련 서비스업 | 산업용 휴머노이드 로봇, 지능형 로봇, 의료용 로봇과 동 부품 및 시스템의 개발, 제조 및 판매업 | 스마트팩토리, 로봇자동화 기계, 설비 제조 및 판매업 | 로봇 부품 및 부분품 유통, 판매업 | 특수합금 및 기타금속 관련 국내·외 복합물류센터 운영 및 관련 서비스업 | 금속 단조제품 제조, 판매업 | 위성통신기기 및 위성시스템 관련 개발, 제조, 설치, 판매 및 부가통신사업",사업 확장을 위한 목적사업 추가,을 기반으로 고객 요구 사양에 적합한 공급망을 구축함으로써 안정적인 공급 체계를 제공하고 있습니다. (7) 신규 사업 추진 내용 당사는 특수합금 공급망의 안정성을 확보하기 위하여 핵심 원소재 조달 기반을 강화하는 전략을 추진하고 있습니다. 이와 관련하여 2025년 12월 31일 인도네시아 Excelsior Nickel Cobalt,https://kind.krx.co.kr/external/2026/03/11/002414/20260311005371/00591.htm,True,2026H1reg,20260311004512
KT밀리의서재,,코스닥,20260311,20260311002403,주주총회소집공고,True,True,True,True,2,클라우드·SW·빅데이터,포털 및 기타 인터넷 정보 매개 서비스업 | 데이터베이스 및 온라인 정보 제공업,- 독서연계 신사업 추진에 따른 사업목적 추가,~2025.12.31) 재무제표 승인 및 이익배당의 건 - 제2호 : 정관 일부 변경의 건 ·제2-1호 : 사업목적 추가 ·제2-2호 : 전자주주총회 허용 여부 및 대리권 증명에 관한 사항 ·제2-3호 : 이사총수 확대 ·제2-4호 : 이사회 내 이사비율 및 이사명칭 변경 ·제2-5호 : 이사의 충실의무 범위 확대 ·제2-6호 ,https://kind.krx.co.kr/external/2026/03/11/002403/20260311005351/00591.htm,True,2026H1reg,20260311004506
폴라리스세원,,코스닥,20260311,20260311002374,주주총회소집공고,True,True,True,True,1,신재생·에너지·전력,태양광발전 사업 및 전기생산 판매업,ESG경영에 따른 신규사업목적 추가,4 기 재무제표 및 연결 재무제표 승인의 건 제 2 호 의안 : 정관 일부변경의 건 제 2-1 호 의안 : 사업목적 추가의 건 제 2-2 호 의안 : 주식병합에 따른 액면가액 변경 제 3 호 의안 : 주식병합 승인의 건 제4호 의안 : 이사 선임의 건 제 4-1 호 의안 : 사내이사 이용준 선임의 건 제 4-2 호 의안 : 사외,https://kind.krx.co.kr/external/2026/03/11/002374/20260311005307/00591.htm,True,2026H1reg,20260311004491
쿠쿠홈시스,,유가증권,20260311,20260311002369,주주총회소집공고,True,True,True,True,4,로봇;화장품·뷰티;식품·농업·외식,"가정용 가스기구 및 동 부품의 판매, 유통 및 유지보수(유상수리) 서비스업 | 프랜차이즈 및 식음료 산업 관련 로봇 솔루션 제공업 | 자동조리로봇의 판매, 유통, 설치 및 유지보수(유상수리) 서비스업 | 뷰티 디바이스를 이용한 시술 서비스업",사업목적 추가, 정관 일부 변경 승인의 건 - 제2-1호 의안 : 개정 상법 관련 정관 변경의 건 - 제2-2호 의안 : 사업 목적 변경의 건 - 제2-3호 의안 : 기타 정관 변경의 건 ③ 제3호 의안 : 이사 선임의 건 - 제3-1호 의안 : 이사 선임의 건 (구본학) - 제3-2호 의안 : 이사 선임의 건 (나영민) ④ 제4호 의안 : 감,https://kind.krx.co.kr/external/2026/03/11/002369/20260311005292/00591.htm,True,2026H1reg,20260311004490
카카오,,유가증권,20260311,20260311002356,[정정]주주총회소집공고,False,True,True,True,1,AI(인공지능),인공지능 개발 및 이용업,AI 기술 기반 서비스 고도화 및 신규 사업에 따른 목적 추가,,https://kind.krx.co.kr/external/2026/03/11/002356/20260311005273/00591.htm,True,2026H1reg,20260311004482
아센디오,,유가증권,20260311,20260311002336,주주총회소집공고,False,True,True,True,8,바이오·헬스케어;화장품·뷰티;식품·농업·외식,"포털 및 기타 인터넷 정보 매개 서비스업 | 사업 및 무형 재산권 중개업 | 화장품 제조, 도소매업, 화장품 소분업 | 신선 식품 및 단순 가공 식품 도매업 | 건강 보조식품 도, 소매업 | 건강 기능식품 제조업 | 그 외 기타 식료품 제조업, 비알콜음료 제조업 | 음료 소매업",사업목적 추가,,https://kind.krx.co.kr/external/2026/03/11/002336/20260311005235/00591.htm,True,2026H1reg,20260311004472
뉴인텍,,코스닥,20260311,20260311002274,주주총회소집공고,True,True,True,True,1,,전기판매업,신규사업목적 추가,"사용되는 곳에 함께 부착이 되면, 관련 산  업군은 계속적으로 비약적인 시장을 창출하는 품목입니다. (4) 신규사업 등의 내용 및 전망 (가) 친환경 자동차용 커패시터 자동차용으로 제조되는 커패시터는 하이브리드 자동차, 플러그인하이브리드전기차, 전기자동차 및 수소연료자동차에도 중요 부품으로 사용됩니다. 커패시터 개발과 관련하여 ",https://kind.krx.co.kr/external/2026/03/11/002274/20260311005100/00591.htm,True,2026H1reg,20260311004438
CJ CGV,,유가증권,20260311,20260311002254,[정정]주주총회소집공고,True,True,True,True,1,화장품·뷰티,화장품·미용용품 유통 및 중개업,[사업목적추가] 1.~26. 현행유지 신규사업을 위한 사업목적 추가,1일~2025년 12월 31일) 재무제표 승인의 건 ○ 제2호 의안: 정관 변경의 건 - 제2-1호 의안: 사업목적 추가 관련 사항 - 제2-2호 의안: 상법 개정에 따른 조문정비 관련 사항 - 제2-3호 의안: 주식 관련 사항 - 제2-4호 의안: 공고방법 관련 사항 - 제2-5호 의안: 집중투표 배제 조항 삭제 관련 사항 ○,https://kind.krx.co.kr/external/2026/03/11/002254/20260311005068/00591.htm,True,2026H1reg,20260311004427
스튜디오드래곤,,코스닥,20260311,20260311002252,주주총회소집공고,True,True,True,True,2,,.전자상거래업 및 통신판매업 | 상품의 도매 및 소매업,드라마 IP를 활용한 상품 개발 및 판매 등 비즈니스 모델 확장을 위한 사업목적 추가," 국내외 시장에서의 영향력을 강화하고 있으며, 글로벌 파트너십을 기반으로 아시아 및 북미 등 주요 권역으로 사업 영역을 빠르게 확장하고 있습니다. (2) 산업의 특성 가. 고도의 기획력과 창의력이 요구되는 산업 문화 콘텐츠 산업은 문화 상품과 디지털 콘텐츠 전반을 포괄하는 산업으로, 세부 분야별로 상이한 특성과 사업구조를 보유하고",https://kind.krx.co.kr/external/2026/03/11/002252/20260311005066/00591.htm,True,2026H1reg,20260311004426
아이에스동서,,유가증권,20260311,20260311002210,주주총회소집공고,False,True,True,True,22,클라우드·SW·빅데이터;부동산·임대·건설;엔터·콘텐츠·게임;식품·농업·외식,"소프트웨어 자문, 개발 및 공급업 | 인쇄 및 인쇄관련 사업 | 콘도미니엄 운영업 | 골프장 설치운영 및 기타 체육시설의 설치, 운영, 개발사업 | 관광 레저사업 | 종합휴양업 | 관광사업 운영업 | 관광휴게시설 설치 및 운영업 | 광고, 홍보 관련사업 | 일반 음식점업 | 휴게 음식점업 | 호텔운영관리업 | 관광숙박업 | 호텔분양업 | 호텔업 | 레스토랑 및 호텔서비스업 | 요트 임대 및 분양업 | 요트장 개발업 | 요트장 운영관리업 | 보트장경영업 | 수상레저시설제공업 | 영화관 상영 및 운영업",목적사업 추가,,https://kind.krx.co.kr/external/2026/03/11/002210/20260311004990/00591.htm,True,2026H1reg,20260311004411
미래컴퍼니,,코스닥,20260311,20260311002088,주주총회소집공고,True,True,True,True,1,클라우드·SW·빅데이터,"소프트웨어 및 프로그램의 개발, 제조, 판매, 임대, 서비스업",사업목적 추가 및 순서 변경에 따른 번호 수정,"제표,연결재무제표 및 이익잉여금처분계산서(안)승인의 건 제2호 의안 : 정관 변경의 건 제2-1호 의안 : 사업목적 추가의 건 제2-2호 의안 : 상법 개정에 따른 변경의 건 제2-3호 의안 : 그 외의 변경의 건 제3호 의안 : 이사 선임의 건 제3-1호 의안 : 기타비상무이사 후보 이윤희 재선임의 건 제3-2호 의안 : 독립",https://kind.krx.co.kr/external/2026/03/11/002088/20260311004795/00591.htm,True,2026H1reg,20260311004365
누리플랜,,코스닥,20260311,20260311002038,주주총회소집공고,True,True,True,True,5,부동산·임대·건설,"종합건설업(토목건축공사업) | 강관 보도교 제작 설치업 | 건축 철골 구조물 제작, 설치업 | 건축자재 수입업 | 건축자재 도소매업",신규 사업을 위한 사업목적 변경 및 추가,"게 큰 장점으로 부각되고 있습니다. 건설사업본부는 현재 보도교 사업에 대부분의 매출의 비중이 편중되어 있어 신사업으로 매출 확대를 계획중이며, 진행중인 신사업의 아이템은 친환경 도장사업과 철골 주차장 사업입니다. 강교교량이 2030년이후에는 30년이상 노후교량이 50%이상으로 증가되어 이에 대한 유지관리 사업이 증가될 예정입니",https://kind.krx.co.kr/external/2026/03/11/002038/20260311004735/00591.htm,True,2026H1reg,20260311004356
다우기술,,유가증권,20260311,20260311002006,주주총회소집공고,True,True,True,True,3,바이오·헬스케어;식품·농업·외식,건강기능식품판매업 | 전기공사업 | 기계설비공사업,신규 사업목적 추가," 승인의 건 ※ 현금배당 예정액 : 1주당 1,800원 제2호 의안 : 정관 일부 변경의 건 제2-1호 : 사업목적 추가 (제2조) 제2-2호 : 전자투표 및 전자주주총회 규정 마련 (제20조의2, 제26조) 제2-3호 : 사외이사 명칭 변경 (제29조, 제29조의2, 제31조, 제32조, 제34조의3, 제37조의2) 제3호 의",https://kind.krx.co.kr/external/2026/03/11/002006/20260311004679/00591.htm,True,2026H1reg,20260311004340
드림시큐리티,,코스닥,20260311,20260311001983,주주총회소집공고,True,True,True,True,10,AI(인공지능);클라우드·SW·빅데이터;방산;디지털자산·블록체인·STO(스테이블코인);엔터·콘텐츠·게임,"블록체인 관련 소프트웨어 개발 및 판매업 | 블록체인 관련 정보 서비스업 | 빅데이터, 인공지능(AI), 블록체인 데이터 분석 및 개발, 판매, 유지보수업 | 인공지능(AI), 가상현실(VR), 증강현실(AR) 관련 제품, 서비스 개발 및 공급업 | 인공지능 기반 버추얼 휴먼 활용 콘텐츠 제작 및 유통, 콘텐츠 활용 파생 사업 | 인공지능(AI) 활용한 디지털콘텐츠 제작업 및 유통, 서비스업 | 디지털트윈 소프트웨어 및 플랫폼 개발 및 그와 관련된 유통, 서비스업 | 가상 자산의 개발 및 매매, 중개업 | 무기체계·전자장비·통신장비 제조·조립·개량·정비 | 레이더·무기 시스템 관련 소프트웨어 개발 및 판매업",사업목적 추가,자산관리 부분의 중요성이 대두되고 있어 향후 대형 주요 업체위주로 시장이 재편될 가능성이 높습니다. (4) 신규사업 등의 내용 및 전망 당사는 향후 추가적인 성장 동력 및 수익성 확보를 위해 신제품 개발 및 지속적인 신규사업을 추진하고 있습니다. 1) 차세대 암호기술 당사 핵심기술인 암호기술은 국가암호검증(KCMVP)과 미국 표,https://kind.krx.co.kr/external/2026/03/11/001983/20260311004636/00591.htm,True,2026H1reg,20260311004325
엑셀세라퓨틱스,,코스닥,20260311,20260311001954,주주총회소집공고,True,True,True,True,5,AI(인공지능);클라우드·SW·빅데이터;바이오·헬스케어;화장품·뷰티,"인공지능 기반의 고객맞춤형 배지개발 플랫폼 개발 및 서비스업 | 스킨부스터, 미용·피부개선용 주사제 및 관련 제재의 연구, 개발, 제조, 유통 판매 및 수출입업 | 바이오의약품 제조공정개발 및 위탁서비스업 | 세포처리시설(CPC)의 구축, 운영 및 관리업과 관련 세포 처리, 배양, 보관, 분석 및 품질관리 서비스업 | 일반의약품(OTC), 의약외품, 의료기기의 도소매, 유통 판매 및 수출입업",신규 사업 목적 추가,"장의 특성 III. 경영참고사항 → 1. 사업의 개요 → 가. 업계의 현황을 참고해주시기 바랍니다. (3) 신규사업 등의 내용 및 전망 당사는 화학조성배지(CellCor™)와 높은 시너지를 발휘할 수 있는 바이오 솔루션에 대한 판권을 확보하며, 배지를 중심으로 한 수직적 사업 고도화 모델, 즉 'CGT-Total Solution",https://kind.krx.co.kr/external/2026/03/11/001954/20260311004595/00591.htm,True,2026H1reg,20260311004313
와이즈넛,,코스닥,20260311,20260311001947,주주총회소집공고,False,True,True,True,1,,정보통신공사업,사업확대를 위한 사업목적의 추가,,https://kind.krx.co.kr/external/2026/03/11/001947/20260311004583/00591.htm,True,2026H1reg,20260311004311
코콤,,코스닥,20260311,20260311001876,주주총회소집공고,True,True,True,True,2,,전자상거래 및 통신판매업 | 금속구조물ㆍ창호ㆍ온실공사업,사업다각화로 인한 신규사업목적 추가 신규사업목적 추가로 인한 순서조정,"히 해 나갈것이며, 21C지능형 미래 주거 문화의 세계화에 앞장서는 기업이 되도록 노력할 것입니다. (4) 신규사업 등의 내용 및 전망 2023년 위축된 건설경기에도 불구하고, 적극적인 영업의 결과를 위하여 노력 하였듯이, 2024년에도 지속적인 기술혁신과 영업력 확보, 내부 시스템 개선을 통하여 매출의 성장을 이루도록 최선의 ",https://kind.krx.co.kr/external/2026/03/11/001876/20260311004381/00591.htm,True,2026H1reg,20260311004273
씨유테크,,코스닥,20260311,20260311001857,주주총회소집공고,True,True,True,True,1,부동산·임대·건설,부동산 임대업,당사 보유의 여유공간에 대하여 임대가 가능하도록 정관의 목적에 부동산임대업을 추가하고 기타에 대하여는 코스닥 표준정관에 준하여 문구 수정하는 것임.,"확대하는 등 지역별 포트폴리오 재편과 전략적 인내를 통해 장기적인 성장 기반을 공고히할 계획입니다. (4) 신규사업 등의 내용 및 전망 당사는 2020년 말 자동차용 카메라 센서 구동보드 양산을 시작으로 2022년 자동차용 디스플레이 모듈, 2023년 말 자동차용 LED Lamp 모듈을 순차적으로 출시하며 전장 사업 포트폴리오를",https://kind.krx.co.kr/external/2026/03/11/001857/20260311004344/00591.htm,True,2026H1reg,20260311004260
나라스페이스테크놀로지,,코스닥,20260311,20260311001856,주주총회소집공고,False,True,True,True,2,투자·금융,"유사투자자문업 | 타 법인, 투자조합, 집합투자기구에 대한 출자 및 투자업",사업목적 추가,,https://kind.krx.co.kr/external/2026/03/11/001856/20260311004343/00591.htm,True,2026H1reg,20260311004259
이렘,,코스닥,20260311,20260311001846,주주총회소집공고,True,True,True,True,5,방산;부동산·임대·건설,"무기 및 총포탄 제조업 | 군수품의 제조,판매,보관 및 수송업 | 화공품, 염료, 기타 기초화합물 등 유/무기 화학제품류 및 그 원료의 제조, 가공, 판매, 보관 | 군납업 | 모듈러건축물 제작/ 관리/ 설계/유통업",사업목적추가,"없으나 기후적 여건(혹한기, 강우)에 의하여 납품 및 시공 지연 등이 일시적으로 있을 수 있습니다. (4) 신규사업 등의 내용 및 전망 당사는 2023년 12월 (주)코스틸 슈퍼데크 사업부문에 대한 영업전부 양수를 결정하고, 2024년 1월 31일부로 영업양수를 완료함에 따라 기존 사업기반과 거래선, 생산 및 기술역량을 안정적으",https://kind.krx.co.kr/external/2026/03/11/001846/20260311004326/00591.htm,True,2026H1reg,20260311004254
SB성보,,유가증권,20260311,20260311001840,주주총회소집공고,False,True,True,True,6,엔터·콘텐츠·게임;교육,"(37) 전자상거래 소매업 | 통신판매업 | 스마트팜 체험교육 서비스업 | 작물재배 지원 서비스업 | 전시, 컨벤션 및 행사 대행업 | 공연시설 운영업",* 기업경영에 필요한 목적 사업 추가,,https://kind.krx.co.kr/external/2026/03/11/001840/20260311004308/00591.htm,True,2026H1reg,20260311004249
우성머티리얼스,,유가증권,20260311,20260311001839,주주총회소집공고,True,True,True,True,6,바이오·헬스케어;희토류·핵심광물·소재;탄소·환경,"광물 자원의 탐사, 개발, 채굴, 제련, 가공 및 판매업 | 광산 개발, 운영 및 관리업 | 희유금속, 비철금속, 철광석, 귀금속, 기타 광물의 수출입업 | 광산 관련 플랜트 설치, 유지관리 및 시공업 | 자원 개발 관련 기술용역, 조사, 평가 및 컨설팅업 | 에너지 및 자원 재활용 사업",사업의다각화,도 승인의 건 제4호 의안 : 정관 일부 변경의 건 제 4-1호 의안 : 상호명 변경 제 4-2호 의안 : 사업목적 추가 제 4-3호 의안 : 액면병합의 건 제5호 의안 : 신규이사 선임의 건 제5-1호 의안 : 사내이사 김세헌 선임의건 제5-2호 의안 : 사외이사 장용순 선임의건 제5-3호 의안 : 사외이사 양승태 선임의건 4,https://kind.krx.co.kr/external/2026/03/11/001839/20260311004307/00591.htm,True,2026H1reg,20260311004250
에이텍모빌리티,,코스닥,20260311,20260311001834,주주총회소집공고,True,True,True,True,1,,컴퓨터 및 주변기기 제조업,사업 영역 확장 및 매출 다변화,"울교통공사 교통발매기 교체사업이 주요 증가 요인입니다. 상반기 보유 중인 에이텍에이피 주식 전량을 처분하여 신사업 추진 및 신규 투자를 위한 유동성 확보를 하였고, 종속회사 관련 매출과 이익은 중단영업손익으로 반영하였습니다. (나) 공시대상 사업부문의 구분 당사는 모빌리티 사업으로 모든 매출이 구성되어 있습니다. 물류자동화사업",https://kind.krx.co.kr/external/2026/03/11/001834/20260311004295/00591.htm,True,2026H1reg,20260311004245
에코심플렉스,,코스닥,20260311,20260311001829,주주총회소집공고,True,True,True,True,4,,어플리케이션 개발 | 전문디자인업 | 시각디자인업 | 전자상거래업,사업목적 변경 (사업다각화를 위한 목적 추가),"함) 승인의 건 - 제2호 의안 : 정관 개정의 건 제2-1호 의안 : 상호 변경의 건 제2-2호 의안 : 사업목적 추가의 건 제2-3호 의안 : 이사의 임기 변경의 건 제2-4호 의안 : 상법 개정반영 규정 변경의 건 (제15조의2, 27조, 33조, 36조, 40조, 42조) - 제3호 의안 : 사외이사 선임의 건(신규선임 ",https://kind.krx.co.kr/external/2026/03/11/001829/20260311004284/00591.htm,True,2026H1reg,20260311004241
세림B&G,,코스닥,20260311,20260311001793,주주총회소집공고,True,True,True,True,4,로봇;탄소·환경,친환경 생분해성 제품의 제조 및 판매업 | 로봇 및 부품 할부판매업 | 로봇 및 부품 임대업 | 로봇 및 부품의 운영지원 용역 및 서비스업,목적사업 추가,"상승과 인력난, 그리고 코로나19 이후 위생 및 방역의 중요성이 부각 된 점도 한 몫을 하였습니다. (4) 신규사업 등의 내용 및 전망 ① 생분해성 농업용 멀칭필름 국내의 기존 비 분해성 농업용 멀칭필름은 전체 농업용 필름 사용량의 47%를 차지할 정도로 가장 많이 사용되고 있으며, 연간 사용량은 31만 톤이고 매년 농촌에서 수",https://kind.krx.co.kr/external/2026/03/11/001793/20260311004197/00591.htm,True,2026H1reg,20260311004215
엔지켐생명과학,,코스닥,20260311,20260311001768,주주총회소집공고,True,True,True,True,7,AI(인공지능);로봇;클라우드·SW·빅데이터;바이오·헬스케어,"AI, 로봇, 로봇 부품, 로봇 하드웨어 및 소프트웨어 제조 및 판매업 | 병의원 관련 컨설팅 및 자문업 | 병의원 마케팅 및 홍보대행업 | 의료기기 렌탈업 | 디지털 음향기기, 영상기기 도소매업 | 인테리어 공사업, 디자인업, 설계업 | 전기통신공사업, 전기공사 및 장치업","AI 로봇 등 신사업 추진 관련 조항 추가, 미영위 사업목적 삭제 , 사업목적 번호 정비",잉여금처분계산서(안) 포함) 및 연결재무제표 승인의 건 ■ 제2호 의안: 정관 일부 변경의 건 제2-1호: 신사업 추진에 따른 사업목적 변경 제2-2호: 자기주식 소각 등에 관한 조항 신설 제2-3호: 상법 개정에 따른 변경 제2-4호: 감사의 수와 선임·해임 ■ 제3호 의안: 이사 선임의 건 제3-1호: 사외이사 구병주 선임,https://kind.krx.co.kr/external/2026/03/11/001768/20260311004153/00591.htm,True,2026H1reg,20260311004195
머큐리,,코스닥,20260311,20260311001765,주주총회소집공고,True,True,True,True,1,,기계장비 및 관련 물품 도매업,신규사업 진출을 위한 목적 추가,"정보통신장비산업은 음성, 데이터, 영상을 전송 및 통신하기 위한 구동장비인 통신시스템을 생산하여 주로 기간통신사업자에게 공급하는 산업으로 정보전달을 가능하게 하는 중추적인 산업입니다. 당사는 통신단말장비, 광케이블, 네트워크장비를 직접 개발하거나 아웃소싱하여 기간통신사업자/군 또는 MSO등 통신사업자에게 납품하고 있으며, 홈단",https://kind.krx.co.kr/external/2026/03/11/001765/20260311004149/00591.htm,True,2026H1reg,20260311004193
동양,,유가증권,20260311,20260311001758,주주총회소집공고,True,True,True,True,3,부동산·임대·건설;투자·금융,"기타 금융 투자업(보유자금의 금융상품 투자, 펀드 출자 , 자산관리 ) | 프로젝트금융투자회사의 자산관리업 | 부동산의 개발업",사업포트폴리오 강화를 위한 사업목적 추가,71기 재무제표 및 이익잉여금처분계산서(안) 승인의 건 제2호 의안 : 정관 일부 변경의 건 제2-1호 : 사업목적 추가의 건 제2-2호 : 주주총회 개최방식 및 의결권 대리행사 변경의 건 제2-3호 : 사외이사 명칭 변경의 건 제2-4호 : 감사위원 분리선임 인원 및 의결권 제한사항 변경의 건 제2-5호 : 자기주식 보유 또는,https://kind.krx.co.kr/external/2026/03/11/001758/20260311004135/00591.htm,True,2026H1reg,20260311004188
티엑스알로보틱스,,코스닥,20260311,20260311001679,주주총회소집공고,True,True,True,True,1,,기계 및 장비 임대업,향후 사업 확장 가능성을 고려하여 사업목적 추가,"수주가 이루어지는 산업 특성상 객관적인 시장점유율을 산정하기에는 어려움이 있습니다. 또한 시장 참여 기업의 사업 영역과 적용 분야가 다양하여 명확한 시장점유율을 파악하기는 제한적인 상황입니다. (3) 시장의 특성 - 물류자동화 부문 물류자동화 부문의 주요 목표시장은 택배사, 이커머스 기업 및 유통기업 등 대규모 물류 인프라를 운영",https://kind.krx.co.kr/external/2026/03/11/001679/20260311004018/00591.htm,True,2026H1reg,20260311004153
코칩,,코스닥,20260311,20260311001668,주주총회소집공고,True,True,True,True,2,방산;2차전지·배터리,"방산용 이차전지 연구개발 및 판매업 | AGV, AMR용 이차전지 개발업 및 판매업","사업목적 추가(7,8호) 및 일련번호 정정", 제 4호 의안 : 감사 보수 한도 승인의 건 마. 제 5호 의안 : 정관 변경의 건 제 5-1호 의안 : 사업목적의 변경 제 5-2호 의안 : 정관 내용 신설 제 5-3호 의안 : 정관 내용 변경의 건 제 5-4호 의안 : 정관 오기 정정의 건 4. 경영참고사항 비치 상법 제 542조의 4제 3항에 의거하여 경영참고사항을 당사,https://kind.krx.co.kr/external/2026/03/11/001668/20260311003998/00591.htm,True,2026H1reg,20260311004145
아리바이오홀딩스,,코스닥,20260311,20260311001652,주주총회소집공고,False,True,True,True,22,바이오·헬스케어;조선·해양;부동산·임대·건설;엔터·콘텐츠·게임;화장품·뷰티;식품·농업·외식,"금속가공제품 제조업 | 금속 구조물 창호 공사업 | 플라스틱 제품 제조업 | 교통 신호장치 제조업 | 외국인 관광객 대상 면세물품 판매업 및 사후면세점 운영업 | 관광기념품, 문구, 잡화, 공예품 제조 및 도소매업 | 캐릭터 디자인, 브랜드 IP(지식재산권) 개발 및 라이선스업 | 화장품, 의류, 패션잡화, 건강기능식품 도소매업 및 수출입업 | 전자상거래 및 인터넷 관련 유통업 | 디지털 콘텐츠 기획, 제작, 유통 및 서비스업 | 실감형 콘텐츠(VR, AR, MR), 홀로그램 및 미디어파사드 연출업 | 야간경관 기획, 설계, 컨설팅 및 도시경관 디자인업 | 경관조명 기구 제조, 설치, 판매 및 임대업 | 영상, 음향 및 조명 장치 설치 및 유지보수업 | 해상 및 내수면 여객 운송사업, 유선 및 도선 사업 | 선박(유람선 포함) 매매, 임대, 관리 및 수리업 | 수상 구조물(선착장, 계류장, 부유식 구조물) 설치 및 운영 관리업 | 수상레저기구 계류장 운영 및 관련 서비스업 | 주차장 운영업 및 주차 시설물 관리업 | 관광지, 유원지 개발 및 복합 문화 공간 전시기획업 | 일반 음식점업, 휴게 음식점업 및 주류 판매업 | 부동산 관리업 및 전대업",신규사업 추진을 통한 사업다각화 모색,,https://kind.krx.co.kr/external/2026/03/11/001652/20260311003966/00591.htm,True,2026H1reg,20260311004136
아이스크림에듀,,코스닥,20260311,20260311001602,주주총회소집공고,False,True,True,True,4,교육,"전자상거래업 및 통신판매업 | 원격 평생 교육사업, 원격교육사업 | 온라인교육서비스업 | 방문판매업",- 신규사업을 위한 사업목적 추가와 미영위 사업내용 삭제,,https://kind.krx.co.kr/external/2026/03/11/001602/20260311003872/00591.htm,True,2026H1reg,20260311004109
에스엠씨지,,코스닥,20260311,20260311001557,주주총회소집공고,False,True,True,True,1,,"차 유리제품, 유리섬유 및 광학용 유리 제조업",사업영역 확장,,https://kind.krx.co.kr/external/2026/03/11/001557/20260311003763/00591.htm,True,2026H1reg,20260311004082
삼양식품,,유가증권,20260311,20260311001551,주주총회소집공고,True,True,True,True,2,,"자회사의 주식 또는 지분을 취득, 소유함으로써 자회사 등(손자회사 및 해당손자회사가 지배하는 회사 포함)의 제반 사업내용을 지배, 경영지도, 정리, 육성하는 지주사업 | 자회사 등(손자회사 및 해당손자회사가 지배하는 회사 포함)과 상품 또는 용역의 공동개발 판매 및 설비 전산시스템의 공동활용 등을 위한 사무지원 사업",자회사 등에 대한 SSC(통합지원서비스)의 사업목적추가,처분계산서 포함) 및 연결재무제표 승인의 건 - 제2호 의안 : 정관 일부 변경의 건 ㆍ제2-1호 의안 : 사업목적 추가 ㆍ제2-2호 의안 : 신설위원회 추가 반영 ㆍ제2-3호 의안 : 전자주주총회 제도 도입 ㆍ제2-4호 의안 : 사외이사의 독립이사 명칭 변경 ㆍ제2-5호 의안 : 감사위원 분리선출 인원상향 ㆍ제2-6호 의안 :,https://kind.krx.co.kr/external/2026/03/11/001551/20260311003759/00591.htm,True,2026H1reg,20260311004079
KTis,,유가증권,20260311,20260311001515,주주총회소집공고,True,True,True,True,5,,금융기관 프로세싱 업무 대행사업 | 일반대출 업무대행 서비스업 | 신용정보처리 수탁사업 | 신용카드 모집업 | 위생관리 용역업,사업 목적 추가 및 삭제,"제표(이익잉여금처분계산서 포함) 승인의 건 ㅇ 제2호 의안 : 정관 일부 변경의 건 -제2-1호 의안 :  사업목적 변경 -제2-2호 의안 :  현행법령 반영 및 의미 명확화 ㅇ 제3호 의안 : 이사 선임의 건 (총 3명 선임, 사내이사 2명, 사외이사 1명) - 제3-1호 의안 : 사내이사 이선주 - 제3-2호 의안 : 사내이",https://kind.krx.co.kr/external/2026/03/11/001515/20260311003671/00591.htm,True,2026H1reg,20260311004054
APS,,코스닥,20260311,20260311001468,주주총회소집공고,True,True,True,True,12,반도체;방산;우주항공;2차전지·배터리;신재생·에너지·전력;조선·해양,"디스플레이 관련 장비, 정밀부품 및 소재 제조, 판매, 세정, 보수업 | 반도체 관련 장비, 정밀부품 및 소재 제조, 판매, 세정, 보수업 | 이차 전지 관련 장비, 정밀부품 및 소재 제조, 판매, 세정, 보수업 | LED 전광판, 조명, 관련 장비 및 정밀부품 제조, 판매, 세정 및 보수업 | 태양전지 관련 장비, 정밀부품 및 소재 제조, 판매, 세정, 보수업 | 항공우주산업 관련 장비, 정밀부품 및 소재 제조, 판매, 세정 보수업 | 자동차, 조선, 방위산업 관련 장비, 정밀부품 및 소재 제조, 판매, 세정, 보수업 | 용사, 코팅 정밀부품 제조 및 관련 서비스업 | 통신 및 품질검사 관련 장비, 제반 치공구류 제조 및 유통업 | 화학물질, 박막강화유리 제조 및 유통업 | 수소 등 청정에너지 관련 장비 및 부품 제조, 판매업 | 수전해 설비, 수소연료전지 관련 장비 및 부품 제조, 판매업",㈜제니스월드 흡수합병에 따른 사업 목적 추가," 감사보고 ②  내부회계관리제도 운영실태 보고 ③ 영업보고 (2) 부의안건 제1호 의안 : 정관 변경의 건(사업목적 추가, 이사 충실의무 확대 등) 제2호 의안 : 제30기 재무제표(연결, 별도) 승인의 건 제3호 의안 : 이사 선임의 건 제3-1호 의안 : 사내이사 정기로 선임의 건(재임) 제3-2호 의안 : 사외이사 강성원 ",https://kind.krx.co.kr/external/2026/03/11/001468/20260311003547/00591.htm,True,2026H1reg,20260311004023
원익피앤이,,코스닥,20260311,20260311001467,주주총회소집공고,True,True,True,True,6,2차전지·배터리;신재생·에너지·전력;모빌리티·전기차·자율주행,배터리 시스템 제조 및 판매업 | 전기차충전서비스 사업 | 전기자동차충전업 | 전기판매업 | 계량기 제조업 | 계량기 수리업,종속회사와의 합병완료에 따른 신설 및 자구수정,의 건 찬성 11 2025.10.29 의안 : 소규모합병 승인의 건 찬성 12 2025.10.29 의안 : 신규사업 시설투자 진행의 건 의안 : 단기차입금 증가 결정의 건 찬성 13 2025.12.08 의안 : 합병 종료보고 및 공고 승인의 건 찬성 14 2025.12.08 의안 : 지점 설치의 건(동탄 1사업장) 찬성 나. 이,https://kind.krx.co.kr/external/2026/03/11/001467/20260311003546/00591.htm,True,2026H1reg,20260311004022
TPC로보틱스,,코스닥,20260311,20260311001409,주주총회소집공고,True,True,True,True,3,로봇;엔터·콘텐츠·게임;교육,"로봇, 로봇 부품 제조 및 판매 | 로봇자동화 기계, 설비 제조 및 판매 | 로봇 관련 교육, 컨텐츠 서비스 사업",사업다각화에 따른 목적사업 추가," 화두가 되고 있는 Samart Factory에 최적으로 적용할 수 있는 새로운 로봇 솔루션입니다. (4) 신규사업 등의 내용 및 전망 [바이오-메카트로닉스 사업] 바이오-메카트로닉스 사업이란 생명공학(Biotechnology)와 기계 및 전자공학(Mechanics, Electronics)이 합쳐진 개념으로서 바이오 기술에 메카",https://kind.krx.co.kr/external/2026/03/11/001409/20260311003431/00591.htm,True,2026H1reg,20260311003987
LIG아큐버,,코스닥,20260311,20260311001334,주주총회소집공고,True,True,True,True,2,투자·금융,"신기술사업투자조합의 업무집행조합원으로서의 업무 | 벤처기업 및 스타트업의 발굴, 투자, 운영 및 육성 사업 등 벤처생태계 조성 및 활성화를 위한 제반 사업",신사업투자를 고려한 목적사업 추가,"성이 심화되며 어려운 경영 환경이 지속되었습니다. 이러한 환경 속에서도 당사는 미래 성장 동력 확보를 위해 사업 다각화 관련 투자를 지속하여 2025년 매출 1,861억 원을 기록하였습니다. 2025년 국내 통신시장은 5G 네트워크 고도화와 AI 연동 네트워크 등 미래 기술 개발이 지속되었으나, 네트워크 장비 투자 확대는 기대에 다",https://kind.krx.co.kr/external/2026/03/11/001334/20260311003268/00591.htm,True,2026H1reg,20260311003952
사조산업,,유가증권,20260311,20260311001302,주주총회소집공고,False,True,True,True,4,,금속포장용기 제조 및 판매업 | 수목원 조성 및 운영업 | 산림경영 및 산림자원 개발업 | 양봉업,사업 내재화 및 다각화를 위한 사업목적 추가,,https://kind.krx.co.kr/external/2026/03/11/001302/20260311003212/00591.htm,True,2026H1reg,20260311003932
종근당,,유가증권,20260311,20260311001286,주주총회소집공고,True,True,True,True,1,바이오·헬스케어;식품·농업·외식,"의약품, 의약외품, 건강기능식품 및 화학물질 등의 시험·검사·분석 수탁업",시험수탁 사업 진행에 부합하는 정관상의 사업 목적 추가,"계산서(안) 포함) 승인의 건 제2호 의안 : 정관 일부 변경의 건 - 제2-1호 의안 : 제2조(목적), 사업목적 추가 - 제2-2호 의안 : 제28조(이사 및 감사의 임기), 이사의 임기 변경 제3호 의안 : 이사 선임의 건(사내이사 2명) - 제3-1호 의안 : 사내이사 후보 이규웅(임기 2년) - 제3-2호 의안 : 사내",https://kind.krx.co.kr/external/2026/03/11/001286/20260311003182/00591.htm,True,2026H1reg,20260311003926
퀀텀레일,,코스닥,20260311,20260311001107,주주총회소집공고,True,True,True,True,12,AI(인공지능);클라우드·SW·빅데이터;방산;양자;교육,"양자 컴퓨팅 클라우드 서비스 플랫폼 구축 및 운영업(QaaS, Quantum as a Service) | 양자 컴퓨팅용 운영체제(OS) 및 소프트웨어 개발도구(SDK) 개발 및 공급업 | 범용 양자 컴퓨터 및 특정 목적형(ASIC) 양자 프로세서 소프트웨어 개발업 | 양자 암호 키 분배(QKD) 시스템 및 장비 개발, 제조 및 판매업 | 양자 난수 생성기(QRNG) 칩셋 및 하드웨어 개발 및 솔루션 공급업 | 양자 내성 암호(PQC) 알고리즘 및 보안 솔루션 개발업 | 양자 보안 통신망(Quantum Network) 구축, 운영 및 유지보수업 | 국방, 금융, 행정용 초보안 양자 통신 서비스업 | 인공지능(AI)과 양자 컴퓨팅을 결합한 하이브리드 데이터 처리 및 분석업 | 양자 기술 관련 지식재산권(IP)의 라이선스업 및 기술 컨설팅업 | 양자 컴퓨팅 교육 서비스 및 전문 인력 양성 사업 | 실시간 물리 시스템 제어를 위한 피지컬 인공지능(Physical AI) 알고리즘 및 솔루션 개발업",미영위 사업목적 삭제 36~49항 번호 정비 / 신규사업목적추가,는 전자카드결제솔루션 기술을 확보하고 있으며 이를 기반으로 핀테크 및 IoT 시장 환경에 맞추어 선택적으로 사업다각화를 추진하고자 준비하고 있습니다. 20년도 시행된 공인인증서 폐지로 인하여 이러한 부분에서 사업 기회가 다수 발생할 것으로 예상됨에 따라 기존의 IC 카드에서 확대된 통신분야와의 융합 또는 개인정보를 활용한 서비스 ,https://kind.krx.co.kr/external/2026/03/11/001107/20260311002818/00591.htm,True,2026H1reg,20260311003831
CMG제약,,코스닥,20260311,20260311001101,주주총회소집공고,True,True,True,True,1,바이오·헬스케어,"동물용 의약품, 의료기기 및 의료용품 개발, 제조 및 판매업",사업다각화를 위한 사업목적 추가 및 조문번호 변경,.12.31) 연결 및 별도 재무제표 승인의 건 - 제2호 의안 : 정관 일부 변경의 건 제2-1호 의안: 사업목적 변경의 건 제2-2호 의안: 발행예정주식총수 한도 확대의 건 제2-3호 의안: 상법개정사항 반영의 건 제2-4호 의안: 기타 조문 정비를 위한 변경의 건 제2-5호 의안: 부칙 추가의 건 - 제3호 의안 : 이사 ,https://kind.krx.co.kr/external/2026/03/11/001101/20260311002808/00591.htm,True,2026H1reg,20260311003826
HLB바이오스텝,,코스닥,20260311,20260311001096,주주총회소집공고,True,True,True,True,9,AI(인공지능);클라우드·SW·빅데이터;바이오·헬스케어;화장품·뷰티,"의료용구, 의료용재료 제조 및 판매 | 전자의료 기기 제조 및 판매업 | 세포 배양과 관련된 장비 및 증식 미디어, 분화 미디어 제조, 개발 및 서비스업 | 첨단바이오의약품의 연구, 개발, 제조, 판매업 | 세포가공 및 배양 제품의 제조, 판매, 유통, 수출입업 | 생명공학기술을 이용한 비임상평가 플랫폼의 연구, 개발, 제조, 판매, 유통, 수출입업 | 생명공학기술을 이용한 비임상평가 플랫폼 관련 용역사업, 수탁사업, 자문업 | 인공지능 솔루션 적용 기기 연구개발 및 공급업 | 인공지능, 빅데이터 기술을 활용한 제품, 서비스의 개발 및 공급업 51 52 화장품, 기능성화장품, 위생용품, 의료용구의 연구, 개발, 제조, 판매, 유통 및 수출입업 53 헬스케어 관련 상품의 개발, 제조, 서비스, 유통 및 수출입업",사업다각화 및 신규 사업 추진을 위한 목적 추가 조문번호 수정 (7. ~ 36. → 9. ~ 38.) 조문번호 수정 (37. ~ 41. → 44. ~ 48.) 조문번호 수정 (42. → 51.) 조문번호 수정 (43. ~ 44. → 54. ~ 55.),산서 포함) 및 연결재무제표 승인의 건 - 제2호 의안 : 정관 일부 변경의 건 제2-1호 의안 : 사업의 목적 추가의 건 제2-2호 의안 : 주식 액면가액 변경의 건 제2-3호 의안 : 자기주식 관련 규정 신설의 건 제2-4호 의안 : 이사 관련 정관 일부 변경의 건 - 제3호 의안 : 주식(액면)병합의 건 - 제4호 의안 : ,https://kind.krx.co.kr/external/2026/03/11/001096/20260311002792/00591.htm,True,2026H1reg,20260311003821
제이스로보틱스,,코스닥,20260311,20260311001067,주주총회소집공고,False,True,True,True,3,로봇,"스마트팩토리 솔루션 적용 장비 및 동 부분품의 제조, 판매, 서비스업 | 로보틱스 자동화 설비 및 시스템의 개발, 제조 및 판매업 | 자율이송로봇 및 물류 자동화 시스템의 개발, 공급 및 서비스업",[목적추가] 회사의 사업 영역 확대 및 중장기 경영전략 반영을 위한 사업목적 추가 및 조문 정비(번호 변경),,https://kind.krx.co.kr/external/2026/03/11/001067/20260311002728/00591.htm,True,2026H1reg,20260311003803
더즌,,코스닥,20260311,20260311001058,주주총회소집공고,False,True,True,True,7,클라우드·SW·빅데이터;디지털자산·블록체인·STO(스테이블코인);전자지급·결제(PG·선불),전자고지결제업 | 선불전자지급수단 발행 및 관리업 | 광고업 및 광고대행업 | 블록체인 기반 시스템 및 응용 소프트웨어 개발 및 공급업 | 블록체인 기반 암호화 자산 매매 및 중개업 | 블록체인 기반 소프트웨어 개발 및 관련 사업 | 블록체인 기술 관련 기타 서비스업,신규사업 추진을 위한 사업목적 추가,,https://kind.krx.co.kr/external/2026/03/11/001058/20260311002720/00591.htm,True,2026H1reg,20260311003797
케이엔제이,,코스닥,20260311,20260311001048,주주총회소집공고,True,True,True,True,5,신재생·에너지·전력;식품·농업·외식;탄소·환경,"시설작물 재배업 | 채소, 화훼 및 과실작물 시설 재배업 | 온실 및 부대시설 등 농업시설물의 설치 및 임대사업 | 신재생에너지 사업 | 탄소배출권의 거래 및 이에 수반되는 관련사업",사업목적추가,", 반도체뿐만 아니라 다양한 산업에서도 적용할 수 있는 SiC 코팅 기술을 활용하여, 신규 시장을 개척하고 사업 영역을 확대할 방침입니다. 이를 통해 장기적으로 안정적인 매출 구조를 구축하고, 시장 경쟁력을 극대화하는 전략을 지속적으로 추진할 예정입니다. 2. 주주총회 목적사항별 기재사항 □ 재무제표의 승인 가. 해당 사업연도의 ",https://kind.krx.co.kr/external/2026/03/11/001048/20260311002707/00591.htm,True,2026H1reg,20260311003794
라이콤,,코스닥,20260311,20260311001016,주주총회소집공고,True,True,True,True,1,,산업용 광섬유레이저 임대 및 온라인 판매업,목적사항 추가 및 항 삽입,"구분 주식회사 라이콤은 기존의 안정적인 통신 인프라 매출을 기반으로 방산·광센서· 산업용 고부가가치 신시장 사업 영역을 전략적으로 확정하고 있습니다. 전체 구성 인원 중 연구개발(R&D) 인력이 높은 비중을 차지하고 있으며, 글로벌 광통신 장비사 및핵심 방산업체에 제품을 공급할 만큼 독보적인 기술 역량을 보유하고 있습니다. 당사는",https://kind.krx.co.kr/external/2026/03/11/001016/20260311002614/00591.htm,True,2026H1reg,20260311003775
삼화네트웍스,,코스닥,20260311,20260311001000,주주총회소집공고,True,True,True,True,4,식품·농업·외식,"주차장업 및 주차장 운영업 | 카페 및 베이커리 운영업 | 휴게음식점 및 일반음식점업 | 식음료 제품(커피, 빵류, 각종 디저트류 등) 제조, 가공 및 판매업",사옥 내 부대수익 근거 확보 및 유휴공간 활용 대비를 위한 사업목적 추가,"25.12.31)재무제표 승인의 건 (이익잉여금처분계산서 포함) - 제2호 의안 : 정관 일부 변경의 건 (사업목적 추가, 주식 일주의 금액 변경(200원 -> 500원), 상법개정 반영, 기타 조      문 표현문구 정비 등) - 제3호 의안 : 주식 병합 승인의 건 - 제4호 의안 : 이사 보수한도 승인의 건 - 제5호 의",https://kind.krx.co.kr/external/2026/03/11/001000/20260311002575/00591.htm,True,2026H1reg,20260311003768
빅텐츠,,코스닥,20260311,20260311000979,주주총회소집공고,False,True,True,True,17,신재생·에너지·전력;부동산·임대·건설;화장품·뷰티,"LNG 및 가스 밸류체인 | 전기동·알루미늄·비철금속 트레이딩 | 저장·물류·터미널·인프라 연계 | 수소·암모니아·청정연료 프로젝트 | 에너지·자원 인프라 투자 및 운영 | 일반여행업 | 부동산 개발업 | 부동산 시행업 | 부동산 투자 컨설팅업 | 부동산 분양대행업 | 주택건설업 | 도소매업(소비재, 잡화 등) | 화장용품 기계제조, 판매업 | 화장품 관련 전시, 시설샵 설치 및 운영업 | 프랜차이즈업 | 기타 미용업 | 화장품 제조관련 작물의 재배, 수집, 가공 및 판매업",사업목적추가,,https://kind.krx.co.kr/external/2026/03/11/000979/20260311002523/00591.htm,True,2026H1reg,20260311003756
에넥스,,유가증권,20260311,20260311000959,주주총회소집공고,True,True,True,True,2,,제품디자인 | 인테리어디자인,-사업범위 확대에 따른 목적 추가," 유통망을 다각화하고 있으며 소비자와의 접점을 늘리기 위한 다양한 마케팅 전략을 시도하고 있습니다. (4) 신규사업 등의 내용 및 전망 당사는 다변화된 고객 니즈를 공략하기 위해 국내 주방 브랜드 최초로 도어 디자인, 컬러, 손잡이 등 주방의 각 요소를 선택할 수 있는 커스터마이징 주방가구 '키친팔레트'를 출시했습니다. 붙박이장",https://kind.krx.co.kr/external/2026/03/11/000959/20260311002481/00591.htm,True,2026H1reg,20260311003741
라온로보틱스,,코스닥,20260311,20260311000828,주주총회소집공고,True,True,True,True,7,로봇;반도체;바이오·헬스케어,"산업용 로봇 제조, 판매업 및 서비스업 | 지능형 로봇 제조, 판매업 및 서비스업 | 반도체 및 Glass 장비 제조, 판매업 및 서비스업 | 로봇 부품 제조, 판매업 및 서비스업 | 제약 바이오 로봇 및 자동화 제조, 판매업 및 서비스업 | 타회사의 주식 또는 지분을 취득 소유함으로써 그 회사 제반사업 내용의 지배· 경영지도 및 육성 | 기타 전기 각호에 관계된 사업 및 필요 또는 유익한 사업의 영위 및 투자",-사업 목적 추가 및 조문 정비,"두 반도체 수요가 늘어나는 효과를 낼 것으로 전망됩니다. 시장의 변화와 기회1 시장의 변화와 기회2 (4) 신규사업 등의 내용 및 전망 4차 산업 혁명에 의하여 모든 것이 연결되고 지능화되면서 반도체 수요는 꾸준히 지속적으로 성장하고 있으며, 규모가 크고 성장하는 시장에서의 기술 개발과 시장 경쟁은 치열합니다. 현재 개발된 반도",https://kind.krx.co.kr/external/2026/03/11/000828/20260311002207/00591.htm,True,2026H1reg,20260311003663
SG&G,,코스닥,20260311,20260311000795,주주총회소집공고,False,True,True,True,1,신재생·에너지·전력,태양광발전 사업,목적사항 추가,,https://kind.krx.co.kr/external/2026/03/11/000795/20260311002100/00591.htm,True,2026H1reg,20260311003645
큐라클,,코스닥,20260311,20260311000764,주주총회소집공고,True,True,True,True,13,클라우드·SW·빅데이터;바이오·헬스케어;화장품·뷰티;식품·농업·외식,"의학 및 약학 연구개발업 | 무형자산(지식·정보·기술·노하우 등)의 라이선스, 매매, 임대 및 관련 기술 용역 제공업 | 의약품, 의약외품 개발, 제조 및 판매업 | 원료의약품, 시약 및 의약중간체 연구, 개발, 제조 및 판매업 | 마약류 및 향정신성의약품의 개발, 제조 및 판매업 | 농축산약품, 화공약품, 동물의약품 및 동물용 의약외품 개발, 제조 및 판매업 | 의료기기, 동물용 의료기기, 의료용구, 진단기기, 미용기기, 의료장비 및 헬스용품의 개발, 제조 및 판매업 | 화학물질, 시약 및 정밀화학 원료 및 제품의 개발, 제조 및 판매업 | 화장품, 화장품 원료 및 신변잡화의 개발, 제조 및 판매업 | 건강기능식품, 건강기능식품 원료, 건강보조식품, 일반식품의 개발, 제조 및 판매업 | 생명공학, 의료 및 진단 관련 소프트웨어 개발, 판매 및 서비스업 | 화학물질, 의약품 및 진단기기의 시험, 검사, 분석, 진단 및 컨설팅 서비스업 | 신기술 및 신사업 관련 투자, 창업지원 및 경영자문 서비스업",신규사업 진출,"로 당사가 유일하고 신약개발의 특성상 글로벌 제약사가 단기간 내에 진입하기는 어려울 것으로 봅니다. (4) 신규사업 등의 내용 및 전망 2025년 3월 6일 (주)대성팜텍 소규모합병을 진행하기로 결정하였으며, 자세한 사항은 2025년 3월 6일 금융감독원 전자공시시스템을 통해 공시 한 ""주요사항보고서(회사합병결정)""을 참고해주시",https://kind.krx.co.kr/external/2026/03/11/000764/20260311002045/00591.htm,True,2026H1reg,20260311003631
HT로보틱스,,코스닥,20260311,20260311000690,주주총회소집공고,True,True,True,True,7,AI(인공지능);로봇;데이터센터;2차전지·배터리;신재생·에너지·전력,"지능형 로봇, 자동화 시스템 및 관련 부품의 개발, 제조, 판매, 수출입업 | 피지컬 AI 기술을 활용한 하드웨어의 개발, 공급 및 자문업 | 산업용, 서비스용, 협동 로봇 등 각종 로봇 및 자동화 설비의 시스템 통합(SI), 설치, 유지보수, 대여.리스업 | AI 데이터센터용 냉각.열관리 부품(히트싱크, 콜드플레이트, CDU구성부품, 액침 냉각용 하우징 등)의 개발, 제조, 판매 및 수출입업 | 데이터센터용 에너지저장장치(ESS), 무정전전원장치(UPS) 및 전력 인프라 관련 알루미늄 방열.차폐 부품과 전기.전자 하우징의 제조, 가공, 판매 및 수출입업 | AI 서버 랙, 섀시, 마운팅 브래컷 등 데이터센터 인프라용 금속 구조 부품의 개발, 제조 및 판매업 | AI 데이터센터 구축 관련 설비.부품의 공급, 기술 컨설팅 및 관련 용역 서비스업","피지컬 AI 산업의 성장과 AI 데이터센터 인프라의 급격한 확대를 새로운 사업 기회로 삼아, 당사의 핵심 역량인 고진공 알루미늄 다이캐스팅 기술을 로봇 하드웨어 부품 및 데이터센터 냉각.전력 구조 부품 영역에 적극 접목 하고자 합니다. 이를 위해 관련 사업 목적을 정관"," 고객사들과의 긴밀한 협업을 통해 국내 시장뿐만 아니라 수출용 차량 시장에도 폭넓게 부품을 공급하고 있어, 사업 영역이 매우 광범위하게 형성되어 있습니다. 또한 당사에서 생산하는 부품군은 전기차 부품, 친환경 부품, 내연기관 부품 등으로 크게 분류할 수 있으나, 각 범주 내부의 세부 부품 종류가 매우 다양하고 복잡합니다. 더불어 ",https://kind.krx.co.kr/external/2026/03/11/000690/20260311001867/00591.htm,True,2026H1reg,20260311003592
디티앤씨,,코스닥,20260311,20260311000674,주주총회소집공고,True,True,True,True,4,AI(인공지능);로봇;바이오·헬스케어,"일반진단 검체분석 용역 | 로봇 시험검사 및 인증과 관련사업 | AI 인증 시험 관련사업 | 정보보안 및 사이버보안 관련 제품의 시험, 평가, 인증 및 컨설팅 관련사업",사업영역 확대 및 미영위 목적사업 일부삭제,"특화된 서비스 비중을 확대하여 독보적 서비스 제공 - 대기업 군과의 연대 및 동반 성장력 강화 - 선급 등 신규 사업 분야의 지속적 투자로 원스탑 서비스에 이은 풀 솔루션 제공의 시험인증 기업 추진 - 의료인증 서비스 확대 (전기 및 비 전기 분야) 의료기기 분야 범위 확대 생산 품질, 임상실험, 사용 편의성 요구 검증 확대 - ",https://kind.krx.co.kr/external/2026/03/11/000674/20260311001836/00591.htm,True,2026H1reg,20260311003582
대성에너지,,유가증권,20260311,20260311000658,주주총회소집공고,True,True,True,True,1,,주차장 운영업,신규 사업 추가 신규 사업 추가에 따른 수정," 지역을 기준으로 조정하였으며, 도시가스업계에서는 에너지공급의 효율화 및 국민연료로서의 안정적 공급을 위해 사업다각화를 통해 집단에너지 사업에 진출하고 있습니다. (5) 경기변동의 특성 - 일반가정경제와 밀접한 관계에 있어 가계소득의 증가와 동절기 기온이 예년 평균보다 낮을 경우의 판매량은 정비례 관계에 있다고 볼수 있으며, 난방",https://kind.krx.co.kr/external/2026/03/11/000658/20260311001794/00591.htm,True,2026H1reg,20260311003570
원림,,유가증권,20260311,20260311000657,주주총회소집공고,True,True,True,True,1,신재생·에너지·전력,태양력발전업,당사 공장 내 태양광 발전시설을 통한 전기 생산 및 판매,"칼,한화토탈, LG화학 등)에 100% 의존하고 있어 가격변동이 가장 큰 변수로 작용하고 있습니다. (4) 신규사업 등의 내용 및 전망 - 해당사항 없음. (5) 조직도 화성사업 조직도 ○ 임대사업부문 (1) 영업개황 현재 연면적 5,627.98㎡의 오피스빌딩과 양산, 충주, 김제, 대구 내 소재한 공장에 대하여 임대사업을 수행",https://kind.krx.co.kr/external/2026/03/11/000657/20260311001792/00591.htm,True,2026H1reg,20260311003568
흥국,,코스닥,20260311,20260311000650,주주총회소집공고,True,True,True,True,3,신재생·에너지·전력,"태양광 발전사업 | 이사는 법령과 정관의 규정에 따라 회사 및 주주를 위하여 그 직무를 충실하게 수행하여야 한다 | 이사는 그 직무를 수행함에 있어 주주의 이익을 보호해야 하고, 전체 주주의 이익을 공평하게 대우하여야 한다. 제36조의2 (이사의 책임감경) 상법 제399조에 따른 이사의 책임은 이사가 그 행위를 한 날 이전 최근 1년간의 보수액(상여금과 주식매수선택권의 행사로 인한 이익등을 포함한다.)의 6배(독립이사는 3배)를 초과하는 금액에 대하여 면제한다. 다만 이",신규 사업목적 추가 상법 제542조의8 개정사항 반영 상법 제368조의3 개정사항 반영 상법 제542조의8 개정사항 반영 사외이사를 독립이사로 변경하는 조항의 적용시기 및 독립이사 구성요건 강화에 대한 상법 경과 규정 반영,"`y), 링크(Link Ass`y) 등 건설기계부품을 가공, 조립하고 자동차부품을 정밀가공하기 시작하는 등 사업 다각화로 성장기를 맞게 되었습니다. 주요 매출처인 볼보그룹과 HD건설기계가 중국현지 생산법인을 설립함에 따라 2005년 중국에 종속기업인 ""흥국과기(무석)유한공사""를 설립하였으며, 2011년 말에는 아산신공장을 충남 아산",https://kind.krx.co.kr/external/2026/03/11/000650/20260311001773/00591.htm,True,2026H1reg,20260311003561
아난티,,코스닥,20260311,20260311000571,주주총회소집공고,True,True,True,True,3,,"(60) 예식장업 및 웨딩행사 대행업 | 이 규정은 ㈜아난티 및 관계사(이사 “회사”라 한다) 임원의 보수 | 산정 기준과 지급 절차를 명확히 규정함으로써, 보수 운영의 투명성·공정성·책임성을 확보하고 주주권익을 제고하는데 그 목적이 있다","보수 운영 기준 및 절차를 명확히 하고, 지배구조 관점의 운영 목적을 반영함 / 사업목적 체계 정비 및 세분화", 별도) 재무제표 및 이익잉여금처분(안)승인의 건 제2호 의안 : 정관 일부 변경의 건 제2-1호 의안 : 사업목적 추가 제2-2호 의안 : 그 외 정관 변경의 건 제3호 의안 : 이사 선임의 건 제3-1호 의안 : 사외이사 한형민 선임의 건 제 4호 의안 : 임원 보수 및 퇴직금 지급 규정 변경의 건 제 5호 의안 : 이사 보,https://kind.krx.co.kr/external/2026/03/11/000571/20260311001592/00591.htm,True,2026H1reg,20260311003510
대동금속,,코스닥,20260311,20260311000502,주주총회소집공고,True,True,True,True,25,로봇;방산;우주항공;바이오·헬스케어;2차전지·배터리;신재생·에너지·전력;모빌리티·전기차·자율주행;부동산·임대·건설;식품·농업·외식;탄소·환경,"철강, 비철금속 및 경금속(알루미늄, 마그네슘, 티타늄 등)과 각종 합금소재의 제조, 가공, 주조, 단조, 압연, 압출, 연신 및 판매 | 금속 소재의 열처리, 표면처리, 코팅, 후처리 및 정밀가공업 | 알루미늄 잉곳, 빌렛 등 금속 기초소재의 제조 및 판매 | 금속소재 기반 구조부품, 기능부품 및 산업부품의 제조 및 판매 | 이종금속 접합 및 복합소재 금속부품의 제조 및 판매 | 주문자상표부착생산, 제조자개발생산, 공동개발 및 위탁생산 사업 | 농업기계, 건설기계, 산업기계용 금속 및 주물부품의 제조 및 판매 | 자동차, 전기자동차, 자율주행, 철도, 항공우주용 금속소재 및 부품의 제조 및 판매 | 방산·군납·우주·항공용 고신뢰성 금속소재 및 부품의 제조 및 판매 | 로봇, 스마트팩토리 및 자동화 설비용 금속부품의 제조 및 판매 | 의료기기 및 그 부품의 제조 및 판매 | 신재생에너지 설비용 금속부품 및 구조물의 제조 및 판매 | 수소, 연료전지, 배터리 등 에너지 관련 금속부품 및 소재의 제조 및 판매 | 탄소저감 및 친환경 공정 관련 금속소재, 설비의 제작 및 판매 | 금속소재 및 공정기술에 대한 연구개발, 시험, 분석 | 신소재, 신공정, 공정자동화 및 디지털 제조기술의 개발 및 사업화 | 기술개발, 기술도입, 기술이전 및 첨단소재 기반 사업화 | 지식재산권(특허, 실용신안, 상표 등)의 취득, 관리 및 라이선싱 | 금속소재 및 산업부품의 유통, 무역, 수출입업 | 전자상거래 및 인터넷 기반 사업 | 산업설비 유지보수, 기술지원 및 컨설팅 서비스업 | 제품 보관 및 창고업 | 신사업 발굴, 투자, 인수합병(M&A), 합작투자 | 국내외 법인 및 지점 설립, 지분 투자 | 시설·기계 등과 이에 관련된 부동산 및 재산권의 대여 및 투자",상법 개정사항 반영과 사업목적 확대를 통한 경영환경 변화 대응을 위하여 정관을 개정하고자 함," 생산함으로 인하여 농기계산업 및 자동차산업(상용차)의 경기에 따라 매출에 커다란 영향을 받습니다. (4) 신규사업 등의 내용 및 전망 - 해당사항 없음 (5) 조직도 조직도_20260311 2. 주주총회 목적사항별 기재사항 □ 재무제표의 승인 가. 해당 사업연도의 영업상황의 개요 - ""Ⅲ. 경영참고 사항"" 中  ""1. 사업의 ",https://kind.krx.co.kr/external/2026/03/11/000502/20260311001479/00591.htm,True,2026H1reg,20260311003473
새빗켐,,코스닥,20260311,20260311000457,주주총회소집공고,True,True,True,True,1,,상품종합 증개업,법인등기부등본과 정관의 순서 불일치 조정(추가없음),"초산 등을 질산나트륨 등으로 가공할 수 있는 반응기를 설치하여 질산나트륨 제품을 생산하고 있습니다. (4) 신규사업 등의 내용 및 전망 당사는 폐산 재활용, 폐배터리 재활용 사업 경험을 바탕으로 태양광 폐패널 재활용 사업에 진출하기 위해 태양전지판 관련 업체와 MOU를 체결하는 등 신규사업에 대한 지속적인 노력과 함께 다음과 같",https://kind.krx.co.kr/external/2026/03/11/000457/20260311001363/00591.htm,True,2026H1reg,20260311003449
디에스엠,,코스닥,20260311,20260311000397,주주총회소집공고,True,True,True,True,2,AI(인공지능);모빌리티·전기차·자율주행,AI기반 지능형 모빌리티 개발 및 제 조업 | 수퍼커패시티 개발 및 제조업,<신설> <신설> <조항변경> <조항변경>,"광과 풍력이 향후 신규 설비 증설을 주도할 전망이며, 건물일체형 태양광(BIPV), ESS 연계형 모델 등 신사업 확대로 산업 구조는 고도화되고 있어 중장기적 성장 기회가 존재합니다. 다만 태양열과 심야전기 보일러 등 일부 전통 부문은 보조금 축소와 저가 경쟁 등의 영향으로 성장 여건이 제한적이므로 정책변화에 따른 리스크 관리",https://kind.krx.co.kr/external/2026/03/11/000397/20260311001211/00591.htm,True,2026H1reg,20260311003419
풍국주정,,코스닥,20260311,20260311000374,주주총회소집공고,False,True,True,True,1,,기타 기초유기화학물질 제조 및 판매와 관련된 부대사업 일체,<목적 사항 추가> 사업목적의 다각화,,https://kind.krx.co.kr/external/2026/03/11/000374/20260311001114/00591.htm,True,2026H1reg,20260311003403
삼아제약,,코스닥,20260311,20260311000363,주주총회소집공고,True,True,True,True,2,바이오·헬스케어;화장품·뷰티,"원료의약품 제조업 및 판매업 | 위생용품, 동물약품, 화장품, 의료기기 제조업 및 판매업 :",사업목적 추가,", 정형외과(소염진통제), 내과 및 피부과 약물 등을 출시함으로써 지속적인 성장을 꾀하고 있습니다. (4) 신규사업 등의 내용 및 전망 사업명 추진현황 향후 계획 태양광발전사업 추진내역 없음 시장환경 및 사업성 등을 종합적으로 고려하여 검토 예정 (5) 조직도 삼아제약 조직도 2. 주주총회 목적사항별 기재사항 □ 재무제표의 승인",https://kind.krx.co.kr/external/2026/03/11/000363/20260311001069/00591.htm,True,2026H1reg,20260311003393
에코프로,,코스닥,20260311,20260311000348,[정정]주주총회소집공고,True,True,True,True,4,바이오·헬스케어;2차전지·배터리;신재생·에너지·전력;부동산·임대·건설,"시설(공장, 창고, 발전소, IT인프라 등)의 운영 및 유지 관리업 (중략) | 엔지니어링 용역 및 건설업(토목/건축/전기공사 관련 설계,시공,감리) | 에너지 관리,진단,개선 관련 용역업 | 신재생 에너지 사업(태양광발전/에너지저장장치/전력공급/충전시설 제조,조립,설치) 및 판매업",중장기 사업전략 관련 사업목적 추가,사항 2. 주주총회 목적사항별 기재사항 □ 정관의 변경 나. 그 외의 정관변경에 관한 건 □ 제2-2호 : 사업목적 추가의 건 추가할 사업목적 변경 주1) 주2) 주1) 정정 전 나. 그 외의 정관변경에 관한 건 □ 제2-2호 : 사업목적 추가의 건 변경전 내용 변경후 내용 변경의 목적 제2조 (목적) 회사는 다음 사업을 경영함,https://kind.krx.co.kr/external/2026/03/11/000348/20260311001036/00591.htm,True,2026H1reg,20260311003383
유니드비티플러스,,유가증권,20260311,20260311000342,주주총회소집공고,True,True,True,True,4,부동산·임대·건설,"실내건축 공사업 | 이 회사의 이사는 3명 이상 11명 이내로 하고 독립이사의 수는 3분의1 이상 으로 한다 | 독립이사 의 사임ㆍ사망 등의 사유로 인하여 독립이사 의 수가 제1항에서 정한 이사회 구성요건에 미달하게 되면 그 사유가 발생한 후 처음으로 소집되는 주주총회에서 그 요건에 합치되도록 독립이사 를 선임하여야 한다. 제33조의 4(이사, 감사의 회사에 대한 책임 감경) | 이 회사는 주주총회 결의로 이사 또는 감사의 상법 제399조에 따른 책임을 그 행위를 한 날 이전 최근 1년 간의 보수액(상여금과 주식매수선택권의 행사로 인한 이익등을 포함한다)의 6배 (독립이사 의 경우는 3배)를 초과하는 금액에 대하여 면제할 수 있다.",목적사업 추가 상법개정 및 표준정관 준용 상법개정 및 표준정관 준용 개정에 따른 시행일 변경 상법개정 시행일 기준,당사는 친환경 MDF 제품인  Super E0 등급을 생산하여 일본으로 꾸준하게 수출하고 있습니다. (4) 신규사업 등의 내용 및 전망 가. 바닥재 국내 바닥재 시장은 친환경 제품 선호 및 고급 인테리어 수요가 증가하면서 목질 바닥재의 성장이 예상되고 있습니다. 당사는 MDF소재 산업에서의 기술력과 전문성을 바탕으로 바닥재에 적,https://kind.krx.co.kr/external/2026/03/11/000342/20260311001022/00591.htm,True,2026H1reg,20260311003380
와이투솔루션,,유가증권,20260311,20260311000302,주주총회소집공고,True,True,True,True,5,AI(인공지능);로봇;클라우드·SW·빅데이터,"인공지능(AI), 피지컬 AI, 로봇 비전 및 제어 시스템 관련 연구 개발 및 용역업 | 산업용 로봇, 협동 로봇, 자율이동로봇(AMR) 및 자동화 설비의 개발, 제조, 판매 및 유지보수업 | 로봇 및 자동화 설비 관련 기술 용역, 컨설팅, 투자, 지분 인수 및 해외 협력 사업 | 산업 자동화 시스템 및 로봇 운영 소프트웨어 개발, 제조 및 판매업 | 쓰리디(3D) 프린터 및 적층제조 장비의 제조, 수입, 판매, 임대 및 유지보수업",사업다각화를 위한 사업목적 추가 관련 조항 정비,결손금처리계산서 포함) 및 연결재무제표 승인의 건 제2호 의안 : 정관 일부 변경의 건 제2-1호 의안 : 사업목적 추가의 건 제2-2호 의안 : 주주총회 소집지 변경의 건 제2-3호 의안 : 사외이사 명칭 및 비율 변경의 건 제3호 의안 : 이사선임의 건 제3-1호 의안 : 사외이사 배일 선임의 건 제4호 의안 : 이사보수한도,https://kind.krx.co.kr/external/2026/03/11/000302/20260311000911/00591.htm,True,2026H1reg,20260311003351
KG모빌리티플랫폼,,유가증권,20260311,20260311000210,주주총회소집공고,True,True,True,True,4,클라우드·SW·빅데이터,"플랫폼 및 정보매개 서비스업 | 온라인 정보제공 및 매개업(개인간 자동차거래) | 온라인 광고, 광고매체 운영 및 상품, 기획판매업 | 자동차 거래 관련 정보제공 및 안내서비스업",사업영역 확장을 위한 사업목적 추가,"화되었고, 현재까지 뚜렷한 독과점 사업자가 부재한 상황입니다. 이런 이유로 중고차 매매업은 겉으로 보기에는 신규 사업자의 진입이 자유롭고, 시장 지배자가 없는 완전 경쟁 시장의 모습을 보이고 있습니다. 그러나 대기업 진출에 대한 매매업계의 반발이 존재해 왔으며, 실제로 동반성장위원회는 중고차 판매업을 '중소기업 적합업종'으로 지정",https://kind.krx.co.kr/external/2026/03/11/000210/20260311000638/00591.htm,True,2026H1reg,20260311003283
바이오에프디엔씨,,코스닥,20260311,20260311000191,주주총회소집공고,True,True,True,True,1,,"기업의 사업전략, 품질관리, 시장조사 및 마케팅 전략 수립 등에 관한 컨설팅 및 용역업",- 사업영역 확대,"서 EGF를 생산하며, 국내 식물세포 유래 성장인자의 경우 당사에서 생산 기술을 보유하고 있습니다. (4) 신규사업 등의 내용 및 전망 당사는 식물세포 플랫폼 기술(식물세포 설계기술 및 배양기술)을 기반으로, 식물세포유래 유효물질(성장인자, 펩타이드, 캘러스 등) 및 약리물질(바이오의약품) 연구개발 및 생산을 주사업으로 영위하고",https://kind.krx.co.kr/external/2026/03/11/000191/20260311000600/00591.htm,True,2026H1reg,20260311003265
동아지질,,유가증권,20260311,20260311000180,주주총회소집공고,False,True,True,True,2,조선·해양;부동산·임대·건설,주택건설업 | 선박대여업,향후 사업확장을 위한 목적사업추가,,https://kind.krx.co.kr/external/2026/03/11/000180/20260311000569/00591.htm,True,2026H1reg,20260311003254
더테크놀로지,,코스닥,20260311,20260311000140,[정정]주주총회소집공고,False,True,True,True,1,,각종상품의 매매,미영위사업 및 중복 사업 목적 삭제,,https://kind.krx.co.kr/external/2026/03/11/000140/20260311000405/00591.htm,True,2026H1reg,20260311003204
파이버프로,,코스닥,20260311,20260311000132,주주총회소집공고,True,True,True,True,2,신재생·에너지·전력;부동산·임대·건설,태양광 발전업 및 전기 판매업 | 부동산 임대업,2026년 1월 신규 취득한 부동산의 예비적 활용을 위해 부수적으로 목적 추가," (*현금배당 예정내용 : 보통주 1주당 86원) 제2호 의안 : 정관 일부 변경의 건 제2-1호 의안 : 사업목적 추가의 건(제2조) 제2-2호 의안 : 상법 개정내용 및 코스닥상장법인 표준정관을 반영한 조문 정비의 건(제30조, 제33조, 제38조, 제39조의2, 제50조) 제2-3호 의안 : 부칙 변경의 건(부칙 제1조, ",https://kind.krx.co.kr/external/2026/03/11/000132/20260311000382/00591.htm,True,2026H1reg,20260311003198
원익큐브,,코스닥,20260310,20260310001930,주주총회소집공고,True,True,True,True,6,,"컴퓨터 및 주변기기 도소매업 | 컴퓨터 및 주변기기 유지보수, 서비스업 | 컴퓨터 및 주변기기 소모품 개발, 판매업 | 컴퓨터 및 주변기기 수출입업 | 컴퓨터 및 주변기기 임대업 | 주류수출입업",- 사업목적 변경 및 신규 추가,"장비의 판매를 확대하여 전년동기 대비 매출액은 19.8% 증가하였으며, 영업이익은 흑자로 전환하였습니다. [신사업 부문] 종이상자접이기 사업은 고가형 장비 시장의 수요 한계 및 저가형 장비 시장의 가격 경쟁의 심화로  사업의 성장이 저조한 상태입니다. [전자소재 부문] 전자소재 부문은 자회사인 (주)나노이닉스에서 판매중인 LC",https://kind.krx.co.kr/external/2026/03/10/001930/20260310004306/00591.htm,True,2026H1reg,20260310003086
신풍제약,,유가증권,20260310,20260310001857,주주총회소집공고,True,True,True,True,1,바이오·헬스케어,"동물의약품 및 동물의료기기연구,제조 및 판매업 (2026.03.30 신설)",신규사업 진행위한 사업목적추가,제                              표 승인의 건 제2호 의안 : 정관 일부 변경의 건(신규사업추가 및 상법개정안 반영) 제3호 의안 : 이사 선임의 건 -제3-1호 의안 : 사내이사 유제만 선임의 건 -제3-2호 의안 : 사내이사 성주영 선임의 건 제4호 의안 : 감사위원회위원이 되는 사외이사 오영석 선임의,https://kind.krx.co.kr/external/2026/03/10/001857/20260310004120/00591.htm,True,2026H1reg,20260310003040
국전,,코스닥,20260310,20260310001815,주주총회소집공고,True,True,True,True,1,,"정밀화학 소재 제조, 판매업",반도체등 정밀화학 소재 분야로의 사업목적 확장,8기 재무제표(별도 및 연결) 승인의 건 제2호 의안 : 정관 일부 변경의 건 제2-1호 의안 : 상호 및 사업목적 변경 제2-2호 의안 : 전자주주총회 개최 근거 신설 제2-3호 의안 : 이사 및 감사 보수한도 명시 제2-4호 의안 : 독립이사 명칭 변경 및 시행일 제3호 의안 : 이사 선임의 건 제3-1호 의안: 사내이사 홍,https://kind.krx.co.kr/external/2026/03/10/001815/20260310004016/00591.htm,True,2026H1reg,20260310003018
알에프텍,,코스닥,20260310,20260310001643,주주총회소집공고,True,True,True,True,8,우주항공,"군, 관납업 | 발사체, 항공기, 우주비행체와 관련 전기, 전자, 화약 엔진, 기계류 및 소재류(복합재료, 유ㆍ무기재료, 금소제품 등)의 제조, 가공, 조립, 재생, 개조, 정비, 개량 및 판매업 | 전자 및 전기계측기기의 제조, 교정, 검사 및 판매업 | 전기공사업 | 정보통신공사업 | 자동 제어장치, 자동 자료처리기계 및 동 부분품 제조, 개발, 판매, 설치, 임대, 서비스업 | 특수목적용기계 및 동 부분품 제조, 판매, 임대, 서비스업 | 특수제품의 제조판매업 - 일부 사업목적 순연처리","제2-2호 : 개정상법(표준정관)반영 및 기추진사항(사업목적, 배당조문정비, 자금조달방안 유연화 등) 변경(안)","(액면)병합에 따른 액면가액 변경(안) 승인의 건 제2-2호 의안 : 개정상법(표준정관)반영 및 기추진사항(사업목적, 배당조 문정비, 자금조달 방안 유연화 등) 변경(안) 승인의 건 제3호 의안 : 이사 선임의 건 제3-1호 의안 : 사내이사 조경숙 선임의 건 제3-2호 의안 : 사내이사 김두인 선임의 건 제3-3호 의안 : 사",https://kind.krx.co.kr/external/2026/03/10/001643/20260310003635/00591.htm,True,2026H1reg,20260310002939
SM C&C,,코스닥,20260310,20260310001569,주주총회소집공고,False,True,True,True,2,엔터·콘텐츠·게임,"공연 기획 및 제작, 투자 및 판매업 | 공연시설 운영 및 문화센터 운영업",가수 매니지먼트 사업 확장에 따른 공연사업 추가 및 항목 번호 수정,,https://kind.krx.co.kr/external/2026/03/10/001569/20260310003472/00591.htm,True,2026H1reg,20260310002905
월덱스,,코스닥,20260310,20260310001567,주주총회소집공고,True,True,True,True,2,반도체,반도체 생산에 필요한 석영(QUARTZ)제품 제조 및 판매 | 기타 석영제품의 제조 및 판매,사업목적추가 (구체화),"응을 통하여 경쟁상황 속에 지속가능한 성장하는 기업으로 발돋움 할수 있도록 적극 활동하고 있습니다. (4) 신규사업 등의 내용 및 전망 반도체 핵심 소재 기업으로 Si(실리콘), 쿼츠(Quartz), 세라믹 Parts 제품 라인업을 강화하고자 연구개발을 진행하고 있습니다. 그밖에 알루미나(AI203)와 실리콘카바이드(SiC)를 ",https://kind.krx.co.kr/external/2026/03/10/001567/20260310003470/00591.htm,True,2026H1reg,20260310002904
나이스디앤비,,코스닥,20260310,20260310001514,주주총회소집공고,True,True,True,True,4,클라우드·SW·빅데이터;투자·금융,"금융상품에 대한 광고, 홍보 및 컨설팅 업무 | 기업 및 법인 또는 그 상품 홍보 , 광고 업무 | 공개정보 중 신용정보가 아닌 정보를 제공하거나 이 정보를 기초로 하는 데이터 분석 및 컨설팅 업무 | 데이터 판매 및 중개 업무",신규 추진사업 사업목적 추가,"베이스(DB)는 장기간 축적 되어 온 결과물이며, 사업의 핵심 경쟁력 입니다. 이러한 데이터베으스(DB)를 신규사업자가 단기간에 구축하기는 어렵습니다. 특히, 단시간 내에 보유 기업정보의 코드체계를 마련하고 정보 입수원을 지속 업데이트 하는 것은 불가능합니다. 따라서, 기업신용정보업을 영위하기 위해서는 장기적인 플랜을 마련하고 ",https://kind.krx.co.kr/external/2026/03/10/001514/20260310003372/00591.htm,True,2026H1reg,20260310002884
토탈소프트,,코스닥,20260310,20260310001505,주주총회소집공고,True,True,True,True,1,,제1항의 대리인은 주주총회 개시 전에 그 대리권을 증명하는 서면 또는 전자문서를 제출하여야 한다,대리권 증명을 서면 또는 전자문서로 가능하게 하는 상법 제368조의 개정사항을 반영함,"터미널 운영사(Global Terminal Operator, GTO)와의 협력을 기반으로 전 세계 시장으로 사업 영역을 확장하고 있으며, 당사의 경우 일본, 중국, 대만을 비롯한 아시아 시장에서 축적한 레퍼런스와 운영 경험을 기반으로미국, 유럽, 아프리카, 중동 등으로 점진적으로 영업 범위를 확대해 나가고 있습니다. 최근 항만 운",https://kind.krx.co.kr/external/2026/03/10/001505/20260310003352/00591.htm,True,2026H1reg,20260310002878
서린바이오,,코스닥,20260310,20260310001468,주주총회소집공고,True,True,True,True,1,,전자전기 기계기구 제조 및 판매업,- 기존 제조 영역의 포괄적 확장 및 다변화, 운영환경을 구축할 수 있도록 지원하고 있습니다. 이는 연구 및 생산 현장의 운영 안정성과 연속성을 높이는 사업 영역입니다. (4) 신규사업 등의 내용 및 전망 AI 기반 맞춤형 바이오 분석서비스 사업은 제약·바이오 기업 및 연구기관을 대상으로 생물학적 데이터를 분석하여 신약 개발 초기 연구를 지원하는 연구 분석 서비스입니다. 본,https://kind.krx.co.kr/external/2026/03/10/001468/20260310003254/00591.htm,True,2026H1reg,20260310002857
쎄니트,,코스닥,20260310,20260310001411,주주총회소집공고,True,True,True,True,3,2차전지·배터리,"이차전지 및 관련 소재·화학물질(합성수지/유·무기 포함)제조·판매업 | 수처리 및 오, 폐수처리 설비(시스템)의 설치 및 운영업 | 전지용 전해액(전해질) 및 관련 화학제품의 제조 및 판매업",- 일부 사업목적 추가,의안 : 자본준비금 감액 및 이익잉여금 전입의 건 제3호 의안 : 정관 일부 변경의 건 제3-1호 의안 : 사업목적추가의 건 제3-2호 의안 : 조문 정비의 건 제3-3호 의안 : 개정상법 반영의 건 제3-4호 의안 : 부칙 신설의 건 제4호 의안: 감사위원이 되는 사외이사 선임의 건 제4-1호 의안: 감사위원이 되는 사외이사 ,https://kind.krx.co.kr/external/2026/03/10/001411/20260310003149/00591.htm,True,2026H1reg,20260310002828
더본코리아,,유가증권,20260310,20260310001395,주주총회소집공고,True,True,True,True,2,식품·농업·외식,축산업 | 양돈 및 양돈계열화 사업,사업운영을 위한 정비,출 인원 상향 - 제2-4호 의안 : 감사위원 선.해임 시 의결권 제한 강화 - 제2-5호 의안 : 사업의 목적 추가 (3) 제3호 의안 : 이사 선임의 건 - 제3-1호 의안 : 사외이사 최명화 선임의 건 - 제3-2호 의안 : 사외이사 김희경 선임의 건 (4) 제4호 의안 : 감사위원회 위원이 되는 사외이사 유효상 선임의 건 ,https://kind.krx.co.kr/external/2026/03/10/001395/20260310003109/00591.htm,True,2026H1reg,20260310002818
JYP Ent.,,코스닥,20260310,20260310001364,주주총회소집공고,False,True,True,True,5,엔터·콘텐츠·게임,국내외 음악 저작권 대리중개업 | 국내외 음악 저작권 라이센스업 | 국내외 음원 관리 및 매매업 | 음악 저작자 매니지먼트업 | 저작인접권 관리 및 중개알선업,(주)제이와이피퍼블리싱 소규모 합병에 따른 사업목적 추가,,https://kind.krx.co.kr/external/2026/03/10/001364/20260310003072/00591.htm,True,2026H1reg,20260310002801
인탑스,,코스닥,20260310,20260310001336,주주총회소집공고,True,True,True,True,1,투자·금융,"유가증권(지분·채권 등) 및 집합투자기구(투자조합·펀드 등) 출자와 신기술사업·벤처기업·스타트업 등에 대한 투자업 1~4, 6~27",- 기존 사업 내용의 명확화 및 일반적인 투자활동을 포괄하는 문안으로 재정비,"전 산업은 제품 차별화의 한계가 있고, 중국을 비롯한 각 국가별로 생산량도 많습니다. 이로 인해 경쟁사들도 사업영역 다각화 및 신규 사업 진출을 통하여 성장을 도모하고 있어 경쟁이 더욱 치열한 산업 입니다. 판매액의 경우 국가통계포털(KOSIS) 통계에 따르면 2024년도 판매액은 30조 5086억원으로 2023년 32조 420",https://kind.krx.co.kr/external/2026/03/10/001336/20260310003006/00591.htm,True,2026H1reg,20260310002788
코닉오토메이션,,코스닥,20260310,20260310001312,주주총회소집공고,True,True,True,True,1,,"각종 제품, 상품, 설비에 대한 렌탈업",매출 확대 및 성장 기반 마련을 위함," 대해 수요도 지속적으로 증가를 하고 있습니다. 네트워크 장비 산업은 수요 주체에 따라 크게 기업 시장과 통신사업자 시장으로 구분할 수 있습니다. 네트워크 장비는 음성통신 및 유무선 인터넷 서비스 제공에 필요한 장비로서 데이터 트래픽의 수요 증가에 힘입어 성장해 왔습니다. 초기 네트워크 장비시장은 은행과 기업, 공공부문의 정보",https://kind.krx.co.kr/external/2026/03/10/001312/20260310002940/00591.htm,True,2026H1reg,20260310002775
AJ네트웍스,,유가증권,20260310,20260310001250,주주총회소집공고,True,True,True,True,1,엔터·콘텐츠·게임,"영화, 비디오물, 방송 프로그램 제작 및 배급업",신규사업영역 확대,"양한 아이템으로 렌탈 사업 확대 중 종합 렌탈사로서 성장 지속 주요핵심사업부를 중심으로 파생된 로봇렌탈 등 신규 사업아이템 확대 롯데렌탈 차량 렌탈을 주력으로 계측기, OA 등 IT기기 렌탈이 주를 이룸 자동차, IT사무기기, 고소작업대 등 기존아이템 장단기 점유율 확대 한국렌탈 건설 장비 및 해외 투자에 주력 기존 IT사무기기,",https://kind.krx.co.kr/external/2026/03/10/001250/20260310002833/00591.htm,True,2026H1reg,20260310002749
에이아이코리아,,코스닥,20260310,20260310001229,주주총회소집공고,True,True,True,True,1,부동산·임대·건설,부동산 임대업,사업목적 추가,"시공을 담당하고 있습니다. 특히, 미국 시장에서 한국의 우수한 엔지니어링 기술과 구매 조달 역량을 바탕으로 사업 영역을 확대하고 있습니다. 2). 시스템사업 (건식세정장비) 시스템사업은 반도체, 디스플레이 및 2차전지 생산공정에 필요한 건식세정장비인 대기압 플라즈마(AP Plasma), 초음파 건식 세정기(USC), 집진기, 포집",https://kind.krx.co.kr/external/2026/03/10/001229/20260310002782/00591.htm,True,2026H1reg,20260310002737
엑스플러스,,코스닥,20260310,20260310001186,주주총회소집공고,True,True,True,True,5,AI(인공지능);로봇;클라우드·SW·빅데이터;투자·금융,"기타 금융투자업 | 인공지능(AI), 머신러닝, 딥러닝 기반 소프트웨어 개발 및 공급 | 산업용 협동 서비스 휴머노이드 로봇의 개발, 제조 및 판매 | 스마트팩토리, 로봇 자동화 시스템 및 산업 자동화 시스템 구축 및 컨설팅업 | 골프장 개발 및 운영업",사업 확장을 위한 사업목적 추가,의 건 - 제5호 의안 : 감사 보수한도 승인의 건 - 제6호 의안 : 정관 변경의 건 제6-1호 의안 : 사업목적 추가 제6-2호 의안 : 사채 액면총액 증액 제6-3호 의안 : 기타 상법 개정으로 인한 내용 반영 제6-4호 의안 : 액면가 100원에서 500원으로 변경 - 제7호 의안 : 주식 병합 승인의 건 4. 경영참고사,https://kind.krx.co.kr/external/2026/03/10/001186/20260310002699/00591.htm,True,2026H1reg,20260310002712
라메디텍,,코스닥,20260310,20260310001183,주주총회소집공고,True,True,True,True,3,,"인체조직의 수출입업 | 인체조직의 제조, 가공, 보관, 유통 및 분배업 | 인체조직 관련 제품의 연구개발 및 판매업",사업의 목적 추가 및 이에 따 른 번호 수정,"·판매를 주요 사업으로 영위하고 있으며, 레이저 채혈기 및 인체조직 기반 재생의료 소재 등 헬스케어 분야로 사업 영역을 확대해 나가고 있습니다. 가. 업계의 현황 (1) 산업의 특성 레이저 피부미용 및 의료기기 산업은 고령화, 미용에 대한 관심 증가, 비침습 시술 선호 확대 등 사회·문화적 변화에 따라 성장하고 있는 산업입니다. ",https://kind.krx.co.kr/external/2026/03/10/001183/20260310002680/00591.htm,True,2026H1reg,20260310002710
지엔씨에너지,,코스닥,20260310,20260310001008,주주총회소집공고,True,True,True,True,1,부동산·임대·건설,"국내?외 부동산 및 이에 준하는 자산에 대한 투자, 임대, 관리, 매매에 관한 사업",제2-1호 의안 신규 사업 추진을 위한 사업 목적 추가,"위로 발주 및 수주가 이루어지는 산업 구조로, 기술력과 시공 경험이 중요한 경쟁 요소로 작용합니다. (4) 신규사업 등의 내용 및 전망 당사는 기존 발전설비 사업을 기반으로 친환경 발전사업 및 데이터 인프라 사업 등 신규 사업을 추진하고 있습니다. 첫째, 수소연료전지 발전사업입니다. 당사는 지역사회 에너지 자립 지원과 분산형 발",https://kind.krx.co.kr/external/2026/03/10/001008/20260310002364/00591.htm,True,2026H1reg,20260310002600
한선엔지니어링,,코스닥,20260310,20260310001004,주주총회소집공고,True,True,True,True,1,신재생·에너지·전력,태양광 등 신재생에너지를 이용한 전기 발전 및 판매업,[개정이유] <사업목적 추가>,"하여 기술 경쟁력 확보와 시장 확대를 지속적으로 추진하고 있습니다. (나) 공시대상 사업부문의 구분 당사의 목적 사업은 튜브피팅, 밸브 제조 및 판매업 외에 부동산 임대업이 있으나 부동산 임대업의 매출액이 총매출액의 1% 미만이기 때문에 별도로 구분하여 기재하지 아니합니다. (2) 시장점유율 계측장비용 피팅 및 밸브의 대표 업체로",https://kind.krx.co.kr/external/2026/03/10/001004/20260310002356/00591.htm,True,2026H1reg,20260310002596
듀오백,,코스닥,20260310,20260310000889,주주총회소집공고,True,True,True,True,3,,기타 제품디자인업 | 기타 시각디자인업 | 기타 인테리어디자인업,사업다각화," 대한 수요가 지속적으로 증가되고 이러한 수요에 맞춘 다양한 제품들이 시장에 많이 공급되고 있습니다 (4) 신규사업 등의 내용 및 전망 (주)듀오백은 인간공학 전문기업으로서 현재 인간공학의자(듀오백 의자 등)를 생산, 판매하고 있으며, 2015년 제28기 정기주주총회에는 '헬스기기 수출입 및 제조,판매업'을 비롯한 11개 사업 ",https://kind.krx.co.kr/external/2026/03/10/000889/20260310002071/00591.htm,True,2026H1reg,20260310002532
지투파워,,코스닥,20260310,20260310000866,주주총회소집공고,True,True,True,True,3,AI(인공지능);데이터센터;신재생·에너지·전력,마이크로그리드 (독립형 전력망) 시스템 개발 및 공급업 | AI데이터센터의 시공 및 운영업 | 구조용 금속 판제품 및 공작물 제조업,신규사업 진출 및 미영위 사업목적 정비,보통주1주당 배당금 100원) 제 2호 의안 : 정관 일부 변경의 건 제2-1호 의안 : 제2조(목적) - 목적사업 추가 및 삭제 제2-2호 의안 : 상법 개정(25.07.22공포)사항 정관 반영 제2-3호 의안 : 제43조(위원회) - 윤리경영위원회 신설 제3호 의안 : 이사 선임의 건 제3-1호 의안 : 사내이사 김동현 선임,https://kind.krx.co.kr/external/2026/03/10/000866/20260310002006/00591.htm,True,2026H1reg,20260310002517
듀켐바이오,,코스닥,20260310,20260310000849,주주총회소집공고,True,True,True,True,5,AI(인공지능);바이오·헬스케어;화장품·뷰티;식품·농업·외식,"방사성 의약품 제조 판매업 | 의료 용구 제조 판매업 (삭제)1. 화장품 제조 판매업 (삭제)1. 기능성 의류 제조 판매업 | 임상 및 관련사업 (삭제)1. 식품, 건식, 생식, 화장품등의 원료와 반제품 제조 판매 및 관련 사업 | 의약품 개발 관련 인공지능 솔루션 연구개발 및 공급업 | 인공지능 솔루션 적용 기기 연구개발 및 공급업","조문번호 수정, 미영위 사업 삭제, 신사업의 추가 및 사업목적 각호 정비.",금 처분 계산서(안) 및 연결재무제표 승인의 건 제 2호 의안 : 정관 일부 변경의 건 제2-1호 의안 : 사업목적 변경의 건 제2-2호 의안 : 자기주식 보유 또는 처분의 건 제 3호 의안 : 사내이사 김상우 선임의 건 제 4호 의안 : 이사 보수한도 승인의 건 제 5호 의안 : 감사 보수한도 승인의 건 제 6호 의안 : 주식,https://kind.krx.co.kr/external/2026/03/10/000849/20260310001977/00591.htm,True,2026H1reg,20260310002502
더네이쳐홀딩스,,코스닥,20260310,20260310000748,[정정]주주총회소집공고,True,True,True,True,1,,"자전거 및 부품, 기타 관련 운송 장비 도 소 매업",사업의 목적 변경 (자전거 소매업 추가)," ""Whatever It Takes""의 라이선스를 도입하면서부터 본격적으로 라이선스 사업을 시작하였습니다. 사업영역 확대를 위해 내셔널지오그래픽(National Geographic) 브랜드에 대해 캠핑용품, 여행용 가방 및 의류 라이선스 계약을 체결하여 지속적인 사업을 진행하고 있습니다. 또한 마크곤잘레스(Mark Gonzale",https://kind.krx.co.kr/external/2026/03/10/000748/20260310001757/00591.htm,True,2026H1reg,20260310002437
다이나믹솔루션,,코스닥,20260310,20260310000747,주주총회소집공고,True,True,True,True,35,AI(인공지능);로봇;데이터센터;클라우드·SW·빅데이터;디지털자산·블록체인·STO(스테이블코인);바이오·헬스케어;엔터·콘텐츠·게임;화장품·뷰티;식품·농업·외식;탄소·환경;교육,"산업용 로봇, 배전반, 전기 자동제어반, 자동측정 및 제어장치, 산업처리공정 제어장비 제조업 | 전기·전자제품, 전자장비, 제조장비 및 기타장비 개발, 제조, 도소매, 유통업 | 기초 무기화학물질, 알루미늄·마그네슘·스트론튬·바륨 산화물 및 과산화물, 도료, 유기 혼합용제 제조업 | 의료기기 제조업 | 의료기기 판매업 | 의료기기 연구개발, 유통, 렌탈, 유지보수 및 자문업 | 의료기기 도소매 및 무역업 | 의료용·환경·공업용 바이오센서 및 분석기기 개발, 제조, 판매업 | 의약품 제조업 | 의약부외품·위생용품 연구개발, 제조, 판매, 유통업 | 의학연구개발업 | 디지털 헬스케어 제품 및 서비스 개발, 제조, 판매업 | 원격의료사업 | 건강관리서비스업 | 의료관련 데이터베이스를 이용한 프로그램 제작, 판매 및 서비스업 | 인간의 질병 진단·치료·예방 관련 제품 및 서비스업 | 인공지능 솔루션·알고리즘 연구, 개발, 판매업 | 인공지능·가상현실(VR)·증강현실(AR) 관련 제품 및 서비스 개발·공급업 | 인공지능 클라우드 데이터센터(AI CLOUD DATACENTER) 구축, 렌탈 및 리스업 | 인공지능 데이터(AI DATA) 개발, 정보 제공업 | 시스템응용,소프트웨어 개발, 판매, 임대 및 공급업 | 컴퓨터 프로그래밍, 시스템 통합 및 관리업 | 데이터베이스 구축, 운영, 전산서비스 및 온라인 정보제공업 | 정보통신기기 제조, 판매 및 유통업 | 모바일 콘텐츠, 온라인 서비스, 정보서비스 및 전자상거래업 | 교육 콘텐츠 개발 및 서비스업 | 가상자산 투자, 매매 및 중개업 | 블록체인 기반 디지털 자산의 개발, 유통, 판매업 | 토큰 발행 및 토큰증권(STO) 관련 사업 | 여신금융업(소비자금융 및 기업금융) | 금융업 및 투자운용업 | 화장품 제조, 유통, 판매업 | 미용기기 및 전자제품 제조, 유통, 판매업 | 농축산물의 가공, 제조, 유통, 판매 및 수출업 | 자연과학, 공학 및 기술 연구개발업","-추진 사업관련 사업목적 추가, -문구 기재 순서 및 항목 정비","도와 응급시스템이 잘 갖춰진 국가인 미국, 유럽, 일본 등의 선진국 위주로 시장이 형성되어 있습니다. (4)신규사업 등의 내용 및 전망 당사는 자동차 전자제어 소프트웨어 사업을 신규사업으로 진행하고 있습니다. 구체적으로, 당사는 자동차의 전자변속시스템과 차량 내, 외부의 조명제어 시스템 등 전자제어 소프트웨어 분야에 집중하여 시",https://kind.krx.co.kr/external/2026/03/10/000747/20260310001750/00591.htm,True,2026H1reg,20260310002435
엘에스일렉트릭,,유가증권,20260310,20260310000721,[정정]주주총회소집공고,True,True,True,True,1,,조항으로 대체,데이터센터업 목적사업 추가 목적사업 추가에 따른 조항 번호 변경,여금처분계산서 포함) 및 연결재무제표 승인의 건 □ 제2호 의안 : 정관 일부 변경의 건 - 제2-1호 : 목적사업 추가 - 제2-2호 : 주식분할(액면분할) - 제2-3호 : 전자주주총회 근거 등의 마련 - 제2-4호 : 이사회 운영의 효율성 및 전문성 제고 - 제2-5호 : 집중투표제 배제금지 조항 삭제 - 제2-6호 : 독,https://kind.krx.co.kr/external/2026/03/10/000721/20260310001701/00591.htm,True,2026H1reg,20260310002425
로체시스템즈,,코스닥,20260310,20260310000663,주주총회소집공고,True,True,True,True,1,방산,군수품의 제조 판매 보관 및 수송업,- 방산 사업 진행을 위한 정관 개정,"구성 특성을가지고 있으며, 최근 중국시장의 급부상으로 중국 및 해외업체를 계속하고 발굴하고 있습니다. 4) 신규사업 등의 내용 및 전망 당사는 Laser Glass Cutting Machine (GCM)을 개발하고, 2004년 이후 현재까지 매출이 실현되고 있습니다. 이는 당사의 고부가가치 사업으로 국내 및 해외에서도 꾸준히 매",https://kind.krx.co.kr/external/2026/03/10/000663/20260310001583/00591.htm,True,2026H1reg,20260310002381
세나테크놀로지,,코스닥,20260310,20260310000601,주주총회소집공고,True,True,True,True,4,로봇;클라우드·SW·빅데이터,"상표권 등 지식재산권의 라이센싱, 관리 및 운용업 | 로봇, 로봇 부품 제조, 판매업 및 무역업 | 로봇, 로봇 부품 임대 리스업 | 로봇 제어소프트웨어 개발 판매, 서비스업",신규 상표 라이센싱 사업과 로봇사업을 위한 사업 목적 신설," 스노우 스포츠 등 다양한 레저 분야는 물론, 물류, 벌목, 건설, 엔터테인먼트 등 산업 현장까지 연결하며 사업 영역을 확장하고 있습니다. 당사의 기술은 사용자 간의 원활한 소통을 지원하여 레저 활동의 즐거움을 배가시키고, 산업 현장의 작업 효율성과 생산성을 높이는 데 기여하고 있습니다. '팀 커뮤니케이션' 분야의 장기적인 성장 ",https://kind.krx.co.kr/external/2026/03/10/000601/20260310001421/00591.htm,True,2026H1reg,20260310002335
이노진,,코스닥,20260310,20260310000465,주주총회소집공고,True,True,True,True,1,식품·농업·외식,"농산물, 수산물, 축산물, 임산물 도.소매업",사업 다각화를 위한 사업의 목적 추가," 1주당 90원, 시가배당률 : 4.5% 제2호 의안 : 정관 일부 내용 변경의 건 - 제2-1호 의안 : 사업 목적 추가의 건 - 제2-2호 의안 : 상법 개정에 따른 변경의 건 - 제2-3호 의안 : 이사의 보수 관련 조항 변경의 건 제3호 의안 : 감사 선임의 건 - 제3-1호 의안 : 감사 정방기 재선임의 건 제4호 의안 ",https://kind.krx.co.kr/external/2026/03/10/000465/20260310001026/00591.htm,True,2026H1reg,20260310002249
에스엘에스바이오,,코스닥,20260310,20260310000383,주주총회소집공고,True,True,True,True,1,바이오·헬스케어;식품·농업·외식,"건강기능식품 제조, 유통, 판매업",- 신규 사업에 따른 목적 추가 및 기존 문구 정비를 위한 자구 변경," 관련 사업을 정산적으로 재개하였으며, 기존 핵심 사업의 저변 확대와 더불어 식품 및 건강기능식품 검사 등 신규 사업 영역 확대를 통해 안정적인 매출 기반을 확보해 나갈 계획입니다. (2) 시장의 특성 가) 의약품 품질관리 의약품 품질관리 사업을 할 수 있는 검사기관의 요건은 약사법 관련 법률, 시행령, 시행규칙에 규정하고 있으며",https://kind.krx.co.kr/external/2026/03/10/000383/20260310000752/00591.htm,True,2026H1reg,20260310002146
케스피온,,코스닥,20260310,20260310000375,주주총회소집공고,True,True,True,True,4,,"플라스틱 접착처리 제품 제조업 | 의약외품 제조 및 판매업 | 고분자소재제품 제조 및 판매업 | 식료품 가공, 제조 및 유통업",합병 등에 따른 신규 사업목적 추가,2.31.) 연결 및 별도 재무제표 승인의 건 제2호 의안 : 정관 일부 변경의 건 → (액면병합 결정 및 사업목적 추가) 제3호 의안 : 이사 선임의 건 제3-1호 의안 : 사내이사 오미선 선임의 건 (재선임) 제3-2호 의안 : 사내이사 윤덕용 선임의 건 (신규) 제4호 의안 : 이사 보수한도 승인의 건 제5호 의안 : 감사,https://kind.krx.co.kr/external/2026/03/10/000375/20260310000724/00591.htm,True,2026H1reg,20260310002136
롯데렌탈,,유가증권,20260310,20260310000362,주주총회소집공고,True,True,True,True,1,,전화권유판매업,텔레마케팅 역량 강화,변경의 건 제3-1호 : 집중투표제 배제 조항 삭제의 건 제3-2호 : 개정 상법 반영의 건 제3-3호 : 사업목적 추가의 건 - 제4호 : 감사위원이 되는 사외이사 최정욱 선임의 건 - 제5호 : 감사위원이 되는 사외이사 전규안 선임의 건 - 제6호 : 제22기 이사 보수한도 승인의 건 4. 전자투표에 관한 사항 당사는 상법 ,https://kind.krx.co.kr/external/2026/03/10/000362/20260310000692/00591.htm,True,2026H1reg,20260310002124
코아스,,유가증권,20260310,20260310000354,주주총회소집공고,False,True,True,True,11,로봇;신재생·에너지·전력;부동산·임대·건설;엔터·콘텐츠·게임;식품·농업·외식,"실내건축업 | 부동산 개발 및 공급업 | 공연,전시 기획 및 제작, 용역업 | 도소매업 | 휴게음식점업 | 일반여행업 (일반여행알선업) | 보세품 및 관광상품판매업 | 지능형 로봇, 로봇부품, 컨텐츠 제조 및 판매업 | 신재생에너지(태양광, 태양열, 풍력, 지열, 바이오매스, 연료전지 등) 발전사업 | 신재생에너지 설비의 설치, 용역 및 판매업 | 신재생에너지 전기공급사업",사업목적 추가 및 조문 번호 변경,,https://kind.krx.co.kr/external/2026/03/10/000354/20260310000661/00591.htm,True,2026H1reg,20260310002109
삼륭물산,,코스닥,20260310,20260310000307,주주총회소집공고,True,True,True,True,5,식품·농업·외식,경영컨설팅업 | 식품 수입업 | 식품 도·소매업 | 식품 유통 및 판매업 | 산업용 기계 도소매업,- 신규 사업목적 추가 31.~34.<신설>,2.31) 재무제표/연결재무제표 및 이익잉여금처분계산서 승인의 건 제 2 호 의안 : 정관 일부 변경의 건(사업목적 추가) 제 3 호 의안 : 사내이사 이기법 신규선임의 건 제 4 호 의안 : 감사 남기진 재선임의 건 제 5 호 의안 : 이사 보수한도 승인의 건 제 6 호 의안 : 감사 보수한도 승인의 건 4. 실질주주의 의결권,https://kind.krx.co.kr/external/2026/03/10/000307/20260310000500/00591.htm,True,2026H1reg,20260310002053
에프에스티,,코스닥,20260310,20260310000303,주주총회소집공고,True,True,True,True,1,,"화학제품의 개발,제조 및 판매업",자회사 소규모 합병에 따른 사업목적 추가,"서, 이익잉여금처분계산서(안) 승인의 건 [주식배당 : 주당 0.01주] 제2호 의안 : 정관 변경의 건 [사업목적추가: 화학제품의 개발, 제조 및 판매업] 제3호 의안 : 이사 선임의 건 제3-1호 의안 : 사내이사 선임의 건 [재선임    : 장명식] 제3-2호 의안 : 사내이사 선임의 건 [신규선임 : 이응돈] 제3-3호 ",https://kind.krx.co.kr/external/2026/03/10/000303/20260310000482/00591.htm,True,2026H1reg,20260310002047
유일로보틱스,,코스닥,20260310,20260310000300,주주총회소집공고,True,True,True,True,5,로봇;방산;식품·농업·외식;교육,"(26) 농업용 로봇 기계 제조 및 판매업 | 스마트팜 솔루션 개발 및 판매업 | 교육 서비스업 | 조리 기구 및 자동화 장비 제조, 판매업 | 군납업",신규 사업 예정,"업의 경기회복 등 제조용 로봇의 중요성은 4차산업 혁명에 발 맞추어 더욱 강조될 것으로 기대 됩니다. 4. 신규사업 등의 내용 및 전망 (1) Linkbot 당사는 동사의 직교 로봇, 다관절 로봇, 협동 로봇에 제어기술을 접목하여 향후 스마트 산업 로봇으로 시장을 확장할 계획입니다. 산업용 로봇은 작업자 및 사물과 가까운 거리에",https://kind.krx.co.kr/external/2026/03/10/000300/20260310000474/00591.htm,True,2026H1reg,20260310002040
씨메스로보틱스,,코스닥,20260310,20260309001653,[정정]주주총회소집공고,False,True,True,True,6,로봇;클라우드·SW·빅데이터;엔터·콘텐츠·게임,"지능형로봇임대업 | 로봇기술에관한전문적서비스업 | 로봇관련개발품의제조및판매업 | 로봇시스템을이용한산업용생산자동화설비의설계및제작 | 로봇및관련부품도소매업및관련서비스업 | 로봇관련소프트웨어,하드웨어,컨텐츠의연구개발및판매업",신사업을 위한 사업목적 변경,,https://kind.krx.co.kr/external/2026/03/09/001653/20260309003848/00591.htm,True,2026H1reg,20260309001939
나이스정보통신,,코스닥,20260309,20260309001576,주주총회소집공고,True,True,True,True,4,클라우드·SW·빅데이터;디지털자산·블록체인·STO(스테이블코인);전자지급·결제(PG·선불),"디지털자산의 보관ㆍ관리 및 이전 서비스업 | 디지털자산을 활용한 지급결제, 송금, 결제정보 중계 및 정산 서비스업 | 디지털자산과 법정통화 간의 교환, 정산 및 그 중개ㆍ대행 서비스업 | 디지털자산 관련 플랫폼, 시스템, 인프라, 소프트웨어 및 솔루션 개발ㆍ운영ㆍ제공업",- 디지털자산 관련 사업 추가 - 2026. 3. 정기주총 승인 즉시 시행,"상승에 따라 급성장했으며, 최근에는 생체인증 기반의 신결제 서비스 등장과 정부의 금융 디지털화 정책 덕분에 사업 영역이 확장되고 있습니다. 주요 품목 및 그 용도는 아래와 같습니다. 사업부문 주요품목 구체적용도 VAN부문 결제단말기 일반/프린터형 신용카드조회 VAN, TRS 신용카드승인중계시스템/내국세환급대행 [PG] PG 산업은",https://kind.krx.co.kr/external/2026/03/09/001576/20260309003715/00591.htm,True,2026H1reg,20260309001924
한진,,유가증권,20260309,20260309001551,주주총회소집공고,True,True,True,True,1,,전기공사업,운송 설치 서비스 수행범위 확대를 위한 사업목적 추가,70기 재무제표 및 연결재무제표 승인의 건 ○ 제2호 의안 : 정관 일부 변경의 건 - 제2-1호 의안 : 사업목적 추가 - 제2-2호 의안 : 배당기준일 유연화 및 동등배당 관련 - 제2-3호 의안 : 전자주주총회제도 도입 관련 - 제2-4호 의안 : 사외이사 명칭 변경 관련 - 제2-5호 의안 : 감사위원회 구성 관련 - 제,https://kind.krx.co.kr/external/2026/03/09/001551/20260309003649/00591.htm,True,2026H1reg,20260309001906
구영테크,,코스닥,20260309,20260309001511,주주총회소집공고,True,True,True,True,1,2차전지·배터리,운송장비용 이차전지 제조업,사업목적 추가,"므로, 신차 개발에 맞춰, 품질, 가격, 생산량의 3요소를 충족하는 것이 부품업체의 경쟁요소입니다. (4) 신규사업 등의 내용 및 전망 당사는 자동차 시장 변화에 대응하기 위해 대구국가산업단지 내 부지에 친환경 자동차 부품 제조공장을 새롭게 건립하여 친환경 자동차용 부품(배터리팩 케이스, 엔드플레이트 등)에 대한 생산활동을 시작",https://kind.krx.co.kr/external/2026/03/09/001511/20260309003547/00591.htm,True,2026H1reg,20260309001884
한화에어로스페이스,,유가증권,20260309,20260309001488,[정정]주주총회소집공고,False,True,True,True,6,우주항공;신재생·에너지·전력;부동산·임대·건설;탄소·환경,"천연가스ㆍ수소ㆍ암모니아ㆍ바이오연료 등 에너지의 자원개발, 생산, 수출입, 유통(벙커링, 가스 도소매) 및 트레이딩 사업 | 에너지 유통 인프라(액화ㆍ기화ㆍ압축, 정제ㆍ저장ㆍ운송)의 투자ㆍ개발ㆍ운영 및 관련 기자재 사업 | 전력ㆍ집단에너지ㆍ구역전기사업 및 전력 중개사업과 이에 대한 투자ㆍ건설ㆍ운영 사업 | 항공기 및 우주선 발사 서비스업 | 기계설비ㆍ가스공사업 | 산업환경설비공사업",사업목적 추가,,https://kind.krx.co.kr/external/2026/03/09/001488/20260309003497/00591.htm,True,2026H1reg,20260309001870
한화엔진,,유가증권,20260309,20260309001350,[정정]주주총회소집공고,True,True,True,True,2,2차전지·배터리;조선·해양,"선박대여업 | 에너지 저장장치 또는 부품 및 제품의 수입, 제조, 설치 및 매매",민수선박용 ESS사업 수행 목적, 소집공고 3. 회의의 목적사항 이사회 결의를 통한 주주총회 목적사항 추가 (추가) - (제2-9호 의안) 사업목적 추가 주주총회 소집공고 3. 회의의 목적사항 이사회 결의를 통한 주주총회 목적사항 추가 (추가) - 7) 제7호 의안 : 자기주식 보유ㆍ처분 계획 승인의 건 III. 경영참고사항 2. 주주총회 목적사항별 기재사항 ,https://kind.krx.co.kr/external/2026/03/09/001350/20260309003280/00591.htm,True,2026H1reg,20260309001804
효성티앤씨,,유가증권,20260309,20260309001259,[정정]주주총회소집공고,False,True,True,True,2,화장품·뷰티,"브랜드 및 상표권 등 지적재산권의 라이센스업 | 화장품의 제조 및 판매, 유통, 도소매, 전자상거래업",- 화장품 사업확대 및 범위 확장,,https://kind.krx.co.kr/external/2026/03/09/001259/20260309003093/00591.htm,True,2026H1reg,20260309001759
디와이,,유가증권,20260309,20260309001228,주주총회소집공고,False,True,True,True,30,로봇;바이오·헬스케어;신재생·에너지·전력;부동산·임대·건설;식품·농업·외식;탄소·환경,"일반기계 및 기계부품의 제조 및 판매업 | 전기통신기계 제조 및 판매업 | 전기, 전자와 동부품의 제조 및 판매업 | 각종 건설기계 및 특수사업 수송장비와 그 부분의 제조 및 판매 | 건설기계, 특장차, 압축식 기관 및 원동기 각종 기계의 매매, 정비 및 대여업 | 건설기계, 특장차의 임대업 | 건축자재 제조 및 판매, 시공업 | 기계장비 제조업 | 폐기물처리 및 오염 방지시설 공사업 | 자동차 정비기기 제조 및 판매업 | 자동차 수리 및 차량연료 소매업 | 전자전기 기계기구 및 관련기기의 제작, 판매, 임대 및 서비스업 | 전동기 및 발전기 제조 및 판매업 | 승용차 및 기타 여객용 자동차 제조 및 판매업 | 세차장 운영 및 세차 용품 도소매업 | 세차장의 개발, 관리 및 운영에 관한 컨설팅 | 세차장 세차기계 제조사업 | 세차장의 설계, 시공 및 설비 사업 | 통신판매업 및 전자상거래업 | 세차장 가맹사업 | 농업기계의 제조 및 판매업 | 기타 특수목적용 차량 제조 및 판매 | 의료기기 및 의료용 보조장비 및 부품 제조 판매업 | 전동화 차량 등 각종차량 충전장비 제조, 충전사업 및 기타 관련사업 | 세제, 계면활성제, 광택제 제조, 도소매, 수출입업 | 일렉트릭 비클(전동카트,유틸리티카,전기모타)제조 및 판매업 | 저속 특수목적 전기구동 차량 및 부품 제조 및 판매업 | 전기에너지 차량운반구제조 및 부품제조 및 판매업 | 산업용,농업용,일반용 로봇 및 부품 제조 및 판매업 | 태양광 발전업",11~41호 합병사업 추가 조항번호 변경,,https://kind.krx.co.kr/external/2026/03/09/001228/20260309003047/00591.htm,True,2026H1reg,20260309001749
대성미생물,,코스닥,20260309,20260309001203,주주총회소집공고,False,True,True,True,2,바이오·헬스케어;식품·농업·외식,"원료의약품, 의약품 중간제품, 반제품 및 관련 물질의 제조, 판매 및 수출입업 | 건강기능식품의 제조 및 판매업",사업다각화 모색,,https://kind.krx.co.kr/external/2026/03/09/001203/20260309002983/00591.htm,True,2026H1reg,20260309001737
빛샘전자,,코스닥,20260309,20260309001130,[정정]주주총회소집공고,True,True,True,True,4,신재생·에너지·전력,"설계용역 개발업 | 전력 및 통신케이블 조립체 제조 및 판매업 | 와이어링 하네스 제조 및 판매업 | 검사장비 개발, 제조 및 판매업",종속회사(일진전자산업) 흡수합병에 따른 사업목적 추가,"표 승인의 건 (이익잉여금처분계산서 포함 : 현금배당 주당 70원) 제2호 의안 : 정관 일부 변경의 건 (사업목적추가, 감사제도폐지 및 감사위원회설치, 개정상법반영, 부칙) 제3호 의안 : 사내이사 강만준 재선임의 건 제4호 의안 : 감사위원회 위원이 되는 사외이사 강민우 선임의 건(분리선출) 제5호 의안 : 감사위원회 위원이",https://kind.krx.co.kr/external/2026/03/09/001130/20260309002814/00591.htm,True,2026H1reg,20260309001700
전진바이오팜,,코스닥,20260309,20260309001110,주주총회소집공고,True,True,True,True,3,,"잡화 제조 및 판매업 | 동물용 배합사료의 제조, 판매 및 연구개발업 | 자연과학 연구개발업",-미영위 사업목적 삭제 및 정비,"한 수익성 제고를 추구하고 차별화된 시스템 및 제품을 통한 동물용품 산업 시장을 선점할 계획입니다. (4) 신규사업 등의 내용 및 전망 - 해당사항 없음 (5) 조직도 조직도 2. 주주총회 목적사항별 기재사항 □ 재무제표의 승인 제1호 의안 : 제22기(2025년 1월 1일 ~ 2025년 12월 31일)  대차대조표, 손익계산서",https://kind.krx.co.kr/external/2026/03/09/001110/20260309002776/00591.htm,True,2026H1reg,20260309001684
포바이포,,코스닥,20260309,20260309001089,주주총회소집공고,False,True,True,True,2,부동산·임대·건설,계열회사 및 관계회사에 대한 경영컨설팅업 | 부동산임대업,신사업목적 추가,,https://kind.krx.co.kr/external/2026/03/09/001089/20260309002740/00591.htm,True,2026H1reg,20260309001676
슈프리마,,코스닥,20260309,20260309001080,주주총회소집공고,True,True,True,True,4,클라우드·SW·빅데이터,"위치정보의 수집·이용·제공 및 위치기반 서비스업 | 영상감시·영상관제 시스템 및 관련 소프트웨어·하드웨어의 개발, 제조 및 판매 및 구축업 | 방범·방재·재난대응 및 공공안전 관련 정보시스템의 개발, 구축 및 운영 및 유지관리업 | 컴퓨터·서버·정보처리 시스템의 구축, 운영, 유지보수 및 관리업",기존 사업과 연계된 기술 및 서비스 확장에 따른 사업목적 추가,"센스 산업의 특성, 얼굴 및 지문인식 시스템은 완제품 및 응용소프트웨어 유통산업의 특성을 따릅니다. (4) 신규사업 등의 내용 및 전망 2025년 2월 20일자로 (주)슈프리마에이아이 법인이 (주)슈프리마에 업무 시너지 극대화를 목적으로 소규모합병되었으며, 이를 통해 인공지능(AI) 솔루션을 더욱 다양한제품과 버티컬에 적용할 계",https://kind.krx.co.kr/external/2026/03/09/001080/20260309002717/00591.htm,True,2026H1reg,20260309001666
신화프리텍,,코스닥,20260309,20260309001000,주주총회소집공고,True,True,True,True,8,로봇;원전·원자력;방산;우주항공;모빌리티·전기차·자율주행;부동산·임대·건설,산업용로봇 및 자동화로봇 제작업 | 항공기부품 제작업 | 방산부품 제작업 | 원자력 및 핵융합설비 제작업 | 금형 및 금형부품 제작업 | 자동차부품 제작업 | 금속열처리?도금 및 기타 금속 가공업 | 부동산 및 설비 임대업,"사업목적 삭제 (1호, 5~6호,8~16호) 문구정리 (2~3호, 7호) 사업목적 추가 (변경후 5~8호)", 의안 : 정관 일부 변경의 건 - 제2-1호 의안 : 상호 및 공고방법 변경의 건 - 제2-2호 의안 : 사업목적 변경의 건 - 제2-3호 의안 : 상법 개정사항 반영의 건 - 제2-4호 의안 : 기타 조문 정비를 위한 변경의 건 ○ 제3호 의안 : 이사 선임의 건(사내이사 이윤기) ○ 제4호 의안 : 이사 보수한도액 승인의 ,https://kind.krx.co.kr/external/2026/03/09/001000/20260309002582/00591.htm,True,2026H1reg,20260309001622
대교,,유가증권,20260309,20260309000991,주주총회소집공고,True,True,True,True,1,,유원시설업,마이다스호텔&리조트 내 영유아 사업 강화를 위한 목적사업 추가 (트니빌리지),"학령인구 감소에 따른 교육 시장의 경쟁 과열과 불황의 장기화를 타개하기 위하여, 현재 주요 교육 기업에서는 사업다각화를 모색하고 있습니다. 보유하고 있는 사업 노하우를 강점으로 한 신성장 동력과 사업 저변을 확대할 수 있는 기회가 실버 산업에 있다고 판단, 관련 시장을 선점하기 위하여 적극적인 투자와 역량 강화를 추진하고 있습니다",https://kind.krx.co.kr/external/2026/03/09/000991/20260309002566/00591.htm,True,2026H1reg,20260309001617
지니언스,,코스닥,20260309,20260309000805,주주총회소집공고,True,True,True,True,1,,"창업기획자 활동(창업기업 선발, 보육, 투자 등), 벤처기업 및 창업자에 대한 투자 또는 조합에 대한 출자",사업목적 추가,", 사물인터넷(IoT) 등 새로운 형태의 보안위협이 증가하며 이러한 양상이 변화하고 있습니다. 특히, 이동통신사업자와 상급종합병원, 정보통신 일평균 이용자수 100만명 이상인 기업들이 정보보호 공시 의무 대상으로 지정되어 정보보호에 대한 투자, 인력 등을 공개하도록 되어 있습니다. 이러한 조치는 국내 기업·기관의 정보보호 수준",https://kind.krx.co.kr/external/2026/03/09/000805/20260309002224/00591.htm,True,2026H1reg,20260309001514
아이지넷,,코스닥,20260309,20260309000579,주주총회소집공고,True,True,True,True,1,,자회사의 주식 또는 지분을 취득ㆍ소유함으로써 자회사의 제반 사업내용을 지배·경영지도·정리·육성하는 지주사업,사업지주회사로서의 역할 고려한 사업목적추가,승인의 건  (2025년 1월 1일~ 12월 31일) 제 2호 의안 : 정관 일부 변경의 건 제2-1호 : 사업 목적 추가의 건 제 3호 의안 : 이사 보수 한도 승인의 건 제 4호 의안 : 감사 보수 한도 승인의 건 4. 경영참고사항 상법 제542조의 4에 의한 경영참고사항은 당사 인터넷 홈페이지에 게재하고 본점과 명의개서 대행,https://kind.krx.co.kr/external/2026/03/09/000579/20260309001760/00591.htm,True,2026H1reg,20260309001409
웨이비스,,코스닥,20260309,20260309000520,주주총회소집공고,False,True,True,True,7,바이오·헬스케어;부동산·임대·건설,"유통업 | 의료기기 제조 및 판매 | 의료기기 제조 및 품질관리 | 의료용품 제조 및 수입, 판매 공급업 | 인테리어 및 각종 건축자재 제조 판매 및 설치업 | 인테리어 및 각종 건축자재 수입 및 국내 도소매, 납품업 | 인테리어 및 각종 건축자재 운송, 창고 및 기타 물류서비스업",신규 사업목적 추가,,https://kind.krx.co.kr/external/2026/03/09/000520/20260309001604/00591.htm,True,2026H1reg,20260309001373
케어랩스,,코스닥,20260309,20260309000513,주주총회소집공고,True,True,True,True,2,바이오·헬스케어;화장품·뷰티;식품·농업·외식,"금융 관련 서비스업 | 각종 식품, 건강기능식품, 화장품 및 미용용품, 의약외품, 생활용품, 잡화의 제조(위탁제조 포함), 유통, 도소매, 수출입업 및 관련 서비스업",미영위 사업 목적 삭제 / 사업영역 확장,"제1호 의안: 제14기(2025년) 재무제표 승인의 건 - 제2호 의안: 정관 일부 변경의 건 제2-1호: 사업목적 변경의 건 제2-2호: 주식발행 관련 조항 정비의 건 제2-3호: 법률 개정, 표준 정관 준용 등 정비의 건 제2-4호: 감사위원회 조항 삭제의 건 제2-5호: 기타 정관 정비의 건 - 제3호 의안: 이사 선임의 ",https://kind.krx.co.kr/external/2026/03/09/000513/20260309001586/00591.htm,True,2026H1reg,20260309001370
한국전자인증,,코스닥,20260309,20260309000479,[정정]주주총회소집공고,False,True,True,True,9,클라우드·SW·빅데이터;디지털자산·블록체인·STO(스테이블코인);바이오·헬스케어;부동산·임대·건설;식품·농업·외식,"부동산의 취득, 임대, 매매 및 관리업 | 농업경영 및 농산물의 생산·유통·가공·판매업 | 스마트팜 시스템 및 농업용 설비 개발, 제조, 판매 및 운영업 | 농업 관련 기술의 연구개발 및 컨설팅 서비스업 | 의약품 및 의료기기 임상시험 수탁 및 지원 서비스업 18, 의료·건강 데이터의 수집, 가공, 분석 및 정보제공 서비스업 | 보건의료 마이데이터 플랫폼 개발 및 활용 서비스업 | 블록체인 및 분산원장 기술 기반 소프트웨어 개발 및 서비스업 | 가상자산 및 디지털자산 관련 기술 개발 및 라이선스업 | 위 각 회의 사업을 위한 수출입업",사업목적 추가,,https://kind.krx.co.kr/external/2026/03/09/000479/20260309001492/00591.htm,True,2026H1reg,20260309001350
위메이드플레이,,코스닥,20260309,20260309000471,주주총회소집공고,True,True,True,True,2,,경영 컨설팅 서비스업 | 기타 사업 지원 서비스업,사업목적 추가,"바일 게임 서비스는 '게임산업진흥에 관한 법률', '전자상거래 등에서의 소비자보호에 관한 법률' 및 '전기통신사업법'의 적용을 받습니다. 이외에도 이용자의 안전한 정보통신망 이용 환경 조성 및 개인정보 보호를 위하여 '정보통신망 이용촉진 및 정보보호 등에 관한 법률' 및 '개인정보보호법'의 적용을 받고, 이용자의 통신사실확인자",https://kind.krx.co.kr/external/2026/03/09/000471/20260309001472/00591.htm,True,2026H1reg,20260309001343
디오,,코스닥,20260309,20260309000455,주주총회소집공고,True,True,True,True,2,AI(인공지능);클라우드·SW·빅데이터;바이오·헬스케어,"인공지능(AI), 빅데이터 기반 의료솔루션 개발 및 서비스업 | 인공지능(AI), 빅데이터 기술을 활용한 의료기기 개발 및 서비스업",사업 범위 확장을 위한 사업목적 추가,"보파악의 어려움으로 업종 전반에 대한 시장점유율의 파악이 용이하지 않아 본 항의 작성은 생략합니다. (3) 신규사업 등의 내용 및 전망 ① 디지털보철 솔루션 최근 디지털 기술을 활용한 보철치료가 빠르게 보편화됨에 따라, 당사는 차세대 디지털 보철 시스템 개발에 집중하고 있습니다. 이를 위해 자체적으로 3D 프린터와 3D 프린팅에",https://kind.krx.co.kr/external/2026/03/09/000455/20260309001430/00591.htm,True,2026H1reg,20260309001337
이스트에이드,,코스닥,20260309,20260309000429,주주총회소집공고,True,True,True,True,23,AI(인공지능);클라우드·SW·빅데이터;전자지급·결제(PG·선불);엔터·콘텐츠·게임;교육,"전자금융업 | 선불전자지급업 | 상품권판매업 | 디지털 콘텐츠 제작 플랫폼 사업 | 디지털 콘텐츠 제작 및 유통업 | 디지털 콘텐츠 제작 소프트웨어 개발업 | 모바일 플랫폼 및 콘텐츠 운영업 | 인공지능(AI) 활용한 디지털 콘텐츠 제작업 | 인공지능(AI), 가상현실(VR), 증강현실(AR) 관련 제품, 서비스 개발 및 공급업 | 캐릭터개발 및 디자인업 | 캐릭터 라이센싱사업 | 이러닝산업 | 이러닝콘텐츠 및 이러닝콘텐츠 운용소프트웨어를 연구·개발·제작·수정·보관·전시 또는 유통하는 업 | 이러닝서비스업 | 이러닝의 수행·평가·컨설팅과 관련된 서비스업 | 온라인 및 오프라인 교육서비스업 | 교육 컨설팅업 | 원격 교육 및 운영업 | 교육 관련 용역의 수행 사업 | 온라인 위탁교육 서비스업 | 교육콘텐츠 공급업 | 교재 출판사업 | 학습프로그램의 개발 및 공급사업",포인트 관련 사업 추가 (10. ~ 12.) 인공지능을 활용한 콘텐츠 사업 추가 (13. ~ 20.) 교육관련 콘텐츠 사업 추진 (21. ~ 32.) 단순 조문번호 수정 (10. → 33.),"넷 기업의 주요 매출원은 검색광고, 디스플레이광고 등 온라인 및 모바일 광고 등으로 구성되어 있으며 이러한 사업영역은 오프라인 산업 대비 상대적으로 경기변동과 상관관계가 높지 않다고 할 수 있습니다. 특히 온라인광고는 대기업뿐 아니라 중소기업, 자영업자 등 광고주 구성이 다양해 전통 매체 광고시장보다는 경기 민감도가 낮은 편입니",https://kind.krx.co.kr/external/2026/03/09/000429/20260309001341/00591.htm,True,2026H1reg,20260309001320
LS마린솔루션,,코스닥,20260309,20260309000381,주주총회소집공고,True,True,True,True,1,AI(인공지능);로봇;클라우드·SW·빅데이터;조선·해양,"해저시공 설비 관련 소프트웨어, AI 및 로봇 기반의 자동화·원격제어 시스템의 개발, 운영 및 유지보수",사업 목적 변경,"턴키 입찰(일괄 입찰)' 방식으로 진행되고 있습니다. - 통신케이블 통신케이블 시공 사업은 기본적으로 기간통신사업자(Telecommunication Carrier) 및 OTT사업자, 해저케이블시스템 공급업자(Supplier) 및 해저통신케이블 건설회사(Cable Ship Operator) 등의 세 축으로 형성됩니다. 기간통신사",https://kind.krx.co.kr/external/2026/03/09/000381/20260309001172/00591.htm,True,2026H1reg,20260309001279
영화금속,,유가증권,20260309,20260309000345,주주총회소집공고,True,True,True,True,1,신재생·에너지·전력,태양광 발전 및 전기 판매업,사업다각화를 위한 사업목적 추가, 장치산업으로 막대한 시설투자 및 기술이 뒤따라야 하기때문에 신규업체의 진입이 어려운 특성이 있음. (4) 신규사업 등의 내용 및 전망 당사는 보고서 제출일 현재 이사회나 주주총회에서 향후 추진하기로 결정된 신규 사업은 없음 (5) 조직도 2025년 조직도 2. 주주총회 목적사항별 기재사항 □ 재무제표의 승인 가. 해당 사업연도,https://kind.krx.co.kr/external/2026/03/09/000345/20260309001076/00591.htm,True,2026H1reg,20260309001257
디어유,,코스닥,20260309,20260309000310,주주총회소집공고,True,True,True,True,18,엔터·콘텐츠·게임;화장품·뷰티;식품·농업·외식,"(변경 없음) | 화장품 제조 판매업(화장품책임판매업) | 식품유통전문판매업 | 소매업관련 용역 및 수탁사업 | 일반잡화, 액세서리, 생활용품 등의 제작 수출 및 도소매 | 판촉물, 인쇄물 제작 및 판매 | 연예인 스타상품 제작 및 국내외 유통업 | 상품 종합 도소매 및 수입, 수출업 | 장난감 및 취미, 오락용품의 제작 및 도소매업 | 생활용품의 제작 및 도소매업 | 인형, 장난감 및 오락용품 제조업 | 전문디자인업 | 제품디자인업 | 캐릭터 개발 및 제품화 사업 | 전시기획 및 연출 | 문화콘텐츠 개발업 | 문화콘텐츠 기획 및 제작 | 문화콘텐츠 상품 수출 및 도소매",신사업 추진에 따른 사업목적 추가," 개척 전면에 나서고 있습니다. 이에 따라 글로벌 플랫폼이 다양화되기도 하며, 시장 경쟁력을 갖추기 위해서 사업다각화 전략을 통해 서비스 다양화를 추진하고 있어 이에 따른 플랫폼 시장 규모의 성장이 전망됩니다. (다) 구독 경제 산업 구독 경제 산업은 식품업계부터 동영상 음원 사이트 등 다양한 분야에서 적용되는 산업이며, 2025",https://kind.krx.co.kr/external/2026/03/09/000310/20260309000900/00591.htm,True,2026H1reg,20260309001225
가온전선,,유가증권,20260309,20260309000306,[정정]주주총회소집공고,True,True,True,True,4,AI(인공지능);로봇;클라우드·SW·빅데이터;디지털자산·블록체인·STO(스테이블코인);희토류·핵심광물·소재,"영구자석을 포함한 희토류 소재 및 응용제품의 제조,가공 및 판매업 | 지능형 로봇 및 액추에이터의 설계, 제조 및 판매업 | 인공지능(AI) 기반 소프트웨어 개발 및 공급업 | 토큰발행 및 토큰 증권(STO) 관련 사업",영구자석 관련 사업목적 추가의 건 / 인공지능(AI) 관련 사업목적 추가의 건 / 지능형 로봇 관련 사업목적 추가의 건 / 토큰발행 및 토큰 증권 관련 사업목적 추가의 건,결권 제한 강화의 건 제2-4 호 의안 : 감사위원 분리선출 확대의 건 제2-5 호 의안 : 영구자석 관련 사업목적 추가의 건 제2-6 호 의안 : 지능형 로봇 관련 사업목적 추가의 건 제2-7 호 의안 : 인공지능(AI) 관련 사업목적 추가의 건 제2호 의안 : 정관 일부 변경의 건 제2-1 호 의안 : 독립이사 명칭 변경의 ,https://kind.krx.co.kr/external/2026/03/09/000306/20260309000893/00591.htm,True,2026H1reg,20260309001222
오픈놀,,코스닥,20260309,20260309000272,주주총회소집공고,True,True,True,True,1,엔터·콘텐츠·게임,일반 영화 및 비디오물 제작업,(1) 경영활동 다양화 사업목적 추가,"플랫폼사업 부문 당사는 2012년 4월 18일, 소프트웨어 개발, 공급 및 자문업, 교육 관련 서비스업을 주사업목적으로 설립되어, 진로, 진학, 창업 교육 등을 주요 사업으로 영위하고 있습니다. 당사의 주력 서비스는 구인·구직 온/오프라인 매칭 플랫폼 “미니인턴”입니다. 미니인턴은 구직자들이 온라인 및 오프라인으로 구인 기업의 ",https://kind.krx.co.kr/external/2026/03/09/000272/20260309000754/00591.htm,True,2026H1reg,20260309001198
코셋,,코넥스,20260309,20260309000179,주주총회소집공고,True,True,True,True,1,부동산·임대·건설,동산 및 부동산 임대업,기업(사업) 활동에 필요한 사업목적 추가, 의안 : 제27기(2025년 사업년도) 재무제표 승인의 건 나. 제2호 의안 : 정관 일부 변경의 건 - 사업목적추가 다. 제3호 의안 : 이사선임의 건 - 사내이사 2명 선임 - 제3-1호 의안 : 사내이사 김한진 선임의 건(재선임) - 제3-2호 의안 : 사내이사 이상호 선임의 건(신규선임) 라. 제4호 의안 : 이사보수한,https://kind.krx.co.kr/external/2026/03/09/000179/20260309000449/00591.htm,True,2026H1reg,20260309001130
KG파이낸셜,,코스닥,20260309,20260309000109,주주총회소집공고,True,True,True,True,4,,"매출채권의 양수, 관리, 회수 및 중개업 | 채권양도 방식의 자금 지원 서비스업 | 전자상거래 관련 채권 팩토링업 | 신용정보 수집 및 이용, 분석업",선정산사업 진출을 위한 사업목적 추가, 승인의 건(*현금배당 1주당 250원) - 제2호 의안 : 정관 일부 변경의 건 2-1호 : 사명변경 및 사업목적 추가의 건 2-2호 : 분기배당 기준일 규정 정비의 건 2-3호 : 기타 정관 변경의 건 - 제3호 의안 : 이사 선임의 건 (사내이사 곽재선 재선임) - 제4호 의안 : 전자금융사고 책임이행 준비금 증액의 건 -,https://kind.krx.co.kr/external/2026/03/09/000109/20260309000222/00591.htm,True,2026H1reg,20260309001090
나무가,,코스닥,20260309,20260309000104,주주총회소집공고,True,True,True,True,1,클라우드·SW·빅데이터,"정보보호 기술, 제품 및 소프트웨어의 개발, 공급 및 관련 용역업",사업 목적의 추가, $200 미만 가격대 시장은 둔화가 예상됩니다. (출처: Counterpoint Research) (4) 신규사업 등의 내용 및 전망 (가) 소프트웨어 기술 당사는 기존에 노트북 카메라 모듈 생산 경험을 바탕으로 이미지 처리 소프트웨어 및 펌웨어 기술에서 강점을 보유하고 있습니다. 이러한 소프트웨어 기술은 스마트폰 카메라 모듈,https://kind.krx.co.kr/external/2026/03/09/000104/20260309000214/00591.htm,True,2026H1reg,20260309001089
온코크로스,,코스닥,20260306,20260306001497,[정정]주주총회소집공고,True,True,True,True,5,AI(인공지능);클라우드·SW·빅데이터;바이오·헬스케어,"빅데이터, 인공지능, 의학 및 생명공학을 이용한 화학의약품, 생물 의약품, 세포 치료제, 유전자 치료제, 각종 중증 질환 진단제 연구 및 개발업 | (현황 유지) | 단백질체(Proteomics) 분석, 오믹스 데이터 분석 및 바이오마커 연구개발·분석 용역업 (신규) | 인체유래물 및 의료 데이터 통합 관리, 디지털 바이오뱅크 구축·운영업 (신규) | 바이오·의료 데이터 플랫폼 개발·운영 및 데이터 가공, 판매, 중개 및 라이선싱업 (신규)",1. 문구 추가 : 연구 및 개발업 15.~20. : 사업확장을 위한 사업목적 추가,"도·라이선스 및 공동연구 사업(신규) 1. 문구 추가 : 연구 및 개발업 15.~20. : 사업확장을 위한 사업목적 추가 주주총회소집공고 2026 년 03 월 05 일 회   사   명 : 주식회사 온코크로스 대 표 이 사 : 김이랑 본 점 소 재 지 : 서울특별시 송파구 법원로11길 7, 905호 (문정동, 문정현대지식산업센터",https://kind.krx.co.kr/external/2026/03/06/001497/20260306003325/00591.htm,True,2026H1reg,20260306000910
쿠콘,,코스닥,20260306,20260306001470,주주총회소집공고,False,True,True,True,3,전자지급·결제(PG·선불);바이오·헬스케어,직불전자지급수단 발행 및 관리업 | 개인정보 관리 및 분석업 | 의료정보 관리 및 분석업,사업 목적 추가,,https://kind.krx.co.kr/external/2026/03/06/001470/20260306003271/00591.htm,True,2026H1reg,20260306000889
웹케시,,코스닥,20260306,20260306001447,주주총회소집공고,False,True,True,True,3,AI(인공지능);디지털자산·블록체인·STO(스테이블코인),"인공지능 (AI) 솔루션 , 서비스 제공업 | 가상자산 관리 시스템 개발 및 판매업 | 통신판매중개업",사업 목적 추가,,https://kind.krx.co.kr/external/2026/03/06/001447/20260306003225/00591.htm,True,2026H1reg,20260306000879
아이텍,,코스닥,20260306,20260306001401,주주총회소집공고,True,True,True,True,5,,"연성 동판 적층판(Flexible Copper Clad Laminate) (이하 ""FCCL""이라 한다.)의 제조, 가공, 컨설팅 및 판매업 | FCCL의 가공, 컨설팅 및 판매에 소요되는 원료의 구입, 거래 및 수입 | FCCL과 관련한 제조기술의 개발 및 판매업 | FCCL 및 원부자재의 구매, 수입, 가공 및 판매업 | 신기술 개발, 기술컨설팅, 기술 판매 및 기타 용역제공업",- 일부 사업목적 삭제 9.~10. <삭제> - 신규 사업목적 추가 54.~60. <신설>,"old chain)사업은 초정밀 센서 네트워크 기술과 IoT(사물인터넷) 역량을 바탕으로 창출한 고부가가치 사업 영역으로 공급에서 최종 수요처까지 도달하는 과정 동안 관리온도 및 습도를 철저하게 유지 관리하는 물류산업체계를 의미하며, 의약품과 신선식품 사업에 필수적인 사업 입니다. 라. 배터리 안전 관리 시스템 국내외적으로 온실가",https://kind.krx.co.kr/external/2026/03/06/001401/20260306003141/00591.htm,True,2026H1reg,20260306000845
츌립앤사이언스,,코스닥,20260306,20260306001390,주주총회소집공고,True,True,True,True,4,바이오·헬스케어;반려동물(펫);화장품·뷰티,"현행 유지 | 화장품 및 화장품 원료의 개발, 제조, 도·소매 및 수출입업 | 동물용 의약품 및 의약외품의 연구개발, 제조, 도·소매 및 수출입업 | 동물사료, 펫푸드 및 반려동물 관련 제품의 제조, 가공, 도·소매 및 수출입업",사업목적 정비,니다. (3) 시장의 특성 '1. 사업의 개요'의 '가. 업계의 현황' 내용을 참조하시기 바랍니다. (4) 신규사업 등의 내용 및 전망 당사는 사업 다각화 및 중장기 수익 기반 확보를 위하여 홈쇼핑 채널 기반의 유통사업을 추진하고 있습니다. 본 사업은 고품질 수입 식품 및 생활용품을 중심으로 상품을 기획·소싱하여 주요 홈쇼핑 채,https://kind.krx.co.kr/external/2026/03/06/001390/20260306003119/00591.htm,True,2026H1reg,20260306000837
에코프로비엠,,코스닥,20260306,20260306001248,주주총회소집공고,False,True,True,True,2,,자회사의 주식 또는 지분을 취득·소유함으로써 자회사의 제반 사업 내용을 지배·경영지도 | 자회사 등에 대한 출자 또는 자회사 등에 대한 자금조달 지원,중장기 사업전략 관련 사업목적 추가,,https://kind.krx.co.kr/external/2026/03/06/001248/20260306002872/00591.htm,True,2026H1reg,20260306000767
제노레이,,코스닥,20260306,20260306001212,주주총회소집공고,True,True,True,True,1,부동산·임대·건설,부동산임대 및 판매,향후 잠재적 신규 사업 추진 가능성에 대비하여 정관상의 근거를 사전 확보함으로써 경영의 효율성을 제고하고자 함.,되는 경우 '제2-2호' 안건은 자동폐기됩니다. 제 3호 의안 : 정관 일부 변경의 건 제3-1호 의안 : 사업 목적 추가(제2조)의 건(이사회 안) 제3-2호 의안 : 소집시기 변경(제22조)의 건(이사회 안) 제3-3호 의안 : 이사회결의에 따른 전자주주총회 도입(제25조)의 건(이사회 안) 제3-4호 의안 : 대리권 증명 방,https://kind.krx.co.kr/external/2026/03/06/001212/20260306002814/00591.htm,True,2026H1reg,20260306000754
비상교육,,유가증권,20260306,20260306001182,주주총회소집공고,True,True,True,True,1,,방문판매업,신규사업 진출 계획,"표 승인의 건, 현금배당: 보통주 220원 -  제2호 의안 : 정관 일부변경의 건 - 제2-1호 의안 : 사업 목적 추가 - 제2-2호 의안 : 개정상법 반영 -  제3호 의안 : 이사 선임의 건 - 제3-1호 의안 : 사내이사 양태회 선임의 건 - 제3-2호 의안 : 사외이사 윤철호 선임의 건 - 제3-3호 의안 : 사외이사 ",https://kind.krx.co.kr/external/2026/03/06/001182/20260306002769/00591.htm,True,2026H1reg,20260306000744
HS효성첨단소재,,유가증권,20260306,20260306001107,[정정]주주총회소집공고,True,True,True,True,2,,기타 기초 무기 화학물질 제조업 | 비금속류 원료 재생업,신규사업목적 추가, 1) 제24조(이사의 정원 및 선임) - 집중투표제 배제 조항 삭제(부칙 제6조) 2) 제2조(목적) - 신규사업목적 추가의 건 3) 제18조(소집) - 주주총회 소집지와 개최방식 조문 신설의 건(부칙 제4조) 4) 제22조(의결권의 위임) - 의결권 증명 방법 추가의 건(부칙 제5조) 5) 제24조(이사의 정원 및 선임) -,https://kind.krx.co.kr/external/2026/03/06/001107/20260306002629/00591.htm,True,2026H1reg,20260306000708
랩지노믹스,,코스닥,20260306,20260306001094,주주총회소집공고,True,True,True,True,1,부동산·임대·건설,부동산의 임대 및 관리업과 이에 부수하는 일체의 사업,자산 효율화 및 중장기적 수익원 창출,여금처분계산서 (안) 포함)및 연결재무제표 승인의 건 제2호 의안: 정관 일부 변경의 건 제2-1호 의안: 사업목적 추가의 건 제2-2호 의안: 개정 상법 반영의 건 제3호 의안: 이사회 결의로 기부여한 주식매수선택권 승인의 건 제4호 의안: 이사 선임의 건 제4-1호 의안: 이종훈 기타비상무이사 선임의 건 제4-2호 의안: 김,https://kind.krx.co.kr/external/2026/03/06/001094/20260306002607/00591.htm,True,2026H1reg,20260306000699
오토앤,,코스닥,20260306,20260306001069,주주총회소집공고,True,True,True,True,2,,종합여행업 | 고압가스 판매업,사업목적 추가 및 변경," 32%, 애프터마켓이 약 140조원 정도로 68%를 점유할 것으로 추정되고 있습니다. 이 중 당사의 주요 사업영역인 자동차 애프터마켓 부품/서비스(장착)는 약 16조원으로 전체 시장에서 13% 정도를 차지하고 있습니다. 자동차 비포/애프터마켓 시장규모 (가) 애프터마켓 선진국의 사례를 보면, 당사 사업영역인 자동차 애프터마켓 ",https://kind.krx.co.kr/external/2026/03/06/001069/20260306002551/00591.htm,True,2026H1reg,20260306000681
엑스페릭스,,코스닥,20260306,20260306000936,주주총회소집공고,True,True,True,True,1,투자·금융,기타 금융투자업,사업목적 추가 36. 기타 금융투자업, 의안 : 감사 보수한도 (1억원) 승인의 건* 제 6 호 의안 : 정관 변경의 건 제 6-1 호 의안 : 사업목적 추가 제 6-2 호 의안 : 발행예정주식총수 상향 제 6-3 호 의안 : 사채의 액면총액 증액 제 6-4 호 의안 : 기타 상법 개정으로 인한 내용 반영 제 6-5 호 의안 : 이사의 수 변경 *추후 주주총회에서 ,https://kind.krx.co.kr/external/2026/03/06/000936/20260306002302/00591.htm,True,2026H1reg,20260306000590
TJ미디어,,코스닥,20260306,20260306000811,주주총회소집공고,True,True,True,True,1,부동산·임대·건설,부동산 매매 및 임대업,사업목적 추가 및 정비,"참고사항 1. 사업의 개요 가. 업계의 현황 사업부문별 현황 국내 1위 노래반주기 사업을 기반으로 안정적인 사업영역을 구축하고 있습니다. 아래와 같이 크게 6개 부문으로 나누어 볼 수 있으며, 각 부문의 주요제품 및 서비스는 다음과 같습니다. 사업부문 주요 제품 비고 (1)노래반주기 부문 *영업용 반주기, 가정용 반주기, 전문가",https://kind.krx.co.kr/external/2026/03/06/000811/20260306002045/00591.htm,True,2026H1reg,20260306000513
사이냅소프트,,코스닥,20260306,20260306000807,주주총회소집공고,True,True,True,True,1,로봇;클라우드·SW·빅데이터;엔터·콘텐츠·게임,"로봇 관련 소프트웨어, 하드웨어, 컨텐츠의 연구 개발 및 판매",사업목적추가,"루션의 기본 기능으로 보급이 확산됨에 따라 매출이 성장하고 있습니다. (나) 공시대상 사업부문의 구분 주요 사업 영역과 관련된 소프트웨어 솔루션 및 서비스는 아래와 같습니다. 카테고리 제품명 특징 디지털 문서 솔루션 사이냅 오피스 클라우드 기반 MS Office, 아래아한글 호환 웹오피스 사이냅 에디터 MS Office 호환 텍스",https://kind.krx.co.kr/external/2026/03/06/000807/20260306002036/00591.htm,True,2026H1reg,20260306000507
깨끗한나라,,유가증권,20260306,20260306000756,주주총회소집공고,True,True,True,True,1,바이오·헬스케어;화장품·뷰티,"헬스케어 기기/미용기기(뷰티 디바이스 ) 도·소매(유통·판매), 전자상거래(온라인 ) 판매, 무역(수출입), 고객 서비스 대행 및 관련 컨설팅업",사업다각화를위한 사업목적추가,"적용을 받고 있으며, 물티슈는 화장품법, 화장지와 기저귀는 위생용품 관리법의 적용을 받고 있습니다. (4) 신규사업 등의 내용 및 전망 친환경 자원순환생태계를 구축하기 위하여 본사업 외에 신사업의 영역을 확대하고 있습니다. 최근에는 매립되거나 소각되어지는 폐플라스틱과 비닐 등을 물리적·화학적인 재처리 공정을 통해 재생소재 및 제",https://kind.krx.co.kr/external/2026/03/06/000756/20260306001906/00591.htm,True,2026H1reg,20260306000466
삼익제약,,코스닥,20260306,20260306000411,주주총회소집공고,True,True,True,True,1,부동산·임대·건설,부동산 매매 및 임대업,자회사와 사무실 임대차 계약에 따른 사업목적 추가,계산서 포함) 승인의 건 (현금배당 1주당 40원) 제2호 의안: 정관 일부 변경의 건 제2-1호 의안 : 사업목적 추가 제2-2호 의안 : 이사의 보수한도 제2-3호 의안 : 감사의 보수한도 제2-4호 의안 : 관련 법령 반영 및 조문 정비 제3호 의안: 이사 선임의 건 제3-1호 의안 : 사외이사 김보연 선임의 건 제4호 의,https://kind.krx.co.kr/external/2026/03/06/000411/20260306001080/00591.htm,True,2026H1reg,20260306000222
엘앤에프,,유가증권,20260306,20260306000371,주주총회소집공고,True,True,True,True,1,,브랜드 및 상표권 등 지적재산권의 관리 및 라이센스업,-.사업목적 추가에 따른 변경," 배제 관련 정관 변경의 건 (제29조, 부칙 제4조) 제4호 의안 : 정관 일부 변경의 건 제4-1호 : 사업목적 추가에 따른 변경 (제2조) 제4-2호 : 발행예정주식의 총수 및 사채 발행한도 변경 (제5조, 제14조, 제15조) 제4-3호 : 이사회 운영 조항 정비에 따른 변경 (제28조, 제30조) 제4-4호 : 상법 개",https://kind.krx.co.kr/external/2026/03/06/000371/20260306000922/00591.htm,True,2026H1reg,20260306000198
크레버스,,코스닥,20260306,20260305001903,주주총회소집공고,True,True,True,True,1,,독서실 운영업,독서실/스터디카페 지점의 사업자등록을 위해 추가," 이를 통해 고등학생 때부터 직업 능력을 개발하여 학생부 종합 전형의 포트폴리오를 구성하게 됩니다. (4) 신규사업 등의 내용 및 전망 [국내 교육 사업부문] 당사는 영어 능력 향상 및 창의적 사고력 계발을 목표로 하는 프리미엄 영어 교육 서비스를 제공하고 있으며, April어학원, 청담어학원, THE OPEN 청담어학원, iG",https://kind.krx.co.kr/external/2026/03/05/001903/20260305004219/00591.htm,True,2026H1reg,20260305001650
인크로스,,코스닥,20260305,20260305001776,주주총회소집공고,True,True,True,True,1,,특수한 유형의 부가통신사업 및 관련 서비스업,전기통신사업법에 따른 문자메시지 발송 등 특수한 유형의 부가통신사업 진출 및 서비스 운영을 위한 사업목적 신설 및 번호 변경,"있으며, 앞으로도 데이터 기반의 고도화된 커머스 서비스를 제공하기 위해 지속적으로 노력할 것입니다. (4) 신규사업 등의 내용 및 전망 (가) 광고사업 포트폴리오 강화 최근 디지털 환경의 급변과 소비자 행동의 변화는 광고 시장의 지형을 빠르게 바꾸고 있습니다. 비대면 쇼핑과 모바일 콘텐츠 소비가 일상화되면서 디지털 환경에서 광고",https://kind.krx.co.kr/external/2026/03/05/001776/20260305003959/00591.htm,True,2026H1reg,20260305001577
덕신이피씨,,코스닥,20260305,20260305001741,[정정]주주총회소집공고,True,True,True,True,13,부동산·임대·건설;식품·농업·외식,"부동산개발 및 공급업 | 골프장 개발 및 운영업 | 부동산 시행 관리업 | 부동산 분양업 및 투자자문업 | 토목 공사업 | 건축 공사업 | 대지 조성사업 | 골프장 인허가에 관한 사업 | 체육시설업 및 운영업(골프장업,골프연습장업,스키장업,종합체육시설,설치이용,회원모집,관리운영 및 위탁 관리업) | 관광숙박업 및 관광 이용시설업 | 연수원,회의장 개발업 | 각종 휴양시설의 개발업 | 대중음식점 운영업",천안산업단지 조성 및 골프장 관련 목적사업 추가,"기존 데크플레이트 업체들의 생산설비 증설과 함께 저가 수주로 인한 가격경쟁이 심화 되고 있습니다. (3)  신규사업 등의 내용 및 전망 당사는 사업의 다각화 보다는 기존 제품의 개선과 다변화 및 해외 등 매출처 확대를 통해 신규사업을 펼칠 계획을 가지고 있습니다. 제품의 다변화로는 기존의 일체형 데크플레이트 외에, 탈형 데크플레",https://kind.krx.co.kr/external/2026/03/05/001741/20260305003885/00591.htm,True,2026H1reg,20260305001553
유진증권,,유가증권,20260305,20260305001726,주주총회소집공고,True,True,True,True,2,,"기관전용 사모집합투자기구의 업무집행사원 업무 | 기관전용 사모집합투자기구의 설립, 운용 및 관리 업무",신규 사업 영위에 따른 사업목적 추가, 의안 : 정관 일부 변경의 건 ㆍ제2-1호 의안 : 집중투표제 관련 정관 정비의 건 ㆍ제2-2호 의안 : 사업 목적 관련 정관 정비의 건 ㆍ제2-3호 의안 : 상법 개정 관련 정관 정비의 건 ㆍ제2-4호 의안 : 이사의 수 조정 관련 정관 정비의 건 - 제3호 의안 : 이사 선임의 건 (사외이사 2명) ㆍ제3-1호 의안 : 사외,https://kind.krx.co.kr/external/2026/03/05/001726/20260305003856/00591.htm,True,2026H1reg,20260305001537
후성,,유가증권,20260305,20260305001607,주주총회소집공고,True,True,True,True,2,,신규 기술 연구개발 및 용역업 | 물품보관 및 운송업,수도권 연구소 설립 및 창고 관리 등 중장기 운영에 필요한 사업 목적 추가,에너지개발에 대한 관심 증대로 대체물질 수요가 증가함에 따라 급격한 시장변화가 발생하 고 있습니다. (4) 신규사업 등의 내용 및 전망 - 해당사항 없음. (5) 조직도 조직도(2025.12.31) 2. 주주총회 목적사항별 기재사항 □ 재무제표의 승인 가. 해당 사업연도의 영업상황의 개요 Ⅲ.경영참고사항의 1. 사업의 개요의 나,https://kind.krx.co.kr/external/2026/03/05/001607/20260305003624/00591.htm,True,2026H1reg,20260305001435
현대자동차,,유가증권,20260305,20260305001569,[정정]주주총회소집공고,True,True,True,True,1,,"자동차 관리사업(중고차매매업, 폐차업, 재생사업 , 자동차 대여사업 등) 및 관련 가맹사업",자동차 대여사업 신규 진출을 고려한 사업목적추가, - 제1호 의안 : 제58기 재무제표 승인의 건 - 제2호 의안 : 정관 일부 변경의 건 제2-1호 :  사업목적 추가 제2-2호 :  집중투표제 배제 문구 삭제 제2-3호 :  이사의 충실의무 확대 제2-4호 :  감사위원회 위원 분리선출 확대 제2-5호 :  전자주주총회 근거규정 신설 제2-6호 :  조문 정비 제2-7호 ,https://kind.krx.co.kr/external/2026/03/05/001569/20260305003555/00591.htm,True,2026H1reg,20260305001412
퍼스텍,,유가증권,20260305,20260305001106,주주총회소집공고,True,True,True,True,2,우주항공,"항공기, 우주선 및 보조장치 제조업 | 항공기용 엔진 및 부품 제조업",사업목적 추가," 개발을 통해 중추적인 역할을 수행하고 있습니다. ④ 해상수중무기분야 당사는 2010년대부터 해상수중분야로 사업영역 확장을 준비해왔습니다. 잠수함이 어뢰 공격으로부터 안전하게 회피할 수 있도록 하는 방어체계 장치인 어뢰기만기 발사체계와 함정분야의 전투체제 핵심부품인 다기능 레이더 냉각시스템 등을 개발하고, 생산 중에 있으며, 향",https://kind.krx.co.kr/external/2026/03/05/001106/20260305002590/00591.htm,True,2026H1reg,20260305001061
나노씨엠에스,,코스닥,20260305,20260305001002,주주총회소집공고,True,True,True,True,4,반도체;바이오·헬스케어;신재생·에너지·전력;화장품·뷰티,"차 전지 제조 및 도소매 | 전자상거래 | 전력반도체 제조 및 도소매 | 화장품, 의료, 바이오 제조 및 도소매",- 사업목적 추가 및 변경 - 정관 조문 정비,"다는 점이 지속적으로 관심을 받고 있는 만큼 향후 살균 시장에서큰 비중을 차지할 것으로 예상됩니다. (3) 신규사업 등의 내용 및 전망 (가) 위조방지 기능성 보안 소재 및 IT 분야 특수소재 사업 보안인쇄는 위조를 방지하여 불법 유통되는 제품을 줄이는 데 도움이 됩니다. 예를 들어, 화폐나 은행 수표에 적용되는 마이크로 인쇄는",https://kind.krx.co.kr/external/2026/03/05/001002/20260305002382/00591.htm,True,2026H1reg,20260305000978
한신기계공업,,유가증권,20260305,20260305000963,주주총회소집공고,True,True,True,True,1,,투자매매업,-사업목적의 변경 및 추가,(주)한신정공의 지분을 추가로 취득함에 따라 보다 효율적인 AIR TANK 공급은 물론이고 공기압축기 관련 사업영역을 확대하고자 노력하고 있습니다. (나) 공시대상 사업부문의 구분 사업부문별 주요 제품명 주 요 용 도 제조부문 Air Compressor 압축공기를 동력원으로 사용하는 공장설비에 사용 도매부문 기계공구 Air Co,https://kind.krx.co.kr/external/2026/03/05/000963/20260305002276/00591.htm,True,2026H1reg,20260305000940
솔루스첨단소재,,유가증권,20260305,20260305000898,주주총회소집공고,False,True,True,True,11,2차전지·배터리;모빌리티·전기차·자율주행;부동산·임대·건설,"이차전지 소재의 제조, 가공, 판매 및 수출입업 | 전해동박의 제조, 가공, 판매 및 수출입업 | 전기자동차 소재의 제조, 가공, 판매 및 수출입업 | 비철금속 및 관련 소재의 판매 및 수출입업 | OLED 전자재료의 제조, 판매 및 수출입업 | 기타 전자부품 소재의 제조, 판매 및 수출입업 | 회사가 보유하고 있는 지식, 정보 등 무형자산의 라이선스, 판매 및 용역사업 | 자회사, 손자회사 및 손자회사가 지배하는 회사(이하 “자회사등”)의 주식 또는 지분 취득, 소유, 관리 및 이와 관련된 사업, 자회사 등의 제반 사업내용을 지배, 경영지도, 정리 및 육성하는 지주사업 | 자회사등과 상품 또는 용역의 공동개발, 판매 및 설비, 전산 시스템의 공동활용 등을 위한 사무지원 사업 | 자회사등에 대한 브랜드 및 상표권 등 지식재산권의 관리 및 라이선스업 | 부동산 임대업",사업 목적 명확화,,https://kind.krx.co.kr/external/2026/03/05/000898/20260305002139/00591.htm,True,2026H1reg,20260305000875
에어레인,,코스닥,20260305,20260305000854,주주총회소집공고,True,True,True,True,8,반도체;바이오·헬스케어;신재생·에너지·전력;탄소·환경,"반도체용 케미컬의 재활용을 위한 사업 | 기초 무기화학 물질 제조업 | 금속류 해체, 선별 및 원료 재생업 | 비금속류 해체, 선별 및 원료 재생업 | 합성고무 및 플라스틱 물질 제조업 | 바이오 연료 및 혼합물 제조업 | 증기, 냉·온수 및 공기 조절 공급업 | 기반조성 및 시설물 축조관련 전문공사업","추진 사업 관련 사업목적 추가, 문구 및 기재순서 정비","5.01.01~2025.12.31) 재무제표 승인의 건 제2호의안: 정관 일부 변경의 건 -제2-1호의안: 사업목적 변경의 건 -제2-2호의안: 이사보수규정 신설의 건 -제2-3호의안: 주주명부 기준일 및 이익배당 기준일 변경의 건 -제2-4호의안: 기타 변경의 건 제3호의안: 이사선임의 건(사내이사 1명, 사외이사 3명) -제",https://kind.krx.co.kr/external/2026/03/05/000854/20260305002026/00591.htm,True,2026H1reg,20260305000843
이크레더블,,코스닥,20260305,20260305000838,주주총회소집공고,True,True,True,True,2,투자·금융,녹색금융상품 관련 평가 및 자문 업무 | 신용정보법 및 다른 관련 법령에서 허용하는 겸영 및 부수업무,신규사업 추가를 통한 회사 성장을 도모하기 위해 부수업무로 반영할 예정 * 업무정의 : 녹색금융상품 관련 외부검토업무 수행 등,복화가 자연스럽게 진행됨에 따라 서비스 거래수수료 또한 지속ㆍ반복적으로 지불되는 구조의 시장입니다. (4) 신규사업 등의 내용 및 전망 <녹색금융 상품에 대한 평가 및 자문> 기후위기 대응을 위한 정부 주도의 녹색여신 및 녹색채권 발행 시장은 지속적인 성장세를 보이고 있습니다. 당사는 한국환경산업기술원 한국형 녹색채권 외부검토기,https://kind.krx.co.kr/external/2026/03/05/000838/20260305001988/00591.htm,True,2026H1reg,20260305000825
케이에스피,,코스닥,20260305,20260305000698,주주총회소집공고,True,True,True,True,1,,기타 공학 연구개발업,ㆍ연구개발활동 강화를 통한 신규사업 추진 검토,5.10.22. 금융기관 운영자금 차입의 건 찬성 - - 찬성 찬성 17 2025.11.28. 부동산 임대 사업 추가의 건 찬성 - - 찬성 찬성 18 2025.11.28. 내부회계관리규정 개정ㆍ시행의 건 찬성 - - 찬성 찬성 19 2025.12.30. 2025년 하반기 중대재해처벌법 이행 점검사항 보고 - - - - - ※ 2,https://kind.krx.co.kr/external/2026/03/05/000698/20260305001640/00591.htm,True,2026H1reg,20260305000731
금강공업,,유가증권,20260305,20260305000696,주주총회소집공고,False,True,True,True,21,AI(인공지능);신재생·에너지·전력;부동산·임대·건설,"토공사업 | 기반조성 관련 전문공사업 | 기계설비공사업 | 전기공사업 | 정보통신공사업 | 소방시설공사업 | 스마트팜 설치, 관리, 운영업 | 농작물의 생산, 유통업 | 부동산개발업 | 해외건설업 | 리모델링, 인테리어업 | 신에너지 및 재생에너지 개발사업 | 부동산 주택 임대 관리업 | 부동산종합서비스업 | 제로에너지 관련 선계, 시공, 유지관리업 | 모듈러주택 제작, 관리, 유통업 | PC모듈러 건축물 제작업 | 태양광발전 및 전력중개업 | 벤처사업의 발굴, 운영, 투자, 육성 및 기타 관련사업 | 미술품 전시, 판매, 중개, 임대업 및 관련 컨설팅 | 인공지능 기반 응용 분석, 서비스",- 사업 다각화 조문번호 수정 (19>40),,https://kind.krx.co.kr/external/2026/03/05/000696/20260305001631/00591.htm,True,2026H1reg,20260305000727
데이원컴퍼니,,코스닥,20260305,20260305000555,주주총회소집공고,False,True,True,True,6,교육,"일반잡화 도·소매 업 및 위탁판매업 | 컴퓨터 교육업 | 캐릭터 상품의 제조, 판매 및 제3자 라이선싱 부여업 | 문화, 여행, 유학대생 등 정보서비스업 | 전시, 컨벤션 및 행사 대행업 | 저작권 및 저작인접권 등의 중개알선업",사업영역 확대,,https://kind.krx.co.kr/external/2026/03/05/000555/20260305001241/00591.htm,True,2026H1reg,20260305000561
메카로,,코스닥,20260305,20260305000526,주주총회소집공고,True,True,True,True,1,,각종 기계기구 및 정밀기기 제조,[조문개정] 사업목적의 명확화 및 추가,익잉여금처분계산서 포함) 및 연결재무제표 승인의 건 제2호 의안 : 정관 일부 변경의 건 2-1호 의안 : 사업목적 변경 및 추가의 건 2-2호 의안 : 사외이사 명칭 변경의 건 2-3호 의안 : 감사의 책임경감 추가의 건 2-4호 의안 : 신주의 동등배당의 건 2-5호 의안 : 기타 조문 정비의 건 제3호 의안 : 임원보수규정,https://kind.krx.co.kr/external/2026/03/05/000526/20260305001171/00591.htm,True,2026H1reg,20260305000527
청보,,코스닥,20260305,20260305000472,주주총회소집공고,False,True,True,True,13,부동산·임대·건설,"건설 기자재 제조, 판매 및 임대업 | 강관 PIPE 제조 및 판매업 | 산업기계 제조 및 판매업 | 철근 콘크리트 시공업 | 특수강 제조 및 판매업 | 철강재 압연 신선 제관등의 제조 및 판매업 | 토목, 건축 공사업 | 전문건설업 | 모듈러 건축물 제작업 | 공업화 건축물 제작업 | 알루미늄 압출 제조 및 판매 | 비철금속 판매업 | 주택건설사업",미영위 목적사업 일부삭제 / 신규사업 진출 및 사업 다각화를 위한 사업목적 추가,,https://kind.krx.co.kr/external/2026/03/05/000472/20260305001042/00591.htm,True,2026H1reg,20260305000473
우양에이치씨,,코스닥,20260305,20260305000470,주주총회소집공고,True,True,True,True,9,탄소·환경,"기계가스설비 공사업 | 환경오염방지시설 설계 및 시공업, 환경오염방지시 설업, 환경전문공사업 | 대기, 수질, 태양 등 환경오염물 처리장치 및 기술 개발 및 판매 | 환경폐기물 처리 기술 개발 및 판매 | 환경폐기물 처리 장치 및 설비 설계, 제조 및 설치 | 환경폐기물 처리 장치 설계, 운용 기술자문 및 교 육 사업 | 환경폐기물 처리 장치 및 설비 수리, 임대, 유지보 수업 | 국내외 환경폐기물 처리 대행업 | 사무용역 서비스업",사업 포트폴리오 다각화,"AI 데이터센터로 인한 전력 수요 급증과 신재생 에너지 이슈에 따라 그 중요성이 강조되고 있습니다. (4) 신규사업 등의 내용 및 전망 당사는 신규 에코 플랜트 사업 강화를 위해 엔지니어링 기술에 집중하여 적극적으로 인력을 확충하고 있습니다. 또한, 지속적으로 관련 연구활동을 함으로써 수처리 사업 부문및 기타 환경 사업등에서 가",https://kind.krx.co.kr/external/2026/03/05/000470/20260305001041/00591.htm,True,2026H1reg,20260305000470
미코,,코스닥,20260305,20260305000433,주주총회소집공고,True,True,True,True,1,,시설 대관 및 장소 임대업,신사업목적 추가,"025.12.31) 별도, 연결 재무제표 승인의 건 제2호 의안 : 정관 일부 변경 승인의 건 제2호의1. 사업 목적 변경(제2조) 제2호의2. 주식, 사채 등 전자등록에 관한 법률 반영 규정 변경,삭제 및 신설 (제8조의2, 제15조, 제15조의2) 제2호의3. 신주인수권 배정 한도액 및 사채 발행 한도액 설정 등(제10조, 제",https://kind.krx.co.kr/external/2026/03/05/000433/20260305000910/00591.htm,True,2026H1reg,20260305000402
부스타,,코스닥,20260305,20260305000373,주주총회소집공고,True,True,True,True,2,,항온항습기 | 공조기,사업다각화,"출시하고 있으나 효율, 안정성 등에서 앞선 당사의 관류보일러가 현재까지는 시장을 주도하고 있습니다. (4) 신규사업 등의 내용 및 전망 ■ HEAT PUMP 히트펌프란 냉매의 발열 또는 응축열을 이용해 저온의 열원을 고온으로 전달하거나 고온의 열원을 저온으로 전달하는 냉난방장치를 말합니다. 21세기는 국제 기후변화대책 및 환경문",https://kind.krx.co.kr/external/2026/03/05/000373/20260305000686/00591.htm,True,2026H1reg,20260305000233
와이엠씨,,코스닥,20260305,20260305000242,[정정]주주총회소집공고,True,True,True,True,1,,"기타 전자기기 부품, 산업기계 부품의 제조 판매 및 도소매업",단순 오기 조문 정비,"전ㆍ후방 연관효과가 큰 전략 산업이며, 선제투자를 통한 가격경쟁력 확보가 시장선점의 주요 요인입니다 (4) 신규사업 등의 내용 및 전망 - 해당사항이 없습니다. (5) 조직도 조직도 2. 주주총회 목적사항별 기재사항 □ 재무제표의 승인 가. 해당 사업연도의 영업상황의 개요 Ⅲ. 경영참고사항 중 ' (나) 회사의 현황' 참조 나.",https://kind.krx.co.kr/external/2026/03/05/000242/20260305000339/00591.htm,True,2026H1reg,20260305000078
한화오션,,유가증권,20260304,20260304001587,[정정]주주총회소집공고,False,True,True,True,6,신재생·에너지·전력,"신문업 및 관련 서비스의 제공 | 신재생에너지 발전사업 | 신재생에너지 설비의 설치,운영 및 판매사업 | 신재생에너지 공급 및 판매사업 | 신재생에너지 발전사업권, 지분 및 권리 등 양수도업 | 신재생에너지 개발 관련 컨설팅 및 용역업",일부 사업목적 추가 (풍력사업 등) 반영,,https://kind.krx.co.kr/external/2026/03/04/001587/20260304003587/00591.htm,True,2026H1reg,20260304001631
한미글로벌,,유가증권,20260304,20260304001496,주주총회소집공고,True,True,True,True,2,투자·금융,자본시장과 금융투자업에 관한 법률에 의한 기관전용 사모집합투자 기구의 업무집행사원(GP)로서의 업무 | 자본시장과 금융투자업에 관한 법률에 의한 기관전용 사모집합투자 기구의 설립 및 운용,목적사업 추가,"재무제표(이익잉여금처분계산서 포함) 및 연결재무제표 승인의 건 제2호 : 정관 일부변경의 건 제2-1호 : 목적사업 추가에 관한 사항 제2-2호 : 사채에 관한 사항 제2-3호 : 이사회에 관한 사항 제2-4호 : 배당에 관한 사항 제2-5호 : 기타 조문정비에 관한 사항 제3호 : 이사 선임의 건 (사내이사3명 재선임, 사외이",https://kind.krx.co.kr/external/2026/03/04/001496/20260304003412/00591.htm,True,2026H1reg,20260304001552
미원에스씨,,유가증권,20260304,20260304001427,주주총회소집공고,True,True,True,True,3,부동산·임대·건설,"부동산 임대업 | 자회사의 지분소유를 통해 자회사의 사업내용을 지배하는 지주사업 | 자회사등과 상품의 공동개발, 판매 및 설비,전산시스템등의 공동활용등을 통한 사무지원사업",목적사업추가,사에서도 이러한 변화에 발맞추어 신제품을 개발하고 상업화시켜 나가면서 적극 대응해 나가고 있습니다. (4) 신규사업 등의 내용 및 전망 해당사항 없음. (5) 조직도 조직도 2. 주주총회 목적사항별 기재사항 □ 기타 주주총회의 목적사항 제 1호 의안) 자본준비금 감액의 건 가. 의안 제목 자본준비금 감액의 건 나. 의안의 요지 ,https://kind.krx.co.kr/external/2026/03/04/001427/20260304003275/00591.htm,True,2026H1reg,20260304001489
에스디바이오센서,,유가증권,20260304,20260304001199,[정정]주주총회소집공고,True,True,True,True,2,,"학술, 연구용역 서비스업 | 개인위치정보 사업 및 위치기반서비스 사업",- 부대사업 수행을 위한 '개인위치정보 사업 및 위치기반서비스 사업' 목적 추가 - 명확한 목적 범위 규정 및 순서 변경,회가 소집되는 경우부터 적용됩니다. 나. 그 외의 정관변경에 관한 건 구분 변경전 내용 변경후 내용 변경의 목적 사업목적추가 제2조(목적) 이 회사는 다음의 사업을 영위함을 목적으로 한다. 1~4. (생략) 5. 각항에 부대 관련된 사업일체 6. 각항의 사업과 관련된 건강을 보조하는 사업일체 7. 부대시설에 대한 임대 사업 8. ,https://kind.krx.co.kr/external/2026/03/04/001199/20260304002778/00591.htm,True,2026H1reg,20260304001291
비씨엔씨,,코스닥,20260304,20260304001162,[정정]주주총회소집공고,True,True,True,True,4,신재생·에너지·전력;부동산·임대·건설,"신생에너지 발전에 의한 전기 생산 및 판매사업 | 신생에너지 발전소 설치, 건설 및 투자사업 | 신생에너지 발전소 유지, 관리 및 운영사업 | 신생에너지 사업",사업목적추가,"가 등으로 반도체 시장이 급격하게 성장하고 있음에 따라 당사의 매출 역시 매년  성장하고 있습니다. (4) 신규사업 등의 내용 및 전망 당사는 현재 국내에서 생산하고 있는 기업이 전무하여 해외에서 100% 수입에 의존하고 있는 쿼츠 소재는  합성쿼츠로 당사에서 직접 개발하여 양산에 성공하였습니다. 또한 쿼츠, 실리콘, 세라믹 위",https://kind.krx.co.kr/external/2026/03/04/001162/20260304002708/00591.htm,True,2026H1reg,20260304001255
캐프,,코스닥,20260304,20260304001087,주주총회소집공고,True,True,True,True,1,,전자상거래 및 통신판매업,자동차사업부 온라인판매 사업영역 확대," 완성차 위주의 사업에 한계가 있음을 인지하고 기존 OEM 중심의 영업을 탈피, 현재는 교체용 제품 (4) 신규사업 등의 내용 및 전망 (가) SMT 사업부문 당사가 영위하는 산업 특성상 대량 생산하여 불량률을 최소화하고 적기에 납품함으로써 고객의 요구를 충족시켜야 합니다. 당사는 지속적인 설비투자 및 다년간의 경험으로 이러한 ",https://kind.krx.co.kr/external/2026/03/04/001087/20260304002589/00591.htm,True,2026H1reg,20260304001194
DS단석,,유가증권,20260304,20260304000797,[정정]주주총회소집공고,True,True,True,True,14,원전·원자력;2차전지·배터리;신재생·에너지·전력;희토류·핵심광물·소재;조선·해양;부동산·임대·건설;탄소·환경,"기초 화학물질 제조업 | 피. 브이. 씨 안정제 제조, 판매업 | 바이오 연료(바이오디젤, 바이오중유, 바이오선박유, 바이오항공유) 및 그 부산물과 혼합물의 제조, 보관, 유통 및 판매업 | 동물성 및 식물성 유지의 제조, 보관, 유통 및 판매업 | 식용유 제조, 가공, 보관, 유통 및 판매업 | 폐기물 수집, 운반, 처리 및 원료 재생업 | 차 비철금속 및 그 합금, 화합물의 제조, 보관, 유통 및 판매업 | 전자, 전기산업 및 광산물 제련 과정에서 발생하는 스크랩, 부산물로부터 금속(귀금속 포함) 회수, 판매업 | 전자, 전기부품 및 소재의 제조, 가공, 판매업 | 이차전지 소재 및 그 원료의 제조, 가공, 판매업 | 에너지 저장장치의 개발, 제조, 판매업 | 발전·송전·변전·배전을 포함하는 전기에너지 관련 사업 | 소형·초소형모듈형원자로의 개발, 제조, 판매업 | 부동산 개발 및 임대업","미영위 사업 삭제, 신사업 추가, 업의 확장 및 사업목적 각호 정비","정정사유 정 정 전 정 정 후 Ⅲ. 경영참고사항 2. 주주총회 목적사항별 기재사항 □ 정관의 변경 2-1) 사업 목적 변경의 건 변경후 내용 오기재 사항 정정 15. 초소형모듈형원자로의 개발, 제조, 판매업 16. 해상화물 운송 주선업 17. 복합운송 주선업 18. 창고업 19. 무역대리업 20. 화물 자동차 운송 사업 21. 보",https://kind.krx.co.kr/external/2026/03/04/000797/20260304001854/00591.htm,True,2026H1reg,20260304000867
AP위성,,코스닥,20260304,20260304000349,[정정]주주총회소집공고,True,True,True,True,1,,"전시,컨벤션 및 행사 대행업",사업목적 추가,2호 의안 : 자기주식 보유ㆍ처분 계획 승인의 건 (3) 제3호 의안 : 정관 변경의 건 ① 제3-1호 : 사업목적 변경의 건 ② 제3-2호 : 자사주 소각 및 관리 조항 신설의 건 ③ 제3-3호 : 독립이사 명칭 및 선임비율 변경의 건 ④ 제3-4호 : 전자주주총회 도입의 건 ⑤ 제3-5호 : 이사의 충실의무 확대의 건 ⑥ 제,https://kind.krx.co.kr/external/2026/03/04/000349/20260304000780/00591.htm,True,2026H1reg,20260304000323
LS티라유텍,,코스닥,20260304,20260304000338,주주총회소집공고,True,True,True,True,5,우주항공;엔터·콘텐츠·게임,"전기통신업(유무선 전신전화통신업, 무선통신서비스판매업, 통신위성, 통신 중계 및 방송전송, 부가통신업 및 컴퓨터 및 통신기기를 이용한 정보자료처리 및 정보통신서비스업을 포함) | 전기공사업 | 정보통신공사업 | 전기안전관리대행업 | 위치기반서비스사업",LS내부사업 및 공공사업 진행을 위한 사업목적 추가,"지원하는 S/W입니다. 상기 분류를 바탕으로 당사가 영위하고 있는 주요 사업부문은  아래와 같습니다. 구분 사업영역 비 고 IT서비스부문 S/F, SCM 등 연결회사는 고객의 생산효율성 극대화를 위하여 스마트공장의 생산관리(MES) 및 재고관리(SCM) 시스템의 구축, 운영 , 유지관리, 고도화를 담당합니다. 특히 광범위한 ME",https://kind.krx.co.kr/external/2026/03/04/000338/20260304000758/00591.htm,True,2026H1reg,20260304000302
세코닉스,,코스닥,20260304,20260304000305,주주총회소집공고,True,True,True,True,4,신재생·에너지·전력;부동산·임대·건설,"신생에너지 사업 | 신생에너지 발전에 의한 전기 생산 및 판매 사업 | 신생에너지 발전소 설치, 건설 및 투자산업 | 신생에너지 발전소 유지, 관리 및 운영사업",신규 사업에 따른 목적 추가 및 채번 변경,연결포함) 및 이익잉여금처분계산서(안) 승인의 건 제2호 의안 : 정관 일부 변경의 건 제2-1호 의안 : 사업 목적의 추가 제2-2호 의안 : 전환사채 발행 한도 증액 제3호 의안 : 이사 보수한도 승인의 건 제4호 의안 : 감사 보수한도 승인의 건 4. 경영참고사항 비치 상법 제542조의4에 의거 경영참고사항을 우리 회사의 본,https://kind.krx.co.kr/external/2026/03/04/000305/20260304000673/00591.htm,True,2026H1reg,20260304000241
SGC에너지,,유가증권,20260303,20260303001205,주주총회소집공고,True,True,True,True,1,데이터센터,데이터센터 사업,AI데이터센터 설립 및 운영을 위한 사업목적 추가,.국내에서는 사업성을 갖춘 프로젝트 중심의 사업 전략을 앞세워 공공사업을 확대하고 재개발/재건축 및 지역주택사업 영역도 강화하고 있습니다. 그간 축적해 온 다양한 프로젝트 수행 경험과 사례 중심의 지식 자산을 체계적으로 내재화하여 수행 역량을 지속적으로 고도화하는 등 지속 가능한 성장 기반을 굳건히 다지고 있습니다. [유리사업 부,https://kind.krx.co.kr/external/2026/03/03/001205/20260303003186/00591.htm,True,2026H1reg,20260303002953
한솔홈데코,,유가증권,20260303,20260303001090,주주총회소집공고,True,True,True,True,1,탄소·환경,폐기물처리업,폐기물 적합성 확인제도에 따른 사업목적 추가,"산서 (안)포함)및 연결재무제표 승인의 건 - 제2호 의안 : 정관 일부 변경의 건 * 제2-1호 의안 : 사업목적 추가의 건(제2조, 부칙 제1조) * 제2-2호 의안 : 신주의 배당기산일 관련 건 (제10조의3, 제10조의4, 제14조의2, 제14조의3) * 제2-3호 의안 : 소집지와 개최방식 및 의결권 대리행사 관련 건 ",https://kind.krx.co.kr/external/2026/03/03/001090/20260303002988/00591.htm,True,2026H1reg,20260303002807
이스트소프트,,코스닥,20260303,20260303001069,주주총회소집공고,False,True,True,True,2,AI(인공지능);로봇;클라우드·SW·빅데이터,"인 공지능(AI) 및 로봇 기술을 활용한 소프트웨어 및 하드웨어 기반 기기 · 시스템의 개발, 제조, 판매, 임대 및 유지보수업 | 정보통신 공사업",기존 인공지능 사업의 확장 및 융합을 위하여 관련 사업 추가 조문번호 수정 (15. ~ 41. → 17. ~ 43.),,https://kind.krx.co.kr/external/2026/03/03/001069/20260303002953/00591.htm,True,2026H1reg,20260303002770
뷰노,,코스닥,20260303,20260303000863,주주총회소집공고,False,True,True,True,2,바이오·헬스케어,라이선스 판매업 | 착용형(웨어러블) 의료기기의 개발 및 서비스업,추진 중인 사업의 변동사항 반영을 위해 정관에 목적사항을 추가,,https://kind.krx.co.kr/external/2026/03/03/000863/20260303002585/00591.htm,True,2026H1reg,20260303002496
엠로,,코스닥,20260303,20260303000834,주주총회소집공고,False,True,True,True,1,,통신판매업,- 바이블 사업 관련 사업 다각화 및 신규 사업 추진을 위한 목적(12호) 추가,,https://kind.krx.co.kr/external/2026/03/03/000834/20260303002527/00591.htm,True,2026H1reg,20260303002466
한라캐스트,,코스닥,20260303,20260303000781,[정정]주주총회소집공고,True,True,True,True,1,,"발전용·산업용 팜혼합물, 캐슈넛오일, 우드 펠렛 등의 원료 수입 및 도소매업",사업목적의 추가,분처분계산서 포함) 및 연결재무제표 승인의 건 □ 제2호 의안 : 정관 일부 변경의 건 제2-1호 의안 : 사업목적 추가의 건 제2-2호 의안 : 전환사채 발행한도 증액의 건 제2-3호 의안 : 중간배당 추가의 건 제2-4호 의안 : 그 외 상법 변경에 따른 정관 변경의 건 □ 제3호 의안 : 이사 선임의 건 제3-1호 의안 :,https://kind.krx.co.kr/external/2026/03/03/000781/20260303002411/00591.htm,True,2026H1reg,20260303002409
제닉스로보틱스,,코스닥,20260303,20260303000541,[정정]주주총회소집공고,True,True,True,True,3,,전기공사업 | 정보통신공사업 | 승강기설치공사업,신규사업 추진을 위한 사업목적 추가, 1. 제1회 무기명식 이권부 무보증 사모 전환사채 발행조건 변경의 건 찬성 18 2026-01-02 1. 신사업 추진을 위한 토지 매입 및 공장 증축의 건 찬성 19 2026-01-26 1. 전자투표제도 도입의 건 2. 제16기 정기주주총회 소집의 건 찬성 20 2026-02-25 1. 태양광발전소 설치 사업 추진의 건 찬성,https://kind.krx.co.kr/external/2026/03/03/000541/20260303001840/00591.htm,True,2026H1reg,20260303002120
파인텍,,코스닥,20260303,20260303000402,주주총회소집공고,True,True,True,True,5,로봇,"지능형로봇 제조 및 판매업 | 지능형로봇 부품 제조 및 판매업 | 공공서비스로봇 제조, 판매업 및 서비스업 | 산업용로봇 제조 및 판매업 | 로봇부품 및 부분품 유통업",사업 목적 정비를 통한 신규사업 추가 적정 유통주식수 유지를 통한 주가안정화 및 기업가치 제고 부칙 신설," 모바일 사업에서 가전, 전장용 제품까지 개발 및 생산할 수 있는 경쟁력 있는 업체로 성장하였습니다. 마. 신규사업 등의 내용 및 전망 당사는 변화하는 시장상황에 따라 성장하기 위해 아래와 같은 방향으로 사업포트폴리오를 확대하고 있습니다. (1) CTS(Contactless Touch System) 코로나-19 확산 및 감염 우",https://kind.krx.co.kr/external/2026/03/03/000402/20260303001465/00591.htm,True,2026H1reg,20260303001819
유니켐,,유가증권,20260227,20260227002110,주주총회소집공고,False,True,True,True,1,모빌리티·전기차·자율주행,자동차부품 제조 판매업,문구정리,,https://kind.krx.co.kr/external/2026/02/27/002110/20260227004174/00591.htm,True,2026H1reg,20260227008901
시노펙스,,코스닥,20260227,20260227002082,주주총회소집공고,True,True,True,True,4,바이오·헬스케어;화장품·뷰티,"의약품의 제조, 매매 및 소분업 | 원료의약품, 의약부외품, 화장품 등의 제조, 매매 및 소분업 | 의료기기 및 위생용품의 제조, 매매 및 소분업 | 의약품개발 용역 및 연구업",신사업 관련 사업목적 추가,처분계산서 포함) 및 연결재무제표 승인의 건 (2) 제2호 의안 : 정관 일부 변경의 건 ① 제2-1호 : 사업목적 추가의 건 ② 제2-2호 : 개정 상법 반영의 건 ③ 제2-3호 : 기타 변경의 건 (3) 제3호 의안 : 이사 선임의 건 ① 제3-1호 : 사내이사 손경익 선임(중임)의 건 ② 제3-2호 : 사내이사 이진희 선임,https://kind.krx.co.kr/external/2026/02/27/002082/20260227004143/00591.htm,True,2026H1reg,20260227008857
SG,,코스닥,20260227,20260227001901,주주총회소집공고,True,True,True,True,14,바이오·헬스케어;투자·금융;탄소·환경,"슬래그 혼합골재 판매업 | 환경 관련 컨설팅업 | 환경오염방지시설 컨설팅업 | 폐윤활유 및 폐유기용제 재활용업 | 정제연료유 생산 및 판매업 | 폐기물 처리 및 재생 처리업 | 지정폐기물 및 일반폐기물 수집운반업 | 고철 및 비철 재생재료업 | 이형제 생산 및 판매업 | 섬유화학제품 생산 및 판매업 | 벤처투자조합, 신기술사업투자조합, 사모투자합자회사 등 각종 투자조합에 대한 출자 및 투자업 | 국내외 기업에 대한 투자 및 지분 취득업 | 유가증권 및 파생상품에 대한 투자업 | 투자 관련 자문업",사업확장 대비 사업목적 추가," 및 탄소중립 정책 등 친환경정책 영향으로 순환 아스콘 생산납품량이 더욱 증가할 것으로 예측됩니다. (4) 신규사업 등의 내용 및 전망 (가) 친환경 아스콘 ""에",https://kind.krx.co.kr/external/2026/02/27/001901/20260227003881/00591.htm,True,2026H1reg,20260227008542
안국약품,,코스닥,20260227,20260227001435,[정정]주주총회소집공고,True,True,True,True,2,,"성형관련제제의 개발, 제조, 판매업 | 생물의학관련 제품의 개발, 제조, 판매업 (2026.03.26. 개정)",사업 목적 추가 / 사업 목적 추가에 따른 번호 변경," 전문의약품 위주로 구성되어 있습니다. 주요 거래처는 도매상, 종합병원, 의원으로 구성되어 있습니다. 5) 신규사업 등의 내용 및 전망 당사는 신규 사업에 대한 투자를 이어가고 있습니다. R&D 인프라를 통한 신약개발 및 연구대행에 관한 사업과 잠재력이 풍부한 바이오벤쳐 회사들과의 협업을 통해 새로운 성장동력 발굴에 최선을 다하",https://kind.krx.co.kr/external/2026/02/27/001435/20260227003115/00591.htm,True,2026H1reg,20260227007640
LS머트리얼즈,,코스닥,20260227,20260227001384,주주총회소집공고,True,True,True,True,2,AI(인공지능);로봇;희토류·핵심광물·소재,"영구자석을 포함한 희토류 소재 및 응용제품의 제조, 가공 및 판매업 | 로봇·인공지능(AI) 및 첨단산업 관련 소재, 부품, 시스템 및 응용사업",신규 사업목적 추가," : 제5기 별도재무제표 및 연결재무제표 승인의 건 제 2호 의안 : 정관 일부 변경의 건 제 2-1호 : 사업 목적 변경 (제2조) 제 2-2호 : 상법 개정에 따른 변경 (제25조, 제31조, 제35조, 제41조, 제47조) 제 3호 의안 : 이사 선임의 건 제 3-1호 : 사내이사 홍영호 제 3-2호 : 사외이사 최영근 제 ",https://kind.krx.co.kr/external/2026/02/27/001384/20260227003018/00591.htm,True,2026H1reg,20260227007507
한국가구,,코스닥,20260227,20260227001332,주주총회소집공고,True,True,True,True,3,,"∼13 | 미술품, 고미술품, 가구, 보석, 기타 귀중품등의 위탁판매업, 자기 판매업 및 중개업 | 미술품, 고미술품, 가구, 보석, 기타 귀중품등의 보관 및 대여업",비유동자산 운영효율 제고,"표 승인의 건 (1주당 예정 배당금 : 170원) 제2호 의안 : 정관 일부 변경의 건 제2-1호 의안 : 사업목적 변경의 건 제2-2호 의안 : 주주총회 개최방식 및 의결권,  대리행사 방법 변경 제2-3호 의안 : 이사 및 독립이사 관련 규정 정비 제2-4호 의안 : 이사의 충실의무 및 부칙 신설 제3호 의안 : 이사 보수한",https://kind.krx.co.kr/external/2026/02/27/001332/20260227002930/00591.htm,True,2026H1reg,20260227007394
디지아이,,코스닥,20260227,20260227000887,주주총회소집공고,False,True,True,True,1,,위탁방식 및 임가공 제조 업,<신설> 신규사업 진행을 위한 근거 마련,,https://kind.krx.co.kr/external/2026/02/27/000887/20260227002147/00591.htm,True,2026H1reg,20260227006185
앱클론,,코스닥,20260227,20260227000694,주주총회소집공고,True,True,True,True,3,클라우드·SW·빅데이터;바이오·헬스케어,"항체, 단백질 및 면역세포·유전자 기반 의약품 및 관련 치료제의 연구·개발, 제조 및 판매업 | 의료기기, 과학기기, 소프트웨어 제조 및 판매사업 | 연구 및 의료 관련 기자재, 소모품 및 부품의 매입·판매, 공급 및 도소매업",사업목적 체계 정비 및 관련 사업 확장에대비하기 위함,2024's blockbusters: Top 50 drugs by s ales 2025.04.04) (4) 신규사업 등의 내용 및 전망 최근 항암 분야에서 각광을 받고 있는 면역항암(Immuno-Oncology) 치료제는 암세포에 결합하여 억제하는 기존 표적 치료제와는 달리 생체 내 면역시스템이 암 세포를죽일 수 있도록 돕는다는,https://kind.krx.co.kr/external/2026/02/27/000694/20260227001763/00591.htm,True,2026H1reg,20260227005778
도화엔지니어링,,유가증권,20260227,20260227000546,주주총회소집공고,True,True,True,True,5,부동산·임대·건설;탄소·환경,"환경영향평가업,교통영향평가대행자, 재해영향평가대행자 | 산업부문(가스)-LNG배관, 공급시설 설계 및 공사업 | 건설·엔지니어링 프로젝트 사업관리 용역업 | 토양관련전문기관(토양환경평가)조사 | 전문광해방지사업(토양개량 복원 및 정화사업)",용어변경 용어변경 신규추가 신규추가 신규추가 번호변경,승인의 건 (※현금배당(안) 주당 300원) 제2호 의안 : 정관 일부 변경 승인의 건 -제2-1호 안건: 사업목적 변경의 건 -제2-2호 안건: 상법 개정에 따른 독립이사 명칭 변경의 건 -제2-3호 안건: 이사의 충실의무에 관한 건 -제2-4호 안건: 감사위원회 의결권 제한 변경에 관한 건 제3호 의안 : 이사 선임의 건 -,https://kind.krx.co.kr/external/2026/02/27/000546/20260227001444/00591.htm,True,2026H1reg,20260227004924
에이피알,,유가증권,20260227,20260227000364,주주총회소집공고,True,True,True,True,3,바이오·헬스케어,"의료기기 소모품 개발, 제조 및 판매업 | 의료용구 개발, 제조 및 판매업 | 의료기기 수리업",- 사업운영에 따른 정비, 건(세부안건 중 하나라도 반대시 제2호 의안 전부에 대해 반대의결권을 행사한 것으로 처리함) 제2-1호: 사업목적 추가 제2-2호: 의결권의 대리행사 내용 변경 제2-3호: 이사회내 위원회 추가 제2-4호: 독립이사 명칭 변경 제2-5호: 감사위원 분리선임 인원 상향 제2-6호: 감사위원 선·해임 시 의결권 제한 강화 제2-7,https://kind.krx.co.kr/external/2026/02/27/000364/20260227001066/00591.htm,True,2026H1reg,20260227003494
HLB테라퓨틱스,,코스닥,20260226,20260226001374,주주총회소집공고,True,True,True,True,5,바이오·헬스케어;엔터·콘텐츠·게임,"인터넷판매업 | 의약품 및 의료기기 관련 온라인 구매 시스템 개발, 구축 및 운영업 | 의약품 및 의료기기 관련 디지털 콘텐츠 제작 및 정보 제공 서비스업 | 경영지원 서비스업 | 발행주식총수의 100분의 50을 초과하지 않는 범위 내에서 긴급한 자금조달을 위하여 국내외 금융기관 또는 기관투자자, 전문투자자 및 기타 이사회에서 정한자에게 신주를 발행하는 경우",사업의 확장 계획에 따른 사업목적 추가 및 조문체계 정비 / 제3자배정 발행 목적 추가,"제표 (이익잉여금처분계산서(안) 포함) 승인의 건 제2호 의안 : 정관 일부 변경의 건 제2-1호 의안 : 사업목적 추가의 건 제2-2호 의안 : 본점 소재지 변경의 건 제2-3호 의안 : 신주인수권 관련 규정 정비의 건 제2-4호 의안 : 자기주식 관련 규정 신설의 건 제2-5호 의안 : 상법 및 관련 법령 개정사항 반영, 기",https://kind.krx.co.kr/external/2026/02/26/001374/20260226003094/00591.htm,True,2026H1reg,20260226006100
HD한국조선해양,,유가증권,20260226,20260226001226,주주총회소집공고,False,True,True,True,2,클라우드·SW·빅데이터,자회사 등의 위탁업무 지원 사업 | 디지털 엔지니어링·매뉴팩처링 플랫폼 개발 및 공급업,목적사업 정비 및 디지털 엔지니어링 ·매뉴팩처링 플랫폼 개발 및 공급업 추가,,https://kind.krx.co.kr/external/2026/02/26/001226/20260226002819/00591.htm,True,2026H1reg,20260226005691
포스뱅크,,코스닥,20260226,20260226001209,주주총회소집공고,True,True,True,True,3,AI(인공지능);로봇,"로봇, 로봇부품 제조 및 판매업 | 로봇, 로봇부품 임대 및 유지보수업 | 인공지능(AI) 시스템 개발 및 판매업",사업목적추가,별도 및 연결) 승인의 건 제2호 의안 : 정관 일부 변경의 건 - 제2-1호 의안 : 제2조 ( 목적 ) 사업목적 추가 - 제2-2호 의안 : 제20조 ( 소집권자 ) 변경 - 제2-3호 의안 : 제22조 ( 소집지 ) 변경 - 제2-4호 의안 : 제29조 ( 의결권의 대리행사 ) 변경 - 제2-5호 의안 : 제31조 ( 이사,https://kind.krx.co.kr/external/2026/02/26/001209/20260226002792/00591.htm,True,2026H1reg,20260226005633
HD현대에너지솔루션,,유가증권,20260226,20260226001029,[정정]주주총회소집공고,True,True,True,True,1,신재생·에너지·전력,"신재생에너지발전사업 및 재생에너지전기공급사업 , 전력중개사업 및 전기 판매사업",목적사업 구체화,"또한, 고효율/고출력 셀과 모듈을 지속적으로 개발하기 위해 R&D 투자를 확대하고 있는 추세입니다. (4) 신규사업 등의 내용 및 전망 당사는 국내 TOPCon 제품 생산 인프라를 기반으로, 다양한 설치 환경에 최적화된 고출력 및 고효율 모듈을 공급하며 시장 경쟁력을 강화하고 있습니다. 또한, 자가소비형 태양광 발전을 통해 RE",https://kind.krx.co.kr/external/2026/02/26/001029/20260226002542/00591.htm,True,2026H1reg,20260226005305
코오롱인더,,유가증권,20260226,20260226000931,주주총회소집공고,True,True,True,True,2,신재생·에너지·전력,전기/발전업 | 기타 엔지니어링 서비스업,- 사업목적 추가 - 사업목적 추가,"1) 재무제표(이익잉여금처분계산서 포함) 승인의 건 - 제2호 의안 : 정관 일부 변경의 건 제2-1호 : 사업목적 변경의 건(제2조) 제2-2호 : 전자주주총회 제도 도입ㆍ시행에 따른 소집지 및 개최방식 조항 신설의 건 (제22조의2, 부칙 제2조) 제2-3호 : 사외이사 명칭을 독립이사로 변경의 건 (제30조, 제31조, 제",https://kind.krx.co.kr/external/2026/02/26/000931/20260226002374/00591.htm,True,2026H1reg,20260226005122
씨이랩,,코스닥,20260226,20260226000728,주주총회소집공고,True,True,True,True,5,데이터센터;클라우드·SW·빅데이터,"호스팅 및 관련서비스업(서버 임대, 코로케이션 등) | 데이터센터 구축 및 시설 유지관리업 | 클라우드 컴퓨팅 서비스업 | 정보시스템 위탁 운영 및 시설 유지관리업 | 정보보안 컨설팅 및 보안관제 서비스업",사업목적추가,기술을 지속적으로 발전시키고 각 산업에 차별화된 솔루션을 제공하여 시장 경쟁력을 확보할 계획입니다. (4) 신규사업 등의 내용 및 전망 당사는 작성 기준일 현재 AI 영상분석 소프트웨어를 키오스크 등에 탑재한 온디바이스(On-Device) AI 제품 출시 계획을 갖고 있습니다. 기존 AI 영상분석 솔루션이 클라우드 기반으로 운영,https://kind.krx.co.kr/external/2026/02/26/000728/20260226002004/00591.htm,True,2026H1reg,20260226004626
아이디스,,코스닥,20260226,20260226000565,주주총회소집공고,True,True,True,True,1,모빌리티·전기차·자율주행,"전기자동차 충전서비스업 및 충전인프라 운영, 관제 등을 포함한 전기신사업",신규사업 추진,"없음 해당없음 해당없음 최창영 해당없음 해당없음 해당없음 <별첨 2> 제5호 의안 : 정관 일부 변경의 건(사업목적 추가) ■ 신·구조문대비표 현행 개정 개정이유 제 2 조 (목적) (생략) 17. 전 각호에 관련된 부대사업 제 2 조 (목적) (생략) 17. 전기자동차 충전서비스업 및 충전인프라 운영, 관제 등을 포함한 전기신",https://kind.krx.co.kr/external/2026/02/26/000565/20260226001637/00591.htm,True,2026H1reg,20260226003776
에스엔시스,,코스닥,20260226,20260226000111,주주총회소집공고,True,True,True,True,2,로봇,산업용 로봇 제조업 | 그 외 기타 특수 목적용 기계 제조업,- 무인운반차 및 자율주행 - 물류로봇 관련 - 선박용 이중연료공급설비 및 LNG벙커링 설비 제조업 관련 - 대차와 운반기구 제조업 관련," 증가와 AI(인공지능) 기술 트렌드 변화에 대응하기 위해 신모델 개발을 지속적으로 추진중에 있으며 친환경 신사업, 이중연료추진시스템, 육상 배전 등 본격적으로 사업을 전개하며, 친환경 R&D 투자 확대, 신규 생산설비 구축, 핵심 기자재 내재화 및 사업 다각화를 추진하고 있습니다. (나) 공시대상 사업부문의 구분 구분 주요 ",https://kind.krx.co.kr/external/2026/02/26/000111/20260226000290/00591.htm,True,2026H1reg,20260226000443
대웅제약,,유가증권,20260226,20260225002010,주주총회소집공고,False,True,True,True,2,바이오·헬스케어;신재생·에너지·전력;화장품·뷰티;식품·농업·외식,"각종 의약품, 의약부외품, 화공약품, 농예약품, 동물약품, 화장품, 위생용품, 의료용구, 식품 및 건강기능식품의 제조 및 판매업 | 태양광 발전업",- 사업 영역 확대에 따른 목적사업 추가,,https://kind.krx.co.kr/external/2026/02/25/002010/20260225004572/00591.htm,True,2026H1reg,20260225006062
코나아이,,코스닥,20260225,20260225001940,주주총회소집공고,True,True,True,True,3,클라우드·SW·빅데이터;디지털자산·블록체인·STO(스테이블코인),"증권형토큰(STO)의 발행, 유통 및 중개업 | 디지털자산의 발행, 보관 및 중개업 | 지역경제 활성화 관련 투자중개 및 플랫폼 운영업",【개정이유】 신규 사업 진출 및 사업 다각화를 위한 목적 사업 추가 【시행일】즉시 시행, 찬성 찬성 9 2025.05.22 제1호 의안 : 호텔 위탁운영 계약 체결의 건 제2호 의안 : 문화공간 사업목적 추가에 따른 호텔 시설투자의 건 제3호 의안 : 더한옥헤리티지(주)의 한옥마을 조성사업 내 기반시설 사용비용 부담의 건 제4호 의안 : 더한옥헤리티지(주)와 코나아이(주)의 특수관계 거래에 대한 사전승인의 건 제5,https://kind.krx.co.kr/external/2026/02/25/001940/20260225004430/00591.htm,True,2026H1reg,20260225005883
케이티앤지,,유가증권,20260225,20260225001889,주주총회소집공고,True,True,True,True,1,,인쇄 및 인쇄관련 사업,세종공장 상업생산 추진을 위한 목적사업 추가, 제39기 재무제표 및 이익잉여금처분계산서 승인의 건 2) 제2호 : 정관 일부 변경의 건 ㆍ제2-1호 : 목적사업 추가 ㆍ제2-2호 : 전자주주총회 도입 ㆍ제2-3호 : 사외이사 명칭 변경 ㆍ제2-4호 : 집중투표 규정 정비 ㆍ제2-5호 : 감사위원 분리선출 인원 확대 ㆍ제2-6호 : 사내이사 및 경영임원 퇴직금지급규정 정비 ,https://kind.krx.co.kr/external/2026/02/25/001889/20260225004332/00591.htm,True,2026H1reg,20260225005779
포스코DX,,유가증권,20260225,20260225001332,주주총회소집공고,True,True,True,True,1,,"기간통신사업(회선설비 보유 무선사업, 교환설비보유 재판매사업, 교환설비 미보유 재판매 사업, 구내통신사업)",사업 명칭 명확화 (사업부 기존 요청내역 오기 정정)," 대한 수요가 지속적으로 증가하고 있으며, 관련 산업에 진출하는 업체들이 점차 증가하는 추세입니다. (4) 신규사업 등의 내용 및 전망 2026년은 미국의 보호무역 기조 유지와 지정학적 위험 확대 등으로 글로벌 경기 회복이 제한될 것으로 예상되며, 국내 역시 기준 금리가 현재 수준으로 유지될 것으로 전망됩니다. 산업 전반에서는 ",https://kind.krx.co.kr/external/2026/02/25/001332/20260225003417/00591.htm,True,2026H1reg,20260225004735
현대제철,,유가증권,20260225,20260225001312,주주총회소집공고,True,True,True,True,2,,전자상거래 중개업 | 천연가스 수출입업,·당사 HCORE STORE를 파트너사 제품판매 중개업으로 확대운영 예정 / ·당진 LNG발전소 가동시 연료인 LNG 수입업무를 당사가 직접 추진, [제2-1호] 상법 개정에 따른 변경의 건 [제2-2호] 집중투표제도 배제 관련 변경의 건 [제2-3호] 사업목적 추가의 건 [제2-4호] 주주명부 폐쇄절차 폐지의 건 제3호 의안 : 이사 선임의 건 [제3-1호] 사내이사 선임의 건 (고흥석) [제3-2호] 사내이사 선임의 건 (김성민) 제4호 의안 : 감사위원회 위원이 되는,https://kind.krx.co.kr/external/2026/02/25/001312/20260225003389/00591.htm,True,2026H1reg,20260225004706
현대퓨처넷,,유가증권,20260225,20260225001077,주주총회소집공고,True,True,True,True,5,AI(인공지능);클라우드·SW·빅데이터;부동산·임대·건설,"인공지능(AI) 서비스 사업 | 클라우드 컴퓨팅 서비스의 개발, 구축, 운영 및 관리업 | 데이터 수집ㆍ저장ㆍ분석 및 정보처리 서비스업 | 현금영수증 사업 | 금속ㆍ창호ㆍ지붕ㆍ건축물 조립공사업",▷IT 및 사이니지 사업 관련 목적 추가," 또한 자유표시구역 지정 및 옥외광고 규제 변화는 설치 가능 범위와 매체 수익성에 영향을 미칩니다. 당사는 신사업 개발 및 대형 클라이언트 확보를 통해 사업 포트폴리오를 다변화하고, 사업환경 변동에 따른 영향을 완화하고 있습니다. 기업 메시징 서비스는 기업이 이용하는 B2B 서비스입니다. 기업이 고객에게 정보 및광고 제공을 위",https://kind.krx.co.kr/external/2026/02/25/001077/20260225002978/00591.htm,True,2026H1reg,20260225004247
콘텐트리중앙,,유가증권,20260225,20260225001069,주주총회소집공고,False,True,True,True,1,,정보통신공사업,조인스 부문 정보통신공사업 등록을 위한 사업의 목적 추가,,https://kind.krx.co.kr/external/2026/02/25/001069/20260225002965/00591.htm,True,2026H1reg,20260225004236
NHN KCP,,코스닥,20260225,20260225000808,주주총회소집공고,True,True,True,True,10,클라우드·SW·빅데이터;디지털자산·블록체인·STO(스테이블코인),"블록체인 기반 암호화 자산 매매, 교환, 이전 및 중개업 | 블록체인 기반 암호화 자산 보관 및 관리업 | 블록체인 기술 기반 소프트웨어 개발 및 공급업 | 블록체인 기반 데이터베이스 및 정보서비스업 | 외국인 세금환급 대행 및 환급창구 운영사업 | 외국인 세금환급 대행 관련 가맹점 모집 및 관리업 | 외화 환전업 및 외환 송금업 | 본인신용정보관리업 | 신용정보의 수집·분석·가공 및 정보제공업 | 매출채권, 외상매출금, 지급청구권 등 채권의 매입, 양수, 관리 및 이에 부수하는 일체의 사업","- 신규사업(블록체인, 택스리펀드) 추진 - AI 기반 결제 서비스 인프라 구축 - 신규 시장 및 수익원 발굴을 통한 사업 포트폴리오 다각화","수단 발행 및 관리업의 등록요건 및 준수의무 등에 대한 사항을 규정 금융위원회 여신전문금융업법 신용카드부가통신사업자 등록, 결제단말기 관리, 가맹점모집인에 대한 체계 관리·감독 등에 대한 사항을 규정 금융위원회 외국환거래법 외국환업무(전자지급결제대행에 관련된 외국환업무)의 등록 요건 및 외국환업무취급기관의 업무상 의무 등에 대",https://kind.krx.co.kr/external/2026/02/25/000808/20260225002354/00591.htm,True,2026H1reg,20260225003634
이노션,,유가증권,20260225,20260225000519,주주총회소집공고,True,True,True,True,1,엔터·콘텐츠·게임,운동선수 매니지먼트업,사업목적 순서 변경 / 운동선수 매니지먼트업 사업영위에 따라 사업목적 추가 (기존 영위 사업의 명확화),01.01~2025.12.31) 재무제표 승인의 건 - 제2호 의안 : 정관 일부 변경의 건 제2-1호 : 사업목적 추가 제2-2호 : 상법 개정에 따른 정관 변경의 건 제2-3호 : 분기배당 개선 제2-4호 : 부칙(2026.3.18) - 제3호 의안 : 이사 선임의 건 제3-1호 : 사내이사 정성이 선임의 건 제3-2호 : ,https://kind.krx.co.kr/external/2026/02/25/000519/20260225001630/00591.htm,True,2026H1reg,20260225002487
홈캐스트,,코스닥,20260224,20260224001159,주주총회소집공고,True,True,True,True,11,AI(인공지능);클라우드·SW·빅데이터;바이오·헬스케어;교육,"정보처리 시스템 관련 소프트웨어 개발, 임대, 판매 및 컨설팅업 | 유가증권, 실물자산 및 기타 대체 자산에 대한 투자 및 운용 | 인공지능(AI) 기반 의료기기 및 디지털 헬스케어 기기의 연구, 개발, 제조, 판매, 임대 및 수출입업 | 안면인식 등 생체인식 기술을 활용한 의료·헬스케어용 기기 및 소프트웨어의 개발 | 인공지능(AI) 에이전트, 자율형 지능 시스템 및 플랫폼의 개발, 공급 및 운영업 | 의료 인공지능 소프트웨어 및 소프트웨어 의료기기의 개발 | 의료·헬스케어 데이터의 수집, 가공, 분석, 관리 및 데이터베이스 구축, 운영업 | 클라우드 컴퓨팅 기반 소프트웨 개발, 제공 및 플랫폼 서비스업 | 인공지능 솔루션 관련 소프트웨어의 판매, 라이선스, 유지보수 및 기술지원업 | 인공지능 알고리즘, 빅데이터 및 지능정보기술의 연구개발 및 상용화 사업 | 의료기기 및 인공지능 기술 관련 기술자문, 컨설팅, 교육 및 사업화 지원업",- 사업목적 정비(삭제 및 신설),"무제표[이익잉여금처분계산서(안) 포함] 승인의 건 제2호 의안 : 정관 일부 변경의 건 제2-1호 의안 : 사업목적 정비의 건(제2조) 제2-2호 의안 : 상법 등 개정사항 반영의 건(제18조, 제20조, 제34조, 제38조, 제38조의2) 제2-3호 의안 : 기타 조문 정비의 건(제11조, 제12조, 제13조, 제16조의2, ",https://kind.krx.co.kr/external/2026/02/24/001159/20260224002981/00591.htm,True,2026H1reg,20260224004048
코웨이,,유가증권,20260224,20260224001021,주주총회소집공고,True,True,True,True,4,로봇;바이오·헬스케어;반려동물(펫),"가구 (침대 등) 및 그 부속품, 침구 관련 제품의 제조, 수입, 판매(도소매), 렌탈 및 유지관리 서비스업 (중략) | 로봇 제조, 판매, 임대, 서비스업 | 정형 외과용 및 신체 보정용 기기 제조, 판매, 임대, 서비스업 | 반려동물용 기기 제조, 판매, 임대, 서비스업",신사업 추진에 따른 사업 목적 수정 및 추가,제2호 의안: 정관 일부 변경의 건 -제2-1호 의안: 집중투표제 배제 조항 삭제의 건 -제2-2호 의안: 사업 목적 변경의 건 -제2-3호 의안: 분기 배당 조문 정비의 건 -제2-4호 의안: 전자주주총회 도입의 건 -제2-5호 의안: 사외이사 명칭 변경 및 이사회 내 위원회 신설의 건 -제2-6호 의안: 이사 충실 의무 확대의,https://kind.krx.co.kr/external/2026/02/24/001021/20260224002760/00591.htm,True,2026H1reg,20260224003842
한국알콜,,코스닥,20260224,20260224000944,주주총회소집공고,True,True,True,True,1,바이오·헬스케어;탄소·환경,폐유기용제 재활용 및 정제업,폐유기용제 재활용 및 정제 사업 진출을 통한 친환경 사업기반 확보를 위해 목적사업 추가,결재무제표 및 이익잉 여금처분계산서(안) 승인의 건 제2호 의안 : 정관 일부 변경의 건 - 제2-1호 : 사업목적 추가의 건 - 제2-2호 : 상법개정에 따른 표준정관 반영 및 부칙 신설의 건 제3호 의안 : 사외이사 이동현 선임의 건 제4호 의안 : 감사위원회 위원 이동현 선임의 건 제5호 의안 : 감사위원회 위원이 되는 사,https://kind.krx.co.kr/external/2026/02/24/000944/20260224002611/00591.htm,True,2026H1reg,20260224003661
LX세미콘,,유가증권,20260224,20260224000888,주주총회소집공고,True,True,True,True,1,,"기술, 노하우 및 지식재산권의 이전, 양도, 라이선스 및 그와 관련된 부대사업","사업목적 추가, 정비하여 규정 수정",IoT 등 여러 기기와 연계된 서비스를 통해 관련 시장의 규모는 지속적으로 증가할 것으로 보입니다. (4) 신규사업 등의 내용 및 전망 당사는 사업포트폴리오 확보를 통한 지속 성장을 위해 각 분야에서 신규 사업을 추진하고 있습니다. MCU는 국내 가전용을 중심으로 수요 확보하여 외판시장 확대 진입을 목표로 사업기반을 구축하고 있,https://kind.krx.co.kr/external/2026/02/24/000888/20260224002520/00591.htm,True,2026H1reg,20260224003570
현대건설,,유가증권,20260224,20260224000851,주주총회소집공고,True,True,True,True,2,부동산·임대·건설,"주택, 커뮤니티, 상가 및 기타 일반시설 컨설팅 및 운영업 | 전자상거래 및 인터넷 관련 사업과 통신판매업",- 준공 이후 시설 운영 관련 서비스 제공 - 고객 접근 및 결제 편의 제공,잉여금처분계산서 포함] 및 연결재무제표 승인의 건 - 제2호 의안 : 정관 일부 변경의 건 ㆍ제2-1호 : 사업목적 추가의 건 ㆍ제2-2호 : 전자주주총회 도입의 건 ㆍ제2-3호 : 이사 충실의무 확대의 건 ㆍ제2-4호 : 감사위원회 구성 강화의 건 ㆍ제2-5호 : 독립이사 명칭 변경의 건 ㆍ제2-6호 : 집중투표제 배제 조항 ,https://kind.krx.co.kr/external/2026/02/24/000851/20260224002415/00591.htm,True,2026H1reg,20260224003471
대한항공,,유가증권,20260224,20260224000789,주주총회소집공고,False,True,True,True,2,,리무진버스사업 | 문화사업,,,https://kind.krx.co.kr/external/2026/02/24/000789/20260224002306/00591.htm,True,2026H1reg,20260224003344
LS에코에너지,,유가증권,20260224,20260224000578,주주총회소집공고,True,True,True,True,1,AI(인공지능);로봇,"로봇·인공지능(AI) 및 첨단산업 관련 소재, 부품, 시스템 및 응용사업",희토류(소재) 및 전력망(인프라) 역량을 기반으로 로봇·AI 등 미래 성장 산업 진출을 위한 근거 마련,"잉여금처분계산서 포함) 및 연결재무제표 승인의 건 제2호 의안 : 정관 일부 변경의 건 제2-1호 의안 : 사업목적 변경 (제2조) 제2-2호 의안 : 상법 개정에 따른 변경 (제20조,제31조,제34조,제38조,제44조) 제3호 의안 : 사내이사 이상호 선임의 건 제4호 의안 : 감사위원회 위원이 되는 기타비상무이사 문승일 선",https://kind.krx.co.kr/external/2026/02/24/000578/20260224001911/00591.htm,True,2026H1reg,20260224002745
클로봇,,코스닥,20260224,20260224000436,[정정]주주총회소집공고,True,True,True,True,1,부동산·임대·건설,"건설업(기타 건물 관련설비 설치 공사업, 기계설비공사업 )",기계설비 분야의 입찰 참여를 위한 사업 목적 추가,) 재무제표 및 연결재무제표 승인의 건 제2호 의안 : 정관 변경의 건 제2-1호 의안 : 표지 맞춤법 및 사업목적 변경의 건 제2-2호 의안 : 정관 제10조 (신주인수권) 변경의 건 제2-3호 의안 : 정관 제10조의2 (주식매수선택권) 변경의 건 제2-4호 의안 : 정관 제10조의3 (임직원에 대한 주식기준보상) 신설의 건,https://kind.krx.co.kr/external/2026/02/24/000436/20260224001450/00591.htm,True,2026H1reg,20260224002065
에코프로에이치엔,,코스닥,20260223,20260223001299,주주총회소집공고,True,True,True,True,2,로봇;탄소·환경,"폐기물 수집, 운반, 처리 및 원료 재생 판매업 | 모터 구동시스템 및 제어용 액추에이터 솔루션 제조 및 판매업",사업목적 변경 및 추가,제표 승인의 건 (현금배당 보통주 1주당 200원) - 제2호 의안 : 정관 일부 변경의 건 제2-1호 : 사업목적 추가의 건 제2-2호 : 이사 선임 및 보수 관련 변경의 건 제2-3호 : 기타 변경의 건 - 제3호 의안 : 이사 선임의 건 제3-1호 : 사내이사 김순주 선임의 건 제3-2호 : 사내이사 진찬언  선임의 건 -,https://kind.krx.co.kr/external/2026/02/23/001299/20260223003097/00591.htm,True,2026H1reg,20260223004129
GS건설,,유가증권,20260223,20260223001275,주주총회소집공고,True,True,True,True,4,클라우드·SW·빅데이터;신재생·에너지·전력,전기/전자 하드웨어 및 소프트웨어 개발 및 공급업 및 부대 광고사업 | 재생에너지전기공급사업 | 위치 정보 및 위치 기반 서비스업 | 광고업 및 광고대행업,ㆍ재생에너지 전기공급사업 추진 ㆍ자이홈 애플리케이션의 플랫폼 확장 및 위치기반 생활편의 서비스 제공,500원 제2호 의안 : 정관 일부 변경의 건 제2-1호 : 집중투표제 배제 조항 삭제의 건 제2-2호 : 사업목적 추가의 건 제2-3호 : 상법 개정 반영의 건 제3호 의안 : 임원퇴직금 지급규정 일부 변경의 건 제4호 의안 : 이사 선임의 건 (사내이사 2명) 제4-1호 : 사내이사 허창수 선임의 건 제4-2호 : 사내이사 ,https://kind.krx.co.kr/external/2026/02/23/001275/20260223003053/00591.htm,True,2026H1reg,20260223004100
삼성증권,,유가증권,20260223,20260223001222,주주총회소집공고,True,True,True,True,1,,기관전용 사모집합투자기구의 업무집행사원 업무,신규 등록업무 명기 ('25.9월 등록) * 금감원 권고 의견 반영,의 건 제2호 의안 : 정관 일부 변경의 건 - 제2-1호 : 집중투표제 관련 정관 정비 - 제2-2호 : 사업 목적 관련 정관 정비 - 제2-3호 : 상법 개정 관련 정관 정비 - 제2-4호 : 기타 법령 및 표준정관에 따른 정관 정비 제3호 의안 : 이사 선임의 건 : 사내이사 선임 - 이찬우 제4호 의안 : 감사위원이 되는 ,https://kind.krx.co.kr/external/2026/02/23/001222/20260223002971/00591.htm,True,2026H1reg,20260223004027
인티큐브,,코스닥,20260223,20260223001130,주주총회소집공고,True,True,True,True,7,클라우드·SW·빅데이터;엔터·콘텐츠·게임,"데이터베이스 및 온라인 정보제공업 | 인터넷 광고, 컨텐츠 개발, 공급 및 전자상거래 등 인터넷 관련사업 | 방송제작 , 기획 및 보급업 | 각종 음반 및 영상물 제작 및 유통업 | 지식재산권의 개발, 관리, 라이선스 사업 | 소프트웨어 및 플랫폼의 개발 및 운영업 | 특수한 유형의 부가통신사업, 문자발송서비스업, 문자재판매업",※ 기존사업 다각화, 일부 개정의 건 제 2-1호 의안 : 상호 변경 제 2-2호 의안 : 공고방법 변경 제 2-3호 의안 : 사업목적 추가 제 2-4호 의안 : 주주총회 소집지와 개최방식 변경 제 2-5호 의안 : 사외이사 명칭 변경 및 의무선임 비율 강화 제 2-6호 의안 : 부칙(신설) 제 3 호 의안 : 사내이사 선임의 건 제 3-1호 의안,https://kind.krx.co.kr/external/2026/02/23/001130/20260223002815/00591.htm,True,2026H1reg,20260223003895
LG유플러스,,유가증권,20260223,20260223000919,주주총회소집공고,False,True,True,True,1,데이터센터,"데이터센터 설계, 운영, 구축 관련 운용업 및 이 사업과 관련되는 일체의 용역 및 공사업","본인신용정보관리업 폐업에 따라 정관 상의 목적사항에서 관련 내용을 삭제하고, 데이터센터 설계, 구축관련 운용업의 본격 추진을 위하여 사업 목적사항을 추가",,https://kind.krx.co.kr/external/2026/02/23/000919/20260223002421/00591.htm,True,2026H1reg,20260223003574
자이에스앤디,,유가증권,20260223,20260223000806,주주총회소집공고,False,True,True,True,1,,경비업,경비업법 제2조 ‘혼잡·교통유도경비업무’ 신설에 따른 변경,,https://kind.krx.co.kr/external/2026/02/23/000806/20260223002197/00591.htm,True,2026H1reg,20260223003326
한섬,,유가증권,20260223,20260223000679,주주총회소집공고,True,True,True,True,1,,유통 전문 판매업,"브랜드 연계 F&B 상품(OEM제조 식품 등)를 유통, 판매 추진하기 위함",표 승인의 건 ※ 예상 배당액 : 1주당 750원 ② 제2호 의안 : 정관 일부 변경의 건 ▷제2-1호 : 사업목적 추가의 건 ▷제2-2호 : 정관 일부 변경의 건(개정 상법 반영) ③ 제3호 의안 : 이사 선임의 건 ▷제3-1호 : 사내이사 장호진 선임의 건 ▷제3-2호 : 사내이사 유태영 선임의 건 ▷제3-3호 : 사외이사 ,https://kind.krx.co.kr/external/2026/02/23/000679/20260223001971/00591.htm,True,2026H1reg,20260223003055
LG씨엔에스,,유가증권,20260223,20260223000250,주주총회소집공고,True,True,True,True,1,,"개인정보 보호법, 신용정보의 이용 및 보호에 관한 법률, 정보통신망 이용촉진 및 정보보호 등에 관한 법률, 위치정보의 보호 및 이용 등에 관한 법률 등 관련 법령이 허용하는 범위 내에서 데이터(개인정보, 신용정보 및 위치정보 포함)의 수집, 보관, 위탁, 판매, 이용, 결합, 반출 등 처리 및 가명, 익명 처리에 대한 적정성 평가 등의 데이터 관련 사업","마이데이터 관련 사업 Exit에 따라, 정관 목적사항에서 '본인신용정보관리업'과 '위치정보 및 위치기반서비스업' 삭제",안건 제1호 의안 : 제39기 재무제표 승인의 건 제2호 의안 : 정관 일부 변경의 건 제2-1호 의안 : 사업목적 현행화 및 지점 관련 조항 정비 제2-2호 의안 : 전자주주총회 제도 도입 제2-3호 의안 : 집중투표제 배제 조항 삭제 제2-4호 의안 : 독립이사 명칭 변경 제2-5호 의안 : 감사위원 선임 관련 변경 제3호 ,https://kind.krx.co.kr/external/2026/02/23/000250/20260223000786/00591.htm,True,2026H1reg,20260223000996
코스모신소재,,유가증권,20260223,20260223000248,주주총회소집공고,True,True,True,True,3,교육,전기판매업 | 교육 및 연수 서비스업 | 교육ㆍ연수시설의 설치 및 운영업,코스모이노베이션스페이스 (기숙사)신축에 따른 사업목적 추가,"중이며, 2021년부터는 OEM 흑백토너 비즈니스를 진행하고 있으며, 향후에는 OEM컬러 시장에도 진출하여 사업영역을 다변화할 계획에 있습니다. 토너의 주요 시장인 중국, 인도 등 아시아 지역은 가격 중심의 시장 구조로써, 보급형이지만, 품질이 일정 수준 이상인 토너를 요구하고 있습니다. 당사는 기존 고품질, 고가격 전략 뿐만 ",https://kind.krx.co.kr/external/2026/02/23/000248/20260223000768/00591.htm,True,2026H1reg,20260223000970
SK바이오사이언스,,유가증권,20260220,20260220001203,주주총회소집공고,True,True,True,True,1,부동산·임대·건설,부동산 임대업 및 부동산 개발업,사업목적 추가,"해 CMO영역을 넘어 후보물질 개발, 생산 공정, 임상 상용화 등의 신약개발 과정을 위탁 개발 및 생산하는 사업 영역입니다. 과거에는 제약사가 연구개발(R&D), 임상시험, 생산, 마케팅을 직접 수행하는 방식이 일반적이었으나, 높은 비용과 생산설비 구축의 어려움으로 인해 점차 외부 아웃소싱을 활용하는 형태로 변화하고 있습니다. 특",https://kind.krx.co.kr/external/2026/02/20/001203/20260220003075/00591.htm,True,2026H1reg,20260220002585
카카오페이,,유가증권,20260220,20260220000968,주주총회소집공고,True,True,True,True,1,,기타 정보 서비스업,신규사업목적 추가,"01~2025.12.31) 연결 및 별도재무제표 승인의 건 제2호 의안: 정관 일부 변경의 건 ㄴ제2-1호 신규사업목적 추가의 건 (제2조) ㄴ제2-2호 정기주주총회 기준일 변경의 건  (제15조) ㄴ제2-3호 주주총회 소집지와 개최방식 조문 신설 (제21조의2, 부칙 제2조) ㄴ제2-4호 의결권 대리행사 증명 수단 변경의 건 ",https://kind.krx.co.kr/external/2026/02/20/000968/20260220002592/00591.htm,True,2026H1reg,20260220002235
진양폴리우레탄,,유가증권,20260220,20260220000452,주주총회소집공고,True,True,True,True,1,,"재생 폴리올 ·폴리우레 탄 제조,가공 및 판매",사업목적 추가," 산업의 경기에 따라 수요증감이 나타나며 환율과 유가에 따라 원가의 부담이 크게 나타나기도 합니다. (4) 신규사업 등의 내용 및 전망 - 공시대상기간중 새로이 추진하였거나, 이사회 결의 등을 통하여 새로이 추진하기로 한 중요한 신규사업은 없습니다. (5) 조직도 조직도(2025) 2. 주주총회 목적사항별 기재사항 □ 재무제표의",https://kind.krx.co.kr/external/2026/02/20/000452/20260220001409/00591.htm,True,2026H1reg,20260220001216
동방아그로,,유가증권,20260219,20260219000479,주주총회소집공고,True,True,True,True,1,,일반 창고업 및 위험 물품 보관업,물류창고 신설에 따라 목적 추가,"용이하지 않으며, 경지면적의 축소 및 농촌인구의 고령화 등에 따라 수요가 감소되는 추세에 있습니다. (4) 신규사업 등의 내용 및 전망 - 해당 사항 없음. (5) 조직도 2026조직도(동방아그로) 2. 주주총회 목적사항별 기재사항 □ 재무제표의 승인 가. 해당 사업연도의 영업상황의 개요 상기 'Ⅲ. 경영참고사항 1의 사업의 개",https://kind.krx.co.kr/external/2026/02/19/000479/20260219001619/00591.htm,True,2026H1reg,20260219002046
코리아나,,코스닥,20260219,20260219000250,주주총회소집공고,True,True,True,True,2,디지털자산·블록체인·STO(스테이블코인),"가상자산의 매매,투자 및 운용업 | 귀금속(금,은 등)의 매매 및 투자","-향후의 제도 변화에 대비한 사업 목적 추가로, 사업 다각화 및 신성장동력 확보를 위하여 가상자산 및 귀금속 관련 투자,운용 사업을 목적사업에 추가하고자 함. 현재 미운용.","아트피아 라비다 外 화장품 도소매 기타 (주)코리아나화장품 세레니끄(피부관리샵), 부동산 임대 外 - 2) 신규사업 등의 내용 및 전망 당사는 신규사업의 진출없이 화장품 산업에 전념하여 고기능성 원료를 개발하고 관련 제품을 출시하며, 유통경로의 다각화를 통한 신수요 창출에 적극 대처하고자 합니다. 또한, 2016년에 중국 천진시",https://kind.krx.co.kr/external/2026/02/19/000250/20260219000858/00591.htm,True,2026H1reg,20260219000950
LG디스플레이,,유가증권,20260213,20260213002011,주주총회소집공고,True,True,True,True,1,,"소방시설의 공사, 개설, 이전 및 정비 등을 위한 소방시설공사업",- 사업목적에 소방시설공사업을 추가함,5.1.1.~2025.12.31.) 재무제표 승인의 건 제2호 의안 : 정관 변경 승인의 건 제2-1호 : 사업목적 추가 제2-2호 : 집중투표제 배제 규정 삭제 (개정상법 반영) 제2-3호 : 전자주주총회 제도 도입 (개정상법 반영) 제2-4호 : 독립이사 명칭 변경 (개정상법 반영) 제2-5호 : 감사위원 분리선임 인원 상향,https://kind.krx.co.kr/external/2026/02/13/002011/20260213004219/00591.htm,True,2026H1reg,20260213002840
HS애드,,유가증권,20260213,20260213001632,주주총회소집공고,True,True,True,True,3,클라우드·SW·빅데이터,"소프트웨어 개발, 제조, 자문, 공급 및 판매업 | 기타 정보 서비스업 | 저작권대리중개업",사업목적 추가,표 승인의 건 (1주당 배당 예정액 : 450원) 제2호 의안 : 정관 일부 변경의 건 제2-1호 의안 : 사업목적 추가 제2-2호 의안 : 독립이사로 명칭 변경 제2-3호 의안 : 감사위원 선·해임 시 의결권 제한 강화 제2-4호 의안 : 감사위원 분리선출 인원 확대 제2-5호 의안 : 부칙 제3호 의안 : 이사 선임의 건(3,https://kind.krx.co.kr/external/2026/02/13/001632/20260213003629/00591.htm,True,2026H1reg,20260213002597
삼성중공업,,유가증권,20260213,20260213001435,주주총회소집공고,True,True,True,True,1,교육,교육서비스업,연수원 수익구조 다변화를 위한 사업목적 추가,(2025.1.1~12.31) 재무제표 승인의 건 - 제2호 의안 : 정관 일부 변경의 건 ·제2-1호 : 사업목적 추가의 건 ·제2-2호 : 상법 개정 등에 따른 정관 정비의 건 ·제2-3호 : 집중투표제도 배제 조항 삭제의 건 - 제3호 의안 : 사내이사 최성안 선임의 건 - 제4호 의안 : 감사위원회 위원이 되는 사외이사 ,https://kind.krx.co.kr/external/2026/02/13/001435/20260213003290/00591.htm,True,2026H1reg,20260213002416
에스원,,유가증권,20260206,20260206002651,주주총회소집공고,False,True,True,True,1,,"경비업법상의 시설경비, 기계경비, 호송경비, 신변보호, 혼잡ㆍ교통유도경비 등의 경비업",사업목적 추가,,https://kind.krx.co.kr/external/2026/02/06/002651/20260206007831/00591.htm,True,2026H1reg,20260206002084
만호제강,,유가증권,20260123,20260123000337,[정정]주주총회소집공고,True,True,True,True,6,AI(인공지능);로봇;데이터센터;모빌리티·전기차·자율주행;부동산·임대·건설,"무역업 | 전자부품 및 자동차부품 제조업 | 기계부품 가공업 | 로봇 , 로봇 부품 제조 및 판매업 | 인공지능 (AI) 데이터센터의 구축 , 운영 및 임대업 | 데이터센터 관련 부동산의 개발 , 취득 , 임대 및 운영업",경영활동 다양화 사업목적 추가,"회의목적사항 가. 부의사항 : 제1호 의안 : 정관 일부 변경의 건 - 제1-1호 의안 : 정관 제2조 * 사업목적 추가 - 제1-2호 의안 : 정관 제4조 * 공고방법 변경 - 제1-3호 의안 : 정관 제5조 및 제6조 * 주식분할을 위한 근거 규정 마련 - 제1-4호 의안 : 정관 제7조 및 제7조의3, 4, 제8조, 제13",https://kind.krx.co.kr/external/2026/01/23/000337/20260123001078/00591.htm,True,2026H1reg,20260123000270
팬스타엔터프라이즈,,코스닥,20250327,20250327001300,주주총회소집공고,True,True,True,True,1,조선·해양,선박수리 및 기술제공 서비스업,합병 예정 등에 따른 신규사업 목적 추가 / 변경,6층 대강당 3. 회의목적사항 <부의안건> 제1호의안 : 합병계약 승인의 건 제2호의안 : 정관 변경의 건(목적추가) 4. 실질주주의 의결권 행사에 관한 사항 금번 당사의 주주총회에는 한국예탁결제원이 주주님들의 의결권을 대리행사 할 수 없습니다. 따라서 주주님이 주주총회에 참석 또는 대리인에 위임하여 의결권을 간접적으로 행사하실,https://kind.krx.co.kr/external/2025/03/27/001300/20250327003347/00591.htm,True,2025H1reg,20250327000930
더네이쳐홀딩스,,코스닥,20250327,20250327000389,[정정]주주총회소집공고,True,True,True,True,2,,"자전거 및 부품, 기타 관련 운송 장비 도매업 | 모터사이클 및 부품 도소매업",사업목적 추가, 장비 도매업 22. 모터사이클 및 부품 도소매업 23. 위 부대되는 사업 및 이를 지원하는 용역사업 일체 사업목적 추가 제20조 (이익참가부사채의 발행) ①~② (생략) ③ 이익참가부사채에 대하여는 제57조 에 의한 중간배당은 하지 아니한다. ④ (생략) 제20조 (이익참가부사채의 발행) ①~② (현행 동일) ③ 이익참가부사채,https://kind.krx.co.kr/external/2025/03/27/000389/20250327001228/00591.htm,True,2025H1reg,20250327000363
에너토크,,코스닥,20250326,20250326000269,[정정]주주총회소집공고,True,True,True,True,33,,"좌동 제8조(주식 등의 전자등록) 회사는 ?주식?사채 등의 전자등록에 관한 법률제2조제1호에 따른 주식 등을 발행하는 경우에는 전자등록기관의 전자등록계좌부에 주식 등을전자등록하여야 한다. 다만, 회사가 법령에 따른등록의무를 부담하지 않는 주식등의 경우에는 그러하지 아니할 수 있다. 제8조의2(주식의 종류) | 회사가 발행할 주식은 기명식 보통주식과 기명식 종류주식으로 한다 | 회사가 발행하는 종류주식은 이익배당 또는 잔여재산분배에 관한 우선주식, 의결권 배제 또는 제한에 관한 주식 , 상환주식, 전환주식 및 이들의 전부 또는 일부를 혼합한 주식으로 한다. 제8조의3(이익배당,의결권 배제 및 주식의 상환에 관한 종류주식) | 회사는 이익배당, 의결권 배제 및 의결권이 있는 주식의 상환에 관한 종류주식(이하 조에 서“종류주식”이라 한다) 을 발행할 수 있다 | 회사는 이사회 결의로 종류주식을 상환할 수 있다 | 주주는 회사에 대하여 종류주식의 상환을 청구할 수 있다 | 상환기간은 종류주식의 발행 후 3개월이 경과한 날로부터 10년이 되는 날의 범위 내에서 발행시 이사회 결의로 정한다 | 삭제 제8조의4(이익배당,의결권 배제 및 주식의 전환에 관한 종류주식) | 회사는 이익배당, 의결권 배제 및 주식의 전 환에 관한 종류주식(이하 조에서“종류주식” 이라 한다)을 발행할 수 있다 | 종류주식의 전환으로 인하여 발행하는 주식은 보통주식으로 하고, 그 전환비율은 1주당 보통주식 1주로 한다. 단, 발행시 이사회 결의로 정한 바에 따라 전환비율을 조정할 수 있다 | 회사가 종류주식을 전환할 수 있는 기간 또는 종류주식의 주주가 전환을 청구할 수 있는 기간은 종류주식의 발행 후 3개월이 경과한 날로부터 10년이 되는 날의 범위 내에서 발행시 이사회결의로 정한다. 제16조(주주명부의 폐쇄 및 기준일) | 회사는 매년 1월1일부터 1월31일까지 주주의 권리에 관한 주주명부의 기재변경을 정지한다. 단, 제8조에 따라 회사가 전자등록하는 방법 으로 주식을 발행하는 경우에는 본 조항은 적용하지 아니한다 | 회사는 매년 12월 31일 현재 주주명부에 기재되어 있는 주주를 그 결산기에 관한 정기주주 총회에서 권리를 행사할 주주로 한다. 이하 삭제 | 회사는 이사회 결의에 의하여 사채를 발행할 수 있다 | 이사회는 대표이사에게 사채의 금액 및 종류를 정하여 1년을 초과하지 아니하는 기간 내에 사채를 발행할 것을 위임할 수 있다. 제17조2(전환사채의 발행) | 사채의 액면총액이 100억원 을 초과하지 않는 범위 내에서 일반공모의 방법으로 전환사채를 발행하는 경우 | 사채의 액면총액이 100억원을 초과하지 않는 범위 내에서 신기술의 도입, 재무구조의 개선 등회사의 경영상 목적을 달성하기 위하여 필요한 경우 특정한 자(이 회사의 주주를 포함한다)에게사채를 배정하기 위하여 사채인수의 청약을 할 기회를 부여하는 방식으로 전환사채를 발행하는경우 | 제17조(개정전 전환사채의 발행) 조항과 동일 제17조의3(신주인수권부사채의 발행) | 사채의 액면총액이 100억원 을 초과하지 않는 범위 내에서 일반공모의 방법으로 신주인수권부사채를 발행하는 경우 | 제17조의 2(개정전 신주인수권부사채의 발행) 조항과 동일 제17조의4(이익참가부사채, 교환사채의 발행) | 회사는 사채의 액면총액이 100억원을 초과하지 않는 범위 내에서 주주 외의 자에게 이익참가부사채 또는 교환사채를 발행할 수 있다 | 이익참가부사채 또는 교환사채의 발행에 관한 세부사항은 이사회 결의로 정한다. 제17조의5(사채 및 신주인수권증서에 표시되어야 할 권리의 전자등록) 회사는 사채권 및 신주인수권증권을 발행하는 대신 전자등록기관의 전자등록계좌부에 사채권 및 신주인수권증권에 표시되어야 할 권리를 전자 등록한다. 다만, 사채의 경우 법령에 따라 전자등록이 의무화된 상장사채 등을 제 | 정기주주총회는 매사업년도 종료후 3월 이내 에, 혹은 제16조 2항에서 정한 기준일로부터 3 개월 이내에 소집하며, 임시주주총회는 필요에 따라 소집한다. 제52조(이익배당) | 회사는 제1항의 배당을 위하여 이사회 결의로 배당을 받을 주주를 확정하기 위한 기준일을 정하여야 하며, 그 경우 기준일의 2주 전에 이를공고하여야 한다 제53조(중간배당) | 회사는 이사회 결의로 상법 제462조의3에 의한 중간배당을 할 수 있다 | 회사는 이사회 결의로 제1항의 배당을 받을 주주를 확정하기 위한 기준일을 정할 수 있으며,기준일을 정한 경우 그 기준일의 2주 전에 이를 공고하여야 한다 | 중간배당은 직전결산기의 대차대조표상의 순 자산액에서 다음 각호의 금액을 공제한 액을 한도로 한다 | 직전결산기의 자본금의 액 | 직전결산기까지 적립된 자본준비금과 이익준비금의 합계액 | 상법시행령에서 정하는 미실현이익 | 직전결산기의 정기주주총회에서 이익배당하기로 정한 금액 | 직전결산기까지 정관의 규정 또는 주주총회의 결의에 의하여 특정목적을 위해 적립한 임의준비금 | 중간배당에 따라 당해 결산기에 적립하여야 할 이익준비금",미영위사업 폐지 자구수정 자구수정 종류주식에 대한 상세 분류 자구수정 사채발행 세부 조항 수정 자구수정 배당주주 확정 규정신설,"진입에는 상당한 어려움이 있습니다. 국가 기반산업이 주요 수요처로써 지속적인 수요 발생이 예상됩니다 (4) 신규사업 등의 내용 및 전망 ""현재 전동구동기관련 사업 외에 추진하고 있는 신규사업은 없습니다""<",https://kind.krx.co.kr/external/2025/03/26/000269/20250326001008/00591.htm,True,2025H1reg,20250326000245
루미르,,코스닥,20250325,20250325000415,[정정]주주총회소집공고,True,True,True,True,3,투자·금융,"연구용역, 학술용역 및 투자업무 | 경영자문 및 컨설팅업 | 학술연구조사 업무",사업목적추가,"회 목적사항별 기재사항 □ 정관의 변경 제 1호 의안 : 정관 개정의 건 나. 그 외의 정관변경에 관한 건 사업목적 추가 - (주1) (주1) 변경전 내용 변경후 내용 변경의 목적 제2조(목적) 이 회사는 다음의 사업을 영위함을 목적으로 한다. 1. 기계 구성품 및 시스템 개발, 제조업 2. 항공, 우주 구성품 및 시스템 개발,",https://kind.krx.co.kr/external/2025/03/25/000415/20250325001672/00591.htm,True,2025H1reg,20250325000424
GS건설,,유가증권,20250324,20250324001022,[정정]주주총회소집공고,False,True,True,True,1,,통신판매업,ㆍ신규사업 수행,,https://kind.krx.co.kr/external/2025/03/24/001022/20250324003481/00591.htm,True,2025H1reg,20250324000802
카스,,코스닥,20250321,20250321002287,[정정]주주총회소집공고,False,True,True,True,1,,쓰리디(3D)프린터 및 관련장비 판매,42. 사업목적 추가 43. 순서변경,,https://kind.krx.co.kr/external/2025/03/21/002287/20250321008809/00591.htm,True,2025H1reg,20250321001970
제이스코홀딩스,,코스닥,20250321,20250321001766,[정정]주주총회소집공고,False,True,True,True,7,2차전지·배터리;신재생·에너지·전력;희토류·핵심광물·소재,"현행유지 | 국내외 무역업 | 차전지 소재 제조 및 판매업 | 연료전지, 관련소재 및 부품제조, 판매업 | 배터리 및 소재의 개발, 제조 및 판매업 | 해외자원개발사업 | 광산업",사업집중화를 위한 일부 삭제 및 추가,,https://kind.krx.co.kr/external/2025/03/21/001766/20250321006577/00591.htm,True,2025H1reg,20250321001549
루트K,,코스닥,20250321,20250321001397,[정정]주주총회소집공고,False,True,True,True,10,탄소·환경,"(전과 同) | 세라믹 소재개발 및 연구 | 세라믹 기술개발 및 제조, 가공 | 세라믹 제조설비 및 친환경 세라믹기술 컨설팅 | 세라믹 관련 원, 부자재 및 관련제품 수출입업 | 수처리 소재 제조 및 연구개발 | 수처리 응집제 제조 및 연구개발 | 수처리 전문업 | 폐기물 수집. 운반업 | 폐기물 종합처리업",사업목적 추가 및 조문 번호 정비,,https://kind.krx.co.kr/external/2025/03/21/001397/20250321005193/00591.htm,True,2025H1reg,20250321001243
인팩,,유가증권,20250321,20250321001392,[정정]주주총회소집공고,False,True,True,True,3,,"자회사(자회사 및 손자회사와, 손자회사가 지배하는 회사를 포함한다, 이하 같다) 및 계열회사의 주식 또는 지분을 취득·소유 함으로써 자회사 및 계열회사의 제반 사업 내용을 지배, 경영사항을 지도 및 정리, 육성하는 사업 | 자회사 및 계열회사에 대한 경영자문 및 업무지원 | 브랜드 및 상표권, 지식, 정보, 기술 등 무형자산과 지적재산권 관리업",경영자문 및 경영지원 용역 사업 목적 추가,,https://kind.krx.co.kr/external/2025/03/21/001392/20250321005181/00591.htm,True,2025H1reg,20250321001240
KISCO홀딩스,,유가증권,20250321,20250321001270,[정정]주주총회소집공고,True,True,True,True,1,부동산·임대·건설,건설자재 제조 및 판매업,사업목적 추가 및 문구 조정,"당금 1,800원) 나) 부의안건 제2호 의안 : 정관 일부 변경의 건 - 제2-1호 의안 (회사제안) : 사업목적 추가 및 문구 조정 - 제2-2호 의안 (회사제안) : 중간배당제 신설 - 제2-3호 의안 (주주제안) : 주주가치 제고 계획 수립 및 이행 의무화 제3호 의안 : 이사 선임의 건 - 제3-1호 의안 : 장세홍 (",https://kind.krx.co.kr/external/2025/03/21/001270/20250321004751/00591.htm,True,2025H1reg,20250321001161
한국철강,,유가증권,20250321,20250321001257,[정정]주주총회소집공고,True,True,True,True,1,부동산·임대·건설,건설자재 제조 및 판매업,사업목적 변경 및 문구 조정,보고 (1주의 배당금 800원) 나) 부의안건 제2호 의안 : 정관 일부 변경의 건 - 제2-1호 의안 : 사업목적 변경 및 문구 조정 - 제2-2호 의안 : 중간배당제 신설 제3호 의안 : 이사 선임의 건 - 제3-1호 의안 : 문종인 (사내이사) - 제3-2호 의안 : 이수하 (사내이사) - 제3-3호 의안 : 이병제 (사내,https://kind.krx.co.kr/external/2025/03/21/001257/20250321004662/00591.htm,True,2025H1reg,20250321001147
대원,,코스닥,20250321,20250321000457,[정정]주주총회소집공고,False,True,True,True,2,,인 격 파견업 | 인 력 파견업,회사 사업 목적사항 추가,,https://kind.krx.co.kr/external/2025/03/21/000457/20250321001931/00591.htm,True,2025H1reg,20250321000531
에스엠국일,,코스닥,20250320,20250320001487,[정정]주주총회소집공고,False,True,True,True,4,부동산·임대·건설,"부동산의 매매 및 임대업 | 주택건설업 | 부동산 개발 및 공급업 등 부동산 관련 서비스업 | 기계장치 및 설비의 임대, 유지보수업",사업목적 확장 사업다각화에 따른 사업목적 추가 및 조문번호 변경,,https://kind.krx.co.kr/external/2025/03/20/001487/20250320006126/00591.htm,True,2025H1reg,20250320001078
에이치엠넥스,,코스닥,20250320,20250320000932,[정정]주주총회소집공고,False,True,True,True,11,반도체,"반도체장비 제조업 | 반도체장비 판매업 | 반도체장비 설치업 | 반도체설비 공사업 | 기계가스 설비 공사업 | 문화기획업 | 문화상품 제조업 | 전시장운영 용역업 | 아트상품, 소품제작 및 판매 | 조형물 제작업 | 디자인 기획 및 제작, 설계 용역업",사업목적추가,,https://kind.krx.co.kr/external/2025/03/20/000932/20250320004118/00591.htm,True,2025H1reg,20250320000769
세보엠이씨,,코스닥,20250319,20250319001213,[정정]주주총회소집공고,True,True,True,True,1,탄소·환경,환경전문공사업,목적사항 추가,고 나) 결 의 사 항 제1호 의안 : 제47기 재무제표 승인의 건 제2호 의안 : 정관 일부 변경의 건 (사업목적 추가) 제3호 의안 : 이사 선임의 건 3-1호 의안 : 사내이사 김우영 재선임의 건 3-2호 의안 : 사내이사 이원하 재선임의 건 제4호 의안 : 사외이사 박병근 신규선임의 건 제5호 의안 : 감사위원회 위원 박,https://kind.krx.co.kr/external/2025/03/19/001213/20250319005259/00591.htm,True,2025H1reg,20250319000991
PKC,,유가증권,20250318,20250318001786,[정정]주주총회소집공고,False,True,True,True,1,부동산·임대·건설,(10) 부동산매매업,오기 정정,,https://kind.krx.co.kr/external/2025/03/18/001786/20250318008445/00591.htm,True,2025H1reg,20250318001342
아이로보틱스,,코스닥,20250318,20250318000785,[정정]주주총회소집공고,True,True,True,True,8,로봇;클라우드·SW·빅데이터;방산;디지털자산·블록체인·STO(스테이블코인);신재생·에너지·전력;탄소·환경,I. 태양광발전 재생에너지의 생산 및 판매업 | I. 구동장치 개발 제조 판매 | I. 동력전달장치 개발 제조 판매 | I. 로봇 감속기 개발 제조 판매 | I. 방산장비용 고효율 웜기어 및 감속장치 개발 제조 판매 | I. 탄소배출권 거래플랫폼 구축 운영 | I. 블록체인 기반 탄소배출권 거래 증명시스템 | I. 신재생에너지 발전시스템,사업다각화를 위한 목적추가,"부가가치 제품개발을 위한 R&D 투자를 확대하여변화하는 수요에 대응하며 경쟁력을 유지하고 있습니다. (4) 신규사업 등의 내용 및 전망 - (5) 조직도 와이오엠_조직도 2. 주주총회 목적사항별 기재사항 □ 재무제표의 승인 가. 해당 사업연도의 영업상황의 개요 ""Ⅲ. 경영참고사항"" 중 ""1. 사업의 개요"" 참조 나. 해당 사업연",https://kind.krx.co.kr/external/2025/03/18/000785/20250318003854/00591.htm,True,2025H1reg,20250318000662
중앙첨단소재,,코스닥,20250318,20250318000627,[정정]주주총회소집공고,True,True,True,True,2,2차전지·배터리,"전동기, 발전기, 에너지 저장장치 및 전기 변환장치 제조, 판매업 | 전기공급 및 제어장치 제조 및 판매업",조문순서 변경 조문순서 변경 조문순서 변경 사업목적 추가 사업목적 추가 조문순서 변경 조문순서 변경 조문순서 변경,"1) 재무제표(결손금처리계산서(안) 포함) 및 연결재무제표 승인 건 ○ 제2호 의안 : 정관 일부변경의 건(사업목적 추가, 별첨 참조) ○ 제3호 의안 : 감사 선임의 건(감사 유홍석 재선임) ○ 제4호 의안 : 이사 보수한도 승인의 건(16억원) ○ 제5호 의안 : 감사 보수한도 승인의 건(2억원) 4. 경영참고사항 비치 상법",https://kind.krx.co.kr/external/2025/03/18/000627/20250318003246/00591.htm,True,2025H1reg,20250318000555
유라클,,코스닥,20250318,20250318000552,[정정]주주총회소집공고,True,True,True,True,3,,특수한 유형의 부가통신사업 | 문자발송서비스업 | 문자재판매업,사업의 다각화,월31일) 연결 및 별도 재무제표 승인의 건 제2호 의안 : 정관일부 변경의 건 제2-1호 의안 : 사업의 목적 추가 제2-2호 의안 : 이익배당(결산배당) 기준일 변경 제2-3호 의안 : 분기배당 기준일 변경 제3호 의안 : 주식매수선택권 부여의 건 제4호 의안 : 이사 선임의 건 제4-1호 의안 : 사내이사 조준희 선임의 건 ,https://kind.krx.co.kr/external/2025/03/18/000552/20250318002926/00591.htm,True,2025H1reg,20250318000508
청보,,코스닥,20250318,20250318000182,[정정]주주총회소집공고,True,True,True,True,23,방산;디지털자산·블록체인·STO(스테이블코인);신재생·에너지·전력;부동산·임대·건설;투자·금융,"태양광발전 시스템공사 | 태양광발전시스템 제조 및 판매업 | 태양광발전기 유지보수업 | 발전소 운영 및 유지보수업 | 기타 신재생에너지 관련 사업 | 철근콘크리트 공사업 | 산업용전기설비 설계 및 제조업 | 전기공사업 | 전기안전관리 대행업 | 건축물(시설)유지관리업 | 군납물자 및 장비와 동 부품에 대한 제조, 조립 시험 및 판매업 | 특수 중기 및 동 부품에 대한 설제 제조판매 및 제조 | 산업기계 및 플랜트 설비에 대한 설계 제조판업 및 제조 | 각종기계설비 및 공구와 동 부분품의 제조 및 판매업 | 각종 전자 공업기기 및 동 부분품의 제조 및 판매업 | 각종 엔진과 엔진장치 설비의 제조 및 판매업 | 블록체인 기반 암호화자산매매 및 중개업 | 토큰 발행 및 토큰증권(STO)관련 사업 | 디지털화된 자산의 개발, 유통 및 판매 | 전자화폐 및 상품권 발행및 공급업 | 가상화폐 투자업 | 회사가 보유하고 있는 유형자산 또는 무형자산의 판매, 유통사업과 용역 사업 | 부동산 임대 및 매매업",미영위 목적사업 일부삭제 / 사업 확장으로 인한 사업목적 추가 / 신규사업 진출 및 사업 다각화를 위한 사업목적 추가," 발행및 공급업 가상화폐 투자업 회사가 보유하고 있는 유형자산 또는 무형자산의 판매, 유통사업과 용역 사업 신규사업 진출 및 사업 다각화를 위한 사업목적 추가 부동산 임대 부동산 임대 및 매매업 사업 확장으로 인한 사업목적 추가 도심항공교통 플랫폼 개발사업 도심항공교통 플랫폼 운영사업 소형항공 운수사업 항공기사용사업 국내외항공운",https://kind.krx.co.kr/external/2025/03/18/000182/20250318000921/00591.htm,True,2025H1reg,20250318000152
그린플러스,,코스닥,20250317,20250317000845,주주총회소집공고,False,True,True,True,3,교육,"농산물의 유통 | 리서치, 컨설팅 및 연구개발 | 교육지원서비스",신규사업 진출 및 사업다각화,,https://kind.krx.co.kr/external/2025/03/17/000845/20250317003594/00591.htm,True,2025H1reg,20250317000669
킵스파마,,코스닥,20250317,20250317000363,[정정]주주총회소집공고,False,True,True,True,6,바이오·헬스케어;부동산·임대·건설;화장품·뷰티;식품·농업·외식,"건강보조식품 제조 및 판매 | 식료류, 잡화류 판매업 | 의약부외품, 화장품 판매업 | 의료용기기 도매업 | 오엘이디(OLED) 관련 장비 유통 및 도소매업 | 부동산 전대업",- 사업 목적 관리 편의를 위한 번호 표기 수정 - 주식회사 한국글로벌제약 흡수합병간 사업목적 승계를 위한 추가,,https://kind.krx.co.kr/external/2025/03/17/000363/20250317001808/00591.htm,True,2025H1reg,20250317000362
제이케이시냅스,,코스닥,20250317,20250317000361,[정정]주주총회소집공고,True,True,True,True,2,반도체;2차전지·배터리;교육,"반도체용 화학원료, 에천트 원료제조 및 도ㆍ소매업 | 전자재료, 전해액 원료 제조 및 도ㆍ소매업",사업목적 정비,". 광고영업,광고대행 및 광고영업대행과 관련된 사업 (삭제) 108. 데이터베이스업 (삭제) 109. 전기통신사업 110. 캐릭터 사업 (삭제) 111. 인터넷을 통하여 영화,음악,게임.교육 등에 관한 각종 콘텐츠를 제공하는 사업 (삭제) 112. 음반 및 기타음악기록매체출판업 (삭제) 113. 음반 및 비디오물 기타 매체 도",https://kind.krx.co.kr/external/2025/03/17/000361/20250317001801/00591.htm,True,2025H1reg,20250317000360
교촌에프앤비,,유가증권,20250317,20250317000070,[정정]주주총회소집공고,False,True,True,True,1,,"펄프, 종이 및 종이제품 제조업",사업 다각화에 따른 목적 추가,,https://kind.krx.co.kr/external/2025/03/17/000070/20250317000279/00591.htm,True,2025H1reg,20250317000026
포바이포,,코스닥,20250314,20250314002349,주주총회소집공고,False,True,True,True,1,부동산·임대·건설,"시스템통합구축 서비스의 개발, 제작 및 판매업 <추가>1. 해외건설업 <추가>1. 국제회의기획업 <추가>1. 학술연구용역업 및 기술연구용역업 <추가>1. 국내외 종합여행업",□ 신규 목적 추가,,https://kind.krx.co.kr/external/2025/03/14/002349/20250314005840/00591.htm,True,2025H1reg,20250314001759
에코캡,,코스닥,20250314,20250314002268,주주총회소집공고,True,True,True,True,1,,"종속회사의 경영 지원(인력 파견, 출장 등), 소모품, 금형, 설비 등 구매대행 및 기타 부수업무",사업 목적 추가," 변화하며 이에 따라 관련 자동차 부품 산업도 일정부분 완성차 업체의 업황에 영향을 받고 있습니다. (4) 신규사업 등의 내용 및 전망 - ESS(Energy Storage System)분야 연구개발 ESS 분야에 대한 연구개발 추진배경으로 글로벌 주요 국가들이 2050 탄소중립 달성을 추진하면서, 에너지를 저장했다가 필요할 때",https://kind.krx.co.kr/external/2025/03/14/002268/20250314005674/00591.htm,True,2025H1reg,20250314001730
롤링스톤,,코스닥,20250314,20250314002183,주주총회소집공고,True,True,True,True,28,클라우드·SW·빅데이터;바이오·헬스케어;모빌리티·전기차·자율주행;화장품·뷰티;식품·농업·외식,"동물의약품의 제조 및 도소매업 | 동물의료기기의 제조 및 도소매업 | 동물의약품외품의 제조 및 도소매업 | 동물의료소모품의 제조 및 도소매업 | 동물의료 관련 물품 등의 수출입업 및 동 대행업 | 동물병원 BtoB BtoC 플랫폼 | 사료의 제조, 판매, 분석, 연구 | 농림수산학 및 수의학 연구개발업 | 질병의 예측을 위한 유전체 서열 분석 및 관련 서비스{헬로징(암 및 일반질환 예측 서비스)를 포함하되, 이에 한정되지 않음} | 질병의 예방과 헬스케어를 위한 유전체 서열 분석 및 관련 서비스{진스타일(건강관리, 영양소관리, 운동특성, 식습관 및 수면관리, 피부모발관리, 카페인, 알코올, 니코틴 반응 등)을 포함하되, 이에 한정되지 않음} | 장내미생물 분석을 통한 테라바이옴 사업(마이크로바이옴 유해균, 유익균 검사) | 개인 유전자검사 기반 솔루션 사업(개인맞춤 건기식, 개인 맞춤 영양제 등과 같은 2차 서비스들 연계 및 제공) | 헬스케어 데이터 사업 | 헬스케어 서비스관련 림스 및 IT 시스템들 | 헬스케어 국책과제 수행 및 상기사업과 직접적으로 관련된 연구 | 생물정보분석 연구개발 | 유전체 검사 관련 의료 및 건강서비스 | 유전체 검사키트 판매 및 유통 | 건강기능식품 유통전문판매업 | 건강기능식품 일반판매업 | (식품)유통전문판매업 | 화장품, 화장품 원부자재, 그 외 기타상품의 판매,유통,도소매,수출입업 | 주차장 운영 및 운영관련 사업 | 주차장 운영관리의 수탁업무 | 주차장 스마트 모빌리티 관련 사업 | 자동차 대여, 세차, 정비, 매매 사업 | 전기자동차 충전관련 사업 | 화장품, 화장품 원부자재, 그 외 기타 상품의 제조, 유통, 도소매업",사업다각화, 가결 찬성 - - - 33 2024.12.04 임시주주총회 부의안건 변경의 건 1. 정관 일부 변경의 건(사업목적 추가) 2. 이사 선임의 건 3. 감사 이루비 선임의 건 가결 찬성 - - - 34 2024.12.05 제3자배정 소액공모 유상증자 발행의 건 가결 찬성 - - - 35 2024.12.06 해외 종속 법인 지분 등,https://kind.krx.co.kr/external/2025/03/14/002183/20250314005488/00591.htm,True,2025H1reg,20250314001682
시선AI,,코스닥,20250314,20250314002159,[정정]주주총회소집공고,False,True,True,True,7,AI(인공지능);바이오·헬스케어;엔터·콘텐츠·게임,"인공지능 기반 의료솔루션 개발 및 서비스업 | 시각 데이터 (이미지/비디오)를 활용한 기술 개발 및 서비스업 | 인공지능 기반 영상진단 의료기기 개발 및 서비스업 | 이미지에 기반한 상품 검색 솔루션 개발, 제조, 유통, 자문, 유지보수 및 서비스업 | 의학 및 약학 연구개발업 | 모바일 비즈니스업 | 콘텐츠 개발업",사업 목적 정비 및 신사업 근거 마련,,https://kind.krx.co.kr/external/2025/03/14/002159/20250314005419/00591.htm,True,2025H1reg,20250314001671
아티스트스튜디오,,코스닥,20250314,20250314002146,주주총회소집공고,False,True,True,True,2,클라우드·SW·빅데이터,응용 소프트웨어개발 및 공급업 | 시스템 소프트웨어 개발 및 공급업,미영위 사업목적 삭제,,https://kind.krx.co.kr/external/2025/03/14/002146/20250314005379/00591.htm,True,2025H1reg,20250314001662
나노실리칸첨단소재,,코스닥,20250314,20250314002067,[정정]주주총회소집공고,True,True,True,True,2,데이터센터,데이터센터 개발 및 운영업 | 인터넷회선 중개서비스업,신규사업,".12.31) 연결및 별도재무제표 결손금처리계산서승인의건 - 제2호의안 : 정관 변경 의 건. (상호변경, 사업목적추가외) - 제3호의안 : 이사 선임의건 제3-1호의안 : 이창섭 사내이사 선임의건 제3-2호의안 : 한동영 사외이사 선임의건 - 제4호의안 : 임원퇴직금규정 변경의 건. - 제5호의안 : 이사 보수한도 승인의 건 ",https://kind.krx.co.kr/external/2025/03/14/002067/20250314005154/00591.htm,True,2025H1reg,20250314001616
광명전기,,유가증권,20250314,20250314001966,주주총회소집공고,False,True,True,True,1,신재생·에너지·전력,변압기 제조 판매업,-신규사업 추진을 위한 사업목적추가,,https://kind.krx.co.kr/external/2025/03/14/001966/20250314004894/00591.htm,True,2025H1reg,20250314001553
셀루메드,,코스닥,20250314,20250314001932,주주총회소집공고,True,True,True,True,3,바이오·헬스케어,의약품의 도매업 | 의약부외품의 도소매업 | 의료소모품의 도소매업,금융기관 권고에 따라 가장자산 관련 사업목적 삭제 아피톡신 유통을 위한 의약품 유통업 추가, 연결재무제표 및 별도재무제표 승인의 건 2) 제2호 의안 : 정관 일부 변경의 건 - 제2-1호 의안 : 사업 목적 변경의 건 - 제2-2호 의안 : 주주명부의 폐쇄 및 기준일 변경의 건 3) 제3호 의안 : 감사 선임의 건 - 제3-1호 의안 : 감사 김기호 선임의 건 4) 제4호 의안 : 이사 보수한도 승인의 건 5) 제5호,https://kind.krx.co.kr/external/2025/03/14/001932/20250314004801/00591.htm,True,2025H1reg,20250314001529
한울앤제주,,코스닥,20250314,20250314001926,주주총회소집공고,True,True,True,True,16,반도체;바이오·헬스케어;탄소·환경,"전기, 전자 제품 제조업 | 반도체 장치 제조업 | 반도체 및 전자 관련 화학재료 제조 및 판매업 | 반도체 및 전자관련 기계 및 동 부품 제조 및 수출입업 | 생활폐기물처리 대행업 | 사업장폐기물, 폐유처리 재생 및 판매업 | 일반 폐기물 수집운반업 | 일반 폐기물 중간처리업 | 일반 폐기물 재활용업 | 일반 폐기물 최종처리업 | 폐기물 수집 운반업 | 폐기물 중간 처리업 | 폐기물 최종 처리업 | 폐기물 재생 처리업 | 폐기물 종합 처리업 | 폐기물 처리에 관한 기술의 연구 및 개발사업 (이하 2025.03.31 개정)",사업 목적 추가 및 정비,식 이권부 무보증 사모 전환사채 발행 정정의 건 제2호 의안: 유상증자 신주발행의 정정의 건 제3호 의안: 신규사업 진행의 건 - - 찬성 찬성 찬성 - 11 2024.06.03 제1호 의안: 주식양수도계약 체결의 건 제2호 의안: 임시주주총회 소집의 건 제3호 의안: 권리주주 기준일 설정 제4호 의안: 신규사업의 진행의 건 -,https://kind.krx.co.kr/external/2025/03/14/001926/20250314004776/00591.htm,True,2025H1reg,20250314001526
동성제약,,유가증권,20250314,20250314001914,주주총회소집공고,True,True,True,True,3,바이오·헬스케어,"공기청정기 제조 및 판매, 수출입업 | 기타의료기계, 기타산업용기계 장비중개업 | 기타상품 도소매, 중개업",- 사업 다각화를 위한 사업 목적 추가 - 목적 사업 추가에 따른 호순 변경,"니다. 최근 지속되는 원부자재 가격 상승으로 금년에는 전년에 비해 수익성이 악화되는 경향을 보이고 있으나, 신규 사업 확장 및 이익구조 개편을 통해 이러한 위기를 타개하고자 노력하고 있습니다. (나) 공시대상 사업부문의 구분 당사는 재화의 성격을 기준으로 최고경영자의 의사결정을 위해 다음과 같이 2개의 부문으로 구분하여 보고하고 ",https://kind.krx.co.kr/external/2025/03/14/001914/20250314004747/00591.htm,True,2025H1reg,20250314001512
아크솔루션스,,코스닥,20250314,20250314001881,주주총회소집공고,True,True,True,True,8,클라우드·SW·빅데이터;바이오·헬스케어;희토류·핵심광물·소재;엔터·콘텐츠·게임;탄소·환경,"소프트웨어 및 하드웨어의 개발, 제조, 판매 및 공급, 서비스업 | 클라우드 컴퓨터 구축, 유지보수 및 개발, 공급, 기술지원업 | 동물용 의료기기 및 진단장비의 제조, 판매 및 공급, 서비스업 | 온라인/오프라인 컨텐츠 제작, 판매, 마케팅 대행 및 에이전시업 | 자료처리, 호스팅, 포털 및 기타 인터넷 정보 매개 서비스업 | 자동차 관련 금속 및 기타 자원의 판매, 재활용 및 처리, 중개, 서비스업 | 자동차 관련 폐기물의 판매, 재활용 및 처리, 중개, 서비스업 | 광물 자원의 공급, 가공, 중개 및 판매업",사업 목적 추가," 및 대응방안 논의 참석 - 참석 - 참석 - 2. 기타현안 논의 - - - 13 2024.05.17 1. 신규사업 논의(저탄소 및 비열처리 고강도 알루미늄 합금, 제조, 판매) 참석 - 참석 - - - 2. 인사발령 및 조직도 변경 논의 - - - 14 2024.05.22 1. 임시주주총회 소집논의 - - 참석 찬성 참석 찬성",https://kind.krx.co.kr/external/2025/03/14/001881/20250314004693/00591.htm,True,2025H1reg,20250314001485
솔루믹스,,코넥스,20250314,20250314001847,주주총회소집공고,True,True,True,True,12,바이오·헬스케어;희토류·핵심광물·소재;식품·농업·외식;탄소·환경,"농수산물 수출입 및 유통업 | 친환경 비료 제조 및 유통업 | 농림,수산학 연구개발업 | 상수도 정수장 운영업 | 액체 여과기 제조업 | 폐자원 수집 재활용사업 | 폐자원 수집 재활용 에너지화사업 | 폐자원 수집 재활용에 관련 서비스,공급업 | 폐자원 수집 재활용 수집운반업 | 광물 수입 및 수출업 | 차 금속 제품 도매업 | 차 금속 재료 수출입업",사업목적 추가,"러 2024년 4월에는 회사와 기업부설기술연구소의 소재지를 옮겨 경영 및 연구개발환경을 개선하였는데, 향후 신규사업의 의욕적 추진을 위한 토대가 마련되었다는 의미가 있다고 하겠습니다. (2) 시장점유율 회사가 추진 중인 사업 분야는 수요자 환경과 Needs가 다양하여 대외적으로 인정하거나 공신력 있는 외부기관에서 발행되는 업계통",https://kind.krx.co.kr/external/2025/03/14/001847/20250314004646/00591.htm,True,2025H1reg,20250314001469
엔투텍,,코스닥,20250314,20250314001758,주주총회소집공고,True,True,True,True,34,바이오·헬스케어;화장품·뷰티;식품·농업·외식;교육,"국내외 법인의 출자 및 지분취득 업무 | 국내외 법인의 투자컨설팅 업무 | 신약개발 및 판매 | 의약품 제조 및 판매업 | 의약품 소분 및 판매업 | 동물용 의약품 등의 제조 및 수입판매업 | 의약품 가공수탁, 제조설비 및 기구 임대업 | 의약품 도·소매업 | 비임상 및 임상 시험 관련사업 | 수탁기관 시험 및 연구대행업 | 바이오의약품 연구개발업 및 판매 | 바이오시밀러의약품 글로벌 유통업 | 항체공학적기법을 이용한 신기술, 신소재, 신제품 연구개발 및 제조 판매와 그에 따른 국내외에서의 지적재산권 획득 및 이전 | 세포공학기술을 이용한 신기술, 신소재, 신제품 연구개발 및 제조 판매와 그에 따른 국내외에서의 지적재산권 획득 및 이전 | 동물세포주 제조, 세포 배양배지 제조, 동물세포 배양기술 제공 | 항체공학적 기법을 이용한 용역 연구사업 | 유용유전자 개발 및 판매 | 형질 전환 동식물 개발 및 판매 | 생명공학관련 시약 또는 시료 및 관련기술 연구개발 및 판매 | 생명공학관련 연구, 분석 대행 | 생명공학관련기술연수 및 교육 | 생명공학관련 장비 개발, 대여 및 판매 | 생명공학관련 기술, 장비 등 대여 및 판매대행 | 바이오의약품의 생산, 판매 | 바이오의약품의 용역사업 및 수탁사업 | 바이오의약품 제조기술의 연구 및 개발 | 바이오의약품 생산관련 장비개발, 대여 및 판매 | 미생물 배양, 신물질 개발 및 이에 따른 기술 용역업 | 의료기기 및 의료용구 제조 및 판매업 | 의료기기 및 의료용구 도·소매업 | 건강기능식품 및 건강보조식품 등 제조, 가공, 판매 및 수입판매업 | 건강기능식품 및 건강보조식품 도·소매업 | 화장품, 의약외품의 제조 및 판매업 | 화장품, 의약외품 도·소매업",제2조(목적) 사업목적 추가/수정/삭제 (우측 40.~73.) 투자관련 업무 및 바이오사업목적 추가 (좌측 40. → 우측 74.) 기존 각호 40번 자구 수정 (수정 후 74번) (좌측 41.) 기존 각호 41번 삭제,"하면서도 새로운 성장동력을 확보하기 위한 방편으로, 향후 지속적인 연구개발을 통해 안정적, 고성장 산업으로 사업 영역을 확보할 것입니다. (나) 공시대상 사업부문의 구분 당사는 당기말 현재 단일사업부문으로 반도체, 디스플레이(LCD/OLED) 공정 장비 부품인 진공 Chamber와 해당 Chamber에 사용되는 특수 진공 밸브 제",https://kind.krx.co.kr/external/2025/03/14/001758/20250314004457/00591.htm,True,2025H1reg,20250314001409
에이블씨엔씨,,유가증권,20250314,20250314001732,주주총회소집공고,False,True,True,True,1,바이오·헬스케어,의료기기 판매 및 임대업,- 사업다각화에 따른 사업목적 추가,,https://kind.krx.co.kr/external/2025/03/14/001732/20250314004398/00591.htm,True,2025H1reg,20250314001395
코디,,코스닥,20250314,20250314001692,주주총회소집공고,True,True,True,True,6,디지털자산·블록체인·STO(스테이블코인);바이오·헬스케어;화장품·뷰티;식품·농업·외식;투자·금융,"의료기기 제조 및 유통, 판매업 | 미용기기 제조 및 유통, 판매업 | 전자제품 제조 및 유통, 판매업 | 건강보조식품 및 건강기능식품 제조 및 유통, 판매업 | 가상화폐 투자업 | 회사가 보유하고 있는 유형자산 또는 무형자산의 판매, 유통사업과 용역사업",신규사업 확장을 위한 조항 추가,체들의 수요 역시 빠르게 증가하고 있습니다. (3) 시장의 특성 - 영업개황을 참고하시길 바랍니다. (4) 신규사업 등의 내용 및 전망 - 해당사항 없음. (5) 조직도 코디_조직도 2. 주주총회 목적사항별 기재사항 □ 재무제표의 승인 (제1호 의안) 제26기(2024년) 재무제표(결손금처리계산서 포함) 및 연결 재무제표 승인의,https://kind.krx.co.kr/external/2025/03/14/001692/20250314004323/00591.htm,True,2025H1reg,20250314001372
한국유니온제약,,코스닥,20250314,20250314001604,주주총회소집공고,True,True,True,True,6,바이오·헬스케어;화장품·뷰티;식품·농업·외식,"Ⅰ. 의약품 제조업 및 판매업 | Ⅰ. 의약품 도,소매업 | Ⅰ. 의료용구 도,소매업 | Ⅰ. 화장품 도,소매업 | Ⅰ. 위생용품 도,소매업 | 식품가공 판매업의 경영에 관한 종합지도 및",신규 사업 다각화," 검토. 제 2호 의안: 공동대표이사 백병하 해임의 건으로 제기된 6개 사항에 대한 검토. 제 3호 의안: 신사업(개량신약, 노치원) 사업계획 및 타당성 검토 제 4호 의안: 감사위원회 활동을 위한 외부자문 변호사 위촉건 제 5호 의안: 사외이사, 감사위원의 책임보험 가입 요청의 건 제 6호 의안: 사외이사, 감사위원의 추가적",https://kind.krx.co.kr/external/2025/03/14/001604/20250314004129/00591.htm,True,2025H1reg,20250314001317
다보링크,,코스닥,20250314,20250314001525,주주총회소집공고,True,True,True,True,24,반도체;바이오·헬스케어;2차전지·배터리;신재생·에너지·전력;희토류·핵심광물·소재;화장품·뷰티;식품·농업·외식,"발전기 임대업 | 신재생에너지 사업 | 전력저장장치 개발, 제조 및 판매업 | 전자발전기 개발, 제조 및 판매업 | 발전기 개발 및 제조업 | 신에너지 개발 및 제조업 | 신재생에너지 개발 및 제조업 | 반도체 및 반도체 제조용 기계 제조업 | 산업처리공정 제어장비 제조업 | 전자부품 제조 및 도소매업 | 이차전지소재 제조 및 도소매업 | 산업용 나노신소재 제조 및 도소매업 | 특수도료용 소재 제조 및 도소매업 | 산업윤활유 소재 제조 및 도소매업 | 비금속 광물제품 제조업 | 세포 치료제 및 치료기술 연구개발 및 제조업 | 의약외품 및 의약품 원료 연구개발 및 제조업 | 화장품 및 화장품 원료 연구개발 및 제조업 | 외국인 환자 유치업 | 바이오 의약품 및 의약품 원료 연구 개발 및 제조업 | 화장품 개발, 제조, 마케팅 및 유통관련업 | 세포 가공 및 세포 배양 관련 연구개발 및 제조업 | 건강기능식품 및 건강기능식품 원료 연구개발 및 제조업 | 의료진단장비 연구개발 및 제조업",신규사업 추진으로 인한 사업목적 추가,"분류할 수 있습니다. (1) 가정용 AP 시장 통신서비스 사업자에 제품을 공급하는 가정용 AP 시장은 각 통신사업자별 제품을 2개사 또는 3개사가 각 통신사업자의 전체 물량을 공급하고 있는 구조로 과점 형태를유지하고 있습니다. 이는 각 장비업체가 해당 통신사업자의 사업절차(상품 및 서비스기획, 평가방법, 구매절차 등)와 망 구",https://kind.krx.co.kr/external/2025/03/14/001525/20250314003969/00591.htm,True,2025H1reg,20250314001274
노머스,,코스닥,20250314,20250314001511,주주총회소집공고,True,True,True,True,2,부동산·임대·건설;식품·농업·외식,"부동산 임대업 및 전대업 | 각종 식음료 제조, 가공 및 도소매업",사업 목적 추가,"의 건 (김윤아) 제 2-3호 의안: 사외이사 선임의 건 (손재일) 제3호 의안 : 정관 일부 변경의 건 (사업목적 추가) 제4호 의안 : 이사 보수한도 승인의 건 제5호 의안 : 감사 보수한도 승인의 건 4.  경영참고사항 비치 상법 제542조의4에 의거 경영참고사항을 우리 회사의 본점, 금융위원회, 한국거래소 및 한국예탁결제",https://kind.krx.co.kr/external/2025/03/14/001511/20250314003934/00591.htm,True,2025H1reg,20250314001264
포커스에이아이,,코스닥,20250314,20250314001420,[정정]주주총회소집공고,False,True,True,True,6,클라우드·SW·빅데이터,경비업 | 할부금융업 | 시설대여업 | 지불결제 플랫폼 사업 | 전자지불결제업 | 전자카드 유통업,신규사업 준비를 위한사업목적 추가,,https://kind.krx.co.kr/external/2025/03/14/001420/20250314003715/00591.htm,True,2025H1reg,20250314001210
엑시큐어하이트론,,유가증권,20250314,20250314001343,주주총회소집공고,True,True,True,True,1,모빌리티·전기차·자율주행,"전기자동차 충전기 제조 및 판매, 유통",사업확장을 위한 목적 추가,SDAQ 상장) -취득대상회사의 주된 사업: 신약개발 -취득방법: 제3자배정 유상증자 납입 -취득의 목적: 사업다각화 및 신규사업 기반 구축 가결 - - 찬성 찬성 39 2024.12.12 제23회차 전환사채 콜옵션 행사 및 매도의 건 가결 - - 찬성 찬성 40 2024.12.13 유상증자 제3자배정 대상자 등(납입일자 포함)변,https://kind.krx.co.kr/external/2025/03/14/001343/20250314003496/00591.htm,True,2025H1reg,20250314001170
피아이이,,코스닥,20250314,20250314001335,[정정]주주총회소집공고,True,True,True,True,2,,"물질 검사, 측정 및 분석 기구 제조업 및 유통업 | 방사선 장치 제조업 및 유통업",목적 사업 정비 및 추가,초기 단계에 있으며 생산 Capa. 신·증설과 제조 공정관리 고도화 등이 동시에 이루어지고 있으므로 두가지 사업 영역을 모두 영위하고 있는 당사에게는 좋은 사업 기회가 되고 있습니다. 나. 회사의 현황 (1) 영업개황 및 사업부문의 구분 (가) 영업개황 (1) AI 비전 솔루션 기존 머신비전 시장은 컴퓨터와 카메라를 활용하여 이미,https://kind.krx.co.kr/external/2025/03/14/001335/20250314003486/00591.htm,True,2025H1reg,20250314001164
블루엠텍,,코스닥,20250314,20250314001314,주주총회소집공고,True,True,True,True,3,전자지급·결제(PG·선불),광고대행업 | 선불전자지급수단발행 및 관리업 | 전자지급결제대행업,사업목적 추가," 및 연결재무제표, 이익잉여금처분계산서(안) 승인의 건 제2호 의안 : 정관 일부 변경의 건 제2-1호 : 사업목적 추가의 건 (광고대행업, 선불전자지급수단발행 및 관리업, 전자지급결제대행업) 제2-2호 : 감사위원회 설치 등 조항 신설, 변경의 건 제3호 의안 : 주식매수선택권 부여의 건 제4호 의안 : 감사위원회 위원이 되는",https://kind.krx.co.kr/external/2025/03/14/001314/20250314003449/00591.htm,True,2025H1reg,20250314001153
세중,,코스닥,20250314,20250314001297,주주총회소집공고,False,True,True,True,2,부동산·임대·건설,"장례식장 및 장의관련 서비스업 | 화장터 운영, 묘지 분양 및 관리업",사업의 다각화,,https://kind.krx.co.kr/external/2025/03/14/001297/20250314003388/00591.htm,True,2025H1reg,20250314001138
글로본,,코스닥,20250314,20250314001252,주주총회소집공고,False,True,True,True,7,희토류·핵심광물·소재;투자·금융,"희토류를 포함한 비철금속 등 소재 관련 사업의 유통 | 비료 무기화학제품 제조 및 유통 수출입판매, 그리고 이와 관련된 투자 사업 | 화학 비료 산업 파생 원료를 기초로 한 각종 화학제품 제조 및 유통 수출입판매 | 각종 석유류의 유통사업 및 판매업 | 석유류 관련 제품 도 ㆍ소매업 | 각종 전기 지게차 및 변속기, 파워팩 생산, 조립, 가공, 판매업 일체 | 금융 투자 유치업",사업 다각화,,https://kind.krx.co.kr/external/2025/03/14/001252/20250314003287/00591.htm,True,2025H1reg,20250314001101
아고스,,코스닥,20250314,20250314001231,[정정]주주총회소집공고,False,True,True,True,4,,"정보통신 기기 제조 및 판매업 | 정보통신 기기 위탁판매 용역 및 서비스업 | 통신 및 엔지니어링 용역, 서비스 사업 | 감시기기 제작, 설치 및 유지보수",사업다각화 및 사업 미영위,,https://kind.krx.co.kr/external/2025/03/14/001231/20250314003249/00591.htm,True,2025H1reg,20250314001087
엣지파운드리,,코스닥,20250314,20250314001185,주주총회소집공고,False,True,True,True,4,방산;우주항공;바이오·헬스케어,"방위산업제품 및 관련제품의 개발, 제조, 가공, 조립, 시험 및 판매업 | 군용, 우주용, 산업용, 의료용 영상센서 및 이를 장착한 전자제품의 개발, 제조, 판매 | 군수품의 제조, 판매, 보관 및 수송업 | 군납업",사업목적 추가,,https://kind.krx.co.kr/external/2025/03/14/001185/20250314003158/00591.htm,True,2025H1reg,20250314001064
E8,,코스닥,20250314,20250314001175,주주총회소집공고,True,True,True,True,13,클라우드·SW·빅데이터;부동산·임대·건설;엔터·콘텐츠·게임;교육,"소프트웨어 개발 및 공급업 | 컴퓨터 프로그래밍, 시스템 통합 및 관리업 | 컴퓨터 및 주변장치 소프트웨어 도매업 및 소매업 | 통신장비 및 부품도매업 및 소매업 | 영화, 비디오물, 방송 프로그램 제작 및 배급업 | 건축 기술, 엔지니어링 및 관련 기술 서비스업 | 광고업 | 교육 지원 서비스업 | 창작 및 예술관련 서비스업 | 기타 전문, 과학 및 기술 서비스업 | 기타 정보 서비스업 | 기타 사업 지원 서비스업 | 부동산 임대 및 공급업",사업목적 정비 및 사업 확장을 위한 사업목적 추가,증과 실증 프로젝트를 적극 추진함으로써 디지털 트윈의 상용화 속도를 앞당기는 데 기여하고 있습니다. (4) 신규사업 등의 내용 및 전망 당사는 현재 이사회 결의 등을 통하여 구체화된 신규사업은 없습니다. (5) 조직도 조직도 2. 주주총회 목적사항별 기재사항 □ 재무제표의 승인 가. 해당 사업연도의 영업상황의 개요 'III.  ,https://kind.krx.co.kr/external/2025/03/14/001175/20250314003133/00591.htm,True,2025H1reg,20250314001058
화인베스틸,,유가증권,20250314,20250314000940,주주총회소집공고,True,True,True,True,3,클라우드·SW·빅데이터;우주항공;조선·해양,"선박, 자동차, 부품, 기타 장비품에 대한 제조,수리, 보수, 정비, 해체, 개조, 예방·재생정비 및 판매서비스업 | 선박, 해양, 위성, 항공 관련 하드웨어 및 소프트웨어 수출입, 개발, 제작, 자문, 임대 가공 및 용역업 | 항공기,발사체, 엔진, 부품,기타 장비품에 대한 제조,수리, 보수, 정비, 해체, 개조, 예방·재생정비 및 판매서비스업",사업다각화를 위한 사업목적 변경 및 추가,특수선박 제외)에 대한 시장점유율로 2024년말 한국조선해양플랜트협회 자료를 참고하여 작성하였습니다. 4) 신규사업 등의 내용 및 전망 3D 경량화 및 해상도 보존기술특허를 보유한 디지털트윈 전문기업 인 자회사(주) 인포인의 디지털트윈(Digital Twin) 소프트웨어와 로봇시스템 엔지니어링 기술을 결합하여 자체 생산 공정에서,https://kind.krx.co.kr/external/2025/03/14/000940/20250314002616/00591.htm,True,2025H1reg,20250314000912
마녀공장,,코스닥,20250314,20250314000919,주주총회소집공고,True,True,True,True,1,,브랜드 사용권 임대업,목적사업추가,의 구성과 비율이 눈에 보이지 않습니다. 그래서 미투 제품을 만들 수는 있어도 카피는 불가능합니다. (4) 신규사업 등의 내용 및 전망 해당사항 없습니다. (5) 조직도 조직도 2. 주주총회 목적사항별 기재사항 □ 재무제표의 승인 가. 해당 사업연도의 영업상황의 개요 상기 '1. 사업의 개요' 중 '나. 회사의 현황'을 참조하여,https://kind.krx.co.kr/external/2025/03/14/000919/20250314002552/00591.htm,True,2025H1reg,20250314000898
씨아이테크,,유가증권,20250314,20250314000905,주주총회소집공고,True,True,True,True,18,엔터·콘텐츠·게임,"방송 재전송 사업 | 아이피티비(IPTV) 서비스 및 시스템 구축 | 멀티미디어 서비스 | 인터넷 통신 판매 | 광고업 | 전자기기 개발 및 제조 판매 | 방송(음향및 영상)설비업 | 씨씨티비(CCTV)설비업 | 전기통신공사업 | 방송기기 생산 및 판매업 | 방송 및 통신장비 제조업 | 전시영상 설비업 | 인테리어 공사업 | 전광판 제조 및 판매업 | 전시 및 광고용 조명장치 제조 및 판매업 | 라디오, 녹음 및 재생 기기 제조업 | 방송, 음향장비, 통신기기와 동 부품에 대한 설계, 제조, 수리, 자문, 영업, 판매의 제공 및 관련 용역업 | 기타 음향기기 제조업",사업목적 추가,"(주)나이콤이 지분 100%를 보유하고 있습니다. 상기 종속회사들의 편입과 함께, 회사는 2015년 1월에 신규사업 확장을 위하여 무인 자동증명 발급기와 키오스크를 제조 및 판매하는 (주)씨아이테크를 종속회사로 편입하였으며,2015년 4월에는 종속회사인 (주)씨아이테크를 기업가치 제고를 목적으로 흡수합병 한 후, 회사의 키오스크",https://kind.krx.co.kr/external/2025/03/14/000905/20250314002535/00591.htm,True,2025H1reg,20250314000889
버넥트,,코스닥,20250314,20250314000861,[정정]주주총회소집공고,False,True,True,True,10,식품·농업·외식,"옥외광고업 | 전시관 운영업 | 일반유원시설업 | 기타유원시설업 | 무인 점포 및 자동화 시스템 운영업 | 휴게음식점업 | 일반음식점업 | 문화, 오락 및 여가 용품 소매업 | 섬유, 의복, 신발 및 가죽제품 소매업 | 근로자파견업",사업목적추가,,https://kind.krx.co.kr/external/2025/03/14/000861/20250314002411/00591.htm,True,2025H1reg,20250314000855
KH 미래물산,,코스닥,20250314,20250314000833,[정정]주주총회소집공고,False,True,True,True,9,클라우드·SW·빅데이터,"자동차 대여사업 | 자동차 정비정검 및 수리사업 | 자동차 용품의 알선 매매사업 | 임대물건의 시스템 관련한 소프트웨어 임대업 | 임대물건의 수입, 수출, 판매(할부판매 포함), 조달 및 판매업 | 임대물건의 대한 엔지니어링서비스, 애프터서비스, 유지 및 보수업 | 자동차경매업 | 위치정보사업 | 위치기반서비스업",사업 다각화,,https://kind.krx.co.kr/external/2025/03/14/000833/20250314002363/00591.htm,True,2025H1reg,
우양,,코스닥,20250314,20250314000757,주주총회소집공고,True,True,True,True,14,부동산·임대·건설;식품·농업·외식,"도축, 육류 가공 및 저장 처리업 | 수산물 가공 및 저장 처리업 | 과실, 채소 가공 및 저장 처리업 | 동.식물성 유지 및 낙농제품 제조업 | 떡, 빵 및 과자류 제조업 | 도시락 및 식사용 조리식품 제조업 | 기타 식품 제조업 | 비알코올 음료 및 얼음 제조업 | 상품 중개업 | 음.식료품 및 담배 소매업 | 보관 및 창고업 | 음식점업 | 상품 종합 도매업 | 부동산 임대 및 공급업",목적사업추가변경,"(2024년1월1일~2024년12월31일) 재무제표 승인의 건 제 2호 의안 : 정관 일부 변경 승인의 건(목적사업추가변경) 제 3호 의안 : 이사 선임의 건 (사외이사 박종인 선임의 건, 재선임) 제 4호 의안 : 이사 선임의 건 (사내이사 이진양 선임의 건, 재선임) 제 5호 의안 : 감사 선임의 건 (감사 심만식 선임의 건",https://kind.krx.co.kr/external/2025/03/14/000757/20250314002181/00591.htm,True,2025H1reg,20250314000785
아톤,,코스닥,20250314,20250314000716,[정정]주주총회소집공고,False,True,True,True,3,,위치기반 서비스업 | 소액해외송금업 | 정보통신공사업,사업목적 추가,,https://kind.krx.co.kr/external/2025/03/14/000716/20250314002083/00591.htm,True,2025H1reg,20250314000770
대창스틸,,코스닥,20250314,20250314000684,주주총회소집공고,True,True,True,True,1,,금속스틸 파렛트 제조 및 판매업,목적추가,"다. 시장 진입의 난이도를 보면 기존 사업자의 강력한 시장점유력과 고정 거래선과의 긴밀한 유대관계로 인하여 신규 사업자에 대한 진입장벽이 높아 신규 사업자의 진입은 힘들지만 기존 업체 사이의 제품의 품질수준과 적기공급, 고객의 만족도에 따라 고객확보를 위한 경쟁이 발생할 수 있습니다. 5. 자원조달의 특성 당사의 주매입처인 포스코",https://kind.krx.co.kr/external/2025/03/14/000684/20250314001981/00591.htm,True,2025H1reg,20250314000742
파인디앤씨,,코스닥,20250314,20250314000558,주주총회소집공고,True,True,True,True,1,2차전지·배터리,"전고체 전지를 포함한 2차전지 및 부품 제조, 판매업",사업 확장을 위한 사업목적 추가,"의 기호에 따른 신기술 개발이 계속 이어지고 있어 장기적으로 시장의 성장은 커질 것으로 예상합니다. (3) 신규사업 등의 내용 및 전망 당사는 다년간 축적되어온 부품 소재 생산 노하우를 바탕으로 사업의 다각화를 추진하기 위하여 전기차시장의 성장으로 각광받고 있는 ""2차전지의 배터리셀 케이스 및 관련 A'ssy 부품""과 ""옥외용 ",https://kind.krx.co.kr/external/2025/03/14/000558/20250314001647/00591.htm,True,2025H1reg,20250314000641
SCL사이언스,,코스닥,20250314,20250314000519,주주총회소집공고,True,True,True,True,6,클라우드·SW·빅데이터;바이오·헬스케어;식품·농업·외식,"소프트웨어 개발 및 판매업 | 운수업 및 검체 영업대행, 운송업 | 건강기능식품판매업 | 유전자분석 및 알선업 | 데이터베이스 및 온라인정보 제공업 | 상품 중개업",회사 사업목적 신설 및 미수행 사업목적 삭제,"송 이슈 등을 겪으며 바이오 물류의 중요성이 증대되었고, 그에 따른 시장 수요도 증가하고 있습니다. (4) 신규사업 등의 내용 및 전망 당사는 단백질과 관련된 플랫폼기술을 지속적으로 확장, 발굴합니다. 첫번째 사업영역인 메디컬 실란트 시장에서, 혈액단백질과 즉각 결합하는 ""지혈"" 플랫폼에 대해 임상개발 및 허가에 성공하고 시장 ",https://kind.krx.co.kr/external/2025/03/14/000519/20250314001539/00591.htm,True,2025H1reg,20250314000616
클로봇,,코스닥,20250314,20250314000433,[정정]주주총회소집공고,True,True,True,True,2,로봇;클라우드·SW·빅데이터;부동산·임대·건설,"로봇 하드웨어 및 소프트웨어의 개발, 제조, 판매, 임대, 구독 , 서비스업 | 건설업(기타 건물 관련설비 설치 공사업)",1. 로봇 구독 서비스를 통한 매출 증대 2. 물류 자동화 설비 사업 확장 시 설비구축을 진행하기 위한 기계설비 면허 취득,01.01 ~ 2024.12.31) 재무제표 승인의 건 제2호 의안 : 정관 일부 변경의 건 제2-1호 : 사업목적 변경의 건 제2-2호 : 정관 제25조의 2(서면에 의한 의결권의 행사) 삭제의 건 제3호 의안 : 임원퇴직금 규정 개정의 건 제4호 의안 : 사내이사 김경필 선임의 건 성명 생년월일 주요약력 추천인 회사와의 거래,https://kind.krx.co.kr/external/2025/03/14/000433/20250314001299/00591.htm,True,2025H1reg,20250314000546
동일스틸럭스,,코스닥,20250314,20250314000417,주주총회소집공고,True,True,True,True,4,클라우드·SW·빅데이터;우주항공;조선·해양,"현행유지 | 선박, 자동차, 부품, 기타 장비품에 대한 제조, 수리, 보수, 정비, 해체, 개조, 예방ㆍ재생정비 및 판매서비스업 | 항공기, 발사체, 엔진, 부품, 기타 장비품에 대한 제조, 수리, 보수, 정비, 해체, 개조, 예방ㆍ재생정비 및 판매서비스업 | 산업용, 연구용, 군사용, 전문서비스용 장비와 동 부품에 대한 제조, 조립, 시험, 개발, 소프트웨어 자문 및 판매업",관계회사 사업의 지원및 협력강화를 위한 정관 문구 정비,"의안 : 제58기 재무제표(결손금처리계산서(안) 포함) 승인의 건 - 제2호 의안 : 정관 일부 변경의 건(사업목적 변경) - 제3호 의안 : 이사 선임의 건(사내이사 2명, 사외이사 1명) 제3-1호 의안 : 사내이사 장현준 재선임의 건 제3-2호 의안 : 사내이사 원덕연 신규선임의 건 제3-3호 의안 : 사외이사 김   진 ",https://kind.krx.co.kr/external/2025/03/14/000417/20250314001223/00591.htm,True,2025H1reg,20250314000530
갤럭시아머니트리,,코스닥,20250314,20250314000414,주주총회소집공고,True,True,True,True,2,,"소액해외송금업 | 특수한 유형의 부가통신사업, 문자 발송 서비스업 및 문자 재판매업",사업 서비스 확대,"있으며, 이같은 점은 휴대폰결제 시장의 특성상 향후에도 지속될 것으로 예상됩니다. 먼저, 휴대폰결제 시장은 신규 사업자의 진입 장벽이 높다고 할 수 있습니다.  신규 사업자의 경우 각 이동통신사와 사업 파트너십을 체결해야 하며, 기존 사업자들이 확보하고 있는수많은 가맹점들과 개별 계약을 체결해야 하기 때문입니다.  휴대폰결제를 하",https://kind.krx.co.kr/external/2025/03/14/000414/20250314001220/00591.htm,True,2025H1reg,20250314000528
프롬바이오,,코스닥,20250314,20250314000351,주주총회소집공고,False,True,True,True,5,바이오·헬스케어;식품·농업·외식,"건강기능식품원료 및 바이오 신소재 등 연구개발업 및 제조업 (중략) | 운송, 물류서비스 운영 및 대행업 | 보관 및 창고업 | 세 포 배양 배지 및 배양 관련 연 구개발업, 제조업 및 판매업 | > 제1조 (시행일) 정관은 2025년 3월 31일부터 시행한다",- 업종 중복 정리 - 신규 사업 추진,,https://kind.krx.co.kr/external/2025/03/14/000351/20250314000987/00591.htm,True,2025H1reg,20250314000467
코엔텍,,코스닥,20250314,20250314000345,주주총회소집공고,False,True,True,True,5,바이오·헬스케어;탄소·환경,폐기물 중간처분업 | 폐기물 최종처분업 | 폐기물 재생처분업 | 폐기물 종합처분업 | 폐기물 종합재활용업,법령변경에 따른 개정 및 사업의 목적 추가,,https://kind.krx.co.kr/external/2025/03/14/000345/20250314000965/00591.htm,True,2025H1reg,20250314000461
에스지헬스케어,,코스닥,20250314,20250314000302,주주총회소집공고,True,True,True,True,3,로봇;바이오·헬스케어,"의료용로봇 개발업 | 의료용로봇 제조 및 판매업 | 로봇 개발업 13, 로봇 제조 및 판매업",사업다각화를 위한 사업목적추가,"벽 및 충성도가 매우 높기 때문에 신규 업체가 시장에 진입하는 것이 상당히 어려운 것이 특징입니다. (4) 신규사업 등의 내용 및 전망 당사는 2025년 정기주주총회에서, 의료용로봇 및 로봇의 개발, 제조 및 판매업을 사업목적으로 추가할 예정입니다. 이는, 2009년 회사의 설립 이래로 ‘Digital X-ray’ 부터 ‘CT’",https://kind.krx.co.kr/external/2025/03/14/000302/20250314000863/00591.htm,True,2025H1reg,20250314000425
피앤씨테크,,코스닥,20250314,20250314000287,주주총회소집공고,True,True,True,True,1,탄소·환경,음식물류폐기물 집중처리시스템,사업다각화를 위한 목적사업 추가,"인의 건 ※ 보통주 1주당 배당금:100원 제2호 의안 : 정관변경 승인의 건 제2-1호 : 제2조(목적) 목적사업 추가 제2-2호 : 제45조(이익배당) 이익배당 개정 제3호 의안 : 이사 선임의 건(사내이사2명,기타비상무이사1명) 제3-1호 : 사내이사 조광식 선임의 건 제3-2호 : 사내이사 조민기 선임의 건 제3-3호 :",https://kind.krx.co.kr/external/2025/03/14/000287/20250314000819/00591.htm,True,2025H1reg,20250314000406
엑셈,,코스닥,20250314,20250314000240,주주총회소집공고,True,True,True,True,1,,학술연구용역업,"- 사업목적 추가, 조문번호 변경","포함(안)) 승인의 건 제2호 의안 : 이사의 보수한도액 승인의 건 제3호 의안 : 정관 일부 변경의 건 (사업목적 추가) 4. 경영참고사항 비치 상법 제542조의4에 의거 경영참고사항을 당사의 본점, 명의개서대행회사(KB국민은행 증권대행부)에 비치하였고, 금융위원회 및 한국거래소의 전자공시시스템, 당사 홈페이지(http://e",https://kind.krx.co.kr/external/2025/03/14/000240/20250314000686/00591.htm,True,2025H1reg,20250314000356
삼정펄프,,유가증권,20250314,20250314000230,주주총회소집공고,True,True,True,True,5,화장품·뷰티,"통신 및 인터넷 판매업 | 전자상거래 및 관련유통업 | 화장품 도소매업 | 화장품 제조, 판매 및 이와 관련한 기타서비스 상품의 판매 | 화장품관련 상품의 수출입업",사업목적추가 호 변경," 설치할 수 있는 장점이 있어 시장진입이 용이함에 따라 100여 개 이상 기업들이 난립해 있습니다. (4) 신규사업 등의 내용 및 전망 '""그루"", ""리빙""의 브랜드 확장과 판매채널 다양화를 통해 브랜드 경쟁력 강화를 위한 노력을 지속할 예정입니다. E-Commerce의 판매채널 다양화, 지속적인 홍보 및 투자, 친환경제품 출시",https://kind.krx.co.kr/external/2025/03/14/000230/20250314000657/00591.htm,True,2025H1reg,20250314000348
티엘엔지니어링,,코넥스,20250314,20250314000189,주주총회소집공고,True,True,True,True,2,,폐수열회수기 제조업 | 히트펌프제조업,"기타제조매출 확보를 위한 사업확장 목적, 조문정비"," 고객요구에 대응할 수 있는 정확한 설계능력 및 고품질의 장비 구매, 정확한 시공능력이 중요합니다. (4) 신규사업 등의 내용 및 전망 1) 클린룸 엔지니어링 사업 당사는 순수 엔지니어링 베이스의 클린룸 업체로, 2002년 12월 설립 이래로 다양한 기업을 비롯하여 클린룸 시공을 성공적으로 수행하여 신뢰도를 쌓아 왔으며, 전자 ",https://kind.krx.co.kr/external/2025/03/14/000189/20250314000538/00591.htm,True,2025H1reg,20250314000297
서울옥션,,코스닥,20250314,20250314000104,주주총회소집공고,False,True,True,True,3,부동산·임대·건설,"전시실 등 부동산 임대업 , 중개업, 매매업 | 학술연구용역 | 자동차매매업",- 사업 영역 확대 - 신규 사업 추진 - 신규 사업 추진 - 신규 사업목적 추가로 순서 조정,,https://kind.krx.co.kr/external/2025/03/14/000104/20250314000298/00591.htm,True,2025H1reg,20250314000158
에코글로우,,코스닥,20250313,20250313002390,주주총회소집공고,False,True,True,True,10,AI(인공지능);클라우드·SW·빅데이터;우주항공;드론·UAM;바이오·헬스케어;신재생·에너지·전력;엔터·콘텐츠·게임;투자·금융,"신재생에너지 관련 설비, 장비, 기계장치 및 부품 제조업 | 전동기,발전기 및 전기변환장치 제조, 판매업 | 무인항공기제품 및 부품 제조업, 조립가공업, 판매업 및 수출입업 | 인공지능(AI) 기반 데이터베이스업 및 정보처리업 | 인공지능(AI) 기반 데이터 및 정보의 축적, 배급, 판매업 | 의약품 제조,유통 판매업 | 의료기기 제조/도소매,판매업 | 방송 및 통신 플랫폼 사업 | 방송제작 및 배급업 | 엔터테인먼트관련 투자업",신규사업확대,,https://kind.krx.co.kr/external/2025/03/13/002390/20250313005449/00591.htm,True,2025H1reg,20250313001439
휴온스글로벌,,코스닥,20250313,20250313002360,[정정]주주총회소집공고,True,True,True,True,9,바이오·헬스케어;화장품·뷰티,"의료용 및 일반 플라스틱용기, 의료용 및 일반 유리용기 제조 및 도소매업 | 근로자 파견사업, 도급업 및 아웃소싱 사업 | 화장용 스펀지, 퍼프, 소품 제조 및 도소매업 | 화장용 스펀지, 퍼프, 소품, 연구개발 및 용역사업 | 화장품 용기 제조 및 도소매업 | 화장품 용기 연구개발 및 용역사업 | 이화학기자재 제조 및 도소매업 | 기타 포장 판매 및 생산 도급업 | 인쇄 및 출판업","< 신규 사업목적 추가> -의료용기 제조판매 -파견 및 도급업 -화장용 소품, 용기, 이화학기자재 등 제조 및 도소매 -포장, 인쇄 출판, 컨설팅 <항목번호변경> 38.~40. → 47.~49",8기 재무제표 (2024.1.1~2024.12.31) 승인의 건 제2호 의안: 정관 변경의 건 제2-1호: 사업목적 추가 (제2조) 제2-2호: 분기배당 기준일 관련 개정 (제57조) 제3호 의안: 자본준비금 감소의 건 제4호 의안: 이사 선임의 건 제4-1호: 사내이사 송수영 선임의 건 제4-2호: 사외이사 한승범 선임의 건 ,https://kind.krx.co.kr/external/2025/03/13/002360/20250313005347/00591.htm,True,2025H1reg,20250313001418
CG인바이츠,,코스닥,20250313,20250313002353,주주총회소집공고,False,True,True,True,18,클라우드·SW·빅데이터;바이오·헬스케어;2차전지·배터리,"정보통신기술(ICT) 기반의 건강관리서비스(Disease Management 및 Wellness 포함) | 고객이 회사에 제공하여 회사의 사업목적의 이용에 동의한 개인건강정보(의료기관이 작성한 환자에 관한 의료기록은 제외)를 활용한 플랫폼 및 서비스 사업 | 유-헬스솔루션 개발 | 유-헬스 디바이스 인증 및 판매사업 | 병원정보시스템(Hospital Information System)의 해외 판매 사업 | 해외환자 유치 등 병원, 의료 지원사업 | Smart Hospital 관련 컴퓨터 프로그래밍, 시스템 통합 관리업 | 정보통신기술(ICT) 기반의 의료기기 판매업 | 유전자 관련 분석과 특수분석사업 | 의약품 및 의료용품 제조 및 도소매업 | 생명공학연구 DNA Chip 제조 및 도소매업 | DNA Chip 을 활용한 진단사업 | 생명공학 분야의 연구 수탁 업무업 | 생명공학 분야의 기술 자문업 | 정보통신기술(ICT) 기반의 건강관리 서비스 | 의료기기판매업 | 운송 관련 서비스업 | 의료기기 개발 연구사업",사업목적 추가,,https://kind.krx.co.kr/external/2025/03/13/002353/20250313005329/00591.htm,True,2025H1reg,20250313001415
다산디엠씨,,코스닥,20250313,20250313002321,주주총회소집공고,True,True,True,True,14,클라우드·SW·빅데이터;신재생·에너지·전력;모빌리티·전기차·자율주행,"자동차 부품 및 전장품 제조 판매업 | 기계 제작 및 판매업 | 자동차 전장기술 개발업 | 스마트자동차기술 개발업 | 자동차 관련 소프트웨어 개발 및 공급업, 기술용역업 | 자동차부품 공정기술 개량 및 개발업 | 차량용 무선통신기술 연구개발업 | 자동차 엔지니어링 사업 | 이학, 공학분야의 업종과 관련되는 융합분야의 연구개발업 | 수출입업 | 금형 제작 및 판매업 | 태양력 발전업 | 자동제어기기 제조 및 판매업 | 소프트웨어 개발 및 수리용역 서비스업",사업목적 신설 조항변경," 등의 콜 서비스 프로그램 공급 노하우를 보유한 ㈜이미지스시스템즈를 흡수합병하며, IOT 사업부로 재편하고 사업다각화를 꾀함과 동시에 당사가 보유하고 있는 차량 소프트웨어 기술과 ㈜이미지스시스템즈의 콜 서비스 프로그램 기술을 접목하여 격변하고 있는 운송 시장 트렌드에 보다 발빠르게 대응할 수 있는 시너지 효과 창출 및 스마트 물류",https://kind.krx.co.kr/external/2025/03/13/002321/20250313005243/00591.htm,True,2025H1reg,20250313001393
메타케어,,유가증권,20250313,20250313002314,주주총회소집공고,False,True,True,True,8,AI(인공지능);로봇;클라우드·SW·빅데이터;바이오·헬스케어;부동산·임대·건설;엔터·콘텐츠·게임;교육,"부동산 개발, 임대, 공급, 자문, 관리, 전대업 26~188 | 병, 의원 경영관리 및 대행업, 의료컨설팅 사업(MSO) | 소프트웨어 컨설팅, 개발, 공급, 판매 및 유지보수업 | 고객관계관리업(CRM) | 의료전자차트 개발, 판매업 및 서비스업 | AI 의료용, 수술용 로봇제조, 판매업 및 서비스업 | 로봇 부품 제조, 판매업 및 서비스업 | 로봇 관련 교육, 컨텐츠 서비스업 196 ~ 200",- 관련사업 목적 명확화 - 사업 목적 삭제 - 사업 목적 추가,,https://kind.krx.co.kr/external/2025/03/13/002314/20250313005233/00591.htm,True,2025H1reg,20250313001388
육일씨엔에쓰,,코스닥,20250313,20250313002178,주주총회소집공고,True,True,True,True,42,AI(인공지능);클라우드·SW·빅데이터;엔터·콘텐츠·게임;교육,"영상기기 제조 및 판매업 | 멀티미디어 교육시스템개발 및 판매업 | 영상장비 대여 및 수리업 | 화상회의 시스템 개발 및 판매업 | 사이버 교육사업 | 컴퓨터 소프트웨어 및 하드웨어 개발 및 공급업 | 인터넷전자상거래에 관련된 정보 및 거래제공 웹사이트 서비스 제공 | 기계관련 엔지니어링 및 서비스업 | 교육 및 실험용 과학기기 제조 및 판매업 | 영상, 오디오 기록물 제작 및 배급업 | 가상현실 및 증강현실 콘텐츠 제작 및 판매업 | 음향기기 제작 및 판매업 | 디스플레이장치 수출입업 | 영상정보디스플레이 장치 제조 및 판매업 | 전기, 전자제품 제조업 | 정보통신기기, 교육용장비 제조업 | 소프트웨어자문 | 소프트웨어 개발, 제조, 공급업 | 소프트웨어 판매, 유통, 임대업 | 컴퓨터 프로그래밍 시스템 개발, 관리, 유지, 보수업 | 시스템 응용 소프트웨어 개발, 제조, 공급업 | 인공지능 플랫폼 구축업 | 인공지능 소프트웨어 개발 및 유지보수, 응용 소프트웨어 개발 및 공급업 | 빅데이터 플랫폼 자원관리 및 운영 최적화기술 개발업 | 원격통신교육훈련 사업 | 교육용 콘텐츠 제작 및 서비스 구축업 | 전자표시장치 개발 제조 및 판매 | 소형가전 제조 | 컴퓨터 하드웨어 개발, 제조 및 판매업 | 컴퓨터 및 그 부품의 제조, 판매 및 수출입업 | 엘이디(LED) 램프, 조명 등, 전광판 제조, 판매, 설치 유지보수 및 관리업 | 전문소방시설공사업 | 전문소방시설설계업 | 일반소방시설공사업 | 일반소방시설설계업 | 소방시설관리업 | 소방시설 설계, 감리, 공사, 점검업 | 가스경보기 및 계측기 제조업 | 자동제어 설비업 | 보안장비 및 소프트웨어 프로그래밍과 그 제작, 판매 및 수출입업 | 통신, 경보 및 경비관련 탐지용 장비제조, 도매, 및 상품 중개업, 수리업 | 방범, 방재 및 안전기기, 설비기기 등의 제조, 판매, 보전사업",신규사업 진출 및 사업 다각화를 위한 사업목적 추가 및 변경,"정밀화학사업이 추가되어 PVC안정제 및 자외선흡수제 등의 화학첨가제를 생산ㆍ판매하고 있습니다. 당기 중에는 신규사업 확장으로 에듀테크 및 인공지능 플랫폼 사업을 추가하여 전자칠판, 전자교탁, 영상정보 디스플레이, 가상 체육 시스템 등의 솔루션 제품을 판매하고 있습니다. ㄴ. 공시대상 사업부문의 구분 사업부문 제품품목 비고 강화유",https://kind.krx.co.kr/external/2025/03/13/002178/20250313004950/00591.htm,True,2025H1reg,20250313001311
KT밀리의서재,,코스닥,20250313,20250313002172,주주총회소집공고,False,True,True,True,1,,저작권 대리 중개업,경영 변화 대응을 위한 목적 사업 추가,,https://kind.krx.co.kr/external/2025/03/13/002172/20250313004936/00591.htm,True,2025H1reg,20250313001307
미트박스,,코스닥,20250313,20250313002162,주주총회소집공고,True,True,True,True,1,투자·금융,대부 중개업,"축산물 유통 과정에서 발생하는 외상 거래(후불 결제)와 금융 솔루션을 지원하여 고객 편의성을 높이고, 금융기관과의 제휴를 통해 추가적인 수익을 창출하기 위함.",2024.1.1~2024.12.31) 별도 및 연결재무제표 승인의 건 제2호 의안: 정관 일부 변경의 건 (목적사업 추가 : 대부중개업) 제3호 의안: 이사 선임의 건  (사내이사 정재호) 제4호 의안: 이사 보수 한도 승인의 건 제5호 의안: 감사 보수 한도 승인의 건 4.주주총회소집통지 및 공고사항 상법 제542조의4에 의한,https://kind.krx.co.kr/external/2025/03/13/002162/20250313004898/00591.htm,True,2025H1reg,20250313001297
골프존,,코스닥,20250313,20250313002135,주주총회소집공고,True,True,True,True,3,모빌리티·전기차·자율주행;부동산·임대·건설,"종합건설업 | 문자발송업 | 전동모빌리티 제조, 판매, 수출 및 수입, 서비스업, 수리, 보증, 리스, 렌탈, 구독, 수익배분 및 보관 창고업",신규사업 추진에 따른 목적사업 추가," 1주당 배당금 4,000원 2) 부의안건 (1) 제1호 의안: 정관 일부 변경의 건 ① 제1-1호 의안: 사업목적 변경의 건 (제2조) ② 제1-2호 의안: 상업 내용 반영에 따른 변경의 건 (제47조) (2) 제2호 의안: 이사 선임의 건 (사내이사 1명, 사외이사 1명) ① 제2-1호 의안: 사내이사 선임의 건 (후보자 박",https://kind.krx.co.kr/external/2025/03/13/002135/20250313004834/00591.htm,True,2025H1reg,20250313001273
NH농우바이오,,코스닥,20250313,20250313002060,[정정]주주총회소집공고,False,True,True,True,2,바이오·헬스케어;식품·농업·외식,"당 회사는 농어업 경영체 육성 및 지원에 관한 법률에 의하여 설립된 회사로서 그 명칭은 ""농업회사법인 주식회사 엔에이치농우바이오""라  하고 ""농우바이오""로 약칭한다. | 영문으로는 ""NH NONGWOO BIO CO.,LTD.""라 표기하고 약칭은 ""NONGWOOBIO""로 한다.","사명 변경에 따른 상호(국문, 영문) 일부 변경",,https://kind.krx.co.kr/external/2025/03/13/002060/20250313004696/00591.htm,True,2025H1reg,20250313001226
캐리,,코스닥,20250313,20250313002009,주주총회소집공고,True,True,True,True,15,탄소·환경,"기계설비공사업 | 수질방지시설업 | 폐기물처리업(지정 외 폐기물처리업) | 환경(소음,진동,대기오염,수질오염)용역 및 방지시설업 | 환경오염방지 설계 및 시공업 | 식물공장업 | 온실 설치공사업 | 첨단 온실용자재 설계, 제작, 통합솔루션 공급업 | 농산물 공급업 | 농작물 재배업 | 묘목 재배 및 공급업 | 강구조물 제작 및 공사업 | 시설물유지관리업 | 각종 플랜트, 기계 및 설비 공급업 | 위 관련제품의 통신판매업",신규사업 진출 및 사업 포트폴리오의 다각화,024.11.14 금전소비대차의 건 외 1건 참석(찬성) 참석(찬성) 참석(찬성) 51 2024.11.15 신규사업 투자 검토의 건 불참 참석(찬성) 참석(찬성) 52 2024.11.28 유형자산 매입대금 지급일정 변경의 건 불참 불참 참석(찬성) 53 2024.11.29 제2회 사모 전환사채 발행 결정내용 정정의 건 불참 참석,https://kind.krx.co.kr/external/2025/03/13/002009/20250313004579/00591.htm,True,2025H1reg,20250313001198
하나기술,,코스닥,20250313,20250313002005,주주총회소집공고,True,True,True,True,1,,전고체전지용 소재 개발 및 제조업,목적 추가(사업영역 확대) 및 조문번호 변경,2024.12.31) 재무제표(별도 및 연결) 승인의 건 나. 제2호 의안 : 정관 일부 변경의 건(제2조 목적 추가의 건) 다. 제3호 의안 : 이사 선임의 건 - 제3-1호 의안 : 사내이사 최상국 중임의 건 - 제3-2호 의안 : 사외이사 박진석 선임의 건 라. 제4호 의안 : 감사위원회 위원 박진석 선임의 건 마. 제5호 ,https://kind.krx.co.kr/external/2025/03/13/002005/20250313004561/00591.htm,True,2025H1reg,20250313001193
쏘닉스,,코스닥,20250313,20250313001731,주주총회소집공고,True,True,True,True,2,반도체,"광반도체 웨이퍼 제조 및 판매 | 통신기기 관련부품 (고주파 신호발생기 및 증폭기, 표면 탄성파여파기, 표면실장형 듀플렉스,밴드패스, 래더필터, 고주파 송수신모듈 및 기타 통신기기 전용부품) 제조 및 판매업",광반도체 웨이퍼 제조 및 판매 목적사업 추가 4~10. 항번호 변경,"인 정책 방향, 네트워크 인프라 구축 정도 등에 따른 투자 여건에 영향을 받는다고 할 수 있습니다. (4) 신규사업 등의 내용 및 전망 당사는 표면탄성파(SAW) 기반의 다양한 소자 설계 기술, 접합웨이퍼 공정 기술, 다층 박막 구현 기술 등 다양한 요소기술을 보유하고 있으며, 높은 기술적 차별성과 혁신성을 갖추고 있어 상당 기",https://kind.krx.co.kr/external/2025/03/13/001731/20250313003920/00591.htm,True,2025H1reg,20250313001041
금양그린파워,,코스닥,20250313,20250313001721,주주총회소집공고,False,True,True,True,1,,"구조물, 비계 공사업",사업의 목적 추가,,https://kind.krx.co.kr/external/2025/03/13/001721/20250313003900/00591.htm,True,2025H1reg,20250313001035
메타랩스,,유가증권,20250313,20250313001709,주주총회소집공고,True,True,True,True,6,AI(인공지능);로봇;클라우드·SW·빅데이터;바이오·헬스케어;엔터·콘텐츠·게임;교육,"소프트웨어 컨설팅, 개발, 공급, 판매 및 유지보수업 | 고객관계관리업(CRM) | 의료전자차트 개발, 판매업 및 서비스업 | AI 의료용, 수술용 로봇제조, 판매업 및 서비스업 | 로봇 부품 제조, 판매업 및 서비스업 | 로봇 관련 교육, 컨텐츠 서비스업",- 사업다각화를 위한 사업목적 추가,체제작 상품 확대 등 자사몰 강화와 국내외 유통채널 재정비에 집중하며 다양한 시도를 하고 있습니다. (4) 신규사업 등의 내용 및 전망 - 해당사항 없음 (5) 조직도 메타랩스 조직도_20241231 2. 주주총회 목적사항별 기재사항 □ 재무제표의 승인 가. 해당 사업연도의 영업상황의 개요 - 상기 III. 경영참고사항 참조 나,https://kind.krx.co.kr/external/2025/03/13/001709/20250313003863/00591.htm,True,2025H1reg,20250313001030
에스프리즘,,코스닥,20250313,20250313001700,주주총회소집공고,True,True,True,True,1,2차전지·배터리,에너지 저장장치 개발 및 관련제품 제조업,사업다각화를 위한 목적 추가,안건 1) 제1호 의안 : 제11기 재무제표 승인의 건 2) 제2호 의안 : 정관 일부변경의 건 - 사업의 목적 추가 3) 제3호 의안 : 이사 선임의 건 3-1호의안 사내이사 김민석 선임의 건 (재선임) 4) 제4호 의안 : 이사 보수한도 승인의 건 5) 제5호 의안 : 감사 보수한도 승인의 건 4. 배당내역 : 1주당 예정배당,https://kind.krx.co.kr/external/2025/03/13/001700/20250313003852/00591.htm,True,2025H1reg,20250313001026
이지트로닉스,,코스닥,20250313,20250313001644,주주총회소집공고,True,True,True,True,11,모빌리티·전기차·자율주행,"각종차량 및 기타 이동수단과 동 부분품의 개발.제조,판매업 | 각종차량의 수리 및 정비업 | 자동차 검사대행사업 | 자동차 부품 도매업 및 자동차 용품의 제조판매업 | 자동차 등록대행업 | 자동차 관련 정비기기 판매업 | 자동차 관리사업(중고차매매업, 폐차업, 재생사업 등) 및 관련 가맹사업 | 화물 자동차 및 특수 목적용 자동차 제조업 | 차체 및 특장차 제조업 | 자동차 구조 및 장치 변경업 | 차량정보사업 등 각종 부가통신과 별정 통신 사업 및 관련기기 판매업, 임대업",사업목적 추가,: 인도 합자법인 설립의 건 가결 불참 참석(찬성) 참석(찬성) 24-5 2024.10.17 제1호의안 : 신규사업 진출을 위한 투자의 건 가결 불참 참석(찬성) 참석(찬성) 나. 이사회내 위원회에서의 사외이사 등의 활동내역 위원회명 구성원 활 동 내 역 개최일자 의안내용 가결여부 준법경영 지원위원회 사외이사 장성환(위원장) 사,https://kind.krx.co.kr/external/2025/03/13/001644/20250313003726/00591.htm,True,2025H1reg,20250313000993
에스티오,,코스닥,20250313,20250313001611,주주총회소집공고,True,True,True,True,1,,상품중개업,신규 사업 목적 추가, 소비그룹으로 주목받고 있어 시장의 장기 불황 속에서도 조심스럽게 긍정적인 전망을 내놓고 있습니다. (4) 신규사업 등의 내용 및 전망 당사는 전국적인 유통망을 기반으로 신규 여성복 전개를 계획하고 있습니다. 여성 편집샵 전개(위탁판매방식)와 자사 여성복 브랜드 런칭을 동시에 진행하는 투트랙 전략으로 빠르게 여성복을 유통망에 안,https://kind.krx.co.kr/external/2025/03/13/001611/20250313003690/00591.htm,True,2025H1reg,20250313000978
하나투어,,유가증권,20250313,20250313001548,주주총회소집공고,False,True,True,True,4,,통신 판매업 및 통신판매중개업 | 전자상거래업 | 정보처리업 및 정보통신 관련업 | 위치정보사업 및 위치기반서비스사업,- 기존 사업 목적 명확화 - 당사 모바일앱 사용자 대상 위치 정보 서비스 제공을 위한 사업목적 추가,,https://kind.krx.co.kr/external/2025/03/13/001548/20250313003556/00591.htm,True,2025H1reg,20250313000935
이엔셀,,코스닥,20250313,20250313001545,주주총회소집공고,False,True,True,True,3,AI(인공지능);클라우드·SW·빅데이터;바이오·헬스케어;화장품·뷰티;식품·농업·외식,"첨단재생의료관련 연구개발 및 생산 판매업 | 인공지능 소프트웨어(SW) 개발 및 서비스업 | 스킨케어, 건강보조식품, 화장품 등의 제조 및 판매업",7. ~ 14. 호 추가 및 변경,,https://kind.krx.co.kr/external/2025/03/13/001545/20250313003551/00591.htm,True,2025H1reg,20250313000931
대영포장,,유가증권,20250313,20250313001469,주주총회소집공고,False,True,True,True,2,,물류사업 | 유통산업,- 사업목적 추가,,https://kind.krx.co.kr/external/2025/03/13/001469/20250313003409/00591.htm,True,2025H1reg,20250313000890
한국경제TV,,코스닥,20250313,20250313001455,주주총회소집공고,False,True,True,True,3,,인터넷신문사업 | 주주총회 의결권 위임장 대리행사 대행업 | 통신판매중개업,사업목적 추가,,https://kind.krx.co.kr/external/2025/03/13/001455/20250313003379/00591.htm,True,2025H1reg,20250313000884
덕우전자,,코스닥,20250313,20250313001415,주주총회소집공고,True,True,True,True,1,신재생·에너지·전력,태양광발전사업,태양광 사업목적 추가," 있습니다. 당사는 지속적인 성장을 위하여 바이오, MEMS 센서, 전기차 충전 모듈, SMPS 등과 같은 신규 사업을 모색하고 있으며, 자세한 내용은 동 공시서류의 「Ⅲ. 경영참고사항 → 1. 사업의 개요 → 나. 회사의 현황 → 4) 신규사업 등의 내용 및 전망」을 참고 바랍니다. (나) 공시대상 사업부문의 구분 내부 경영관리",https://kind.krx.co.kr/external/2025/03/13/001415/20250313003290/00591.htm,True,2025H1reg,20250313000860
링크드,,코스닥,20250313,20250313001412,주주총회소집공고,True,True,True,True,9,,"회사가 발행하는 종류주식은 이익배당 또는 잔여재산분배에 관한 우선주식, 의결권 배제 또는 제한에 관한 주식, 상환주식, 전환주식 및 이들의 전부 또는 일부를 혼합한 주식으로 한다. 제5조의 발행예정주식총수 중 우선주식의 발행한도는 발행주식총수의 4분의 1을 초과하지 못한다. 제10조(신주인수권) | 주주가 신주인수권을 포기 또는 상실하거나 신주 배정에서 단주가 발생하는 경우에 그 처리방법은 이사회의 결의로 정한다 | 제2항 각 호 중 어느 하나의 규정에 의해 신주를 발행할 경우 발행할 주식의 종류와 수 및 발행가격 등은 이사회의 결의로 정한다. 제19조(이익참가부사채의 발행) | 회사는 사채의 액면총액이 1,000억원 을 초과하지 않는 범위 내에서 주주외의 자에게 이익참가부사채를 발행할 수 있다. 제20조(교환사채의 발행) | 회사는 이사회결의로 사채의 액면총액이 1,000억원 을 초과하지 않는 범위 내에서 교환사채를 발행할 수 있다. 제56조(이익배당) | 회사는 제1항의 배당을 위하여 이사회결의로 배당을 받을 주주를 확정하기 위한 기준일을 정하여야 하며, 그 경우 기준일의 2주 전에 이를 공고하여야 한다. 제57조(분기배당) | 회사는 제1항의 배당을 위하여 이사회결의로 배당을 받을 주주를 확정하기 위한 기준일을 정하여야 하며, 그 경우 기준일의 2주 전에 이를 공고하여야 한다. | (신주인수권 및 사채 발행 범위 산정 기준) 제10조제2항6호에서 발행주식총수의 100분의 100을 초과하지 않는 범위와 제17조제1항에서 사채의 액면총액이 1,000억원을 초과하지 않는 범위와 제18조제1항에서 사채의 액면총액이 1,000억원을 초과하지 않는 범위와 제19조제1항에서 사채의 액면총액이 1,000억원을 초과하지 않는 범위와 제20조제1항에서 | (시행일) 본 정관은 2025년 03월 28일부터 시행한다",<조문 정비> <조문 정비> <조문 정비> < 조문 정비 > <조문 정비> <조문 정비> <부칙 신설>," PC 및 모바일게임 퍼블리싱 사업 및 유통/IT 사업부를 신설하여 유통 사업 및 정부지원 사업등을 다양한 신규 사업을 영위하고 있습니다. 2016년 6월 첫 모바일 RPG 게「내가 영웅일 리 없어」론칭을 시작으로 2018년3월「삼국지 블랙라벨」8월「트리플 S」, 2019년4월「삼국지인사이드」까지 총 13개의 다양한 장르의 모바일",https://kind.krx.co.kr/external/2025/03/13/001412/20250313003283/00591.htm,True,2025H1reg,20250313000854
아티스트컴퍼니,,코스닥,20250313,20250313001248,주주총회소집공고,True,True,True,True,27,AI(인공지능);클라우드·SW·빅데이터;바이오·헬스케어;부동산·임대·건설;엔터·콘텐츠·게임;식품·농업·외식,"소프트웨어,데이터베이스, 정보처리및제공기술, 시스템 개발, 자문 판매, 공급업 | 광고 기획, 광고제작 및 대행업 | 광고업 및 옥외광고업 | 솔루션(소프트웨어)제작, 유지보수, 판매업 | 사업및경영전략자문, 컨설팅 서비스 | 부동산 임대 및 전대, 개발, 공급업 | 온라인 정보 수집 및 판매, 서비스업 | 전자상거래 및 통신판매업 | 콘텐츠, 모바일컨텐츠, 디지털콘텐츠, 인공지능(AI) 활용한 디지털콘텐츠 제작, 개발, 유통, 및 판매, 솔루션 사업 | 영화, 드라마, 방송프로그램, 기타 영상물 제작, 제작대행 배급, 배급대행 및 그와 관련된 유통, 서비스업 | 전시, 뮤지컬, 공연등의 제작 및 관련 콘텐츠 유통, 서비스업 | 영화 및 방송 제작시설, 제작장비, 제작 소프트웨어 개발, 공급, 임대업 | 미디어커머스 기획 및 제작 | 가상세계 및 가상현실 기획, 제작, 서비스업 | 커머스, 굿즈 등 판매업 관련 업종 | 연예인, 만화가, 감독, 작가 대리 행위업 | 주차장 운영사업 | 보관 및 창고 운영업 | 의료기관 관련 경영 컨설팅업 | 의류, 신발, 잡화, 통신기기, 정보통신기기, 음향기기 도, 소매업 | 출판 및 판매업 | 외식업 | 프랜차이즈사업 | 특수목적법인에 대한 직간접투자 | 호텔운영업 | 의약외품 제조, 도소매, 판매업 | 의료기기 및 스마트의료기기 제조, 도소매, 판매, 유통업",정관 정비 및 사업다각화를 위한 사업목적 추가,"전 등급분류 제도도 운용됩니다. 드라마를 비롯한 방송 콘텐츠는 방송법과 신문 등의 진흥에 관한 법률, 전기통신사업법 등이 복합적으로 관련됩니다. 지상파TV, 케이블TV, 위성방송 등은 방송법에 따라 방송사업자로 허가ㆍ규제를 받으며, 편성 비율, 광고 규제, 시청자위원회 등 공적 책무를 지닙니다. 특히 방송법 시행령에는 지상파 ",https://kind.krx.co.kr/external/2025/03/13/001248/20250313002984/00591.htm,True,2025H1reg,20250313000776
블리츠웨이엔터테인먼트,,코스닥,20250313,20250313001201,주주총회소집공고,True,True,True,True,1,,-------------------------------------------------------- 제품 ---------------- 31~46,오자 정정,"이 상승하고 있습니다. 또 한류문화의 확산으로 인해 국내 드라마 제작사의 기회도 많아지고 있습니다. (4) 신규사업 등의 내용 및 전망 (가) 글로벌 피규어 시장 확장 및 브랜드 강화 당사는 피규어 및 컬렉터블 사업의 글로벌 확장을 위해 해외 시장 진출을 가속화하고 있습니다. 특히, 2030년까지 일본, 중국 및 북미 시장에서의",https://kind.krx.co.kr/external/2025/03/13/001201/20250313002896/00591.htm,True,2025H1reg,20250313000756
제일엠앤에스,,코스닥,20250313,20250313001200,주주총회소집공고,True,True,True,True,18,바이오·헬스케어;2차전지·배터리;신재생·에너지·전력;부동산·임대·건설;식품·농업·외식;탄소·환경,"이차전지 소재, 부품, 제품, 시스템 제조 개발 및 판매업 | 폐배터리 재활용업 | 비금속류 소재 재활용, 제조업 | 태양광 발전사업 | 신재생 에너지 컨설팅 및 생산 판매업 | 신재생 에너지 생산, 수송 공급, 에너지 효율화 관련 사업 | 설비공사업 | 기계설비·가스공사업 | 배관 및 전기공사업 | 건설업 | 실내건축 공사업 | 엔지니어링 사업 | 엔지니어링 서비스업 | 부동산 개발, 중개 및 컨설팅업 | 부동산 매매 및 임대업 | 숙박, 음식점 및 기타 서비스 관련사업 | 기관 구내식당업 | 산업용 기계 및 장비 도매업","기존 사업 경쟁력 강화 및 신사업 진출을 통한 사업 다각화, 해외현장 협력업체 숙박해결 지원","인원 믹싱 솔루션을 개발하고 있어 향후 고객사 원가 경쟁력 확보에 기여할 것으로 기대하고 있습니다. (4) 신규사업 등의 내용 및 전망 당사는 이차전지 믹싱 효율 증대를 위한 순환식 믹싱시스템을 개발하고 있으며, 전기차 뿐만 아니라 향후 ESS(에너지 저장장치) 분야에도 적용 가능한 장비로 확대할 예정입니다. (5) 조직도 조직",https://kind.krx.co.kr/external/2025/03/13/001200/20250313002895/00591.htm,True,2025H1reg,20250313000757
지놈앤컴퍼니,,코스닥,20250313,20250313001153,주주총회소집공고,False,True,True,True,2,부동산·임대·건설,관련 용품의 수출입 및 도소매업 | 부동산 임대업,사업 목적 추가,,https://kind.krx.co.kr/external/2025/03/13/001153/20250313002822/00591.htm,True,2025H1reg,20250313000731
유신,,코스닥,20250313,20250313001151,주주총회소집공고,True,True,True,True,7,,에너지 절약사업(ESCO) | 철 구조물 제작 및 설치공사업 | 기계설비 및 산업기계의 제조 및 판매사업 | 보일러 사업 | 소각로 운영사업 | 가스설비공사업 | 설비 및 시설물 위탁관리업,- 사업목적 추가 - 사업목적 추가에 따른 조항 번호 수정,"니어링의 경우 일반 상거래의 제품화과정이 아닌 과학기술의 상품화 시장이라는 특성을 가지고 있습니다. (4) 신규사업 등의 내용 및 전망 한정된 국내 건설시장의 규모를 고려하여 해외진출을 위한 노력을 계속하고 있으며, 선진국에 비하여 아직은 낙후되어 있는 설계기술 및  건설사업관리(CM)에 대한 연구 및 투자를 통하여 지속적으로 ",https://kind.krx.co.kr/external/2025/03/13/001151/20250313002819/00591.htm,True,2025H1reg,20250313000728
주연테크,,유가증권,20250313,20250313001150,주주총회소집공고,True,True,True,True,6,클라우드·SW·빅데이터;반려동물(펫),"반려동물 사료 및 간식, 용품 도소매업 | 통신판매 및 전자상거래업 | 동물용 사료 및 기타용품 제조업 | 반려동물 케어 서비스업 | 데이터베이스 및 온라인정보 제공업 | 광고업, 광고기획 및 대행업",펫 사업관련 목적사항 추가," 시작된 경제적, 정치적 불확실성으로 인해 국내 PC 시장의 본격적인 회복은 지연될 전망입니다. . (4) 신규사업 등의 내용 및 전망 [해당사항 없음] (5) 조직도 241231_조직도 [소프트웨어 개발 및 서비스 부문] (1) 영업개황 및 사업부문의 구분 (가) 영업개황 해외현지 저비용 IT 인력을 활용한 AI 및 데이터 분",https://kind.krx.co.kr/external/2025/03/13/001150/20250313002817/00591.htm,True,2025H1reg,20250313000730
케이엔제이,,코스닥,20250313,20250313001138,주주총회소집공고,True,True,True,True,1,,주차장 운영업,- 사업목적 추가,", 반도체뿐만 아니라 다양한 산업에서도 적용할 수 있는 SiC 코팅 기술을 활용하여, 신규 시장을 개척하고 사업 영역을 확대할 방침입니다. 이를 통해 장기적으로 안정적인 매출 구조를 구축하고, 시장 경쟁력을 극대화하는 전략을 지속적으로 추진할 예정입니다. 2. 주주총회 목적사항별 기재사항 □ 재무제표의 승인 가. 해당 사업연도의 ",https://kind.krx.co.kr/external/2025/03/13/001138/20250313002789/00591.htm,True,2025H1reg,20250313000719
APS,,코스닥,20250313,20250313001130,주주총회소집공고,True,True,True,True,2,,포장 및 운송관련 서비스업 | 기계운반하역 및 설치업,사업 목적 추가 (Global Sourcing 사업부 신설)," 감사보고 ② 영업보고 ③ 내부회계관리제도 운영실태 보고 (2) 부의안건 제 1호 의안 : 정관 변경의 건(사업목적 추가) 제 2호 의안 : 제29기 재무제표(연결, 개별) 승인의 건 제 3호 의안 : 이사 선임의 건 제 4호 의안 : 이사 보수 한도 승인의 건 제 5호 의안 : 감사 보수 한도 승인의 건 4. 경영참고사항 비치",https://kind.krx.co.kr/external/2025/03/13/001130/20250313002777/00591.htm,True,2025H1reg,20250313000715
하이비젼시스템,,코스닥,20250313,20250313001127,주주총회소집공고,True,True,True,True,3,로봇;바이오·헬스케어,"차전지 관련 기기/설비 제조, 유통, 판매업 및 서비스업 | 의료기기/설비 제조, 유통, 판매업 및 서비스업 | 로봇 제조, 유통, 판매업 및 서비스업",사업영역 확대,"X 300'을 출시하였습니다. 기타 사업부문은 산업용 로보틱스 제품, 바이오 검사 설비, AOI 장비 등의 신사업 아이템들로 구성되어 있습니다. - 산업용 로보틱스 제품은 제조 현장에서 사용되는 Linear Robot, Scara / Articulated Robot, Collaborative Robot 등을 의미하며, 현재 2",https://kind.krx.co.kr/external/2025/03/13/001127/20250313002774/00591.htm,True,2025H1reg,20250313000713
다우데이타,,코스닥,20250313,20250313001124,주주총회소집공고,True,True,True,True,1,,특수부가통신사업,- 중복된 항목 삭제 - 조문정비를 위한 번호변경 - 사업목적 추가로 인한 항목 신설,"고도화된 전산시스템 및 전문인력은 다양한 결제 수단을 안정적으로 활용할 수 있는 시스템적 차별성을 제공하여 신규 사업자의 진입을 저지하는 실질적인 진입장벽으로 작용합니다. 이에 따라 VAN 사업자는 가맹점을 유치하기 위하여 고객 맞춤형 솔루션을 제공하고, 다양한 부가서비스의 추가 및 POS 시스템과의 결합, 다양한 결제 수단의 폭",https://kind.krx.co.kr/external/2025/03/13/001124/20250313002769/00591.htm,True,2025H1reg,20250313000710
한화솔루션,,유가증권,20250313,20250313001101,[정정]주주총회소집공고,False,True,True,True,1,,자회사(회사가 과반수 의결권 보유 등 실질적으로 지배력을 가지는 종속회사)의 지분 소유를 통해 자회사의 사업내용을 지배하는 사업,목적사업 추가,,https://kind.krx.co.kr/external/2025/03/13/001101/20250313002728/00591.htm,True,2025H1reg,20250313000698
SBS,,유가증권,20250313,20250313001075,주주총회소집공고,False,True,True,True,1,엔터·콘텐츠·게임,"콘텐츠유통, 전자상거래 및 인터넷 신문 , 뉴미디어 관련사업",신규사업에 따른 사업목적의 추가,,https://kind.krx.co.kr/external/2025/03/13/001075/20250313002683/00591.htm,True,2025H1reg,20250313000682
바른손이앤에이,,코스닥,20250313,20250313001071,주주총회소집공고,False,True,True,True,3,엔터·콘텐츠·게임,"전시, 컨벤션 및 행사 대행업 | 공연 기획업 | 박물관 운영업",사업목적 정비,,https://kind.krx.co.kr/external/2025/03/13/001071/20250313002680/00591.htm,True,2025H1reg,20250313000679
바이오톡스텍,,코스닥,20250313,20250313001045,주주총회소집공고,True,True,True,True,2,,정밀기기 및 과학기기 판매 | 실험실 기자재 판매,- 사업목적추가 및 조항번호 변경,"하였습니다. (주)바이오톡스텍 및 종속회사의 사업부문별 현황을 요약하면 아래와 같습니다. 사업부문 대상회사 사업영역 사업내용 비임상CRO 주식회사 바이오톡스텍 설치류, 비설치류 독성평가/기타 의약품, 세포치료제, 유전자치료제, 화학물질 등에 대한 인체의 안전성 평가 영장류 비임상CRO 주식회사 키프라임리서치 영장류를 이용한 안전",https://kind.krx.co.kr/external/2025/03/13/001045/20250313002607/00591.htm,True,2025H1reg,20250313000662
디알젬,,코스닥,20250313,20250313001034,주주총회소집공고,True,True,True,True,2,식품·농업·외식,수 입식품 등 수입판매업 | 식품제조·가공업,"사업 다각화를 위해 세계 각국의 주요 거래처와 협력하여 수입식품 등의 수입판매와 식품을 제조, 가공하는 신사업분야를사업영역에 포함함","안) 승인의 건 (현금배당; 보통주 1주당 160원) 제 3호 의안 : 정관 변경의 건 제 3-1호 의안: 사업목적 업태 추가의 건 제 3-2호 의안: 업무규정 삭제의 건 제 4호 의안 : 사내이사 박정병 재선임의 건 제 5호 의안 : 감사 채상균 선임의 건 제 6호 의안 : 이사 보수 한도 승인의 건 (50억원, 전기 동일) ",https://kind.krx.co.kr/external/2025/03/13/001034/20250313002592/00591.htm,True,2025H1reg,20250313000658
지아이에스,,코스닥,20250313,20250313000953,주주총회소집공고,True,True,True,True,7,AI(인공지능);클라우드·SW·빅데이터;식품·농업·외식,"주방용 전기 기기 제조업 | 일반음식점업 | 스마트팜 장비, 소프트웨어 개발, 제조, 판매 업 | 스마트양식 장비, 소프트웨어 개발, 제조, 판 매업 | 빅데이터/AI기반 소프트웨어 개발, 제초, 판매 업 56, 스마트양식업 | 스마트팜 사업 | 각종 복합재료 및 부분픔의 제조 판매업",사업 목적 추가,"상 촬영, 건설 현장 관리, 정밀 농업 및 임업 분야에서의 수요 확대가 두드러질 것으로 전망됩니다. (4) 신규사업 등의 내용 및 전망 1. 회사의 경쟁력 - Dicing 장비 최초 국산화 및 시장 점유율 지속적 확대 2017년 기준 Dicing 설비 장비 시장은 11억 5,000만 달러에서 2023년 13억 8,000만 달러까",https://kind.krx.co.kr/external/2025/03/13/000953/20250313002436/00591.htm,True,2025H1reg,20250313000625
KCC건설,,코스닥,20250313,20250313000904,주주총회소집공고,False,True,True,True,1,,정보통신업,스마트 모니터링 플랫폼 위탁판매에 따른 추가,,https://kind.krx.co.kr/external/2025/03/13/000904/20250313002313/00591.htm,True,2025H1reg,20250313000596
케이디켐,,코스닥,20250313,20250313000878,주주총회소집공고,True,True,True,True,1,화장품·뷰티,"화장품 원료 제조, 유통, 수출입업",신규사업 추진을 위한 사업목적 추가,2024.12.31) 재무제표 승인의 건 (이익잉여금처분계산서 포함) ●제2호 의안: 정관 일부 변경의 건(사업목적 추가) ●제3호 의안: 이사 선임의 건 제3-1호: 사내이사 민남규 선임의 건 제3-2호: 사내이사 민소원 선임의 건 제3-3호: 감사위원회 위원이 되는 사외이사  김우진 선임의 건 제3-4호: 감사위원회 위원이 ,https://kind.krx.co.kr/external/2025/03/13/000878/20250313002276/00591.htm,True,2025H1reg,20250313000583
STX엔진,,유가증권,20250313,20250313000857,주주총회소집공고,True,True,True,True,1,,기계설비공사업,사업목적 추가,"안 : 제21기 재무제표 및 연결재무제표 승인의 건 ■ 제2호 의안 : 정관 일부 변경의 건 제2-1호 : 사업목적 추가 (제2조) 제2-2호 : 배당절차 개선 (제44조) 제2-3호 : 부칙 (2025.3.31) ■ 제3호 의안 : 자본준비금 감액 및 결손금 보전의 건 ■ 제4호 의안 : 이사 선임의 건 (사외이사2명,기타비상",https://kind.krx.co.kr/external/2025/03/13/000857/20250313002230/00591.htm,True,2025H1reg,20250313000575
에이에스텍,,코스닥,20250313,20250313000838,주주총회소집공고,True,True,True,True,1,화장품·뷰티,화장품 도소매업,사업목적 추가 및 조문 번호 변경,"작으로 다양한 합성 기술 개발을 진행해왔으며, 당시에 얻어진 노하우를 바탕으로 자외선 차단제 원료 시장으로 사업 영역을 확대하여 글로벌 고객사의 호평을 받고 있으며, 국내 다수기업에서도 당사의 제품 사용 비중을 확대해 나가고 있을 뿐만 아니라, 해외로 수출하며 전세계 시장으로 영역을 확장하고 있습니다. (5) 자금조달상의 특성 당",https://kind.krx.co.kr/external/2025/03/13/000838/20250313002188/00591.htm,True,2025H1reg,20250313000560
모나용평,,유가증권,20250313,20250313000823,주주총회소집공고,True,True,True,True,1,,"노인주거, 여가복지 설치 및 운영사업","당사는 2023 년 3 월 31 일 사업목적을 추가하여 미래고객을 대상으로 리조트 내에서 객실, 레포츠 등 다양한 이용 혜택을 제공하는 NFT 디지털 멤버십을 발행(클레이튼 블록체인 네트워크 활용)하는 신규사업을 추진하였으나, NFT 시장의 침체 및 클레이튼 기반 국내 / 신규사업을 위한 사업목적추가 / 위 제 2-2호 : 사업목적 삭제의 건 참고 신규사업을 위한 사업목적추가",잉여금 처분계산 서 포함) 및 연결재무제표 승인의 건 제2호 의안: 정관 일부 변경의 건 제2-1호 의안: 사업목적 추가의 건 제2-2호 의안: 사업목적 삭제의 건 제3호 의안: 이사 선임의 건 제3-1호 의안 : 사내이사 선임의 건(박인준) 제3-2호 의안 : 기타비상무이사 선임의 건(유경득) 제4호 의안: 이사 보수한도 승인,https://kind.krx.co.kr/external/2025/03/13/000823/20250313002153/00591.htm,True,2025H1reg,20250313000555
유니온바이오메트릭스,,코스닥,20250313,20250313000820,[정정]주주총회소집공고,True,True,True,True,3,반려동물(펫),"동물 생체인증 및 관련 서비스업 | 동물등록, 판매(알선ㆍ중개) 관련 서비스업 | 애완용 동물 및 관련용춤 도매 및 소매업",- 사업의 목적 추가,통신판매업 및 전자상거래업 17) 위 각호에 관련된 제조업 18) 위 각호에 관련된 부대사업일체 - 사업의 목적 추가 부칙 제1조[시행일] 이 정관은 2024년 3월 14일부터 시행한다. 부칙 제1조[시행일] 이 정관은 2025년 3월 28일부터 시행한다. - 부칙 신설 주2) 정정 후 변경전 내용 변경후 내용 변경의 목적 제1조,https://kind.krx.co.kr/external/2025/03/13/000820/20250313002149/00591.htm,True,2025H1reg,20250313000554
태원물산,,유가증권,20250313,20250313000731,주주총회소집공고,True,True,True,True,4,엔터·콘텐츠·게임,"자동차 판매 및 정비업 | 프랜차이즈 사업 및 가맹점 운영업 | 문구, 완구, 봉제, 잡화 유통 및 판매업 | 청소년게임제공업",사업다각화를 위한 목적사업추가 및 비영위사업 삭제,내 초대형 온오프라인 유통사들과 유통계약이 체결중이며 2024년 가시적인 성장을 보이고 있습니다.. (4) 신규사업 등의 내용 및 전망 - 특기사항 없습니다. (5) 조직도 기구조직표 2. 주주총회 목적사항별 기재사항 □ 재무제표의 승인 제1호 의안) 제62기 재무제표 승인의 건 제2호 의안) 이익배당의 건(현금배당:1주당200,https://kind.krx.co.kr/external/2025/03/13/000731/20250313001918/00591.htm,True,2025H1reg,20250313000510
이오테크닉스,,코스닥,20250313,20250313000708,주주총회소집공고,True,True,True,True,1,,박물관 운영업,7. 박물관 운영업 추가,"체, LCD/OLED 등 Display, PCB, 휴대폰 산업 등에 주로 이용되고 있으며, 여러 사업분야로 사업영역을 확대하고 있습니다. 당사에서 영업을 진행하고 있는 장비로는 Laser Marker, Laser Driller, Laser Cutter, Laser Trimmer 등 다양한 레이저 장비들이 있습니다. (나) 수요자",https://kind.krx.co.kr/external/2025/03/13/000708/20250313001864/00591.htm,True,2025H1reg,20250313000496
클래시스,,코스닥,20250313,20250313000676,주주총회소집공고,False,True,True,True,1,,부속의원 사업,부속의원 사업을 위한 사업목적 추가,,https://kind.krx.co.kr/external/2025/03/13/000676/20250313001817/00591.htm,True,2025H1reg,20250313000482
파인엠텍,,코스닥,20250313,20250313000644,주주총회소집공고,True,True,True,True,2,바이오·헬스케어,의료기기 제조 및 판매업 | 의료기기 수출입 및 도·소매업,사업 확장을 위한 사업목적 추가,"SS용 End Plate 사업을 추진하여, 기존 2차전지 부품 사업과의 시너지를 도모하고 있습니다. (4) 신규사업 등의 내용 및 전망 당사는 기존 EV 배터리 모듈용 End Plate 사업뿐만 아니라, ESS용 End Plate 사업에도 진출하며 제품 포트폴리오를 확대하고 있습니다. ESS 시장은 친환경 에너지 수요 증가와 함",https://kind.krx.co.kr/external/2025/03/13/000644/20250313001734/00591.htm,True,2025H1reg,20250313000460
메드팩토,,코스닥,20250313,20250313000604,주주총회소집공고,True,True,True,True,4,클라우드·SW·빅데이터;바이오·헬스케어;엔터·콘텐츠·게임,"유전체 연구 및 분석, 자문업을 포함하는 유전체 관련 서비스업 | 의약품 도소매업 | 소프트웨어, 데이터베이스, 컴퓨터프로그래밍 개발, 제작 및 공급업 | 온라인정보, 디지털콘텐츠 개발, 제작 및 공급업",-진행중이거나 진행가능성이 있는 신사업을 구체화하여 명시함 -조항 번호 수정,트를 총괄 책임질 수 있는 핵심연구인력의 확보는 기업 경쟁력을 결정하는 중요한 요인으로 작용합니다. (4) 신규사업 등의 내용 및 전망 해당 사항 없습니다. (5) 조직도 메드팩토 조직도 2. 주주총회 목적사항별 기재사항 □ 재무제표의 승인 가. 해당 사업연도의 영업상황의 개요 당사의 영업상황에 대한 자세한 사항은 Ⅲ. 경영참고,https://kind.krx.co.kr/external/2025/03/13/000604/20250313001665/00591.htm,True,2025H1reg,20250313000441
티비에이치글로벌,,유가증권,20250313,20250313000454,주주총회소집공고,True,True,True,True,1,화장품·뷰티,화장품 제조 및 동 판매업,- 신규 사업 목적 추가 - 조항 번호 수정," 판매 등을 진행하고 있습니다. ※ 시장점유율 및 시장의 특성은 '가.업계의 현황'을 참조 바랍니다. 2) 신규사업 등의 내용 및 전망 당기 중 새로이 추진하였거나, 이사회결의 등을 통해 새로이 추진하기로 결정한 중요한 신규사업내역이 없습니다 3) 조직도 전사조직도_tbh_20241231 2. 주주총회 목적사항별 기재사항 □ 재",https://kind.krx.co.kr/external/2025/03/13/000454/20250313001277/00591.htm,True,2025H1reg,20250313000347
우원개발,,코스닥,20250313,20250313000426,주주총회소집공고,False,True,True,True,7,부동산·임대·건설,상.하수도설비공사업 | 수중.준설공사업 | 보링.그라우팅.파일공사업 | 구조물해체.비계공사업 | 금속창호.지붕건축물조립공사업 | 도장.습식방수.석공사업 | 승강기.삭도공사업,- 전문건설업 개편에 따른 사업목적 변경 - 사업다각화를 위한 사업목적추가,,https://kind.krx.co.kr/external/2025/03/13/000426/20250313001215/00591.htm,True,2025H1reg,20250313000328
삼영엠텍,,코스닥,20250313,20250313000362,주주총회소집공고,True,True,True,True,6,부동산·임대·건설,토목공사업 | 건축공사업 | 금속구조물 및 창호공사업 | 비계 및 구조물해체공사업 | 철근 및 콘크리트 공사업 | 안전진단전문기관업,신규 사업 영위를 위한 사업목적 추가.,"수적인 부품이므로, 향후 국내외 내진보강 공사에 있어서 중요한 역할을 할 것으로 전망됩니다. 또한, BTL 신사업을 통해 정부의 공공 인프라 건설 프로젝트에 참여함으로써 안정적이고 높은 수익을 창출할 수 있도록 적극 추진할 계획입니다. [선박엔진 구조재] 미국 트럼프 행정부의 집권 이후 중국 조선업에 대한 견제가 심화되면서, ",https://kind.krx.co.kr/external/2025/03/13/000362/20250313001016/00591.htm,True,2025H1reg,20250313000282
이노시뮬레이션,,코스닥,20250313,20250313000350,주주총회소집공고,False,True,True,True,3,로봇;엔터·콘텐츠·게임;교육,"전기공사업 | 산업용 로봇, 서비스 로봇, 제조 및 판매업 | 로봇 관련 교육, 콘텐츠 서비스 사업",사업목적 추가,,https://kind.krx.co.kr/external/2025/03/13/000350/20250313000984/00591.htm,True,2025H1reg,20250313000275
엠젠솔루션,,코스닥,20250313,20250313000304,주주총회소집공고,True,True,True,True,4,로봇;드론·UAM;희토류·핵심광물·소재;모빌리티·전기차·자율주행,"특수 로봇,드론 개발, 제조 및 판매업 | 특수 자동차 및 트레일러 개발, 제조 및 판매업 | 전기자동차,전동카트 제품 및 부품 개발, 제조 및 판매업 | 위험물, 특수광물, 석유화확제품 운송 및 유통업","[사업목적 정비, 오탈자 수정, 신규사업추가] - 영위하지 않는 사업목적 삭제 - 오탈자 수정 - 사업의 다각화 및 사업영역 확장을 위한 사업목적 추가","제표 (결손금처리계산서(안) 포함) 승인의 건 ■ 제2호 의안 : 정관 일부 변경의 건 제2-1호 의안 : 사업목적 정비, 오탈자 수정, 사업목적 추가의 건 제2-2호 의안 : 발행예정 종류주식의 총수 변경의 건 ■ 제3호 의안 : 이사 선임의 건 (2명) 제3-1호 의안 : 사내이사 배중근 선임의 건 (신규선임) 제3-2호 의",https://kind.krx.co.kr/external/2025/03/13/000304/20250313000842/00591.htm,True,2025H1reg,20250313000238
엠엑스온,,코스닥,20250313,20250313000299,주주총회소집공고,False,True,True,True,1,,정보통신공사업,스마트팩토리사업본부 사업 영역 확대,,https://kind.krx.co.kr/external/2025/03/13/000299/20250313000825/00591.htm,True,2025H1reg,20250313000231
메디포스트,,코스닥,20250313,20250313000177,주주총회소집공고,True,True,True,True,4,바이오·헬스케어,"제대혈 및 제대조직 관련사업 | 재생의료 관련 기술개발, 제조 및 공급업 | 세포가공 및 배양 용역 위탁업 | 의료관광업",신규사업 추진,장의 특성 III. 경영참고사항 → 1. 사업의 개요 → 가. 업계의 현황을 참고해주시기 바랍니다. (4) 신규사업 등의 내용 및 전망 해당사항 없음. (5) 조직도 조직도(2024.12.31기준) 2. 주주총회 목적사항별 기재사항 □ 재무제표의 승인 제1호 의안 : 제25기(2024년) 재무제표 및 연결재무제표 승인의 건 가.,https://kind.krx.co.kr/external/2025/03/13/000177/20250313000539/00591.htm,True,2025H1reg,20250313000128
한국선재,,코스닥,20250313,20250313000160,주주총회소집공고,False,True,True,True,3,,"압연기타 철강 재 제조 가공 및 판매업 | 일반 화물자동차 운송업 | 화물운송 중개, 대리 및 관련서비스업",오탈자 수정 (철강제→철강재) 피합병법인의 사업목적 추가,,https://kind.krx.co.kr/external/2025/03/13/000160/20250313000511/00591.htm,True,2025H1reg,20250313000118
삼아제약,,코스닥,20250313,20250313000110,주주총회소집공고,True,True,True,True,1,신재생·에너지·전력,태양광 발전 사업,사업목적 추가,", 정형외과(소염진통제), 내과 및 피부과 약물 등을 출시함으로써 지속적인 성장을 꾀하고 있습니다. (4) 신규사업 등의 내용 및 전망 (해당사항 없음) (5) 조직도 조직도 2. 주주총회 목적사항별 기재사항 □ 재무제표의 승인 가. 해당 사업연도의 영업상황의 개요 (상기 III. 경영참고사항 - 1. 사업의 개요 - 나. 회사",https://kind.krx.co.kr/external/2025/03/13/000110/20250313000324/00591.htm,True,2025H1reg,20250313000055
케이엔알시스템,,코스닥,20250313,20250313000079,주주총회소집공고,True,True,True,True,1,부동산·임대·건설,부동산 임대업,사업 목적 추가," 1) 신뢰성 평가를 위한 시험장비 와 유압 기술 및 로봇 제어 기술을 활용한 2) 유압로봇시스템 을 핵심 사업영역으로, 고가의 외국산 시험장비와 산업용 유압로봇의 국산화를 선도하였습니다. 1) 시험장비 시험장비는 특정 산업에 국한되지 않고, 당사의 핵심 기술인 유압 및 전동제어 기술을 기반으로, 필요에 따라 다양한 분야의 시험",https://kind.krx.co.kr/external/2025/03/13/000079/20250313000221/00591.htm,True,2025H1reg,20250313000034
브이티,,코스닥,20250312,20250312001808,[정정]주주총회소집공고,True,True,True,True,1,엔터·콘텐츠·게임,국내외브랜드의 해외진출을 위한 컨텐츠 제작 및 소싱(sourcing)업 삭제 삭제 삭제 삭제 삭제 삭제 삭제 삭제 삭제 삭제 삭제 삭제 삭제 삭제 삭제 삭제 삭제,종속회사 사업이전에 따른 미영위사업 삭제,"계산서, 이익잉여금처분계산서 등 재무제표 승인의 건 제2호 의안 : 정관일부 변경의 건 제2-1호 의안 : 사업목적 삭제의 건 제2-2호 의안 : 정관일부 변경의 건 제3호 의안 : 이사 선임의 건 제3-1호 의안 : 사내이사 강승곤 재선임의 건 제3-2호 의안 : 사내이사 장보헌 재선임의 건 제3-3호 의안 : 사외이사 이세정",https://kind.krx.co.kr/external/2025/03/12/001808/20250312004538/00591.htm,True,2025H1reg,20250312001082
동성케미컬,,유가증권,20250312,20250312001755,주주총회소집공고,True,True,True,True,1,,브랜드 및 기술 등 지식재산권의 관리 및 라이센스업,"지식재산권 활용을 강화하고, 신규 사업 기회를 확보하기 위한 사업목적 추가","이켐, 2021년 4월 (주)동성화학과 합병을 통해 현재는 제조업을 함께 영위하고 있습니다. 당사의 사업은 사업목적(정관)에 따라 크게 지주부문과 사업부문으로 구분되나 공정거래법상 지주회사에는 해당되지 않습니다. [지주부문] 지주부문은 다른 회사의 주식을 소유함으로써 그 회사를 지배하는 것을 주된 목적으로 하며, 지배하는 자회사",https://kind.krx.co.kr/external/2025/03/12/001755/20250312004418/00591.htm,True,2025H1reg,20250312001053
안국약품,,코스닥,20250312,20250312001724,주주총회소집공고,True,True,True,True,2,화장품·뷰티,"사료 제조 및 수입업, 판매업 | 미용기기 제조, 유통, 판매업",사업목적 추가," 순환기계 시장 등에서 경쟁력 있는 다양한 의약품의 판매로 높은 시장점유율을 차지하고 있습니다. 그 외에도 사업 다각화를 위해 제품 위탁생산을 확대하고 있으며, 건강기능식품 판매 활성화의 목적으로 온라인 유통채널인 '에이원더'를 운영하고 있습니다. 뿐만 아니라, 안과 관련 전문의약품 판매 및 AI 및 Digital 의료기기 서비스 ",https://kind.krx.co.kr/external/2025/03/12/001724/20250312004320/00591.htm,True,2025H1reg,20250312001036
에이치피오,,코스닥,20250312,20250312001686,주주총회소집공고,False,True,True,True,5,식품·농업·외식,주차장 운영업 | 관광숙박업 및 관광객 이용시설업 | 관광기념품 판매업 | 여행사업 | 음식점업,사업의 다각화 목적,,https://kind.krx.co.kr/external/2025/03/12/001686/20250312004206/00591.htm,True,2025H1reg,20250312001012
이노벡스,,코넥스,20250312,20250312001640,주주총회소집공고,True,True,True,True,2,2차전지·배터리,"이차전지 안전성 검사, 시험 및 인증관련 사업 | 축전지 제조 및 재생업",사업목적 추가," 또한, 이러한 기반아래 쉽게 접근 가능한 당사의 매체를 활용한 광고 사업 또한 추진하고 있습니다. (4) 신규사업 등의 내용 및 전망 - 해당사항이 없습니다. (5)조직도 이노벡스 조직도 2. 주주총회 목적사항별 기재사항 □ 재무제표의 승인 가. 해당 사업연도의 영업상황의 개요 ""Ⅲ. 경영참고사항 1. 사업의 개요 가. 업계의",https://kind.krx.co.kr/external/2025/03/12/001640/20250312004141/00591.htm,True,2025H1reg,20250312001000
신라에스지,,코스닥,20250312,20250312001566,[정정]주주총회소집공고,True,True,True,True,1,,통신판매업,사업 다각화로 인한 매출 증대 및 손익구조 개선을 위함.," 있습니다. 고회전 사업 확대를 위해 호주산 고급 냉장육 등 냉장육 신규 유통에 집중할 예정입니다. (4) 신규사업 등의 내용 및 전망 어육 소시지는 CJ제일제당(주)에 OEM으로 공급하고 있으며 사조대림을 통한 중국 시장도 진출 중에 있습니다. 동시에 자체 브랜드를 통한 국내시장과, 수출시장에 진출하고자 노력하고 있습니다. 또",https://kind.krx.co.kr/external/2025/03/12/001566/20250312003925/00591.htm,True,2025H1reg,20250312000958
쿠쿠홈시스,,유가증권,20250312,20250312001452,주주총회소집공고,True,True,True,True,17,로봇;화장품·뷰티;식품·농업·외식;탄소·환경,"화장품 책임 판매업 | 미용팩 제조 및 판매업 | 미용기기 제조 및 판매업 | 음식료품의 제조 및 도,소매업 | 음식료품의 가공 및 판매 유통업 | 음식료품 및 기타 각종 상품 중개 및 위탁판매업 | 유통업(식품류) | 슈퍼마켓 등의 종합 도,소매업 | 서빙로봇 제조 및 판매업 | 밥솥로봇 제조 및 판매업 | 자동조리기 제조 및 판매업 | 기타 특수목적용 기계 제조 및 판매업 | 상하수도 공사업 | 환경관련용역업 | 오수정화시설 설계 및 시공업 | 정화조 설계 시공업 | 기타 환경정화장치 제조업",사업확장 및 신규시장진입,"3) 시장점유율 정수기 및 공기청정기시장의 시장점유율을 조사하여 제공하는 공신력있는 기관이 없습니다. 4) 신규사업 등의 내용 및 전망 정수기를 통해 국내렌탈시장에 성공적으로 진입했고, 이를 통해 국내시장은 물론 해외시장에서도 높은 성장을 지속할 것으로 보입니다. 절대적인 우위를 점하고 있는 선두기업과는 차별화된 마케팅 전략으로",https://kind.krx.co.kr/external/2025/03/12/001452/20250312003614/00591.htm,True,2025H1reg,20250312000877
KG에코솔루션,,코스닥,20250312,20250312001400,주주총회소집공고,True,True,True,True,2,조선·해양,바이오선박유 제조 및 판매 | 지주사업,-. 사업포트폴리오 수정에 따라서 Drop 되었음. -. 바이오선박유 제조 및 판매에 대응한 신규목적사업 추가 -. 지주회사 전환에 따른 지주사업 추가,"2015년 12월 경상남도 밀양 초동농공단지내 발전용 바이오중유 시설 착공을 시작으로, 신재생에너지 분야로 사업영역을 확장하였습니다. 2016년 05월 밀양공장을 완공하여, 2016년 06월 발전용 바이오중유 시범보급사업 생산업자로 지정되었으며, 2020년 4월 울산케이지케미칼 부지에 연간 60,000kl 생산가능한 시설을 증설",https://kind.krx.co.kr/external/2025/03/12/001400/20250312003500/00591.htm,True,2025H1reg,20250312000852
포스뱅크,,코스닥,20250312,20250312001399,주주총회소집공고,True,True,True,True,2,신재생·에너지·전력,태양광 발전사업 | 특수한 유형의 부가통신사업,사업목적추가,(별도 및 연결) 승인의 건 제2호 의안 : 정관 일부 변경의 건 -제2-1호 의안 : 제 2 조 (목적) 사업목적 추가 -제2-2호 의안 : 제 40 조 (이사회의 구성과 소집) 변경 -제2-3호 의안 : 제 43 조 (이사 및 감사의 보수와 퇴직금) 변경 -제2-4호 의안 : 제 49 조 (분기배당) 변경 -제2-5호 의안 ,https://kind.krx.co.kr/external/2025/03/12/001399/20250312003499/00591.htm,True,2025H1reg,20250312000853
NPX,,코스닥,20250312,20250312001308,주주총회소집공고,True,True,True,True,17,바이오·헬스케어;2차전지·배터리;희토류·핵심광물·소재;엔터·콘텐츠·게임;화장품·뷰티;식품·농업·외식,"의약품 등(의약품, 의약부외품, 화장품, 의료용구, 위생용품, 건강기능식품)의 제조, 판매, 위탁판매 및 중개업 | 뷰티기기 제조, 위탁판매 및 중개업 | 천연/인조 피혁, 모피제품과 신발, 의류 등 각종 봉제제품, 섬유제품과 그 원료의 판매, 위탁판매 및 중개업 | 경영 및 브랜드 컨설팅 | 대중문화예술기획업 | 음원, 음반, 음악, 영상물, 애니메이션 제작, 배급업 및 유통업 | 연예기획 및?연예매니지먼트 사업 | 컨텐츠, 캐릭터의 디자인, 제작 및 이와 관련한 용품에 관한 사업 | 공연기획 및 제작업, 온라인정보서비스업 | 일반음식점, 휴게음식점업(카페)등의 운영업 | 배터리 소재의 수입, 개발, 제조 및 판매업 | 이차전지 소재(흑연 외)의 연구, 개발, 제조 및 판매업 | 국내·외 광물 개발 및 관련된 사업 | 화학제품의 개발, 제조 및 판매업 | 음극활물질, 도전재 등 소재의 개발, 제조, 판매업 | 화학물질 및 화학약품 생산기계(금형포함) 제조, 판매업 | 난연재 개발 및 제조 판매업",신사업 진출에 따른 사업목적 재정비, 소비재 산업의 경기 하락에서 오는 리스크를 최대한 상쇄시킬 수 있는 구조적 특성을 갖고 있습니다. (4) 신규사업 등의 내용 및 전망 당사는 지속적으로 신기술을 기획 및 연구개발 하고 있습니다.  자동화 장비에 대한 엔피엑스만의 풍부한 경험과 활발한 영업활동을 통하여 양산을 목표로 하는 주문자 생산방식 장비를 개발하고 있습니다,https://kind.krx.co.kr/external/2025/03/12/001308/20250312003288/00591.htm,True,2025H1reg,
LS마린솔루션,,코스닥,20250312,20250312001307,[정정]주주총회소집공고,True,True,True,True,2,신재생·에너지·전력;조선·해양,"해상풍력 및 해양플랜트 등의 선박 운영 사업 | 해상풍력 및 에너지 관련 사업 투자 및 운영, 기술개발 사업",사업 목적 추가,"내부회계관리제도 운영실태 보고 나. 부의안건 제1호 의안: 정관 일부 변경 승인의 건 - 제1-1호 의안: 사업 목적 추가의 건(제2조) - 제1-2호 의안: 종류주식 발행 및 수권 주식수 확대의 건(제5조, 제9조, 제9조의2, 제9조의3, 제9조의4) - 제1-3호 의안: 사채 발행 관련 조문 신설 및 정비의 건(제19조, 제",https://kind.krx.co.kr/external/2025/03/12/001307/20250312003287/00591.htm,True,2025H1reg,20250312000801
한익스프레스,,유가증권,20250312,20250312001257,주주총회소집공고,True,True,True,True,1,부동산·임대·건설,부동산개발업,사업 확장에 따른 신규사업목적추가,") ㈜한익스프레스풀필먼트솔루션은 2024년 10월 설립한 신규 법인임 [국내운송부문] (산업의 특성) 물류 사업 영역 중 가장 큰 비중을 차지하는 국내 운송 부문(화물 운송 부문)은 기존의 단일 운송 방식에서 벗어나, 화물자동차, 철도, 연안 해운 등을 연계하는 복합 운송 방식으로 발전하고 있습니다. 또한, 다양한 물류 업종을 결",https://kind.krx.co.kr/external/2025/03/12/001257/20250312003189/00591.htm,True,2025H1reg,20250312000777
보라티알,,코스닥,20250312,20250312001188,주주총회소집공고,False,True,True,True,1,화장품·뷰티,화장품 책임 판매업,사업목적사항 추가 조항신설(19),,https://kind.krx.co.kr/external/2025/03/12/001188/20250312003042/00591.htm,True,2025H1reg,20250312000741
뉴온,,코스닥,20250312,20250312001095,주주총회소집공고,True,True,True,True,4,식품·농업·외식,"농,수,축,임산물과 가공식품 판매 및 수출입업, 도소매업 | 생활용품 도소매업 | 일반 창고업 | 운송, 물류서비스 운영 및 대행",사업목적 추가,"적인5G 시대가 열리면서 많은 국가에서5G 네트워크 커버리지(서비스 가능지역)를 도입되고 있으며, 전세계 통신사업자들의 적극적인5G 서비스 패키지프로모션 및 중저가 5G 휴대폰 보급화가 가속화되어 2024년부터는 휴대폰 판매량이 다시 증가할 것으로 예상되고 있습니다. 이와 더불어, 쿼드카메라와 펜타카메라 등의 확산과 기존4G폰",https://kind.krx.co.kr/external/2025/03/12/001095/20250312002831/00591.htm,True,2025H1reg,20250312000693
티움바이오,,코스닥,20250312,20250312000961,주주총회소집공고,False,True,True,True,8,바이오·헬스케어;화장품·뷰티;식품·농업·외식,"건강기능식품 제조 및 판매업 | 생활용품 제조 및 도·소매업 | 천연비누 제조 및 유통업 | 동물용 치약, 비누, 화장품, 세제 제조 및 도·소매업 | 화장품 및 화장품 원료 제조업 및 도 · 소매업 | 전자상거래 및 인터넷 쇼핑몰업 | 세제류 제조업 및 판매업 | 기타 화학제품 제조업 및 판매업",페트라온 합병에 따른 사업목적 추가/변경,,https://kind.krx.co.kr/external/2025/03/12/000961/20250312002522/00591.htm,True,2025H1reg,20250312000620
아스트,,코스닥,20250312,20250312000931,주주총회소집공고,True,True,True,True,1,,유해화학물질 판매업,- 사업목적 추가,"지 않은 기업들의 시장진입은 매우 어려운 상황이며 거래처별에 따라 사업 분야가 나누어지기 때문에 당사의 주 사업 영역상에서 실질적으로 당사와 경쟁하고 있는 국내 사업자는 존재하지 않는 상황입니다. ⑹ 관련법령 또는 정부의 규제 등 항공산업은 기계, 전자, IT, 소재 등의 다양한 분야의 첨단 기술이 접목된 기술집약적 산업으로 타 ",https://kind.krx.co.kr/external/2025/03/12/000931/20250312002453/00591.htm,True,2025H1reg,20250312000600
뷰노,,코스닥,20250312,20250312000901,주주총회소집공고,False,True,True,True,2,바이오·헬스케어,의료기기수리업 | 당뇨병소모성재료판매업,추진 중인 사업의 변동사항을 반영하기 위해 목적사항에 항목 2가지 추가(신설),,https://kind.krx.co.kr/external/2025/03/12/000901/20250312002373/00591.htm,True,2025H1reg,20250312000572
톱텍,,코스닥,20250312,20250312000881,주주총회소집공고,True,True,True,True,2,부동산·임대·건설,전문건설업 | 건물용 기계·장비 설치 공사업,사업의 목적 추가 및 번호변경,"을 통해 구축된 인프라를 통해 전자부품의 소재 가공 및 조립 임가공 등 다양한 전자부품관련 비즈니스를 통해 사업영역을 확대 하고 있습니다.  수입에 의존 중인 전자부품 및 차폐 소재의  국산화, 그리고 자동차 부품과 소형전자기기, 의료기기 등에 적용 중인 기존 차폐 제품을 대체하여 급변하는 차폐 소재 시장에서의 경쟁 우위 선점을",https://kind.krx.co.kr/external/2025/03/12/000881/20250312002320/00591.htm,True,2025H1reg,20250312000560
레몬,,코스닥,20250312,20250312000855,주주총회소집공고,True,True,True,True,11,바이오·헬스케어;식품·농업·외식,"공기오염 콘트롤 제품의 제조 및 판매업 | 산업용공해방지설비 제조,판매 및 시설업 | 초극세 부직포형 인공피혁 개발, 판매 및 무역업 | 섬유제조업 | 섬유임가공업 | 섬유관련제품의 도매업 | 섬유관련제품의 무역업 | 의료제품의 제조 및 판매업 | 공기여과필터 및 여과기기류의 제조 및 판매업 | 기타가공식품도매업 | 건강보조식품소매업",사업목적 다각화,"을 통해 구축된 인프라를 통해 전자부품의 소재 가공 및 조립 임가공 등 다양한 전자부품관련 비즈니스를 통해 사업영역을 확대 하고 있습니다.  수입에 의존 중인 전자부품 및 차폐 소재의  국산화, 그리고 자동차 부품과 소형전자기기, 의료기기 등에 적용 중인 기존 차폐 제품을 대체하여 급변하는 차폐 소재 시장에서의 경쟁 우위 선점을",https://kind.krx.co.kr/external/2025/03/12/000855/20250312002281/00591.htm,True,2025H1reg,20250312000542
아이스크림미디어,,코스닥,20250312,20250312000827,주주총회소집공고,True,True,True,True,4,화장품·뷰티;식품·농업·외식,건강 보조식품 소매업 | 화장품 책임판매업 | 식품판매업 | 유통전문판매업,목적사항 추가 및 조항번호 변경,"보유했는지에 따라 결정되기 때문에 향후 현재의 시장 판도가 급격히 바뀌지는 않을 것으로 예상됩니다. (4) 신규사업 등의 내용 및 전망 2025년부터 최초로 도입이 시작되는 AI디지털교과서는 교과서 시장의 확대에 촉매제가 될 전망입니다. AI디지털교과서의 수익모델은 구독형으로 진행될 가능성이 높습니다. 이는 발행사가 교육부, 학",https://kind.krx.co.kr/external/2025/03/12/000827/20250312002220/00591.htm,True,2025H1reg,20250312000528
일월지엠엘,,코스닥,20250312,20250312000699,주주총회소집공고,True,True,True,True,1,부동산·임대·건설,부동산 매매 및 임대업,신규사업 추진," 3월 21일자 임시주주총회에 서 사명을 '주식회사 일월지엠엘'로 변경하고 전기매트 제조 및 도소매업 등의 사업목적을 추가하였으며, 본사를 서울특별시 강동구로 이전하였습니다. 2023년 2분기, 사업다각화의 일환으로  전기매트를 (주)일월로부터 매입하여 국내  네이버쇼핑 등 온라인 쇼핑몰에 유통판매사업을 진행하고 있습니다. 또한",https://kind.krx.co.kr/external/2025/03/12/000699/20250312001954/00591.htm,True,2025H1reg,20250312000461
아이엘,,코스닥,20250312,20250312000661,주주총회소집공고,True,True,True,True,2,2차전지·배터리,"현행 유지 | 배터리 및 소재의 개발, 제조 및 판매업",사업의 목적 추가,"하고 도로교통 운영관리에 다양한 ICT기술을 융합하여, 특히 차량과 도로가 상호 연동하는 기술개발로 창조적 신규사업을 발굴하고, 이에 따른 새로운 일자리 창출 및 교통복지 개선과 국가 경쟁력 강화로 새로운 교통 패러다임이 형성 될 전망입니다. 국토교통부는 전국 도시의 스마트화를 본격 추진하기 위해 2022년 부터 지역거점 스마트",https://kind.krx.co.kr/external/2025/03/12/000661/20250312001875/00591.htm,True,2025H1reg,20250312000437
엠오티,,코스닥,20250312,20250312000533,[정정]주주총회소집공고,True,True,True,True,2,2차전지·배터리,이차전지 검사장비 및 소트프웨어 제조업 | 산업 처리공정 제어장비 제조업,사업의 다각화 외주부문 내제화," 현금배당 승인의 건(1주당 100원, 1,158,018,000원) 제 6호 의안 : 정관 일부 변경의 건(사업목적 추가 : 이차전지 검사장비 및 소프트웨어 제조업,  산업 처리공정 제어장비 제조업) 4. 경영참고사항 상법 제542조의 4에 의한 경영참고사항은 금융감독원 또는 한국거래소의 전자공시시스템에서 조회가 가능하오니 참고",https://kind.krx.co.kr/external/2025/03/12/000533/20250312001585/00591.htm,True,2025H1reg,20250312000357
휴네시온,,코스닥,20250312,20250312000482,주주총회소집공고,True,True,True,True,4,부동산·임대·건설,부동산 임대업 및 부동산 관리업 | 상업시설 및 업무시설의 임대 및 운영 지원 | 제1조(시행일) | 이 정관은 2025년 3월 27일부터 시행한다.,사업 목적 추가에 따른 신설 / 휴네시온 신축 사옥 외부 임대를 위한 사업 목적 추가," 있으나 당사를 포함하여 현재 2~3개 기업이 합산 점유율 70%이상으로 시장을 선도하고 있습니다. (4) 신규사업 등의 내용 및 전망 조달청 조달데이터허브에 따르면 2024년 공공조달 망연계 시장의 규모는 전년 대비 8% 성장한 약281억 원 규모로 성장했습니다. 이는 망분리 고도화와 더불어 클라우드 전환, 제로 트러스트 보안",https://kind.krx.co.kr/external/2025/03/12/000482/20250312001449/00591.htm,True,2025H1reg,20250312000326
웨이버스,,코스닥,20250312,20250312000465,주주총회소집공고,True,True,True,True,2,부동산·임대·건설,엔지니어링서비스업 | 기타 부동산 임대업,사업목적추가,"공간정보를 적용한 디지털 전환 서비스를 구축 및 운영하고 있으며, 스마트 시티와 디지털 트윈, 해외사업까지 사업영역을 확장하고 있습니다. 당사는 GeOnPaaS 솔루션을 이용한 공간정보 플랫폼 기반의B2B PaaS, B2C SaaS 민간서비스 사업과 함께, GeOnAirX 플랫폼을 통한 UAM 통합관제 솔루션 기업, GeOnDT",https://kind.krx.co.kr/external/2025/03/12/000465/20250312001392/00591.htm,True,2025H1reg,20250312000310
솔루엠,,유가증권,20250312,20250312000391,주주총회소집공고,True,True,True,True,7,,"무점포 소매업 및 중개업 | 광고업 | 백화점 및 대형점, 슈퍼마켓업의 설치, 운영에 관한 사업 | 신용카드업 | 주차장 사업 | 각종 접객서비스업 | 소매업 관련 용역 및 위수탁사업",- 신사옥 내 마트운용 사업목적 추가,(안) 포함] 제2호 의안 : 정관 일부 변경의 건 - 제2-1호 [솔루엠 이사회 제안] (제2-1-1호) 사업목적 추가의 건 (제2-1-2호) 단순 오타 정정의 건 - 제2-2호 [주주제안] (제2-2-1호) 집중투표제 도입의 건 (제2-2-2호) 자기주식 소각 권한 추가의 건 (제2-2-3호) 권고적 주주제안 신설의 건 (제,https://kind.krx.co.kr/external/2025/03/12/000391/20250312001208/00591.htm,True,2025H1reg,20250312000250
코칩,,코스닥,20250312,20250312000286,주주총회소집공고,True,True,True,True,9,AI(인공지능);로봇;드론·UAM;바이오·헬스케어;2차전지·배터리;부동산·임대·건설;투자·금융,AI 컴퓨터서버용 이차전지 개발업 및 판매업 | 드론용 이차전지 개발업 및 판매업 | 휴머노이드용 이차전지 개발업 및 판매업 | 바이오 생체삽입형 의료기기용 이차전지 개발업 및 판매업 | 전자부품 유통업 | 전자부품 관련 전자상거래 사업 | 해외자회사에 대한 투자업 | 특허권 및 특허관련 기술제공 서비스업 | 부동산 임대업 및 매매업,-사업목적 구체화 -사업목적 재정비를 통한 선택과 집중 - 조향 조정," 6호 의안 : 감사(전진홍)의 중임의 건 사. 제 7호 의안 : 정관 변경의 건 제 7 - 1호 의안 : 사업목적의 변경의 건 제 7 - 2호 의안 : 분기배당에 관련 규정 신설의 건 4. 경영참고사항 비치 상법 제 542조의 4제 3항에 의거하여 경영참고사항을 당사의 본사, 금융위원회, 한국거래소 및 국민은행 증권대행부에 비",https://kind.krx.co.kr/external/2025/03/12/000286/20250312000881/00591.htm,True,2025H1reg,20250312000193
농심,,유가증권,20250312,20250312000173,[정정]주주총회소집공고,False,True,True,True,1,,스마트팜업,스마트팜업 추가 항번호 변경 항번호 변경,,https://kind.krx.co.kr/external/2025/03/12/000173/20250312000536/00591.htm,True,2025H1reg,20250312000117
나무가,,코스닥,20250312,20250312000056,주주총회소집공고,True,True,True,True,3,,"경영 컨설팅 및 자문 | 경영, 경제정보의 조사수집 및 분석 용역 | 사업자문 및 영업활동 용역",해외 판매 중개 용역 수행에 따른 사업 목적 추가,트폰 보급 확대와 AI 기능을 탑재한 프리미엄 스마트폰 출시가 시장 성장을 견인할 것으로 보입니다. (4) 신규사업 등의 내용 및 전망 (가) 소프트웨어 기술 당사는 기존에 노트북 카메라 모듈 생산 경험을 바탕으로 이미지 처리 소프트웨어 및 펌웨어 기술에서 강점을 보유하고 있습니다. 이러한 소프트웨어 기술은 스마트폰 카메라 모듈,https://kind.krx.co.kr/external/2025/03/12/000056/20250312000134/00591.htm,True,2025H1reg,20250312000024
케어랩스,,코스닥,20250312,20250312000039,주주총회소집공고,False,True,True,True,3,,특수한유형의 부가통신사업 | 문자 재판매업 | 문자 발송업,기존사업영역의 서비스 확장,,https://kind.krx.co.kr/external/2025/03/12/000039/20250312000061/00591.htm,True,2025H1reg,20250312000011
아리바이오홀딩스,,코스닥,20250312,20250311002078,주주총회소집공고,True,True,True,True,4,바이오·헬스케어,"정보통신공사업 및 정비업 | 소방시설공사업 및 정비업 | 자동차 및 특수차량 도매, 유통, 무역업 | 의료기기의 연구, 개발, 제조 및 판매업",신규사업 추진을 통한 사업다각화 모색,"통한 잠재고객 발굴, 유통전문채널을 통한 영업과 현지업체와의 협업을 통한 영업을 수행하고 있습니다. (4) 신규사업 등의 내용 및 전망 신규사업 등의 내용 및 전망은 당사 사업보고서 Ⅰ. 회사의 개요 - 5. 정관에 관한 사항 - 라. 정관상 사업목적 추가 현황표를 참조하시기 바랍니다. (5) 조직도 조직도 2. 주주총회 목적사",https://kind.krx.co.kr/external/2025/03/11/002078/20250311004708/00591.htm,True,2025H1reg,20250311001304
에스와이스틸텍,,코스닥,20250311,20250311002047,주주총회소집공고,False,True,True,True,1,부동산·임대·건설,건축부자재 도소매업,목적사항추가,,https://kind.krx.co.kr/external/2025/03/11/002047/20250311004618/00591.htm,True,2025H1reg,20250311001280
노을,,코스닥,20250311,20250311002009,주주총회소집공고,True,True,True,True,6,AI(인공지능);클라우드·SW·빅데이터;바이오·헬스케어,"소프트웨어 개발 , 판매 및 유통업 | 의료기기 개발, 제조 , 수리, 임대 및 판매업 | 광학기기 제조, 판매 및 유통업 | 인공지능 소프트웨어 개발, 판매 및 유통업 | 인공지능 의료영상 소프트웨어 개발, 판매 및 유통업 | 데이터 베이스 검색, 개발 및 판매업",중복 조문 삭제 조문 정비 실제 사업 현황 반영 및 현재 준비중이거나 향후 개발 가능성이 있는 사업영역 목적 사업 추가 조문 정비 조문 정비, 시장의 특성 III. 경영참고사항 중 1. 사업의 개요 - 가.업계의 현황을 참고하시기 바랍니다. (4) 신규사업 등의 내용 및 전망 당사는 현재 이사회 결의 등을 통해 구체화된 신규사업은 없습니다. (5) 조직도 노을 주식회사 조직도 2. 주주총회 목적사항별 기재사항 □ 재무제표의 승인 제1호 의안 : 제10기 연결 및 별도,https://kind.krx.co.kr/external/2025/03/11/002009/20250311004541/00591.htm,True,2025H1reg,20250311001258
동국씨엠,,유가증권,20250311,20250311001924,[정정]주주총회소집공고,False,True,True,True,2,,"합성수지 및 기타 플라스틱 물질 제조업 | 압연용 Roll 가공, 제조 및 판매업",신규사업 영위를위한 사업목적 추가,,https://kind.krx.co.kr/external/2025/03/11/001924/20250311004402/00591.htm,True,2025H1reg,20250311001205
아리바이오LAB,,코스닥,20250311,20250311001907,주주총회소집공고,True,True,True,True,5,바이오·헬스케어,"실험실용 및 진단용 시약 제조 및 도소매 | 이화학 연구용 장치 제조 및 도소매 | 의료기기 제조, 판매사업 | 의료용 소모성 자재 구매대행업 | 동물의약품 제조 및 도소매",사업목적 추가 (사업 목적 다각화)," 제약사와 기술이전 또는 공동 연구개발 논의를 활발히 진행하고 있습니다. 대상포진 백신 사업화 전략 (4) 신규사업 등의 내용 및 전망 당사의 주 사업은 차세대 백신 및 면역치료제 개발이며, 신규 사업 진출은 검토하고 있지 않습니다. (5) 조직도 연구개발 조직도 2. 주주총회 목적사항별 기재사항 □ 재무제표의 승인 가. 해당 ",https://kind.krx.co.kr/external/2025/03/11/001907/20250311004360/00591.htm,True,2025H1reg,20250311001192
다우기술,,유가증권,20250311,20250311001886,주주총회소집공고,True,True,True,True,2,식품·농업·외식;투자·금융,가공식품 판매업 | 금융상품판매대리중개업,미영위 사업목적 삭제 및 순번 조정,"신산업 진흥법 및 소프트웨어 진흥법 등의 적용을 받으며, 문자메세지 발송 및 IDC서비스 운영을 위해 전기통신사업법에 따라 특수한 유형의 부가통신사업자 및 기간통신사업자 등록 후 사업을 진행하고 있습니다. 또한 온라인으로 서비스를 제공하는 사업자로서 개인정보보호법, 정보통신망 이용촉진 및 정보보호 등에 관한 법률 등을 준수하고",https://kind.krx.co.kr/external/2025/03/11/001886/20250311004289/00591.htm,True,2025H1reg,20250311001181
카카오,,유가증권,20250311,20250311001854,[정정]주주총회소집공고,False,True,True,True,1,,"저작권 및 저작인접권 등의 중개알선업 및 브랜드, 상표권 등 지적재산권의 관리 및 라이선스업",- 전기통신사업법 개정에 따른 변경 - 상표권 및 브랜드 사용에 대한 수수료 수취와 관련하여 사업목적 명확화,,https://kind.krx.co.kr/external/2025/03/11/001854/20250311004204/00591.htm,True,2025H1reg,20250311001158
포톤,,코스닥,20250311,20250311001796,주주총회소집공고,False,True,True,True,11,AI(인공지능);클라우드·SW·빅데이터;반도체;드론·UAM;디지털자산·블록체인·STO(스테이블코인);바이오·헬스케어;신재생·에너지·전력;모빌리티·전기차·자율주행;교육,"생체인증관련 연구개발 및 제품 제조 판매업 | 전자부품, 반도체소자 설계 제조, 설계용역 및 교육서비스업 | 큐비트 방식을 적용한 광원 광센서 일체형 모듈 제조 및 판매업 | 큐비트 방식을 적용한 바이오, 메디컬 디바이스 및 시스템 개발 제조 판매업 | 큐비트 방식을 적용한 태양광패널, 이미지센서, 반도체, 평판 디스플레이 및 관련제품, 부품의 연구개발 제조, 판매 및 수출입업 | 큐비트 방식을 적용한 전자계측기기의 제조, 교정, 검사 장비 개발 및 판매업 | 큐비트 방식을 적용한 비즈니스 어플리케이션 개발, 서비스제공 등의 융복합 사업 | 드론, 농기계, 자동차 등 모든 운행장비 부품 및 소프트웨어 개발, 제작 및 판매 | 인공지능 (AI), 딥러닝, 행위기반 데이터 수집, 분석, 개발 및 기술정보 제공업 | 자율주행차 관련 소프트웨어 개발과 기술정보제공 및 부품 개발업 | 블록체인 플랫폼, 보안솔루션 및 어플리케이션 개발 및 운영사업",불필요한 사업 목적사항 정리,,https://kind.krx.co.kr/external/2025/03/11/001796/20250311004093/00591.htm,True,2025H1reg,20250311001127
대양전기공업,,코스닥,20250311,20250311001730,주주총회소집공고,True,True,True,True,3,,연구개발 용역 사업 | 신기술 및 신제품의 연구개발 및 상용화 | 정부 및 민간 연구과제 수행,목적사항 추가,"시장은 상대적으로 높은 기술력을 필요로 하는 발전분야, 플랜트분야로 매출을 확대해 나가는 것입니다. (4) 신규사업 등의 내용 및 전망 당사의 신규 사업은 선박용 LED 조명과 자동차용 압력센서이며 신규 사업의 전망은 아래와 같습니다. (가) 선박용 LED 조명 당사는 여러 종류의 선박용 LED 조명과 육상용 LED조명을 개발하",https://kind.krx.co.kr/external/2025/03/11/001730/20250311003975/00591.htm,True,2025H1reg,20250311001090
세진중공업,,유가증권,20250311,20250311001648,주주총회소집공고,True,True,True,True,2,,건물설비 설치 공사업 | 배관 및 냉.난방 공사업,사업영억 확장에 따른 목적 추가," 적용되며, 선박 발주시점에서 선주가 특 정 Maker를 지정하기도 하는 진입장벽이 높은 산업입니다. 4) 신규사업 등의 내용 및 전망 (가) 조선부문 LNG 물동량 증가에 따른 가스선 수요 증가로 지속적인 발주가 전망됨에 따라, 당사의 주요 생산품인 LPG Tank, LEG Tank, LNG Tank로 생산품을 다변화하여 시장",https://kind.krx.co.kr/external/2025/03/11/001648/20250311003778/00591.htm,True,2025H1reg,20250311001049
광림,,코스닥,20250311,20250311001551,주주총회소집공고,True,True,True,True,1,부동산·임대·건설,건설기계정비업,사업다각화,1.01~2024.12.31) 재무제표 승인의 건 제2호 의안 : 정관 일부 변경의 건 제2-1호 의안 : 사업목적 추가의 건 제2-2호 의안 : 액면가 변경의 건 제3호 의안 : 이사보수한도 승인의 건 4. 경영참고사항 비치 상법 제542조의4에 의거 경영참고사항을 당사에 비치하고 금융감독원 또는 한국거래소가 운용하는 전자공시,https://kind.krx.co.kr/external/2025/03/11/001551/20250311003631/00591.htm,True,2025H1reg,20250311001009
벨로크,,코스닥,20250311,20250311001512,주주총회소집공고,True,True,True,True,1,드론·UAM,안티드론 통합솔루션 제조 및 판매,사업다각화,"행분야및주요제품 [자 사솔루션 라인업] 영업보고서_자사솔루션 라인업 (나) 공시대상 사업부문의 구분 구 분 사업목적 사업영위 여부 1 컴퓨터 정보통신기기업 영위 2 컴퓨터 주변기기업 영위 3 전산설비 유지보수업 영위 4 인력파견업 미영위 5 소프트웨어 개발 및 공급, 자문 영위 6 전산업무개발 관련업 영위 7 정보통신공사업 영위",https://kind.krx.co.kr/external/2025/03/11/001512/20250311003545/00591.htm,True,2025H1reg,20250311000976
이스트소프트,,코스닥,20250311,20250311001498,주주총회소집공고,False,True,True,True,5,클라우드·SW·빅데이터;엔터·콘텐츠·게임,학술 · 연구용역 | 이러닝산업 | 이러닝콘텐츠 및 이러닝콘텐츠운용소프트웨어를 연구 · 개발 · 제작 · 수정 · 보관 · 전시 또는 유통하는 업 | 이러닝서비스업 | 이러닝의 수행 · 평가 · 컨설팅과 관련된 서비스업,- 좌동(1.~20.) - 인공지능 기반 에듀테크 사업 추진 - 조문번호 수정(27.~36.),,https://kind.krx.co.kr/external/2025/03/11/001498/20250311003516/00591.htm,True,2025H1reg,20250311000969
파워넷,,코스닥,20250311,20250311001467,주주총회소집공고,True,True,True,True,2,2차전지·배터리,전기전자기기 제조 및 판매업 | 전기전자기기 배터리팩 유통 및 판매업,- 신사업부문 세부사업목적 추가,"장 위축, 고환율, 고물가, 고금리 등의 변동상황을 예의 주시하며 대응방안을 마련하고 있으며, 테크 중심의 신사업 부문을 집중 육성하여 경기변동에 따른 리스크를 최소화해 나가고 있습니다. 나. 회사의 현황 (1) 영업개황 및 사업부문의 구분 (가) 영업개황 회사는 1988년 12월 커넥터 부품사업으로 창업하였으나 사업전개 과정",https://kind.krx.co.kr/external/2025/03/11/001467/20250311003450/00591.htm,True,2025H1reg,20250311000945
압타바이오,,코스닥,20250311,20250311001464,주주총회소집공고,True,True,True,True,2,바이오·헬스케어;식품·농업·외식,"건강기능식품 제조, 가공, 판매, 유통업 | 동물용품 제조, 유통업, 수입, 수출, 도소매업",건강기능식품 및 동물 관련 사업목적 추가," : 감사보고, 영업보고, 내부회계관리제도 운영실태 보고 나.  부의안건 제 1호 의안 : 정관 변경의 건(사업목적 추가) 제 2호 의안 : 제16기(2024.01.01~2024.12.31) 재무제표 승인의 건 제 3호 의안 : 주식매수선택권 부여 승인의 건 제 4호 의안 : 이사 보수한도 승인의 건 제 5호 의안 : 감사 보수",https://kind.krx.co.kr/external/2025/03/11/001464/20250311003446/00591.htm,True,2025H1reg,20250311000943
아이비김영,,코스닥,20250311,20250311001372,[정정]주주총회소집공고,False,True,True,True,5,화장품·뷰티;교육,도서출판기획 및 제작·판매업 | 학원운영업 | 화장품 제조업 | 화장품 수출입업 및 매매업 | 화장품 및 미용상품 매매업,사업영역 확대,,https://kind.krx.co.kr/external/2025/03/11/001372/20250311003255/00591.htm,True,2025H1reg,20250311000892
멤레이비티,,코스닥,20250311,20250311001219,주주총회소집공고,True,True,True,True,3,AI(인공지능);클라우드·SW·빅데이터,AI를 이용한 데이터 처리용 컴퓨터 소프트웨어 개발 및 공급업 | 생체인식 시스템용 컴퓨터 소프트웨어 공급업 | AI 서비스형 플랫폼업,신규사업을 위한 사업목적 추가,회 승인 후 주주총회 보고로 갈음할 수 있음. - 제2호 의안 : 정관 일부 변경의 건 제2-1호 의안 : 사업목적 추가의 건 - 제3호 의안 : 이사 선임의건 제3-1호 의안 : 사내이사 변석재 선임의 건(신규선임) 제3-2호 의안 : 사외이사 박종부 선임의 건(신규선임) - 제4호 의안 : 제27기 이사 보수한도 승인의 건(,https://kind.krx.co.kr/external/2025/03/11/001219/20250311003014/00591.htm,True,2025H1reg,20250311000810
알티캐스트,,코스닥,20250311,20250311001108,주주총회소집공고,True,True,True,True,13,부동산·임대·건설,"기계설비공사업 | 실내건축공사업 | 금속구조물, 창호, 온실공사업 | 소방설비공사업 | 토목건축공사업 | 난방시공업(제1종) | 주택건설업 | 건자재도매업 | 무역업 | 건물 및 토목 엔지니어링 서비스업 | 기타 엔지니어링 서비스업 | 습식, 방수 공사업 | 구조물 해체 비계공사업",사업목적의 정비,"부가가치가 있는 데이터 기반 서비스 제공 등을 통하여 방송사업자의 니즈에 전략적으로 대응하고 있습니다. ② 신규 사업 현황 당사는 방송 서비스 QA 사업 경험을 바탕으로 다양한 사업 분야의 B2B2C 플랫폼및 서비스 검증 사업으로 사업 영역을 확장하고 있으며, 휴맥스 그룹 산하 계열/관계 회사를 포함하여 전장 제품과 카쉐어링, I",https://kind.krx.co.kr/external/2025/03/11/001108/20250311002803/00591.htm,True,2025H1reg,20250311000748
포인트엔지니어링,,코스닥,20250311,20250311001076,주주총회소집공고,True,True,True,True,2,반도체,"반도체 및 반도체 패키지 검사 부품의 제조, 판매업 | 반도체 수동소자 및 마이크로 금속부품 제조, 판매업",사업 영역 확대를 통한 수익구조 다각화 및 미영위 사업 목적 삭제, 잃어버리지 않고 꾸준하게 성장해 왔습니다. 당사는 기존 반도체 및 디스플레이(LCD 및 OLED) 분야의 사업 영역에만 그치지 않고 알루미늄 양극산화 기술(Anodizing)을 적용한 다공성 양극산화피막(AAO;Anodic Aluminum Oxide)을 활용하여 Probe Card 및 Micro Socket 등으로 신규사업을 창,https://kind.krx.co.kr/external/2025/03/11/001076/20250311002748/00591.htm,True,2025H1reg,20250311000732
에이치엘사이언스,,코스닥,20250311,20250311000961,주주총회소집공고,True,True,True,True,2,식품·농업·외식,식품첨가물 제조 및 판매업 | 식품첨가물 도소매 및 수출입업,- 위탁생산품목 변경에 따른 사업목적 추가,"로바이옴 사업, 건강기능식품, 의약외품, 건강지향식품 등의 개발, 제조, 판매하는 사업을 영위하고 있으며, 사업목적을 추가한 DTC 유전자 분석 서비스 및 홈 뷰티 디바이스 사업에 진출하여 사업을 영위하고 있습니다. 당사는 국내 최초 식약처 개별인정원료 CDMO 사업에 진출하여 CDO, CRO, CMO One Stop Servi",https://kind.krx.co.kr/external/2025/03/11/000961/20250311002563/00591.htm,True,2025H1reg,20250311000671
데이터스트림즈,,코넥스,20250311,20250311000876,주주총회소집공고,True,True,True,True,14,AI(인공지능);로봇;원전·원자력;우주항공;드론·UAM;전자지급·결제(PG·선불),"데이터 패브릭 솔루션 판매, 기술자문 및 용역 | DX, Data Driven 컨설팅 및 관련 서비스 개발 | AI기반 정보시스템 개발 및 용역 | 로봇시스템 개발, 제조, 임대 및 도소매업 | 전자 자금결제 대행업 및 결제자금 예치업 | 온라인 통신 중개업 및 판매업 | 초소형 원자력 모듈 및 시스템 개발 공급 | 전자인증 서비스업 | 포인트 마일리지 사업 | 항공기, 우주선 및 부품 제조업 | 초경량 비행장치 및 UAM, 드론 등 사용사업 | 국내외 항공운송업 및 항공기 사용사업 | SOC기반 정보시스템 개발 및 구축 | 기타 전기장비 제조업",목적사항 추가,"4,365 용역 매출 19,124 14,486 11,614 합계 30,532 25,316 26,379 2) 사업 영역별 매출실적 ( 단위: 백만원) 사업 영역 2022연도 (제22기) 2023연도 (제23기) 2024연도 (제24기) 데이터 통합 솔루션 및 플랫폼 3,044 3,864 6,046 데이터 이전/전환 6,573 7,2",https://kind.krx.co.kr/external/2025/03/11/000876/20250311002393/00591.htm,True,2025H1reg,20250311000614
풍국주정,,코스닥,20250311,20250311000851,주주총회소집공고,False,True,True,True,1,바이오·헬스케어;탄소·환경,폐기물 재활용업,<목적 사항 추가> 사업목적의 다각화,,https://kind.krx.co.kr/external/2025/03/11/000851/20250311002344/00591.htm,True,2025H1reg,20250311000599
대명에너지,,코스닥,20250311,20250311000848,주주총회소집공고,True,True,True,True,2,,정보통신공사업 | 전문소방시설공사업,공사 면허취득을 위한 사업목적 추가,"협회, 2023 Annual Report on Wind Energy Industry in Korea (3) 신규사업 등의 내용 해상풍력발전사업을 위한 투자와  인허가가 진행중에 있습니다. 또 향후 VPP사업을 위한 ESS의 지속적 개발과 VPP시장에서의 경쟁력 확보를 위해서 EMS와 PMS등 다양한 소프트웨어를 개발 중이고 발전",https://kind.krx.co.kr/external/2025/03/11/000848/20250311002337/00591.htm,True,2025H1reg,20250311000597
AJ네트웍스,,유가증권,20250311,20250311000812,주주총회소집공고,True,True,True,True,2,,기타 일반 기계 및 장비 수리업 | 전기·전자 및 정밀기기 수리업,표준산업분류에 따른 제조업관련 사업 목적 추가,"대되었고 안마의자, 안마기 등의 헬스케어 아이템을 비롯한 스타일러, 음식물처리기 등의 개인 가정용품 렌탈로 사업영역이 확장되고 있습니다. 당사가 2007년 신규 참여한 파렛트 렌탈은 물류사업에 기본적으로 사용되는 필수 렌탈 아이템으로서, 과거 한국파렛트풀의 독점시장에서 현재 한국파렛트풀과 당사의 2개사 경쟁체제로 시장이 재편되고",https://kind.krx.co.kr/external/2025/03/11/000812/20250311002266/00591.htm,True,2025H1reg,20250311000572
다원넥스뷰,,코스닥,20250311,20250311000785,주주총회소집공고,True,True,True,True,2,반도체,반도체 장비 제조 및 판매업 | 레이저 응용장비 제조 및 판매업,관련 사업 명문화,"ing하는 'sLSMB(Solder Laser Systemic Micro-Bonding)제품군'이 있으며, 신규 사업 확대를 위해 디스플레이, 솔라셀, 스마트폰에 소요되는 부품소자를 정밀 가공하거나 접합하는 공정 장비를 제품화해 나가고 있습니다.  사업화가 완성된 주력 제품의 세부 제품 목록은 아래와 같습니다. 분류 제품군 주요 ",https://kind.krx.co.kr/external/2025/03/11/000785/20250311002204/00591.htm,True,2025H1reg,20250311000551
오이솔루션,,코스닥,20250311,20250311000770,주주총회소집공고,True,True,True,True,1,신재생·에너지·전력,태양광 발전업,신규 사업 진행을 위한 사업목적 추가,"국의 SKT, KT, LGU+ 그리고 일본의 NTT나  KDDI, 미국의 Verizon, AT&T와 같은 통신사업자들의 투자정책과 밀접한 관련이 있습니다. 댁내가입자망은 일단 투자결정이 이루어지면 사업 기간에는 전국망을 커버하는 로드맵에 따라 지속적으로 투자가 이루어집니다. 현재 전 세계적으로 기가 인터넷 경쟁이 펼쳐지고 있습",https://kind.krx.co.kr/external/2025/03/11/000770/20250311002153/00591.htm,True,2025H1reg,20250311000539
케이엔에스,,코스닥,20250311,20250311000682,주주총회소집공고,True,True,True,True,1,신재생·에너지·전력,태양광발전사업에 의한 전력 생산판매,사업영역 확장을 위한 사업목적 추가,"안 : 베트남 자회사 추가 투자 건 제 2호 의안 : 2024년 내부거래 한도 승인의 건 제 3호 의안 : 신사업 투자의 건 제 4호 의안 : 제 18기 (2023.01.01~2023.12.31) 재무상태표, 손익계산서 및 이익잉여금 처분계산서 등 재무제표 승인의 건 가결 찬성 찬성 찬성 찬성 찬성 3 2024.03.12 제 ",https://kind.krx.co.kr/external/2025/03/11/000682/20250311001980/00591.htm,True,2025H1reg,20250311000484
전진건설로봇,,유가증권,20250311,20250311000598,[정정]주주총회소집공고,True,True,True,True,1,로봇;부동산·임대·건설,건설로봇 제조 및 판매업,사업목적 추가,"한 비중이 매우 높으며, 주요 수출국으로 미국, 유럽, 호주, 멕시코, GCC회원국 등이 있습니다. (마) 신규사업 등의 내용 및 전망 해당사항 없습니다. (바) 조직도 조직도 2. 주주총회 목적사항별 기재사항 □ 재무제표의 승인 가. 해당 사업연도의 영업상황의 개요 상기 ""Ⅲ.경영참고사항, 1.사업의 개요, 나.회사의 현황, ",https://kind.krx.co.kr/external/2025/03/11/000598/20250311001782/00591.htm,True,2025H1reg,20250311000440
라메디텍,,코스닥,20250311,20250311000567,주주총회소집공고,True,True,True,True,11,클라우드·SW·빅데이터;바이오·헬스케어;부동산·임대·건설;화장품·뷰티;식품·농업·외식,"의료기기 제조 및 판매업 | 의료기기 도,소매업 | 부동산 매매 및 임대업 | 의료기기 및 관련용품 무역업 | 경영컨설팅, 광고 제작 및 대행 | 미용실, 탈모 및 피부관리실, 헬스클럽 경영 | 프랜차이즈업 | 건강보조식품 및 건강기능식품 제조, 유통, 판매 | 소프트웨어 개발 및 공급업 | 미용상담 및 미용정보제공업 | 특허 등 지적재산권의 라이선스업",- 사업 목적 추가에 따른 번호 수정 / - 사업 목적의 변경 / - 사업 목적의 추가,".34%에 불과하며,이 또한 주한미군을 대상으로 하는 한국 내 조달이 대부분을 차지하고 있었습니다. (4) 신규사업 등의 내용 및 전망 기존 레이저 미용기기와 의료기기 사업을 중심으로 피부관리 및 헬스케어 업종으로의 신규 사업을 계획중에 있으나 현재 검토중인 단계로  작성기준일 현재 사업을 추진하고 있지 않습니다. (5) 조직도",https://kind.krx.co.kr/external/2025/03/11/000567/20250311001695/00591.htm,True,2025H1reg,20250311000421
팬엔터테인먼트,,코스닥,20250311,20250311000559,주주총회소집공고,True,True,True,True,3,화장품·뷰티,주차장업 -추가 | 화장품 제조 및 유통업 | 출판업,사업의 다각화,"1.01.~2024.12.31.) 재무제표 및 연결재무재표 승인의 건 2) 제2호 의안 : 정관 일부 변경(목적사업 추가)의 건 3) 제3호 의안 : 이사 선임의 건 (사외이사 1명, 사내이사 3명) 제3-1호 의안: 사외이사 서원태 신규선임의 건 제3-2호 의안: 사내이사 박영석의 재선임의 건 제3-3호 의안: 사내이사 김희열",https://kind.krx.co.kr/external/2025/03/11/000559/20250311001681/00591.htm,True,2025H1reg,20250311000414
레이크머티리얼즈,,코스닥,20250311,20250311000542,주주총회소집공고,True,True,True,True,1,,투자 및 경영컨설팅업,사업목적추가 (신사업 발굴),포함) 및 연결 재무제표 승인의 건 (현금배당 1주당 : 50원) □ 제2호 의안 : 정관 일부 변경의 건(사업목적추가) □ 제3호 의안 : 감사 조인수 선임의 건 □ 제4호 의안 : 이사 보수한도 승인의 건 □ 제5호 의안 : 감사 보수한도 승인의 건 4. 경영참고사항 비치 상법 제542조의4(주주총회 소집고공 등)에 의거 경,https://kind.krx.co.kr/external/2025/03/11/000542/20250311001632/00591.htm,True,2025H1reg,20250311000401
동원F&B,,유가증권,20250311,20250311000538,주주총회소집공고,True,True,True,True,17,클라우드·SW·빅데이터;반려동물(펫);엔터·콘텐츠·게임;식품·농업·외식,"인터넷서비스, 컴퓨터, 멀티미디어 프로그램의 개발, 제조 및 판매업 | 정보통신서비스 및 부가통신사업 | 전자상거래 관련 서비스 및 유통업 | 전자상거래 관련 도소매 및 주문 임대업 | 통신판매업; 통신판매중개업 | 인터넷 광고를 포함한 광고업, 광고대행업, 광고매체 판매업 | 인터넷 전자상품권 발행업 | 상품권 판매 및 유통업 | 인터넷 콘텐츠 개발 및 공급업 | 인터넷 부가서비스 개발 및 공급업 | 데이터베이스 및 온라인정보 제공업 | 소프트웨어 자문, 개발 및 공급업 | 물류, 신용판매 등 결제시스템에 대한 네트웍 구성 및 정보제공업 | 결제관련, 물류관련 서비스업 | 식품가공 및 의류봉제 판매업 | 생활필수품 판매업 | 애완동물 관련 용품(사료포함) 판매, 유통업",목적사업 추가,0.21 운영자금대출 대환의 건 찬성 12 2024.11.01 제25기 3분기 경영실적(연결포함) 보고 - 신규 사업장 개설의 건 찬성 13 2024.12.30 안전보건에 관한 실적 보고 및 계획 승인의 건 찬성 동일인 등 출자 계열회사와의 상품/용역 거래 승인의 건('25년 연간) 찬성 냉식제품 공장 신규 시설투자 승인의 건 찬,https://kind.krx.co.kr/external/2025/03/11/000538/20250311001622/00591.htm,True,2025H1reg,20250311000398
현대에이치티,,코스닥,20250311,20250311000518,주주총회소집공고,True,True,True,True,4,신재생·에너지·전력;모빌리티·전기차·자율주행,"전기차 충전시설 신규,교체 설치 및 유지보수 | 세대창고 개발, 생산, 판매, 관련 장비 임대업 | 보안솔루션제품의 제조 및 도소매업 | 디지털도어록 제조 및 도소매업",사업목적사항 추가 조항신설(27) 조항신설(28) 조항신설(29) 조항신설(30) 조항변경(27)→(31),건 (이익잉여금처분계산서(안) 포함 : 현금배당 1주당 400원 ) 제2호 의안 : 정관 일부 변경의 건 (사업목적사항 추가) 제3호 의안 : 이사 선임의 건 (사내이사 김정호) 구 분 성 명 생년월일 주 요 약 력 추천인 최대주주와의 관계 사내이사 김정호 1974.03.09 現) 현대에이치티 부사장 前) 산업은행 수석부부장 이,https://kind.krx.co.kr/external/2025/03/11/000518/20250311001558/00591.htm,True,2025H1reg,20250311000380
더존비즈온,,유가증권,20250311,20250311000477,주주총회소집공고,True,True,True,True,2,,본인신용정보관리업(마이데이터 사업) | 신용정보의 수집·분석 · 제공 및 관련 서비스,사업목적추가,"재무제표 및 별도재무제표(이익잉여금처분계산서 포함) 승인의 건 나. 제2호 의안 : 정관 일부 변경의 건 (사업목적 추가) 다. 제3호 의안 : 이사 선임의 건(사내이사 1명, 사외이사 1명) ○ 제3-1호 의안 : 지용구 사내이사 선임의 건 ○ 제3-2호 의안 : 이철희 사외이사 선임의 건 라. 제4호 의안 : 감사 선임의 건",https://kind.krx.co.kr/external/2025/03/11/000477/20250311001483/00591.htm,True,2025H1reg,20250311000356
지엘팜텍,,코스닥,20250311,20250311000427,주주총회소집공고,True,True,True,True,3,바이오·헬스케어;식품·농업·외식,"의약품 마케팅 대행업 | 경영컨설팅 및 위탁업무 용역 대행업 | 건강식품, 건강보조식품, 건강기능식품의 도소매, 판매 유통업",- 기존 사업목적의 구체화 - 신규사업 추진을 위하여 사업목적 내용 추가, 곤란하여 기재를 생략 합니다. (3) 시장의 특성 - '가. 업계의 현황'을 참고하시기 바랍니다. (4) 신규사업 등의 내용 및 전망 - 해당사항 없습니다. (5) 조직도 조직도 2. 주주총회 목적사항별 기재사항 □ 재무제표의 승인 가. 해당 사업연도의 영업상황의 개요 - III.경영참고사항의 1. 사업의 개요 참고하시기 바랍,https://kind.krx.co.kr/external/2025/03/11/000427/20250311001388/00591.htm,True,2025H1reg,20250311000331
필에너지,,코스닥,20250311,20250311000415,주주총회소집공고,True,True,True,True,3,부동산·임대·건설,사업시설 유지관리 서비스업 | 부동산 개발 및 임대업 | 주차장 운영업,사업 목적 추가," 있는 노칭(Notching) 슬리팅(Slitting) 일체형 장비를 개발하여 제품 포트폴리오를 다변화하고 사업 영역을 다각화하고 있습니다. (2) 시장점유율 현재 당사가 영위하는 사업분야의 공정별 시장 점유율을 수치로 나타낸 신뢰성 있는 통계자료는 없으나, Tab을 형성하는 Laser Notching 설비를 세계 최초로 개발해 ",https://kind.krx.co.kr/external/2025/03/11/000415/20250311001334/00591.htm,True,2025H1reg,20250311000320
오에스피,,코스닥,20250311,20250311000388,주주총회소집공고,True,True,True,True,1,식품·농업·외식,"가공식품, 식품첨가물 도소매 업",- 기존사업의 확장,"025년 연령별 맞춤 사료를 출시 할 계획에 있습니다. 당사는  Pet 간식 브랜드와 Pet 용품 브랜드로 사업영역을 점차 확대하여, 자체 브랜드 개발 공급을 통해 기존 B2B 시장에서 B2C 시장으로 점차 확대해 나가고자 합니다. 또한 정부 대책에 발맞춰 글로벌 스탠다드에 부합하는 각종 인증과 다년간에 걸친 연구개발 노하우를 ",https://kind.krx.co.kr/external/2025/03/11/000388/20250311001236/00591.htm,True,2025H1reg,20250311000302
PS일렉트로닉스,,코스닥,20250311,20250311000383,주주총회소집공고,True,True,True,True,8,클라우드·SW·빅데이터,"공장 자동화장비 생산판매업 | 기계설치 설치판매업 | 철근 결속기 생산판매업 | 포장 자동화기계 제조판매업 | 금속 및 비철금속 가공업 | 소프트웨어제품 개발,판매 및 공급업 | 서버 및 네트워크 구축 및 관리업 | 정보통신공사업",사업목적추가," 보유하고 있으며 더욱 발전된 특성의 제품을 개발 및 생산해서 판매할 수 있도록 준비하고 있습니다. (4) 신규사업 등의 내용 및 전망 당사는 2024년 10월16일 (주)영진하이텍을 인수하는 주식양수도계약을 체결하여 기존 RF FEM 중심에서 자동화장비사업으로 확장할 계획을 가지고 있습니다. 해당사업은 반도체, 휴대폰, 네트워",https://kind.krx.co.kr/external/2025/03/11/000383/20250311001223/00591.htm,True,2025H1reg,20250311000297
세림B&G,,코스닥,20250311,20250311000382,주주총회소집공고,True,True,True,True,4,로봇;신재생·에너지·전력;탄소·환경,친환경 생분해성 제품의 제조 및 판매업 | 종이봉투 판매업 | 로봇청소기 판매업 | 태양광 발전업,목적사업추가,"적 차원에서 협조가 이루어진다면 지속적으로 친환경 플라스틱 시장의 규모가 성장할 것으로 예상됩니다. (4) 신규사업 등의 내용 및 전망 ㄱ. 진공성형 산업 통계청이 발표한 '2021년 2월 온라인 쇼핑 동향'발표에 따르면 온라인 쇼핑 거래액은 총 13조 7,628억원으로 전년 동일 대비 15.2% 증가 했고, 외식 소비 감소와 ",https://kind.krx.co.kr/external/2025/03/11/000382/20250311001222/00591.htm,True,2025H1reg,20250311000295
산돌,,코스닥,20250311,20250311000327,주주총회소집공고,True,True,True,True,1,,광고업 및 광고대행업,사업분야 확장을 위한 사업목적 추가,"하는 비비트리를 인수하였고, 2024년 7월에는 AI기반 이미지 생성, 편집 기술을 자회사로 부터 인수하여 사업영역 확장에 박차를 가하고 있습니다. 폰트 제작 사업은 제작을 의뢰하는 고객사의 요청에 따라 당사가 기업 전용 폰트를 제작하여 해당 폰트의 저작권 및 이와 관련된 일체의 권리를 판매하는 사업입니다. 기업 전용 폰트는 제",https://kind.krx.co.kr/external/2025/03/11/000327/20250311001031/00591.htm,True,2025H1reg,20250311000242
넵튠,,코스닥,20250311,20250311000294,주주총회소집공고,False,True,True,True,1,,"국내외 자회사, 투자회사에 대한 출자, 관리, 운영 등을 통한 관련사업 (삭제)",영위하지 않는 사업의 삭제,,https://kind.krx.co.kr/external/2025/03/11/000294/20250311000947/00591.htm,True,2025H1reg,20250311000219
에코심플렉스,,코스닥,20250311,20250311000276,주주총회소집공고,True,True,True,True,4,클라우드·SW·빅데이터,소프트웨어 자문 및 개발 | 전자상거래 및 온라인 정보제공 | 인터넷프로그램 개발 및 판매 | 데이터베이스 개발 및 판매,사업목적 변경 (사업다각화를 위한 목적 추가),결정사항 - 제1호 의안 : 제28기 연결 및 별도 재무제표 승인의 건 - 제2호 의안 : 정관 개정의 건(사업목적) - 제3호 의안 : 이사 선임의 건 제3-1호 의안 : 송효순 사내이사 선임의 건 제3-2호 의안 : 김영민 사내이사 선임의 건 - 제4호 의안 : 이사 보수한도 승인의 건 - 제5호 의안 : 감사 보수한도 승인,https://kind.krx.co.kr/external/2025/03/11/000276/20250311000902/00591.htm,True,2025H1reg,20250311000207
경창산업,,코스닥,20250311,20250311000213,주주총회소집공고,True,True,True,True,1,부동산·임대·건설,부동산 임대업,부동산 임대업 추가,"차에 납품하며 수주에 따른 주문생산 방식으로 영업활동을 하기에 안정적인 판로를 유지할 수 있습니다. (4) 신규사업 등의 내용 및 전망 2013년 하반기부터 생산가동된 태양광 발전사업은 2014년 상반기 정상가동 되었으며, 2021년 6.6억, 2022년 10억, 2023년 8.6억, 2024년 8억 원의 매출이 발생되었고, 친",https://kind.krx.co.kr/external/2025/03/11/000213/20250311000728/00591.htm,True,2025H1reg,20250311000162
LS에코에너지,,유가증권,20250311,20250311000199,[정정]주주총회소집공고,True,True,True,True,1,신재생·에너지·전력,"해상풍력 및 에너지 관련 사업 투자 및 운영, 기술개발 사업",신규사업 추가,"잉여금처분계산서 포함) 및 연결재무제표 승인의 건 제2호 의안 : 정관 일부 변경의 건 제2-1호 의안 : 사업목적 추가의 건 (제2조) 제2-2호 의안 : 본점소재지 변경의 건 (제3조) 제2-3호 의안 : 사채 발행 한도 변경의 건 (제14조의2, 제15조) 제2-4호 의안 : 주주총회 소집지 변경의 건 (제20조) 제2-5",https://kind.krx.co.kr/external/2025/03/11/000199/20250311000693/00591.htm,True,2025H1reg,20250311000150
하츠,,코스닥,20250311,20250311000188,주주총회소집공고,True,True,True,True,1,신재생·에너지·전력,태양광발전업,에너지 경영시스템 도입,"및 이익잉여금처분계산서(안) 승인의 건 (현금배당: 주당 140원) 제2호 의안 : 정관 일부 변경의 건 (사업목적 추가) 제3호 의안 : 이사 보수한도 승인의 건 제4호 의안 : 감사 보수한도 승인의 건 4. 전자투표에 관한 사항 우리회사는「상법」제368조의4에 따른 전자투표제도를 정기주주총회에서 활용하고있으며, 이 제도의 관",https://kind.krx.co.kr/external/2025/03/11/000188/20250311000656/00591.htm,True,2025H1reg,20250311000142
신신제약,,코스닥,20250311,20250311000141,주주총회소집공고,True,True,True,True,2,바이오·헬스케어;식품·농업·외식,"식품, 건강기능식품, 식품 첨가물 제조 및 판매업 | 상품 중개 및 판매대행업27. 위 각호에 관련된 부대사업 및 투자",- 사업목적 확장 - 사업영역 확장 - 조항조정,"인은 특별한 것은 없으나, 활동량이 적은 동절기가 하절기보다 상대적으로 매출 비중이 작은 편입니다. (4) 신규사업 등의 내용 및 전망 해당사항 없습니다. (5) 조직도 조직도 2. 주주총회 목적사항별 기재사항 □ 재무제표의 승인 가. 해당 사업연도의 영업상황의 개요 Ⅲ.경영참고사항의 1. 사업의 개요를 참조하시기 바랍니다. 나",https://kind.krx.co.kr/external/2025/03/11/000141/20250311000476/00591.htm,True,2025H1reg,20250311000091
파이버프로,,코스닥,20250311,20250311000125,주주총회소집공고,True,True,True,True,2,,"광센서, 전자 감지장치, 전기, 전자, 정보통신 기술 개발, 제조 및 판매업 | 항법 및 항행 관련 각종 부품, 제품, 시스템 개발, 제조 및 판매업",현재 영위 중인 항법·항행관련 사업목적 표현 정비(변경) 및 내용 명확화," (*현금배당 예정내용 : 보통주 1주당 66원) 제2호 의안 : 정관 일부 변경의 건 제2-1호 의안 : 사업목적 표현 정비(변경)의 건(제2조) 제2-2호 의안 : 이사의 수 확대 및 보궐선임된 이사의 임기에 관한 내용 반영의 건(제33조, 제35조) 제2-3호 의안 : 전자투표제도 도입('25.2.24.)에 따른 감사 선임",https://kind.krx.co.kr/external/2025/03/11/000125/20250311000401/00591.htm,True,2025H1reg,20250311000066
와이씨,,코스닥,20250311,20250311000109,주주총회소집공고,False,True,True,True,1,,창업기업 등 사업관련 투자관리 및 운영 사업,사업목적 추가,,https://kind.krx.co.kr/external/2025/03/11/000109/20250311000338/00591.htm,True,2025H1reg,20250311000055
유진테크놀로지,,코스닥,20250311,20250310001471,주주총회소집공고,True,True,True,True,7,,"자회사의 주식 또는 지분을 취득, 소유함으로써 자회사의 제반 사업내용을 지배, 경영지도, 정리, 육성하는 지주사업 | 자회사 등(자회사 및 손자회사를 말함)에 대한 자금 및 업무 지원 사업 | 기술 및 산업재산권(특허, 실용신안, 디자인, 상표 등)의 개발, 취득, 관리, 사용, 양도, 임대 및 라이선스 사업 제17조 [주주명부의 폐쇄 및 기준일] | 당 회사는 매년 1월 1일부터 1월 31일까지 1개월간 주주의 권리에 관한 주주명부의 기재변경을 정지한다 | 당회사는 매년 12월 31일 최종의 주주명부에 기재되어 있는 주주를 그 결산기에 관한 정기주주총회에서 권리를 행사할 주주로 한다 | 당회사는 임시주주총회의 소집 및 기타 필요한 경우 이사회의 결의로 3개월을 경과하지 아니하는 일정한 기간을 정하여 권리에 관한 주주명부의 기재변경을 정지하거나 이사회의 결의로 정한날에 주주명부에 기재되어 있는 주주를 그 권리를 행사할 주주로 할 수 있으며, 이사회가 필요하다고 인정하는 경우에는 주주명부의 기재변경정지와 기준일의 지정을 함께 할 수 있다. 이 | 제1항의 배당은 매결산기말 현재의 주주명부에 기재된 주주 또는 등록된 질권자에게 지급한다",제2조 [목적] 해외 법인으로 기술이전에 대한 로열티 청구를 목적으로 하기 위함입니다. 제17조 [주주명부의 폐쇄 및 기준일] 주주명부의 폐쇄 기준일을 지정하기 위함입니다. 제57조 [이익배당] 배당 기준일들 지정하기 위함입니다.,"전지 산업 케즘으로 성장 둔화를 보였지만 중장기적으로는 성장 할 수 밖에 없는 시장으로 예상됩니다. (4) 신규사업 등의 내용 및 전망 2024년 4월, 당사는 화성 테크캠퍼스를 설립하고, 이를 기반으로 자동화 설비 분야의 신규사업을 본격적으로 추진하고 있습니다. 이번 신규사업은 당사의 기존 정밀 금형 제작 기술과 경험을 바탕으",https://kind.krx.co.kr/external/2025/03/10/001471/20250310003405/00591.htm,True,2025H1reg,20250310001015
콜마비앤에이치,,코스닥,20250310,20250310001377,주주총회소집공고,True,True,True,True,2,식품·농업·외식,"기술조사 연구 및 기술개발연구의 용역과 기술의 제공 | 시설작물 재배업, 농작물 재배 및 도소매 판매업 및 농수산물 판매업",8. 사업목적 추가에 따른 문구 수정 매출 확대에 따른 업종 추가,바탕으로 타사 대비 우수한 품질의 화장품을 ODM방식으로 생산하여 유통전문업체에 판매하고 있습니다. (4) 신규사업 등의 내용 및 전망 - 해당사항 없습니다. (5) 조직도 콜마비앤에이치 24년 12월 말 조직도 2. 주주총회 목적사항별 기재사항 □ 재무제표의 승인 제1호 의안 : 제11기 재무제표(이익잉여금처분계산서 포함) 및,https://kind.krx.co.kr/external/2025/03/10/001377/20250310003247/00591.htm,True,2025H1reg,20250310000971
지투파워,,코스닥,20250310,20250310001345,주주총회소집공고,True,True,True,True,2,,사무지원 및 운영관리 서비스업 | 경영자문 및 컨설팅업,자회사 및 관계사에 대한 용역서비스 제공,포함) 및 연결재무제표 승인의 건 제 2호 의안 : 정관 일부 변경의 건 제2-1호 의안 : 제2조(목적) 목적사업 추가 제2-2호 의안 : 제57조의 2 (중간배당) 중간배당 신설 제2-3호 의안 : 부칙(2025. 03. 26) 제3호 의안 : 이사 보수한도 승인의 건 제4호 의안 : 감사 보수한도 승인의 건 4. 주주총회 ,https://kind.krx.co.kr/external/2025/03/10/001345/20250310003186/00591.htm,True,2025H1reg,20250310000954
한진,,유가증권,20250310,20250310001313,주주총회소집공고,True,True,True,True,2,,기계설비공사업 | 자동판매기운영업,사업 확대를 위한 관련 면허 취득 및 신규 사업 추진,9기 재무제표 및 연결재무제표 승인의 건 ○ 제2호 의안 : 정관 일부 변경의 건 - 제 2-1호 의안 : 사업목적 추가 - 제 2-2호 의안 : 감사위원회 관련 규정 추가 - 제 2-3호 의안 : 부칙 (2025.03.25.) ○ 제3호 의안 : 이사 선임의 건 - 제 3-1호 의안 : 사내이사 서민석 - 제 3-2호 의안 :,https://kind.krx.co.kr/external/2025/03/10/001313/20250310003136/00591.htm,True,2025H1reg,20250310000933
이노스페이스,,코스닥,20250310,20250310001138,주주총회소집공고,False,True,True,True,5,클라우드·SW·빅데이터;우주항공;부동산·임대·건설,"위성체 및 동 부분품에 대한 개발,제조,판매,서비스업 | 적층제조를 활용한 부품제조업 | 발사체, 항공기, 우주비행체와 관련 전기,전자, 엔진, 기계류 및 소재류 (복합재료, 유/무기재료, 금속제품 등)의 제조, 가공, 조립, 재생, 개조, 정비, 판매 및 서비스업 | 응용 및 시스템 소프트웨어 개발, 판매 및 공급업 | 부동산업",□ 향후 영위할 사업 목적 추가,,https://kind.krx.co.kr/external/2025/03/10/001138/20250310002779/00591.htm,True,2025H1reg,20250310000820
KTis,,유가증권,20250310,20250310001104,주주총회소집공고,False,True,True,True,1,,기타 위와 관련된 부대 사업 과 회사의 사업목적 달성을 위하여 필요한 업무,의미 명확화,,https://kind.krx.co.kr/external/2025/03/10/001104/20250310002693/00591.htm,True,2025H1reg,20250310000799
CSA 코스믹,,코스닥,20250310,20250310001059,주주총회소집공고,True,True,True,True,1,바이오·헬스케어,의료기기 제조 및 판매,사업목적 추가,승인의 건 - 제 2호 의안 : 이사보수 한도승인의 건(사외이사 포함) - 제 3호 의안 : 정관변경의 건(사업목적 추가) 4. 실질주주의 의결권 행사에 관한 사항 예탁결제원의 의결권 행사(섀도우보팅) 제도가 2018년 1월 1일부터 폐지됨에 따라 한국예탁결제원이 주주님들의 의결권을 행사할 수 없습니다. 따라서 주주님께서는 한국,https://kind.krx.co.kr/external/2025/03/10/001059/20250310002618/00591.htm,True,2025H1reg,20250310000774
옴니시스템,,코스닥,20250310,20250310001055,주주총회소집공고,True,True,True,True,11,클라우드·SW·빅데이터;2차전지·배터리;신재생·에너지·전력;모빌리티·전기차·자율주행,"정보통신공사업 | 전기자동차 충전기 관련 제품의 개발ㆍ제조 ㆍ 판매 ㆍ 유통 및 유지관리 서비스업 | 전기자동차 충전기 및 충전인프라 사업 | 전기자동차 충전소기 및 충전시스템 설치시공, 관련장비의 제조 및 판매 | 전기자동차 충전기 운영 및 관리 위탁 서비스업 | 전력거래사업자 | 발전설비, 변압기, 변전설비, 전력시스템의 제조 ㆍ 시공 ㆍ 판매 ㆍ 운영 ㆍ 수리업 | 에너지저장장치 조립 ㆍ 개발 ㆍ 판매 ㆍ 유통 ㆍ 유지관리 서비스업 | 무선통신기기 및 시스템의 개발 ㆍ 제조 ㆍ 판매 ㆍ 유통 ㆍ 유지관리 서비스업 | 원격자동검침 시스템의 개발 ㆍ 제조 ㆍ 판매 ㆍ 유통 ㆍ 유지관리 서비스업 | 지능형 전력량계, 지능형 계량시스템, 지능형원격검침용 모뎀, 데이터 처리장치 검침 시스템 등의 개발 ㆍ 판매 ㆍ 유통 및 유지관리 서비스업",신규사업 추진에 따른 사업목적 추가 및 기존영위사업에 대한 정관상 사업목적범위 명문화 전기차충전기 (36.~40.) 변압기등 (41.) ESS O&M (42.) SWM(43.~44.) EMS(45.), 재무제표(이익잉여금처분계산서 포함) 및  연결재무제표 승인의 건 ㆍ제2호 의안 : 정 관일부 변경의 건 (사업목적 추가) ㆍ제3호 의안 : 사내이사 전성열 선임의 건 ㆍ제4호 의안 : 이사 보수한도 승인의 건 ㆍ제5호 의안 : 감사 보수한도 승인의 건 4. 경영참고사항 비치 상법 제542조의4에 의거 경영참고사항을 우리회사의 ,https://kind.krx.co.kr/external/2025/03/10/001055/20250310002612/00591.htm,True,2025H1reg,20250310000771
세종텔레콤,,코스닥,20250310,20250310000981,주주총회소집공고,True,True,True,True,1,,구조물해체.비계공사업,*사업목적 추가 및 연번 변경,"업에서 경쟁력을 확보하며, 지속적인 해외 시장 확장을 추진하고 있습니다. (2) 통신부문 (산업의 특성) 통신사업은 유선전화, 무선전화, 전용회선, 인터넷서비스, 인터넷데이터센터, 플랫폼 서비스 등 다양한 서비스 영역을 포함하고 있으며, 국가 기간산업으로서 공공재적 성격을 지니고 있어 정부의 규제 강도가 높은 편입니다. 이로 ",https://kind.krx.co.kr/external/2025/03/10/000981/20250310002496/00591.htm,True,2025H1reg,20250310000732
스페코,,코스닥,20250310,20250310000948,[정정]주주총회소집공고,True,True,True,True,1,,통신판매업,- 목적사업 추가,     별도 및 연결재무제표 승인의 건 ② 제 2호 의안 : 정관 일부 변경의 건 - 제2-1호 의안 : 목적사업 정비의 건 - 제2-2호 의안 : 공고방법 정비의 건 ③ 제 3호 의안 : 이사 선임의 건 - 제3-1호 의안 : 사내이사 선임의 건(후보 : 이  열) ④ 제 4호 의안 : 이사보수한도액 승인의 건 ⑤ 제 5호 ,https://kind.krx.co.kr/external/2025/03/10/000948/20250310002435/00591.htm,True,2025H1reg,20250310000714
진영,,코스닥,20250310,20250310000947,주주총회소집공고,True,True,True,True,3,신재생·에너지·전력,"도료, 안료의 제조 및 판매업 | 국내 및 해외 태양광 발전소 개발, 매매, 설계, 공사, 임대, 조달, 공사 및 운영업 | 신재생에너지 관련분야의 제조설비, 설계, 제작설치, 시공, 판매업",사업목적 추가,". 필름 제조 역량과 함께 선도적인 디자인 개발 역량, 표면 처리 기술 확보, 다양한 기능성 등이 요구되는 사업 영역입니다. (2) 시장점유율 당사는 다양한 소재에 기능성이 추가된 제품을 개발하고, 시장에 진출하고자 노력하고 있습니다. (3) 시장의 특성 다양한 분야의 전방산업의 경기 동향에 영향을 받습니다. (4) 경쟁요소 산업",https://kind.krx.co.kr/external/2025/03/10/000947/20250310002433/00591.htm,True,2025H1reg,20250310000713
알톤,,코스닥,20250310,20250310000937,주주총회소집공고,True,True,True,True,1,부동산·임대·건설,"부동산 매매, 임대ㆍ전대 및 관리업",사업목적 추가,"거 도로건설이 계획되고 있어 자전거 수요가 관련 지역을 중심으로 전국적으로 확대될 것이 예상됩니다. (4) 신규사업 등의 내용 및 전망 - 해당사항 없습니다. (5-1) 판매 조직도 판매 조직도 (5-2) 판매 경로 내수판매의 경우 대리점, 온라인, 특판 및 OEM판매 등의 경로로 진행되며 해외수출의경우 일본, 아시아, 미주, ",https://kind.krx.co.kr/external/2025/03/10/000937/20250310002403/00591.htm,True,2025H1reg,20250310000702
비투엔,,코스닥,20250310,20250310000931,주주총회소집공고,False,True,True,True,2,,"정보통신업 | 전자, 전기, 통신, 정보통신, 광학, 광학, 조명, 디스플레이와 기타 기계기구 및 관련 부품, 소자, 소재의 제조, 가공, 조립, 개량 및 판매업",사업목적 정비,,https://kind.krx.co.kr/external/2025/03/10/000931/20250310002368/00591.htm,True,2025H1reg,20250310000695
유유제약,,유가증권,20250310,20250310000708,주주총회소집공고,False,True,True,True,1,바이오·헬스케어;식품·농업·외식,"동물의약품 등(동물의약외품, 의약외품, 건강기능식품 등)의 제조,판매업",사업목적 추가,,https://kind.krx.co.kr/external/2025/03/10/000708/20250310001950/00591.htm,True,2025H1reg,20250310000551
제일연마,,유가증권,20250310,20250310000688,주주총회소집공고,True,True,True,True,8,부동산·임대·건설,연마지석 제조 및 도소매업 | 다이 아 몬드 공구 제조 및 도소매업 | 부동산임대업 | 용접방화포 제조 및 도소매업 | 소방용담요 제조 및 도소매업 | 화재진압용품 제조 및 도소매업 | 안전용품 제조 및 도소매업 | 통신판매업,사업 목적 추가 및 자구 수정," US$2,100,000을 출자 하였습니다. ② 금성연마공업(주) : 2009년 하반기 경영권 취득을 통한 사업다각화 및 역량강화를 위하여 당사와 같은 업종을 영위하는 경기도 안산에 위치한 금성연마공업(주)의 지분 100%를 인수하게 되었습니다. 한편, 2016년 상반기 중 자본감소 결의에 따라 47,000주를 1주당 70,000",https://kind.krx.co.kr/external/2025/03/10/000688/20250310001912/00591.htm,True,2025H1reg,20250310000535
케어젠,,코스닥,20250310,20250310000664,주주총회소집공고,True,True,True,True,2,,각종 기술이전 사업 | 기타 각항에 부대하는 사업 및 투자 일체,각종 펩타이드 관련 기술이전 사업 추진,"s, 코스메틱과 메디컬) 제품, 그리고 성장인자와 펩타이드 등의 원료를 생산하여 판매하고 있으며, 최근에는 사업영역을 확장하여 건강기능식품 제품을 생산하여 판매하고 있습니다. 2024년 당사는 연결 기준 매출액 826억 원, 영업이익 363억 원, 당기순이익 337억 원을 달성하였습니다. 기존 주력 분야인 글로벌 메디컬 에스테틱",https://kind.krx.co.kr/external/2025/03/10/000664/20250310001858/00591.htm,True,2025H1reg,20250310000514
나이스정보통신,,코스닥,20250310,20250310000626,주주총회소집공고,True,True,True,True,1,,특수한 유형의 부가통신사업,- 주무관청의 보완 요청사항 반영,"상승에 따라 급성장했으며, 최근에는 생체인증 기반의 신결제 서비스 등장과 정부의 금융 디지털화 정책 덕분에 사업 영역이 확장되고 있습니다. 주요 품목 및 그 용도는 아래와 같습니다. 사업부문 주요품목 구체적용도 VAN부문 결제단말기 일반/프린터형 신용카드조회 VAN, TRS 신용카드승인중계시스템/내국세환급대행 [PG] PG 산업은",https://kind.krx.co.kr/external/2025/03/10/000626/20250310001742/00591.htm,True,2025H1reg,20250310000480
씨이랩,,코스닥,20250310,20250310000567,주주총회소집공고,True,True,True,True,4,AI(인공지능);데이터센터;바이오·헬스케어,"AI데이터센터 임대 및 운영업 | 첨단 연산기술(고성능 컴퓨팅 등) 및 정보보안 솔루션의 연구개발, 제조, 판매, 임대, 유지보수, 수출입 및 서비스업 | 디지털 헬스케어 및 의료기기의 연구개발, 제조, 판매, 임대, 유지보수, 수출입 및 서비스업 | 지식재산권(특허, 실용신안, 저작권 등)의 취득·관리·양도·라이선싱 및 관련 컨설팅업",사업목적추가,기술을 지속적으로 발전시키고 각 산업에 차별화된 솔루션을 제공하여 시장 경쟁력을 확보할 계획입니다. (4) 신규사업 등의 내용 및 전망 당사는 작성 기준일 현재 AI 영상분석 소프트웨어를 키오스크 등에 탑재한 온디바이스(On-Device) AI 제품 출시 계획을 갖고 있습니다. 기존 AI 영상분석 솔루션이 클라우드 기반으로 운영,https://kind.krx.co.kr/external/2025/03/10/000567/20250310001652/00591.htm,True,2025H1reg,20250310000447
에프엔에스테크,,코스닥,20250310,20250310000477,주주총회소집공고,True,True,True,True,2,,"자동화 설비 및 동 부분품의 제조, 판매 , 서비스업 | 특수목적용 기계장치 제조업 및 서비스업",당 회사의 사업목적을 추가하고자 변경함,"금배당 : 보통주 1주당 200원, 배당액 1,547,875,400원 제2호 의안 : 정관 일부 변경의 건(사업목적 추가) 제3호 의안 : 사내이사 한경희 선임의 건 제4호 의안 : 이사 보수한도 승인의 건 제5호 의안 : 감사 보수한도 승인의 건 4. 배당내역 : 보통주 1주당 예정배당금 200원(배당액 1,547,875,40",https://kind.krx.co.kr/external/2025/03/10/000477/20250310001434/00591.htm,True,2025H1reg,20250310000406
필옵틱스,,코스닥,20250310,20250310000360,주주총회소집공고,True,True,True,True,2,부동산·임대·건설,부동산 개발 및 임대업 | 주차장 운영업,협력업체 사업장 임대 및 관련 분양 등을 위한 사업목적추가," 있는 노칭(Notching) 슬리팅(Slitting) 일체형 장비를 개발하여 제품 포트폴리오를 다변화하고 사업 영역을 다각화하고 있습니다. 2) 시장의 특성 디스플레이 산업은 대규모 설비 투자가 필수적인 기술 집약적 산업으로, 생산까지 일정한 시차가 존재하는 공급 측면의 특성을 지니고 있습니다. 이에 따라 시장은 일반적으로 30",https://kind.krx.co.kr/external/2025/03/10/000360/20250310001146/00591.htm,True,2025H1reg,20250310000332
가온전선,,유가증권,20250310,20250310000324,[정정]주주총회소집공고,True,True,True,True,2,신재생·에너지·전력,태양광발전업 | 해상풍력 및 에너지 관련 사업 투자 및 운영 기술개발 사업,태양광발전업 업종추가 / 해상풍력 유관사업 사업목적 추가,수권부사채 발행한도 개정 - 제2-6호 의안 : 이사의 임기 개정 - 제2-7호 의안 : 해상풍력 유관사업 사업목적 추가 제3호 의안 : 이사 선임의 건 제4호 의안 : 이사 보수한도 승인의 건 Ⅲ. 경영참고사항 2. 주주총회 목적별기재사항 □정관의 변경 나. 그외의 정관변경에 관한 건 주주총회 목적사항별 기재사항 추가 주1) ,https://kind.krx.co.kr/external/2025/03/10/000324/20250310001069/00591.htm,True,2025H1reg,20250310000300
깨끗한나라,,유가증권,20250310,20250310000321,주주총회소집공고,True,True,True,True,4,바이오·헬스케어;반려동물(펫);식품·농업·외식,"디자인업 | 식품유통 도,소매 및 수출입업 | 폐플라스틱 열분해유 생산 및 판매업 | 펫 건강기능식품 제조 유통 판매업",사업다각화를위한 사업목적추가,"적용을 받고 있으며, 물티슈는 화장품법, 화장지와 기저귀는 위생용품 관리법의 적용을 받고 있습니다. (4) 신규사업 등의 내용 및 전망 친환경 자원순환생태계를 구축하기 위하여 본사업 외에 신사업의 영역을 확대하고 있습니다. 최근에는 매립되거나 소각되어지는 폐플라스틱과 비닐 등을 물리적·화학적인 재처리 공정을 통해 재생소재 및 제",https://kind.krx.co.kr/external/2025/03/10/000321/20250310001063/00591.htm,True,2025H1reg,20250310000297
한빛레이저,,코스닥,20250310,20250310000317,주주총회소집공고,True,True,True,True,1,,기계설비공사업,고객사 기계설비설치 공사를 위한 영위사업 명확화,"4. 12. 31) 재무제표 및 연결재무제표 승인의 건 ㅇ 제2호 의안 : 정관 일부 변경의 승인의 건 ( 사업목적추가, 코스닥상장법인 표준정관으로 개정, 오기의 정정) ㅇ 제3호 의안 : 이사 보수한도 승인의 건 ㅇ 제4호 의안 : 감사 보수한도 승인의 건 4. 실질주주의 의결권 행사에 관한 사항 당사의 이번 주주총회에서는 한",https://kind.krx.co.kr/external/2025/03/10/000317/20250310001041/00591.htm,True,2025H1reg,20250310000291
슈프리마,,코스닥,20250310,20250310000221,주주총회소집공고,True,True,True,True,3,클라우드·SW·빅데이터,"방범·방재 및 설비기기 등의 제조, 판매, 서비스업 | 기타 전자, 전기장비 제조업 | 소프트웨어 개발 및 공급업",영세율 적용절차 간소화 목적,"센스 산업의 특성, 얼굴 및 지문인식 시스템은 완제품 및 응용소프트웨어 유통산업의 특성을 따릅니다. (4) 신규사업 등의 내용 및 전망 2025년 2월 20일자로 (주)슈프리마에이아이 법인이 (주)슈프리마에 업무 시너지 극대화를 목적으로 소규모합병되었으며, 이를 통해 인공지능(AI) 솔루션을 더욱 다양한제품과 버티컬에 적용할 계",https://kind.krx.co.kr/external/2025/03/10/000221/20250310000759/00591.htm,True,2025H1reg,20250310000200
한라IMS,,코스닥,20250310,20250310000212,주주총회소집공고,True,True,True,True,1,,항만하역 사업/수상화물 취급업,사업 확장으로 인한 사업목적 추가, 증가 영향으로  지리적으로 가깝고 수리선박 시설이 잘 갖춰진 곳을 선택할 것으로 예상하고 있습니다. 4) 신규사업 등의 내용 및 전망 연료공급장치(Low flash-pont Fuel Supply System : 이후 LFSS 약칭)를 개발 본 사업은 갈수록 강화되는 해양환경규제인 IMO2030/2050 규제(탄소감축) 트랜드에,https://kind.krx.co.kr/external/2025/03/10/000212/20250310000725/00591.htm,True,2025H1reg,20250310000194
멕아이씨에스,,코스닥,20250310,20250310000082,[정정]주주총회소집공고,True,True,True,True,1,바이오·헬스케어,의료용품 및 기타의약 관련제품 제조업,기타제조매출 확보를 위한 사업확장 목적, : 이사보수 지급한도 승인의 건 제 3호 의안 : 감사보수 지급한도 승인의 건 제 4호 의안 : 정관 내 사업목적 추가 승인의 건 4. 실질주주의 의결권 행사에 관한 사항 금번 당사의 주주총회에는 「자본시장과 금융투자업에 관한 법률」 제314조 5항에 의거 한국예탁결제원이 주주님들의 의결권을 대리 행사할 수 없습니다. 따라서 ,https://kind.krx.co.kr/external/2025/03/10/000082/20250310000252/00591.htm,True,2025H1reg,20250310000063
삼영에스앤씨,,코스닥,20250307,20250307001347,주주총회소집공고,True,True,True,True,4,부동산·임대·건설,"전자, 전기, 기계기구 및 그 부속품의 제조, 판매 | 통신기계기구 및 그 부품의 제조, 판매 | 통신기계기구와 부품ㆍ제조용 기계설비 및 동 부품의 제작가공 및 판매 | 부동산 매매 및 임대업",신규사업 확장을 위한 조항 추가 및 미추진 사업목적 삭제,"센서 수요도 가파르게 상승하고 있습니다. 습도센서 글로벌 시장 규모_motorintelligence (나) 신규사업부문 (압력센서류) 압력센서는 자동차, 항공우주, 방위 및 의료등 다양한 분야에서 적용되고, 절대압력, 게이지 압력, 차압, 진공 등 다양향 유형이 존재합니다. 기존의 광법위한 사용 뿐만 아니라 산업 자동화 등의 증",https://kind.krx.co.kr/external/2025/03/07/001347/20250307003170/00591.htm,True,2025H1reg,20250307001122
넥사다이내믹스,,코스닥,20250307,20250307001320,[정정]주주총회소집공고,True,True,True,True,5,로봇;화장품·뷰티,산업용 로봇 제조업 | 광고 매체 판매업 | 온라인 광고대행업 | 화장품 도·소매업 | 화장품 제조·판매업,사업목적 추가,"의 건 제 4호 의안 : 정관 일부 변경의 건 1) 제 4-1호 의안 : 제1조 상호 변경, 제2조 사업의 목적 추가, 제4조 공고방법 변경의 건 2) 제 4-2호 의안 : 제5조 발행예정주식총수, 제8조 주권의 발행과 종류, 제15조 주주명부의 폐쇄 및 기준일 변경의 건 3) 제 4-3호 의안 : 제16조 전환사채의 발행, 제1",https://kind.krx.co.kr/external/2025/03/07/001320/20250307003102/00591.htm,True,2025H1reg,20250307001104
JYP Ent.,,코스닥,20250307,20250307001247,주주총회소집공고,False,True,True,True,6,,"전자 및 기록매체 출판물 제조업 | 사진촬영 및 처리업 | 디자인업 ( 산업디자인 포함 ) | 플라스틱제품 제조 ? 가공 및 판매업 | 기타 금속 가공제품 제조업 | 가발 , 장식용품 및 전시용 모형제조업",문구 정비 사업 목적 추가,,https://kind.krx.co.kr/external/2025/03/07/001247/20250307002972/00591.htm,True,2025H1reg,20250307001052
웹케시,,코스닥,20250307,20250307001206,주주총회소집공고,False,True,True,True,1,,정보통신공사업,사업 목적 추가,,https://kind.krx.co.kr/external/2025/03/07/001206/20250307002871/00591.htm,True,2025H1reg,20250307001027
위츠,,코스닥,20250307,20250307001202,[정정]주주총회소집공고,True,True,True,True,1,,"석유류 제품 판매, 보관 및 수출입업",사업목적 추가,"권 등 지적재산권의 라이센스업 11. 석유류 제품 판매, 보관 및 수출입업 12. 위 호에 관련된 부대사업 사업목적 추가 제 44조 (이사의 임기) 이사의 임기는 취임 후 3년 내의 최종 결산기에 관한 정기주주총회의 종결시까지로 한다. 제 44조 (이사의 임기) 이사의 임기는 취임 후 2년 내의 최종 결산기에 관한 정기주주총회의",https://kind.krx.co.kr/external/2025/03/07/001202/20250307002857/00591.htm,True,2025H1reg,20250307001021
고려신용정보,,코스닥,20250307,20250307001039,주주총회소집공고,True,True,True,True,1,,기업정보조회업,- 신규 사업 영역 확장에 따른 사업 목적 추가,") 및 부속서류를 징구 하고 의뢰인에게 전달하는 것입니다. (4) 대부업(행복드림금융대부 주식회사) 회사는 사업영역의 확대를 목적으로 2019년 6월 11일 자본금 30억원을 출자하여 종 속회사를 설립하였으며, 계속적인 영업활동을 위하여 2019년 9월 16일 20억원, 202 0년 5월 7일 30억원, 2021년 1월 13일 ",https://kind.krx.co.kr/external/2025/03/07/001039/20250307002544/00591.htm,True,2025H1reg,20250307000922
티앤엘,,코스닥,20250307,20250307001038,주주총회소집공고,True,True,True,True,7,바이오·헬스케어;신재생·에너지·전력;화장품·뷰티,의약품 제조 및 판매업 | 의료용 물질 제조 및 판매업 | 동물용 의약품 제조 및 판매업 | 동물용 의약외품 제조 및 판매업 | 동물용 의료용 제품 제조 및 판매업 | 동물용 화장품 제조 및 판매업 | 발전업,사업목적 추가,"등 창상피복재 안에 첨가하는 물질도 계속 다양해지져 기능성 화장품으로서의 역할도 증가하고 있습니다. (4) 신규사업 등의 내용 및 전망 (가) 마이크로니들 (경피약물전달시스템, TDS) 마이크로니들은 피부 장벽층인 각질층을 통과하여 피(血)내로 유효 성분을 전달하는 시스템입니다. 기존의 주사기의 효능과 패치의 편의성을 결합한 새",https://kind.krx.co.kr/external/2025/03/07/001038/20250307002541/00591.htm,True,2025H1reg,20250307000921
에어부산,,유가증권,20250307,20250307000989,주주총회소집공고,False,True,True,True,1,,사업 및 무형재산권 중개업,사업 목적 추가로 인한 순번 변경 / 신규 거래 발생에 따른 사업 목적 추가,,https://kind.krx.co.kr/external/2025/03/07/000989/20250307002435/00591.htm,True,2025H1reg,20250307000879
와이엠씨,,코스닥,20250307,20250307000926,주주총회소집공고,True,True,True,True,2,,전기ㆍ전자공학 연구 개발업 | 기타 공학 연구개발업,사업목적 추가,"ㆍ후방 연관효과가 큰 전략 산업이며, 선제투자를 통한 가격경쟁력 확보가 시장선점의 주요 요인입니다. (4) 신규사업 등의 내용 및 전망 - 해당사항이 없습니다. (5) 조직도 조직도 2. 주주총회 목적사항별 기재사항 □ 재무제표의 승인 가. 해당 사업연도의 영업상황의 개요 Ⅲ. 경영참고사항 중 ' (나) 회사의 현황' 참조 나.",https://kind.krx.co.kr/external/2025/03/07/000926/20250307002287/00591.htm,True,2025H1reg,20250307000834
KX,,코스닥,20250307,20250307000924,주주총회소집공고,True,True,True,True,6,식품·농업·외식,"양축사료의 제조, 판매업 | 사료 및 곡물등의 무역업 | 사료제조 및 판매업 | 농수산물, 축산물 도소매업 | 농수산물, 축산물 관계 기기 등의 수입판매 및 서비스업 | 수출입업",신규사업 관련 목적 추가,47-1255 (홈페이지)http:// www.kxgroup.co.kr 작 성  책 임 자 : (직  책) 신사업실장 (성  명) 하 승 진 (전  화) 02-2647-1255 주주총회 소집공고 (제25기 정기주주총회) 주식회사 케이엑스이노베이션은 상법 제363조와 정관 제24조에 의거 제25기 정기주주총회를 아래와 같이 개최,https://kind.krx.co.kr/external/2025/03/07/000924/20250307002285/00591.htm,True,2025H1reg,20250307000833
제이에스티나,,코스닥,20250307,20250307000923,주주총회소집공고,True,True,True,True,2,바이오·헬스케어;식품·농업·외식,"건강기능식품, 건강보조식품의 개발, 제조, 판매 및 수출입업 | 일반식품 제조, 판매 및 수출입업",- 사업다각화를 위한 사업목적 추가 - 조문번호 변경," 브랜드를 노출시키고 있으며, 신제품 런칭시에는 해당 제품위주로 광고 판촉활동을 전개하고 있습니다. (4) 신규사업 등의 내용 및 전망 당사는 금번 주주총회 안건 중 건강기능식품, 건강보조식품 판매 등의 사업목적 추가를 위한 정관 일부 변경의 건을 상정 하였으며, 해당 사업에 대한 구체적인 내용이나 계획은 아직 결정된 바가 없습",https://kind.krx.co.kr/external/2025/03/07/000923/20250307002284/00591.htm,True,2025H1reg,20250307000831
LS머트리얼즈,,코스닥,20250307,20250307000916,[정정]주주총회소집공고,True,True,True,True,1,신재생·에너지·전력,"해상풍력 및 에너지 관련 사업 투자 및 운영, 기술개발 사업",신규 사업 목적 추가," : 제4기 별도재무제표 및 연결재무제표 승인의 건 제 2호 의안 : 정관 일부 변경의 건 제 2-1호 : 사업 목적 변경의 건 (제2조) 제 2-2호 : 주식 발행 한도 변경의 건 (제11조) 제 2-3호 : 사채 발행 한도 변경의 건 (제19조, 제20조, 제20조의2) 제 2-4호 : 주주총회 소집지 변경의 건 (제25조) ",https://kind.krx.co.kr/external/2025/03/07/000916/20250307002277/00591.htm,True,2025H1reg,20250307000829
지니언스,,코스닥,20250307,20250307000881,주주총회소집공고,True,True,True,True,2,,보안 및 네트워크관제서비스업 | 컴퓨터시스템 통합자문 및 구축 서비스업,사업목적 추가,", 사물인터넷(IoT) 등 새로운 형태의 보안위협이 증가하며 이러한 양상이 변화하고 있습니다. 특히, 이동통신사업자와 상급종합병원, 정보통신 일평균 이용자수 100만명 이상인 기업들이 정보보호 공시 의무 대상으로 지정되어 정보보호에 대한 투자, 인력 등을 공개하도록 되어 있습니다. 이러한 조치는 국내 기업·기관의 정보보호 수준",https://kind.krx.co.kr/external/2025/03/07/000881/20250307002206/00591.htm,True,2025H1reg,20250307000796
츌립앤사이언스,,코스닥,20250307,20250307000839,주주총회소집공고,True,True,True,True,9,바이오·헬스케어;화장품·뷰티;식품·농업·외식,"현행유지 | 각종 기술이전 사업 | 임상시험, 의학 및 약학 연구개발 | 의약품 비임상 및 임상시험 분석 서비스 | 기술 용역 서비스 | 의약품 개발 및 도·소매, 수출입업 | 의료기기, 의약외품, 연구장비 등 개발 및 제조, 도·소매, 수출입업 | 건강기능식품 도·소매, 수출입업 | 화장품 도·소매, 수출입업",신규사업부문 목적 추가,니다. (3) 시장의 특성 '1. 사업의 개요'의 '가. 업계의 현황' 내용을 참조하시기 바랍니다. (4) 신규사업 등의 내용 및 전망 당사는 2024년 8월 23일 비임상 CRO분석 서비스를 주요 사업으로 하는 ㈜인터내셔널사이언티픽스탠다드(이하 ISS)를 흡수합병하여 사업영역을 확대하였습니다. 당사는 ISS가 쌓아온 바이오의약,https://kind.krx.co.kr/external/2025/03/07/000839/20250307002147/00591.htm,True,2025H1reg,20250307000764
롯데렌탈,,유가증권,20250307,20250307000631,주주총회소집공고,False,True,True,True,1,,화물자동차 운송주선업,산업재 플랫폼 운영을 위한 목적사업 추가,,https://kind.krx.co.kr/external/2025/03/07/000631/20250307001730/00591.htm,True,2025H1reg,20250307000588
동국제강,,유가증권,20250307,20250307000619,주주총회소집공고,False,True,True,True,1,,"유리섬유 강화 플라스틱 제품 제조, 가공 및 도소매업",신규사업 영위를 위한 사업목적 추가,,https://kind.krx.co.kr/external/2025/03/07/000619/20250307001705/00591.htm,True,2025H1reg,20250307000573
샤페론,,코스닥,20250307,20250307000616,주주총회소집공고,True,True,True,True,3,바이오·헬스케어;화장품·뷰티,"화장품의 제조, 판매 및 중개업 | 화장품 원료의 제조, 판매 및 중개업 | 동물용의약품 등 제조, 판매 및 중개업",사업 영역 확장,"안전성을 향상시킬 수 있는 이중항체는 약 200여건의 임상이 진행되는 매우 활발한 연구 분야입니다. (4) 신규사업 등의 내용 및 전망 1) NuSepin (COVID-19 폐렴치료제, 심폐 우회술 유발 호흡부전증) NuSepin은 유럽, 아시아 지역의 총 5개국 임상 결과를 토대로 3상 시험 또는 국내외 제약사로의 기술이전 후",https://kind.krx.co.kr/external/2025/03/07/000616/20250307001702/00591.htm,True,2025H1reg,20250307000569
케이엔솔,,코스닥,20250307,20250307000614,주주총회소집공고,True,True,True,True,1,,가스시설공사업,신규수주를 위한 가스시설공사업 면허 취득 및 정관 추가,"로 바이오 시밀러 업체들이 국내 바이오 산업을 주도하고 있습니다. 이후 관련 산업에 대한 대기업들의 투자와 신규사업 참여가 급증하고 있습니다. 또한 코로나19 시대 이후 백신, 의약품 등의 수요가 급증하여 국내에서도 바이오 산업의 성장성은 크게 주목받고 있습니다. 제약사는 의약품 생산을 CMO(Contract Manufactur",https://kind.krx.co.kr/external/2025/03/07/000614/20250307001700/00591.htm,True,2025H1reg,20250307000567
에이펙스인텍,,코넥스,20250307,20250307000523,주주총회소집공고,True,True,True,True,1,,교통신호장치 제조업,사업영역 확대,이익잉여금처분계산서(안) 승인의 건 (현금배당 : 1주당 30원) 제 2 호 의안 : 정관 일부 변경의 건(사업목적 추가) 제 3 호 의안 : 이사 선임(4명)의 건 제3-1호 의안 : 사내이사 김권진 선임의 건 (재선임) 제3-2호 의안 : 사내이사 김권철 선임의 건 (재선임) 제3-3호 의안 : 사내이사 신창호 선임의 건 (,https://kind.krx.co.kr/external/2025/03/07/000523/20250307001510/00591.htm,True,2025H1reg,20250307000449
광진실업,,코스닥,20250307,20250307000233,주주총회소집공고,True,True,True,True,2,신재생·에너지·전력,"태양광 발전사업 | 전기사업에 부대되는 일체사업 제4조【 공고방법 】 이 회사의 공고는 회사의 인터넷 홈페이지 (http://www.kjsteel.co.kr)에 게재한다. 다만, 전산장애 또는 그 밖의 부득이한 사유로 회사의 인터넷 홈페이지에 공고를 할 수 없을 때에는 부산광역시 내에서 발행하는 부산일보에 게재한다.",신규사업 진행을 위한 사업목적 추가 회사 공고방법 변경," 있습니다. 이를 통한 고부가가치제품인 특수형상 봉강 비중확대와 경쟁력 우위를 유지해 나갈것입니다. (3) 신규사업 등의 내용 및 전망 해당사항 없음. (4) 조직도 철강부문조직도 B. 모터스부문 (1) 영업개황 및 사업부문의 구분 당사는 대형이륜차의 업계 선두 브랜드인 할리데이비슨의 공식 대리점을 2곳 운영중에 있으며, 부울경",https://kind.krx.co.kr/external/2025/03/07/000233/20250307000738/00591.htm,True,2025H1reg,20250307000255
다스코,,유가증권,20250307,20250307000187,주주총회소집공고,True,True,True,True,1,,전문소방시설 공사업,전문소방시설 공사업 면허 취득을 위한 사업목적 추가,호 : 사내이사 김창태 선임의 건 4) 제4호 의안 : 정관 일부 변경의 건 -제2조(목적) 전문소방시설 공사업 추가의 건 4. 실질주주의 의결권 행사에 관한 사항 예탁결제원의 의결권 행사(섀도보팅)제도가 2018년 1월 1일부터 폐지됨에 따라 이후주주총회에서는 한국예탁결제원이 주주님들의 의결권을 행사할 수 없습니다. 따라서주주님,https://kind.krx.co.kr/external/2025/03/07/000187/20250307000611/00591.htm,True,2025H1reg,20250307000229
제일테크노스,,코스닥,20250307,20250307000060,주주총회소집공고,True,True,True,True,1,,"그래핀 생산 및 응용제품 제조, 판매업","신규사업 (연구개발, 판매)"," 선박 등에 사용되는 철판을 임가공하는 형태이므로  조선산업과 매우 밀접한 관련을 가지고 있습니다. (4) 신규사업 등의 내용 및 전망 - 해당사항없음 (5) 조직도 조직도 2. 주주총회 목적사항별 기재사항 □ 재무제표의 승인 가. 해당 사업연도의 영업상황의 개요 - 당사의 연결기준 총매출액 1,839억원, 영업이익 207억원,",https://kind.krx.co.kr/external/2025/03/07/000060/20250307000160/00591.htm,True,2025H1reg,20250307000052
우진엔텍,,코스닥,20250307,20250307000058,주주총회소집공고,True,True,True,True,2,부동산·임대·건설,철강구조물공사업 | 금속창호·지붕건축물조립공사업,사업 목적 추가 (2-1호 의안), 수행 실적이 없는 기업은 입찰에 참여할 수 없어 인력 수급과 공사실적 유지가 필수 경쟁요인입니다. (4) 신규사업 등의 내용 및 전망 당사의 핵심 원천기술인 계측 및 방사선 영상기술을 기반으로 발전분야 계측제어설비뿐만 아니라 다양한 분야 및 환경에 독립적이고 효과적으로 적용할 수 있는 국산화부품의 연구개발 및 성공적인 상용화를,https://kind.krx.co.kr/external/2025/03/07/000058/20250307000154/00591.htm,True,2025H1reg,20250307000043
나이스디앤비,,코스닥,20250306,20250306001314,주주총회소집공고,True,True,True,True,2,,ESG 평가 업무 | 데이터가치평가,금융감독원 신고 부수업무 사업목적 추가,"고 축적 되어 온 결과물로써, 사업의 핵심 경쟁력으로 작용하고 있습니다. 장기간 누적, 축적 되어온 DB를 신규사업자가 단기간에 구축할 수 있는 능력을 갖추기는 사실상 어렵습니다. 특히, 보유 기업정보의 코드체계를 마련하고 지속적으로 업데이트 하기 위한 정보 입수원을 개발하는 것은 단시간 내에 성과를 거두기가 불가능합니다. 따라",https://kind.krx.co.kr/external/2025/03/06/001314/20250306003047/00591.htm,True,2025H1reg,20250306000761
이수앱지스,,코스닥,20250306,20250306001127,주주총회소집공고,True,True,True,True,3,바이오·헬스케어;부동산·임대·건설;식품·농업·외식,"건강식품, 건강기능식품 및 기타 식품 제조, 판매 및 수출입업 | 부동산 매매, 임대 및 개발업 | 국내외 투자사업","[경영상의 선택] l 기존 사업이 의약품에 국한되어 있어 당사 수익사업에 대한 권리능력에 과도한 제한이 있어서, 목적사업을 추가",발은 일반 화학의약품 대비 60%의 기간과 15~20%의 비용이 소요되는 것으로 보고되고 있습니다. (4) 신규사업 등의 내용 및 전망 당사는 신고서 제출일 현재 추진 중인 바이오의약품 개발 사업 외에 새로운 분야의 사업으로 희귀 난치 의약품을 도입하여 판매하는 사업을 진행하고 있습니다. 당사의 첫 번째 도입 품목은 요소회로 대,https://kind.krx.co.kr/external/2025/03/06/001127/20250306002614/00591.htm,True,2025H1reg,20250306000645
코나아이,,코스닥,20250306,20250306001034,주주총회소집공고,True,True,True,True,1,,기타 전 각 호의 목적에 직접적 또는 간접적으로 관련된 일체의 사업활동 및 투자,- 신규사업 진출 및 사업다각화를 위한 목적사업 추가,"위한 운영 노하우, 결제 및 정산의 신뢰성을 담보할 재무건전성 등이 동시에 필요한 산업분야 입니다. 때문에 신규사업자의 진입장벽이 높은 시장으로 구분되며, 산업분야의 경쟁 형태는 명목상으로는 자유경쟁이나 실질적으로는 과점형태를 띠고 있습니다. 그러나, 구체적인 시장규모나 각 시장 참여자별 비중 등을 발표하는 공신력 있는 기관이 ",https://kind.krx.co.kr/external/2025/03/06/001034/20250306002372/00591.htm,True,2025H1reg,20250306000559
한양디지텍,,코스닥,20250306,20250306000854,[정정]주주총회소집공고,True,True,True,True,2,,"컴퓨터프로그래밍, 시스템 통합 및 관리업 | 자료 처리, 호스팅, 포털 및 기타 인터넷 정보 매개 서비스업",신규사업 창출,자공학 포스코 디지털혁신실 포스코홀딩스 미래기술연구원 이사회 - - 제4호 의안 : 정관 일부 변경의 건 (사업목적 추가) 제5호 의안 : 임원퇴직금 지급규정 일부 변경의 건 제6호 의안 : 이사 보수 한도 승인의 건 제7호 의안 : 감사 보수 한도 승인의 건 4. 전자투표에 관한 사항 우리회사는 「상법」 제368조의4에 따른 ,https://kind.krx.co.kr/external/2025/03/06/000854/20250306002070/00591.htm,True,2025H1reg,20250306000468
삼천리,,유가증권,20250306,20250306000809,주주총회소집공고,True,True,True,True,1,,연구개발업,연구용역과제 수행을 위한 사업목적 추가," 차지합니다. ○ 기   타 : CNG, 지역/공동주택열병합용 등이 있으며, 5.7%를 차지합니다. (4) 신규사업 등의 내용 및 전망 - (5) 조직도 삼천리 조직도 (6) 연결실체의 사업부문별 현황 구 분 사업의 내용 주요 품목 사업본부 도시가스 도시가스 소매 공급업 도시가스 ㈜삼천리 발전 발전업 전기 ㈜에스파워 자동차판매 ",https://kind.krx.co.kr/external/2025/03/06/000809/20250306001981/00591.htm,True,2025H1reg,20250306000438
교보증권,,유가증권,20250306,20250306000733,주주총회소집공고,False,True,True,True,1,,자본시장법상의 기업금융업무 가. 인수업무 나. 모집ㆍ사모ㆍ매출의 주선업무 다. 기업의 인수 및 합병의 중개ㆍ주선 또는 대리업무 라. 기업의 인수ㆍ합병에 관한 조언업무 마. 기관전용 사모집합투자기구의 결성·운용 등 업무집행사원 으로서의 업무,기관전용 사모집합 투자기구 운용 및 관리를 위하여 업무집행사원 등록 필요(자본시장법 제249조의15) 업무집행사원 등록을 위하여 정관 제2조 제1항제7호마목을 자본시장법 제7장 제2절(기관전용 사모 집합투자기구 등) (2021.4.20.개정)에 명시된 용어 준용,,https://kind.krx.co.kr/external/2025/03/06/000733/20250306001837/00591.htm,True,2025H1reg,20250306000401
핑거스토리,,코스닥,20250306,20250306000696,주주총회소집공고,False,True,True,True,13,바이오·헬스케어;부동산·임대·건설;화장품·뷰티;식품·농업·외식,"각종 화장품 도.소매업 | 각종 화장품 제조 및 판매 | 화장품 원부자재 도소매업 | 화장품 소재 및 첨가물 제조업 | 미용기기 도.소매업 | 의료기기 판매업 | 건강식품 제조, 판매 및 수출입업 | 건강기능식품 제조, 판매 및 수출입업 | 치약 및 비누 세정제 제조판매업 | 생활용품 및 제품 제조 판매업 | 계면활성제, 합성세제 제품의 제조, 유통, 판매, 수출입업 | 의약품, 원료의약품, 의약외품, 의료용구 등의 제조, 가공, 판매와 소분 매매 | 부동산 시행, 분양, 분양대행, 회원모집, 매매, 임대업",모회사와의 사업시너지 확대,,https://kind.krx.co.kr/external/2025/03/06/000696/20250306001770/00591.htm,True,2025H1reg,20250306000385
케이에스피,,코스닥,20250306,20250306000608,주주총회소집공고,True,True,True,True,1,,운수 및 창고업,ㆍ 신규사업 추진 및 검토,"양한 제품군을 생산할 수 있으며, 중량물에 대해서는 탁월한 기술 및 가격 경쟁력을 보유하고 있습니다. 4) 신규사업 등의 내용 및 전망 가) 엔진부품사업부 IMO2020 규제의 시행을 전후하여 이중연료 추진엔진 및 EGR, SCR, WHR을 탑재한 엔진 수요가 증대되고 있습니다. 보다 강화된 엔진사양에 발맞추어 MAN Energ",https://kind.krx.co.kr/external/2025/03/06/000608/20250306001567/00591.htm,True,2025H1reg,20250306000339
블루콤,,코스닥,20250306,20250306000569,주주총회소집공고,False,True,True,True,1,2차전지·배터리,2차전지 부품 및 소재 제조업,사업 다각화,,https://kind.krx.co.kr/external/2025/03/06/000569/20250306001490/00591.htm,True,2025H1reg,20250306000318
삼익THK,,유가증권,20250306,20250306000545,주주총회소집공고,False,True,True,True,1,신재생·에너지·전력,태양광 발전사업 및 전기생산 판매업,- 신규사업 추진을 위한 사업목적 추가,,https://kind.krx.co.kr/external/2025/03/06/000545/20250306001435/00591.htm,True,2025H1reg,20250306000305
페니트리움바이오,,코스닥,20250305,20250305000960,주주총회소집공고,False,True,True,True,1,바이오·헬스케어,"핵산이 포함된 마이크로 니들 패치 제품의 제조 및 판매 18 의약품, 의료기기 등 관련 연구 및 개발업",목적사업추가,,https://kind.krx.co.kr/external/2025/03/05/000960/20250305002548/00591.htm,True,2025H1reg,20250305000638
앱코,,코스닥,20250305,20250305000889,[정정]주주총회소집공고,True,True,True,True,10,,"비철금속 등 원자재 수입 | 제13조 (명의개서 대리인) | 회사는 주주명부 또는 그 복본을 명의개서대리인의 사무취급장소에 비치하고, 주식의 전자등록, 주주명부의 관리, 기타 주식에 관한 사무는 명의개서대리인으로 하여금 취급케 한다 | 제35조 (이사의 직무) 부사장, 전무, 상무 및 이사 는 대표이사를 보좌하고 이사회에서 정하는 바에 따라 이 회사의 업무를 분장 집행하며 대표이사의 유고시에는 이사회에서 정한 순서에 따라 그 직무를 대행한다. 제53조의2 (분기배당) | 제1항의 이사회 결의는 분기배당 기준일 이후 45일 내에 하여야 한다 | 분기배당 은 직전 결산기의 대차대조표상의 순자산액에서 다음 각호의 금액을 공제한 액을 한도로 한다 | 분기배당 에 따라 당해 결산기에 적립하여야 할 이익준비금 | 직전결산기까지 정관의 규정 또는 주주총회의 결의에 의하여 특정목적을 위해 적립한 임의준비금 제54조 (배당금지급청구권의 소멸시효) | 배당금의 지급청구권은 5년간 이를 행사하지 아니하면 소멸시효가 완성한다 | 제1항의 시효의 완성으로 인한 배당금은 회사에 귀속한다. 제55조 (내부규정)",사업다각화를 위한 사업목적추가 주식사채등의 전자등록에관한 법률 시행령개정에 따른내용 자구수정 조문정비 자구수정 배당금지급청구권 소멸시효 조항 신설 조항신설에 따른 자구수정 시행일 추가,"우드 서버 등으로 운영을 하고 있지만 조만간 AI 서버의 도입이 이루어질 것으로 파악하고 있습니다. (4) 신규사업 등의 내용 및 전망 - 해당사항 없습니다 (5) 조직도 조직도 2. 주주총회 목적사항별 기재사항 □ 재무제표의 승인 가. 해당 사업연도의 영업상황의 개요 Ⅲ. 경영참고사항, 1. 사업의 개요, 나. 회사의 현황 을",https://kind.krx.co.kr/external/2025/03/05/000889/20250305002360/00591.htm,True,2025H1reg,20250305000587
율촌,,코스닥,20250305,20250305000864,[정정]주주총회소집공고,True,True,True,True,1,신재생·에너지·전력,태양광 발전 및 전기 판매업,신규사업을 위한 목적 추가 코스닥상장법인 표준정관반영,"4. 01. 01 ~ 2024. 12. 31) 재무제표 승인의 건 제2호 의안 : 정관 일부 변경의 건 ① 신규사업을 위한 목적추가 ② 상법 제341조, 462조에 의거, 재무제표 승인 및 배당결정을 이사회 결의로하여 자기주식취득 및 이익배당결정을 이사회가 결의할 수 있도록 변경 ③ 코스닥상장법인 표준정관 반영 ④ 정관 문구정비",https://kind.krx.co.kr/external/2025/03/05/000864/20250305002311/00591.htm,True,2025H1reg,20250305000572
일진다이아,,유가증권,20250305,20250305000818,주주총회소집공고,False,True,True,True,1,2차전지·배터리,이차 전지 소재의 제조 및 판매업,음극재 관련 소재 산업 신규사업 추진을 위한 목적사업 정비,,https://kind.krx.co.kr/external/2025/03/05/000818/20250305002190/00591.htm,True,2025H1reg,20250305000543
대한방직,,유가증권,20250305,20250305000802,주주총회소집공고,True,True,True,True,2,,섬유공학 연구개발업 | 섬유류 디자인업,사업 목적 추가 및 조문 번호 변경,"제표 기준 내수 42.88%, 수출 57.12% 를 나타내고 있습니다. (분양 및 임대수입금 제외) (4) 신규사업 등의 내용 및 전망 -. 해당사항없음 (5) 조직도 대한방직 조직도(2024.12.31) 2. 주주총회 목적사항별 기재사항 □ 재무제표의 승인 (제1호 의안) 제72기 재무제표( 이익잉여금 처분계산서 (안)포함) ",https://kind.krx.co.kr/external/2025/03/05/000802/20250305002137/00591.htm,True,2025H1reg,20250305000529
HLB테라퓨틱스,,코스닥,20250305,20250305000711,주주총회소집공고,True,True,True,True,8,클라우드·SW·빅데이터,"응용 소프트웨어 개발 및 공급업 | 컴퓨터 프로그래밍 서비스업 | 자료 처리, 호스팅 및 관련 서비스업 | 화물 운송업 | 화물 중개 및 대행업 | 물류 보관 창고업 | 물류컨설팅 및 물류관련 서비스업 | 도급업",- 사업의 확장 계획에 따른 사업목적 추가,제표 (이익잉여금처분계산서(안) 포함) 승인의 건 제2호 의안 : 정관 일부 변경의 건 제2-1호 의안 : 사업목적 추가의 건 제2-2호 의안 : 발행예정 주식의 총수 변경의 건 제2-3호 의안 : 주주총회 소집지 변경의 건 제2-4호 의안 : 이사의직무 조항 내 호칭 변경의 건 (사장 → 대표이사) 제3호 의안 : 이사보수 한,https://kind.krx.co.kr/external/2025/03/05/000711/20250305001939/00591.htm,True,2025H1reg,20250305000468
MH에탄올,,유가증권,20250305,20250305000624,주주총회소집공고,True,True,True,True,3,바이오·헬스케어;신재생·에너지·전력,"바이오 발전사업 및 전기판매업 제 43 조의 2 (분기배당) | 이 회사는 사업년도 개시일로부터 3월,6월 및 9월 말일부터 45일 이내의 이사회 결의로써 금전으로 자본시장법 제165조의12에 의한 분기배당을 할 수 있다 | 이 회사는 이사회 결의로써 제1항의 배당을 받을 주주를 확정하기 위한 기준일을 정할 수 있으며, 기준일을 정한 경우 그 기준일의2주 전에 이를 공고하여야 한다. ※ 이사회에서 중간배당기준일을 정하는 경우 주주의 배당예측가능성 제고를 위하여 중간배당을 결정하는 이사회일 이후의 날로 정할수 있음. ※ 중간배당기준일은 중간배당을 결정하는 이사회 결의 시마다 정하",목적사업 추가 - 주주의 배당예측가능성 제고를 위하여분기배당 기준일을 배당결정일 이후의날로 정할 수 있도록 개정된 자본시장법제165조의12(2025.1.21.시행)에 맞추어 문구를 수정. - 분기배당을 결정하는 이사회 결의 시 배당기준일을 정하는 경우를 상정하여 그 절,"해양투기가 금지된 현재 음폐수처리부문은 당사매출에 안정적으로 기여할 것으     로 전망되고 있음. (4) 신규사업 등의 내용 및 전망 1. 그 사업 분야(업종, 제품 및 서비스의 내용 등) 및 진출 목적 - 바이오 발전사업이란 당사에서 신재생 에너지사업의 일환으로 소화조 운용시 발생되는 바이오가스를 원료로 보일러를 가동하여 고",https://kind.krx.co.kr/external/2025/03/05/000624/20250305001740/00591.htm,True,2025H1reg,20250305000410
케이탑리츠,,유가증권,20250305,20250305000530,주주총회소집공고,True,True,True,True,11,부동산·임대·건설;투자·금융,"부동산 | 부동산개발사업 | 지상권, 임차권 등 부동산 사용에 관한 권리 | 신탁이 종료된 때에 신탁재산 전부가 수익자에게 귀속하는 부동산 신탁 수익권 | 증권, 채권 | 현금(금융기관의 예금을 포함) | 회사는 제1항 각 호에 대하여 다음 각 호의 어느 하나에 해당하는 방법으로 투자·운용하여야 한다 | 취득, 개발, 개량 및 처분 | 관리(시설운영 포함), 임대차 및 전대차 | 부동산투자회사법 제2조 제4호에 따른 부동산개발사업을 목적으로 하는 법인 등 동법 시행령으로 정하는 자에 대하여 부동산에 대한 담보권 설정 등 동법 시행령으로 정한 방법에 따른 대출, 예치 | 회사는 「대부업 등의 등록 및 금융이용자 보호에 관한 법률」에 따른 대부채권매입추심업을 할 수 있다. 단, 해당 업무는 제1항 제1.5호의 '채권'을 제2항 제2.1호의 방법으로 투자·운용하는 범위 내에 한한다",-자구 수정 및 대부업 등록에 따른 사업 목적 추가,3-22 1. 이사회 의장 선임의 건 2. 대표이사 선임의건 3. 등기임원 보수 결정의 건 4. 케이탑리츠 사업영역 확대방안 법률자문 의뢰의 건 가결 가결 가결 가결 찬성 찬성 찬성 찬성 찬성 찬성 찬성 찬성 찬성 찬성 찬성 찬성 4 2024-04-11 1. 법인차량 구매의 건 가결 찬성 찬성 찬성 5 2024-06-05 1. ,https://kind.krx.co.kr/external/2025/03/05/000530/20250305001524/00591.htm,True,2025H1reg,20250305000361
큐알티,,코스닥,20250305,20250305000339,주주총회소집공고,False,True,True,True,5,부동산·임대·건설;투자·금융,"종합계측기의 개발, 제조, 판매업 | 국내외 기업에 대한 경영 지배 또는 투자 목적의 지분 매입 등 출자업 | 기업에 대한 영업, 관리 등 경영 자문 과 용역 및 지원업 | 부동산 매매업 | 여유자금을 금융기관의 각종 금융상품(채권·주식 및 펀드투자 등 포함)으로 예치하여 운영하는 사업",장비판매를 위한 사업목적추가 추가정관 규정에 의거한 단기금융상품운용을위한 관련 사업목적 추가 등,,https://kind.krx.co.kr/external/2025/03/05/000339/20250305001086/00591.htm,True,2025H1reg,20250305000268
비트컴퓨터,,코스닥,20250305,20250305000327,주주총회소집공고,False,True,True,True,8,AI(인공지능);부동산·임대·건설;교육,"컴퓨터학원 운영업 및 아이티(IT)교육사업 | 부동산 임대업 및 건물관리업 | 전자처방전사업 | 스마트헬스 서비스업 | 직업능력개발훈련사업 | 동영상제작서비스업 | 평생교육원 | 인공지능기반솔루션개발, 판매 및 관련서비스업","경영환경변화에 대비하고, 신규사업을 위한 사업목적 추가 각 호 조문번호 정정 / 사업목적 정비 및 사업목적구체화를 위한 변경 각 호 조문번호 정정 / 사업목적 중복 및 미영위사업 삭제",,https://kind.krx.co.kr/external/2025/03/05/000327/20250305001032/00591.htm,True,2025H1reg,20250305000257
딥노이드,,코스닥,20250305,20250305000206,주주총회소집공고,True,True,True,True,13,바이오·헬스케어;엔터·콘텐츠·게임,"현 행 유지 | 의료기기 판매 및 수출입업 | 의료기기, 생명과학 및 헬스케어에 관련된 투자 및 공동사업운영 | 병원 경영지원사업(MSO) | 병원시스템 통합구축서비스의 개발, 제작 및 판매업 | 의료디지털콘텐츠의 개발, 제작 및 판매업 | 외국인 환자유치업 | 의료용 진단사업 | 의료기기 및 기계장치 임대업 | 의료 디지털컨텐츠의 개발, 제작 및 판매업 | 인력공급 및 고용알선업 | 원격의료관련 시스템 구축 및 서비스업 | 원격의료관련 시스템 연구개발에 따른 국내외에서의 지적재산권 획득 및 이전",추진중인 사업 반영을 위한 사업 목적 추가,") 영업개황 당사는 인공지능 전문 기업으로, 인공지능 기술을 활용하여 의료 AI와 산업AI를 중심으로 주요 사업 영역을 운영하고 있습니다. 첫째, 의료 AI 사업은 의료 진단·판독 보조 및 질병 조기 진단을 위한 솔루션을 개발하여 고객사에 제공합니다. 둘째, 산업 AI 사업은 비전 검사 솔루션과 X-Ray 영상의 위해 물품 자동 ",https://kind.krx.co.kr/external/2025/03/05/000206/20250305000673/00591.htm,True,2025H1reg,20250305000139
한국정보통신,,코스닥,20250305,20250305000178,주주총회소집공고,True,True,True,True,1,,특수한유형의 부가통신사업,신규사업 진출 조문번호 변경,"전표 매입 업무도 대행하고 있습니다. 가맹점 인프라의 활용 가능성이 높기 때문에 타 업종에서 신용카드 부가통신사업으로 신규 진입 경쟁자가 늘어날 가능성은 상시 존재합니다. 그러나 결제단말기를 공급하여 가맹점 망을 구축하기 위해서는 전문적인 전산시스템 및 인력을 갖춰야 하며, 2015년 7월 여신전문금융업법의 개정으로 신용카드 ",https://kind.krx.co.kr/external/2025/03/05/000178/20250305000594/00591.htm,True,2025H1reg,20250305000116
캐프,,코스닥,20250305,20250305000159,주주총회소집공고,True,True,True,True,6,모빌리티·전기차·자율주행,"자동차 부품 제조 및 판매업 | 자동차 수입 및 판매업 | 자동차 부품 수입 및 판매업 | 금형 제조 및 판매업 | 플라스틱 사출품의 제조 및 판매업 | 생활용품, 음식료품 등 상품판매 및 수출입업",사업영역의 확대," 완성차 위주의 사업에 한계가 있음을 인지하고 기존 OEM 중심의 영업을 탈피, 현재는 교체용 제품 (4) 신규사업 등의 내용 및 전망 (가) SMT 사업부문 당사가 영위하는 산업 특성상 대량 생산하여 불량률을 최소화하고 적기에 납품함으로써 고객의 요구를 충족시켜야 합니다. 당사는 지속적인 설비투자 및 다년간의 경험으로 이러한 ",https://kind.krx.co.kr/external/2025/03/05/000159/20250305000533/00591.htm,True,2025H1reg,20250305000092
케이티스카이라이프,,유가증권,20250304,20250304001100,주주총회소집공고,True,True,True,True,4,AI(인공지능);엔터·콘텐츠·게임,"전기통신사업법상 기간통신사업, 부가통신사업 | 컨텐츠 제작, 유통 및 판매 등 | 영상물 중계·전송·제공 서비스업 | 인공지능 등 첨단기술을 활용한 정보통신업 및 관련 장비의 판매, 임대, 용역서비스 제공업",AI 스포츠 사업 관련 목적사업 추가 및 일부 문구변경,사항 ○ 제1호 의안: 제24기 재무제표 승인의 건 ○ 제2호 의안: 정관 일부 변경의 건 - 제2-1호: 목적사업 수정 및 추가 - 제2-2호: 이익배당 기준일 변경 - 제2-3호: 중간배당 기준일 변경 ○ 제3호 의안: 이사 선임의 건 - 제3-1호: 기타비상무이사 후보 김채희 - 제3-2호: 기타비상무이사 후보 민필규 ○ ,https://kind.krx.co.kr/external/2025/03/04/001100/20250304002643/00591.htm,True,2025H1reg,20250304000696
한솔홈데코,,유가증권,20250304,20250304000856,주주총회소집공고,True,True,True,True,1,신재생·에너지·전력,"태양광 발전 설비 제조, 판매 등 태양광 관련 사업",벽장재 및 태양광 패널 판매 등을 위한 사업목적 추가,"계산서(안)포함)및 연결재무제표 승인의 건 - 제2호 의안 : 정관 일부 변경의 건 * 제2-1호 의안 : 사업목적 추가 관련(제2조) 제2-2호 의안 : 중간배당 관련(제10조, 제43조) 제2-3호 의안 : 이사회의 구성과 소집 관련(제36조) 제2-4호 의안 : 개정 정관 시행 관련(부칙) - 제3호 의안 : 주식매수선택권",https://kind.krx.co.kr/external/2025/03/04/000856/20250304002108/00591.htm,True,2025H1reg,20250304000561
DRB동일,,유가증권,20250304,20250304000644,주주총회소집공고,False,True,True,True,1,,창업기획자 활동(초기창업기업 선발·보육·투자 등),신규사업목적 추가 및 항목순서 조정,,https://kind.krx.co.kr/external/2025/03/04/000644/20250304001751/00591.htm,True,2025H1reg,20250304000463
파인텍,,코스닥,20250304,20250304000370,주주총회소집공고,True,True,True,True,13,2차전지·배터리;신재생·에너지·전력;양자;교육,"양자센싱 관련 장비 제조업 | 이차전지 제조공정용 자동화 장비 제조업 | 산업처리공정 제어장비 제조업 | 자동화용 전기용접설비 및 절단기 등 용접기 제조업 | 금형 제조업 | 리튬이온전지 부품제조업 | 태양전지 부품제조업 | 연료전지 부품제조업 | 수소전지 부품제조업 | 차 전지 팩 및 모듈 제조업 | 차 전지 조립 및 검사와 그에 따른 인력지원 및 교육 | 회사의 본점은 경기도 안양시에 둔다 | 회사는 필요에 따라 이사회의 결의로 국내외에 지점, 출장소, 사무소 및 현지법인을 둘 수 있다.",사업 목적 정비를 통한 신규사업 및 기존사업 명확화 본지점간 업무효율화 및 근거리 고객사 대응을 위한 이전 부칙 신설," 모바일 사업에서 가전, 전장용 제품까지 개발 및 생산할 수 있는 경쟁력 있는 업체로 성장하였습니다. 마. 신규사업 등의 내용 및 전망 당사는 변화하는 시장상황에 따라 성장하기 위해 아래와 같은 방향으로 사업포트폴리오를 확대하고 있습니다. (1) 휴대폰 후면커버(Back-Cover) 현재 중저가 휴대폰에 대한 시장 수요 및 판매",https://kind.krx.co.kr/external/2025/03/04/000370/20250304001135/00591.htm,True,2025H1reg,20250304000289
알파칩스,,코스닥,20250304,20250304000314,주주총회소집공고,False,True,True,True,4,반도체,"유·무선 통신장비 제조, 유지 보수업 | 광섬유 케이블, 접착 장치업 | 반도체 디자인 서비스 | 반도체 아이피 개발",사업목적 기재 정정 / 사업목적 정비 / 사업목적 추가,,https://kind.krx.co.kr/external/2025/03/04/000314/20250304000976/00591.htm,True,2025H1reg,20250304000254
영보화학,,유가증권,20250304,20250304000291,주주총회소집공고,True,True,True,True,1,신재생·에너지·전력,태양광발전산업,태양광 설비 도입에 따른 사업목적 추가 사업목적 추가에 따른 번호 재분류, 1호 의안 : 제 46기 재무제표(이익잉여금처분계산서 포함) 승인의 건 제 2호 의안 : 정관 일부 변경(사업목적 변경)의 건 구분 내용 이유 1. 사업목적 추가 23. 태양광발전산업 태양광 설비 도입에 따른 사업목적 추가 2. 사업목적 변경 변경전 변경후 이유 23. 전 각호에 부대되는 일체의 사업 24.(현행과 동일) 사업,https://kind.krx.co.kr/external/2025/03/04/000291/20250304000899/00591.htm,True,2025H1reg,20250304000242
메디아나,,코스닥,20250304,20250304000281,주주총회소집공고,True,True,True,True,1,AI(인공지능);바이오·헬스케어,인공지능 기반 의료 솔루션 개발 및 서비스업,-사업목적 삭제 및 추가,"장치, 심장충격기를 주요제품으로 생산하고 있으며 이들 제품군은 ODM 및 자사 브랜드로 판매하고 있습니다. 신규사업으로 체성분분석기, 소모품 카테터(PICC) 등의 사업영역에서 제품을 출시하며 사업영역 확대 및 관련 신제품 개발을 진행하고 있습니다. 당사의 모든 제품은 현재 당사 공장에서 전량 생산되고 있으며, 또한 지속적인 신",https://kind.krx.co.kr/external/2025/03/04/000281/20250304000872/00591.htm,True,2025H1reg,20250304000229
알엔투테크놀로지,,코스닥,20250304,20250304000174,주주총회소집공고,True,True,True,True,3,2차전지·배터리;모빌리티·전기차·자율주행,전고체 배터리용 전해질 소재개발 및 생산업 | 이차전지용 원료물질 개발 및 생산업 | E-모빌리티 사업용 신소재 및 공정기술 개발업,- 사업목적 추가 및 순서변경,"3조 6항)하고 주주총회 보고로 진행될 수 있음) 제2호 의안 : 정관 일부 변경의 건 제2-1호 의안 : 사업목적 추가의 건 제2-2호 의안 : 기타 변경의 건 제3호 의안 : 이사 선임의 건(사내이사 4명, 사외이사 3명) 제3-1호 의안 : 사내이사 성영철 신규선임의 건 제3-2호 의안 : 사내이사 김한균 신규선임의 건 제",https://kind.krx.co.kr/external/2025/03/04/000174/20250304000549/00591.htm,True,2025H1reg,20250304000152
삼현철강,,코스닥,20250304,20250304000159,주주총회소집공고,True,True,True,True,2,신재생·에너지·전력,통신판매업 | 태양광 발전사업,목적사업 신설," 적은 편입니다. 4) 경쟁요소 기존사업자의 강력한 시장 점유와 고정 거래처와의 긴밀한 유대 관계로 인하여 신규사업자의 진입 장벽은 비교적 높아 신규사업자로 인한 경쟁위험은 다소 낮은 편이나, 개방 시장에서의 경쟁은 제품의 품질 수준 및 다양성, 적기 공급에 의한 고객만족도 등이 기존사업자 간 경쟁에서 중요한 요소가 될 수 있을",https://kind.krx.co.kr/external/2025/03/04/000159/20250304000489/00591.htm,True,2025H1reg,20250304000134
LIG디펜스앤에어로스페이스,,유가증권,20250228,20250228001726,주주총회소집공고,True,True,True,True,1,조선·해양,"선박 및 함정용 통신, 전자, 전기, 기계, 장비의 제조, 가공, 조립, 재생, 개조, 정비, 개량, 판매업 (중략)",사업분야 확대 미영위 사업목적 삭제 항 변경(21항→20항),.26 이사 등과 회사 간의 거래 승인 가결 찬성 불참 찬성 찬성 찬성 찬성 찬성 10 2024.10.07 신규 사업장 개소 승인 가결 찬성 찬성 찬성 찬성 찬성 찬성 찬성 이사 등과 회사 간의 거래 승인 가결 찬성 찬성 찬성 찬성 찬성 찬성 찬성 11 2024.10.18 이사 등과 회사 간의 거래 승인 가결 찬성 찬성 찬성 찬성,https://kind.krx.co.kr/external/2025/02/28/001726/20250228003485/00591.htm,True,2025H1reg,20250228006700
투비소프트,,코스닥,20250228,20250228001206,주주총회소집공고,True,True,True,True,8,AI(인공지능);클라우드·SW·빅데이터,"AI기반 플랫폼 개발업 | 자동화 장비 컨설팅업 | 기계설비공사업 | 정보통신 솔루션 및 서비스 컨설팅업 | 산업자동화설비 제조업 | 산업용 제어기기 및 자동제어시스템 제조 및 판매업 | 산업용 자동화시스템 용역개발업 | 공장 자동화 장비 및 시스템 개발, 제조, 판매 및 도매업",사업목적 재정비,"제표(이익잉여금 처분계산서(案)포함) 및 연결재무제표 승인의 건 제2호 의안 : 정관 일부 변경 승인의 건(사업목적 삭제 외) 제3호 의안 : 이사 선임의 건 제4호 의안 : 이사보수한도 승인의 건 ※ 의안의 세부내용은 ""Ⅲ.경영참고사항 2.주주총회 목적사항별 기재사항"" 을 참조하여 주시기 바랍니다. 4. 경영참고사항 비치 상법",https://kind.krx.co.kr/external/2025/02/28/001206/20250228002639/00591.htm,True,2025H1reg,20250228006017
아이디스,,코스닥,20250228,20250228000921,주주총회소집공고,True,True,True,True,3,모빌리티·전기차·자율주행,"전기자동차 충전기 개발, 제조 및 판매 | 계량기 개발, 제조 및 판매 | 기타전기장비 개발, 제조 및 판매",신규사업 추진, 승인의 건(2억) 제4호 의안 : 자본준비금의 이익잉여금 전환의 건 제5호 의안 : 정관 일부 변경의 건(사업목적 추가) <별첨 1 참조> 4. 사업보고서 및 감사보고서 상법 시행령 제31조 제4항 4호에 의거하여 사업보고서 및 감사보고서는 주주총회 1주 전까지 당사 홈페이지(https://www.idisglobal.com/),https://kind.krx.co.kr/external/2025/02/28/000921/20250228002181/00591.htm,True,2025H1reg,20250228005502
디지아이,,코스닥,20250227,20250227000537,주주총회소집공고,False,True,True,True,1,,주차장 운영업,<신설> 신규사업 진행을 위한 근거 마련,,https://kind.krx.co.kr/external/2025/02/27/000537/20250227001559/00591.htm,True,2025H1reg,20250227004756
마크로젠,,코스닥,20250226,20250226000866,주주총회소집공고,True,True,True,True,3,클라우드·SW·빅데이터;바이오·헬스케어,"디지털 헬스케어 플랫폼 활용 사업 | 회사가 보유하고 있는 지식과 정보 기반의 무형자산을 활용한 컨설팅, 자문, 관리, 대행 등의 판매 및 용역사업 | 소프트웨어 자문개발 및 공급 사업",사업목적 추가,0원 제2호 의안: 사내이사 서정선 선임의 건 제3호 의안: 정관 일부 변경의 건 제3-1호 의안: 사업의 목적 추가의 건 제3-2호 의안: 이사의 최대 인원 변경의 건 제4호 의안: 이 사 보수한도 승인의 건 제1호 의안은 상법 제449조 2(재무제표등의 승인에 대한 특칙) 및 당사 정관 제42조에 따라 외부감사인의 감사의견이 ,https://kind.krx.co.kr/external/2025/02/26/000866/20250226002319/00591.htm,True,2025H1reg,20250226005023
NHN KCP,,코스닥,20250226,20250226000826,주주총회소집공고,True,True,True,True,2,데이터센터,"데이터센터 운영 및 임대업 | 데이터센터 설계, 구축 및 운용 관련 업",B2B 사업자 대상 신규 서비스 제공 위한 사업목적 추가,"수단 발행 및 관리업의 등록요건 및 준수의무 등에 대한 사항을 규정 금융위원회 여신전문금융업법 신용카드부가통신사업자 등록, 결제단말기 관리, 가맹점모집인에 대한 체계 관리·감독 등에 대한 사항을 규정 금융위원회 외국환거래법 외국환업무(전자지급결제대행에 관련된 외국환업무)의 등록 요건 및 외국환업무취급기관의 업무상 의무 등에 대",https://kind.krx.co.kr/external/2025/02/26/000826/20250226002256/00591.htm,True,2025H1reg,20250226004915
에코프로에이치엔,,코스닥,20250226,20250226000595,[정정]주주총회소집공고,False,True,True,True,1,2차전지·배터리,이차전지의 제조 및 판매업,이차전지 소재 사업 영위를 위한 사업목적 추가,,https://kind.krx.co.kr/external/2025/02/26/000595/20250226001722/00591.htm,True,2025H1reg,20250226004155
박셀바이오,,코스닥,20250226,20250226000446,주주총회소집공고,False,True,True,True,7,바이오·헬스케어;화장품·뷰티;식품·농업·외식,"의약품 도매업 | 의료용품 도매업 | 의료기구 도매업 | 건강식품 도매업 | 의학, 약학 연구개발 및 서비스 | 의약, 건강보조식품, 화장품 원료 및 기구, 시약 도소매 | 의료기기 및 진단기기, 시약 도소매",사업결합으로 인한 부가사업 추진과 중복 문구 정리,,https://kind.krx.co.kr/external/2025/02/26/000446/20250226001289/00591.htm,True,2025H1reg,20250226003235
케이씨,,유가증권,20250225,20250225001137,주주총회소집공고,True,True,True,True,1,탄소·환경,산업환경설비공사업,사업영역의 확대,"대를 적극적으로 추진하고 있으며, 지속 가능한 성장을 위해 신제품 개발 및 사업 다변화 활동 등 제품군 및 사업영역의 확대를 추진하고 있습니다. 상기 수치는 외부감사인의 감사 종료 이전의 정보이므로 외부감사인의 감사 결과에 따라 변경될 수 있습니다. (나) 공시대상 사업부문의 구분 (단위 : 백만원) 구분 매출유형 대상회사 품목",https://kind.krx.co.kr/external/2025/02/25/001137/20250225002786/00591.htm,True,2025H1reg,20250225004426
에코프로,,코스닥,20250225,20250225001071,주주총회소집공고,True,True,True,True,1,,기술연구 및 용역수탁업,통합 연구개발 전략수립을 통한 가족사간 기술 시너지 창출 및 투자효율 제고,"주당 100원, 주식배당 보통주 1주당 0.02주) - 제2호 의안 : 정관 일부 변경의 건 제2-1호 : 사업 목적 추가의 건 제2-2호 : 기타 변경의 건 - 제3호 의안 : 이사 선임의 건(4인) 제3-1호 : 사내이사 최익준 선임의 건 제3-2호 : 사외이사 김재정 선임의 건 제3-3호 : 사외이사 노상섭 선임의 건 제3-",https://kind.krx.co.kr/external/2025/02/25/001071/20250225002683/00591.htm,True,2025H1reg,20250225004289
데이타솔루션,,코스닥,20250225,20250225000982,[정정]주주총회소집공고,True,True,True,True,5,,전자상거래 소매업 | 학술ㆍ연구용역 | 인문 및 사회과학 연구개발업 | 공학 연구개발업 | 자연과학 연구개발업,신규사업을 위한 사업목적 추가,"어 활용을 극대화할 수 있도록 지원하고 있습니다. SmartPLS 등 고급 통계 분석 소프트웨어를 기반으로 사업 영역을 지속 확장하고 있습니다. 당사는 AI 및 빅데이터 교육 사업의 일환으로 ‘빅데이터 러닝센터’를 운영하고 있으며, 국내 최고의 실무 전문가 및 강사진을 통한 체계적인 데이터 활용 역량 교육, 다년간 검증된 실무 중",https://kind.krx.co.kr/external/2025/02/25/000982/20250225002522/00591.htm,True,2025H1reg,20250225004065
대원강업,,유가증권,20250225,20250225000950,주주총회소집공고,True,True,True,True,3,바이오·헬스케어;신재생·에너지·전력;탄소·환경,"철강재 , 기계 및 장비 , 금속물 의 제조판매업 | 각종 모터 , 부대장치 제조 및 판매업 | 신재생에너지 및 자원재활용 사업",- 미영위 사업 ( 농기구 ) 제외 - 구동모터코어사업목적 추가 - 태양광발전설비 도입에 따른 사업목적 추가,"차산업이 성장 초기에 있는 국가로 수출 또는 합작투자를 통한 해외시장에의 진출이 유망한 업종입니다. (4) 신규사업 등의 내용 및 전망 전기차 및 하이브리드 차량 수요의 급증에 대응하여, 당사는 전동화 부품인 구동모터코어 사업에 진출하였으며, 현재 사업 확장을 추진 중에 있습니다. 또한, 전담 조직인 전동화 연구소와 전동화 영업",https://kind.krx.co.kr/external/2025/02/25/000950/20250225002466/00591.htm,True,2025H1reg,20250225003987
한화엔진,,유가증권,20250225,20250225000940,주주총회소집공고,False,True,True,True,2,조선·해양,강재 판매 및 고철매매업 | 선박대여업,특수 바지선 운용 목적,,https://kind.krx.co.kr/external/2025/02/25/000940/20250225002449/00591.htm,True,2025H1reg,20250225003969
롯데정밀화학,,유가증권,20250225,20250225000640,주주총회소집공고,True,True,True,True,1,조선·해양,선박대여업,- 사업 목적 추가 - 조항 조정 - 조항 조정,"조를 개선하고 경쟁력 있는 부문의 적극적인 사업확대로 글로벌 경쟁력을 확보하는 한편, 고부가 정밀화학 분야 신규사업 확대를 통해 사업구조를 고도화하고 있습니다. 나. 회사의 현황 (1) 영업개황 및 사업부문의 구분 (가) 영업개황 - 2024년 회사는 창립 60주년을 맞아 새로운 도약을 위해 신규 사업과 연구 추진을    통하여",https://kind.krx.co.kr/external/2025/02/25/000640/20250225001901/00591.htm,True,2025H1reg,20250225003360
현대리바트,,유가증권,20250225,20250225000429,주주총회소집공고,False,True,True,True,2,,"인테리어 디자인업 | 전시, 컨벤션, 행사 및 행사 대행업",신규사업을 위한 사업목적 추가,,https://kind.krx.co.kr/external/2025/02/25/000429/20250225001431/00591.htm,True,2025H1reg,20250225002574
이녹스첨단소재,,코스닥,20250225,20250225000408,주주총회소집공고,False,True,True,True,4,,자회사 등에 대한 자금 및 업무지원 사업 | 자회사 등에 대한 출자 또는 자회사 등에 대한 자금조달 지원 | 전기·전자공학 연구개발업 | 기타 공학 연구개발업,사업목적 추가,,https://kind.krx.co.kr/external/2025/02/25/000408/20250225001384/00591.htm,True,2025H1reg,20250225002484
코웨이,,유가증권,20250224,20250224001171,[정정]주주총회소집공고,True,True,True,True,1,,기타 서비스 관련 수탁 판매업,- 자회사(코웨이라이프솔루션(주)) 상품과의 결합 판매를 위한 사업 목적 추가,이사/사외이사 구분 적용 ※ 제2-1호 의안 부결시 제2-2호 의안은 자동으로 폐기됨 - 제2-3호 의안: 사업 목적 추가 - 제2-4호 의안: 배당 기준일 개정 - 제3호 의안: 이사 선임의 건(사외이사 3인) - 제3-1호 의안: 사외이사 김정호 - 제3-2호 의안: 사외이사 김태홍 - 제3-3호 의안: 사외이사 이길연 - 제,https://kind.krx.co.kr/external/2025/02/24/001171/20250224002926/00591.htm,True,2025H1reg,20250224004738
HD현대마린솔루션,,유가증권,20250224,20250224000626,주주총회소집공고,False,True,True,True,6,AI(인공지능);클라우드·SW·빅데이터;조선·해양;탄소·환경,"선박건조, 개조 및 수리판매업 | 화학물질 판매 및 관련 사업 | 탄소배출권 중계, 판매 및 관련 사업 | 플랫폼 서비스업 | 인공지능 기반 시스템 개발 및 공급업 | 항만 물류 및 유통 서비스업",선박 개조 관련업 정비 정관상 연료 판매업이 명시되어 있으나 메탄올 등 판매업으로 사업 확장 가능성이 있으므로 화학물질 판매 및 관련 사업을 추가 탄소배출권 관련 사업목적 추가 플랫폼 서비스업 사업목적 추가(오션와이즈) 인공지능 기반 시스템 관련 사업목적 추가(오션와이,,https://kind.krx.co.kr/external/2025/02/24/000626/20250224001916/00591.htm,True,2025H1reg,20250224003460
진바이오텍,,코스닥,20250224,20250224000350,주주총회소집공고,True,True,True,True,2,,일반창고업 | 운수 및 창고업,사업다각화,.01.01~2024.12.31) 별도 및 연결재무제표 승인의 건 ㅇ 제2호 의안 : 정관 일부 변경의 건(사업목적 추가 및 변경) -일반창고업 사업목적 추가의 건 -운수 및 창고업 사업목적 추가의 건 -기타 창고업 및 운수업 관련한 부대사업 추가의 건 -기타 전 각호와 관련한 부대사업 항 번호 변경의 건 ㅇ 제3호 의안 : 이,https://kind.krx.co.kr/external/2025/02/24/000350/20250224001197/00591.htm,True,2025H1reg,20250224002334
포스코인터내셔널,,유가증권,20250221,20250221001146,주주총회소집공고,False,True,True,True,1,,공공기관 조달사업,당사 추진 중인 공적개발원조(ODA) 및 공공조달사업 관련 기존 정관 내 사업목적이 포괄하기 어려워 신규 추가,,https://kind.krx.co.kr/external/2025/02/21/001146/20250221002729/00591.htm,True,2025H1reg,20250221002820
기아,,유가증권,20250221,20250221000988,[정정]주주총회소집공고,False,True,True,True,1,부동산·임대·건설,부동산 개발업,사업목적 추가,,https://kind.krx.co.kr/external/2025/02/21/000988/20250221002425/00591.htm,True,2025H1reg,20250221002507
HDC랩스,,유가증권,20250221,20250221000379,주주총회소집공고,True,True,True,True,2,부동산·임대·건설,"부동산 시장조사, 용역 서비스업 | 제조 출판업",사업영역 확대," 계열사를 통해 홈네트워크 시스템을 공급받거나, 특정 홈네트워크 사업자와의 오랜 협업 관계를 유지하고 있어 신규 사업자의 시장 진입이 쉽지 않은 구조입니다. 그러나 최근 통신사업자 및 가전 제조업체들이 스마트홈 기술을 기반으로 다양한 상품과 서비스를 개발하면서 시장에 적극적으로 진출하고 있습니다. 특히, AI 기반 음성 인식 기술",https://kind.krx.co.kr/external/2025/02/21/000379/20250221001218/00591.htm,True,2025H1reg,20250221001309
팜스코,,유가증권,20250221,20250221000099,[정정]주주총회소집공고,False,True,True,True,2,화장품·뷰티,"화장품의 제조, 매매 및 이와 관련한 서비스 상품의 매매 | 실내 방향제 등 생활화학제품의 제조, 매매 및 이와 관련한 서비스 상품의 매매","화장품, 방향제, 룸스프레이 등의 제조, 판매 사업을 위한 목적사항",,https://kind.krx.co.kr/external/2025/02/21/000099/20250221000303/00591.htm,True,2025H1reg,20250221000254
카카오페이,,유가증권,20250220,20250220000831,주주총회소집공고,True,True,True,True,1,,통신과금서비스제공업,신규사업목적 추가,01~2024.12.31) 연결 및 별도재무제표 승인의 건 제2호 의안: 정관 일부 변경의 건 ㄴ제2-1호 신규사업목적 추가의 건 (제2조) ㄴ제2-2호 기타 일부 조문 변경의 건 (부칙) 제3호 의안: 이사 선임의 건 (사외이사 3명) ㄴ제3-1호 강율리 사외이사 선임의 건 (1년) ㄴ제3-2호 김재환 사외이사 선임의 건 (1,https://kind.krx.co.kr/external/2025/02/20/000831/20250220002162/00591.htm,True,2025H1reg,20250220002114
현대건설,,유가증권,20250220,20250220000629,[정정]주주총회소집공고,False,True,True,True,1,신재생·에너지·전력,수소에너지사업,수소에너지사업 추진,,https://kind.krx.co.kr/external/2025/02/20/000629/20250220001761/00591.htm,True,2025H1reg,20250220001784
코오롱인더,,유가증권,20250220,20250220000529,주주총회소집공고,True,True,True,True,1,모빌리티·전기차·자율주행,"자동차 부품 제조업, 판매업 및 서비스업",- 사업목적 추가,"4.1.1~2024.12.31) 재무제표 승인의 건 - 제2호 의안 : 정관 일부 변경의 건 제2-1호 : 사업목적 변경의 건(제2조) 제2-2호 : 분기배당 관련 개정의 건(제50조의2) 제2-3호 : 기타 일부조항 변경의 건(부칙) - 제3호 의안 : 이사 선임의 건(사내이사 2명, 기타비상무이사 1명, 사외이사 3명) 제3",https://kind.krx.co.kr/external/2025/02/20/000529/20250220001592/00591.htm,True,2025H1reg,20250220001686
현대자동차,,유가증권,20250219,20250219001047,주주총회소집공고,True,True,True,True,1,신재생·에너지·전력,수소사업 및 기타 관련사업,수소 관련 사업의 다방면 확장 가능성 고려한 사업목적 추가, - 제1호 의안 : 제57기 재무제표 승인의 건 - 제2호 의안 : 정관 일부 변경의 건 제2-1호 :  사업목적 추가 제2-2호 :  분기배당 개선 제2-3호 :  부칙 (2025.3.20) - 제3호 의안 : 이사 선임의 건 제3-1호 : 사외이사 선임의 건 - 제3-1-1호 : 사외이사 선임의 건(김수이) - 제3-1-2,https://kind.krx.co.kr/external/2025/02/19/001047/20250219002661/00591.htm,True,2025H1reg,20250219001981
호텔신라,,유가증권,20250219,20250219000976,주주총회소집공고,True,True,True,True,6,부동산·임대·건설,종합휴양업 | 콘도미니엄 분양 및 운영업 | 노인주거ㆍ여가복지 설치 및 운영사업 | 제2장 주식 제10조의 2(주주명부의 작성ㆍ비치) | 본 회사는 전자등록기관으로부터 소유자명세를 통지받은 경우 통지받은 사항과 통지 연월일을 기재하여 주주 명부를 작성ㆍ비치하여야 한다 | 본 회사는 필요한 경우에 전자등록기관에 소유자명세의 작성을 요청할 수 있다,사업목적 추가 주주명부 작성 및 비치 신설,를 작성ㆍ비치하여야 한다. ② 본 회사는 필요한 경우에 전자등록기관에 소유자명세의 작성을 요청할 수 있다. 사업목적 추가 주주명부 작성 및 비치 신설 □ 재무제표의 승인 <SPAN style='font-family:batang;font-size:12pt;line-height:1.6em;font,https://kind.krx.co.kr/external/2025/02/19/000976/20250219002510/00591.htm,True,2025H1reg,20250219001910
삼성카드,,유가증권,20250219,20250219000829,주주총회소집공고,True,True,True,True,1,,기업정보조회업,현재 영위 중인 데이터사업들과 시너지 제고를 목적으로 기업정보조회업 진출 추진,"제표 및 이익배당 승인 ※ 1주당 예정 배당금 : 2,800원 제2호 의안 : 정관 개정 - 제2-1호 : 목적사업 관련 정관 정비 - 제2-2호 : 이사회 관련 정관 정비 - 제2-3호 : 법률, 표준정관에 따른 정관 정비 제3호 의안 : 이사 선임 (사외이사 3명, 사내이사 2명) - 제3-1호 : 사외이사 김준규 - 제3-",https://kind.krx.co.kr/external/2025/02/19/000829/20250219002188/00591.htm,True,2025H1reg,20250219001730
롯데하이마트,,유가증권,20250219,20250219000712,주주총회소집공고,False,True,True,True,2,,"전자/전기/통신기계기구 및 관련기기, 기타 관련 부속품의 제조 | 방문판매 및 이에 부수하는 서비스업",조립PC 경쟁력 강화 고객평생케어 기반 안심 상담 및 구매지원 신규 사업목적 추가로 인한 순서조정,,https://kind.krx.co.kr/external/2025/02/19/000712/20250219001956/00591.htm,True,2025H1reg,20250219001610
유니슨,,코스닥,20250218,20250218000485,주주총회소집공고,True,True,True,True,9,2차전지·배터리;신재생·에너지·전력;탄소·환경,"신ㆍ재생에너지 생산 및 판매 | 육상 및 해상풍력터빈 설치 등 관련 기술자문용역 | 신재생에너지(태양광, 풍력, 연료전지 등)설비 및 에너지저장장치(ESS)의 제조, 설치, 운영 및 판매 | 신재생에너지 기자재 관련 수출입업(무역) | 신재생에너지(태양광, 태양열, 풍력, 지열, 바이오매스, 연료전지 등) 발전사업 | 신재생에너지 전기공급사업 | 통합발전소(VPP), 전력중개, 발전량예측 등 관련사업 | 개발형 신재생에너지 발전사업권 양수도업 | 탄소배출권 및 신재생에너지 인증서의 거래사업",- 기존사업 목적 구체화 및 신규사업을 반영한 사업목적 추가 - 영위하지 않는 사업목적 삭제 - 조문번호 변경, 야적이 가능한 대규모 야적장과 해안에 위치한 입지로 운송 및 수출에 유리한 조건을 갖추고 있습니다. 2) 신규사업 등의 내용 및 전망 해당사항 없습니다. 3) 조직도 조직도 2. 주주총회 목적사항별 기재사항 □ 재무제표의 승인 [제1호 의안 : 제41기 재무제표 승인의 건] 가. 해당 사업연도의 영업상황의 개요 - III.  ,https://kind.krx.co.kr/external/2025/02/18/000485/20250218001500/00591.htm,True,2025H1reg,20250218001269
한솔아이원스,,코스닥,20250217,20250217001132,주주총회소집공고,True,True,True,True,1,바이오·헬스케어;탄소·환경,금속 정제 및 재활용 산업,신사업분야 사업 추가,"부품의 정밀 가공을 시작으로  현재 반도체 장비 부품 초정밀 세정.코팅, 국산화 연구진행, 신소재 개발 등 사업 영역을 지속적으로 확대해 나가고 있습니다. 당사가 영위하는 주요 사업을 사업특성으로 분류하면 다음과 같습니다. 구 분 주요내용 초정밀 가공 사업 1) 반도체, 디스플레이 전공정 장비에 사용되는 정밀부품의 제작 및 국산화",https://kind.krx.co.kr/external/2025/02/17/001132/20250217002479/00591.htm,True,2025H1reg,20250217001871
대아티아이,,코스닥,20250213,20250213001508,[정정]주주총회소집공고,True,True,True,True,2,,전문 감리업 및 설계업 | 전문 소방공사업,합병으로 인한 사업목적 추가,4.01.01~2024.12.31) 재무제표 및 연결재무제표 승인의 건 제2호 의안. 정관 일부 변경의 건(사업목적 추가) 제3호 의안. 이사 선임의 건 제3-1호 의안. 사내이사 최진우 재선임의 건 제3-2호 의안. 사외이사 원희복 재선임의 건 제3-3호 의안. 사내이사 정태운 신규선임의 건 제3-4호 의안. 사내이사 정재옥 ,https://kind.krx.co.kr/external/2025/02/13/001508/20250213003557/00591.htm,True,2025H1reg,20250213001819
삼성물산,,유가증권,20250212,20250212001111,주주총회소집공고,True,True,True,True,2,바이오·헬스케어,"의약품 등의 연구개발 지원, 수탁사업 및 관련 서비스업 | 통신판매중개업",- 미영위 목적사업 삭제 / - 신사업 추진에 따른 목적사업 추가,(이익잉여금처분계산서 포함) 및 연결재무제표 승인의 건 제2호 의안 : 정관 일부 변경의 건 제2-1호 : 목적사업 정비의 건 제2-2호 : 이사회 및 위원회 관련 정관 정비의 건 제2-3호 : 기타 법령 등에 따른 정관 정비의 건 제2-4호 : 부칙 제3호 의안 : 이사 보수한도 승인의 건 4. 전자투표 및 전자위임장에 관한 ,https://kind.krx.co.kr/external/2025/02/12/001111/20250212002897/00591.htm,True,2025H1reg,20250212001038
아티스트스튜디오,,코스닥,20261008,20261008000767,주주총회소집공고,False,True,True,True,2,엔터·콘텐츠·게임,"전시, 컨벤션 및 행사대행업 | 미술 및 미술 콘텐츠 관련 사업",사업다각화를 위한 사업목적 추가,,https://kind.krx.co.kr/external/2026/10/08/000767/20261008001737/00591.htm,True,2026post,20261008000645
더코디,,코스닥,20261008,20261007000699,[정정]주주총회소집공고,False,True,True,True,47,AI(인공지능);로봇;데이터센터;클라우드·SW·빅데이터;반도체;우주항공;드론·UAM;바이오·헬스케어;2차전지·배터리;신재생·에너지·전력;모빌리티·전기차·자율주행;조선·해양;엔터·콘텐츠·게임;탄소·환경;교육,"위 사업과 관련 제품 및 로봇·자동화설비의 수입 판매, 설치, 시운전, 개조 개선, 유지 보수 및 수리업 | 전기 자동차 배터리팩, 로봇용 전원장치, 전력변환장치 및 주변장치 제조 및 판매업 | 방송프로그램 제작 및 배급업, 방송채널사용사업 및 기타 방송사업 | 인터넷방송, 소셜 미디어, 메신저, 숏폼·라이브 스트리밍 등 미디어사업 및 그와 관련된 콘텐츠(인공지능 기반 콘텐츠 포함)의 제작, 유통, 라이선스 및 서비스업 | 광고 제작 및 대행업, 광고매체판매업, 옥외광고업, 온라인·모바일 광고업, 인플루언서 마케팅 및 소셜 미디어 마케팅 대행업 | 국내외 공연, 전시, 이벤트 및 문화예술분야의 기획, 제작, 투자, 알선 및 판매업 | 스포츠, 연예인 등 공인 에이전시업 및 크리에이터·인플루언서 매니지먼트(MCN)업 | 컴퓨터, 서버, GPU, 주변기기 및 통신기기관련제품의 제조, 판매, 대여 및 임대업 | 시스템 통합(SI), 정보처리시스템 및 소프트웨어(인공지능 소프트웨어, 솔루션, 플랫폼 포함)의 연구개발, 개발, 판매, 임대, 유지보수 및 서비스업 | 정보통신, 전기 및 기계설비 관련 공사업 | 컴퓨터 정보처리, 로봇 및 인공지능 관련 교육, 자격인증, 교구·콘텐츠 공급업 | 온라인 서비스업, 정보자료처리업 및 정보통신서비스업 | 산업용로봇, 협동로봇, 제조용 로봇 및 에이아이(AI) 산업용 로봇의 연구개발, 제조, 판매업 및 서비스업 | 반도체, 이차전지, 태양전지 제조용 기계 및 로봇 자동화·스마트팩토리 설비의 설계, 제조, 시공, 판매업 | 서비스로봇(물류·배송·안내·청소·방역·조리·의료·재활·돌봄·교육용·가정용 로봇 등)의 연구개발, 제조, 판매업 및 서비스업 | 지능형로봇, 휴머노이드 로봇 및 인공지능 기반 자율로봇의 연구개발, 제조, 판매업 및 서비스업 | 산업용, 연구용, 군사용, 전문서비스용 로봇 하드웨어 및 소프트웨어의 개발, 제작, 판매, 수출입, 임대, 가공 및 용역업 | 천문, 우주, 항공, 해양, 방송, 무대 및 특수환경용 로봇·자동화장치 하드웨어 및 소프트웨어의 개발, 제작, 판매, 수출입, 임대, 가공 및 용역업 | 드론 및 무인이동체(무인항공기·무인차량·무인선박)와 자율주행장치의 개발, 제조, 판매 및 운용서비스업 | 로봇 부품(감속기, 서보모터, 액추에이터, 센서, 그리퍼, 제어기, 구동모듈 등) 및 관련 소재의 연구개발, 제조, 판매업 및 서비스업 | 유공압기기, 정밀기계 및 구동장치의 제조 및 판매업 | 유무선 원격자동 계측 및 제어시스템의 개발, 제조, 판매업 | 쌍안경, 단안경, 현미경, 거리측정기, 속도측정기, 열화상기기, 카메라 및 비전센서 등 각종 광학기기·부품·관련장비의 제조, 도소매 및 수출입업 | 로봇 제어 소프트웨어, 로봇운영체제, 로봇 관제·통합 플랫폼 및 자율주행 소프트웨어의 개발, 판매, 임대 및 서비스업 | 로봇 임대업 및 로봇 구독형 서비스(RaaS) 제공업 | 로봇 운용·대행 서비스업 및 로봇 기반 무인화 솔루션 서비스업 | 로봇 기반 무인판매업 및 자동판매기 운영업 | 타회사의 주식 또는 지분을 취득·소유함으로써 그 회사 제반사업 내용의 지배·경영지도 및 육성 | 브랜드, 상표권, 특허권, 캐릭터 등 지식재산권 및 노하우 기술의 취득, 관리, 판매, 임대, 라이선스업 및 무형재산권의 중개, 알선, 임대업 | 과학, 로봇공학 및 인공지능 분야 서적, 정기간행물 및 교습지의 출판업, 만화·웹툰 출판업 및 도소매, 수출입업 | 인공지능 기반 서비스형 소프트웨어(SaaS), 클라우드 컴퓨팅, 호스팅 및 관련 서비스업, AI 에이전트 및 API 서비스 제공업 | 인공지능 반도체, AI 연산장치 및 AI 데이터센터·컴퓨팅 인프라의 개발, 구축, 운영 및 임대업 | 인공지능·로봇 학습용 데이터 및 이용자 데이터의 수집, 가공, 라벨링, 분석, 판매업, 데이터베이스 검색·개발·구축·운영업 및 데이터 거래·중개업 | 인공지능 기반 검색엔진, 추천 시스템 및 정보검색 서비스업 | 인공지능 및 빅데이터 기반 여론조사, 시장조사 및 리서치업 | 인공지능 기술을 활용한 의료·헬스케어, 금융, 교육, 제조, 유통, 마케팅, 보안, 자율주행, 로봇 등 산업별 응용 솔루션의 개발 및 서비스업 | 인공지능 관련 기술·기업에 대한 투자 및 사업개발업 | 소셜 네트워크 서비스(SNS) 및 온라인 커뮤니티 플랫폼의 개발, 운영 및 서비스업 | 부가통신사업, 기간통신사업(유선·무선통신업) 및 인터넷 정보 제공업 | 위치정보사업, 위치기반서비스업 및 지도제작업 | 온·오프라인 연계(O2O) 서비스업 및 플랫폼 중개업 | 팬덤 커뮤니티 서비스, 구독형 멤버십 서비스 및 유료 콘텐츠 제공업 | 온라인 여행 예약·중개 플랫폼업 및 종합여행업 | 음반물, 영상물, 사진, 출판물, 만화, 웹툰 등의 유선 및 무선 대리중개업 | 저작권 및 저작인접권 등의 대리중개업과 음악, 영상, 출판물 관련 저작권 관리업 | 직업정보제공사업 및 온라인 인재·용역 매칭 플랫폼업 | 기타 위 각호에 부대되는 사업 일체 및 필요 또는 유익한 사업의 영위 및 투자",사업다각화,,https://kind.krx.co.kr/external/2026/10/07/000699/20261007001631/00591.htm,True,2026post,20261007000525
에스엔시스,,코스닥,20261007,20261007000402,주주총회소집공고,True,True,True,True,2,,기계 및 장비 중개업 | 전기·전자 및 정밀 기기 수리업,신규 사업 영위를 위한 사업목적 추가,"트렌드 변화에 대응하기 위해 신모델 개발을 지속적으로 추진 중이며, 현재 인증을 진행하고 있습니다. 친환경 신사업, 이중연료추진시스템, 육상 배전, EP 등 본격적으로 사업을 전개하며, 친환경 R&D 투자 확대, 신규 생산설비 구축, 핵심 기자재 내재화 및 사업 다각화를 추진하고 있습니다. 기 설치 인프라를 기반으로 한 MRO",https://kind.krx.co.kr/external/2026/10/07/000402/20261007001096/00591.htm,True,2026post,20261007000329
금양,,유가증권,20261002,20261002000529,주주총회소집공고,True,True,True,True,6,AI(인공지능);데이터센터;클라우드·SW·빅데이터;2차전지·배터리;신재생·에너지·전력,데이터 센터 전력 공급 및 에너지 관리 사업 | ESS 및 에너지 저장 장치 관련 사업 | 데이터 센터 열 관리 사업 | 데이터 센터 설비 및 장비의 유지 보수 사업 | 데이터 센터 보안 사업 | 에이아이(AI) 플랫폼 및 에이아이(AI) 서비스 사업,물적분할에 따른 분할신설회사의 사업목적 반영 및 사업목적 정비,7 (감전동) (주)금양 9층 대강당 3. 회의목적사항 《 부의안건》 제1호 의안 : 정관 일부 변경의 건(사업목적 추가 및 변경) - 27. 데이터 센터 전력 공급 및 에너지 관리 사업 - 28. ESS 및 에너지 저장 장치 관련 사업 - 29. 데이터 센터 열 관리 사업 - 30. 데이터 센터 설비 및 장비의 유지 보수 사업,https://kind.krx.co.kr/external/2026/10/02/000529/20261002001212/00591.htm,True,2026post,20261002000313
다보링크,,코스닥,20261002,20261002000251,[정정]주주총회소집공고,False,True,True,True,64,AI(인공지능);로봇;클라우드·SW·빅데이터;반도체;우주항공;바이오·헬스케어;신재생·에너지·전력;엔터·콘텐츠·게임;화장품·뷰티;식품·농업·외식,"로봇, 로봇 부품제조 및 판매업 | 로봇 자동화 기계, 설비 제조 및 판매업 | 산업용, 연구용, 군사용, 전문서비스용, 로봇 하드웨어 및 소프트웨어 수출입, 개발제작, 임대, 가공 및 용역업 | 지능형로봇 제조 및 판매업 | 지능형로봇 부품 제조 및 판매업 | 산업용로봇 제조 및 판매업 | 로봇부품 및 부분품 유통업 | 군사용로봇 제조 및 판매업 | 극한작업용로봇 제조 및 판매업 | 로봇 및 로봇시스템의 연구, 개발, 제조, 생산, 판매 및 유통업 | 산업용 로봇, 서비스로봇, 협동로봇 및 자동화설비 제조업 | 로봇부품, 센서, 제어장치, 구동장치 및 주변기기 제조·판매업 | 인공지능(AI) 기반 로봇 소프트웨어 개발 및 공급업 | 로봇 관련 수출입업 및 무역업 | 로봇 관련 플랫폼 구축 및 데이터 서비스업 | 광 트랜시버 칩의 연구개발, 설계, 제조 및 판매업 | 광반도체, 광집적회로(PIC), 실리콘 포토닉스 칩의 연구개발, 제조 및 판매업 | 광통신용 송수신 모듈 및 부품의 연구개발, 제조 및 판매업 | 광통신용 장치 및 광 계측기 제작 및 판매 | 엔터테인먼트업 | 엔터테인먼트관련 투자 컨설팅업 | 매니지먼트업 | 멀티미디어 콘텐츠 개발,기획,제작 및 판매 | 뉴미디어서비스 사업 및 그와 관련된 제작유통, 서비스업 | 음악 콘텐츠 제작, 배급 및 유통판매 | 공연기획 및 제작 | 영상기획, 제작 및 판매 | 방송용(공중파, 위성, 케이블, 인터넷 및 기타방송) 프로그램의 제작 및 국내외 판권구입, 배급, 상영, 판매업 | 영화, 드라마, 뮤지컬, 애니메이션 등 각종 영상 프로그램 제작 및 투자, 국내외 판권구입, 배급, 상영, 판매업 | 비디오, DVD, VCD, VOD, DMB등 영상물의 제작, 복사, 서비스 및 국내외 판매업 | PPL 및 BPL등을 통한 광고 대행업 | 광고행사 기획 및 국내외 프로모션 | 광고물 제작 대행업 | 캐릭터, 게임물 등의 제작, 수출, 배급 및 기타 관련사업 | 연예대행업(흥행알선) | 연예보조업 | 인터넷 광고업 | 인터넷 서비스 | 음반의 제작 및 유통 판매업 | 음반의 도소매업 | 각종 음향물 녹음제작업 | 저작권 대리중개업- 이벤트사업(각종행사의 기획, 연출, 제작) | 인테리어(방송국실내인테리어) | 외식사업 | 의류, 신발용품 도소매업 및 무역업 | 식자재 및 가공식품 유통업 | 신재생에너지 사업 | 신에너지 개발 및 제조업 | 신재생에너지 개발 및 제조업 | 세포 치료제 및 치료기술 연구개발 및 제조업 | 의약외품 및 의약품 원료 연구개발 및 제조업 | 화장품 및 화장품 원료 연구개발 및 제조업 | 외국인 환자 유치업 | 바이오 의약품 및 의약품 원료 연구 개발 및 제조업 | 화장품 개발, 제조, 마케팅 및 유통관련업 | 세포 가공 및 세포 배양 관련 연구개발 및 제조업 | 건강기능식품 및 건강기능식품 원료 연구개발 및 제조업 | 의료진단장비 연구개발 및 제조업 | 원자재 수출입업 | 액체연료 및 관련제품 도매업 | 염료 안료 관련제품 도매업 | 기타 화학물질 및 화학제품 도매업 | 기타 화학제품 제조업 | 잉크 페인트 코팅제 세제 제조업",불필요한 사업목적 삭제 / 신규 사업목적 추가,,https://kind.krx.co.kr/external/2026/10/02/000251/20261002000490/00591.htm,True,2026post,20261002000097
신테카바이오,,코스닥,20260930,20260930001208,[정정]주주총회소집공고,True,True,True,True,17,AI(인공지능);데이터센터;클라우드·SW·빅데이터;바이오·헬스케어;반려동물(펫);부동산·임대·건설;화장품·뷰티;식품·농업·외식,"Ⅰ. 바이오 검진, 진단 플랫폼 사업 | Ⅰ. 유전체 분석 및 정밀 의료 사업 | Ⅰ. 체외 진단, 분자 진단 및 유전체 진단사업 | Ⅰ. 동물용 체외 진단, 분자진단 및 유전체 진단 사업 | Ⅰ. 전문의약품 및 일반의약품의 제조·유통·판매사업 | Ⅰ. 동물용 의약품 및 동물용 백신의 제조·유통·판매사업 | Ⅰ. 축산 방역 관련 연구, 개발 및 제품 제조·유통·판매사업 | Ⅰ. 동물 의학 관련 연구, 개발 사업 | Ⅰ. 의료기기 및 체외 진단, 의료 기기의 제조·유통·판매사업 | Ⅰ. 건강기능식품의 개발·제조·유통·판매사업 | Ⅰ. 동물용 건강기능식품 및 반려동물 헬스케어 제품의 개발·제조·      유통·판매사업 | Ⅰ. 데이터센터 구축·운영·임대 및 AI·클라우드 사업 | Ⅰ. 에이아이(AI) 기반 헬스케어, 디지털 헬스 및 바이오 융합사업 | Ⅰ. 기능성 소재 및 제품(사료첨가제, 식품, 건강기능식품, 화장품, | 의약품, 헬스케어등)의 연구개발 및 제조판매업 | Ⅰ. 노화방지와 관련된 검사관리시스템개발·공급·운영업 | Ⅰ. 부동산 개발 및 매매·임대업",신성장 동력 확보 및 신규 사업 추진을 위한 사업목적 추가,"과 운영 경험을 바탕으로, 바이오 기업의 기업가치 제고를 지원하는 디지털 솔루션 구축 사업(SI 서비스)을 신규 사업으로 추진하고 있습니다. 본 사업은 바이오 산업에 특화된 전략적 콘텐츠 설계 및 디지털 플랫폼 구축을 통해, 고객사가 보유한 파이프라인, 연구 성과, 핵심 인력 및 기술 정보를 투자자 및 시장에 명확히 전달할 수 있",https://kind.krx.co.kr/external/2026/09/30/001208/20260930002559/00591.htm,True,2026post,20260930000814
모델솔루션,,코스닥,20260930,20260930000208,주주총회소집공고,True,True,True,True,3,바이오·헬스케어;화장품·뷰티,"화장품 판매업 | 미용기기 개발, 제조 및 판매업 | 의료기기 개발, 제조 및 판매업",신사업으로 인한 사업목적 신설,". 보고사항 : - 감사보고 나. 결의사항 : - 제1호 의안 : 정관 일부 변경 승인의 건 제1-1호 : 사업목적 추가(제2조) 제1-2호 : 사외이사 명칭 및 선임비율 변경(제35조) 4. 경영참고사항 비치 상법 제 542조의 4에 의거 경영참고사항을 당사 인터넷 홈페이지에 게재하고 본점과 국민은행 증권대행부에 비치하였으며,",https://kind.krx.co.kr/external/2026/09/30/000208/20260930000535/00591.htm,True,2026post,20260930000150
CSA 코스믹,,코스닥,20260929,20260929000908,주주총회소집공고,True,True,True,True,1,,자동차 수출입업,사업목적 다각화,관 일부 변경의 건 제2-1호 의안: 1주의 금액 변경(액면병합: 100원 → 200원) 제2-2호 의안: 사업목적 변경 4. 실질주주의 의결권 행사에 관한 사항 예탁결제원의 의결권 행사(섀도우보팅) 제도가 2018년 1월 1일부터 폐지됨에 따라 한국예탁결제원이 주주님들의 의결권을 행사할 수 없습니다. 따라서 주주님께서는 한국예,https://kind.krx.co.kr/external/2026/09/29/000908/20260929001892/00591.htm,True,2026post,20260929000608
제이케이시냅스,,코스닥,20260929,20260929000861,[정정]주주총회소집공고,True,True,True,True,1,,"사업, 경영자문(Consulting), 기업 인수합병 주선 및 기업 구조 조정업",사업 다각화에 따른 사업목적 추가,건 제1-1호 의안 : 사내이사 임지현 선임의 건 제2호 의안 : 정관 일부 변경의 건 제2-1호 의안 : 사업목적 추가의 건 제2-2호 의안 : 상법 개정에 따른 정관 변경의 건 제3호 의안 : 결손 보전 및 자본준비금의 이익잉여금 전입의 건 4. 경영참고사항 비치 상법 제542조의4에 의거하여 경영참고사항을 당사 본사 및 한,https://kind.krx.co.kr/external/2026/09/29/000861/20260929001812/00591.htm,True,2026post,20260929000577
알엔투테크놀로지,,코스닥,20260929,20260929000483,주주총회소집공고,False,True,True,True,5,,"이 회사는 주식회사 | 스퀘어텍 | 이라고 한다. 영문으로는 | Square Tech Co., Ltd. | 라 표기한다",신규사업 진출 및 기업 가치 향상,,https://kind.krx.co.kr/external/2026/09/29/000483/20260929001179/00591.htm,True,2026post,20260929000374
이엠앤아이,,코스닥,20260929,20260928000922,[정정]주주총회소집공고,True,True,True,True,40,클라우드·SW·빅데이터;엔터·콘텐츠·게임;식품·농업·외식;교육,"교육서비스업(입시학원, 보습학원, 외국어학원 등) | 학원 운영업 및 학원 관련 사업 | 기숙학원 운영업 | 사설 강습소 운영업 | 평생교육시설 운영업 | 원격교육서비스업 및 온라인을 통한 교육서비스업 | 위탁교육업 | 국내외 연수 및 연수원 운영업 | 교육프랜차이즈, 학원체인화 및 프랜차이즈업 | 입시, 학원 및 교육 관련 자문·컨설팅업 | 교육정보화 사업 및 관련 경영컨설팅업 | 입시정보 제공업 | 입시 관련 이벤트업 | 교육 관련 자격시험의 검정, 평가 및 컨설팅 서비스업 | 국내외 정보활용능력 관련 자격 검정 및 평가업 | 교육 콘텐츠의 기획, 개발, 제작, 공급 및 판매업 | 유·무선, 인터넷 및 모바일을 통한 교육 콘텐츠 제공 서비스업 | 동영상 및 미디어 교육 콘텐츠의 기획, 제작, 공급 및 서비스업 | 교육용 소프트웨어 및 교육솔루션의 개발, 제작, 판매 및 공급업 | 교수·학습 프로그램의 개발 및 공급업 | 학원관리 프로그램, 학습관리시스템 및 모바일 애플리케이션의 개발, 판매 및 공급업 | 소프트웨어 자문, 개발 및 공급업 | 부가통신사업 | 인터넷 및 모바일 서비스업 | 영상 및 방송통신 서비스업 | 인터넷 광고업 | 교과서, 학습서적, 학습교재 및 교육교재의 개발, 제작 및 출판업 | 학습지의 개발, 제작, 출판 및 배부사업 | 출판 및 인쇄업 | 서적 및 교재 도·소매업 | 교육관련물 및 교육용품의 제조, 판매, 대여 및 도·소매업 | 서적, 음반 및 비디오물의 제조, 판매 및 대여업 | 전자상거래업 및 통신판매업 | 인력 파견업 | 강사 파견사업 | 강사훈련 및 수급지원사업 | 외국인 강사 알선업 | 유학 관련 사업 | 음식점, 식당, 매점 및 자판기 운영업 | 체력단련시설 운영업",신규추가 및 순번 변경 36. ~ 75. 신규 추가 76. 기존 36.에서 76.으로 순서변경,"갈 수 있는 구조를 갖추고 있습니다. (4) 신규 시장 침투 이와 함께 당사는 중장기적 성장을 위해 다양한 신규 사업도 적극적으로 추진하고 있습니다. 우선, 미국 슈뢰딩거(Schrodinger)와 협력하여 AI·시뮬레이션 기반 신소재 개발 사업을 확대하고 있으며, 당사의 R&D 관계사인 이머지랩스(Emerge Labs)는 차세대 ",https://kind.krx.co.kr/external/2026/09/28/000922/20260928001897/00591.htm,True,2026post,20260928000397
엠젠솔루션,,코스닥,20260928,20260928000843,주주총회소집공고,True,True,True,True,24,AI(인공지능);데이터센터;클라우드·SW·빅데이터;바이오·헬스케어;2차전지·배터리;신재생·에너지·전력;부동산·임대·건설;탄소·환경,"부동산 매매업, 임대업 및 부동산 관리업 | 원유정제분해업 | 벙커씨(Bunker-C), 벙커비(Bunker-B) 크래킹 고도화사업 | 나프타 크래킹 석유화학업 | 신재생에너지, 폐기물 및 폐자원 기반 전기, 발전사업 | 전기, 발전사업 개발, 건설 및 운영 유지관리사업 | 에너지저장(ESS)관련 설비의 개발, 제조, 설치 및 운영사업 | 환경 및 의료폐기물, 에너지, 산업플랜트의 설계, 제작, 시공(설치) 및 운영사업 | 각종 플랜트, 열분해 및 고분자분해 산업설비의 제조 판매, 임대 및 유지보수사업 | 폐기물 및 폐자원의 열분해 및 자원화사업 | 폐플라스틱, 폐타이어, 폐윤활유 등 폐기물 재활용사업 | 폐기물(의료폐기물) 및 폐자원의 수집, 운반 처리업 | 대체에너지, 석유화학, 원유정제 파생상품 등 위험물 주선 및 특수차량 운수업 | 각종플랜트 관련 기술용역 및 위탁관리운영 용역업 | 데이터센터(인공지능 데이터센터 및 고성능 컴퓨팅 시설 포함)의 개발, 건설, 소유, 운영 및 관리업 | 데이터센터 시설의 임대업 및 코로케이션(Colocation) 서비스업 | 서버 호스팅 및 관련 데이터 처리 서비스업 | 전기설비 및 냉각설비의 설치, 운영 및 유지관리업 | 부가통신사업 | 부동산 개발 및 공급업 | 부동산 개발 관련 기획, 컨설팅 및 자문업 | 토지 매입, 개발 및 분양업 | 부동산 투자 및 프로젝트 금융 관련 업무 | 제1조(시행일) 본 정관은 2026년 10월 13일부터 시행한다.","사업목적 추가에 따른 시행일 설정 / 신규사업 추진에 따른 사업목적 변경 및 추가, 조문번호 변경","제1-5호 의안 : 독립이사 함윤근 선임의 건 ■ 제2호 의안 : 정관 일부 변경의 건 제2-1호 의안 : 사업목적 변경 및 추가의 건 ■ 제3호 의안 : 이사 해임의 건 제3-1호 의안 : 사내이사 이혁희 해임의 건 4. 경영참고사항 등 비치 상법 제542조의4에 의거 경영참고사항을 우리 회사의 본점, 금융위원회, 한국거래소 ",https://kind.krx.co.kr/external/2026/09/28/000843/20260928001783/00591.htm,True,2026post,20260928000375
유니켐,,유가증권,20260928,20260928000529,[정정]주주총회소집공고,False,True,True,True,5,AI(인공지능);로봇;클라우드·SW·빅데이터,"지능형.휴머노이드 및 피지컬 인공지능 기반 로봇용 전자피부.외피.외장재. 부품의 연구개발.제조 판매업 | 로봇용 촉각.압력.전단력 센서 및 햅틱 인터페이스 .시스템의 연구개발.제조.판매업 | 스마트 피혁,전자섬유.유연전자 융복합 소재.부품의 연구개발.제조 .판매업 | 로봇 학습용 촉각 데이터 수집장치 및 센서 인터페이스.연동 소프트웨어의 개발.공급업 | 호~34호 관련 기술이전,라이선스,공동연구개발.위탁생산.국내외 합작투자.수출입업",사업다각화를 통한신성장 동력 확보,,https://kind.krx.co.kr/external/2026/09/28/000529/20260928001355/00591.htm,True,2026post,20260928000313
나우로보틱스,,코스닥,20260928,20260928000232,주주총회소집공고,True,True,True,True,4,로봇;방산,"서비스용 로봇 및 그 부품의 개발, 제조, 조립 및 판매업 | 군사용·국방용 로봇 및 그 부품의 개발, 제조, 조립 및 판매업 | 군수용 물자·장비 및 그 부품의 개발, 제조, 조립, 판매, 수출입 및 유통업 | 군수용 물자·장비 및 로봇의 설치, 정비, 유지보수, 성능개량 및 관련 서비스업",- 등기부 표기와 통일 - 사업추가 - 사업추가 - 사업추가 - 사업추가 - 등기부 표기와 통일,"·소프트웨어·자율주행 기술을 융합한 차세대 로봇 솔루션을 개발·공급하고, 국내외 제조·물류 시장을 중심으로 사업 영역을 확대해 나갈 계획입니다. (나) 공시대상 사업부문의 구분 당사는 별도의 공시대상 사업부문을 구분하지 않고 있습니다. 다만 제품 및 용역의 특성에 따라 주요 제품군을 산업용 로봇, 로봇 자동화 시스템, EOAT 및",https://kind.krx.co.kr/external/2026/09/28/000232/20260928000729/00591.htm,True,2026post,20260928000145
이스트에이드,,코스닥,20260923,20260923000707,주주총회소집공고,True,True,True,True,8,AI(인공지능);엔터·콘텐츠·게임,"실물영화(실사영상), 드라마, 광고 등 영상콘텐츠의 기획, 개발, 제작, 투자, 촬영, 편집 및 후반작업업 | 실물영화, 애니메이션 및 기타 영상콘텐츠의 직접 제작, 배급, 수입, 수출, 유통 및 판매업 | 영화 및 영상콘텐츠의 관리, 운영 및 처분업 | 배우, 모델 등 출연자의 초상권, 성명권, 음성권 및 퍼블리시티권의 취득, 관리 및 이용사업 | 디지털휴먼, 가상캐릭터 및 영상 생성 콘텐츠의 개발, 제작 및 서비스업 | 영상, 이미지, 음성 데이터의 수집, 가공, 분석 및 인공지능(AI) 학습용 데이터 구축·활용 사업 | 영화, 영상콘텐츠, 디지털휴먼, 캐릭터 등과 관련된 지식재산권(IP)의 개발, 취득, 관리, 이용, 라이선스 및 사업화 | 영상콘텐츠 및 캐릭터 상품의 도매업, 소매업 및 유통업",신규사업 진행을 위한 목적 추가,"넷 기업의 주요 매출원은 검색광고, 디스플레이광고 등 온라인 및 모바일 광고 등으로 구성되어 있으며 이러한 사업영역은 오프라인 산업 대비 상대적으로 경기변동과 상관관계가 높지 않다고 할 수 있습니다. 특히 온라인광고는 대기업뿐 아니라 중소기업, 자영업자 등 광고주 구성이 다양해 전통 매체 광고시장보다는 경기 민감도가 낮은 편입니",https://kind.krx.co.kr/external/2026/09/23/000707/20260923001738/00591.htm,True,2026post,20260923000610
휴럼,,코스닥,20260922,20260922000091,주주총회소집공고,True,True,True,True,5,클라우드·SW·빅데이터;바이오·헬스케어,바이오소재 및 생명공학 관련 제품의 판매 및 수출입업 | 의료기기 도소매업 및 수출입업 | 창고업 및 물류 대행업 | 마케팅 및 광고 대행업 | 소프트웨어 개발 및 공급업,목적 사업 추가," 2층 회의실 3. 회의목적사항 가. 부의안건 제1호 의안 : 정관 일부 변경의 건(상법 개정사항 반영 및 사업목적 추가) 제2호 의안 : 대표이사 보수한도액 승인의 건 제3호 의안 : 대표이사 외 사내이사 및 사외이사 보수한도액 승인의 건 4. 경영참고사항 비치 상법 제542조의4에 의거 경영참고사항을 당사의 본점, 금융위원회",https://kind.krx.co.kr/external/2026/09/22/000091/20260922000143/00591.htm,True,2026post,20260922000038
모아데이타,,코스닥,20260922,20260921000657,[정정]주주총회소집공고,True,True,True,True,42,AI(인공지능);로봇;데이터센터;클라우드·SW·빅데이터;반도체;신재생·에너지·전력;부동산·임대·건설;엔터·콘텐츠·게임;탄소·환경;교육,"소프트웨어 개발, 자문 및 공급업, 컴퓨터 프로그래밍업, 시스템 통합 자문·구축 및 관리업 및 정보처리 서비스업 | 하드웨어, 컴퓨터 주변기기 및 영상·음향기기의 개발, 제조 및 공급업 | 소프트웨어, 컴퓨터 및 주변기기, 서버, 스토리지, 네트워크 장비 등 IT 관련 장비의 판매, 유통 및 도소매업 | 전자상거래 및 통신판매업 | 시스템 통합 자문·구축·운영·관리 및 정보처리 서비스업 | 컴퓨터 및 주변기기, 소프트웨어, 서버 및 IT 장비의 서비스, 판매, 유통, 도소매 및 임대업 | 아이티(IT) 관련 컨설팅, 통합 솔루션 제공 및 시스템의 기획, 설계, 구축, 운영, 관리 및 유지보수 사업 | 아이티(IT) 관련 교육사업, 호스팅 및 관련 서비스업 | 하드웨어, 소프트웨어, IT 관련 장비 및 솔루션의 판매, 재판매 또는 임대업 (중략) | 무선통신 장비, 유·무선 네트워크 장비 및 5G 네트워크 장비의 개발, 제조, 조립, 판매, 유통 및 수출입업 | 서버, 스토리지, 네트워크 장비, 5G 네트워크 장비 등 IT 인프라 장비와 AI 인프라 및 데이터센터 관련 장비·부품의 개발, 제조, 조립, 판매, 유통, 도소매 및 수출입업 | 서버 및 IT 장비의 설치, 구축, 운영, 유지보수 및 기술용역 서비스업 | 데이터센터, 인터넷데이터센터(IDC), AI 데이터센터 및 집적정보통신시설의 기획, 개발, 설계, 시공, 구축, 이전, 소유, 임대, 운영, 관리, 유지보수 및 이와 관련된 컨설팅, 용역 및 공사업 | AI 서비스업(AI 베어메탈, AI 컴퓨팅 플랫폼, AI 에이전트, AI 로보틱스 및 기타 AI 시스템·서비스) | 데이터센터 관련 에너지 효율화, 신재생에너지 및 탄소배출권 관련 사업 | 데이터베이스 및 온라인 정보 제공업 | 정보통신업 및 기타 컴퓨터 운영 관련 서비스업 | 비주거용 건물 및 창고·운송 관련 시설 건설업 | 게임 소프트웨어 및 모바일·온라인·컴퓨터·콘솔 게임의 개발, 제작, 생산, 제조, 유통, 판매, 서비스 및 퍼블리싱(배급)업 | 가상현실(VR), 증강현실(AR) 및 확장현실(XR) 콘텐츠 개발 및 공급업 | 게임 캐릭터 및 브랜드 지식재산권(IP)의 라이선스, 제작 및 판매업 | 디지털 콘텐츠 제작, 유통, 판매 및 중개 서비스업 | 광고 대행, 마케팅 프로모션 및 인터넷 광고 관련 사업 | 게임 관련 상품 및 서비스의 유통, 무역업 및 수출입업 | 각종 상품의 도매 및 소매업 | 전기식 칠러용 부품의 개발, 제조 및 판매업 | 반도체 온도검사 관련 장비·부품·모듈 및 온도검사용 방열구조체의 개발, 제조, 조립, 판매, 수리 및 교환(AS)업 | 지피유(GPU) 및 씨피유(CPU) 방열용 액냉식 콜드플레이트의 개발, 제조 및 판매업 | 데이터센터용 열관리 시스템의 설계, 구축 및 보수업 | 데이터센터용 랙 및 관련 설비의 개발, 제조 및 판매업 | 데이터센터용 액체냉각 시스템 및 냉각장치의 개발, 제조 및 판매업 | 산업용 냉장 및 냉동장비 제조업 | 증류기, 열교환기 및 가스발생기 제조업 | 반도체 소자, 전자부품 및 반도체 장비용 핵심 부품·소재·전장품의 개발, 제조 및 판매업 | 반도체 제조용 기계 및 장비의 개발, 제조, 판매 및 유통업 | 반도체 검사장비 및 물질 검사·측정·분석기구의 개발 및 제조업 | 반도체 및 평판디스플레이(FPD) 제조용 장비 부품의 가공 및 표면처리업 | 반도체 장비의 설치(셋업), 개조(Retrofit), 유지보수 및 수리업 | 반도체 관련 기술용역, 시스템 엔지니어링 및 컨설팅업 | 반도체 장비 및 부품의 수출입업 및 무역대행업 | 산업용 기계 및 장비 수리업 | 연구개발업",신규 사업목적 변경 및 추가,"발, 제조, 판매 및 수출입업 46. 소프트웨어 및 펌웨어의 개발, 공급, 판매 및 기술용역업 47. 전기통신사업법에 따른 부가통신사업 및 관련 서비스업 48. 국내외 기업과의 합작투자, 기술제휴, 라이선스업 49. 위 각호에 관련된 무역업 50. 위 각호에 관련된 수출입업, 각종 위탁업 및 대행업 51. 위 각호와 관련된 제",https://kind.krx.co.kr/external/2026/09/21/000657/20260921001600/00591.htm,True,2026post,20260921000429
뉴보텍,,코스닥,20260918,20260918000069,주주총회소집공고,True,True,True,True,2,신재생·에너지·전력,태양광 발전사업 및 태양광 발전시설의 임대·관리 관련 사업 | 태양광 발전시설 설치를 위한 건물의 지붕 등 유휴공간의 임차·임대 및 관련 자산 관리사업,사업 다각화에 따른 사업목적 추가, 및 재활용을 기반으로 형성되는 시장으로 폐자원 회수 네트워크와 처리 역량이 중요한 역할을 합니다. (4) 신규사업 등의 내용 및 전망 당사는 기존 사업 경쟁력 강화를 위해 생산설비 개선 및 공정 효율화를 지속적으로 추진하고 있으며 이를 통해 생산성 향상과 원가 경쟁력 확보를 도모하고 있습니다. 또한 비굴착 보수·보강·갱생 기술,https://kind.krx.co.kr/external/2026/09/18/000069/20260918000108/00591.htm,True,2026post,20260918000023
리튬포어스,,코스닥,20260917,20260917000447,주주총회소집공고,True,True,True,True,10,클라우드·SW·빅데이터;반도체;바이오·헬스케어;엔터·콘텐츠·게임,"바이오 관련 소재 및 부품 제조업 | 반도체장비 제조 및 부품 판매업 | 게임 및 영화 제작, 유통업 | 게임 및 영화 제작물의 출판업 | 소프트웨어 개발 및 공급업 | 금속압형제품 제조업 | 기계부품 프레스 가공업 | 베어링 제조업 | 금형제조 및 판매 | 해외구매대행업",- 영위사업의 확장을 위한 사업목적 추가,"10, 2층 고우넷트레이닝센터 3. 회의 목적사항 가. 의결사항 - 제1호 의안 : 정관 일부 변경의 건 (사업목적 추가 및 오기 정정) - 제2호 의안 : 이사 선임의 건 2-1. 사내이사 명현식 선임의 건 ※ 의안의 세부내용은 ""Ⅲ.경영참고사항 2.주주총회 목적사항별 기재사항"" 을 참조하여 주시기  바랍니다. 4. 경영참고사",https://kind.krx.co.kr/external/2026/09/17/000447/20260917001152/00591.htm,True,2026post,20260917000279
베노티앤알,,코스닥,20260916,20260916000537,[정정]주주총회소집공고,True,True,True,True,35,로봇;반도체;바이오·헬스케어;2차전지·배터리;신재생·에너지·전력;모빌리티·전기차·자율주행;부동산·임대·건설;탄소·환경,"반도체,LCD,OLED,태양광, 2차전지 장비 제조업 | 초순수설비 | 정수설비 | 산업용 플랜트설비 | 정밀화학 화학물 제조 및 판매업 | 자동화기기와 동 부품 및 시스템의 조 및 도,소매업 | 자동측정, 제어장치와 동 부품 및 시스템의 제조 및 도,소매업 | 지능형 자동화 장비와 동 부품 및 시스템의 제조 및 도,소매업 | 스마트팩토리 물류자동화 기계장비 제조 및 도,소매업 | 폐전지 재활용업 | 기계설비공사업 | 기계설비공사 관련자재 도소매업 및 무역업 | 기계설비공사 관련 장비임대업 | 가스공사업 | 가스공사 관련 자재 도소매업 및 무역업 | 가스공사 관련 장비임대업 | 제조업, 도소매업 | 환경설비 | 폐기물 재활용업 및 처리업 | 폐유 정제 및 재생유 제조업 | 석유류 및 석유화학제품 제조업 및 판매업 | 폐기물 수집, 운반 및 중간 처리업 | 태양광 폐패널 재활용업 | 비철금속제품의 제조 및 판매업 | 기타 화학 물질 및 화학제품 판매업 | 수처리용 필터 및 역삼투막 제조 및 판매업 | 마이크로 그리드 운용 설치업 | 태양광 발전시스템 구축 및 운영업 | 태양열 발전시스템 구축 및 운영업 | 로봇용 소형에너지 발전장치업 | 에너지저장장치 개발 및 제조업 | 전기판매업 | 부동산개발업,부동산공급업,건물신축판매업 | 전기차 충전소 개발 및 판매업 | 운수 및 창고업","사업영역확대 및 신규성장동력 확보, 미영위 사업목적 삭제","액면병합의 건 제5호 의안 : 정관변경의 건 제5-1호 의안 : 1주의 금액 변경의 건 제5-2호 의안 : 사업목적추가 및 상법개정안 반영의 건 4. 경영참고사항 비치 상법 제542조의4에 의거 경영참고사항을 인터넷 홈페이지에 게재하고 본점과 명의개서대행회사(국민은행 증권대행부)에 비치하였으며, 금융위원회 및 한국거래소에 전자공",https://kind.krx.co.kr/external/2026/09/16/000537/20260916001431/00591.htm,True,2026post,20260916000468
육일씨엔에쓰,,코스닥,20260916,20260916000329,주주총회소집공고,True,True,True,True,25,바이오·헬스케어;반려동물(펫);부동산·임대·건설;화장품·뷰티,"세포치료제의 연구, 개발, 제조 및 판매업 | 의약품 및 의약외품의 연구, 개발, 제조, 도매 및 소매업 | 동물용 의약품의 연구, 개발, 제조, 수입, 수출, 도매 및 소매업 | 세포 가공 및 배양 용역업 | 세포 보관 및 공급업 | 줄기세포 관련 연구, 개발 및 사업 | 생명공학 관련 연구개발 및 연구용역업 | 의학 및 약학 관련 연구개발업 | 생명과학 관련 컨설팅업 | 비임상 및 임상시험 관련 사업 및 컨설팅업 | 임상병리 및 조직병리 서비스업 | 의료용품 및 기타 의약 관련제품의 제조, 도매 및 소매업 | 동물용 의료기기의 제조, 판매, 수입 및 수출업 | 화장품 및 화장품 원료의 연구, 개발, 제조, 판매 및 유통업 | 화장품 책임판매업 및 유통전문판매업 | 애완용동물 및 반려동물 관련용품 판매업 | 반려동물 용품 및 사료의 제조, 판매, 수입 및 수출업 | 애완동물 장묘 및 보호서비스업 | 인테리어 사업 | 건축공사업 | 시설물 관리 및 유지보수 서비스업 | 인테리어 기획, 설계 및 컨설팅업 | 가구 제작, 도매 및 소매업 | 시각디자인업 | 제품디자인업","신규사업 진출을 위한 사업목적 추가 및 미영위 사업목적 삭제, 자구수정","산법인 매각을 거치며 사업 구조 재편을 진행하였습니다. 또한 반기보고서 작성 기준일 이후 재무구조 개선 및 신규사업 재원마련을 확보하고자 종속기업인 주식회사 씨엔에이 지분을 전체 매각하였으며, 이에 따라 주력 사업은 기존 강화유리 중심에서 에듀테크 및 인공지능 플랫폼 중심으로 전환되었습니다. 향후 당사는 전환된 주력사업과 함께 ",https://kind.krx.co.kr/external/2026/09/16/000329/20260916000918/00591.htm,True,2026post,20260916000337
풍전약품,,코스닥,20260915,20260915000512,주주총회소집공고,False,True,True,True,7,바이오·헬스케어;부동산·임대·건설;화장품·뷰티;식품·농업·외식,"의약품, 원료의약품, 의약외품, 바이오의약품의 연구개발, 수탁 생산, 제조, 소분 및 도소매, 판매업 | 생물학적제제등의 연구개발, 수탁 생산, 제조, 소분 및 도소매, 판매업 | 건강기능식품, 건강보조식품, 기타 식품등의 연구개발, 수탁생산, 제조, 소분 및 도소매, 판매업 | 의료기기 도소매, 판매업 | 화장품 및 화장품 연료 등의 연구개발, 수탁생산, 제조, 소분 및 도소매, 판매업 | 줄기세포추출, 배양, 보관 및 판매업 | 부동산 매매, 관리, 임대 및 개발",사업목적 정비 및 변경,,https://kind.krx.co.kr/external/2026/09/15/000512/20260915001091/00591.htm,True,2026post,20260915000266
우림피티에스,,코스닥,20260914,20260914000228,주주총회소집공고,True,True,True,True,2,로봇,로봇엑추레이터 제조 및 판매업 | 기어박스 제조 및 판매업,1.주력사업 및 미래신사업 중심의 사업목적 재편 2.미영위 사업의 정리와 간소화," '산업용 기어박스'의 안정적 현금흐름을 바탕으로 방위산업, 항공부품, 로봇 엑추에이터 등 고부가가치 미래 신사업으로 R&D 역량과 생산설비 전환 배치를 선제적으로 단행하였습니다. 이를 통해 사업 전반의 기술적 부가가치를 극대화하고 중장기적으로 구조적인 수익성 개선을 추진하고 있습니다. 나. 회사의 현황 (1) 영업개황 당사는",https://kind.krx.co.kr/external/2026/09/14/000228/20260914000685/00591.htm,True,2026post,20260914000147
유디엠텍,,코스닥,20260911,20260911000633,주주총회소집공고,True,True,True,True,4,AI(인공지능);로봇;바이오·헬스케어;희토류·핵심광물·소재,"Physical AI·지능형 로봇 및 자율제조 사업 | MedicalPhysicalAI·헬스케어 로봇 사업 | AI개인맞춤형 헬스케어·푸드테크 사업 | 초전도, 신소재의 연구 개발 및 AI·Digital Twin 기반의 제조, 사업화, 기술서비스업",사업영역확대 및 신규성장동력 확보,"재합니다. (3) 경기변동의 특성 당사는 기계어처리 기반 산업용 AI 및 스마트제조 소프트웨어 제공을 주된 사업영역으로 영위하고 있으며, 산업용 AI 및 스마트제조 시장은 경기 변동에 영향을 받을 수 있고, 국내외 소비 심리 및 경기 변동, 경제성장, 각국 정부정책 등의 영향을 받을 수 있습니다. 따라서 거시경제의 악화에 따라 ",https://kind.krx.co.kr/external/2026/09/11/000633/20260911001493/00591.htm,True,2026post,20260911000538
벡트,,코스닥,20260911,20260911000423,주주총회소집공고,True,True,True,True,12,AI(인공지능);로봇;클라우드·SW·빅데이터;방산;탄소·환경;교육,"벡트로보틱스 | 라고 부른다. 또한, 영문회사명으로는 VECT | Robotics | VECT Robotics | 로봇, 로봇 부품 및 피지컬 인공지능(AI) 기반 제조용·국방용·특수목적용 로봇 시스템의 연구개발, 제조 및 판매업 | 로봇 자동화 기계·설비 및 시스템의 제조, 판매, 시스템 통합(SI), 구축, 운영 및 유지보수업 | 인공지능(AI) 및 로봇 관련 기술 자문, 컨설팅, 교육, 교육서비스 및 연구개발업 | 인공지능(AI) 기반 소프트웨어 및 알고리즘 개발업 | 로봇 제어용 소프트웨어 및 운영 플랫폼 개발업 | 로봇 시뮬레이션, 디지털 트윈 및 가상환경 기반 엔지니어링 소프트웨어 개발업 | 데이터 분석, 머신러닝, 지식그래프 및 검색증강생성(RAG) 기반 시스템 개발업 | 클라우드 기반 소프트웨어 서비스 및 플랫폼 구축 및 운영업",AI·로보틱스 사업 확대 및 구체화를 통한 미래 성장동력 확보 / 로보틱스 중심 신사업 정체성 강화 및 기업가치 제고," 크고, 연말 예산 집행 시기에 수요 집중 현상이 나타남. (4) 경쟁 요소 디지털 사이니지 생태계의 핵심 사업영역은 크게 '디지털기기(Terminals/Device)', '콘텐츠(Contents : 미디어아트 등)', '플랫폼(Platform)' , '네트워크(Network)' 부문으로 분류할 수 있습니다. 효과적인 디지털사이",https://kind.krx.co.kr/external/2026/09/11/000423/20260911001088/00591.htm,True,2026post,20260911000393
S&K폴리텍,,코스닥,20260911,20260911000360,주주총회소집공고,True,True,True,True,5,모빌리티·전기차·자율주행,"금속 제조업 | 금속 단조 표면 가공업 | 비철금속 제조, 단조업 | 비철금속 가공업 | 자동차부품 제조업",소규모 합병에 의한 사업목적 추가,"고 있으며, 삼성, LG 등 국내 전자제품 업체와 중화권 업체 등에 제품을 납품하고 있습니다. 또한 당사는 사업 다각화를 위해 2016년 SMT(표면실장기술) 사업을 영위하는 구 (주)엔피디를, 2017년에는 자동차용 와이퍼 블레이드 사업을 영위하는 구 (주)캐프를 각각 연결실체로 편입하였습니다. 2025년 5월 31일 구 (주)엔",https://kind.krx.co.kr/external/2026/09/11/000360/20260911000955/00591.htm,True,2026post,20260911000336
지역난방공사,,유가증권,20260911,20260911000085,주주총회소집공고,False,True,True,True,1,신재생·에너지·전력,「 재생에너지 개발·이용·보급 촉진법」에 따른 재생에너지사업과 「수소경제 육성 및 수소 안전관리에 관한 법률」에 따른 수소에너지사업 및 연료전지 등에 활용되는 에너지사업,법령 개정 반영 (사업목적 근거 법률 분법),,https://kind.krx.co.kr/external/2026/09/11/000085/20260911000172/00591.htm,True,2026post,20260911000034
E8,,코스닥,20260910,20260910000236,주주총회소집공고,True,True,True,True,4,AI(인공지능);데이터센터,"데이터센터업 | 데이터센터 설계, 운영, 구축 관련 운용업 및 이 사업과 관련되는 일체의 용역 및 공사업 | 인공지능 솔루션 연구 및 개발업 | 인공지능 기반제품의 개발, 생산 및 판매업",사업 확장을 위한 사업목적 추가,"나 모니터링 중심 디지털 트윈을 넘어, 데이터 이해부터 판단, 실행까지 이어지는 운영형 디지털 트윈을 핵심 사업 영역으로 하고 있습니다. 기술 체계는 물리 기반 예측부터 운영 의사결정까지 이어지는 통합 구조로 구성되어 있으며, 물리 기반 시뮬레이션과 AI 가속 예측을 수행하는 NFLOW Ai, 데이터를 의미 단위로 구조화하고 추론",https://kind.krx.co.kr/external/2026/09/10/000236/20260910000708/00591.htm,True,2026post,20260910000216
나노씨엠에스,,코스닥,20260909,20260908000675,[정정]주주총회소집공고,True,True,True,True,4,바이오·헬스케어;화장품·뷰티,"의료, 바이오제조및도소매 ← 「화장품」은 제20호로 이관 | 산업용특수잉크제조및도장, 도색, 증착업 | 화장품및그원부자재(안료및보안인쇄포함) 제조·유통업 | 화장품 용기 및 충진제 제조, 판매업",사업목적 추가 및 목록(번호) 정정,"시대의 흐름은 변화하지 않을 것이며, 이는 전력반도체 소재 산업의 성장을 견인할 것으로 예상합니다. (3) 신규사업 등의 내용 및 전망 (가) 위조방지 기능성 보안 소재 및 IT 분야 특수소재 사업 보안인쇄는 위조를 방지하여 불법 유통되는 제품을 줄이는 데 도움이 됩니다. 예를 들어, 화폐나 은행 수표에 적용되는 마이크로 인쇄는",https://kind.krx.co.kr/external/2026/09/08/000675/20260908001537/00591.htm,True,2026post,20260908000432
유니슨,,코스닥,20260908,20260908000573,주주총회소집공고,True,True,True,True,1,조선·해양,해운법에 따른 내항화물운송사업,- 신규사업 계획에 따른 사업목적 추가 - 조문번호 변경,감사의 감사보고 나. 부의안건 제1호 의안 : 정관 변경의 건 제1-1호 [이사회 제안] 제1-1-1호 : 사업목적 추가의 건 (제2조) 제1-1-2호 : 일주의 금액 변경의 건 (제6조) 제1-1-3호 : 의결권 대리행사 방식 변경의 건 (제28조) 제1-1-4호 : 독립이사 명칭 및 이사수 변경의 건 (제31조) 제1-1-5,https://kind.krx.co.kr/external/2026/09/08/000573/20260908001352/00591.htm,True,2026post,20260908000383
TJ미디어,,코스닥,20260908,20260908000465,주주총회소집공고,True,True,True,True,3,투자·금융,"노래방 운영 및 프랜차이즈업 | 국내외 법인 및 사업에 대한 출자, 투자 및 지분 취득업 | 주식, 사채, 집합투자증권 및 기타 유가증권에 대한 투자업",사업목적 추가,"참고사항 1. 사업의 개요 가. 업계의 현황 사업부문별 현황 국내 1위 노래반주기 사업을 기반으로 안정적인 사업영역을 구축하고 있습니다. 아래와 같이 크게 6개 부문으로 나누어 볼 수 있으며, 각 부문의 주요제품 및 서비스는 다음과 같습니다. 사업부문 주요 제품 비고 (1)노래반주기 부문 *영업용 반주기, 가정용 반주기, 전문가",https://kind.krx.co.kr/external/2026/09/08/000465/20260908001159/00591.htm,True,2026post,20260908000320
동아쏘시오홀딩스,,유가증권,20260907,20260907000355,주주총회소집공고,False,True,True,True,5,바이오·헬스케어;반려동물(펫);화장품·뷰티;식품·농업·외식,"의약품, 원료의약품, 의약부외품, 화공약품, 수의약품, 농예약품, 생물학적 의약품 등의 제조, 수출입 및 판매업 | 동물용 의약품 등의 제조, 수출입 및 판매업 | 건강기능식품, 건강기능식품 원료의 제조, 수출입 및 판매업 | 반려동물 사료, 용품 등의 제조, 수출입 및 판매업 | 의약품, 의약외품, 의료기기, 건강기능식품, 식품, 화장품, 생활용품 가공의 위수탁업",,,https://kind.krx.co.kr/external/2026/09/07/000355/20260907000944/00591.htm,True,2026post,20260907000187
광진실업,,코스닥,20260904,20260904000543,[정정]주주총회소집공고,False,True,True,True,43,AI(인공지능);로봇;데이터센터;클라우드·SW·빅데이터;반도체;바이오·헬스케어;2차전지·배터리;모빌리티·전기차·자율주행;화장품·뷰티;식품·농업·외식,"세포치료제의 개발, 제조, 판매 및 도소매업 | 세포배양을 위한 배양액 원료의 개발, 제조, 판매 및 도소매업 | 생물학적 제제의 개발, 제조, 판매, 도소매업 | 의료기기의 개발, 제조, 판매 및 도소매업 | 생체재료의 개발, 제조, 판매 및 도소매업 | 동물의약품 및 동물의료기기의 제조, 개발, 판매 및 도소매업 | 의약품, 의약부외품, 수의약품(獸醫藥品)의 개발, 제조, 판매 및 도소매업 | 의료용품, 의료용구, 위생용품의 개발, 제조, 판매 및 도소매업 | 건강기능식품의 개발, 제조, 판매 및 도소매업 | 화장품의 개발, 제조, 판매 및 도소매업 | 의약품 원료, 건강기능식품 원료, 화장품 원료의 제조, 판매 및 소분매매업 | 로봇, 로봇 부품제조 및 판매업 | 로봇 자동화 기계, 설비 제조 및 판매업 | 산업용, 연구용, 군사용, 전문서비스용, 로봇 하드웨어 및 소프트웨어 수출입, 개발제작, 임대, 가공 및 용역업 | 지능형로봇 제조 및 판매업 | 지능형로봇 부품 제조 및 판매업 31, 산업용로봇 제조 및 판매업 32, 로봇부품 및 부분품 유통업 | 군사용로봇 제조 및 판매업 | 극한작업용로봇 제조 및 판매업 | 로봇 및 로봇시스템의 연구, 개발, 제조, 생산, 판매 및 유통업 | 산업용 로봇, 서비스로봇, 협동로봇 및 자동화설비 제조업 | 로봇부품, 센서, 제어장치, 구동장치 및 주변기기 제조·판매업 | 인공지능(AI) 기반 로봇 소프트웨어 개발 및 공급업 39 로봇 관련 수출입업 및 무역업 | 로봇 관련 플랫폼 구축 및 데이터 서비스업 | 광 트랜시버 칩의 연구개발, 설계, 제조 및 판매업 | 광반도체, 광집적회로(PIC), 실리콘 포토닉스 칩의 연구개발, 제조 및 판매업 | 광통신용 송수신 모듈 및 부품의 연구개발, 제조 및 판매업 | 광통신용 장치 및 광 계측기 제작 및 판매 | 광소자 패키징 도급 용역 | 광소자 및 광소자 패키징 기술개발 용역 | 광센서 부품 개발 및 제조, 판매 | 광센서 응용기기 개발 및 제조, 판매 | 광학부품, 광케이블 및 광통신 관련 소재의 제조 및 판매업 | 통신장비, 데이터센터 및 AI 서버용 광통신 부품의 개발 및 판매업 | 전기, 전자, 통신기기의 개발 및 제조, 판매 | 차전지 배터리 셀 모듈 제조, 판매, 유통 및 수출입업 | 차전지 모듈부품 제조, 판매, 유통 및 수출입업 | 퍼스널모빌리티 배터리 팩 제조, 판매, 유통 및 수출입업 | 전기자동차(2륜, 3륜, 4륜) 제조, 판매, 유통 및 수출입업 | 전기자동차(2륜, 3륜, 4륜), 퍼스널모빌리티 관련 부품 제조, 판매, 유통 및 수출입업 | 전기자동차(2륜, 3륜, 4륜) 관련부품 악세서리 제조, 판매, 유통 서비스 및 수출입업 | 비철금속 제조업 | 비철금속 유통업 | 비철금속 판매업",사업 목적 추가,,https://kind.krx.co.kr/external/2026/09/04/000543/20260904001433/00591.htm,True,2026post,20260904000406
비케이홀딩스,,코스닥,20260903,20260903000671,주주총회소집공고,True,True,True,True,23,AI(인공지능);로봇;데이터센터;클라우드·SW·빅데이터;바이오·헬스케어;신재생·에너지·전력;희토류·핵심광물·소재;부동산·임대·건설;투자·금융;탄소·환경,"디스플레이 제조 및 판매업 | 디스플레이 제조 연구, 개발업 | 디스플레이 관련 설비건설 및 컨설팅업 | 액정화면 제조 및 판매업 | 필름 도소매업 | 필름 제조, 공정, 가공업 | 필름 코팅업 | 산업용 재화 도소매업 | 자동문 제조 및 도소매업 | 창호 제조 및 도소매업 | 유리 제조 및 도소매업 | 서버, 스토리지, 네트워크 장비 등 IT 인프라 장비의 제조, 조립, 판매 및 유통업 | AI 인프라 및 데이터센터 관련 장비·부품의 도소매 및 수출입업 | 서버 및 IT 장비의 설치, 구축, 운영, 유지보수 및 기술용역 서비스업 | 데이터센터, 인터넷데이터센터(IDC), AI 데이터센터 및 집적정보통신시설의 기획, 개발, 설계, 시공, 구축, 이전, 소유, 임대, 운영, 관리, 유지보수 및 이와 관련된 컨설팅, 용역, 공사업 | AI 서비스업 ― AI 베어메탈, AI 컴퓨팅 플랫폼, AI 에이전트, AI 로보틱스 및 기타 AI 시스템·서비스 일체 | 데이터센터 관련 에너지 효율화, 신재생에너지 및 탄소배출권 관련 사업 | 데이터베이스 및 온라인 정보제공업 | 한국전자통신연구원이 출자 또는 이전한 기술의 사업화 | 투자업 및 투자자문업 | 석탄재 등 산업부산물 및 순환자원의 수집·운반·처리·재활용 및 이를 활용한 제품의 제조·판매업 | 석탄재 및 광물자원으로부터 희토류·희소금속 등 유가금속의 추출·분리·정제·가공 및 제조·판매·수출입업 | 이산화탄소 포집·활용(CCU) 기술을 이용한 시멘트·콘크리트 혼화재 등 건설자재의 제조·판매업 및 온실가스 배출권의 확보·거래·중개업",사업 다각화에 따른 사업목적 추가,하여 당사 매출에 대한 시장점유율을 표시할 수 없습니다. (3) 시장의 특성 가. 업계의 현황 참조 (4) 신규사업 등의 내용 및 전망 주총소집통지일 현재 진행중인 신규사업은 없습니다. (5) 조직도 조직도 2. 주주총회 목적사항별 기재사항 □ 정관의 변경 제1호 의안: 정관 변경의 건 가. 집중투표 배제를 위한 정관의 변경 또,https://kind.krx.co.kr/external/2026/09/03/000671/20260903001672/00591.htm,True,2026post,20260903000392
멤레이비티,,코스닥,20260903,20260903000653,주주총회소집공고,True,True,True,True,18,클라우드·SW·빅데이터;우주항공;모빌리티·전기차·자율주행;엔터·콘텐츠·게임;교육,"모바일 어플리케이션 및 응용 소프트웨어 개발업 | 모바일 콘텐츠 개발 및 판매업 | 소형항공운송사업 및 부정기 항공운송 관련 사업 | 비즈니스 항공, 프라이빗 항공 및 회원제 항공서비스업 | 항공기 운항지원, 운항관리, 항공안전관리 및 관련 서비스업 | 항공기 임대, 대여, 관리 및 항공기 공동이용 관련 사업 | 항공기 공동소유 및 공동이용 프로그램의 관리·운영업 | 항공기 정비관리, 정비위탁관리, 지상조업, 항공보안 및 항공보험 관련 자문·지원업 | 국내외 항공편 예약, 중개, 알선, 대리 및 관련 서비스업 | 항공운송사업자와의 제휴, 판매 및 마케팅 지원업 | 여행업, 국내외 여행알선업 및 여행 관련 컨시어지 서비스업 | 차량, 숙박, 의전, 보안, 통역 등 고급 이동·체류 서비스의 중개 및 알선업 | 항공, 여행, 모빌리티 관련 온라인 플랫폼 및 소프트웨어 개발·운영업 | 산업용 송풍기 및 배기장치 제조업 | 실험실 배기장치(홈후드) 제조업 | 실험실 클린장비 제조업 | 교육 및 실험용 과학 기기 제조업 | V.A.V. 자동제어 시스템 제조업",신규사업 진출,BunkerM 3. 회의목적사항 가. 부의사항 제1호 의안 : 정관 일부 변경의 건 - 제1-1호 의안 : 사업목적 추가의 건 - 제1-2호 의안 : 주식금액 등 변경의 건 - 제1-3호 의안 : 이사회 및 감사 구성 변경의 건 제2호 의안 : 이사 선임의 건 - 제2-1호 의안 : 사내이사 송승호 선임의 건 - 제2-2호 의안,https://kind.krx.co.kr/external/2026/09/03/000653/20260903001647/00591.htm,True,2026post,20260903000380
만호제강,,유가증권,20260903,20260903000393,주주총회소집공고,True,True,True,True,1,신재생·에너지·전력,태양광 발전 및 신재생에너지 발전·판매업 13 전 각호에 부대되는 일체사업,경영활동 추가,관 일부 변경의 건 - 제2-1호 의안 : 정관 제1조 : 상호변경 - 제2-2호 의안 : 정관 제2조 : 사업목적 추가 - 제2-3호 의안 : 정관 제9조 3항 : 명의개서 대리인 문구변경 - 제2-4호 의안 : 정관 제26조 : 이사의 임기 변경 - 제2-5호 의안 : 정관 제33조 3~5항 : 이사 퇴직보상금 규정 추가 -,https://kind.krx.co.kr/external/2026/09/03/000393/20260903001060/00591.htm,True,2026post,20260903000222
마음AI,,코스닥,20260902,20260902000259,주주총회소집공고,True,True,True,True,2,로봇,"로봇 하드웨어 개발, 제조, 판매, 임대, 구독, 서비스업 | 그 외 기타 특수목적용 기계 제조업",신규 사업 추진을 위하여 사업목적을 추가함,e-Action)모델' 보유 여부가 핵심 경쟁력으로 부상하고 있습니다. ② 주요 경쟁업체 현황 당사의 주요 사업 영역과 겹치는 경쟁사들의 현황 및 특징은 다음과 같습니다. 기업명 분야 특징 코난테크놀로지 AI 검색 및영상 분석 자체 LLM '코난 LLM'을 기반으로 국방 지능화 및 대형 공공 프로젝트에 강점이 있음. 특히 영상 속,https://kind.krx.co.kr/external/2026/09/02/000259/20260902000838/00591.htm,True,2026post,20260902000162
넥사다이내믹스,,코스닥,20260901,20260901000608,[정정]주주총회소집공고,True,True,True,True,7,AI(인공지능);로봇;데이터센터;클라우드·SW·빅데이터,"서버, 스토리지, 네트워크 장비 등 IT 인프라 장비의 제조, 조립, 판매 및 유통업 | GPU 서버 및 고성능 컴퓨팅(HPC) 시스템의 제조, 조립, 판매, 임대 및 유지보수업 | AI 인프라 및 데이터센터 관련 장비·부품의 도매, 소매 및 수출입업 | 서버 및 IT 장비의 설치, 구축, 운영, 유지보수 및 기술용역 서비스업 | 데이터센터의 시행, 개발, 운영 및 관리업 | 데이터센터 시설의 기획, 설계, 시공 및 임대업 | AI 서비스업 ― AI 베어메탈, AI 컴퓨팅 플랫폼, AI 에이전트, AI 로보틱스 및 기타AI 시스템·서비스 일체",사업다각화,0%) 찬 반 여 부 1 2026-01-02 사규 개정의 건 불참 - 2 2026-01-08 콘텐츠 커머스 신사업 관련 보고의 건 찬성 - 3 2026-01-22 유상증자(소액공모 제3자배정) 결정의 건 불참 찬성 4 2026-01-23 유상증자(소액공모 제3자배정) 내용 변경의 건 불참 찬성 5 2026-01-30 제4회 사,https://kind.krx.co.kr/external/2026/09/01/000608/20260901001390/00591.htm,True,2026post,20260901000296
퀀타매트릭스,,코스닥,20260831,20260831000181,주주총회소집공고,True,True,True,True,5,바이오·헬스케어;엔터·콘텐츠·게임;화장품·뷰티;식품·농업·외식,"유전자, 면역표지자, 병원체 등 각종 검체검사 및 생물학적 기계진단 관련 수탁검사·분석 서비스업, 임상·비임상 연구용역(CRO) 및 관련 검사의 위수탁업 | 의약품, 원료의약품, 의약외품, 바이오의약품의 연구·개발, 제조, 위탁제조(CMO/ CDMO), 도소매, 수출입, 무역 및 유통업 | 화장품, 기능성화장품, 코스메슈티컬 및 뷰티 관련 제품의 연구·개발, 제조, 위탁제조(OEM/ODM), 도소매, 수출입 및 유통업 | 건강기능식품, 기능성식품, 식품 및 식품원료의 연구·개발, 제조, 가공, 도소매 및 수출입업 | 의학적 진단 및 치료행위를 제외한 뇌건강, 인지기능 관리, 헬스케어, 웰니스 관련 프로그램 및 콘텐츠·서비스의 개발, 제공 및 컨설팅업","사업목적 변경 , 추가 및 조항 정비",애 고위험 대상자의 혈장에서 뇌 내 베타 아밀로이드 축적여부를 판단할 수 있는 성능을 확인하였습니다 (4) 신규사업 등의 내용 및 전망 해당없음 (5) 조직도 조직도26.06.30 조직도26.06.30.pdf 2. 주주총회 목적사항별 기재사항 □ 정관의 변경 가. 집중투표 배제를 위한 정관의 변경 또는 그 배제된 정관의 변경 변,https://kind.krx.co.kr/external/2026/08/31/000181/20260831000466/00591.htm,True,2026post,20260831000626
앱튼,,코스닥,20260828,20260828000669,주주총회소집공고,False,True,True,True,2,바이오·헬스케어,제약 바이오 기술 거래업 | 제약 바이오 기술 중개업,사업목적 추가,,https://kind.krx.co.kr/external/2026/08/28/000669/20260828001576/00591.htm,True,2026post,20260828001658
빅텐츠,,코스닥,20260827,20260827000818,주주총회소집공고,True,True,True,True,16,신재생·에너지·전력,"공기조화장치 제조 및 판매업 | 실외기 없는 저전력 에어컨 제조 및 판매업 | 기체 여과기 제조 및 판매업 | 전기, 전자 연구 개발업 | 기타 공학 연구 개발업 | 무형재산 매매업 | 전열교환기 제조 및 판매업 | 전열교환기 부품 제조 및 판매업 | 전열교환기 수출업 | 전열교환기 전자상거래업 | 에어컨 설비업 | 환기장치 설비업 | 환기장치 설비자재 도,소매업 | 에어컨, 공조장치 사출금형 설게 및 제조업 | 환기장치 사출금형 설계 및 제조업 | 수출입업",사업목적추가,"매업 1. 에어컨, 공조장치 사출금형 설게 및 제조업 1. 환기장치 사출금형 설계 및 제조업 1. 수출입업 사업목적추가 제4조(공고방법) 회사의 공고는 회사의 인터넷 홈페이지(www.canvasn.co.kr)에 한다. 다만, 전산장애 또는 그 밖의 부득이한 사유로 회사의 인터넷 홈페이지에 공고를 할 수 없을 때에는 서울특별시에서",https://kind.krx.co.kr/external/2026/08/27/000818/20260827001863/00591.htm,True,2026post,20260827001053
아이씨에이치,,코스닥,20260827,20260827000386,[정정]주주총회소집공고,True,True,True,True,1,로봇,로봇 소재부품 제조 및 판매업,사업영역 확대 및 신규 성장동력 확보,"고 있습니다. 당사는 해외 기업제 양산형 AI로봇 본체에 적용되는 고복원성 PU폼을 개발하여 양산 적용하는 신규 사업을 추진 중에 있습니다. AI로봇에서 끊임없이 발생하는 진동 및 물리적 충격으로부터 배터리와 컨트롤기판 등을 보호할 목적으로 개발된 해당 PU폼은, 장기적/안정적 완충 특성, 전기/안전 특성, 환경 내구성 향상에 초",https://kind.krx.co.kr/external/2026/08/27/000386/20260827001199/00591.htm,True,2026post,20260827000729
유아이디,,코스닥,20260827,20260827000226,주주총회소집공고,True,True,True,True,13,데이터센터;클라우드·SW·빅데이터;부동산·임대·건설;식품·농업·외식;탄소·환경,"복합수지 제품 제조 및 임가공업 | 플라스틱제품 수출입업 | 친환경 복합 수지제품 제조 및 임가공업 | 액상소석회 제조 및 판매업 | 수산화마그네슘 제조 및 판매업 | 환경 설비,약품 제조 및 판매업 | 소석회 판매업 | 부동산개발 및 컨설팅업 | 데이터센터 개발 및 컨설팅업 | 데이터센터 운영업 | 컴퓨터 및 소프트웨어 관련 기기 제조업 | 서버 관련 기기 제조업 | 컴퓨터서버 및 소프트웨어 관련 주변기기 제조업",신규사업 추진 및 사업다각화를 위한 사업목적 추가," 사항 가. 보고사항 : 감사보고 나. 부의안건 제 1호 의안 : 정관일부 변경의 건 제 1-1호 의안 : 사업목적 추가의 건 제 1-2호 의안 : 제 5조(발행예정 주식총수) 제 1-3호 의안 : 제 9조(주식의 종류,수 및 내용) 제 1-4호 의안 : 제18조(전환사채의 발행) 제 1-5호 의안 : 제 19조(신주인수권부사채",https://kind.krx.co.kr/external/2026/08/27/000226/20260827000758/00591.htm,True,2026post,20260827000504
엔키AX,,코스닥,20260826,20260826000733,주주총회소집공고,True,True,True,True,4,AI(인공지능);클라우드·SW·빅데이터;엔터·콘텐츠·게임,"인공지능(AI)기술 기반 콘텐츠의 개발, 제작, 유통 및 서비스업 | 지적재산권(IP)을 활용한 대화형 인공지능(챗봇) 서비스업 | 인공지능 기반 캐릭터 및 가상인간(버츄얼 휴먼)의 개발, 제작 및 라이선싱업 | 인공지능 솔루션 및 응용소프트웨어의 개발, 공급 및 판매업",사업 다각화 및 신규사업 추진에 따른 사업목적추가 및 조항 정비," 합병을 완료함으로써, 콘텐츠의 기획ㆍ제작 및 플랫폼 운영까지의 전 과정을 통합한 종합 콘텐츠 전문기업으로 사업영역을 확대하였습니다. 플랫폼 부문은 국내에서 오랜 기간 플랫폼을 운영하며 축적한 경험과 노하우를 바탕으로 일본 시장에서 플랫폼을 직접 운영해 왔으며, 2025년 4월 1일자로 콘텐츠 전문기업 ㈜탑툰과의 합병을 통해 대",https://kind.krx.co.kr/external/2026/08/26/000733/20260826001938/00591.htm,True,2026post,20260826000785
자비스,,코스닥,20260826,20260826000523,주주총회소집공고,True,True,True,True,4,AI(인공지능);클라우드·SW·빅데이터,"인공지능(AI) 기반 소프트웨어업 | 하드웨어 및 플랫폼의 연구, 개발, 제조, 운영, 유지보수업 | 인공지능 기술의 도입, 활용에 관한 컨설팅업 | 기술용역 및 관련 데이터의 수집, 가공업 등의 사업",신규 사업 추가, 회의의 목적사항 가. 부의사항 제1호 의안 : 정관 일부 변경 승인의 건 제1-1호 의안 : 정관 제2조 사업목적 변경의 건 제1-2호 의안 : 정관 제6조 일주의 금액 변경의 건 제1-3호 의안 : 정관 제12조의 3 자기주식의 보유 또는 처분 신설의 건 제1-4호 의안 : 정관 제16조 신주인수권부사채의 발행 변경의 건 제,https://kind.krx.co.kr/external/2026/08/26/000523/20260826001545/00591.htm,True,2026post,20260826000612
에넥스,,유가증권,20260825,20260825000578,[정정]주주총회소집공고,True,True,True,True,15,데이터센터;클라우드·SW·빅데이터;바이오·헬스케어;신재생·에너지·전력;부동산·임대·건설;엔터·콘텐츠·게임,"신재생에너지 사업 | 전력저장용 설비 및 관련 제품의 제조, 설치 및 매매 | 발전, 송전, 변전, 배전을 포함하는 전기에너지 관련사업 | 데이터센터 구축, 운영업 및 관련 전산 인프라의 임대ㆍ관리업 | 정보통신기기ㆍ소프트웨어ㆍ플랫폼 및 시스템의 개발, 구축, 유지보수 및 관련 서비스업 | 데이터 처리, 분석 및 정보 서비스업 | 데이터센터개발 및 운영업 | 부동산 개발 및 관리 분양업 | 소프트웨어 설계 개발 및 판매업 | 정보통신자재 제조 및 판매업 | 씨씨티브이 및 영상감시 장치 레이더 제조 및 판 매업 | 콘텐츠 IP를 활용한 제품 기획과 제작 | 세포, 줄기세포, 세포외소포체의 치료제, 치료기 술, 재생의료, 의약외품 및 신약 연구개발 제조, 판 매업 | 암진단 및 기타 의료진단 관련 의료기기의 연구 개발 및 임상, 인허가, 제조, 판매 상용화 사업 | 헬스케어 플랫폼 및 상품의 개발 제조 유통 운용 사업",-사업범위 확대에 따른 목적 추가,"사항 가. 보고사항 : 감사보고 나. 부의안건 제1호 의안 : 정관 일부 변경의 건 - 제1-1호 의안 : 사업목적 추가 및 변경의 건 - 제1-2호 의안 : 발행예정주식총수 및 신주발행배정한도 변경의 건 - 제1-3호 의안 : 전환사채, 신주인수권부사채 발행한도 변경의 건 - 제1-4호 의안 : 기타 정관 조문 정비의 건 제2",https://kind.krx.co.kr/external/2026/08/25/000578/20260825001481/00591.htm,True,2026post,20260825000421
월덱스,,코스닥,20260825,20260825000379,주주총회소집공고,True,True,True,True,2,방산,유기 및 유기-무기 혼합소재 제조와 가공 및 도소매 | 유기 및 무기화합물 제조와 도소매,사업목적추가,"mm 웨이퍼 도입에 따른 초기진입과 생존경쟁에서 절대적 우위의 기반이 될 것으로 기대하고 있습니다. (4) 신규사업 등의 내용 및 전망 반도체 핵심 소재 기업으로 Si(실리콘), 쿼츠(Quartz), 세라믹 Parts 제품 라인업을 강화하고자 연구개발을 진행하고 있습니다. 그 밖에 알루미나(AI203)와 실리콘카바이드(SiC)를",https://kind.krx.co.kr/external/2026/08/25/000379/20260825001062/00591.htm,True,2026post,20260825000307
손오공,,코스닥,20260819,20260819000172,주주총회소집공고,True,True,True,True,24,AI(인공지능);로봇;데이터센터;클라우드·SW·빅데이터;디지털자산·블록체인·STO(스테이블코인);모빌리티·전기차·자율주행;엔터·콘텐츠·게임;식품·농업·외식;탄소·환경,"자동차 정비업(자동차판금·도장 포함) 및 관련 서비스업 | 자동차의 시세·잔존가치·이력·성능·상태에 대한 조사, 분석, 평가 및 관련 정보의 제공·판매업 | 전기자동차 및 친환경 자동차의 판매, 유통, 임대업과 충전설비의 설치·운영 및 관련 서비스업 | 로봇 및 로봇부품·주변기기의 제조, 수입, 유통, 판매, 임대, 설치, 유지보수 및 수출입업 | 지능형 로봇용 소프트웨어·제어시스템 및 로봇 서비스 플랫폼의 개발, 공급, 운영업 | 자동차의 온라인 신차·중고차 거래 플랫폼의 개발·운영업 | 캐릭터상품(피규어·컬렉터블 등)의 제조, 유통, 수출입 및 판매업 | 캐릭터의 개발, 디자인, 라이선스 사업 및 관련 지식재산권의 취득·활용·양도·관리업 | 아트토이(Art Toy) IP의 기획·개발, 작가 매니지먼트·에이전시업 및 관련 지식재산권의 취득·활용·라이선스업 | 영상 콘텐츠 플랫폼의 기획·제작·유통·광고 및 채널 운영업 | 키즈카페, 놀이시설, 체험형 콘텐츠 공간 등의 운영, 프랜차이즈 및 관련 컨설팅업 | 전시회 등 문화행사의 기획·운영과 입장료·티켓 판매를 포함한 관련 수익사업 | 상기 컨텐츠, 게임기기 및 타이틀, 굿즈 등 상품의 온라인 신품·중고 거래 플랫폼의 개발·운영업 | 인공지능 기술의 연구개발, 인공지능 모델·알고리즘의 개발, 공급, 라이선스 및 관련 컨설팅업 | 인공지능 기반 문자·이미지·음성·영상 인식(OCR, 음성인식, 비전) 솔루션의 개발, 공급 및 서비스업 | 생성형 인공지능을 활용한 이미지·영상·음성·문서 콘텐츠의 제작, 공급 및 관련 플랫폼 운영업 | 인공지능 에이전트 및 업무자동화 소프트웨어의 개발, 공급, 운영 및 구독형 소프트웨어 서비스(SaaS)업 | 기계학습용 데이터의 수집, 가공, 정제, 라벨링 및 판매업과 지식그래프·온톨로지 기반 데이터 기술의 개발·구축·서비스업 | 클라우드 컴퓨팅 서비스업, 호스팅·데이터센터 운영업 및 관련 전산 인프라의 임대·관리업 | 정보통신기기·소프트웨어·플랫폼 및 시스템의 개발, 구축, 유지보수, 판매, 기술컨설팅, 라이선스 및 관련 서비스업 | 블록체인 및 디지털자산 기반 무역금융·공급망관리·거래정산 시스템의 개발, 구축 및 운영업 | 합작법인 설립, 해외사업 진출 및 사업 제휴에 대한 투자·운영 및 컨설팅업 | 물류, 택배, 화물운송 대행 및 관련 소프트웨어의 개발·공급·운영업 | 정부·지방자치단체의 보조금·지원금 신청 대행 및 관련 행정 대행·컨설팅업",기존의 제 2조 (목적) 1~57 전체 삭제 후 사업목적 전체 추가,"다. 이를 통해 당사는 신차 및 중고차 판매, 금융, 정비, 렌터카 및 해외수출 등 모빌리티 사업 전반으로 사업 영역을 넓혀가고 있습니다. (나) 공시대상 사업부문의 구분 사 업 영 업 부 문 회 사 게임, 팝마트(로보샵) 판매,장난감 중고차 판매 부동산 개발, 운영 G&P사업부문, 장난감사업부문, 모빌리티부문 부동산사업 부문 (",https://kind.krx.co.kr/external/2026/08/19/000172/20260819000479/00591.htm,True,2026post,20260819000122
루멘스바이오스,,코스닥,20260818,20260818000293,주주총회소집공고,True,True,True,True,4,부동산·임대·건설,"전자제품 및 전자부품 제조 및 도소매업 | 부동산 매매, 투자, 개발, 시행, 분양, 임대업 | 자회사(자회사 및 손자회사가 지배하는 회사를 포함한다. 이하 같다)의 주식 또는 지분을 취득, 소유함으로써 제반 사업을 지배, 자금 및 업무지원 경영지도, 상품의 개발 및 판매, 정리, 육성하는 사업 | 국내.외 유가증권(주식, 전환사채, 펀드 등)투자 및 관련 수익사업",신규사업을 위한 목적 추가 및 사업목적 정비 등,", 조명, AR/VR 등 다양한 분야에 적용될 수 있으며 관련 시장 확대와 함께 성장이 기대됩니다. (4) 신규사업 등의 내용 및 전망 1) MLD(Micro LED Display)  COM(Chip on Module) 기술로 세계 최고의 Fine Pitch Pixel(0.8mm)을 구현하였으며, 기존 LCD패널을 사용한 전광판",https://kind.krx.co.kr/external/2026/08/18/000293/20260818000797/00591.htm,True,2026post,20260818000151
트윔,,코스닥,20260814,20260814000133,주주총회소집공고,True,True,True,True,17,로봇;클라우드·SW·빅데이터;부동산·임대·건설;식품·농업·외식;교육,농업·임업용 기계 제조업 | 금속창호·지붕건축물조립 공사업 | 배관 및 냉·난방 공사업 | 건물용 금속 공작물 설치 공사업 | 건물용 기계·장비 설치 공사업 | 일반 통신 공사업 | 기타 건물 관련설비 설치 공사업 | 그 외 기타 건축 마무리 공사업 | 로봇 구조용 부품 제조 | 로봇용 작동 소프트웨어 개발 및 공급 | 로봇 도·소매 및 유통업 | 로봇 임대 서비스 | 로봇공학연구개발 및 기술 서비스 | 로봇 이용 시설관리 및 사업 지원 서비스 | 로봇 교육서비스 | 로봇 이용 예술·스포츠 및 여가 관련 서비스 | 로봇 수리 및 기타 로봇 이용 개인 서비스,- 사업목적 종목 추가,9-14번지) 본사 5층 3. 회의 목적사항 ≪ 부의안건 ≫ 가. 제1호 의안 : 정관 일부 변경의 건 - 사업목적 추가 4. 실질주주의 의결권 행사에 관한 사항 금번 당사의 주주총회에서는 한국예탁결제원이 주주님들의 의결권을 대리 행사할 수 없습니다. 따라서 주주님께서는 주주총회에 참석하여 의결권을 직접 행사하시거나 적법한 대리,https://kind.krx.co.kr/external/2026/08/14/000133/20260814000327/00591.htm,True,2026post,20260814000199
코윈로보틱스,,코스닥,20260813,20260813000152,주주총회소집공고,True,True,True,True,5,AI(인공지능);로봇;클라우드·SW·빅데이터,"지능형 로봇 제조, 판매 및 서비스업 | 로봇 구동장치 및 관련 부품 제조, 판매 및 서비스업 | 인공지능 기술 기반 로봇 운영 소프트웨어 개발, 판매 및 서비스업 | 로봇 임대 및 구독형 로봇 서비스업 | 로봇 설치, 시공, 관제, 유지보수 등 시스템 통합업",- 사명 변경과 함께 로봇 중심의 미래 경영 전략 반영 및 로봇 사업 확대 목적,"(주)코윈테크 4층 강당 3. 회의목적사항 <부의안건> 제1호 의안 : 정관 개정의 건(상호 변경, 사업의 목적 추가) 4. 주주총회 참석시 준비물 - 직접행사 :  신분증 - 대리행사 : 1) 위임장 (위임하는 주주의 인감 날인 및 위임하는 주주와 대리인의 인                    적사항 기재, 위임장 양식은 당사 ",https://kind.krx.co.kr/external/2026/08/13/000152/20260813000319/00591.htm,True,2026post,20260813000257
대양금속,,유가증권,20260812,20260812000446,[정정]주주총회소집공고,True,True,True,True,4,클라우드·SW·빅데이터;드론·UAM,"성형기계용 하이드로 포밍 제어시스템 개발 | 드론 부품, 소재 기술 개발 | 드론 엔진 개발 | 시스템 소프트웨어 개발 및 공급업",사업 다각화를 위한 사업목적 추가," 회의목적 사항 가. 보고사항 : 감사보고 나. 의결사항 제 1 호 의안 : 정관 일부 변경의 건 (사업의 목적 추가) 제 2 호 의안 : 이사 선임의 건 (사내이사 2명, 독립이사 2명 신규선임) 제 2-1 호 의안 : 사내이사 김광일 선임의 건 제 2-2 호 의안 : 사내이사 김희준 선임의 건 제 2-3 호 의안 : 독립이사 ",https://kind.krx.co.kr/external/2026/08/12/000446/20260812001200/00591.htm,True,2026post,20260812000523
오픈놀,,코스닥,20260812,20260812000053,[정정]주주총회소집공고,False,True,True,True,1,엔터·콘텐츠·게임,일반 영화 및 비디오물 제작업,(1) 경영활동 다양화 사업목적 추가,,https://kind.krx.co.kr/external/2026/08/12/000053/20260812000073/00591.htm,True,2026post,20260812000025
케이아이이,,유가증권,20260811,20260811000600,주주총회소집공고,True,True,True,True,7,,"전자상거래 및 통신판매업 | 광고업 및 광고대행업 | 정보통신업 | 전문, 과학 및 기술 서비스업 | 사업시설 관리, 사업지원 및 임대서비스업 | 무역업 및 무역대행업 | 소매업",사업다각화를 위한 신사업 목적 추가 및 조항 번호 변경,의결사항 : 제 1호 의안 : 정관 일부 변경의 건 제1-1호 의안 : 사명 변경의 건 제1-2호 의안 : 사업목적 추가의 건 제1-3호 의안 : 자기주식 보유 또는 처분에 관한 사항 추가의 건 제1-4호 의안 : 이사의 수 상한 설정의 건 제1-5호 의안 : 배당제도 개선의 건 제 2호 의안 : 자기주식 보유ㆍ처분ㆍ계획 승인의,https://kind.krx.co.kr/external/2026/08/11/000600/20260811001339/00591.htm,True,2026post,20260811000533
동방메디컬,,코스닥,20260811,20260811000281,주주총회소집공고,True,True,True,True,1,,"인체조직 분배업, 수출입업",신규사업 추진,"연평균 성장률 6.2%로 증가하여, 2022년에는 2억 7,100만 달러에 이를 것으로 전망됩니다. (3) 신규사업 등의 내용 및 전망 당사는 신규 분야로의 진출보다는 현재 영위하고 있는 사업부문 내에서 시장점유율 확대 및 제품 다각화를 통해 성장할 계획입니다. 당사는 현재 중국 내 인건비 상승 등으로 인하여 중국보다 인건비가 ",https://kind.krx.co.kr/external/2026/08/11/000281/20260811000676/00591.htm,True,2026post,20260811000292
아센디오,,유가증권,20260810,20260810000808,[정정]주주총회소집공고,True,True,True,True,55,AI(인공지능);클라우드·SW·빅데이터;우주항공;전자지급·결제(PG·선불);바이오·헬스케어;반려동물(펫);부동산·임대·건설;엔터·콘텐츠·게임;화장품·뷰티;식품·농업·외식;투자·금융;교육,"보관 및 창고업, 포장 및 충전업 | 의류, 화장품, 제조·도소매업 및 수출입업 | 잡화, 유아용품, 문구, 완구 도소매 및 수출입업 | 스포츠·경기용품, 여가용품 제조·도소매 및 수출입업 | 의료용품 도소매, 수출입업 | 애완동물, 동물용 사료 및 관련 용품 도소매업 | 식자재 도소매 및 유통업 | 각종 식품, 가공식품, 건강기능식품, 음료 제조·도소매 및 수출입업 | 음식점업 | 프랜차이즈 가맹사업, 가맹점 모집 및 관리업 | 동물용 사료 및 조제식품 제조업 | 부동산 매매, 임대, 개발, 분양업 | 국내외 부동산 투자자문, 컨설팅 및 공동투자 자문업 | 상가, 주차장 운영·관리 용역업 | 스포츠, 오락, 레저 시설 운영업 및 관련 시설 임대업 | 광고 기획, 제작, 대행 및 광고이벤트 대행업 | 마케팅, 바이럴 마케팅(viral marketing), 홍보 기획 및 컨설팅업 | 인쇄물, 배너(banner)광고, 애니메이션 등 광고물 제작 및 공급업 | 서적, 잡지 및 기타 인쇄물 출판업, 정기간행물 발행업 | 저작권 관리업 | 번역 및 통역 서비스업 | 상표, 브랜드 등 지식재산권의 라이선스업 및 대여사업 | 영화, 드라마, 비디오물, 방송 영상물, 게임물 기획·제작·배급·수입·상영·유통 및 투자업 | 음반, 음악 콘텐츠 기획·제작 | 음반 유통·라이선싱업 | 버추얼 아이돌(virtual idol) 및 에이아이(AI, Artificial Intelligence) 캐릭터 기획, 제작, 관련 콘텐츠 사업 | 방송인, 연예인, 스포츠 선수 매니지먼트, 에이전시 및 이스포츠(esports) 구단 운영업 | 공연, 전시, 컨벤션, 문화행사 기획·주최·대행, 공연장 운영 및 영상시설 장비 임대업 | 디지털 콘텐츠 제작, 온라인 동영상 제작자 양성, 디지털 콘텐츠 커뮤니티 운영업 | 방송사업 및 온라인 음악 서비스 제공업 | 유선, 위성, 방송채널, 음악유선방송, 온라인 방송 플랫폼 등 방송사업 및 온라인 음악 서비스 제공업 | 기타 인터넷 정보매개 서비스업 | 소프트웨어 개발·제조·판매업 | 컴퓨터 및 주변장치 제조업 | 전자금융업, 전자지급결제대행업(PG, Payment Gateway) | 선불전자지급수단·전자화폐·전자상품권 발행 및 관리업 | 모바일 결제사업, 결제대금 예치업 | 환전업, 외환매매 중개 서비스업 | 경영컨설팅, 재무컨설팅, 기업 전략경영 자문 및 관리자문업 | 기업인수합병(M&A, Merger and Acquisitions), 기업금융, 재무구조 개선, 구조조정 관련 자문업 | 중소기업 진단·평가·자문, 사업성 평가, 기술향상 용역 및 창업절차 대행업 | 타법인 주식, 출자지분의 취득·보유·관리·처분 등 기타 금융투자업 및 투자자문업 | 기업평가 자문업, 사무 지원 서비스업 | 인력공급업 | 콜센터 운영업 및 텔레마케팅 서비스업 | 생명공학 및 바이오 미생물 연구개발, 배양, 제조 및 도소매업 | 피부미용업 | 기타미용업 | 외국인 환자 유치 등 병원, 의료지원사업 | 의료교육 서비스업 | 연기, 모델, 평생교육시설 등 학원운영업 및 기타 교육 서비스업 | 애완동물 장묘 및 보호 서비스업 | 사회복지 서비스업 | 국내외 여행업 | 신발, 가죽제품, 의복잡화 제조, 도소매업, 수출입업",사업목적 정비,"후 III. 경영참고사항 2. 주주총회 목적사항별 기재사항 □ 정관의 변경 나. 그외 정관 변경에 관한 건 사업목적 표준 명칭화 반영 (*1) (*1) (*1) 정전 전/정정 후 나. 그외 정관 변경에 관한 건 - 변경 후 내용 변경 전 변경 후 제2조 (목적) 이 회사는 다음의 사업을 영위함을 목적으로 한다. 1. 전자상거래,",https://kind.krx.co.kr/external/2026/08/10/000808/20260810001890/00591.htm,True,2026post,20260810000698
랩지노믹스,,코스닥,20260810,20260810000687,[정정]주주총회소집공고,True,True,True,True,1,부동산·임대·건설,부동산의 임대 및 관리업과 이에 부수하는 일체의 사업,자산 효율화 및 중장기적 수익원 창출,가. 부의안건 제1호 의안: 정관 일부 변경의 건 제1-1호 의안: 개정 상법 반영의 건 제1-2호 의안: 사업목적 추가의 건 제1-3호 의안: 감사위원회 설치에 따른 정관 일부 변경의 건 제1-4호 의안: 주식병합에 따른 주당 액면가 변경의 건 제2호 의안: 감사위원회 위원이 되는 기타비상무이사 선임의 건(후보자 문미선) 제3,https://kind.krx.co.kr/external/2026/08/10/000687/20260810001698/00591.htm,True,2026post,20260810000653
지놈앤컴퍼니,,코스닥,20260806,20260806000369,주주총회소집공고,True,True,True,True,6,클라우드·SW·빅데이터;바이오·헬스케어;화장품·뷰티;식품·농업·외식,"전자상거래 및 통신판매업 | 화장품 및 관련 제품 판매, 유통, 도소매업 | 지능형 에이전트 소프트웨어, 제조 및 판매업 | 컴퓨터 시스템 통합 자문 및 구축 서비스업 | 온라인 및 모바일 광고업, 광고대행업, 광고물 제작업 | 화장품, 식품, 건강기능식품, 광고, 소프트웨어 개발 관련 기업에 대한 투자 및 경영지원업",- 핵심사업인 신약개발사업 및 컨슈머사업 강화 - 사업목적 정비,"다. (3) 시장의 특성 가. 업계의 현황  (1) 업계 현황 및 전망 내용을 참고하시길 바랍니다. (4) 신규사업 등의 내용 및 전망 당사는 'Bed to Bench' 전략을 토대로 GNOCLE™ 플랫폼을 구축하여 신규 약물표적('타깃') 파이프라인을 개발하고 있으며, 부차적으로 마이크로바이옴 화장품, 건강기능식품 등으로 그 ",https://kind.krx.co.kr/external/2026/08/06/000369/20260806001010/00591.htm,True,2026post,20260806000374
에이텀,,코스닥,20260804,20260804000540,주주총회소집공고,True,True,True,True,8,데이터센터;신재생·에너지·전력;모빌리티·전기차·자율주행;부동산·임대·건설;탄소·환경,"휴대폰, 태블릿, 노트북 등 휴대용 전자기기용 부품, 충전기용 부품 제조 및 판매업 | 티브이(TV), 디스플레이(Display) 및 가전제품용 부품, 전원공급장치 제조 및 판매업 | 전기자동차, 친환경자동차 및 친환경 모빌리티(Mobility)용 전자·전기기기, 전장부품 제조 및 판매업 | 차량용 전원공급장치, 온보드차저(OBC, On Board Charger), 통합충전제어장치, 직류변환장치, 충전장치 및 관련 부품 제조 및 판매업 | 서버 및 데이터센터용 전원공급장치, 전력변환장치, 전력관리장치 및 관련 부품 제조 및 판매업 | 자성부품, 변압기, 인덕터(Inductor), 코일, 필터, 전력모듈(module) 및 그 밖의 전력전자부품 제조 및 판매업 | 전기발전기, 전원공급장치, 전력변환장치 및 전력관리장치 제조 및 판매업 | 부동산 임대업",사업목적 구체화를 위한 변경,스테크노타워1차) 3. 회의 목적 사항 제 1호 의안 : 정관 일부 변경의 건 1-1호 의안 : (제2조) 사업목적 변경의 건 1-2호 의안 : (제10조) 신주인수권 변경의 건 1-3호 의안 : (제27조 ) 이사의 수 변경의 건 4. 경영참고사항 비치 상법 제 542조의 4에 의한 경영참고사항은 당사 인터넷 홈페이지에 개재하,https://kind.krx.co.kr/external/2026/08/04/000540/20260804001257/00591.htm,True,2026post,20260804000382
코퍼스코리아,,코스닥,20260730,20260730000882,주주총회소집공고,True,True,True,True,14,클라우드·SW·빅데이터;디지털자산·블록체인·STO(스테이블코인);엔터·콘텐츠·게임;식품·농업·외식,"캐릭터·콘텐츠 지식재산권(IP)의 상품화 및 머천다이징 사업 | 콘텐츠 연계 상품의 기획·디자인·개발 및 제조업 | 패션의류·잡화·액세서리의 기획 및 판매업 | 생활용품·문구·완구·인테리어소품 등 라이프스 타일 상품 판매업 | 식음료·디저트 등 F&B 상품의 기획·개발 및 판매업 | 콜라보레이션 카페·팝업스토어 등 F&B 매장 운영업 | 라이브커머스 및 콘텐츠 커머스 기획·제작·운영업 | 종합 온라인 쇼핑몰 및 커머스 플랫폼 구축·운영업 | 디지털 굿즈 및 디지털 자산의 기획·제작·발행 및 판매업 | 블록체인 및 분산원장 기술을 활용한 토큰증권, 조각투자상품의 발행·유통·관리 및 관련 플랫폼의 개발·운영업 | 콘텐츠 및 기타 지식재산권을 기초자산으로 하 는 토큰증권(STO)의 기획 및 발행업 | 가상자산 기타 디지털자산의 발행·유통·관리 및 관련 플랫폼의 개발·운영업 | 디지털 콘텐츠 상품 및 멤버십·구독 서비스업 | 팝업스토어·오프라인 매장 등 유통채널 운영업",사업다각화를 위한 사업목적추가,", 자막 등을 자체 처리(커스터마이징)하여 방송사, DVD유통사, OTT 플랫폼사 등에 배급하는 사업을 주 사업목적으로 영위해 왔으며, 드라마 제작 및 웹툰·웹소설, 오디오 북 등 다양한 콘텐츠 제작 사업을 본격화하고 있습니다. 또한 2024년 4분기에는 ㈜하이퍼에픽을 설립하며 숏폼 플랫폼 사업까지 영역을 확장하고 있습니다. 각",https://kind.krx.co.kr/external/2026/07/30/000882/20260730001921/00591.htm,True,2026post,20260730000517
토박스코리아,,코스닥,20260730,20260730000176,주주총회소집공고,True,True,True,True,5,,"유아용품 전자상거래업 | 유아용 교재, 완구, 소품제조 및 도소매업, 수입업 | 발육용품 및 안전용품 제조 및 도소매업, 수입업 | 수유용품 제조 및 도소매업, 수입업 | 물류업 및 물류관련 서비스업",사업다각화 및 신규사업추진을 위한 목적 사업 추가와 그룹사간 시너지 효과,"고리 확장에 의해 업계 간 경계가 무너지고 오프라인 패션 시장의 온라인 전환은 가속화되고 있습니다. (4) 신규사업 등의 내용 및 전망 - 프리미엄 유아동슈즈 제품군 및 자사브랜드 확대 - 신규 제품 카테고리군 확대 (화장품, 가방, 캐릭터 장난감 등의 유아동 용품) - TOEBOX.COM 온라인 사업강화 (5) 조직도 조직도 ",https://kind.krx.co.kr/external/2026/07/30/000176/20260730000325/00591.htm,True,2026post,20260730000076
한울반도체,,코스닥,20260728,20260728000876,주주총회소집공고,False,True,True,True,9,AI(인공지능);클라우드·SW·빅데이터,"화학물질 수입, 수출업 | 화학물질 제조, 배합, 판매업(외주 의뢰 검토) | 화학물질 구매대행업 | 화학물질 및 화학제품 영업대행업 | 기업 인수합병, 투자 및 이와 관련된 각종 자문업 | 초음파·음향 검사장비 및 신호처리·데이터 수집 장치의 개발, 제조 및 판매업 | 임베디드·프로그래머블 제어보드, AI 추론보드, 연산가속기 및 관련 모듈의 개발, 제조 및 판매업 | 제품 및 부품의 비파괴검사, 정밀측정, 분석, 시험 및 검사 대행업 | AI 기반 검사·학습·추론 및 데이터 분석 소프트웨어의 개발, 공급, 운영과 클라우드·SaaS 서비스업",미영위 사업목적 삭제 및 신규사업목적 추가,,https://kind.krx.co.kr/external/2026/07/28/000876/20260728001858/00591.htm,True,2026post,20260728000480
한울소재과학,,코스닥,20260728,20260728000790,주주총회소집공고,True,True,True,True,5,탄소·환경,"비철금속 제련, 정련 및 합금제조업 ( 2026.08.12 추가 ) | 귀금속 재료 추출업 ( 2026.08.12 추가 ) | 재생용 재료 수집 및 판매업 ( 2026.08.12 추가 ) | 환경관리대행업 ( 2026.08.12 추가 ) | 환경 컨설팅업 ( 2026.08.12 추가 )",사업목적 정비 및 추가,"워크 장비 산업은 전형적 기업향(B2B) 제품 특성을 가진 국가기간 전략산업으로 일반 소비자보다 기업이나 통신사업자 등 기업 시장을 주된 타깃으로 하는 제품이며, 디지털 경제 시대 국가 안보와 직결되는 국가기간 전략산업 중 하나로 간주됩니다. 일반적으로 수요가 적고 한정적이기 때문에, 제품 가격이 비싸고 가격 탄력성이 낮은 편",https://kind.krx.co.kr/external/2026/07/28/000790/20260728001721/00591.htm,True,2026post,20260728000441
이노진,,코스닥,20260723,20260723000612,주주총회소집공고,True,True,True,True,9,AI(인공지능);부동산·임대·건설;엔터·콘텐츠·게임,"인터넷광고, 온라인광고, 등 각종 광고 기획 및 제작업 | 영상콘텐츠, 영화, 방송 프로그램, 공연, 문화행사, 음반, 출판, AI 영상프로그램 기획 및 제작업 | 영상콘텐츠, 영화, 방송 프로그램, 공연, 문화행사, 음반, 출판, AI 영상프로그램 배급 및 유통업 | 온라인정보제공업 | 연예인 및 스포츠 선수 등 기타 공인 매니지먼트업 | 부동산 개발 및 임대, 매매업 | 프랜차이즈 사업 및 각종 기기 등 렌탈업 | 벤처기업이나 창업자(엑셀레이터 사업)에 대한 투자 또는 이에 투자하는 조합에 대한 출자 | 자회사 등에 자금 및 업무 지원 사업",1. 문화콘텐츠 사업과의 결합을 통한 기존 사업 제품마케팅 강화 2. 사업다각화,본점 회의실 3. 회의목적사항 가. 부의 안건 제1호 의안 : 정관 일부 변경의 건 - 제1-1호 의안 : 사업 목적 추가의 건 - 제1-2호 의안 : 신주인수권 조항 일부 변경의 건 제2호 의안 : 이사 선임의 건 - 제2-1호 의안 : 사내이사 정기철 신규 선임의 건 - 제2-2호 의안 : 사외이사 김명천 신규 선임의 건 - ,https://kind.krx.co.kr/external/2026/07/23/000612/20260723001353/00591.htm,True,2026post,20260723000423
모비데이즈,,코스닥,20260723,20260723000317,주주총회소집공고,True,True,True,True,8,AI(인공지능);클라우드·SW·빅데이터;엔터·콘텐츠·게임;교육,"인공지능(AI), 빅데이터 및 자동화 기술을 활용한 광고 성과 분석, 미디어 운영 자동화, 고객 데이터 분석 및 마케팅 자동화 서비스업 | 인공지능 전환, 디지털 전환 및 마케팅 전환 관련 컨설팅, 시스템 구축, 운영, 교육 및 관련 서비스업 | 검색엔진 및 생성형 인공지능 기반 검색·추천·답변 최적화 컨설팅, 솔루션 개발 및 서비스업 | 플랫폼, 모바일 애플리케이션 응용프로그램 인터페이스(API), 소프트웨어 개발 키트(SDK), 서비스형 소프트웨어(SaaS) 및 클라우드 기반 서비스의 개발, 공급, 운영 및 유지보수업 | 전자상거래업, 통신판매업 및 통신판매중개업 | 국내외 상품의 도소매, 유통, 수출입, 판매대행, 구매대행 및 중개업 | 국내외 브랜드, 상품, 콘텐츠 및 지식재산권(IP)의 수입, 유통, 총판, 판매, 라이선스 및 관련 부대사업 | 지식재산권(IP), 브랜드, 캐릭터, 콘텐츠 권리의 개발, 취득, 관리, 중개, 판매, 이용허락, 라이선스 및 관련 부대사업","생성형 AI 검색 환경, 마케팅 자동화, AI/DX 전환 컨설팅, 플랫폼/SaaS, IP 라이선스 및 국내외 브랜드·상품 유통, 전자상거래·통신판매중개 등 커머스 사업 확장을 반영",하게 엮이면서 작은 온라인 광고 지면이라도 효율화를 하는 모바일 광고 시장은 아주 다양한 플레이어들이 각기 사업 영역이 겹치면서 경쟁을 하기도 하지만 겹치지 않는 부분에서는 상호 협업하면서 ‘상호 경쟁적 협력 관계’를 가지고 있다고 볼 수 있습니다. 그리하여 광고업 안에서도 종합광고대행사처럼 오래된 산업이면서 대체적으로 경쟁 관계,https://kind.krx.co.kr/external/2026/07/23/000317/20260723000763/00591.htm,True,2026post,20260723000186
주성코퍼레이션,,유가증권,20260722,20260722000441,주주총회소집공고,False,True,True,True,4,탄소·환경,"무역(의류, 기계, 공구, 일반잡화, 식자재 ) | 일반화물자동차운수사업 | 특수화물자동차운수사업 | 폐기물 운송사업",사업목적 추가,,https://kind.krx.co.kr/external/2026/07/22/000441/20260722001156/00591.htm,True,2026post,20260722000302
바이브컴퍼니,,코스닥,20260722,20260722000414,주주총회소집공고,True,True,True,True,3,클라우드·SW·빅데이터;바이오·헬스케어;화장품·뷰티,유전자 정보 데이터베이스 구축 사업 | 유전자 정보를 이용한 상업화 사업 | 화장품 판매 및 유통업,사업목적 다각화, 건 - - 4 2026.07.21 1) 전환사채 조기 상환의 건 - - 5 2026.07.22 1) 정관 목적 추가의 건 - - (*) 김남숙 사외이사의 임기 만료로 2026년 3월 30일 정기주주총회에서 감동은 사외이사를 신규로 선임하였습니다. 나. 이사회내 위원회에서의 사외이사 등의 활동내역 위원회명 구성원 활 동 내 역 개,https://kind.krx.co.kr/external/2026/07/22/000414/20260722001111/00591.htm,True,2026post,20260722000271
SDN,,코스닥,20260721,20260721000660,주주총회소집공고,True,True,True,True,3,AI(인공지능);데이터센터;신재생·에너지·전력;탄소·환경,"데이터센터, 인터넷데이터센터(IDC), AI 데이터센터 및 집적정보통신시설의 기획, 개발, 구축, 소유, 임대, 운영 및 관리업 | 데이터센터의 설계, 구축, 이전, 운영, 유지보수 및 이와 관련된 컨설팅, 용역, 공사업 | 데이터센터 관련 에너지 효율화, 신재생에너지 및 탄소배출권 관련 사업",사업목적 추가,"026-06-15 타법인 주식 취득의 건 불참 불참 11 2026-06-24 주식병합 결정의 건 불참 찬성 사업목적 추가의 건 불참 찬성 제33기 임시주주총회 소집일시 및 장소, 회의목적 승인의 건 불참 찬성 12 2026-06-25 산업은행 운영자금 대출 대환의 건 불참 불참 13 2026-07-01 관리운영위탁계약 체결의 건",https://kind.krx.co.kr/external/2026/07/21/000660/20260721002239/00591.htm,True,2026post,20260721000680
틸론,,코넥스,20260721,20260721000377,주주총회소집공고,True,True,True,True,2,데이터센터,"호스팅 및 관련 서비스업 | 데이터센터 구축, 운영, 관리 및 임대업",- 사업 목적 추가,"가속화됨에 따라, 장기적인 DaaS 운영 경험과 맞춤형 서비스 모델은 시장이 더욱 확대되고 있습니다. 4. 신규사업 등의 내용 및 전망 당사는 가상 데스크톱 인프라(VDI) 솔루션인 Dstation을 중심으로, GPU 기반 고성능 가상화 플랫폼인 iStation과 가상화 운영관리 솔루션을 결합하여 클라우드 기반 가상 업무환경 사",https://kind.krx.co.kr/external/2026/07/21/000377/20260721001175/00591.htm,True,2026post,20260721000329
MSDI,,코스닥,20260716,20260716000221,[정정]주주총회소집공고,False,True,True,True,1,부동산·임대·건설,"관련 법령상 허용되는 범위 내에서 국내외 부동산, 주식 기타 유가증권, 금전채권, 부실채권 기타 채권 등 기타 자산에 대한 투자 및 관련 부대사업",사업 목적 다각화,,https://kind.krx.co.kr/external/2026/07/16/000221/20260716000623/00591.htm,True,2026post,20260716000278
비비안,,유가증권,20260715,20260715000539,주주총회소집공고,True,True,True,True,31,신재생·에너지·전력,"풍력발전 설비업 및 제조업 | 풍력발전 관련 기술 개발업 | 풍력발전 관련 컨설팅 및 지원 서비스업 | 풍력발전 전문 유지보수 서비스업 | 풍력발전 기자재 및 부품 판매업 | 소형풍력발전 등 그린 홈 및 그린에너지 보급사업 대행업 | 풍력발전사업 | 태양광 설비업 및 제조업 | 태양광 관련 기술 개발업 | 태양광 관련 컨설팅 및 지원 서비스업 | 태양광 전문 유지보수 서비스업 | 태양광 기자재 및 부품 판매업 | 태양광발전사업 | 수소에너지 설비업 및 제조업 | 수소에너지 관련 기술 개발업 | 수소에너지 관련 컨설팅 및 지원 서비스업 | 수소에너지 전문 유지보수 서비스업 | 수소에너지 기자재 및 부품 판매업 | 수소에너지발전사업 | 신재생에너지 사업계획 컨설팅업 | 신재생에너지 사업장 위탁관리 및 대행업 | 신재생에너지 사업기획, 조사, 설계, 운용업 | 신재생에너지 비즈니스센터 운영업 | 신재생에너지설비 제조 및 설지 | 신재생에너지설비(전력설비, 기계설비) 설치공사업 | 신재생에너지 사업 | 플랜트 설비 제작 및 판매 | 에너지 설비 제작 및 판매 | 전력시설물 설계, 감리, 안전관리 대행업 | 고효율 에너지 사용 기자재 보급사업 | 전기공사업",신규사업 진출을 위한 목적사업 추가,"세에 있으며, 다품종 소량 생산에 따라 비용절감과 큰폭의 수익창출 요소를 찾는데 어려움이 있습니다. (4) 신규사업 등의 내용 및 전망 (가) 브랜드 '비비안'의 애슬레저군 신규 런칭 에슬레저(Athleisure)란 에슬레틱(운동경기)와 레저(여가)를 합쳐 '가벼운 스포츠'라는 불리며, 일반인들도 스포츠를 일상적으로 받아들여 손",https://kind.krx.co.kr/external/2026/07/15/000539/20260715001535/00591.htm,True,2026post,20260715000384
MDS스피어,,유가증권,20260715,20260715000531,주주총회소집공고,True,True,True,True,4,클라우드·SW·빅데이터;교육,"소프트웨어 및 솔루션 개발, 자문, 공급 및 서비스업 | 임베디드 시스템의 제조, 판매, 대여 및 유지 보수업 | IT 시스템 및 솔루션의 개발 자문, 컨설팅업, 장비 관련 무역업, 관련 교육업 | 정보통신 공사업",사업목적 추가,"좋은 기술력과 창의적인 아이디어가 결합될 때, 가치를 극대화할 수 있습니다. 따라서 콘텐츠와 인적자원은 본 사업영역의 가장 중요한 자원이자 경쟁 요소입니다. [소프트웨어 사업 부문] (1) 산업의 특성 임베디드 소프트웨어(Embedded Software, Embedded SW)는 특정 기능을 목적으로 한 하드웨어를 구동하기 위해",https://kind.krx.co.kr/external/2026/07/15/000531/20260715001509/00591.htm,True,2026post,20260715000379
아리바이오LAB,,코스닥,20260715,20260715000490,주주총회소집공고,True,True,True,True,4,화장품·뷰티,"화장품 제조업 | 화장품 판매업(도·소매 및 수출입 포함) | 기능성화장품 개발, 제조 및 판매업 | 피부미용 관련 제품 개발, 제조 및 판매업",사업목적 추가," 제약사와 기술이전 또는 공동 연구개발 논의를 활발히 진행하고 있습니다. 대상포진 백신 사업화 전략 (4) 신규사업 등의 내용 및 전망 당사의 주 사업은 차세대 백신 및 면역치료제 개발이며, 신규 사업 진출은 검토하고 있지 않습니다. (5) 조직도 연구개발 조직도 2. 주주총회 목적사항별 기재사항 □ 이사의 선임 가. 후보자의 ",https://kind.krx.co.kr/external/2026/07/15/000490/20260715001420/00591.htm,True,2026post,20260715000356
바이오인프라생명과학,,코넥스,20260714,20260714000489,주주총회소집공고,True,True,True,True,6,바이오·헬스케어,외국인환자 유치업 | 외국인환자 유치 관련 마케팅 및 홍보헙 | 의료관광 알선 및 지원업 | 국제의료사업 컨설팅업 | 외국인 환자 통역 및 안내 서비스업 | 의료기관과의 업무제휴 및 운영지원업,사업의 목적 추가,". 부의안건 제1호 의안 : 정관 일부 변경 제1-1호 의안 : 본점 이전의 건 제1-2호 의안 : 사업의 목적 추가의 건 4. 경영참고사항 비치 상법 제542조의4에 의한 경영참고사항은 당사 인터넷 홈페이지에 게재하고 본점과 명의개서대행회사(국민은행 증권대행사업부)에 비치하였으며, 금융위원회 및 한국거래소에 전자공시하여 조회가 ",https://kind.krx.co.kr/external/2026/07/14/000489/20260714001111/00591.htm,True,2026post,20260714000307
슈프리마에이치큐,,코스닥,20260713,20260713000656,주주총회소집공고,True,True,True,True,8,클라우드·SW·빅데이터,"전자전기기계기구의 임대업 | 벤처기업이나 창업자에 대한 투자 또는 이에 투자하는 조합에 대한 출자, 엑셀러레이터 활동(창업자 선발, 보육, 투자 등), 경영 및 기술 컨설팅업 | 소프트웨어 개발 및 공급업 | 방범·방재 및 설비기기 등의 제조, 판매, 서비스업 | 방범,방재, 재난대응 및 공공안전 관련 정보시스템의 개발, 구축, 운영 및 유지관리업 | 위치정보의 수집, 이용, 제공 및 위치기반 서비스업 | 영상감시, 영상관제 시스템 및 관련 소프트웨어, 하드웨어의 개발, 제조 및 판매 및 구축업 | 컴퓨터, 서버, 정보처리 시스템의 구축, 운영, 유지보수 및 관리업",기존 사업과 연계된 기술 및 서비스 확장에 따른 사업목적 추가,"다. - 당사 제품의 수요자의 구성 및 특성은 완제품 및 응용소프트웨어 유통산업의 특성을 따릅니다. (4) 신규사업 등의 내용 및 전망 당사는 최근 사업연도 기준일 현재, 새로이 추진하였거나 이사회 결의 등을 통하여 향후 새로이 추진하기로 구체화된 신규사업 부문이 없습니다. (5) 조직도 조직도 2. 주주총회 목적사항별 기재사항",https://kind.krx.co.kr/external/2026/07/13/000656/20260713001461/00591.htm,True,2026post,20260713000409
알파칩스,,코스닥,20260710,20260710000735,주주총회소집공고,True,True,True,True,2,,"유.무선 통신장비 제조, 유지 보수업 | 광섬유 케이블, 접착 장치업",사업목적추가," 영역인 에어컨, 셋톱박스, 선풍기, 장난감 등 consumer 전 분야에 걸쳐 적용이 되고 있습니다. 4 신규사업 등의 내용 및 전망 가) SoC 설계 자동화 플랫폼 (ADEON)사업화 당사의 ADEON은 반도체 IP 및 SoC 설계와 검증을 효율적으로 수행하기 위한 자동화 플랫폼입니다. 이 시스템은 SoC Builder, A",https://kind.krx.co.kr/external/2026/07/10/000735/20260710001629/00591.htm,True,2026post,20260710000527
세니젠,,코스닥,20260710,20260710000454,주주총회소집공고,False,True,True,True,6,바이오·헬스케어;화장품·뷰티,"화장품, 기능성화장품 및 의약외품의 제조, 수입, 수출 및 판매업 | 의료기기 및 피부미용 기기의 연구개발, 제조, 수입, 수출, 도소매 및 판매업 | 종합무역업, 무역중개업 및 수출입 대행업 | 바이오 의약품, 백신 및 약물중독 치료ㆍ예방용 치료제의 연구개발, 제조, 가공, 수출입 및 판매업 | 의약품ㆍ의료기기 및 미용제품 관련 지식재산권의 취득, 관리, 라이선스 및 기술이전업 | 국내외 바이오ㆍ헬스케어 기업에 대한 투자, 지분 취득, 경영 참여 및 경영 자문업",사업목적 확장 사업목적 확장 사업목적 확장 사업다각에 따른 사업목적 추가 및 조문변호 변경,,https://kind.krx.co.kr/external/2026/07/10/000454/20260710001061/00591.htm,True,2026post,20260710000308
DH오토넥스,,유가증권,20260709,20260709000713,주주총회소집공고,True,True,True,True,6,신재생·에너지·전력;모빌리티·전기차·자율주행;부동산·임대·건설;탄소·환경,"금형 개발 및 제조 판매입 | 비철금속 제조 판매업 | 탄소 발열체 및 관련부품 제조 판매업 | 차량용 HOD(핸즈오프감지) 시스템, 열선 및 관련 전장부품 제조, 판매업 | 차량용 액체수소 저장용기 및 수소연료탱크 제조, 판매 및 관련 기술개발업 | 부동산 개발 및 임대업",미영위 사업 삭제 및 영위사업 구체화, 가공기술 및 품질관리 능력을 요구하며 이는 자동차산업의 경쟁력에 매우 큰 영향을 미치고 있습니다. (4) 신규사업 등의 내용 및 전망 연료저장용기 사업은 기존 양산 주력 항목이 LPG 탱크용 제품 이외에도 2021년부터 수소 전기 버스 및 상용차용 연료탱크 고정용 프레임을 양산하며 사업의 다각화를 진행 중입니다. 수소연료탱크 ,https://kind.krx.co.kr/external/2026/07/09/000713/20260709001744/00591.htm,True,2026post,20260709000687
윙스풋,,코스닥,20260708,20260708000218,주주총회소집공고,True,True,True,True,2,AI(인공지능);클라우드·SW·빅데이터;바이오·헬스케어;식품·농업·외식,"인공지능(AI)기반 의료용 및 일반용 소프트웨어 및 의료기기 제조, 판매, 수출입업 | 건강기능식품, 일반식품, 혼합음료 및 다류 등의 제조,가공, 유통 및 판매업",사업영역 확대및 성장동력 확보, 3. 회의목적사항 가. 보고사항: 감사보고 나. 결의사항 제1호 의안: 정관일부 변경의 건 제1-1호 : 사업목적 추가의 건 제1-2호 : 주식병합에 따른 액면가액 변경의 건 제2호 의안: 주식(액면)병합 승인의 건 제3호 의안: 이사선임의 건(사외이사 김명구) 4. 의결권 행사방법 본인 또는 대리인을 통한 주주총회 참석 - ,https://kind.krx.co.kr/external/2026/07/08/000218/20260708000433/00591.htm,True,2026post,20260708000107
주연테크,,유가증권,20260707,20260707000485,주주총회소집공고,True,True,True,True,1,,"LED 전광판, 디지털 사이니지 및 광고표시장치의 제조, 판매, 임대, 설치, 운영 및 유지보수업",미영위 사업목적 삭제 및 신규사업 진출을 위한 사업목적 추가,"증가한 것으로 집계되어 회복세를 나타냈으나, 국내 시장은 상대적으로 회복 속도가 완만한 상황입니다. (4) 신규사업 등의 내용 및 전망 [해당사항 없음] (5) 조직도 260630_조직도 [소프트웨어 개발 및 서비스 부문] 소프트웨어 개발 및 서비스 부문은 해외 규제등 현지 사정에 따라 특별한 영업활동이 없는 관계로 경영 효율화",https://kind.krx.co.kr/external/2026/07/07/000485/20260707001198/00591.htm,True,2026post,20260707000282
조이웍스앤코,,코스닥,20260703,20260703000988,주주총회소집공고,False,True,True,True,18,클라우드·SW·빅데이터;원전·원자력;모빌리티·전기차·자율주행;부동산·임대·건설;탄소·환경,"방사성동위원소 판매, 운반 및 폐기 | 방사성폐기물 제염해체 및 처분 | 원자력시설 차폐공사 및 방사선 관리 | 원자력엔지니어링 및 관련 기술 서비스업 | 연구개발 용역업 | 전자기기 제조 및 판매업 | 전자기기 및 부품 수출입업 | 전자기기 및 부품 임가공업 | 전자기기 개발 및 용역업 | 소프트웨어 개발 및 용역업 | 전기공사업 | 판매대행업 | 보안설비 시공 및 유지보수업 | 부가통신사업 | 자동차부품 제조업 | 건축용 플라스틱 조립제품 제조업 | 건설기술용역업(조사·설계·사업관리·감리 포함) | 안전진단 및 시설물 유지관리업",사업 다각화를 위한 목적 사업 추가,,https://kind.krx.co.kr/external/2026/07/03/000988/20260703002200/00591.htm,True,2026post,20260703000634
엔지켐생명과학,,코스닥,20260703,20260703000963,주주총회소집공고,True,True,True,True,4,부동산·임대·건설,"토지의 매입, 보유 및 개발업 | 모듈러 주택 및 임시숙박시설의 설계, 제조, 조립 및 설치업 | 산업단지 근로자용 임시숙박시설의 운영, 관리 및 임대업 | 편의점, 식당, 세탁, 빨래방, 기숙사 관리 및 기타 편의시설 운영업",사업단지 개발·운영 등 신사업 추진 관련 사업목적 추가,) 구병주 (출석률: 83%) 남창현 (출석률: 100%) 찬 반 여 부 1 2026.01.15 [의안1] 신사업 추진 승인의 건 [의안2] 메디솔브에이아이㈜ 지분투자의 건 [의안3] ㈜리치닥 지분투자 및 금전대여의 건 [의안4] 금전대여 결정의 건(㈜쿡카이브) 찬성 찬성 찬성 찬성 해당사항 없음 (선임 전) 해당사항 없음 (,https://kind.krx.co.kr/external/2026/07/03/000963/20260703002161/00591.htm,True,2026post,20260703000618
서울전자통신,,코스닥,20260701,20260701001061,주주총회소집공고,True,True,True,True,10,로봇;클라우드·SW·빅데이터;바이오·헬스케어;2차전지·배터리;모빌리티·전기차·자율주행;화장품·뷰티;식품·농업·외식;탄소·환경,"화장품의 제조, 판매 및 수출입업 | 로봇 하드웨어 및 소프트웨어의 개발, 제조, 판매 및 서비스업 | 배터리 CELL, 배터리 PACK의 수입, 개발, 제조, 판매 및 수출입업 | 생활용품, 식품, 의류, 장신구의 제조, 판매 및 수출입업 | 의료용, 환경 및 공업용 화학 및 바이오센서의 개발, 제조, 판매 및 수출입업 | 전자계측기의 개발, 제조, 판매 및 수출입업 | 각종 의료용 시약, 센서 및 계측기의 개발, 제조, 판매 및 수출입업 | 의약외품 및 의료용품 제조, 판매 및 수출입업 | 자동차 부품의 제조, 판매 및 수출입업 | 전기자전거, 개인형 이동장치 및 기타 운송장비의 개발, 제조, 판매 및 서비스업",사업 다각화를 위한 목적사업 추가,"일체 33. 위 각 항의 사업과 관련된 해외사업 34. 위 각 항의 사업과 관련된 경영자문, 인력파견 사업 사업 다각화를 위한 목적사업 추가 (신 설) 제 15조의2 조(교환사채의 발행) ① 회사는 이사회 결의로 사채의 액면총액이 1,000억원을 초과하지 않는 범위 내에서 교환사채를 발행할 수 있다. ② 교환사채의 발행에 관한 세부",https://kind.krx.co.kr/external/2026/07/01/001061/20260701002559/00591.htm,True,2026post,20260701000698
한울앤제주,,코스닥,20260701,20260701000802,주주총회소집공고,False,True,True,True,14,로봇;방산;우주항공;모빌리티·전기차·자율주행;부동산·임대·건설;식품·농업·외식;탄소·환경,"방위산업 제품, 군수품 및 소방용 미사일·소방 로봇의 제조, 가공 및 판매업 | 유도무기, 미사일, 로켓 및 정밀 무기 체계의 생산, 정비, 유지보수 및 성능개량업 | 총포, 탄약, 정밀 무기 체계 부품 및 군용 장비 제조, 판매 및 정비업 | 국방·소방·산업·재난 구조용 로봇의 연구개발, 생산, 유통, 영업, 무역 및 수출입업 | 군용 물자 유통, 군납(PX) 및 군수 장비 입찰 유통업 | 방위산업, 소방, 재난 구조 및 로봇 공학 관련 기술 연구개발, 기술 용역 및 컨설팅업 | 전기자동차, 전기버스, 전기자전거, 전기오토바이 등 친환경·전기 모빌리티의 연구개발, 제조, 판매, 유통, 정비 및 수출입업 | 도시개발사업, 지역개발사업 및 산업단지 조성·분양 사업 | 호텔, 리조트, 콘도미니엄 등 종합 숙박·관광 시설 개발 및 운영업 | 테마파크, 관광 단지 및 복합 문화·유통 공간 개발, 조성 및 운영업 | 장사시설(납골당, 수목장, 장례식장 등)의 설치, 조성, 운영 및 관리업 | 부동산 및 개발 사업 관련 타당성 조사, 대행, 용역 및 컨설팅업 | 푸드트럭(주류 판매업 포함)의 제조, 개조(특장), 생산, 판매, 유통, 대여 및 관련 영업 행위 일체 | 커피 원두 가공, 로스팅, 도소매 및 식품 유통 (이하 2026.07.16 개정)",사업 다각화,,https://kind.krx.co.kr/external/2026/07/01/000802/20260701002088/00591.htm,True,2026post,20260701000583
폴라리스AI핸디,,코스닥,20260630,20260630001354,주주총회소집공고,True,True,True,True,9,AI(인공지능);로봇;클라우드·SW·빅데이터,"인공지능 기반 로봇 솔루션 개발 및 공급업 | 로봇 소프트웨어 개발 및 서비스업 | 로봇 시스템 통합 사업 | 로봇 유지보수 및 운영 서비스업 | 로봇 관련 연구개발 및 기술사업화업 | 로봇 제조 및 판매업, 로보틱스 기술 개발 및 서비스업 | 지능형 로봇, 산업용 로봇, 협동 로봇, 인공지능 기반 소프트웨어 기술개발 및 서비스업 | 산업용, 서비스용 로봇의 개발, 제조 및 판매업 | 로봇 부품 및 모듈의 개발, 제조 및 판매업",사업다각화 추진,". 목적사항 : 가. 보고사항 1) 감사보고 나. 부의안건 제1호 의안 : 정관 일부 변경의 건(상호변경, 사업목적 추가 등) 4. 경영참고사항 상법 제448조, 상법 제542조의4 제3항 등에 의한 경영참고사항, 주주총회 소집통지 및 공고사항을 당사의 본점, 한국예탁결제원, 금융위원회, 한국거래소에 비치하고, 금융감독원의 전자",https://kind.krx.co.kr/external/2026/06/30/001354/20260630002594/00591.htm,True,2026post,20260630001018
휴림에이텍,,코스닥,20260630,20260630001173,주주총회소집공고,True,True,True,True,11,로봇,"군사용로봇 부품 제조 및 판매업 | 지뢰제거 장비 연구개발 및 지뢰탐지 제거작업 용역업 | 생화학 및 방사능 측정, 보호장비 등 판매, 유통업 | 폭발물처리 로봇 훈련장 설치, 운영, 관리업 | X-Ray, 폭발물처리로봇 제조, 판매 및 유지보수업 | 보안장비 및 대테러장비 사업과 관련된 연구, 기술개발, 제조, 유통 임대업 | 사격장비 개발, 제조, 납품업 | 가상현실(VR) 시뮬레이터, 가상훈련시스템의 개발, 제작, 유통업 | 가상현실(VR) 테마파크 운영관련 사업 | 보안장비 및 대테러장비 개발, 투자, 자문, 운용업 | 총기(물포총), 카트리지 판매 및 유지보수업",- 사업목적 다각화,"가격경쟁력 확보를 위해 신차 개발 계획에서부터 기술제안 등 경쟁우위를 위해 적극 참여하고 있습니다. (4) 신규사업 등의 내용 및 전망 당사는 설립이래 자동차 내장 CARPET만을 생산해온 자동차 내장 CARPET 분야의선두기업으로서 향후 품질향상 및 원가절감을 통한 가격경쟁력 확보, 신소재개발등을 통해 해외 완성차 업체와의 협",https://kind.krx.co.kr/external/2026/06/30/001173/20260630002294/00591.htm,True,2026post,20260630000904
삼현,,코스닥,20260630,20260630000398,주주총회소집공고,False,True,True,True,7,로봇;클라우드·SW·빅데이터,"자동화 설비 및 주변기기 개발, 제조 및 판매 | IT관련 설비 및 주변기기 개발, 제조 및 판매 | 자동화 장비 컨설팅업 | 정보통신 솔루션 및 서비스 컨설팅업 | 산업용로봇 제조 및 판매업 | 응용 소프트웨어 개발 및 공급, 판매, 관련서비스업 | 산업자동화설비 제조업",신규 사업 영역 추가,,https://kind.krx.co.kr/external/2026/06/30/000398/20260630000971/00591.htm,True,2026post,20260630000383
아이로보틱스,,코스닥,20260626,20260626000898,[정정]주주총회소집공고,True,True,True,True,11,로봇,"마이크로파 레이더 제조, 판매, 개발업 | 마이크로파 송수신기 제조 및 판매업 | 마이크로파 관련 부분품 및 측정장치 제조 및 판매업 | 주파수를 사용하여 제공하는 전기통신사업 | 레이더기기 도소매업 | 전자부품 기계 제조업 | 비철금속 제조업 | 정보통신 시스템 기술개발, 생산 및 판매업 | 정보보호시스템 기술개발, 생산 및 판매업 | 전자 통신기기 부품 제조 판매업 | 로봇 무인 자동화 시스템 개발 및 제조업",사업 다각화를 위한 사업목적 추가 및 조문 정비,"세스, 회계관리 절차, 자금 집행 및 투자 의사결정 과정에 대한 점검과 개선 의견을 제시하겠습니다. 셋째, 신규 사업, 투자, M&A 등 회사의 주요 경영 의사결정이 재무적 타당성과 리스크를 충분히 고려하여 이루어질 수 있도록 독립적이고 객관적인 관점에서 검토하겠습니다. 넷째, 사외이사로서 경영진으로부터 독립된 지위에서 회사와 전",https://kind.krx.co.kr/external/2026/06/26/000898/20260626001855/00591.htm,True,2026post,20260626000568
셀레믹스,,코스닥,20260626,20260626000750,주주총회소집공고,True,True,True,True,4,방산;바이오·헬스케어;투자·금융,"바이오 및 헬스케어 관련 기술개발, 기술 이전 및 라이선스 사업 및 헬스케어 제품 판매업 | 의료기관 경영지원 및 컨설팅업 | 방산 및 바이오분야 절충교역(Offset Trade) 관련 사업 | 투자조합, 신기술사업투자조합, 사모집합투자기구(PEF) 등 각종 투자조합 및 펀드의 설립, 출자, 운용업",사업의 목적 변경 및 확대,"솔루션 개발 및 판매업 20. 인터넷 기반 정보 제공 및 플랫폼 서비스업 21. 전자금융업 22. 금융부가통신사업 23. 전자상거래 관련 서비스 및 유통업 24. 귀금속 장신구 및 관련제품 제조판매업 25. 귀금속 쥬얼리 제품의 판매 및 중개서비스 26. 비철금속 가공 및 판매업 27. 실물자산의 위탁보관, 유통 및 판매 28",https://kind.krx.co.kr/external/2026/06/26/000750/20260626001575/00591.htm,True,2026post,20260626000473
원림,,유가증권,20260624,20260624000519,주주총회소집공고,True,True,True,True,2,,비금속류 원료 재생업 | 혼성 및 재생 플라스틱 소재 물질 제조업,신규사업 목적 추가,"칼,한화토탈, LG화학 등)에 100% 의존하고 있어 가격변동이 가장 큰 변수로 작용하고 있습니다. (4) 신규사업 등의 내용 및 전망 - 해당사항 없음. (5) 조직도 화성사업 조직도 ○ 임대사업부문 (1) 영업개황 현재 연면적 5,627.98㎡의 오피스빌딩과 양산, 충주, 김제, 대구 내 소재한 공장에 대하여 임대사업을 수행",https://kind.krx.co.kr/external/2026/06/24/000519/20260624001173/00591.htm,True,2026post,20260624000214
파워넷,,코스닥,20260623,20260623000611,주주총회소집공고,True,True,True,True,1,로봇,로봇 구동모듈 및 관련 제품의 제조 및 판매업,- 신사업부문 사업목적 추가,"의 전자, 정보통신 산업 발달에 기본적이고 필수적이며 발전의 기반이 되는 산업이라 할 수 있습니다. (4) 신규사업 등의 내용 및 전망 SMPS는 아날로그와 디지털 기술의 복합품으로 모든 IT, 전기 ·전자 산업의 기본이되는 item이며, 이것은 향후 응용 여부에 따라 다양한 신사업 진출의 기반이 될 수 있습니다. SMPS 자체",https://kind.krx.co.kr/external/2026/06/23/000611/20260623001431/00591.htm,True,2026post,20260623000328
원일티엔아이,,코스닥,20260623,20260623000338,주주총회소집공고,True,True,True,True,1,,전기공사업,사업목적 추가 및 순번번경,"① 수소저장합금 및 수소실린더 당사가 개발한 수소저장합금 및 수소실린더의 경우 군사목적의 특수목적용으로 본 사업영역에 진입하기 위해서는 방위사업청, 기술품질관리원 등의 내부 절차(응용연구, 시험개발)를 진행하고 통과하여야 하기 때문에 국내의 경우 당사가 독점적 지위를 가지고 있다고 판단됩니다. 특히, 국내 시장에서 잠수함에 공급",https://kind.krx.co.kr/external/2026/06/23/000338/20260623000842/00591.htm,True,2026post,20260623000199
콜마바이오텍,,코스닥,20260623,20260623000334,주주총회소집공고,False,True,True,True,8,바이오·헬스케어;반려동물(펫);화장품·뷰티;식품·농업·외식,"화장품 원료의 연구개발업 | 화장품 원료의 제조 및 판매업 | 화장품 원료의 기술자문 및 마케팅 자문업 | 원료의약품, 의약품 중간체 및 화학소재의 연구, 개발, 제조 및 판매업 | 식품 원료, 식품 기능성 소재의 연구, 개발, 제조 및 판매업 | 동물용(반려동물포함) 의약품 원료 및 제품의 연구개발, 제조 및 판매업 | 동물용(반려동물포함) 사료 및 사료첨가 소재의 연구개발, 제조 및 판매업 | 동물용(반려동물포함) 음료 및 건강기능식품의 연구개발, 제조 및 판매업",사업 다각화에 따른 사업 목적 추가,,https://kind.krx.co.kr/external/2026/06/23/000334/20260623000827/00591.htm,True,2026post,20260623000196
츌립앤사이언스,,코스닥,20260623,20260623000295,[정정]주주총회소집공고,True,True,True,True,4,,"현행 유지 | 굿즈 및 기념품 제조, 도소매 및 수출입업 | 캐릭터 상품 개발, 제조 및 유통업 | 인터넷 및 전자상거래업",사업목적 추가,". 캐릭터 상품 개발, 제조 및 유통업 18. 인터넷 및 전자상거래업 19. 위 각호에 부대되는 사업 일체 사업목적 추가 부 칙 제1조 (시행일) 이 정관은 2026년 03월 23일부터 시행한다. 제1조 (시행일) 이 정관은 2026년 06월 30일 부터 시행한다. - 주2) 정정 후 □ 정관의 변경 가. 집중투표 배제를 위한 ",https://kind.krx.co.kr/external/2026/06/23/000295/20260623000719/00591.htm,True,2026post,20260623000157
디에이치엑스컴퍼니,,코스닥,20260619,20260619000757,[정정]주주총회소집공고,True,True,True,True,4,식품·농업·외식,"식육 및 축산물 유통, 판매업 | 육류가공 및 저장처리업 | 유통전문 판매업 | 식육포장처리업",사업목적 추가 및 조문번호 정리,113. 위 각호에 관련된 전자상거래업 및 통신판매업 114. 위 각호에 관련된 부대하는 사업일체 및 투자 사업목적 추가 및 조문번호 정리 제6조 [1주의 금액] - 당 회사가 발행하는 주식 일주의 금액은 오백원으로 한다 제6조 [1주의 금액] - 당 회사가 발행하는 주식 일주의 금액은 오천원으로 한다. 주식병합으로 인한 1주의,https://kind.krx.co.kr/external/2026/06/19/000757/20260619001500/00591.htm,True,2026post,20260619000503
유니크,,코스닥,20260619,20260619000688,주주총회소집공고,True,True,True,True,1,로봇,로봇 부품의 제조 및 판매,- 신규 사업 진출을 위한 근거 마련.,단계에서부터 제품원가를 낮추고 신기술을 접목할 수 있는 기술력 확보를 위해 심혈을 기울이고 있습니다. 4) 신규사업 등의 내용 및 전망 지구환경을 보호하기 위한 CO2 저감기술과 높은 연비를 실현하는 기술 및 안전성을 확보하는 자동차가 미래시장을 차지하게 됩니다. 전자제어와 고연비를 위해서 다단변속이 필요하고 이를 실현하기 위해,https://kind.krx.co.kr/external/2026/06/19/000688/20260619001365/00591.htm,True,2026post,20260619000430
레인보우로보틱스,,코스닥,20260618,20260618000732,주주총회소집공고,True,True,True,True,6,로봇;클라우드·SW·빅데이터;식품·농업·외식,"휴게음식점업, 일반음식점업 | 식음료조리, 제조, 가공, 판매업 | 종합 소매업, 도소매업 및 유통업 | 체인화 편의점업 | 서비스로봇을 활용한 무인 및 반무인 매장 운영업 | 소프트웨어 개발 및 데이터 분석 서비스업",,"1호 의안 : 감사위원회 위원이 되는 사외이사 차영훈 선임의 건 - 제2호 의안 : 정관 일부 변경의 건 (사업목적 추가) 4. 경영참고사항의 비치 상법 제542조의 4에 의거 경영참고사항을 우리회사의 본점, 금융위원회, 한국거래소및 국민은행 증권대행부에 배치하오니 참고하시기 바랍니다. 5. 의결권 행사 방법 가. 본  인  참",https://kind.krx.co.kr/external/2026/06/18/000732/20260618001585/00591.htm,True,2026post,20260618000354
삼익제약,,코스닥,20260618,20260618000437,주주총회소집공고,True,True,True,True,1,바이오·헬스케어,의료기기 제조업 및 판매업,신규사업 진출에 따른 사업목적 추가,"의목적사항 가. 보고사항 - 감사보고 나. 부의안건 제1호 의안: 정관 일부 변경의 건 제1-1호 의안 : 사업목적 추가 제1-2호 의안 : 주식매수선택권 행사기간 삭제 4. 경영참고사항 비치 상법 제542조 4의에 의한 경영참고사항은 당사 인터넷 홈페이지에 게재하고 명의개서대행회사(한국예탁결제원)에 비치하였으며, 금융위원회 및",https://kind.krx.co.kr/external/2026/06/18/000437/20260618000938/00591.htm,True,2026post,20260618000181
금호전기,,유가증권,20260617,20260617000443,주주총회소집공고,True,True,True,True,1,,클린룸 등기구 제조 및 판매업,- 사업목적 추가," 승인의 건 (병합비율 5:1) 제2호 의안 : 정관 일부 변경의 건 제2-1호 의안 : 제2조(목적) - 사업목적 추가 제2-2호 의안 : 제6조(일주의 금액) 제2-3호 의안 : 부칙 - 개정이력 추가 4. 경영참고사항 비치 상법 542조의4에 의거 경영참고사항을 우리 회사의 본점, 금융위원회, 한국거래소 및 한국예탁결제원 ",https://kind.krx.co.kr/external/2026/06/17/000443/20260617001318/00591.htm,True,2026post,20260617000371
알파AI,,코스닥,20260616,20260616000691,[정정]주주총회소집공고,True,True,True,True,3,디지털자산·블록체인·STO(스테이블코인),"블록체인 기반 가상 자산 발행 및 유통업 | 디지털자산 매매, 중개 및 보관업 | 토큰증권(STO) 및 자산유동화 사업",업목적 추가를 통한 신규 사업발굴의 건,"1호 의안 : 주식(액면)병합 승인의 건 제2호 의안 : 정관변경의 건 제2-1호 의안 : 제2조 (목적) 사업목적 추가의 건 제2-2호 의안 : 제6조 (일주의 금액) 주식병합의 건 4. 경영참고사항 비치 상법 제 542조의 4의 3항에 의거 주주총회 소집공고사항을 당사의 본점, 금융위원회, 한국거래소 및, 한국예탁결제원에 비",https://kind.krx.co.kr/external/2026/06/16/000691/20260616001536/00591.htm,True,2026post,20260616000322
비큐AI,,코스닥,20260612,20260612000486,주주총회소집공고,True,True,True,True,2,AI(인공지능);클라우드·SW·빅데이터;디지털자산·블록체인·STO(스테이블코인),피지컬 인공지능(AI)과 인공지능(AI) 기반의 멀티 디바이스향 서비스 및 학습용 데이터 플랫폼 개발·공급·운영업 | 분산원장기술(블록체인) 기반 토큰증권(STO) 및 디지털자산 관련 플랫폼 개발·공급·운영업 (관계 법령에 따른 인허가가 필요한 경우 그 인허가를 취득한 범위 내에서),사업의 목적 추가," 같은 한계가 존재하여 유의미한 점유율 산정이 불가능합니다. ① 전문 시장 조사기관의 부재: 당사와 밀접한 사업영역을 세분화하여 시장 점유율을 공식적으로 제시하는 조사기관 자료가 존재하지 않습니다. ② 시장 규모 산정의 어려움: 당사의 주요 목표 시장인 AI 학습 데이터 시장은 매우 광범위한 산업 영역에 걸쳐 형성되어 있어, 전",https://kind.krx.co.kr/external/2026/06/12/000486/20260612000979/00591.htm,True,2026post,20260612000261
엑시온그룹,,코스닥,20260611,20260611000740,[정정]주주총회소집공고,True,True,True,True,12,클라우드·SW·빅데이터;엔터·콘텐츠·게임;식품·농업·외식,"영상, 음반, 방송, 공연 및 디지털 콘텐츠의 기획, 제작, 투자 및 배급업 | 콘텐츠의 유통, 판매, 수출입 및 라이선스 사업 | 연예 매니지먼트 및 엔터테인먼트 사업 | 라이브커머스 플랫폼 운영 및 서비스업 | 미디어 콘텐츠 기반 상품 기획, 유통 및 판매업 | 마케팅 및 디지털 미디어 서비스업 | 지식재산권(IP)의 개발, 취득, 관리 및 라이선스 사업 | 데이터 기반 콘텐츠 및 커머스 사업 | 농수산물 및 농수산가공식품 도·소매업 | 농수산물 및 농수산가공식품 통신판매업 및 전자상거래업 | 농수산물 및 농수산가공식품 수출입업 및 대행업 | 농수산물 유통 가공 및 유통전문판매업",- / 신설 목적 추가,"지식재산권(IP)의 개발, 취득, 관리 및 라이선스 사업 112. 데이터 기반 콘텐츠 및 커머스 사업 신설 목적 추가 105. 위 각호에 관련되는 컨설팅업 및 부대사업 일체 106. 위 각호에 관련되는 유통업 107. 위 각호에 관련되는 수출, 수입, 중개 등 무역업 113. 위 각호에 관련되는 컨설팅업 및 부대사업 일체 (번호변",https://kind.krx.co.kr/external/2026/06/11/000740/20260611001705/00591.htm,True,2026post,20260611000605
아이컴포넌트,,코스닥,20260611,20260611000500,주주총회소집공고,True,True,True,True,8,2차전지·배터리;신재생·에너지·전력,"플렉시블 및 에너지 디바이스 제조업 | 플렉시블디스플레이 전용부품 제조업 | 페로브스카이트 및 태양전지 전용부품 제조업 | 전자가격표시기,전자종이 전용부품 제조업 | 배터리 등 에너지 관련 디바이스 전용부품 제조업 | 나노 단위 롤트롤 응용소재 제조업 | 신재생에너지 관련 기술 및 제조업 | 벤처투자 관련 사업",사업 목적 다각화,"최근 트렌드에 맞추어 TV 뿐만 아니라 스마트폰, 태블릿PC등에 폭 넓게 적용되고 있으며 대응할수만 있다면 신규 사업 영역은 새롭게 나타날 수 있을 것으로 보고 있으며 당사도 이러한 산업의 특성에 잘 대응하기 위하여 많은 노력을 하고 있습니다. (2) 산업의 성장성 우리나라 산업의 성장을 이끄는 IT제품군은 산업의 큰 축으로서 비",https://kind.krx.co.kr/external/2026/06/11/000500/20260611001240/00591.htm,True,2026post,20260611000474
포커스에이아이,,코스닥,20260611,20260611000428,주주총회소집공고,True,True,True,True,15,투자·금융,"지금, 지은 및 귀금속 수출입업 | 지금, 지은 및 귀금속 제조 및 도·소매업 | 금, 은, 보석류 및 관련 원석의 수입 및 판매업 | 금, 은 등 귀금속 기반 파생상품 개발 및 판매업 | 귀금속 및 쥬얼리 제품의 판매 및 중개서비스업 | 귀금속 감정, 평가 및 인증 서비스업 | 귀금속류 중개 및 위탁매매업 | 비철금속 및 산업금속 수출입, 도·소매업 | 비철금속 합금 제조 및 판매업 | 청화금, 청화은 및 도금재료 제조 및 도·소매업 | 금지금 매매 및 중개업 | 한국거래소 금시장 관련 거래업 | 금, 은 등 귀금속 관련 전자상거래 및 중개업 | 금, 은 등 귀금속 기반 자산운용 및 컨설팅업 | 원두커피 및 차류 도·소매업",신규사업 진출에 따른 사업목적 추가,"다. 더불어 당사가보유한 AI 기술이 접목된 영상기술들을 특수차량, 드론, 로봇 등 다양한 제품에 적용시켜 사업영역을 계속 확대해 나가고 있습니다. 기존 물리보안 및 관제솔루션 사업 외 신규사업으로 결제인프라, 소프트 POS, 실물자산 기반 스테이블코인 등 결제(Payment)에 대한 사업을 추진하고 있습니다. 특히 당사의 AI",https://kind.krx.co.kr/external/2026/06/11/000428/20260611001044/00591.htm,True,2026post,20260611000405
베셀,,코스닥,20260608,20260608000498,주주총회소집공고,True,True,True,True,4,부동산·임대·건설;엔터·콘텐츠·게임,"종합 시설 관리 서비스업 | 부동산 분양 및 주택공급업 | 공연, 전시, 행사 기획 및 대행사업 | 옥외 및 전시 광고업",- 사업다각화로 인한 신규 사업 추가 - 장기 미영위 사업 목적 삭제 - 조문번호 변경,"플레이산업을 포함한 전기전자산업 전반적인 분야에 있어서 제품의 Slim화 경량화의 요소기술이 됩니다. 3) 신규사업 등의 내용 및 전망 기존 생산품목은 주로 광고인쇄용의 잉크젯미디어와 사진보호용필름 등이었으나 향후 IT제품에서의 블루라이트를 차단하는 AB필름, 항균항바이러스필름, 반도체공정테잎 등 IT/BT용 산업시장에서 활용될",https://kind.krx.co.kr/external/2026/06/08/000498/20260608000974/00591.htm,True,2026post,20260608000148
케스피온,,코스닥,20260528,20260528001005,주주총회소집공고,True,True,True,True,3,바이오·헬스케어;엔터·콘텐츠·게임;식품·농업·외식,"기능성 표시 일반식품 및 건강기능식품 제조 및 판매업 | 의약품, 원료의약품, 의료기기, 화학약품 등 바이오 연구·개발·제조·유통업 (중략) | 엔터테인먼트 관련 사업",사업목적 정비 및 보완,"), KTX광명역 지하1층 대회의실 3. 회의목적사항 (부의안건) 제1호 의안 : 정관 일부 변경의 건 - 사업목적 일부 변경 - 신주배정한도 확대 및 발행조건(주식, CB, BW) 확대 등 제2호 의안 : 무상감자 결정의 건 4. 경영참고사항 : 상법 제542조의4의 제3항에 의한 주주총회소집통지 및 공고사항은 금융감독원 및 ",https://kind.krx.co.kr/external/2026/05/28/001005/20260528002211/00591.htm,True,2026post,20260528000966
청보,,코스닥,20260528,20260528000506,[정정]주주총회소집공고,True,True,True,True,29,클라우드·SW·빅데이터;방산;우주항공;드론·UAM;탄소·환경;교육,"방위산업 제품 및 관련제품의 개발, 제조 및 판매업 | 방위산업 물자, 기술, 군용 총포 및 화약류 등의 수출입업 | 항공기 관련 부품, 기계, 소프트웨어의 개발, 제조, 조립 및 판매업 | 항공기 관련 구성품, 기술 등의 수출입업 | 항공기 개발 및 정비업 | 무인항공기 개발 및 정비업 | 미사일 개발 사업 | 미사일 창정비, MRO 등 유지 보수 정비업 | 무기, 총포탄 및 화약류 등의 제조업 | 군수품의 제조, 판매, 보관 및 수송업 | 군납업 | 국내외의 보관창고, 자동창고, 물류시설 등의 운영 및 서비스업 | 내외국인 또는 내외국법인과 위 각항에 관련되는 투자 또는 합작사업 | 근로자 파견 및 인사총무 대행, 알선, 도급, 위탁 운영업 | 헤드헌팅사업 및 고급인력 채용대행 서비스업 | 보안컨설팅, 보안시스템 통합 보안교육 서비스업 | 경비 및 보안시설, 주차장 관리 대행업 | 미화, 위생관리, 사무환경 용역업 및 청소업무 대행업 | 시설경비업, 건물시설관리 | 공기업 사업전략, 푸트코트 관리업 | 단속특별인부 용역업 | 경영컨설팅, 인사총무 위탁 운영업 | 취업정보사이트 운영업 | 행정대집행보조인부용역업 | 정비지역사후관리감시용역업 | 주정차금지구역 관리용역업 | 인터넷정보통신 서비스업 | 유료직업소개업 | 직업정보제공업",사업목적추가 ( 신규사업 진출 및 사업다각화를 위한 사업목적 추가),전을 위한 자본감소의 건 - 제3호 의안 : 정관 변경의 건 제3-1호 의안 상호변경의 건 제3-2호 의안 사업목적 추가의 건 - 제4호 의안 : 사외이사 선임의 건 제4-1호 후보 사외이사 강태원 선임의 건(비상근) 4. 주주총회소집통지 공고사항 상법 제542조의 3 제3항에 의거하여 경영참고 사항등을 당사의 홈페이지 (htt,https://kind.krx.co.kr/external/2026/05/28/000506/20260528001224/00591.htm,True,2026post,20260528000517
루트K,,코스닥,20260527,20260527000584,[정정]주주총회소집공고,False,True,True,True,13,엔터·콘텐츠·게임,(전과 同) | 음반 및 비디오물 도소매업 | 공연 기획업 | 행사대행업 | 대중문화예술기획업 | 관광객이용시설업 | 영상제작업 | 광고대행업 | 종합물류유통업 | 종합물류대행업 | 중고제품 도매 및 소매업 | 물류관리업 | 마케팅컨설팅(판매대행),사업목적 추가 및 조문 번호 정비,,https://kind.krx.co.kr/external/2026/05/27/000584/20260527001401/00591.htm,True,2026post,20260527000405
진원생명과학,,유가증권,20260526,20260526000682,[정정]주주총회소집공고,True,True,True,True,23,AI(인공지능);클라우드·SW·빅데이터;바이오·헬스케어;모빌리티·전기차·자율주행;화장품·뷰티;투자·금융,"소프트웨어 자문, 개발 공급업 | 인터넷 및 전자상거래업 | 시스템 통합사업 | 무역업 | 수출입업 및 수출입 중개 및 대행업 | 데이터베이스 및 온라인 정보제공업 | 소프트웨어 개발, 제작 및 판매업 | 인터넷 정보서비스업 | 상품권 발행 및 유통업 | 화장품 및 생활용품의 제조 및 유통 판매업 | 국내외 투자업 | 전기자동차 부품 연구개발 및 제조 | 전기자동차 부품 판매 | 플라스틱 제조, 가공 및 판매업 | AI 기술을 활용한 의료기술 고도화 솔루션 개발 및 서비스 | AI 헬스케어 및 데이터분석 및 연구 지원 | AI 공간지능 솔루션개발 및 판매 | AI 기술을 활용한 빅데이터 분석 시스템 개발 및 서비스 | AI 소프트웨어 연구개발 및 제조 서비스업 | AI 기술을 활용한 각종 컨설팅업 | AI 모델생성 | 성형관련제제의 개발.제조.판매무역업 | 보튤리눔및 기타물질의 검출 및 진단키트 제조업",신규사업 목적 추가,"진단키트 제조업 40. 각호와 관련된 부대사업 일체 41. 각호의 사업 또는 이에 관련된 사업에 대한 투자 신규사업 목적 추가 [신설] 제10조2【자기주식의 보유 또는 처분】본 회사는 신기술의 도입, 재무구조의 개선 등 회사의 경영상 목적을 달성하기 위하여 필요한 경우 상법 제341조의4에 따라 자기주식을 보유 또는 처분할 수 ",https://kind.krx.co.kr/external/2026/05/26/000682/20260526001552/00591.htm,True,2026post,20260526000439
나인앤컴퍼니,,코스닥,20260520,20260520000762,[정정]주주총회소집공고,False,True,True,True,13,AI(인공지능);클라우드·SW·빅데이터;투자·금융,"의류, 패션잡화, 액세서리 의 제조업 및 도·소매업 | 전자상거래업, 통신판매업 및 통신판매중개업 | 플랫폼 개발 및 운영업 | 어플리케이션, 소프트웨어 및 정보시스템 개발, 공급 및 운영업 | 인공지능(AI) 기반 패션 ·커머스 기술의 개발, 공급 및 서비스업 | 데이터베이스구축, 데이터 처리 및 정보 서비스업 | 브랜드, 상표, 디자인, 저작권 등 지식재산권의 개발, 취득, 관리, 사용허락, 양도 및 관련사업 | 브랜드 라이선싱 및 브랜드 사업화 관련 사업 | 패션잡화의 제조, 도·소매, 수출입 및 유통업 | 자회사, 관계회사 및 기타 회사의 설립, 출자, 지분취득 및 관리업 | 국내외회사, 조합, 펀드, 프로젝트 및 자산에 대한 투자업 | 투자자 회사의 설립 및 운영,국내외 유가증권 및 지분 투자업 | 투자 대상 회사에 대한 경영관리, 사업개발 및 경영컨설팅업",디지털 플랫폼 ·AI ·글로벌 패션잡화 사업 확장 및 투자자 회사(유한회사) 설립을 통한 다각적 투자 활동 근거 마련,,https://kind.krx.co.kr/external/2026/05/20/000762/20260520001939/00591.htm,True,2026post,20260520000390
쏘카,,유가증권,20260519,20260519000561,주주총회소집공고,True,True,True,True,12,모빌리티·전기차·자율주행,자동차 신품 판매업 | 여객 자동차 운송업 | 무역업 | 자동차 부품 및 부속품 판매업 | 상품 종합 중개업 | 상품 종합 도매업 | 보험 대리 및 중개업 | 여신금융업 | 신용대출 또는 담보대출 업무 | 신용카드 및 할부 금융업 | 자동차 임대업 | 렌탈업무,[본문개정] 사업다각화를 위해 사업 목적 추가," 나아가 소상공인과 고객의 결제 데이터를 기반으로 간편결제 및 금융업 부문 사업을 확대하고 있습니다 (4) 신규사업 등의 내용 및 전망 당사는 구독, KTX, 쏘카일레클, 항공권 연계 등의 서비스를 쏘카 앱에서 이용할 수 있도록 제공하고 있으며, 부름/편도 고도화를 통해 소비자들에게 보다 편리한 이동 전후 맥락의 서비스를 제공하",https://kind.krx.co.kr/external/2026/05/19/000561/20260519001346/00591.htm,True,2026post,20260519000234
세코닉스,,코스닥,20260519,20260519000201,주주총회소집공고,True,True,True,True,11,클라우드·SW·빅데이터;부동산·임대·건설;탄소·환경,"전기, 전자부품 제조 및 판매업 | 자동차용 전기, 전자 부품 개발, 제조 및 판매업 | 각종 광학렌즈 및 광학 모듈 개발 제조 및 판매업 | 차량용 조명장치, 램프 제조 및 판매업 | 영상 표시 장치 및 관련 전자 부품의 제조 및 판매업 | 디스플레이용 광학 부품류 | 부동산 및 기계장비 임대업 | 친환경, 에너지 관련 사업 | 소프트웨어 및 라이선스 판매 | 치공구 및 금형의 설계, 제조, 가공 및 판매업 | 각종 기술자문용역 및 컨설팅 서비스업",사업구조 재편 및 신규사업 추가,"(사내이사 제갈창성 선임의 건) 제2호 의안 : 정관 일부 변경의 건 제2-1호 의안 : 사업구조 재편 및 신규사업 추가 (제2조) 제2-2호 의안 : 사채 발행 한도 및 목적 변경 (제21조, 제22조의 2, 제23조, 제24조, 제24조의 2) 제2-3호 의안 : 개정 상법, 표준정관 반영 및 문구 정비 (제17조, 제27조",https://kind.krx.co.kr/external/2026/05/19/000201/20260519000456/00591.htm,True,2026post,20260519000060
앱코,,코스닥,20260514,20260514000128,주주총회소집공고,True,True,True,True,5,AI(인공지능);로봇;클라우드·SW·빅데이터;바이오·헬스케어,"인공지능(AI) 기반 의료솔루션 개발 및 서비스업 | 지능형 의료 로보틱스 및 고정밀 자동화제어시스템의 연구개발,제조,판매,임대 및 관련 서비스업 | 생명공학 기술 기반의 고감도 바이오센서 및 생체 신호 분석 장치의 연구개발, 제조,판매,임대 및 관련 서비스업 | 인공지능(AI) 기반 의료진단 알고리즘 및 디지털 트윈소프트웨어의 연구개발,제조,판매,임대 및 관련 서비스업 | 의료기기 제조,판매 및 수출입업",신규사업진출등 사업의 다각화를 위한 사업목적추가 및 순번 변경,"구 마곡중앙1로 20, 7층 본회의실 3. 회의목적사항 가. 부의안건 제1호 의안 : 정관 일부 변경의 건(사업목적추가) 4. 경영참고사항 비치 상법542조의4에 의한 경영참고사항을 금융위원회 및 한국거래소 전자공시시스템에 공고하고, 당사 본점과 KB증권대행부에 비치하오니 참고하시기 바랍니다. 5. 전자투표 등에 관한 사항 당사",https://kind.krx.co.kr/external/2026/05/14/000128/20260514000198/00591.htm,True,2026post,20260514000044
지슨,,코스닥,20260513,20260513000935,주주총회소집공고,True,True,True,True,1,반도체,"반도체 부품 제조, 판매업",사업영역 확대,"확보하였으며, 이후 국가보안기술연구소와의 도청 탐지 시스템 개발 협력을 통해 전파 기반 보안 솔루션 분야로 사업 영역을 확대하였습니다. 이후 전파 분석 기술을 기반으로 도청 탐지 시스템을 개발하여 공공기관을 중심으로 공급을 확대하였습니다. 특히 상시형 무선도청 탐지 시스템 Alpha-S는 조달청 우수조달제품으로 지정되는 등 제품의",https://kind.krx.co.kr/external/2026/05/13/000935/20260513002054/00591.htm,True,2026post,20260513000757
이삭엔지니어링,,코스닥,20260513,20260513000459,주주총회소집공고,True,True,True,True,6,신재생·에너지·전력;부동산·임대·건설,"전력자원의 개발 및 공급 | 발전 및 전기판매업 | 발전설비 제조 및 판매업 | 토목건축공사업 | 전기관련 제품 및 전기통신기기재료 제조,판매업 | 발전소 운영 및 유지보수업",사업다각화,"니어링본사 1층 회의실 3. 보고사항 - 감사보고 4. 회의목적사항 - 제1호 의안 : 정관일부 변경의 건(사업목적추가) 5. 경영참고사항 비치 상법 제542조의 4 제3항에 의거하여 경영참고사항은 당사의 본점 및 명의개서 대행기관인 국민은행 증권대행부에 비치하였으며, 금융위원회 또는 한국거래소 전자공시시스템을 통해 조회 가능하",https://kind.krx.co.kr/external/2026/05/13/000459/20260513000992/00591.htm,True,2026post,20260513000362
경남제약,,코스닥,20260511,20260511000873,주주총회소집공고,True,True,True,True,5,반려동물(펫),"의약연구개발업 | 반려동물 용품 도소매, 유통업 및 제조업 | 사료 제작 및 공급·유통 및 판매업 | 주류 수출입업 | 주류 유통 및 판매업",사업 다각화에 따른 사업목적 추가,"있는 인후염 치료제 미놀과 무좀약 PM 등이 있으며 건강 식품군 등 다양한품목을 보유하고 있습니다. (4) 신규사업 등의 내용 및 전망 당사는 현재 약국 유통용 품목으로 비타민군, 일반의약품군, 자양강장제군, 건강식품군을 보유하고 있으며, 11개 지점 및 도매상을 통해 전국 24,000여개 약국에 제품을 유통 및 판매하고 있으며",https://kind.krx.co.kr/external/2026/05/11/000873/20260511002058/00591.htm,True,2026post,20260511000693
KBG,,코스닥,20260430,20260429001246,주주총회소집공고,True,True,True,True,10,반도체;화장품·뷰티;식품·농업·외식,"식품첨가물 제조, 판매업 | 실리콘 수지 및 화합물 제조, 판매업 | 전자ㆍ반도체ㆍ디스플레이용 실리콘 소재 제조, 판매업 | 차 전지용 소재 제조, 판매업 | 화장품 원료 제조, 판매업 | 세라믹 소재 제조, 판매업 | 자동차용 전자소재 및 고기능성 접착제 제조업 | 폴리이미드 등 화학 합성수지 및 관련 제품 제조, 판매업 | 전자소재 관련 기술 연구 및 컨설팅업 | ,2,3,4,5,6,10,11,12,13,14,15,16,17항에 관련된 소재 및 원료 수출입업",사업목적 추가 및 수출입업 범위 확대,제2공장 강당 3. 회의 목적 사항 가. 부의안건 제1호 의안 : 정관 일부 변경의 건 제1-1호 의안 : 사업 목적 추가의 건 제1-2호 의안 : 이사 임기 및 보수 관련 변경의 건 제1-3호 의안 : 기타 변경의 건 제2호 의안 : 이사 선임의 건 제2-1호 의안 : 사내이사 부태균 선임의 건(신규) 제3호 의안 : 이사 보수,https://kind.krx.co.kr/external/2026/04/29/001246/20260429003060/00591.htm,True,2026post,20260429001162
한국비티비,,코스닥,20260429,20260429001076,[정정]주주총회소집공고,False,True,True,True,3,,이 회사는 | 다음의 사업을 | 영위함을,- 단순본문내용 수정,,https://kind.krx.co.kr/external/2026/04/29/001076/20260429002717/00591.htm,True,2026post,20260429001063
엔시스,,코스닥,20260427,20260427000323,주주총회소집공고,True,True,True,True,3,,설비공사업 | 기계설비가스공사업 | 배관 및 전기공사업,11항~13항 믹싱장비 사업을 위한 사업의 목적추가 14항 순번 변경,"확보하였습니다. 이에 따라 단일 공정 장비 기업이 아닌, 배터리 생산 전반을 아우르는 통합 솔루션 기업으로 사업 영역을 확장하였습니다. 2) 기술 경쟁력 및 차별성 최근 데이터센터 ESS 시장에서 배터리 화재 안전성이 주요 이슈로 부각되고 있습니다. 당사는 전극공정 내 절연코팅 검사 기술(Insulation Coating Test",https://kind.krx.co.kr/external/2026/04/27/000323/20260427000888/00591.htm,True,2026post,20260427000256
푸른로보틱스,,코스닥,20260414,20260414000633,주주총회소집공고,True,True,True,True,3,AI(인공지능);로봇,"지능형 로봇 개발 제조 판매업 | 인공지능시스템 연구개발 및 판매업 | 로봇시스템 통합에 대한 설치, 시공 및 서비스업",- 신규 사업 목적 추가,제29기 재무제표 승인의 건 제2호 의안 정관 일부 변경의 건 - 제2-1호 상호 변경의 건 - 제2-2호 사업 목적 사항 변경 및 추가의 건 - 제2-3호 발행예정주식총수 변경의 건 - 제2-4호 그 외 정관 변경의 건 제3호 의안 이사 선임의 건 - 제2-1호 사내이사 함현철 선임의 건 - 제2-2호 사내이사 최영찬 선임의 건,https://kind.krx.co.kr/external/2026/04/14/000633/20260414001540/00591.htm,True,2026post,20260414002203
아이에이,,코스닥,20260410,20260410000554,주주총회소집공고,True,True,True,True,10,AI(인공지능);데이터센터;클라우드·SW·빅데이터;신재생·에너지·전력;탄소·환경,"인공지능(AI) 관련 제품, 서비스 개발 및 공급업 | 인공지능 솔루션 연구개발 및 공급업 | 인공지능 소프트웨어 개발, 판매 및 공급업 | 인공지능 연구 및 기술 개발과 기술 정보의 제공업 | 데이터센터 구축, 운영, 임대 및 유지관리업 | 모듈형 데이터센터 설계, 제조, 구축 및 판매업 | 클라우드 컴퓨팅 및 데이터센터 인프라 서비스업 | 데이터센터 관련 장비의 제조, 공급 및 판매업 | 데이터센터 관련 엔지니어링, 설계 및 컨설팅업 | 데이터센터 전력, 냉각 및 환경 제어 시스템 구축 및 운영업",신규사업 진행 예정,nics * 특징 - 상위 기업 시장 점유율 약 50% 이상 - 기술 장벽 높음 - 장기 고객 관계 (3) 신규사업 등의 내용 및 전망 당사는 2025년 아이에이클라우드 설립 시부터 지금까지 지분 74.3%를 투자하여 자회사로 두고 새로운 신규사업 진출을 모색하고 있습니다. 아이에이클라우드는 다양한 산업에 걸쳐 디지털 전환 및 ,https://kind.krx.co.kr/external/2026/04/10/000554/20260410001379/00591.htm,True,2026post,20260410002363
엔비티,,코스닥,20251002,20251002000465,주주총회소집공고,True,True,True,True,8,클라우드·SW·빅데이터;디지털자산·블록체인·STO(스테이블코인),블록체인 기반 응용 소프트웨어 개발 및 공급업 | 디지털자산 매매·교환 중개 및 관련 지원 서비스업 | 블록체인 기반 시스템 소프트웨어 개발 및 공급업 | 디지털자산 보관·이전·관리용 소프트웨어 개발 및 공급업 | 디지털자산 지급·정산·이전 서비스업 | 디지털자산 매매·교환 중개 및 관련 지원·자문 서비스업 | 디지털자산 일임업 및 집합관리업 | 토큰 발행 및 토큰증권(STO) 관련 솔루션 개발·공급·자문업,사업다각화 및 신규사업 진출을 위한 사업목적 추가,"습니다. (4) 경쟁환경 온라인 광고 시장은 기술적으로나 투자 규모로 봤을 때, 그 진입 장벽은 높지 않아 신규 사업자들이 지속적으로 진입하고 있습니다. 그러나 시장을 선점한 사업자의 네트워크 효과 때문에 후발 진입자가 점유율을 높이기 쉽지 않은 구조입니다. 온라인 광고 상품별로 상위 플랫폼 사업자들이 시장을 상당 부분 점유하고 ",https://kind.krx.co.kr/external/2025/10/02/000465/20251002001159/00591.htm,True,2025post,20251002000442
로지스몬,,코넥스,20251002,20251002000155,주주총회소집공고,True,True,True,True,12,AI(인공지능);로봇;클라우드·SW·빅데이터;드론·UAM;바이오·헬스케어;신재생·에너지·전력;모빌리티·전기차·자율주행;부동산·임대·건설;식품·농업·외식;탄소·환경,"인공지능(AI) 알고리즘 및 관련 소프트웨어 연구개발업 | 인공지능(AI) 하드웨어 연구개발, 제조, 판매 및 유통업 | 인공지능(AI) 기반 로봇, 자율주행, 드론 등 연구개발, 제조, 판매 및 유통업 | 탄소배출 및 탄소중립 진단 솔루션 개발, 제공 및 운영업 | 환경관련 측정, 진단, 기술연구, 영향 평가 컨설팅 및 대행업 | 청정개발체제(Clean Development Mechanism)관련 컨설팅 및 업무대행업 | 탄소배출권(온실가스) 포집소재 판매대행 및 유통업 | 신재생에너지 개발, 제조, 발전 사업 | 식품 수출입 및 글로벌 유통업 | 글로벌 온·오프라인 유통 및 판매대행업 | 자동차 및 관련 부품 수출입업 및 수출입대행업 | 부동산 개발 및 분양업",신규사업 추진 및 사업 다각화 목적,"내이사 김재열 선임의 건 제3호 의안: 감사 최윤정 선임의 건 제4호 의안: 정관 일부 변경의 건 (제2조 사업목적 추가) 4.   경영참고사항 비치 상법 제542조의4에 의한 경영참고사항은 본점과 명의개서대행회사(국민은행 증권대행부)에 비치하였으며, 금융위원회 및 한국거래소에 전자공시하여 조회가 가능하오니 참고하시기 바랍니다.",https://kind.krx.co.kr/external/2025/10/02/000155/20251002000370/00591.htm,True,2025post,20251002000145
세경하이테크,,코스닥,20251002,20251002000068,주주총회소집공고,True,True,True,True,4,클라우드·SW·빅데이터,전자카드 제조업 | 신용카드 제조 및 소프트웨어 수출입업 | 전자카드 제조기기 판매 및 수출입업 | 전자카드 제조 및 개발연구소 설립 및 운영업,사업목적 추가,"3. 회의 목적사항 가. 보고사항 : 감사의 감사보고 나. 부의안건 제1호 의안 : 정관 일부 변경의 건 (사업목적 추가) 4. 경영참고사항 비치 상법 제542조의 4에 의한 경영참고사항을 당사의 본점, 한국예탁결제원, 금융위원회, 한국거래소에 비치 및 정보통신망에 게재하오니 참고하시기 바랍니다 5. 주주총회 참석 시 준비물 -",https://kind.krx.co.kr/external/2025/10/02/000068/20251002000139/00591.htm,True,2025post,20251002000054
KS인더스트리,,코스닥,20250930,20250930000222,[정정]주주총회소집공고,True,True,True,True,64,AI(인공지능);우주항공;드론·UAM;바이오·헬스케어;2차전지·배터리;신재생·에너지·전력;희토류·핵심광물·소재;모빌리티·전기차·자율주행;조선·해양;부동산·임대·건설;탄소·환경,"중기, 건설기계, 하역운반기계 및 그 부품의 제작 판매 정비(2010.10.29) | 각종 장비 임대업(2010.10.29) | 선박건조 수리판매(2010.10.29) | 집진기 및 환경오염방지시설 제조 및 판매업(2010.10.29) | 산업플랜트 설비 제조, 수리판매업(2010.10.29) | 전력설비의 설치 및 개보수(2010.10.29) | 소방설비업(2010.10.29) | 폐기물 처리설비 제작, 설계시공 및 처리사업(2010.10.29) | 엔지니어링사업(2010.10.29) | 기계설비 공사업(2010.10.29) | 일반건설업(산업환경설비, 토목건축공사업)(2010.10.29) | 무역업(2010.10.29) | 전문공사업(비계, 구조물해체공사업)(2010.10.29) | 지하수 정화업(2010.10.29) | 전기공사업(2010.10.29) | 신재생에너지사업(2010.10.29) | 육상용 크레인 제작(2010.10.29) | 기타 공학 연구개발업(2010.10.29) | 소각로 및 주변시설 제작(2010.10.29) | 유가증권, 부동산 등 유무형 자산에의 투자(2011.02.25) | 산업기계 및 조선기자재 관련 사업(2011.02.25) | 부동산 개발업(2016.10.19) | 설계 용역 사업(2019.01.30.) | 기체 여과기 및 공기 조화장치 제조,판매업 | low-power air conditioning 장비,플랜트 및 modulation device 제조,판매업 | SiOC위상절연체 연구개발,제조,판매업 | 음극활물질, 도전재 등 소재의 개발,제조,판매업 | 흑연의 구형화와 정제에 관한 연구.개발,판매업 | 화학물질 및 화학약품,제품,생산기계(금형 포함) 개발,제조,판매업 | 전지 소재(흑연 외)의 연구개발, 제조 수입 및 판매업 | 국내·외 광물 개발 및 관련된 사업 | 식·의약품(화장)품 원.부자재,첨가물,용구 국내·외 가공.제조,도소매 판매업 | 국·내외 탄소배출권 개발 사업 | 이에스지(ESG) 관련 조사, 연구업 | 기술컨설팅 및 관련 서비스업 | 전문, 과학 및 기술 서비스업(2024.11.29.) | 인공지능 기반제품의 개발, 생산 및 판매업(2024.11.29.) | 인공지능 솔루션 연구, 개발 공급업(2024.11.29.) | 인공지능 서버 기술을 활용한 제품, 서비스 연구개발 및 공급업(2024.11.29.) | 전기전자제품의 부품제조업(2025.07.10.) | 전기전자제품 제조업(2025.07.10.) | 유선, 무선통신제품의 부품제조업(2025.07.10.) | 유선, 무선제품 제조업(2025.07.10.) | 인쇄회로기판(PCB) 및 관련 소재의 설계·제조·가공·판매업(2025.07.10.) | 표면실장기술(SMT) 부품 실장·검사 서비스업(2025.07.10.) | 전자부품 및 모듈 조립·테스트업(2025.07.10.) | 전자부품·장비의 수출입 및 도·소매업(2025.07.10.) | 전자기기·통신장비의 제조·개발·판매업((2025.07.10.) | 전자부품·장비 유지보수 및 A/S 서비스업(2025.07.10.) | 알루미늄 압연, 압출 및 연신제품 제조업(2025.07.10.) | 알루미늄포일 제조업(2025.07.10.) | 알루미늄박 제조업(2025.07.10.) | 포장용 알루미늄포일 및 포일 용기 제조업(2025.07.10.) | 전기차 2차전지용 양극박 제조업(2025.07.10.) | 항공기 및 관련 기기의 제조, 정비, 수리개조 및 재생 사업(2025.07.10.) | 항공기 및 관련 기기의 임대, 위탁판매 및 운송업(2025.07.10.) | 항공기 및 관련 기기의 무역 및 무역 대행업(2025.07.10.) | 부동산(격납고 및 그 부대공간을 포함)의 임대, 관리 및 운영업(2025.07.10.) | 국내외 항공운송업(2025.07.10.) | 항공기 전자정비업(2025.07.10.) | 항공운송 지원 서비스업(2025.07.10.) | 항공 관련 위탁업 및 대리업(2025.07.10.) | 차세대 항공기 및 무인 운송체계(UAM, 드론 등) 및 관련 시스템의 연구개발, 제조, 판매, 운용 및 관련 서비스업(2025.07.10.) | 항공우주 산업 관련 연구개발 사업(2025.07.10.)",사업목적순번 정리,"금) 오전 09시30분 3. 회의 목적사항 안건 정정 나. 부의안건 제1호 의안 : 정관 일부 변경의 건 (사업목적 순번 정리, 사업목적 추가) 제2호 의안 : 이사해임의 건 (상근이사 4명, 사외이사 1명) 2-1호 의안 : 사내이사 김광일 해임의 건 2-2호 의안 : 사내이사 채경희 해임의 건 2-3호 의안 : 사내이사 문연",https://kind.krx.co.kr/external/2025/11/04/000398/20251104001108/00591.htm,True,2025post,20250930000252
나노실리칸첨단소재,,코스닥,20250926,20250926000475,주주총회소집공고,True,True,True,True,7,화장품·뷰티,"통합화재감시시스템，소방설비, 소방기계의 개발, 제조, 판매, 컨설팅，수출입업 | 열차단 및 기능성 코팅필름의 개발, 제조, 판매, 수출입업 | 산업용 승풍기, 배기장치, 전동기, 발전기, 펌프, 압축기 및 관련부품 서비스, 도소매업 | 원단 및 부직포 제품 도소매업 | 화장품 및 용품 제조, 도소매업 | 의약외품 제조, 도소매업 | 장비 도소매업",사업목적추가,찬성 2025.01.24 * 제3자배정 유상증자 납입일등 변경의 건 가결 찬성 찬성 2025.01.31 * 신사업 업무협약의 건 가결 찬성 찬성 2025.02.06 * 제3자배정 유상증자 결의의 건 * 타 법인 지노바인베스트먼트㈜ 지분매각의 건 * 임원 보수결의의 건 가결 찬성 찬성 2025.02.13 * 2024년도 제18기,https://kind.krx.co.kr/external/2025/09/26/000475/20250926001017/00591.htm,True,2025post,20250926000539
메디포스트,,코스닥,20250926,20250926000430,주주총회소집공고,True,True,True,True,1,식품·농업·외식,수입식품등 수입판매업,건기식사업부 해외 제품 수입·판매를 통한 사업 확대 추진 목적,장의 특성 III. 경영참고사항 → 1. 사업의 개요 → 가. 업계의 현황을 참고해주시기 바랍니다. (4) 신규사업 등의 내용 및 전망 해당사항 없음. (5) 조직도 조직도(2025.01.01기준) 2. 주주총회 목적사항별 기재사항 □ 정관의 변경 제1호 의안 : 정관 일부 변경의 건 가. 집중투표 배제를 위한 정관의 변경 또는,https://kind.krx.co.kr/external/2025/09/26/000430/20250926000945/00591.htm,True,2025post,20250926000512
나우로보틱스,,코스닥,20250918,20250918000111,[정정]주주총회소집공고,True,True,True,True,24,AI(인공지능);로봇;클라우드·SW·빅데이터;우주항공;드론·UAM;2차전지·배터리;모빌리티·전기차·자율주행;엔터·콘텐츠·게임,"산업용로봇 제조 및 판매업 | 지능형(AI)로봇 제조 및 판매업 | 직교로봇 제조 및 판매업 | 협동로봇 제조 및 판매업 | 다관절로봇 제조 및 판매업 | 스카라로봇 제조 및 판매업 | 모바일 로봇 제조 및 판매업 | 물류로봇(AGV, AMR) 제조 및 판매업 | 휴머노이드로봇 제조 및 판매업 | 로봇 부품 제조 및 판매업 | 로봇 자동화 기계, 설비 제조 및 판매업 | 로봇공유서비스,로봇렌탈 및 로봇구독서비스 | 로봇 및 실험장비 시스템 개발 및 판매업 | 자동화 장비 및 부품,주변기기의 제조 및 판매업 | 산업용 컨텐츠 개발 및 판매업 | 산업용 기계 제작, 장비 운영 및 수리업 | 스마트팩토리 개발, 자문, 공급, 판매업 | 소프트웨어, 서버시스템 개발, 자문, 공급, 판매업 | 아이오티(IoT) 디바이스 개발, 자문, 서비스, 공급, 판매업 | SMART MODULE 제조 및 판매업 | 도심항공모빌리티(UAM) 제조,유통 및 판매업 | 통신기기,전자제품,전자부품 개발, 생산, 판매업 | 이차전지 자동화 장비 제조 및 판매업 | 스타트업 등 벤처기업에 대한 투자 및 지분참여",1. 목적사업의 호순체번 2. 목적사업 추가 ( 파란색 밑줄 항목 ) 3. 목적사업의 세분화 4. 목적사업 문구조정,"수구 센트럴로 123 송도컨벤시아 202호 3. 회의목적사항 가. 부의안건 제1호 의안 : 정관 일부 개정(목적사업/발행예정주식수 추가, 이사의 책임경감) 제2호 의안 : 감사 안상선 선임 제3호 의안:  사외이사 정태윤 선임 제4호 의안:  사외이사 이규빈 선임 제5호 의안:  사내이사 손봉식 선임 제6호 의안 : 사내이사 오",https://kind.krx.co.kr/external/2025/09/18/000111/20250918000369/00591.htm,True,2025post,20250918000094
블루산업개발,,유가증권,20250917,20250917000496,[정정]주주총회소집공고,True,True,True,True,68,AI(인공지능);로봇;클라우드·SW·빅데이터;바이오·헬스케어;희토류·핵심광물·소재;부동산·임대·건설;식품·농업·외식;투자·금융;교육,"이 회사는 “블루산업개발 주식회사”라 한다. 영문으로는 “Blue Industrial Development Co., Ltd.” 라 표기한다. | 국내외 부동산 매매업 | 국내외 부동산 자문(Consulting) 및 개발업 | 국내외 부동산 시행 및 건설업 | 국내외 회원권 분양 및 분양대행업 (콘도，골프등） | 전기공사업 | 기계설비공사업 | 국내외 투자사업 | 포장공사업 40, 토목 건축공사업 | 주택, 상가, 건물 유지보수 및 관리업 | 철물 공사업 | 종합관광 휴양지 개발 및 운영사업 | 체육진흥사업 | 국제회의 시설업 | 유원지 및 테마파크 운영업 | 골프장 운영업 | 스키장 운영업 | 수영장업 | 예식장업 | 석탄 광업, 원유 및 천연가스 채굴업 | 철 광업, 비철금속 광업 | 토사석 광업, 기타 비금속광물 등 광업 | 그 외 광업 지원 개발, 채취, 판매, 가공 사업, 서비스업 | 그 외 광업 활동과 관련된 연구, 컨설팅, 유통, 수출입업 | 전기통신 및 통신 공사업 | 실내건축 및 건축마무리 공사업 | 소방시설공사업 | 조경공사업 | 조경식재 공사업 | 조경시설물 설치 공사업 | 건축 기술, 엔지니어링 및 관련 기술 서비스업 | 정보통신기술(ICT)을 활용한 스마트팜 시설 구축업 | 스마트팜 관련 기자재 및 서비스 개발, 공급업 | 스마트팜 기술 컨설팅 및 교육 제공업 | 스마트팜 데이터 기반 서비스 제공업 | 스마트팜 농산물의 생산, 유통, 가공, 판매 및 전자상거래업 | 농작물 집단재배 및 공동작업에 관한 사업 | 농업 관련 창고 기타 공동이용시설의 설치 및 이용업 | 농업기계 기타 장비의 판매, 임대, 수리, 보관사업 | 농어촌 관광휴양사업 | 농업체험관광업 | 농작업의 전부 또는 일부 대행업 | 영농에 필요한 자재의 생산, 공급업 | 영농에 필요한 종묘생산 및 종균배양사업 | 농산물의 매취, 비축사업 | 신약개발과 의료용 물질 및 의약품 제조 및 판매업 | 생명공학적 기법을 이용한 신기술, 신제품의 연구개발 및 제조, 판매업 | 생명공학적 기법을 이용한 연구용역사업 | 신약 임상실험 기술개발 및 용역업 | 신약 임상시험, 분석, 통계, 자문 및 대행서비스업 | 생명공학적 기법을 이용한 신기술, 신제품의 지적재산권 획득 및 이전 | 생명공학 및 환자치료사업 영위업체 등에 대한 유가증권 등의 투자 또는 공동사업 운영 | 생명공학 신약연구개발을 위한 기술도입 및 투자업 | 로봇 및 가전, 통신 제품 등 종합 도, 소매업 | 사물인터넷(IoT) 기기 등 전자제품 제조, 판매, 유통 | 전자상거래, 인터넷사업 및 통신판매업 | 각종 제품, 상품, 설비에 대한 렌탈업 | 소프트웨어 개발, 제조, 공급, 자문 및 유지보수업 | 소프트웨어 수출입, 임대, 가공 및 용역업 | 빅데이터 소프트웨어 개발, 공급 및 서비스업 | 영상·음성 분석기술 개발 및 관련 하드웨어, 소프트웨어 개발업 | 인공지능(AI) 개발 및 하드웨어·소프트웨어 연구개발, 공급 및 서비스업 | 인공지능(AI) 솔루션 적용 기기 연구개발 및 공급업 | 인공지능(AI) 관련 개발, 판매 및 유지보수 사업 | 시스템통합(SI) 및 구축업 | 데이터베이스 구축, 운영 및 온라인 정보제공업 | 가상현실(VR), 증강현실(AR) 관련 제품, 서비스 개발 및 공급업 | 골재채취업 및 파쇄, 판매업",사업목적 다각화 / 사업목적 추가로 인한 사업다각화,"라 한다. 영문으로는 “Blue Industrial Development Co., Ltd.” 라 표기한다. 사업목적 추가로 인한 사업다각화 (이하 생략) Ⅲ.경영참고사항 2. 주주총회 목적사항별 기재사항 □ 감사의 선임 나. 후보자의 주된직업ㆍ세부경력ㆍ해당법인과의 최근3년간 거래내역 감사후보자 세부경력 내용 기재 정정 주1) 정",https://kind.krx.co.kr/external/2025/09/17/000496/20250917001373/00591.htm,True,2025post,20250917000390
아센디오,,유가증권,20250917,20250917000294,[정정]주주총회소집공고,True,True,True,True,14,AI(인공지능);바이오·헬스케어;엔터·콘텐츠·게임;투자·금융;탄소·환경,"버추얼 아이돌, 에이아이(AI, Artificial Intelligence) 캐릭터의 기획, 제작, 매니지먼트 및 관련 콘텐츠 사업 | 생명공학 및 바이오 미생물 연구개발, 배양, 제조, 도소매업 | 환경시료의 미생물분석과 유전자분석업 | 생명공학관련 연구, 개발, 생산, 제조, 도소매업 | 친환경 관련사업 및 연구용역업 | 기타 금융투자업 | 자본시장과 금융투자업에 관한 법률에 의한 전문사모 집합투자업 | 사모투자합자회사(PEF, Private Equity Fund), 벤처투자조합, 신기술사업투자조합 등 간접투자기구에 대한 출자 및 수익권 취득, 보유, 관리 | 간접투자 목적 포함한 타법인 주식, 출자지분의 취득, 보유, 관리 및 처분 | 드라마,영화,전시,공연의 제작, 배급 및 투자업 | 섬유, 원단, 실 및 기타 섬유제품 제조 및 가공업 | 섬유, 원단, 실 및 기타 섬유제품 도소매 및 수출입업 | 봉제의복 및 의복잡화 제조 및 가공업 | 봉제의복 및 의복잡화 도소매 및 수출입업",신사업진행을 위한 사업목적 추가,".간접투자 목적 포함한 타법인 주식, 출자지분의 취득, 보유, 관리 및 처분 155.각호에 관련된 부대사업 신사업진행을 위한 사업목적 추가 *(주2) 정정 후 가. 집중투표 배제를 위한 정관의 변경 또는 그 배제된 정관의 변경 변경전 내용 변경후 내용 변경의 목적 - - - 나. 그 외의 정관변경에 관한 건 변경전 내용 변경후",https://kind.krx.co.kr/external/2025/11/03/000593/20251103001376/00591.htm,True,2025post,20250917000286
디모아,,코스닥,20250916,20250916000409,[정정]주주총회소집공고,True,True,True,True,5,투자·금융,"경영컨설팅업 | 금융투자업 | 자본시장과 금융투자업에 관한 법률에 의한 전문사모 집합투자업 | 사모투자합자회사(PEF), 벤처투자조합, 신기술 사업투자조합 등 간접투자기구에 대한 출자 및 수익권 취득, 보유, 관리 | 타법인 주식, 출자지분의 취득, 보유, 관리 및 처분(간접투자 목적 포함)",사업 다각화,"시 용산구 서빙고로 51길 52, 1층 세미나실 3. 회의목적사항 가. 부의안건 제1호의안: 정관변경의 건(사업목적 추가) 제2호의안: 이사선임의 건(신규선임) 제2-1호 의안: 사내이사 이상준 선임의 건 제2-2호 의안: 사내이사 임재성 선임의 건 제2-3호 의안: 사내이사 정영관 선임의 건 제2-4호 의안: 사외이사 강세현 ",https://kind.krx.co.kr/external/2025/09/16/000409/20250916001176/00591.htm,True,2025post,20250916000280
태광산업,,유가증권,20250916,20250916000202,주주총회소집공고,False,True,True,True,13,클라우드·SW·빅데이터;원전·원자력;디지털자산·블록체인·STO(스테이블코인);신재생·에너지·전력;부동산·임대·건설;화장품·뷰티;투자·금융,"부동산개발 및 시행사업, 분양업 | 호텔, 리조트 등 숙박시설의 개발, 운영 및 임대업 | 해외 건설공사 및 개발사업 | 주택건설사업 | 토지개발업 | 토목공사업 및 건축공사업 | 부동산 및 사회간접자본시설(SOC)에 대한 투자, 시행 및 관련 사업 | 부동산투자회사(리츠),프로젝트금융투자회사(PFV) 및 기타 특수목적 법인(SPC)에 대한 출자, 지분투자 및 운영참여업 | 금융업, 투자업 및 기타 상기 목적사업에 부대되는 일체의 사업 | 블록체인 기반 소프트웨어의 개발 및 판매, 암호화자산의 매매 및 중개업 | 화장품의 제조, 매매 및 이와 관련한 서비스 상품의 매매 | 플라스틱 포장재료의 제조 및 판매 | 원전, 태양, 풍력, 지열에너지 기타신에너지 및 재생에너지 관련 사업",제1장 제2조 신규항목 추가 - 사업다각화 및 신사업 진출을 위한 중장기적 기반 마련 차원,,https://kind.krx.co.kr/external/2025/09/16/000202/20250916000648/00591.htm,True,2025post,20250916000124
영원무역,,유가증권,20250916,20250916000086,주주총회소집공고,True,True,True,True,1,부동산·임대·건설,부동산개발업,사업목적 추가,1호 의안: 임시의장 선임의 건 (성래은 부회장) 제2호 의안: 정관 일부 개정의 건 - 제2-1호 의안: 사업목적 - 제2-2호 의안: 의장 선임 방식 - 제2-3호 의안: 직위 추가 4. 전자투표에 관한 사항 당사는 상법 제368조의4에 따른 전자투표제도의 관리업무를 한국예탁결제원에 위탁하였습니다. 주주님들께서는 아래에서 정,https://kind.krx.co.kr/external/2025/09/16/000086/20250916000322/00591.htm,True,2025post,20250916000045
애드바이오텍,,코스닥,20250915,20250915000601,주주총회소집공고,False,True,True,True,39,로봇;클라우드·SW·빅데이터;원전·원자력;바이오·헬스케어;2차전지·배터리;신재생·에너지·전력;모빌리티·전기차·자율주행;조선·해양;부동산·임대·건설;투자·금융;탄소·환경,"해외 원전 수출 및 사업 개발업 | 원전 건설 타당성 및 환경영향 평가 | 소형원전 개발, 설계 및 제조 사업 | 소형원전 성능 시험 및 검증 사업 | 원전 보조기기 개발 및 제조 사업 | 동물사체 소각 및 처리 설비 개발 및 제조 | 해양쓰레기 소각 및 처리 설비 개발 및 제조 | 플라즈마 발생장치 개발, 제조 및 판매업 | 방사성물질 운반, 저장 및 처분 용기 개발 및 제조 | 방사성물질 취급 관련 설비 개발, 제조 및 시공 | 방사성폐기물 및 사용후핵연료 용기 개발 및 제조 | 방사능 모니터링 장치 개발, 제조 및 판매업 | 방사선 계측기 및 의료장비 수출입업 | 원전 설계, 건설, 운용 및 해체 관련 지식서비스업 | 원전 및 발전시설 유지관리 소프트웨어 개발 및 판매업 | 원자력 및 공학 관련 기술 연구개발업 | 차원 영상 시뮬레이터 및 홍보물 제작 및 판매업 | 연구 및 학술 활동 | 핵반응기 및 증기보일러 제조업 | 원전해체 폐기물 감용설비 개발 및 제조업 | 원전해체 폐기물 감용 서비스업 | 원전해체용 자동화 설비 및 로봇 개발 및 제조업 | 원전해체 폐기물 취급 로봇 개발 및 제조업 | 폐기물 수집, 운반, 처리, 재생산 및 재활용업 | 데이터저장용 자재 또는 부품 및 제품의 수입, 제조, 가공 및 매매 | 전력저장용 설비 및 관련 제품의 제조, 설치 및 매매 | 발전ㆍ송전ㆍ변전ㆍ배전을 포함하는 전기에너지 관련 사업 | 에너지의 진단 및 효율화 관련 사업 | 신재생에너지 이용설비 설계, 제조, 판매 및 시공 | 신재생에너지 발전사업 및 관련 기계 수출입업 | 배터리 CELL, 배터리 PACK의 수입, 개발, 제조 및 매매 | 에너지저장장치(ESS) 개발, 제조 및 시공 사업 | 전기차 및 전기차 배터리의 리스 관련 사업 | 이차연료전지 소재의 제조, 가공 및 판매업 | 배터리 및 배터리집합체 연구개발 사업 | 차량, 장비, 각종 설비 등의 제조 및 임대업 | 부동산업 및 임대업 | 유가증권 투자업 | 경영자문 및 컨설팅업",- 사업목적 추가,,https://kind.krx.co.kr/external/2025/09/15/000601/20250915001412/00591.htm,True,2025post,20250915000339
대창솔루션,,코스닥,20250915,20250915000369,[정정]주주총회소집공고,True,True,True,True,17,클라우드·SW·빅데이터;바이오·헬스케어;신재생·에너지·전력;탄소·환경,"주강, 주철, 단강, 합금철 소재부품의 제조, 조립, 임가공, 설치, 수리, 임대 및 판매업 | 철강 및 비철금속 소재부품의 제조, 조립, 임가공, 설치, 수리, 임대 및 판매업 | 상기 항의 소재부품 기획과 개발을 위한 기획용역, 기술용역 및 시험평가 대행업 | 산업용 중간재 및 재료의 수출입을 포함한 도.소매업 | 주조용 목제품의 제조, 수리 및 판매업 | 연소식 및 신재생에너지 발전용 기계 및 부분품의 제작, 판매, 가공, 설치, 수리, 임대 및 이를 활용한 발전사업 | 압력용기, 액화가스용기 및 액화설비 의 제작, 판매, 설치, 수리 및 임대업 | LNG와 수소의 저장, 공급 및 충진 관련 기계 장치 및 시스템의 제조, 판매, 설치, 수리, 임대 및 운영업 | 배출가스 제어장치 제조, 가공, 판매 및 수리업 | 상기 항의 각종 기계 장치 및 요소 기계 제품의 기획과 개발을 위한 기획용역, 기술용역 및 시험평가 대행업 | 신약 및 정밀화학 관련 기술의 연구개발, 임상실험, 기술판매, 기술용역, 자문, 수탁 등 관련사업 | 완제 및 원료 의약품, 의약부외품, 의료기기 및 의료용구의 제조, 도소매, 수출입, 통신판매 및 전자상거래업 | 각종 유무선 센서 및 정보통신기기를 포함한 전자 제품류의 개발, 제조 및 판매와 관련 소프트웨어 개발과 공급업 | 기술의 기획과 연구, 관련 기술용역 수탁 및 자문업 | 회사가 보유한 지식, 정보, 기술의 판매, 임대, 용역 및 관련 거래업 | 환경오염 방지시설 및 폐기물 처리 장치의 제작, 판매 및 운용업 | 타 회사의 주식 또는 지분의 취득, 매도, 교환, 소유, 경영, 관리 및 관련업","목적사항 추가,삭제","2025년 약 5,131억 달러에서 2030년에는 7,279억 달러 규모로 성장할 것으로 예측됩니다 (4) 신규사업 등의 내용 및 전망 - 해당사항 없음 (5) 조직도 2. 주주총회 목적사항별 기재사항 □ 정관의 변경 가. 집중투표 배제를 위한 정관의 변경 또는 그 배제된 정관의 변경 변경전 내용 변경후 내용 변경의 목적 - -",https://kind.krx.co.kr/external/2025/09/15/000369/20250915000966/00591.htm,True,2025post,20250915000216
RFHIC,,코스닥,20250915,20250915000200,주주총회소집공고,True,True,True,True,1,조선·해양,"선박 및 함정용 통신, 전자, 전기, 기계, 장비의 제조, 판매업",- 사업목적 신설,"박 및 함정용 통신, 전자, 전기, 기계, 장비의 제조, 판매업 28. 위 각호에 관련된 부대사업 일체 - 사업목적 신설 제34조 (이사의 수) 회사의 이사는 3인 이상 8인 이내로 하고, 사외이사는 이사총수의 4분의 1 이상으로 한다. 제34조 (이사의 수) 회사의 이사는 3인 이상 6인 이내로 하고, 사외이사는 이사총수의 4",https://kind.krx.co.kr/external/2025/09/15/000200/20250915000556/00591.htm,True,2025post,20250915000117
올리패스,,코스닥,20250912,20250912000559,주주총회소집공고,True,True,True,True,6,바이오·헬스케어;조선·해양;화장품·뷰티;식품·농업·외식,"수산생물과 관련된 연구개발업 | 해양바이오 원료의약품 제조 및 도소매업 | 의약품 원료, 화장품 등의 원료 제조, 도소매 및 연구개발 | 화장품 제조 및 도소매업 | 건강기능식품 등 제조 및 도소매업 | 의료기기 및 의약외품 제조 및 도소매업",사업다각화,수한 세포투과성에 따른 낮은 임상 Dose 책정이 가능하여 장기간 저렴한 약가의 투여가 가능합니다. (4) 신규사업 등의 내용 및 전망 해당사항 없습니다. (5) 조직도 OliPass 전사 조직도 2. 주주총회 목적사항별 기재사항 □ 정관의 변경 가. 집중투표 배제를 위한 정관의 변경 또는 그 배제된 정관의 변경 변경전 내용 변,https://kind.krx.co.kr/external/2025/09/12/000559/20250912001299/00591.htm,True,2025post,20250912000472
드림씨아이에스,,코스닥,20250912,20250912000305,주주총회소집공고,False,True,True,True,2,클라우드·SW·빅데이터;바이오·헬스케어,"의약품 및 의료기기의 개발, 유통, 판매, 대행업 | 생명공학기술을 이용한 비임상평가 플랫폼의 연구, 개발, 용역, 제조, 판매 및 서비스업",사업영역 확대에 따른 사업목적 추가,,https://kind.krx.co.kr/external/2025/09/12/000305/20250912000782/00591.htm,True,2025post,20250912000304
제이케이시냅스,,코스닥,20250911,20250911000409,주주총회소집공고,True,True,True,True,25,로봇;클라우드·SW·빅데이터;원전·원자력;방산;우주항공;드론·UAM;2차전지·배터리;신재생·에너지·전력;모빌리티·전기차·자율주행;탄소·환경,"드론 및 무인 비행장치 관련 제조, 유통, 판매 및 임대업 | 방위산업관련(총포류, 무기 포함) 및 군수품의 제조, 유통, 판매, 보관 , 수송, 수입 및 수출업 | 이차전지를 이용한 자동차(전투용 자동차 포함) 및 동 부품의 제조, 정비, 판매, 임대 및 서비스업 | 전기, 전자기기, 컴퓨터, 광학기기(사진기, 렌즈, 현미경, 망원경 등) 및 동 부분품과 소재의 제조, 판매, 직매, 임대, 설치, 보관 및 서비스업 | 로봇(산업용, 방위산업용 포함) 및 동 부품의 제작, 정비, 판매, 임대, 서비스업 | 대테러 장비 리스사업 | 원자력 발전소 방사선 및 위험물 처리로봇 제조 및 도, 소매업 | 군납업 | 내외국인 또는 내외국법인과 위 각항에 관련되는 투자 또는 합작사업 | 드론 및 무인 비행장치 관련 시스템(레이더, 소프트웨어 등)의 구축, 설치, 유지보수 및 서비스업 | 항공기, 우주선, 무인/유인 비행장치 및 | 보조장치의 제조, 정비, 판매, 임대, 서비스업 | 항공모빌리티 및 동 부품의 제조, 판매, 정비, 임대, 서비스업 | 국방 및 방위산업 관련(무기체계, 비무기체계, 대테러장비 포함) 컨설팅 및 에이전트업 | 특수차량 및 특수목적용 기계와 동 부분품의 제작, 정비, 판매, 임대, 서비스업 | 친환경 냉매 (Hychill) 수입, 판매 및 유통 | 혼압가스(고압가스)의 제조, 수출입, 판매 및 유통 | 기타 대체냉매의 수출입, 판매 및 유통 | 냉매관련 재포장, 수송, 기타 서비스에 관한 업무 | 폐냉매 회수 재생 및 탄소배출권사업 | 휴대폰액세서리 디자인, 제조 및 유통업 | 휴대폰액세서리 온, 오프라인 도, 소매업 | 전자제품 제조 및 유통업 | 전자제품 온, 오프라인 도,소매업 | 컴퓨터 및 모바일 제품 주변기기 및 액세사리 도, 소매업",사업다각화 및 사업목적 정비,"나. 부의안건 제1호 의안 : 정관 일부 변경의 건 제1-1호 의안 : 상호 변경의 건 제1-2호 의안 : 사업목적 추가 및 삭제의 건 제2호 의안 : 자본 감소의 건 4. 경영참고사항 비치 상법 제542조의4에 의거하여 경영참고사항을 당사 본사 및 한국예탁결제원 증권대행부에 비치하였으며, 금융위원회 및 한국거래소에 전자공시하여",https://kind.krx.co.kr/external/2025/09/11/000409/20250911001109/00591.htm,True,2025post,20250911000412
서진오토모티브,,코스닥,20250911,20250911000084,주주총회소집공고,True,True,True,True,1,신재생·에너지·전력,태양광 발전사업,- 사업의 목적사항 추가,"되지 않고 여러 형태로 분산됨으로써 한 곳에 치중하여 발생할 수 있는 위험성을 최소화하고 있습니다. (4) 신규사업 등의 내용 및 전망 당사는 일본 자동차부품전문업체와 협력을 통하여 국내 완성차 업체에 납품하는 8속 자동변속기용 부품 양산 체제를 구축완료 한 후, 2015년말부터 양산을 개시하였습니다. 이는 수동변속기 시장에서의",https://kind.krx.co.kr/external/2025/09/11/000084/20250911000206/00591.htm,True,2025post,20250911000102
THE E&M,,코스닥,20250910,20250910000102,주주총회소집공고,False,True,True,True,6,엔터·콘텐츠·게임,"무대, 세트 시스템 공사업 | 영화 및 기타 영상기계, 장비 임대업 | 영화 및 기타 영상 제작시설 임대업 | 전시장, 공연장 설치 및 기타 운영 관리업 | 공연 및 녹음시설 운영 | 지적재산권 라이선스 사업",- 신규 사업 추가 - 조문번호 변경,,https://kind.krx.co.kr/external/2025/09/10/000102/20250910000283/00591.htm,True,2025post,20250910000167
더즌,,코스닥,20250905,20250905000106,주주총회소집공고,True,True,True,True,1,,소액해외송금업,신규사업 추진을 위한 사업목적 추가,블리에홀 3. 보고사항: ① 감사보고 4. 회의목적사항 ○ 제1호 의안: 정관 일부 개정의 건 제1-1호: 사업목적 추가 제1-2호: 감사위원회 관련 규정 일부 개정 ○ 제2호 의안: 감사위원회 위원이 되는 이사 한순욱 선임의 건(기타비상무이사) ○ 제3호 의안: 이익잉여금의 임의적립금 대체의 건 5. 의결권 대리행사 관련 의결,https://kind.krx.co.kr/external/2025/09/05/000106/20250905000251/00591.htm,True,2025post,20250905000088
다보링크,,코스닥,20250904,20250904000065,주주총회소집공고,True,True,True,True,33,반도체;신재생·에너지·전력;희토류·핵심광물·소재;부동산·임대·건설,"화상처리장치 제작 판매업 | . 산업용전기기계 제작판매업 | . 산업용 콘트롤러(controller) 제조판매업 | . 도매서비스 | . 석유화학제품 석유류 육해상 광물 무역업 | . 석유제품 부산물 도소매업 | . 석유화학제품 제조업 | . 육해상 석유류 운송업 | . 위험물 저장시설 임대업 | . 석유화학제품 및 정제유 조달업 | . 석유류 중개업 | . 유류 및 석유화학제품 알선업 | . 원자재 수출입업 | . 산업용 전기기계 수출입업 | . 전자부품(터치스크린 PCB)제조 도소매 무역업 | . 전기전자용 기기 및 장비 제작 판매업 | . 인쇄업 및 인쇄장비 제작 판매업 | . 전자잉크 칼라잉크도소매 및 무역업 | . 통신판매업 | . 액체연료 및 관련제품 도매업 | . 석유화학제품 도소매 | . 염료 안료 관련제품 도매업 | . 기타 화학물질 및 화학제품 도매업 | . 부동산업 및 부동산 임대업 및 공급업 | . 기타 화학제품 제조업 | . 잉크 페인트 코팅제 세제 제조업 | . 반도체 조명 제조업 | . 엘이디 조명을 이용한 인테리어 공사 | . 태양광 발전장치 제조업 | . 태양전지 및 태양전지모듈생산, 판매, 유통업 | . 태양전지, 태양전지모듈 제조장비 및 관련 원자재의 제조, 판매 중개, 서비스업 | . 태양광발전, 풍력발전 등 신재생에너지 시스템에 사용되는 인버터, 변압기, 차단기, 충전기 등 생산, 설치, 유통업 | . 태양광, 풍력 등 신재생에너지 시스템 제조 판매 수출입 및 설비시설업",신규사업 추진으로 인한 사업목적 추가,"의안 : 이사해임의 건 제2-1호 의안 : 사외이사 김정호 해임의 건 제3호 의안 : 정관 일부 변경의 건(사업목적 추가의 건) 4. 경영참고사항 비치 「상법」 제542조의4 등 관련 법규에 따라 경영참고사항을 당사의 본점 및 국민은행 증권대행부에 비치하였고, 금융위원회 또는 한국거래소에 전자공시하여 조회가 가능하오니 참고하시기",https://kind.krx.co.kr/external/2025/09/04/000065/20250904000217/00591.htm,True,2025post,20250904000062
롤링스톤,,코스닥,20250903,20250903000203,[정정]주주총회소집공고,True,True,True,True,24,AI(인공지능);클라우드·SW·빅데이터;교육,"교육 서비스업 | 온라인 교육정보 제공업 | 교육 관련 데이터베이스업 | 학원프렌차이즈업 | 학원 운영 컨설팅업 | 입시관련 이벤트업 | 입시 정보 제공업 | 학원사업 | 서적류 도,소매업 | 저작권 임대 및 위탁관리업 | 멀티미디어 솔루션 사업 | 인터넷을 통한 회원제 서비스업 | 온라인 교육학원업 | 유류도매업 | 유류판매업 | 석유류제품 수급 및 중개업 | 석유류제품 유통 및 도,소매업 | 석유류소매업 | 소프트웨어 개발, 판매, 임대, 유지보수 및 서비스업 | 정보통신 시스템 개발 및 시설업 | 인공지능 기반 솔루션 개발 및 서비스업 | 인공지능 기반 3D 공간정보 생성 및 처리업 | D 공간정보 데이터 구축 및 자동화시스템 개발업 | 공간정보 및 데이터베이스 구축, 가공, 판매업",사업목적 추가 및 삭제, 찬성 찬성 찬성 10 2025.03.14 대여금 만기 연장의 건 찬성 찬성 찬성 11 2025.03.14 사업목적 추가의 건 찬성 찬성 찬성 12 2025.03.17 유형자산 양수수도계약 변경 계약합의서 체결의 건 찬성 찬성 찬성 13 2025.04.14 상법 제398조(이사 등과 회사 간의 거래)에 의한 이사회 승인의 건 불,https://kind.krx.co.kr/external/2025/09/03/000203/20250903000721/00591.htm,True,2025post,20250903000214
한미반도체,,유가증권,20250902,20250902000385,주주총회소집공고,True,True,True,True,1,,"생활잡화, 기타잡화, 의류, 기념품, 도기, 미술품 등의 도소매업",- 사업의 목적사항 추가, 지속적 품질관리와 신제품 개발과 함께 고객사의 요구납기에 대응할 수 있는 능력을 갖추어야 합니다. (4) 신규사업 등의 내용 및 전망 - 해당없음 (5) 조직도 한미반도체 조직도 2. 주주총회 목적사항별 기재사항 □ 정관의 변경 가. 집중투표 배제를 위한 정관의 변경 또는 그 배제된 정관의 변경 변경전 내용 변경후 내용 변경의,https://kind.krx.co.kr/external/2025/09/02/000385/20250902001075/00591.htm,True,2025post,20250902000283
이렘,,코스닥,20250828,20250828000313,[정정]주주총회소집공고,True,True,True,True,2,AI(인공지능);클라우드·SW·빅데이터;2차전지·배터리,"배터리 에너지 저장 시스템(BESS) 관련 사업 | 지능정보(인공지능, 빅데이터)기술을 활용한 제품 및 서비스의 개발, 판매",사업목적 추가,"스템(BESS) 관련 사업 64) 지능정보(인공지능, 빅데이터)기술을 활용한 제품 및 서비스의 개발, 판매 사업목적 추가 제14조 【전환사채의 발행】 ① 이 회사는 사채의 액면가액이 이천억원을 초과하지 않는 범위 내에서 주주 또는 주주 외의 자에게 전환사채를 발행할 수 있다 (생략) 제14조【전환사채의 발행】 ① 이 회사는 사채",https://kind.krx.co.kr/external/2025/12/10/000502/20251210001642/00591.htm,True,2025post,20250828001021
멤레이비티,,코스닥,20250827,20250827000538,주주총회소집공고,True,True,True,True,13,데이터센터;신재생·에너지·전력;희토류·핵심광물·소재,"그린수소의 마케팅, 영업, 판매, 수출, 수입 | 산소의 마케팅, 영업, 판매, 수출, 수입 | 그린수소, 산소 등의 혼합가스의 마케팅, 영업, 판매, 수출, 수입 | 연료전지의 마케팅, 영업, 판매, 수출, 수입 | 그린 암모니아의 마케팅, 영업, 판매, 수출, 수입 | 그린수소, 혼합가스를 이용한 전기 발전 사업 | 난연제 개발 및 제조 판매업 | 화학제품 개발, 제조 및 판매업 | 흑연의 구형화와 정제에 관한 연구, 개발, 판매업 | 화학제품 관련 컨설팅 사업 | 데이터센터 개발 및 운용업 | 정보 시스템 통합 사업 | 전기전자부품 및 전력제어시스템의 연구, 개발, 제조 및 판매업",신규사업을 위한 사업목적 추가,내부회계관리제도 운영실태 보고 나. 부의사항 - 제1호 의안 : 정관 일부 변경의 건 제 1-1호 의안 : 사업목적 추가의 건 - 제2호 의안 : 이사 선임의건 제2-1호 의안 : 사내이사 이상천 선임의 건(신규선임) 제2-2호 의안 : 사내이사 김세윤 선임의 건(신규선임) - 제3호 의안 : 주식매수선택권 부여의 건 4. 경영,https://kind.krx.co.kr/external/2025/08/27/000538/20250827001536/00591.htm,True,2025post,20250827000606
비트플래닛,,코스닥,20250826,20250826000382,주주총회소집공고,True,True,True,True,1,디지털자산·블록체인·STO(스테이블코인),"국내 또는 해외 자산(가상자산 및 디지털자산을 포함함)의 취득, 보유, 매각 등 관련 투자 사업",신규 사업 추가로 인한 사업목적 변경," 시스템의 고도화 됨에 띠라 다양한 분야,업체 들이 상호 협력하는 비지니스 구조를 이루기도 합니다. (4) 신규사업 등의 내용 및 전망 - 국내 산업 주요 IT이슈 가트너가 2025년 IT 비즈니스 트렌드 10가지를 발표하였습니다. 생성형 AI가 생활 속에 자리잡아가면서 이에 관련된 윤리적 문제에 대한 논의, 허위 정보의 양산,",https://kind.krx.co.kr/external/2025/08/26/000382/20250826001098/00591.htm,True,2025post,20250826000396
폴라리스AI핸디,,코스닥,20250825,20250825000474,주주총회소집공고,True,True,True,True,14,AI(인공지능);클라우드·SW·빅데이터;디지털자산·블록체인·STO(스테이블코인);부동산·임대·건설;엔터·콘텐츠·게임;투자·금융,"부동산 임대업 , 매매업 및 컨설팅업 | 도메인 등록, 관리 및 서비스업 | 인공지능, 빅데이터 기술을 활용한 제품, 서비스의 개발 및 공급업 | 인공지능 솔루션 적용 기기 연구개발 및 공급업 | 블록체인 관련사업 및 연구개발업 | 블록체인 플랫폼 개발사업 | ICO (암호화폐공개) 관련한 컨설팅 및 전문 서비스 | 컨텐츠 제작, 투자, 배급업 | 창업투자조합의 결성 및 업무의 집행 | 해외 투자자본의 투자주선 업무 | 기업인수합병의 알선 및 중개업 | 신기술사업자에 대한 투자 | 신기술사업투자조합의 설립 | 경영컨설팅업",사업목적 변경, 대회의실 2. 회의 목적사항 가. 보고사항: 감사보고 나. 부의안건 제1호 의안 : 정관 일부 변경의 건(사업목적 추가 외) 제2호 의안: 이사 선임의 건 제2-1호 의안: 사내이사 조성우 선임의 건 제2-2호 의안: 사내이사 지준경 선임의 건 제2-3호 의안: 사내이사 이해석 선임의 건 제2-4호 의안: 사내이사 조정완 선임,https://kind.krx.co.kr/external/2025/08/25/000474/20250825001341/00591.htm,True,2025post,20250825000423
한샘,,유가증권,20250825,20250825000175,주주총회소집공고,True,True,True,True,1,,전기공사업,전기공사업 등록을 위한 사업목적 추가,"79(상암동) 한샘상암 2층 대강당 3. 회의목적사항 <의결사항> - 제1호 의안: 정관 변경의 건(제2조 목적 추가) 4. 경영참고사항 등 상법 제433조의 제2항 의한 정관 변경의 건에 대한 통지사항은 별첨 안건 참고자료를 참고하시기 바랍니다. 상법 제542조의4에 의거하여 경영참고사항 등을 당사의 본점 및 지점, 한국거래소,",https://kind.krx.co.kr/external/2025/08/25/000175/20250825000597/00591.htm,True,2025post,20250825000187
CSA 코스믹,,코스닥,20250818,20250818000534,[정정]주주총회소집공고,True,True,True,True,26,AI(인공지능);로봇;클라우드·SW·빅데이터;엔터·콘텐츠·게임;투자·금융;교육,"프로그램, 소프트웨어 및 시스템의 개발, 판매, 임대, 서비스업 | 정보통신 시스템의 개발, 판매, 임대, 서비스업 | 시스템의 통합사업 | 프로그램 개발 및 컨설팅업 | 컴퓨터 하드웨어 및 주변기기 개발, 도소매, 임대, 서비스업 | 프로그래밍, 소프트웨어 등 기술연구, 기술훈련, 컨설팅 및 기술용역업 | 노하우, 기술의 판매, 임대업 | 유.무선통신 부가서비스개발, 판매업 | 경영 및 시스템컨설팅업 | 정보통신 공사업 | 산업디자인업 | 디자인 용역업 | 전기, 전자공학 연구 개발업 | 인공지능 및 기계학습 소프트웨어 및 시스템개발업 | 데이터베이스 및 온라인정보 제공업 | 클라우드 솔루션 개발 및 서비스업 | 소프트웨어 및 서비스형 소프트웨어개발, 공급, 자문 및 서비스업 | 데이터베이스 구축, 온라인 정보 제공업 | 인공지능 및 기계학습 솔루션 연구·개발업 | 온라인 교육 콘텐츠 및 소프트웨어 개발업 | 텍스트마이닝, 검색 추천 서비스 개발업 | 로봇 소프트웨어, 시스템 및 로봇 제조업 | 광고 및 광고대행업 | 벤처기업, 중소기업 및 스타트업에 대한 투자 및 경영지원업 | 창업투자회사, 신기술사업금융업자 및 사모투자전문회사의 출자 및 투자업 | 창업투자조합 및 사모투자전문회사의 설립, 운용 및 관리업",신규사업 확대,"랜드, 원더바스, 조성아뷰티, 조성아22, 조성아TM, 초초스랩, 루츠레서피 80.3 2015.12.02  사업목적 추가 2020.04.01  (주)초초스팩토리와 합병 (주)젠트로그룹 PDF 물탱크, 도류벽, 축산탱크, COD, 라이닝 19.7 2019.09.01 분할 당사는 1989년 11월 설립 후 2006년 07월 코스닥 ",https://kind.krx.co.kr/external/2025/08/18/000534/20250818001411/00591.htm,True,2025post,20250818000244
KG케미칼,,유가증권,20250814,20250814001572,[정정]주주총회소집공고,True,True,True,True,1,,"산업설비 및 기계시설의 유지·보수, 관리, 운영 및 개선공사 대행업",사업의 목적 추가,"id fiber)시장 활성화에 따른 해외수출물량 증가로 향후 전망 밝으며, 당사는 생산설비증설 투자 등으로 사업다각화와 지속적인 이윤을 창출할 계획임 항 만 물 류 사 업 항만하역 보관운송 항만하역의 특성상 부두와 화주와의 거리가 곧 가격경쟁력이므로 영업대상 지역이 부두 인접 지역으로 제한될 수 있으며, 선박의 일정에 따라 작업 ",https://kind.krx.co.kr/external/2025/08/14/001572/20250814004710/00591.htm,True,2025post,20250814002243
메이슨캐피탈,,코스닥,20250813,20250813000402,주주총회소집공고,True,True,True,True,1,,기관전용 사모집합투자기구의 업무집행사원,용어변경,"부터 소액금융대출 영업임시인가를 취득하고 2020년 1월 22일 정식인가를 취득함으로써 해외금융사업을 통한 신규사업기회의 교두보를 마련하였습니다. 또한, 2023년 9월 8일 나라신용정보(주)의 인수를 완료함에 따라 사업의 다각화를 도모하고 투자 수익성을 기대할 수 있게 되었습니다. 나라신용정보(주)는 ""신용정보이용 및 보호에 ",https://kind.krx.co.kr/external/2025/08/13/000402/20250813001167/00591.htm,True,2025post,20250813000790
엔에스컴퍼니,,코넥스,20250811,20250811000256,주주총회소집공고,True,True,True,True,3,부동산·임대·건설,정보통신공사업 | 토목공사업 | 건축공사업,신규 사업 추진을 위한 사업목적 추가,건 제 1호 의안: 사외이사 선임의 건 (신규선임) - 후보 김기식 제 2호 의안: 정관 일부 변경의 건 (사업목적 변경 등) 4. 실질주주의 의결권행사에 관한 사항  금번 당사의 주주총회에서는 한국예탁결제원이 주주님을 대신하여 의결권을 행사할 수 없습니다. 따라서 주주님께서는 한국예탁결제원에 의결권에 관한 의사표시를 하실 필요,https://kind.krx.co.kr/external/2025/08/11/000256/20250811000427/00591.htm,True,2025post,20250811000095
앱토크롬,,코스닥,20250806,20250806000422,주주총회소집공고,True,True,True,True,3,디지털자산·블록체인·STO(스테이블코인);투자·금융,블록체인 및 가상자산 관련 사업 | 블록체인 및 가상자산 투자업 | 블록체인 및 가상자산 금융업,사업목적 추가,"산 투자업 34. 블록체인 및 가상자산 금융업 35. 위 각항에 부대되는 일체의 사업 및 용역, 설치공사업 사업목적 추가 제4조(공고방법) 회사의 공고는 회사의 인터넷 홈페이지( http://www.ap-healthcare.co.kr )에 한다. 다만, 전산장애 또는 그 밖의 부득이한 사유로 회사의 인터넷 홈페이지에 공고를 할 ",https://kind.krx.co.kr/external/2025/08/06/000422/20250806001055/00591.htm,True,2025post,20250806000261
비투엔,,코스닥,20250805,20250805000435,주주총회소집공고,False,True,True,True,5,탄소·환경,친환경 생분해성 제품의 제조 및 판매업 | 친환경 생분해성 원료 및 제품의 연구개발업 | 친환경 생분해성 원료의 제조 및 판매업 | 산업용 포장용기의 제조 및 판매업 | 임가공업,사업영역 확대,,https://kind.krx.co.kr/external/2025/08/05/000435/20250805001049/00591.htm,True,2025post,20250805000278
엑스플러스,,코스닥,20250804,20250804000365,주주총회소집공고,True,True,True,True,6,화장품·뷰티;식품·농업·외식,"화장품 수출입업 및 무역업 및 도소매업 | 식품, 식음료, 건강식품 수출입업 및 무역업 및 도소매업 | 화장품 및 미용관련 제품 제조 | 통신판매업 및 전자상거래업 | 국제물류주선 | 운수 및 창고업","일부 사업목적을 삭제 (사업목적 18호, 19호, 20호, 21호, 22호, 30호, 31호) 글로벌 소비재 시장 진출을 위한 신규 사업목적 추가.","되며, 2030년까지 CAGR 4.1% 상승이 전망되고 있습니다. 글로벌 모바일 악세사리 매출 전망 (4) 신규사업 등의 내용 및 전망 당사는 기능성 브랜드 기획 전문 기업 시그널웨이브를 자회사로 편입하여 브랜드 개발, 생산 및 글로벌 유통까지 수직 계열화 된 B2C 소비재 밸류체인 구축할 계획이며, 이를 통해 글로벌 소비재 시",https://kind.krx.co.kr/external/2025/08/04/000365/20250804001064/00591.htm,True,2025post,20250804000230
엔투텍,,코스닥,20250801,20250801000735,주주총회소집공고,True,True,True,True,9,디지털자산·블록체인·STO(스테이블코인);바이오·헬스케어;부동산·임대·건설;엔터·콘텐츠·게임;식품·농업·외식;투자·금융,"의료기기 및 관련 부품 개발,생산,판매 | 생명과학 연구용 장비 및 관련 부품 개발, 생산, 판매 | 바이오 및 저분자 의약품 연구개발 프로젝트 투자 | 블록체인 및 가상자산 관련 사업 | 블록체인 및 가상자산 투자업 | 블록체인 및 가상자산 금융업 | 부동산 개발, 임대업 및 관련 투자업 | 문화 콘텐츠 서비스업 | 식음료서비스업 및 관련 투자업",조문 정비 사업다각화 사업다각화 사업다각화 사업다각화 사업다각화 사업다각화 사업다각화 사업다각화 조문번호 정비,"하면서도 새로운 성장동력을 확보하기 위한 방편으로, 향후 지속적인 연구개발을 통해 안정적, 고성장 산업으로 사업 영역을 확보할 것입니다. (나) 공시대상 사업부문의 구분 당사는 당기말 현재 단일사업부문으로 반도체, 디스플레이(LCD/OLED) 공정 장비 부품인 진공 Chamber와 해당 Chamber에 사용되는 특수 진공 밸브 제",https://kind.krx.co.kr/external/2025/08/01/000735/20250801002248/00591.htm,True,2025post,20250801000722
지에이이노더스,,코넥스,20250731,20250731000158,주주총회소집공고,True,True,True,True,1,,"도장, 습식, 방수, 석공사업",-면허 취득에 따른 목적사항 정비,"영업경쟁력을 바탕으로 선택과 집중을 통하여 지속적으로 수익성 있는 양질의 공사를 수주할 계획입니다. (4) 신규사업 등의 내용 및 전망 산업통상자원부는 최근 2036년까지 원전 34.6%, 신재생 30.6%의 발전비중 달성을 목표로 잡은 제10차 전력수급기본계획을 전략환경영향평가, 관계부처 협의 공청회, 국회 상임위 보고 등의 ",https://kind.krx.co.kr/external/2025/07/31/000158/20250731000373/00591.htm,True,2025post,20250731000175
다이나믹솔루션,,코스닥,20250729,20250729000188,[정정]주주총회소집공고,True,True,True,True,13,클라우드·SW·빅데이터;디지털자산·블록체인·STO(스테이블코인);바이오·헬스케어;화장품·뷰티;투자·금융;교육,"화장품 제조, 유통, 판매 | 미용기기 제조,전자제품, 유통, 판매 | 의료기기 제조 및 판매업 | 의약품 관련 기술 및 제품의 제조업 | 의약 원료 및 중간체 제조업 | 가상화폐 투자업 | 디지털화된 자산의 개발, 유통 판매 | 가상자산 관련 데이터 분석 컨설팅 및 교육 서비스업 | 블록체인 기반 암호화 자산 매매 및 중개업 | 토큰 발행 및 토큰증권과 (STO) 관련사업 | 생물의학관련 제품의 개발, 제조, 판매 및 무역업 | 여신금융업(소비자 금융 및 기업금융업) | 전자장비, 제조장비 등 기타장비 도소매, 판매, 유통업","사업 다각화를 위한 사업목적 삭제 및 변경, 추가","도와 응급시스템이 잘 갖춰진 국가인 미국, 유럽, 일본 등의 선진국 위주로 시장이 형성되어 있습니다. (4)신규사업 등의 내용 및 전망 당사는 자동차 전자제어 소프트웨어 사업을 신규사업으로 진행하고 있습니다. 구체적으로, 당사는 자동차의 전자변속시스템과 차량 내, 외부의 조명제어 시스템 등 전자제어 소프트웨어 분야에 집중하여 시",https://kind.krx.co.kr/external/2025/07/29/000188/20250729000587/00591.htm,True,2025post,20250729000132
캐리,,코스닥,20250728,20250728000361,[정정]주주총회소집공고,True,True,True,True,23,AI(인공지능);로봇;클라우드·SW·빅데이터;디지털자산·블록체인·STO(스테이블코인);바이오·헬스케어;엔터·콘텐츠·게임;투자·금융;교육,"블록체인 기반 암호화자산매매 및 중개업 | 토큰 발행 및 토큰증권(STO)관련 사업 | 디지털화된 자산의 개발,유통 및 판매 | 전자화폐 및 상품권 발행및 공급업 | 가상화폐 투자업 | 회사가 보유하고 있는 유형자산 또는 무형 자산의 판매,유통사업과 용역사업 | 웹 소설, 웹툰 등 콘텐츠자산의 위탁판매 및 자기판매, 유통사업과 중개업 | AX 플랫폼 개발 및 서비스 제공 | 인공지능 소프트웨어의 개발, 제조, 판매 및 서비스업 | 머신러닝 및 딥러닝 알고리즘 연구 및 개발 | AI 기반 데이터 분석 및 컨설팅 서비스 제공 | 자연어처리(NLP), 음성인식, 이미지/영상 인식 시스템 개발 | AI 모델링 및 시뮬레이션 서비스 | AI 클라우드 플랫폼 구축 및 운영 | AI 기반 추천 시스템 개발 및 판매 | AI 솔루션의 커스터마이징 및 시스템 통합(SI) 사업 | AI 관련 교육, 강의, 워크숍 및 컨설팅 서비스 | AI 기술을 활용한 마케팅, 헬스케어, 금융, 제조, 유통 등의 솔루션 제공 | 로봇 소프트웨어 및 지능형 자동화 시스템 개발 | 사물인터넷(IoT), 빅데이터, 클라우드 컴퓨팅 관련 사업 | 통신판매업 및 전자상거래 관련사업 | AI 영상 제작 및 판매 업무 | 위 관련제품의 통신판매업",사업다각화를 위한 사업목적 추가,판매업 138.위 각호에 관한 수출입업 139.위 각호에 관한 도소매업 140.위 각항에 부대되는 사업일체 사업다각화를 위한 사업목적 추가 제10조(신주인수권) ①…. ②…. 1.발행주식총수의 100분의 50을 초과하지 않는 범위 내에서 자본시장과 금융투자업에 관한 법률 제165조의6에 따라 일반공모의 방식으로 신주를 발행하는 경,https://kind.krx.co.kr/external/2025/07/28/000361/20250728001046/00591.htm,True,2025post,20250728000236
동인기연,,유가증권,20250724,20250724000432,주주총회소집공고,True,True,True,True,1,신재생·에너지·전력,태양광 등 발전 및 전력 판매업,원가 절감 및 ESG 경영 확대를 통한 기업가치 제고를 위한 사업의 목적 추가,"실 3. 회의목적사항 가. 보고사항: 감사보고 나. 부의안건 제 1 호 의안:  정관 변경의 건 - 사업의 목적 추가 (태양광 등 발전 및 전력 판매업) 4. 경영참고사항 비치 상법 제542조의4에 의한 경영참고사항은 당사 인터넷 홈페이지에 게재하고 본점과 명의개서대행회사(국민은행 증권대행사업부)에 비치하였으며, 금융위원회 및 한",https://kind.krx.co.kr/external/2025/07/24/000432/20250724001115/00591.htm,True,2025post,20250724000390
인트로메딕,,코스닥,20250724,20250724000124,주주총회소집공고,True,True,True,True,2,바이오·헬스케어,"헬스케어 관련 전자기기 유통 판애업 | 인간의 질병에 대한 진단 및 치료, 예장에 관련된 사업",당사에서 영위하지 않는 사업목적 삭제 및 미영위 사업목적 정리후 사업의 목적정비,"슐내시경등을 제조 및 판매하고 있습니다. 이와 더불어 회사는 지속되는 영업적자를 개선하기 위하여 지속적으로 신규사업을 모색하고 있습니다. (나) 공시대상 사업부문의 구분 당사는 국내 유일의 캡슐내시경 전문기업으로서 인체통신 기술, 메디컬 이미지 프로세싱, 진단소프트웨어 등의 핵심기술을 보유하고 있습니다. 특히, 당사 보유의 인체",https://kind.krx.co.kr/external/2025/07/24/000124/20250724000375/00591.htm,True,2025post,20250724000125
파라택시스코리아,,코스닥,20250723,20250723000423,주주총회소집공고,True,True,True,True,3,디지털자산·블록체인·STO(스테이블코인),"디지털 자산(가상자산을 포함)의 취득, 보유, 운용, 매각 및 관련 투자 사업 | 블록체인 기반 자산의 개발, 유통, 판매 및 관련 기술의 연구개발 | 회사가 보유하고 있는 유형자산 및 무형자산의 매각, 유통, 임대 및 관련 용역 사업",신규 사업 목적 추가,"로 성장하여 2026년 42,712백만 달러(약 49조 원) 규모로 증가할 것으로 전망되고 있습니다. 라) 신규사업 등의 내용 및 전망 당사는 한 가지 파이프라인으로 다양한 적응증을 표적할 수 있는(One Source Multiple Use, OSMU) 가능성 높은 과제를 자체 발굴 및 도입하여 초기임상 개발을 통해 가치를 높인",https://kind.krx.co.kr/external/2025/07/23/000423/20250723001221/00591.htm,True,2025post,20250723000324
썸에이지,,코스닥,20250721,20250721000439,주주총회소집공고,True,True,True,True,12,AI(인공지능);클라우드·SW·빅데이터;디지털자산·블록체인·STO(스테이블코인);엔터·콘텐츠·게임;투자·금융,"인공지능(AI) 활용한 디지털콘텐츠 제작업 | 인공지능(AI), 가상현실(VR), 증강현실(AR) 관련 제품, 서비스 개발 및 공급업 | 블록체인 플랫폼 개발 및 관련 사업 | 통신망을이용한데이터및정보의축적,배급,판매사업 | 상표, 브랜드 등 지적재산권의 라이선스업 | 노하우 기술의 판매, 임대업 | 블록체인 기반 암호화 자산 매매 및 중개업 | 토큰 발행 및 토큰증권(STO) 관련 사업 | 디지털화된 자산의 개발, 유통 및 판매 | 전자화폐 및 상품권 발행 및 공급업 | 가상화폐 투자업 | 회사가 보유하고 있는 유형자산 또는 무형 자산의 판매, 유통사업과 용역사업",신규 사업 추가,"략이 증가하고 있으며, 해외시장에서 가시적인 성과를 거두는 국내 모바일 업체들이 나타나고 있습니다. (4) 신규사업 등의 내용 및 전망 올해 당사가 계획하고 있는 주요 게임 출시 일정은 아래와 같습니다. 첫째, 현재 서비스 중인 ""데카론M"" , ""복싱스타"", “갓레이드”등 의 적극적인 컨텐츠 업데이트 및 프로모션 활동으로 기존 ",https://kind.krx.co.kr/external/2025/07/21/000439/20250721001052/00591.htm,True,2025post,20250721000211
티엘비,,코스닥,20250721,20250721000259,주주총회소집공고,True,True,True,True,2,,해외 법인 투자 및 경영 참여 | 해외 사업 개발 및 운영,신규사업을 위한 사업목적 추가,"시장점유율 파악되지 않아 동종업체 매출액을 표시하였으며, 업체가 공시한 별도재무제표를 인용하였습니다. 3. 신규사업 등의 내용 및 전망 현재 신규사업에 대한 투자 등은 진행되지 않고 있으며, 향후 신규사업 및 투자계획등은 이사회 결의 등으로 확정시, 공시를 통하여 안내할 예정입니다. 4. 시장의 특성 인쇄회로기판(PCB)는 여러",https://kind.krx.co.kr/external/2025/07/21/000259/20250721000676/00591.htm,True,2025post,20250721000118
옵티코어,,코스닥,20250717,20250717000418,주주총회소집공고,True,True,True,True,20,로봇;클라우드·SW·빅데이터;2차전지·배터리;투자·금융,"로봇 및 로봇 관련제품(부품, 소프트웨어 응용장비 등)의 개발 및 제조, 판매업 | 공정자동화 장비 개발 및 제조, 판매업 | 전기기기 제조 및 판매업 | 투자자문업 | 대부업 | 대부중개업 | 금융, 경영 및 사업전반에 관한 컨설팅업 | 정밀기계 제작업 | 초정밀부품 가공업 | 자동화기계 제작업 | 산업기계 제작업 | 산업기계, 자동화기계설비 설치, 컨설팅 및 사후관리업 | 기계 무역업 | 국내 해외 2차전지 및 2차전지 재료제조 | 전지, 영상표시장치, 정보통신기기 관련 소재 및 원재료의 제조, 개발, 판매, 수입, 수출 | 자동차용 및 에너지 저장용 배터리의 개발, 제조, 판매 및 관련 부가사업 | 기술투자용역 및 컨설팅업 | 전자제품 및 부품개발 제조, 서비스 판매업 | 정보전자소재의 개발, 제조, 판매 사업 | 기술의 연구, 개발, 조사, 시험분석 등 기술용역사업",신규사업진출 및 사업다각화,"7, 경기도경제과학진흥원 3층 희망실 3. 회의목적사항 가. 부의안건 제1호 의안 : 정관 일부 변경의 건(사업목적 추가) 제2호 의안 : 이사 선임의 건 제2-1호 의안 : 사내이사 김상학 선임의 건 제3호 의안 : 임원퇴직금지급규정 개정의 건 4. 경영참고사항의 비치 상법 제 542 조의 4의 3항에 의한 경영참고사항은 당사",https://kind.krx.co.kr/external/2025/07/17/000418/20250717001108/00591.htm,True,2025post,20250717000331
버킷스튜디오,,코스닥,20250717,20250717000221,주주총회소집공고,True,True,True,True,3,,특수한 유형의 부가통신사업 | 문자발송서비스업 | 문자재판매업,시장확대," 기술 기반의 음성 통신 시대를 지나 컴퓨터 및 무선 통신 단말기 보급의 저변이 확대됐습니다. 한편, 기업통신사업 등의 시장이 빠르게 변화함에 따라 이용자들은 전송받은 여러 형태의 정보들을 통합 처리하려는 욕구가 높아지게 되었는데, 이러한 사용자 측면의 요구는 물론 비용적 측면까지도 만족시키는 시스템이 바로 차세대 CTI(Co",https://kind.krx.co.kr/external/2025/07/17/000221/20250717000663/00591.htm,True,2025post,20250717000196
바이온,,코스닥,20250716,20250716000381,[정정]주주총회소집공고,True,True,True,True,6,우주항공;신재생·에너지·전력,기계부품(관이음쇠) 제조업 | 기관부품 제조업 | 병기부품 제조업 | 항공부품 제조업 | 기동장비부품 제조업 | 태양광발전사업,신규사업을 위한 사업목적 추가," - - - - - ※ 해당사항 없습니다. III. 경영참고사항 1. 사업의 개요 가. 업계의 현황 당사의 사업영역은 바이오의료 사업부문, 화장품 사업부문,  유류판매 사업부문,    기타 사업부문(자동차부품 등)으로 구성되어 있습니다. 바이오의료 사업부문은 인삼 원재료를 국내 대기업 및 제약회사에 유통 공급하고 있으며, 주로 ",https://kind.krx.co.kr/external/2025/07/16/000381/20250716001057/00591.htm,True,2025post,20250716000279
페니트리움바이오,,코스닥,20250716,20250716000282,주주총회소집공고,True,True,True,True,7,,"인체, 동물, 연구용 및 생명 공학 관련 시약, 기기, 원료의 제조 및 판매업 | 발행주식총수의 100 분의 90 을 초과하지 않는 범위 내에서 자금조달을 위하여 국내외 금융기관, 기관투자자, 개인투자자 또는 법인투자자에게 신주를 발행하는 경우 | 발행주식총수의 100 분의 90 을 초과하지 않는 범위 내에서 사업상 중요한 기술도입, 연구개발, 생산.판매.자본제휴, 재무구조 개선을 위하여 그 상대방에게 신주를 발행하는 경우 제10조의 2 (준비금의 자본금전입) 회사는 이사회의 결의에 의하여 준비금의 전부 또는 일부를 자본금에 전입할 수 있다. 제18조(주주명부의 폐쇄 및 기준일) | 회사는 매년 1월 1일부터 1월 7일까지 주주의 권리에 관한 주주명부의 기재변경을 정지한다 제19조(전환사채의 발행) | 자금조달을 위하여 국내외 금융기관, 기관투자자, 개인투자자 또는 법인투자자에게 전환사채를 발행 하는 경우 제34조(이사의 수) 회사의 이사는 3명 이상 10명 이내로 한다. 제37조(이사의 직무) 사장, 부사장, 전무이사, 상무이사 및 이사는 대표이사를 보좌하고, 이사회에서 정하는 바에 따라 회사의 업무를 분장 집행하며, 대표이사의 유고시에는 위 순서에 따 | 이사회는 이사회 의장이 회일 1일 전에 각 이사 및 감사에게 통지하여 소집한다. 그러나 이사 전원의 동의가 있을 때에는 소집절차를 생략할 수 있다 제42조(이사회의 결의방법) | 이사회는 이사의 일부 또는 전부의 이사가 직접 출석하지 않더라도, 출석한 이사 전원이 음성을 동시에 송수신이 가능한 원격통신수단을 통해 결의에 참여하는 것을 허용할 수 있다. 이 경우 해당 이사는 이사회에 출석한 것으로 본다",목적사업 추가 발행한도 및 대상확대 결의기관 변경 정지기간 단축 발행대상확대 이사 수 확대 직위 추가 소집 통지기한 단축 문구 명확화,격통신수단을 통해 결의에 참여하는 것을 허용할 수 있다. 이 경우 해당 이사는 이사회에 출석한 것으로 본다 목적사업 추가 발행한도 및 대상확대 결의기관 변경 정지기간 단축 발행대상확대 이사 수 확대 직위 추가 소집 통지기한 단축 문구 명확화 ※ 기타 참고사항 □ 이사의 선임 가. 후보자의 성명ㆍ생년월일ㆍ추천인ㆍ최대주주와의 관계ㆍ,https://kind.krx.co.kr/external/2025/07/16/000282/20250716000863/00591.htm,True,2025post,20250716000217
참엔지니어링,,유가증권,20250715,20250715000269,주주총회소집공고,True,True,True,True,14,바이오·헬스케어;신재생·에너지·전력;탄소·환경,"산업용 필터 제조 및 판매업 | 신재생 에너지 생산 및 판매업 | 고철 및 비철 임가공 판매업 | 고철 및 비철 수입 판매업 | 재활용 플라스틱 판매업 | 폐기물 수집, 운반업 | 중고 자동차 판매업 | 자동차 중고 부품 판매업 | 중고 자동차 수출업 | 출판업 | 영상·오디오물 제공 서비스업 | 통신업 | 컴퓨터 프로그래밍, 시스템 통합 및 관리업 | 정보 서비스업",사업목적 추가,"지니어링(주) 3층 회의실 3. 회의의 목적사항 가. 의결사항 1) 제 1호 의안 : 정관 일부 변경의 건(사업목적 추가 및 본점 소재지 변경) 4. 경영참고사항 비치 상법 제542조의4에 의한 경영참고사항은 당사 본점과 명의대행회사(하나은행 증권대행부)에 비치하였으며, 금융위원회 및 한국거래소에 전자공시하여 조회가 가능하오니 ",https://kind.krx.co.kr/external/2025/07/15/000269/20250715000745/00591.htm,True,2025post,20250715000206
디에스엠,,코스닥,20250710,20250710000471,주주총회소집공고,False,True,True,True,15,AI(인공지능);엔터·콘텐츠·게임;식품·농업·외식,"디지털 콘텐츠 개발 및 공급, 유통업 | 모바일 게임 및 애플리케이션 개발 및 공급, 유통업 | ICT 기반 놀이 및 게임 개발, 유통업 | 테마파크 기획, 설계 및 운영업 | 테마파크 글로벌 프랜차이즈업 | 무동력 차량 및 트랙 개발, 제작, 판매, 수리 및 유통업 | 시스템 및 알고리즘 개발, 유통 및 유지보수업 | 가상현실 및 증강현실 콘텐츠 및 애플리케이션 개발 및 유통업 | 인공지능 관련 제품, 콘텐츠 개발, 제조 및 유통업 | 데이터 및 정보의 처리, 제공 및 판매업 | 브랜드, 상표, 특허권 등 지적재산권의 관리 및 라이센스업 | 캐릭터 개발, 상품화 및 관련 유통업 | 의류, 피혁류, 금속류, 잡화류, 문구, 팬시, 완구, 기타 기념품류 생산 제조 판매업 | 주류 개발, 제조, 가공, 판매 및 유통업 | 식품 개발, 제조, 가공, 판매 및 유통업",사업목적 정리(추가/변경/ 삭제),,https://kind.krx.co.kr/external/2025/07/10/000471/20250710001188/00591.htm,True,2025post,20250710000519
앱튼,,코스닥,20250710,20250710000365,주주총회소집공고,False,True,True,True,10,AI(인공지능);디지털자산·블록체인·STO(스테이블코인);엔터·콘텐츠·게임;투자·금융,"블록체인 관련 사업 | 암호화폐, 코인, 토큰, NFT 등 디지털자산(가상자산) 관련 사업 | 암호화폐, 코인, 토큰, NFT 등 디지털자산(가상자산) 생태계 조성 관련 사업 | ~69호와 연관된 데이터 매매, 보관, 관리 등 관련 사업 | ~69호와 연관된 디지털콘텐츠 매매, 보관, 관리 등 관련 사업 | ~71호와 연관된 AI 관련 사업 | ~71호와 연관된 메타버스, 가상현실 등 확장현실(XR) 관련 사업 | ~73호와 연관된 지적재산(IP), 노하우 등 지식재산(IA) 관련 사업 | 호~74호의 유·무형자산(Item)과 관련된 투자업 | 호~74호의 유 · 무형자산(Item)과 관련된 금융업",사업목적 추가,,https://kind.krx.co.kr/external/2025/07/10/000365/20250710001008/00591.htm,True,2025post,20250710000454
인터로이드,,코넥스,20250709,20250709000554,주주총회소집공고,True,True,True,True,4,,…………… | 기간통신사업 | 전기통신사업 | 정보통신사업,신규 사업 항목 추가," 주식회사 뉴트리진에서 주식회사 에이아이더뉴트리진으로 변경하고 AI기술 자문 및 AI바이오 연구개발을 주요 사업목적으로 추가하였습니다. 2025년 3월 31일 정기주주총회를 통해 사명을 주식회사 인터로이드로 변경하고 본점을 서울 역삼으로 이전하였습니다.   사명 변경은 당사가 AI 솔루션 전문기업으로서의 경쟁력을 강화하고, AI",https://kind.krx.co.kr/external/2025/07/09/000554/20250709001474/00591.htm,True,2025post,20250709000447
아이에이,,코스닥,20250709,20250709000213,주주총회소집공고,False,True,True,True,5,,"전기, 전자기기부품 제조 및 유통, 판매업 | 동관, 냉난방파이프부품 제조 및 유통, 판매업 | 밸브 가공, 제조 및 유통, 판매업 | 동파이프 제조 및 유통, 판매업 | 무역업",신규사업 예정,,https://kind.krx.co.kr/external/2025/07/09/000213/20250709000589/00591.htm,True,2025post,20250709000214
나이스정보통신,,코스닥,20250707,20250707000147,주주총회소집공고,True,True,True,True,15,클라우드·SW·빅데이터,신용카드 등 부가통신업 | 펌뱅킹(CMS) 재판매 및 중개사업 | 가상계좌 재판매 및 운영대행 사업 | 전자급융 VAN서비스업 | 전자고지납부(EBPP) 사업 | 외국환업무 | 해외발행 선불카드 유통중개 및 판매사업 | 신용카드거래 관련 정보처리업 | 부가통신사업 관련 정보처리업 | 오투오(O2O)서비스업 | 지급지시전달업 및 부수업무 | 클라우드컴퓨팅솔루션개발 및 서비스업 | 렌탈업 | 통신판매업 | 정보가공 서비스업,- 문구정비 - 합병에 따른 사업 승계,"상승에 따라 급성장했으며, 최근에는 생체인증 기반의 신결제 서비스 등장과 정부의 금융 디지털화 정책 덕분에 사업 영역이 확장되고 있습니다. 주요 품목 및 그 용도는 아래와 같습니다. 사업부문 주요품목 구체적용도 VAN부문 결제단말기 일반/프린터형 신용카드조회 VAN, TRS 신용카드승인중계시스템/내국세환급대행 [PG] PG 산업은",https://kind.krx.co.kr/external/2025/07/07/000147/20250707000401/00591.htm,True,2025post,20250707000129
한창,,유가증권,20250704,20250704000773,주주총회소집공고,True,True,True,True,12,엔터·콘텐츠·게임;교육,"음반, 음원 및 영상물 제작업 | 공연기획 및 제작업 | 영상 컨텐츠 제작 및 서비스업 | 연예매니지먼트업 | 도서출판 및 판매 유통업 | 밴드 레이블 음반기획업 | 창작 예술 및 여가 관련 서비스업 | 공연시설 운영 및 임대업 | 연예 관련 양성교육 서비스업 | 온라인 정보제공업 | 컨텐츠 관련 상품, 부가상품 기획, 제조, 국내외 판매 유통 및 라이선스 사업 | 방송용 프로그램의 기획, 홍보, 제작, 제작대행, 배급 및 관련 투자사업",사업목적 추가,"한창이피엠을 통하여 PM(Project Management), 투자, 운용 등의 사업을 영위하고 있습니다. 사업 영역에 따라 장단기 적인 재무 수익구조가 확보 되어있으며, 상황에 맞는 서비스 제공이 가능합니다. 향후 부동산 업계에서 One-Stop Solution 제공이 가능하도록 다방면으로 사업 영역을 확장하여 부동산 종합 Va",https://kind.krx.co.kr/external/2025/07/04/000773/20250704001497/00591.htm,True,2025post,20250704000429
케이엠제약,,코스닥,20250704,20250704000559,주주총회소집공고,False,True,True,True,1,,먹는 샘물의 제조 및 판매업,사업영역 확대,,https://kind.krx.co.kr/external/2025/07/04/000559/20250704001075/00591.htm,True,2025post,20250704000289
엑스페릭스,,코스닥,20250704,20250704000530,주주총회소집공고,True,True,True,True,19,AI(인공지능);클라우드·SW·빅데이터;바이오·헬스케어;화장품·뷰티;식품·농업·외식,"인공지능, 빅데이터 기술을 활용한 제품, 서비스의 개발 및 공급업 | 인공지능 기반디지털 마케팅솔루션 개발 및 서비스업 | 인공지능 솔루션 적용 기기 연구개발 및 공급업 | 온디바이스 AI 제조 및 판매업 | 인공지능 기반 의료솔루션 개발 및 서비스업 | 의료용 소프트웨어 개발 및 서비스업 | 의약품 개발 관련 인공지능 솔루션 연구개발 및 공급업 | 의료정보사업 | 원격의료사업 | 의료기기, 헬스케어 제품에 대한 연구개발 및 서비스업 | 의료기기, 헬스케어 제품 제조 및 판매업 | 건강관리서비스업 | 화장품 수출입업 및 무역업 및 도소매업 | 생활용품 수출입업 및 무역업 및 도소매업 | 식품, 식음료, 건강식품 수출입업 및 무역업 및 도소매업 | 화장품 및 미용관련 제품 제조 | 통신판매업 및 전자상거래업 | 국제물류주선 | 운수 및 창고업","일부 사업목적을 삭제 (제2조 13호, 14호) 고객맞춤형 AI솔루션 및 온디바이스 AI 사업 진출을 위한 사업목적 추가와 AI기반 디지털 치료제(DTx) 시장 진출을 위한 사업목적 추가 등의 인공지능을 활용한 신규 사업 추가 목적. 기타 사업 확장을 위한 신규사업 추",이스 시장 및 ABC 시장입니다. 또한 eID 산업에서 새롭게 부각되고 있는 Digital Security 신사업이적용될 수 있는 바이오전자서명 기기 시장입니다. 등록 디바이스 시장은 eID사업이 활발하게 진행중인 인도 시장 공략에 집중하고 있습니다. 또한 적극적인 고객 지원과 위조 지문 검출과 안드로이드 지원 등 소프트웨어 ,https://kind.krx.co.kr/external/2025/07/04/000530/20250704000995/00591.htm,True,2025post,20250704000244
손오공,,코스닥,20250701,20250701000681,주주총회소집공고,True,True,True,True,41,클라우드·SW·빅데이터;모빌리티·전기차·자율주행;부동산·임대·건설;엔터·콘텐츠·게임;식품·농업·외식;투자·금융;탄소·환경;교육,"완구, 캐릭터상품, 유아용품, 아동용품 및 교육용 완구의 제조, 유통, 수출입 및 판매업 | 종합상품 중개업, 상품 구매대행업 및 온라인 쇼핑몰 운영업 | 캐릭터의 개발, 디자인, 라이선스 사업 및 관련 지식재산권(저작권, 상표권 등)의 취득, 활용, 양도 및 관리업 | 게임기기 및 주변기기, 게임콘텐츠의 수입, 유통, 판매 및 렌탈업 | 웹툰, 웹소설, 일러스트 등 콘텐츠의 기획, 제작, 유통, 라이선스 및 플랫폼 운영업 | 영상 콘텐츠 플랫폼(YouTube 등 포함)의 기획, 제작, 유통, 광고 및 채널 운영업 | 영화, 방송, 애니메이션, 게임 등 멀티미디어 콘텐츠의 제작, 배급, 유통 및 수출입업 | 키즈카페, 놀이시설, 체험형 콘텐츠 공간 등의 운영, 프랜차이즈 사업 및 관련 컨설팅업 | 친환경 포장재, 식품용기, 산업용기의 제조, 유통, 세척, 재사용 및 관련 기술 개발업 | 창고 보관업, 물류센터 운영업, 물류자동화 설비 공급업 및 물류서비스업 | 물류, 택배, 화물운송 대행 및 관련 소프트웨어의 개발, 공급 및 운영업 | 디자인, 출판, 인쇄, 굿즈 제작 및 유통업 | 광고기획, 마케팅 대행, 온·오프라인 이벤트 및 프로모션 기획업 | 프랜차이즈 가맹사업, 가맹점 운영 및 관련 교육, 컨설팅업 | 중고자동차의 매매, 유통, 알선, 경매, 해외수출 및 관련 온라인 플랫폼 사업 | 자동차 리스, 할부금융 및 관련 서비스업 | 렌터카사업 및 렌터카 온라인 플랫폼 구축, 운영 및 전자상거래업 | 온라인 중고거래 플랫폼의 개발, 운영, 유지보수 및 관련 서비스업 | 수입차 유통 및 매매업 | 자동차 도소매업 | 자동차 정비업 | 자동차부품 도소매업 | 제조, 자동차판금, 도장 | 주거용 건물 임대업 | 비주거용건물 임대업 | 기타부동산 임대업 | 주거용 건물 개발 및 공급업 | 비주거용 건물 개발 및 공급업 | 기타부동산 개발 및 공급업 | 부동산 투자 및 판매업 | 주거용 부동산 관리업 | 비주거용 부동산 관리업 | 부동산 중개 및 대리업 | 부동산 투자자문업 | 부동산 감정평가업 | 부동산 분양대행업 | 정보통신기기, 소프트웨어, 플랫폼 및 시스템의 개발, 유지보수, 판매 및 서비스업 | 자산관리업무 컨설팅 서비스업 | 유가증권 및 금융상품에 대한 직접투자 및 관련 자문업 | 합작법인 설립, 해외사업 진출 및 사업 제휴에 대한 투자, 운영 및 이에 관한 컨설팅업 | 기업 인수·합병, 구조조정 및 이에 관한 경영컨설팅업",-신규사업 진출 및 사업다각화, 연령층이 어린이들 위주로 캐릭터 상품의 인기도에 따라   수요가 급변하는 특성을 가지고 있습니다. (4) 신규사업 등의 내용 및 전망 당사는 본 공고 작성기준일 현재 진행하고 있는 신규사업 등의 사항은 없습니다. (5) 조직도 손오공 조직도 2. 주주총회 목적사항별 기재사항 □ 정관의 변경 가. 집중투표 배제를 위한 정관의 변,https://kind.krx.co.kr/external/2025/07/01/000681/20250701001565/00591.htm,True,2025post,20250701000393
하나마이크론,,코스닥,20250701,20250701000551,[정정]주주총회소집공고,True,True,True,True,11,반도체,"자회사(손자회사 및 그 손자회사가 지배하는 회사 등을 포함하며, 이하 “자회사등”)의 주식 또는 지분을 취득, 소유함으로써 자회사등의 제반 사업내용을 지배, 경영지도, 정리, 육성하는 지주 사업 | 자회사등의 상품 또는 용역의 공동개발 및 판매 사업 | 자회사등에 대한 자금지원 및 이를 위한 자금 조달 사업 | 브랜드 및 상표권 등 지식재산권의 라이선스 사업 | 회사가 보유하고 있는 지식, 정보, 노하우, 기술 등 무형자산의 판매, 라이선스 및 용역사업 | 자회사등과 상품 또는 용역의 공동개발 및 판매 사업 | 전산시스템의 공동활용 등을 위한 사무지원 사업 | 시장조사, 법률자문, 경영자문 및 경영컨설팅업 | 신기술사업 관련 투자·관리·운영사업 및 창업지원사업 | 광고대행업 | 다이오드, 트랜지스터 및 유사반도체 제조 및 판매업",, 추세상 더 심화될 수밖에 없기 때문에 대형업체에 의해 이미 검증이 된 공급업체를 선택하게 됩니다. (4) 신규사업 등의 내용 및 전망 ※ 해당사항 없음. (5) 조직도 조직도(2025년) 2. 주주총회 목적사항별 기재사항 □ 회사의 분할 또는 분할합병 제1호 의안 : 분할계획서 승인의 건 가. 분할의 목적 및 경위 (1) 분할,https://kind.krx.co.kr/external/2025/07/01/000551/20250701001288/00591.htm,True,2025post,20250701000298
지엔씨에너지,,코스닥,20250620,20250620000378,주주총회소집공고,True,True,True,True,2,,정보통신업 및 정보서비스업 | 운송장비용 가스 충전업,- 신규 사업의 원할한 수행을 위한 사업 추가 및 내용변경," 축적된 기술력과 노하우를 바탕으로 대규모 DC 프로젝트에 최적화된 비상발전기를 공급하고 있습니다. (4) 신규사업 등의 내용 및 전망 당사는 저탄소 신재생에너지 사업 확대를 위해 연료전지 발전 분야에 본격 진출하였습니다. 이를 위해 신규 법인 석문그린에너지를 설립하고, 연료전지 발전소를 준공하여 2023년 12월부터 본격 가동",https://kind.krx.co.kr/external/2025/06/20/000378/20250620000862/00591.htm,True,2025post,20250620000387
코콤,,코스닥,20250619,20250619000408,주주총회소집공고,True,True,True,True,14,방산,"총포, 탄약 및 유도무기 부품 제조업 | 물질검사 측정, 분석기구 및 부품 제조업 | 기타 광학기기 및 부품 제조업 | 전동기, 발전기 및 부품 제조업 | 기타 전기 변환장치 및 부품 제조업 | 전기회로 개폐 보호 장치 및 부품 제조업 | 일차전지 및 부품 제조업 | 축전지 및 부품 제조업 | 기타 절연설, 케이블 및 부품 제조업 | 자동차엔진용 신품 부품 제조업 | 자동차 신품 전기장치 및 부품 제조업 | 자동차 신품조향장치, 현가장치 및 부품 제조업 | 그외 자동차용 신품 부품 제조업 | 전투용차량 부품 제조업",사업다각화로 인한 신규사업목적 추가 사업다각화로 인한 신규사업목적 추가 사업다각화로 인한 신규사업목적 추가 사업다각화로 인한 신규사업목적 추가 사업다각화로 인한 신규사업목적 추가 사업다각화로 인한 신규사업목적 추가 사업다각화로 인한 신규사업목적 추가 사업다각화로 인한 ,"히 해 나갈것이며, 21C지능형 미래 주거 문화의 세계화에 앞장서는 기업이 되도록 노력할 것입니다. (4) 신규사업 등의 내용 및 전망 2024년 위축된 건설경기에도 불구하고, 적극적인 영업의 결과를 위하여 노력 하였듯이, 2025년에도 지속적인 기술혁신과 영업력 확보, 내부 시스템 개선을 통하여 매출의 성장을 이루도록 최선의 ",https://kind.krx.co.kr/external/2025/06/19/000408/20250619000647/00591.htm,True,2025post,20250619000087
빛과전자,,코스닥,20250616,20250616000448,주주총회소집공고,True,True,True,True,1,부동산·임대·건설,"국내외 회원권 분양 및 분양대행업(콘도, SPORTS, 골프등)",사업목적 다각화,"및 자문업(신설) 85. 식품, 음료 제조 및 판매업 (신설) 86. 각 호에 관련된 부대사업 일체(신설) 사업목적 다각화 제5조(발행예정주식총수) 회사가 발행할 주식의 총수는 500,000,000 주로 한다 제5조(발행예정주식총수) 이 회사가 발행할 주식의 총수는 1,000,000,000주로 한다. 수권자본 확대 제10조(신주",https://kind.krx.co.kr/external/2025/06/16/000448/20250616001048/00591.htm,True,2025post,20250616000210
진영,,코스닥,20250616,20250616000224,주주총회소집공고,True,True,True,True,1,,방염처리업,당사 제품의 방염성능 검사 및 영업을 위한 사업목적 추가,". 필름 제조 역량과 함께 선도적인 디자인 개발 역량, 표면 처리 기술 확보, 다양한 기능성 등이 요구되는 사업 영역입니다. (2) 시장점유율 당사는 다양한 소재에 기능성이 추가된 제품을 개발하고, 시장에 진출하고자 노력하고 있습니다. (3) 시장의 특성 다양한 분야의 전방산업의 경기 동향에 영향을 받습니다. (4) 경쟁요소 산업",https://kind.krx.co.kr/external/2025/06/16/000224/20250616000447/00591.htm,True,2025post,20250616000061
삼현,,코스닥,20250613,20250613000467,주주총회소집공고,False,True,True,True,3,로봇;방산;우주항공;드론·UAM;바이오·헬스케어;모빌리티·전기차·자율주행,"군납 물자 및 장비와 동 부품에 대한 설계, 제조, 개조, 수리, 용역 및 군납품업 (삭제) | 휴머노이드로봇, 물류이송로봇, 헬스케어, 산업용·의료용·서비스로봇 및 관련 부품에 대한 설계, 제조, 개조, 수리, 용역, 판매 및 무역업 | 미래항공 모빌리티(유·무인항공기, AAM, 드론), 로켓, 우주선 및 관련 부품에 대한 설계, 제조, 개조, 수리, 용역, 판매 및 무역업",신규사업영역 추가에 따른 변경,,https://kind.krx.co.kr/external/2025/06/13/000467/20250613001108/00591.htm,True,2025post,20250613000369
알에프텍,,코스닥,20250612,20250612000339,주주총회소집공고,True,True,True,True,3,AI(인공지능);드론·UAM,"인공지능 기반제품의 개발, 생산 및 판매업 | 드론 제조 및 판매 | 안티드론 통합솔루션 판매",사업영역 확대,"리 등 기존 제품군의 판매를 활성화하고, 신규로 5G 기지국 안테나 모듈을 상업화함으로써 시대 변화에 맞는 신규 사업 아이템을 확보하였습니다. 당사는 스마트폰 부가제품을 자체개발주문자상표부착(ODM) 방식으로 고객사에 공급하고 있으며, 고객사와 동반성장을 위해 중국, 베트남, 미주, 인도 지역에 법인을 설립하는 등 글로벌 경영을 ",https://kind.krx.co.kr/external/2025/06/12/000339/20250612001010/00591.htm,True,2025post,20250612000345
엑시온그룹,,코스닥,20250612,20250612000315,주주총회소집공고,False,True,True,True,21,로봇;데이터센터;클라우드·SW·빅데이터;모빌리티·전기차·자율주행;부동산·임대·건설,"배관 설비업 | 건설자재 도,소매업 | 온라인 광고업 | 경 인쇄업 | 배관 제조업 | 철구조물,금속구조물 제조업 | 도금,착색 및 기타 표면 처리 강재 제조업 | 육상 금속 골조 구조재 제조업 | 철 구조물 전문제작 설치 | 금속조립구조재 제조업 | 기타금속 가공업 | 철강재 도,소매업 | 철강구조물 공사업 | 소방시설 공사업 | 산업용로봇 제조업 | 배전반 및 전기자동차제어반 제조업 | 기기용자동측정 및 제어장치 제조업 | 산업처리공정제어장비 제조업 | 데이터센터개발 및 컨설팅업 | 데이터센터 운영업 | 데이터베이스 및 온라인정보 제공업",- / 미 영위 목적 사업 삭제 / 신설 목적 추가,,https://kind.krx.co.kr/external/2025/06/12/000315/20250612000950/00591.htm,True,2025post,20250612000327
지아이텍,,코스닥,20250612,20250612000042,주주총회소집공고,True,True,True,True,3,클라우드·SW·빅데이터,"제2조 (목적) | 영상처리 검사장치 제조, 판매업 | 응용소프트웨어 개발 및 공급, 정보처리업",사업목적 추가,"경의 목적 제2조 (목적) - 영상처리 검사장치 제조, 판매업 - 응용소프트웨어 개발 및 공급, 정보처리업 사업목적 추가 ※ 기타 참고사항 - 해당사항 없음 IV. 사업보고서 및 감사보고서 첨부 가. 제출 개요 제출(예정)일 사업보고서 등 통지 등 방식 - - - 본 주주총회는 임시주주총회로 해당사항이 없습니다. 나. 사업보고서",https://kind.krx.co.kr/external/2025/06/12/000042/20250612000112/00591.htm,True,2025post,20250612000033
금호전기,,유가증권,20250611,20250611000218,주주총회소집공고,True,True,True,True,3,,LED전광판 제조 및 판매업 | 옥외광고업 | 전자통신업,추가 추가 추가," 3. 회의목적사항 《부의 안건》 제1호 의안 : 정관 일부 변경의 건 제1-1호 의안 : 제2조(목적)  사업목적 일부 추가 제1-2호 의안 : 부칙 개정이력 추가 제2호 의안 : 정진욱 기타비상무이사  선임의 건 4. 경영참고사항 비치 상법 542조의4에 의거 경영참고사항을 우리 회사의 본점, 금융위원회, 한국거래소 및 한국",https://kind.krx.co.kr/external/2025/06/11/000218/20250611000700/00591.htm,True,2025post,20250611000231
엔젠바이오,,코스닥,20250611,20250611000202,주주총회소집공고,True,True,True,True,5,클라우드·SW·빅데이터;바이오·헬스케어,"의료기기 및 헬스케어 관련 컨설팅 및 프랜차이즈 사업 | 의료기기, 의료장비, 의약품, 진단시약, 위생용품, 기타 의료관련 소모품의 구매, 도소매, 판매대행 및 무역업 | 의료기관 및 약국을 대상으로 한 의료용품 통합 납품 및 물류 대행업 (간납업 포함) | 의료기기 및 관련 제품의 전자상거래 및 온라인 플랫폼 운영업 | 의료기관 운영에 필요한 물류관리, 구매대행 및 제3자 물류사업",사업목적 추가 및 정비,제지1층 제비 127호 3. 회의 목적사항 1) 부의 안건 : 가. 제1호 의안 : 정관 일부 변경의 건 (사업목적 추가) 나. 제2호 의안 : 이사 선임의 건 - 제2-1호 의안 : 사내이사 후보 김민식 신규 선임의 건(상근) - 제2-2호 의안 : 사내이사 후보 안명규 신규 선임의 건(상근) - 제2-3호 의안 : 사내이사 ,https://kind.krx.co.kr/external/2025/06/11/000202/20250611000647/00591.htm,True,2025post,20250611000216
스타코링크,,코스닥,20250605,20250605000297,주주총회소집공고,True,True,True,True,4,우주항공;부동산·임대·건설;식품·농업·외식,농업용 기계 및 동 부품에 수출 · 수입 및 유통 및 알선 | 산업용 기계 및 동 부품에 수출 · 수입 및 유통 및 알선 | 건설용 기계 및 동 부품에 수출 · 수입 및 유통 및 알선 | 무선조종체와 항공기 및 동 부품에 수출 ·수입 및 유통 및 알선,사업목적 추가 및 삭제,". 무선조종체와 항공기 및 동 부품에  수출 ·수입 및 유통 및 알선 53. 각호에 관련된 일체의 부대사업 사업목적 추가 및 삭제 제43조의 2 (위원회) (신설) 1. 이 회사는 이사회내에 다음 각호의  위원회를 둔다. ① 컴플라이언스위원회 ② 기타 이사회가 필요하다고 인정하는 위원회 2. 각 위원회의 구성,권한, 운영 등에 ",https://kind.krx.co.kr/external/2025/06/05/000297/20250605000919/00591.htm,True,2025post,20250605000359
플래스크,,코스닥,20250602,20250602000696,주주총회소집공고,True,True,True,True,9,부동산·임대·건설,부동산 컨설팅업 | 부동산 시행업 | 부동산 광고 및 마케팅업 | 분양대행업 | 부동산 투자상담 및 정보제공업 | 부동산 관리 및 투자개발업 | 부동산 투자펀드 조성사업 | 부동산자산 투자운용에 대한 조사 분석 정보제공업 | 부동산자산 투자운용에 대한 자문업,사업 영역 확장을 위한 사업목적 추가,"젝트를 다수 수행하였습니다. 또한, 베트남 국회의사당 프로젝트를 성공적으로 수행하는 등 동남아시아 지역에서 사업 영역을 확장하고 있습니다. IT 사업부문은 급속하게 발전하고 있는 게임산업 진출 및 플랫폼 개발을 통하여 게임 유저들에게 투명하고 신뢰성 있는 게임 경험을 제공하고 새로운 비즈니스 모델 발굴, 수익 창출을 통하여 회사 ",https://kind.krx.co.kr/external/2025/06/02/000696/20250602001513/00591.htm,True,2025post,20250602001189
인크레더블버즈,,코스닥,20250602,20250602000230,주주총회소집공고,True,True,True,True,4,바이오·헬스케어;식품·농업·외식,의약품 제조 허가 | 의약외품 제조 신고 | 의료기기 제조 신고 | 건강기능식품 제조 신고,사업영역 확대,"0억 원 규모로 추정되며, 이는 아직 초기 단계이기 때문에 정확한 점유율은 집계되지 않고 있습니다. (3) 신규사업 등의 내용 및 전망 수네코스는 이탈리아 프로페셔널 다이테틱스 (Professional Dietetics) 사가 독자 개발 및 특허 받은 아미노사 포뮬러 기반의 바이오 스티뮬에이터 제품입니다. 피부 조직 재생을 돕는",https://kind.krx.co.kr/external/2025/06/02/000230/20250602000494/00591.htm,True,2025post,20250602000343
이니텍,,코스닥,20250530,20250530000104,[정정]주주총회소집공고,True,True,True,True,13,AI(인공지능);클라우드·SW·빅데이터;디지털자산·블록체인·STO(스테이블코인);부동산·임대·건설;투자·금융;교육,"블록체인 기반 암호화 자산 개발, 보유, 매매 및 중개업 | 블록체인 기술 관련 기타 정보서비스업 | 가상자산을 활용한 결제 시스템의 개발, 운영 및 관련 서비스업 | 가상자산 관련 데이터 분석, 컨설팅 및 교육 서비스업 | AI 알고리즘 및 데이터 분석 기술의 연구개발, 컨설팅 및 관련 서비스업 | AI 금융리스크 분석 | AI 기반 소프트웨어 및 하드웨어의 개발, 제조, 판매, 유지보수 및 관련 서비스업 | AI 기반 서비스 플랫폼 | AI 데이터 라벨링 | 기업구조조정 관련 자문, 투자 그리고 관련 기업 M&A 및 유력 기술의 인수 | 여신금융업(소비자금융 및 기업금융업) | 대부업 | 부동산 개발업",- 사업목적 추가,", 제작, 생산, 유통업 11. 전자상거래 및 전자상거래 결제대행업 12. 판매권 발행 대리업 13. 부가통신사업 14. 결제대금 예치업 15. 전자지급결제대행업 16. 전산시스템 운영관리 서비스업 17. 인력파견업 18. 기타 위의 각호의 사업에 부수되거나 또는 직간접적으로 관련되는 사업 제2조(목적) 회사는 다음의 사업을 ",https://kind.krx.co.kr/external/2025/05/30/000104/20250530000118/00591.htm,True,2025post,20250530000026
차AI헬스케어,,유가증권,20250528,20250528000633,주주총회소집공고,True,True,True,True,14,바이오·헬스케어;화장품·뷰티;투자·금융,"제2조 (목적) | 미용클리닉, 의료기관, 웰니스센터 운영 및 프랜차이즈 사업 | 병원 및 바이오 기업 인수 또는 공동 운영 | 의료관광 서비스 | 헬스케어 관련사업 | 암 진단키드 개발, 제조, 판매업 | 유전자 검사 및 관련 서비스 | 줄기세포, 면역세포, NK세포 및 세포보관, 가공, 배양 운영사업 | 국내외 주식 및 채권, 금융상품에 대한 투자 및 운용 | 벤처기업, 스타트업, 중소기업 등에 대한 투자 및 경영참여 | 기업 인수합병(M&A), 구조조정, 매각 자문 | 사모투자전문회사(PEF), 프로젝트 투자조합의 설립 및 운용 | 해외기업의 주식 또는 지분 인수 등의 해외투자 | 자본시장과 금융투자업에 관한 법률 및 기타 금융관련 법령에서 영위할 수 있도록 허용한 업무",사업 목적 추가," 등의 해외투자 자본시장과 금융투자업에 관한 법률 및 기타 금융관련 법령에서 영위할 수 있도록 허용한 업무 사업 목적 추가 제 33 조 (대표이사 등의 선임) ① 이사회는 이사 중에서 대표이사를 선임한다. ② 이사회는 그 필요에 따라 이사 중에서 회장, 부회장, 사장, 부사장, 전무, 상무를 선임할 수 있다. 제 33 조 (대표이",https://kind.krx.co.kr/external/2025/05/28/000633/20250528001643/00591.htm,True,2025post,20250528000658
아이로보틱스,,코스닥,20250527,20250527000164,[정정]주주총회소집공고,True,True,True,True,1,모빌리티·전기차·자율주행,I. 자동차부품 제조 판매업,사업다각화를 위한 목적 추가 및 미영위 사업목적 삭제,대표이사 김형모 선임 감사위원회 구성 및 감사위원 선임 찬성 /구현모 찬성 /유진평 8 2025-04-22 신사업 추진 관련 사업장 확보 찬성 /구현모 찬성 /유진평 9 2025-04-23 임시주주총회 소집에 관한 건 찬성 /구현모 찬성 /유진평 10 2025-05-09 핵심부품 경쟁력 강화 및 신성장 동력 확보를 위한 질화 ,https://kind.krx.co.kr/external/2025/05/27/000164/20250527000349/00591.htm,True,2025post,20250527000139
씨아이테크,,유가증권,20250522,20250522000244,주주총회소집공고,True,True,True,True,7,AI(인공지능);클라우드·SW·빅데이터;바이오·헬스케어;엔터·콘텐츠·게임,에이아이(AI) 헬스케어 플랫폼 개발 및 운영 | 에이아이(AI) 헬스케어 콘텐츠 제작 | 에이아이(AI) 헬스케어 데이터 분석 및 연구 지원 | 에이아이(AI) 헬스케어 모바일 앱 개발 및 판매 | 에이아이(AI) 헬스케어 자가진단 서비스 및 판매 | 에이아이(AI) 헬스케어 단말기 제조 및 판매 | 그 외 기타 의료용 기기 제조업,사업목적 추가,"지구 및 회천지역) 등의 영향으로 배후 수요가 점차 증가하면서 임차 수요도 향상될 것으로 기대됩니다. 다. 신규사업 등의 내용 및 전망 1) AI 헬스케어 플랫폼 사업 당사는 기존 사업의 성장 정체를 타개하고, 중장기적으로 기업가치를 제고하기 위하여, 신규사업으로 AI 헬스케어 사업을 추가하였습니다. AI 헬스케어 플랫폼은 개인",https://kind.krx.co.kr/external/2025/05/22/000244/20250522000841/00591.htm,True,2025post,20250522000232
스코넥,,코스닥,20250521,20250521000513,주주총회소집공고,True,True,True,True,7,부동산·임대·건설,"부동산 개발 및 서비스업 | 부동산매매 및 임대업 | 관광리조트 및 주거,상업시설 개발사업 | 스포츠시설과 대중오락시설의 건설 및 운영업 | 투자 및 투자 자문업 | 비철금속 제련, 판매업 및 대행업 | 전자상거래 및 통신판매업",사업목적 삭제 및 추가,시장 변화에 발맞추어 XR 콘텐츠를 다양한 산업에 적용할 수 있는 방향으로 확장해 나가고 있습니다. (4) 신규사업 등의 내용 및 전망 (가) 메타버스 XR 게임사업 당사는 2025년 하반기에 보드파티 신규 MR 게임 '트래블러'를 출시할 예정입니다. 트래블러는 가상 환경에서 세계 여행을 즐기며 유명한 랜드마크를 수집하는 방식으,https://kind.krx.co.kr/external/2025/05/21/000513/20250521001420/00591.htm,True,2025post,20250521000445
청보,,코스닥,20250519,20250519000299,주주총회소집공고,True,True,True,True,36,AI(인공지능);클라우드·SW·빅데이터;우주항공;드론·UAM;디지털자산·블록체인·STO(스테이블코인);부동산·임대·건설;엔터·콘텐츠·게임;식품·농업·외식;탄소·환경;교육,"인공지능 소프트웨어 개발 | 머신러닝, 딥러닝 및 기타 AI 기술을 활용한 소프트웨어의 개발 및 판매 | 게임 및 AI 관련 연구 및 개발 | 게임 디자인, 사용자 경험, AI 알고리즘 최적화 등에 대한 연구 및 개발 | AI 기반 게임 분석 및 운영 서비스 | 게임 및 AI 교육 및 컨설팅 서비스 | 게임 개발 및 AI 기술 관련 교육 프로그램 운영 및 컨설팅 서비스 제공 | 게임 및 AI 관련 투자 및 M&A | 게임 개발사 및 AI 스타트업에 대한 투자, 인수합병 및 파트너십 체결 | VR/AR 콘텐츠 개발 | 가상현실(VR) 및 증강현신(AR) 기술을 활용한 게임 및 기타 콘텐츠 개발 | 블록체인 기술 활용 | 블록체인 기술을 이용한 게임 및 AI 애플리케이션 개발 및 운영 | 관련법령상 허용되는 부동산, 주식 기타 유가증권, 금전채권, 부실채권 등 기타 자산에 대한 투자 | 관련법령상 허용되는 자금 차입 또는 채무보증 기타 다른 활동 | 기업 인수 및 투자자 발굴, 인수대상기업 발굴 등 전반에 대한 자문 | 인수기업의 경영전반에 대한 자문 | 부동산 및 실물투자, 대체투자와 관련한 자문 | 해외기술 및 자금의 도입 및 알선업 | 게임 소프트웨어 개발 및 퍼블리싱 | 다양한 플랫폼(모바일, PC, 콘솔 등)에서 사용할 수 있는 게임 소프트웨어의 개발, 마케팅, 판매 및 퍼블리싱 | 무인항공기(드론) 및 초경량비행장치의 개발, 제조, 판매, 수출입업 | 무인항공기 관련 소프트웨어의 개발, 판매, 유지보수 및 기술지원업 | 드론 기반통합관제 플랫폼의 기획, 개발 및 운영업 | 드론 영상 촬영 및 데이터 수집, 분석 서비스업 | 항공 촬영, 공간정보 구축 및 3D/4D 맵핑 서비스업 | 드론을 활용한 재난감시, 환경모니터링, 보안 및 감시 서비스업 | 농업용 드론 운영 및 방제 서비스업 | 드론 물류 및 배송 서비스업 | 드론 교육 및 자격증 관련 교육사업 | 드론 관련 시스템 통항(SI) 및 솔루션 공급업 | 드론 관련 특허, 디자인 및 지식재산권의 개발, 취득, 라이선스 및 매매업 | 도싱항공교통(UAM) 관련 시스템 및 관제 기술 개발업 | Iot(사물인터넷), AI(인공지능), 빅데이터를 활용한 드론 기술 연구 및 개발업 | 국책 과제 및 민간 프로젝트 수주 및 공동 연구개발사업 | 상기 목적의 달성에 직접 또는 간접적으로 관련, 부수되거나 도움이 되는 모든 활동",사업목적 추가 (신규사업 활성화 및 기업 이미지 제고),의안 : 조세현 감사 선임의 건(상근) 제3호 의안 : 정관 변경의 건 제3-1호 상호변경의 건 제3-2호 사업목적 추가의 건 제4호 의안 : 이사보수 한도의 건 제5호 의안 : 감사보수 한도의 건 4.주주총회소집통지 공고사항 상법 제542조의 3 제3항에 의거하여 경영참고 사항등을 당사의 홈페이지 (http://www.cheo,https://kind.krx.co.kr/external/2025/05/19/000299/20250519000901/00591.htm,True,2025post,20250519000242
아이오케이이엔엠,,코스닥,20250515,20250515002433,주주총회소집공고,False,True,True,True,5,부동산·임대·건설;식품·농업·외식,"육류 도,소매업 | 육류 가공식품 도,소매업 | 축산물 유통업 | 건축자재 도,소매업 | 건축자재관련 제조업",사업목적 추가,,https://kind.krx.co.kr/external/2025/05/15/002433/20250515005699/00591.htm,True,2025post,20250515002391
아크솔루션스,,코스닥,20250513,20250513000953,[정정]주주총회소집공고,True,True,True,True,4,신재생·에너지·전력,"석유제품, 가스, 윤활기유, 화학제품 및 관련 제품의 수송, 저장 및 기타관련업 | 전자상거래 및 관련 유통업 | 전기공사업 | 전력, 전자기기, 산업제어기기 및 제어시스템 제조 판매업",신규사업목적 추가 및 비영위 사업 삭제 등 정비,"한 포장재를 적극 검토하는 등의 노력을 통해 환경 보호를 위한 노력을 기울이고 있습니다. 나. 회사의 현황 사업영역 가. 생활건강 사업 당사는 물티슈 OEM 제조로 사업을 전개하고 있습니다. 생산 물티슈부문으로는 화장품으로 분류되는 유아 물티슈, 일반 물티슈, 비데 물티슈, 클렌징 물티슈를 제조하고 있으며, 의약외품으로 구분 된",https://kind.krx.co.kr/external/2025/05/13/000953/20250513001934/00591.htm,True,2025post,20250513000801
다스코,,유가증권,20250512,20250512000346,주주총회소집공고,True,True,True,True,4,신재생·에너지·전력;부동산·임대·건설;탄소·환경,환경전문공사업 | 수소연료전지 발전사업 | 수소산업 건설업 | 플라스틱 제품 제조업,신규 사업목적 추가,회의 목적사항 - 부의안건 1) 제1호 의안 : 정관 일부 변경의 건 제1-1호 : 제2조(목적) 환경전문공사업 추가의 건 제1-2호 : 제2조(목적) 수소연료전지 발전사업 추가의 건 제1-3호 : 제2조(목적) 수소산업 건설업 추가의 건 제1-4호 : 제2조(목적) 플라스틱 제품 제조업 추가의 건 4. 실질주주의 의결권 행사에 ,https://kind.krx.co.kr/external/2025/05/12/000346/20250512001007/00591.htm,True,2025post,20250512000470
유진테크놀로지,,코스닥,20250509,20250509000167,주주총회소집공고,True,True,True,True,2,신재생·에너지·전력,태양광 발전 사업 (추가) 제11조 【주식매수선택권】 | 회사는 임·직원에게 상법 제340조의2 및 제542조의3 의 규정에 의한 주식매수선 택권을 발행주식 총수의 100분의 15의 범위 내에서 주주총회의 특별결의에 의 하여 부여할 수 있다. 다만 발행주식 총수의 100분의 3 의 범위 내에서는 이사회 결의로 주식매수선택권을 부여할 수 있다. 이 경우 주식매수선택권은 경영성과 또는 주가지수 등에 연동하 는 성과연,제2조 【목적】 미영위 목적사업 삭제 및 신규 목적사업 추가 제11조 【주식매수선택권】 주식매수선택권 부여 시 성과연동형으로 부여함을 삽입,"구 2순환로 742번길 42, 본사 2층 대회의실 3. 회의 목적 사항 ■ 부의안건 제 1호 의안 : 정관 사업목적 추가 및 삭제 승인의 건 제 2호 의안 : 정관 일부 변경 승인의 건 제 3호 의안 : 이사 보수 한도 승인의 건 제 4호 의안 : 감사 보수 한도 승인의 건 4. 경영참고사항 비치 상법 제542조의4 제3항에 의",https://kind.krx.co.kr/external/2025/05/09/000167/20250509000369/00591.htm,True,2025post,20250509000216
포커스에이아이,,코스닥,20250508,20250508000168,주주총회소집공고,True,True,True,True,1,,근로자파견업,신규사업 준비를 위한 사업목적 추가,"다. 더불어 당사가보유한 AI 기술이 접목된 영상기술들을 특수차량, 드론, 로봇 등 다양한 제품에 적용시켜 사업영역을 계속 확대해 나가고 있습니다. 2024년 연간 기준으로 'AI 카메라' 매출이 총 매출액의 약 35%를 차지했으며, 이를 저장하는 'NVR(Network Video Recorder)'이 총 매출액의 약 25%를 ",https://kind.krx.co.kr/external/2025/05/08/000168/20250508000370/00591.htm,True,2025post,20250508000166
파인테크닉스,,코스닥,20250428,20250428000387,주주총회소집공고,True,True,True,True,36,바이오·헬스케어;부동산·임대·건설;엔터·콘텐츠·게임;화장품·뷰티;식품·농업·외식;교육,"생물학적제제 제조 및 판매업 | 에이형(A형), 비형(B형), 이형(E형) 보툴리눔 독소단백질 치료제 제조 및 판매업 | 의약품 관련 기술 및 제품의 제조 및 판매업 | 의약품 원료 및 중간체 제조 및 판매업 | 의약품 연구개발 및 연구개발용역업 | 의료기기 제조 및 판매업 | 화장품 제조 및 판매업 | 화장품 소재 및 첨가물 제조 및 판매업 | 미술품, 고미술품,주류,가구,보석,기타 귀중품 등 경매 가능한 물품의 위탁판매업,자기판매업 및 중개업 | 미술품 판매 및 렌탈업 | 미술품 무역업 및 중개업 | 미술관 대관 및 전시업 | 상기 물품에 대한 보관업 및 대여업 | 상기 물품에 관련된 투자자산의 모집 및 운용 서비스업 | 상기 물품에 대한 감정,평가 및 촬영,포장,수리,복원업 | 인터넷 멀티미디어 방송 콘텐츠 제작 및 판매업 | 온라인 교육 및 자격사업 | 신문 및 인터넷 신문사업 | 신문, 인터넷신문, 정기간행물 등의 전자상거래업 | 인터넷신문사업, 출판업, 인쇄업, 제작업 및 유통업 | 뉴스제공업 | 영화 수입업 | 영화 배급업 | 영화 제작업 | 컨텐츠 수입 및 유통업 | 해외구매대행업 | 병행수입업 | 구매대행업 | CCUS(carbon capture,utilization and storage) CO2 포집,활용,저장사업 | 호텔 및 숙박시설의 설치, 운영사업 및 컨설팅사업 | 숙박 및 편의시설업 | 일반 및 생활숙박시설 사업기획 및 경영컨설팅, 마케팅업 | 부동산개발업 및 공매등 관련 컨설팅업 | 음식점 및 기타 간이 음식점업 | 커피전문점업 및 기타 비알코올 음료점업 | 음,식료품 소매점 및 기타 소매점업",사업확장을 위한 사업목적 추가,"이사 박재홍 2) 제2호 의안 : 감사 곽강수 신규 선임의 건 3) 제3호 의안 : 정관 일부 변경의 건 (사업목적 추가) 4. 경영참고사항 비치 상법 제542조의4에 의거 경영참고사항을 당사 인터넷 홈페이지에 게재하고 본점과 명의개서대행회사(국민은행 증권대행부)에 비치하였으며, 금융위원회 및 한국거래소에 전자공시하여 조회가 가",https://kind.krx.co.kr/external/2025/04/28/000387/20250428001107/00591.htm,True,2025post,20250428000443
알티캐스트,,코스닥,20250423,20250423000261,주주총회소집공고,True,True,True,True,6,클라우드·SW·빅데이터;디지털자산·블록체인·STO(스테이블코인);부동산·임대·건설;투자·금융,블록체인 기반 소프트웨어 개발 및 공급업 | 블록체인 기반 플랫폼 개발 및 관련 사업 | 투자 및 금융 서비스업 | 경영컨설팅 및 기타 관련업 | 금융 투자업 | 부동산 개발업 및 투자업,사업목적의 정비,"기타 관련업 35. 금융 투자업 36. 부동산 개발업 및 투자업 37. 기타 위 각호에 관한 부대사업 일체 사업목적의 정비 제 32 조 (이사의 수) 회사의 이사는 3인 이상 7인 이내로 하고, 사외이사는 이사 총수의 4분의 1이상으로 한다. 제 32 조 (이사의 수) 회사의 이사는 3인 이상 4인 이내로 하고, 사외이사는 이사",https://kind.krx.co.kr/external/2025/04/23/000261/20250423000915/00591.htm,True,2025post,20250423000274
강원에너지,,코스닥,20250415,20250415000528,주주총회소집공고,True,True,True,True,2,탄소·환경,"산업환경설비공사업 | 구조물 해체,비계 공사업",신규사업 추진으로 인한 사업목적 추가,"유무역1길 60, 대회의실 3. 회의 목적 사항 가. 부의안건 1) 제1호 의안 : 정관 일부 변경의 건 (사업 목적사항 추가) 2) 제2호 의안 : 결손보전을 위한 자본준비금의 이익잉여금 전입 승인의 건 4. 경영참고사항 비치 상법 제542조의4에 의거 경영참고사항을 본사 및 지점에 비치하고 인터넷 홈페이지(http://www.",https://kind.krx.co.kr/external/2025/04/15/000528/20250415001401/00591.htm,True,2025post,20250415000354
