period,theme,corp_name,market,rcept_dt,n_theme_items,n_added_total,theme_items,reason,source_url,kind_acptno,dart_rcept_no
2026H1reg,신재생·에너지·전력,엠젠솔루션,코스닥,20260327,7,7,"그린수소 생산설비의 연구, 생산, 수출입 및 관련 컨설팅업 | 그린수소 마케팅, 영업, 판매, 수출입 및 관련 컨설팅업 | 산소, 염소 등 수소생산 부산물의 생산, 영업, 판매, 수출입업 | 그린수소 또는 혼합가스를 이용한 전기발전 사업 및 전기판매업(전기충전소 운영, 전기판매 중개) | 수소 및 부산물의 보관, 운송설비의 설치, 판매업 | 수소 생산설비 및 공장의 개발, 설계, 자금조달, 건설, 시행 및 관리운영법 | 수소 또는 혼합가스 전기발전 사업의 개발, 설계, 자금조달, 건설, 시행 및 관리운영법",그린수소 생산·공급에 관한 신규사업 추진에 따른 사업목적 추가,https://kind.krx.co.kr/external/2026/03/27/002640/20260327005403/00591.htm,20260327002640,20260327001587
2026H1reg,부동산·임대·건설,엠젠솔루션,코스닥,20260327,2,7,"수소 생산설비 및 공장의 개발, 설계, 자금조달, 건설, 시행 및 관리운영법 | 수소 또는 혼합가스 전기발전 사업의 개발, 설계, 자금조달, 건설, 시행 및 관리운영법",그린수소 생산·공급에 관한 신규사업 추진에 따른 사업목적 추가,https://kind.krx.co.kr/external/2026/03/27/002640/20260327005403/00591.htm,20260327002640,20260327001587
2026H1reg,로봇,엠엑스온,코스닥,20260327,1,2,"로봇제어기 및 관련 소프트웨어의 개발, 제조 및 판매",사업 목적 추가,https://kind.krx.co.kr/external/2026/03/27/002239/20260327004695/00591.htm,20260327002239,20260327001395
2026H1reg,클라우드·SW·빅데이터,엠엑스온,코스닥,20260327,1,2,"로봇제어기 및 관련 소프트웨어의 개발, 제조 및 판매",사업 목적 추가,https://kind.krx.co.kr/external/2026/03/27/002239/20260327004695/00591.htm,20260327002239,20260327001395
2026H1reg,AI(인공지능),중앙첨단소재,코스닥,20260326,2,7,"태양광 등 신재생에너지를 포함하는 발전소의 운영·관리 및 에너지관리시스템(이엠에스:EMS), 에이아이(AI) 기반 운영 최적화 솔루션 개발·공급업 | 레이더(감시·탐지 포함), 항행용 무선기기 및 관련 전자·정밀기기의 제조, 가공, 판매, 수출입업(관련 소프트웨어/에이아이(AI) 분석 시스템 포함)",사업목적 구체화 사업목적 구체화 조문순서 변경 조문순서 변경 조문순서 변경 사업목적 추가 사업목적 추가 사업목적 추가 사업목적 추가 사업목적 추가 조문순서 변경 조문순서 변경 조문순서 변경,https://kind.krx.co.kr/external/2026/03/26/003117/20260326006178/00591.htm,20260326003117,20260326001369
2026H1reg,클라우드·SW·빅데이터,중앙첨단소재,코스닥,20260326,1,7,"레이더(감시·탐지 포함), 항행용 무선기기 및 관련 전자·정밀기기의 제조, 가공, 판매, 수출입업(관련 소프트웨어/에이아이(AI) 분석 시스템 포함)",사업목적 구체화 사업목적 구체화 조문순서 변경 조문순서 변경 조문순서 변경 사업목적 추가 사업목적 추가 사업목적 추가 사업목적 추가 사업목적 추가 조문순서 변경 조문순서 변경 조문순서 변경,https://kind.krx.co.kr/external/2026/03/26/003117/20260326006178/00591.htm,20260326003117,20260326001369
2026H1reg,신재생·에너지·전력,중앙첨단소재,코스닥,20260326,3,7,"태양광을 포함하는 신재생에너지 관련 제품의 제조, 판매 및 설비엔지니어링, 시공업 | 전기사업법 등 관계법령에 따른 발전사업 및 전기판매사업과 태양광을 포함하는 대체에너지와 신재생에너지 발전사업 및 전력의 생산, 공급, 판매업 | 태양광 등 신재생에너지를 포함하는 발전소의 운영·관리 및 에너지관리시스템(이엠에스:EMS), 에이아이(AI) 기반 운영 최적화 솔루션 개발·공급업",사업목적 구체화 사업목적 구체화 조문순서 변경 조문순서 변경 조문순서 변경 사업목적 추가 사업목적 추가 사업목적 추가 사업목적 추가 사업목적 추가 조문순서 변경 조문순서 변경 조문순서 변경,https://kind.krx.co.kr/external/2026/03/26/003117/20260326006178/00591.htm,20260326003117,20260326001369
2026H1reg,희토류·핵심광물·소재,중앙첨단소재,코스닥,20260326,1,7,"광산부산물·광산폐기물의 선별·재처리·자원화 및 유가금속 회수, 관련 제품의 제조 및 가공, 판매업",사업목적 구체화 사업목적 구체화 조문순서 변경 조문순서 변경 조문순서 변경 사업목적 추가 사업목적 추가 사업목적 추가 사업목적 추가 사업목적 추가 조문순서 변경 조문순서 변경 조문순서 변경,https://kind.krx.co.kr/external/2026/03/26/003117/20260326006178/00591.htm,20260326003117,20260326001369
2026H1reg,탄소·환경,중앙첨단소재,코스닥,20260326,1,7,"광산부산물·광산폐기물의 선별·재처리·자원화 및 유가금속 회수, 관련 제품의 제조 및 가공, 판매업",사업목적 구체화 사업목적 구체화 조문순서 변경 조문순서 변경 조문순서 변경 사업목적 추가 사업목적 추가 사업목적 추가 사업목적 추가 사업목적 추가 조문순서 변경 조문순서 변경 조문순서 변경,https://kind.krx.co.kr/external/2026/03/26/003117/20260326006178/00591.htm,20260326003117,20260326001369
2026H1reg,AI(인공지능),셀레믹스,코스닥,20260326,1,20,인공지능 기반 바이오 및 헬스케어 솔루션 개발 및 판매업,사업의 목적 확대,https://kind.krx.co.kr/external/2026/03/26/003060/20260326006102/00591.htm,20260326003060,20260326001344
2026H1reg,클라우드·SW·빅데이터,셀레믹스,코스닥,20260326,2,20,데이터 분석 및 데이터베이스 구축 서비스업 | 인터넷 기반 정보 제공 및 플랫폼 서비스업,사업의 목적 확대,https://kind.krx.co.kr/external/2026/03/26/003060/20260326006102/00591.htm,20260326003060,20260326001344
2026H1reg,전자지급·결제(PG·선불),셀레믹스,코스닥,20260326,1,20,전자금융업,사업의 목적 확대,https://kind.krx.co.kr/external/2026/03/26/003060/20260326006102/00591.htm,20260326003060,20260326001344
2026H1reg,바이오·헬스케어,셀레믹스,코스닥,20260326,7,20,"의약품, 바이오의약품 및 의료용 소재의 연구개발 및 판매업 | 바이오 및 의료 관련 제품의 도소매업 | 건강기능식품의 연구개발, 제조 및 판매업 | 화학, 바이오 및 의료 관련 기술의 연구개발, 기술이전 및 기술용역업 | 바이오 및 헬스케어 관련 기술개발, 기술 이전 및 라이선스 사업 | 바이오 및 의료 관련 컨설팅 서비스업 | 인공지능 기반 바이오 및 헬스케어 솔루션 개발 및 판매업",사업의 목적 확대,https://kind.krx.co.kr/external/2026/03/26/003060/20260326006102/00591.htm,20260326003060,20260326001344
2026H1reg,화장품·뷰티,셀레믹스,코스닥,20260326,2,20,"화장품 및 화장용품의 연구개발, 제조 및 판매업 | 화장품 및 건강 관련 제품의 도소매업",사업의 목적 확대,https://kind.krx.co.kr/external/2026/03/26/003060/20260326006102/00591.htm,20260326003060,20260326001344
2026H1reg,식품·농업·외식,셀레믹스,코스닥,20260326,1,20,"건강기능식품의 연구개발, 제조 및 판매업",사업의 목적 확대,https://kind.krx.co.kr/external/2026/03/26/003060/20260326006102/00591.htm,20260326003060,20260326001344
2026H1reg,교육,이스타코,유가증권,20260326,6,8,학원 가맹사업(프렌차이즈업) | 대안교육기관 운영업 | 외국어 교육 및 국제교육 서비스업 | 교육 컨설팅 및 진로상담업 | 문화예술 및 체육교육서비스업 | 교육시설 임대 및 관리업,(제2-1호)사업 목적 추가의건,https://kind.krx.co.kr/external/2026/03/26/000376/20260326001183/00591.htm,20260326000376,20260326000264
2026H1reg,방산,대성하이텍,코스닥,20260325,2,2,방위산업 물자 중개업 | 군수품 무역대리업,-사업목적 추가에 따른 변경,https://kind.krx.co.kr/external/2026/03/25/000795/20260325002854/00591.htm,20260325000795,20260325000907
2026H1reg,로봇,유니테크노,코스닥,20260323,2,5,로봇 및 자동화장치용 부품 모듈 장치 제조 및 판매업 | 로봇 및 자동화장치 관련 연구개발 및 기술용역업,피지컬AI 관련 사업목적 추가 사업목적 삽입 추가로 기존 사업목적의 항목번호 변경,https://kind.krx.co.kr/external/2026/03/23/002085/20260323008717/00591.htm,20260323002085,20260323001439
2026H1reg,클라우드·SW·빅데이터,모아데이타,코스닥,20260323,1,1,"소프트웨어 개발, 공급 및 자문 (후략)",용어 명확화,https://kind.krx.co.kr/external/2026/03/23/000170/20260323000710/00591.htm,20260323000170,20260323000116
2026H1reg,로봇,APS이노베이션,코스닥,20260320,1,9,로봇 및 로봇부품 관련사업,사업다각화를 위한 목적사업 추가,https://kind.krx.co.kr/external/2026/03/20/001183/20260320004421/00591.htm,20260320001183,20260320000922
2026H1reg,우주항공,APS이노베이션,코스닥,20260320,2,9,항공기 및 항공기 부품 관련사업 | 무인항공기 및 무인비행장치 관련사업,사업다각화를 위한 목적사업 추가,https://kind.krx.co.kr/external/2026/03/20/001183/20260320004421/00591.htm,20260320001183,20260320000922
2026H1reg,드론·UAM,APS이노베이션,코스닥,20260320,1,9,무인항공기 및 무인비행장치 관련사업,사업다각화를 위한 목적사업 추가,https://kind.krx.co.kr/external/2026/03/20/001183/20260320004421/00591.htm,20260320001183,20260320000922
2026H1reg,신재생·에너지·전력,APS이노베이션,코스닥,20260320,1,9,수소연료전지관련사업,사업다각화를 위한 목적사업 추가,https://kind.krx.co.kr/external/2026/03/20/001183/20260320004421/00591.htm,20260320001183,20260320000922
2026H1reg,화장품·뷰티,APS이노베이션,코스닥,20260320,2,9,"화장품 제조, 유통, 판매 | 화장품 자동화 장비 관련사업",사업다각화를 위한 목적사업 추가,https://kind.krx.co.kr/external/2026/03/20/001183/20260320004421/00591.htm,20260320001183,20260320000922
2026H1reg,탄소·환경,APS이노베이션,코스닥,20260320,1,9,탄소섬유 및 합성수지 관련 사업,사업다각화를 위한 목적사업 추가,https://kind.krx.co.kr/external/2026/03/20/001183/20260320004421/00591.htm,20260320001183,20260320000922
2026H1reg,디지털자산·블록체인·STO(스테이블코인),모나용평,유가증권,20260320,1,3,블록체인 기술 관련 기타 서비스업,. 신규사업을 위한 사업목적추가,https://kind.krx.co.kr/external/2026/03/20/000701/20260320002775/00591.htm,20260320000701,20260320000592
2026H1reg,투자·금융,NICE평가정보,유가증권,20260320,1,1,금융상품의 판매대리·중개,※ 자구(字句) 수정 - 법률에서 정의된 용어로 수정,https://kind.krx.co.kr/external/2026/03/20/000280/20260320001050/00591.htm,20260320000280,20260320000244
2026H1reg,클라우드·SW·빅데이터,KG이니시스,코스닥,20260320,2,23,블록체인 기반 소프트웨어 및 플랫폼 개발·공급업 | 블록체인 기반 데이터베이스 구축 및 정보서비스업,- / 각 항목 순서 변경 / 미추진사업 / 사업목적 변경 / 신사업 추진 / 항목 순서 변경,https://kind.krx.co.kr/external/2026/03/19/002101/20260319008771/00591.htm,20260319002101,20260319001390
2026H1reg,우주항공,KG이니시스,코스닥,20260320,1,23,항공기대여업 (농업용드론렌탈 등),- / 각 항목 순서 변경 / 미추진사업 / 사업목적 변경 / 신사업 추진 / 항목 순서 변경,https://kind.krx.co.kr/external/2026/03/19/002101/20260319008771/00591.htm,20260319002101,20260319001390
2026H1reg,드론·UAM,KG이니시스,코스닥,20260320,1,23,항공기대여업 (농업용드론렌탈 등),- / 각 항목 순서 변경 / 미추진사업 / 사업목적 변경 / 신사업 추진 / 항목 순서 변경,https://kind.krx.co.kr/external/2026/03/19/002101/20260319008771/00591.htm,20260319002101,20260319001390
2026H1reg,디지털자산·블록체인·STO(스테이블코인),KG이니시스,코스닥,20260320,4,23,"블록체인 기반 디지털자산의 매매, 교환, 이전 및 중개 서비스업 | 디지털자산의 보관, 관리 및 관련 서비스업 | 블록체인 기반 소프트웨어 및 플랫폼 개발·공급업 | 블록체인 기반 데이터베이스 구축 및 정보서비스업",- / 각 항목 순서 변경 / 미추진사업 / 사업목적 변경 / 신사업 추진 / 항목 순서 변경,https://kind.krx.co.kr/external/2026/03/19/002101/20260319008771/00591.htm,20260319002101,20260319001390
2026H1reg,신재생·에너지·전력,KG이니시스,코스닥,20260320,2,23,"기타 산업용 기계 및 장비 임대업 (기계, 전기차충전소 렌탈 등) | 태양광 발전사업",- / 각 항목 순서 변경 / 미추진사업 / 사업목적 변경 / 신사업 추진 / 항목 순서 변경,https://kind.krx.co.kr/external/2026/03/19/002101/20260319008771/00591.htm,20260319002101,20260319001390
2026H1reg,모빌리티·전기차·자율주행,KG이니시스,코스닥,20260320,1,23,"기타 산업용 기계 및 장비 임대업 (기계, 전기차충전소 렌탈 등)",- / 각 항목 순서 변경 / 미추진사업 / 사업목적 변경 / 신사업 추진 / 항목 순서 변경,https://kind.krx.co.kr/external/2026/03/19/002101/20260319008771/00591.htm,20260319002101,20260319001390
2026H1reg,식품·농업·외식,KG이니시스,코스닥,20260320,1,23,항공기대여업 (농업용드론렌탈 등),- / 각 항목 순서 변경 / 미추진사업 / 사업목적 변경 / 신사업 추진 / 항목 순서 변경,https://kind.krx.co.kr/external/2026/03/19/002101/20260319008771/00591.htm,20260319002101,20260319001390
2026H1reg,바이오·헬스케어,한국화장품,유가증권,20260319,2,12,의료기기 제조·판매 | 의약품 원부자재 도·소매업,- 기존 영위사업과 관련된 사업범위 명확화를 위한 정관 정비 - 미영위 사업목적 정비 - 사업목적 일부 추가 및 삭제에 따른 형식적 조문 번호 변경,https://kind.krx.co.kr/external/2026/03/19/001864/20260319007674/00591.htm,20260319001864,20260319001228
2026H1reg,화장품·뷰티,한국화장품,유가증권,20260319,3,12,미용기기 제조·판매 | 화장품 도·소매업 | 화장품 원부자재 도·소매업,- 기존 영위사업과 관련된 사업범위 명확화를 위한 정관 정비 - 미영위 사업목적 정비 - 사업목적 일부 추가 및 삭제에 따른 형식적 조문 번호 변경,https://kind.krx.co.kr/external/2026/03/19/001864/20260319007674/00591.htm,20260319001864,20260319001228
2026H1reg,바이오·헬스케어,한국화장품제조,유가증권,20260319,2,12,의료기기 제조·판매 | 의약품 원부자재 도·소매업,- 기존 영위사업과 관련된 사업범위 명확화를 위한 정관 정비 - 미영위 사업목적 정비 - 사업목적 일부 추가 및 삭제에 따른 형식적 조문 번호 변경,https://kind.krx.co.kr/external/2026/03/19/001761/20260319007273/00591.htm,20260319001761,20260319001178
2026H1reg,화장품·뷰티,한국화장품제조,유가증권,20260319,3,12,미용기기 제조·판매 | 화장품 도·소매업 | 화장품 원부자재 도·소매업,- 기존 영위사업과 관련된 사업범위 명확화를 위한 정관 정비 - 미영위 사업목적 정비 - 사업목적 일부 추가 및 삭제에 따른 형식적 조문 번호 변경,https://kind.krx.co.kr/external/2026/03/19/001761/20260319007273/00591.htm,20260319001761,20260319001178
2026H1reg,데이터센터,유니온바이오메트릭스,코스닥,20260319,1,6,"데이터센터(IDC) 구축, 운영, 관리 및 임대업",- 사업의 목적 추가,https://kind.krx.co.kr/external/2026/03/19/001461/20260319006032/00591.htm,20260319001461,20260319000998
2026H1reg,부동산·임대·건설,유니온바이오메트릭스,코스닥,20260319,1,6,부동산 개발업 및 임대업,- 사업의 목적 추가,https://kind.krx.co.kr/external/2026/03/19/001461/20260319006032/00591.htm,20260319001461,20260319000998
2026H1reg,반려동물(펫),스튜디오삼익,코스닥,20260319,1,4,애완용 동물 관련 용품의 제조 및 판매업,신규사업확장을 위한 사업목적 추가,https://kind.krx.co.kr/external/2026/03/19/000716/20260319003208/00591.htm,20260319000716,20260319000559
2026H1reg,바이오·헬스케어,그린리소스,코스닥,20260319,1,6,"폐기물(커피박 등 유기성 폐기물)의 수집, 운반, 중간처리, 재활용 및 자원화 사업",사업목적 추가,https://kind.krx.co.kr/external/2026/03/19/000302/20260319001480/00591.htm,20260319000302,20260319000249
2026H1reg,신재생·에너지·전력,그린리소스,코스닥,20260319,3,6,"커피박, 목재, 농업부산물 등 바이오매스를 활용한 고형연료, 우든펠렛, 바이오연료의 제조 및 판매업 | 발전소, 산업체, 공공기관에 대한 연료 공급 및 납품업 | 폐자원 및 바이오매스를 이용한 열에너지, 전력, 연료 관련 사업",사업목적 추가,https://kind.krx.co.kr/external/2026/03/19/000302/20260319001480/00591.htm,20260319000302,20260319000249
2026H1reg,식품·농업·외식,그린리소스,코스닥,20260319,1,6,"커피박, 목재, 농업부산물 등 바이오매스를 활용한 고형연료, 우든펠렛, 바이오연료의 제조 및 판매업",사업목적 추가,https://kind.krx.co.kr/external/2026/03/19/000302/20260319001480/00591.htm,20260319000302,20260319000249
2026H1reg,탄소·환경,그린리소스,코스닥,20260319,2,6,"폐기물(커피박 등 유기성 폐기물)의 수집, 운반, 중간처리, 재활용 및 자원화 사업 | 친환경 연료 및 대체에너지 제품의 제조, 가공 및 판매업",사업목적 추가,https://kind.krx.co.kr/external/2026/03/19/000302/20260319001480/00591.htm,20260319000302,20260319000249
2026H1reg,희토류·핵심광물·소재,솔브레인홀딩스,코스닥,20260318,1,1,비금속 광물제품 제조업,사업목적 추가 (기 취득 유형자산 활용),https://kind.krx.co.kr/external/2026/03/18/001794/20260318008190/00591.htm,20260318001794,20260318001259
2026H1reg,클라우드·SW·빅데이터,동원산업,유가증권,20260318,1,11,"소프트웨어의 개발, 제작, 생산 및 판매업",- 미영위 목적사업 삭제 - 기술부문 라이다 관련 신사업 추가 - 사업부문 선박 연료공급 관련 목적사업 추가,https://kind.krx.co.kr/external/2026/03/18/001577/20260318007322/00591.htm,20260318001577,20260318001141
2026H1reg,모빌리티·전기차·자율주행,동원산업,유가증권,20260318,3,11,"모빌리티용 라이다 센서 개발, 제조 및 판매업 | 산업 및 인프라용 라이다 센서 개발, 제조 및 판매업 | 자동차 전장부품의 개발, 제조 및 판매업",- 미영위 목적사업 삭제 - 기술부문 라이다 관련 신사업 추가 - 사업부문 선박 연료공급 관련 목적사업 추가,https://kind.krx.co.kr/external/2026/03/18/001577/20260318007322/00591.htm,20260318001577,20260318001141
2026H1reg,조선·해양,동원산업,유가증권,20260318,1,11,선박연료 공급업,- 미영위 목적사업 삭제 - 기술부문 라이다 관련 신사업 추가 - 사업부문 선박 연료공급 관련 목적사업 추가,https://kind.krx.co.kr/external/2026/03/18/001577/20260318007322/00591.htm,20260318001577,20260318001141
2026H1reg,투자·금융,동원산업,유가증권,20260318,1,11,대부업,- 미영위 목적사업 삭제 - 기술부문 라이다 관련 신사업 추가 - 사업부문 선박 연료공급 관련 목적사업 추가,https://kind.krx.co.kr/external/2026/03/18/001577/20260318007322/00591.htm,20260318001577,20260318001141
2026H1reg,로봇,휴림에이텍,코스닥,20260318,16,16,"지능형로봇 제조 및 판매업 | 지능형로봇 부품 제조 및 판매업 | 이동형로봇 제조 및 판매업 | 엔터테인먼트로봇 제조, 판매업 및 서비스업 | 공공서비스로봇 제조, 판매업 및 서비스업 | 산업용로봇 제조 및 판매업 | 로봇부품 및 부분품 유통업 | 지능형로봇 임대 | 로봇컨텐츠 제작, 판매업 및 서비스업 | 로봇 융합 요식업 | 로봇 융합 의류제조 및 유통업 | 로봇 융합 의료 및 생명공학 관련사업 | 로봇 융합 의료기기, 헬스케어제품 제조 및 판매업 | 군사용로봇 제조 및 판매업 | 극한작업용로봇 제조 및 판매업 | 로봇 내외장재 제조 및 판매업",- 사업목적 다각화,https://kind.krx.co.kr/external/2026/03/18/001360/20260318006305/00591.htm,20260318001360,20260318001004
2026H1reg,바이오·헬스케어,휴림에이텍,코스닥,20260318,2,16,"로봇 융합 의료 및 생명공학 관련사업 | 로봇 융합 의료기기, 헬스케어제품 제조 및 판매업",- 사업목적 다각화,https://kind.krx.co.kr/external/2026/03/18/001360/20260318006305/00591.htm,20260318001360,20260318001004
2026H1reg,엔터·콘텐츠·게임,휴림에이텍,코스닥,20260318,2,16,"엔터테인먼트로봇 제조, 판매업 및 서비스업 | 로봇컨텐츠 제작, 판매업 및 서비스업",- 사업목적 다각화,https://kind.krx.co.kr/external/2026/03/18/001360/20260318006305/00591.htm,20260318001360,20260318001004
2026H1reg,부동산·임대·건설,에스오에스랩,코스닥,20260318,2,2,"부동산 임대업 | 부동산의 취득, 관리 및 처분업","[자산 운용의 효율성 제고] 회사 성장에 따른 사무 공간 및 생산 시설(공장) 확보 필요성이 증대됨에 따라, 단순 점유를 넘어 보유 자산의 효율적 관리 및 운용 체계 구축을 도모함 [사업 영역 확장 및 유연성 확보] 부동산 임대업 및 관리업 등을 사업 목적에 추가하여 ",https://kind.krx.co.kr/external/2026/03/18/001325/20260318006145/00591.htm,20260318001325,20260318000979
2026H1reg,신재생·에너지·전력,수산세보틱스,유가증권,20260318,1,1,신에너지 및 재생에너지를 이용한 전력의 생산 및 판매 사업,- 사업의 목적 추가,https://kind.krx.co.kr/external/2026/03/18/001313/20260318006104/00591.htm,20260318001313,20260318000972
2026H1reg,AI(인공지능),SFA,코스닥,20260317,1,1,"AI 자율제도 및 로보틱스 적용 제조장비와 동 부분품의 제조,판매, 서비스업",목적사업 추가 번호 수정,https://kind.krx.co.kr/external/2026/03/17/000792/20260317003091/00591.htm,20260317000792,20260317000669
2026H1reg,로봇,SFA,코스닥,20260317,1,1,"AI 자율제도 및 로보틱스 적용 제조장비와 동 부분품의 제조,판매, 서비스업",목적사업 추가 번호 수정,https://kind.krx.co.kr/external/2026/03/17/000792/20260317003091/00591.htm,20260317000792,20260317000669
2026H1reg,AI(인공지능),벡트,코스닥,20260317,2,10,"인공지능(AI) 활용한 디지털콘텐츠 제작업 | 인공지능(AI), 가상(VR), 증간현상(AR) 관련 제품, 서비스 개발 및 공급업",사업 다각화를 통한 미래 신성장 동력 확보,https://kind.krx.co.kr/external/2026/03/17/000642/20260317002544/00591.htm,20260317000642,20260317000584
2026H1reg,로봇,벡트,코스닥,20260317,4,10,"로봇, 로봇 부품 제조 및 판매업 | 로봇 자동화 기계, 설비 제조 및 판매업 | 산업용, 연구용, 전문서비스용, 로봇 하드웨어 및 소프트웨어 수출입, 개발 제작, 임대, 가공 및 용역업 | 로봇과 관련한 교육 및 교육서비스 사업",사업 다각화를 통한 미래 신성장 동력 확보,https://kind.krx.co.kr/external/2026/03/17/000642/20260317002544/00591.htm,20260317000642,20260317000584
2026H1reg,클라우드·SW·빅데이터,벡트,코스닥,20260317,3,10,"(변경) 메타버스용 콘텐츠 운영 소프트웨어 도매/중개업 | 메타버스 응용 소프트웨어 설계 및 개발업 | 산업용, 연구용, 전문서비스용, 로봇 하드웨어 및 소프트웨어 수출입, 개발 제작, 임대, 가공 및 용역업",사업 다각화를 통한 미래 신성장 동력 확보,https://kind.krx.co.kr/external/2026/03/17/000642/20260317002544/00591.htm,20260317000642,20260317000584
2026H1reg,우주항공,벡트,코스닥,20260317,1,10,"무인항공기 및 무인비행장치 제조, 정비, 서비스 및 도,소매업",사업 다각화를 통한 미래 신성장 동력 확보,https://kind.krx.co.kr/external/2026/03/17/000642/20260317002544/00591.htm,20260317000642,20260317000584
2026H1reg,드론·UAM,벡트,코스닥,20260317,1,10,"무인항공기 및 무인비행장치 제조, 정비, 서비스 및 도,소매업",사업 다각화를 통한 미래 신성장 동력 확보,https://kind.krx.co.kr/external/2026/03/17/000642/20260317002544/00591.htm,20260317000642,20260317000584
2026H1reg,모빌리티·전기차·자율주행,벡트,코스닥,20260317,1,10,자동차부품 제조 및 판매업,사업 다각화를 통한 미래 신성장 동력 확보,https://kind.krx.co.kr/external/2026/03/17/000642/20260317002544/00591.htm,20260317000642,20260317000584
2026H1reg,엔터·콘텐츠·게임,벡트,코스닥,20260317,2,10,(변경) 메타버스용 콘텐츠 운영 소프트웨어 도매/중개업 | 인공지능(AI) 활용한 디지털콘텐츠 제작업,사업 다각화를 통한 미래 신성장 동력 확보,https://kind.krx.co.kr/external/2026/03/17/000642/20260317002544/00591.htm,20260317000642,20260317000584
2026H1reg,교육,벡트,코스닥,20260317,1,10,로봇과 관련한 교육 및 교육서비스 사업,사업 다각화를 통한 미래 신성장 동력 확보,https://kind.krx.co.kr/external/2026/03/17/000642/20260317002544/00591.htm,20260317000642,20260317000584
2026H1reg,신재생·에너지·전력,동일산업,유가증권,20260317,1,11,태양광발전사업,내용수정: 사업의 목적 추가 및 항번 수정 내용수정: 상법개정_ 자산규모에 따른 전자주주총회 병행개최 의무화 미적용 내용 반영(제542조의 14) 내용수정: 상법개정_ 독립이사 명칭 변경 및 의무비율 상향(제542조의 8)및 이사의 수 변경 내용수정: 임기 만료일 명확,https://kind.krx.co.kr/external/2026/03/17/000611/20260317002410/00591.htm,20260317000611,20260317000551
2026H1reg,AI(인공지능),성원에너텍,코스닥,20260317,5,35,AI ·빅데이터 처리용 고성능 컴퓨팅(HPC) 인프라 구축 및 운영업 | 인공지능(AI) 모델 학습 및 추론 서비스업 | AI 연산 인프라 (GPU Farm) 구축 및 운영업 (1 | AI 플랫폼 개발 및 공급업 | 서버 ·AI가속시 ·반도체 모듈 제조 및 판매업,사업목적 추가 및 조문번호 정비,https://kind.krx.co.kr/external/2026/03/17/000606/20260317002400/00591.htm,20260317000606,20260317000547
2026H1reg,로봇,성원에너텍,코스닥,20260317,1,35,"디지털트윈, 자율주행, 메타버스, 로보틱스용 연산서비스업",사업목적 추가 및 조문번호 정비,https://kind.krx.co.kr/external/2026/03/17/000606/20260317002400/00591.htm,20260317000606,20260317000547
2026H1reg,데이터센터,성원에너텍,코스닥,20260317,6,35,"데이터센터의 개발, 건설, 운영 및 관리업 | 데이터센터 전기, 통신, 기계설비 공사업 | 네트워크 구축 및 IDC 회산 임대업 | 데이터센터 리츠(REITs) 관련 사업 | 데이터센터 모듈형(MDC) 제작 및 수출입업 | 해외 데이터센터 투자 및 합작사업",사업목적 추가 및 조문번호 정비,https://kind.krx.co.kr/external/2026/03/17/000606/20260317002400/00591.htm,20260317000606,20260317000547
2026H1reg,클라우드·SW·빅데이터,성원에너텍,코스닥,20260317,4,35,"AI ·빅데이터 처리용 고성능 컴퓨팅(HPC) 인프라 구축 및 운영업 | 클라우드 컴퓨팅 서비스업(IaaS, PaaS, SaaS) | 데이터 가공, 정제, 라벨링 및 분석 서비스업 (1 | AI 플랫폼 개발 및 공급업",사업목적 추가 및 조문번호 정비,https://kind.krx.co.kr/external/2026/03/17/000606/20260317002400/00591.htm,20260317000606,20260317000547
2026H1reg,반도체,성원에너텍,코스닥,20260317,1,35,서버 ·AI가속시 ·반도체 모듈 제조 및 판매업,사업목적 추가 및 조문번호 정비,https://kind.krx.co.kr/external/2026/03/17/000606/20260317002400/00591.htm,20260317000606,20260317000547
2026H1reg,디지털자산·블록체인·STO(스테이블코인),성원에너텍,코스닥,20260317,1,35,블록체인 및 디지털자산 인프라 사업,사업목적 추가 및 조문번호 정비,https://kind.krx.co.kr/external/2026/03/17/000606/20260317002400/00591.htm,20260317000606,20260317000547
2026H1reg,바이오·헬스케어,성원에너텍,코스닥,20260317,2,35,"산업폐기물(석탄재 등) 재활용 및 자원화 사업(폐자원 수집, 운반, 중간처리 포함) | 자원재활용 및 친환경 기술 관련 지식재산권(IP) 보유, 임대, 이전 및 라이선스업",사업목적 추가 및 조문번호 정비,https://kind.krx.co.kr/external/2026/03/17/000606/20260317002400/00591.htm,20260317000606,20260317000547
2026H1reg,2차전지·배터리,성원에너텍,코스닥,20260317,1,35,ESS(에너지저장장치) 설치 및 운영업,사업목적 추가 및 조문번호 정비,https://kind.krx.co.kr/external/2026/03/17/000606/20260317002400/00591.htm,20260317000606,20260317000547
2026H1reg,신재생·에너지·전력,성원에너텍,코스닥,20260317,2,35,전력 수급 및 에너지 관리 사업 | 신재생에너지 발전 및 전력 중개 사업,사업목적 추가 및 조문번호 정비,https://kind.krx.co.kr/external/2026/03/17/000606/20260317002400/00591.htm,20260317000606,20260317000547
2026H1reg,희토류·핵심광물·소재,성원에너텍,코스닥,20260317,4,35,"희토류 등 희소금속 및 핵심광물의 수출, 원소재 제조, 가공, 정제, 도소매 및 수출입업 | 탄소광물화 기반 친환경 건설소재(CAS 등) 연구개발 및 제조업(건축자재 도소매 포함) | 탄소광물화 융복합 소재 기반 건축자재 제조 및 판매업 | 탄소광물화 관련 온실가스 감축 사업 및 탄소배출권 획득, 거래업",사업목적 추가 및 조문번호 정비,https://kind.krx.co.kr/external/2026/03/17/000606/20260317002400/00591.htm,20260317000606,20260317000547
2026H1reg,모빌리티·전기차·자율주행,성원에너텍,코스닥,20260317,1,35,"디지털트윈, 자율주행, 메타버스, 로보틱스용 연산서비스업",사업목적 추가 및 조문번호 정비,https://kind.krx.co.kr/external/2026/03/17/000606/20260317002400/00591.htm,20260317000606,20260317000547
2026H1reg,조선·해양,성원에너텍,코스닥,20260317,1,35,"해저케이블, 국제회선 중개업",사업목적 추가 및 조문번호 정비,https://kind.krx.co.kr/external/2026/03/17/000606/20260317002400/00591.htm,20260317000606,20260317000547
2026H1reg,부동산·임대·건설,성원에너텍,코스닥,20260317,4,35,"데이터센터의 개발, 건설, 운영 및 관리업 | 산업단지, 지식산업센터 개발 및 분양업 | 탄소광물화 기반 친환경 건설소재(CAS 등) 연구개발 및 제조업(건축자재 도소매 포함) | 탄소광물화 융복합 소재 기반 건축자재 제조 및 판매업",사업목적 추가 및 조문번호 정비,https://kind.krx.co.kr/external/2026/03/17/000606/20260317002400/00591.htm,20260317000606,20260317000547
2026H1reg,탄소·환경,성원에너텍,코스닥,20260317,7,35,"산업폐기물(석탄재 등) 재활용 및 자원화 사업(폐자원 수집, 운반, 중간처리 포함) | 탄소광물화 기반 친환경 건설소재(CAS 등) 연구개발 및 제조업(건축자재 도소매 포함) | 탄소광물화 융복합 소재 기반 건축자재 제조 및 판매업 | 탄소광물화 관련 온실가스 감축 사업 및 탄소배출권 획득, 거래업 | 이산화탄소 포집, 활용, 저장(CCUS) 기술 기반 친환경 사업 | 자원재활용 및 친환경 기술 관련 지식재산권(IP) 보유, 임대, 이전 및 라이선스업 | 환경 및 기후변화 대응 관련 컨설팅업",사업목적 추가 및 조문번호 정비,https://kind.krx.co.kr/external/2026/03/17/000606/20260317002400/00591.htm,20260317000606,20260317000547
2026H1reg,방산,케일럼,코스닥,20260317,1,8,"유도무기, 미사일 추진체 부품제조업",1. 합병에 따른 사업목적 추가 2. 비영위사업 삭제,https://kind.krx.co.kr/external/2026/03/17/000527/20260317002113/00591.htm,20260317000527,20260317000501
2026H1reg,우주항공,케일럼,코스닥,20260317,2,8,"항공기 부분품 제조업 | 항공기, 산업, 선박용 가스터빈 엔진 및 동 보조기기류에 대한 부품제조업",1. 합병에 따른 사업목적 추가 2. 비영위사업 삭제,https://kind.krx.co.kr/external/2026/03/17/000527/20260317002113/00591.htm,20260317000527,20260317000501
2026H1reg,신재생·에너지·전력,케일럼,코스닥,20260317,2,8,"발전소 및 에너지 플랜트 건설 및 운영, 유지관리 사업 | 수소 및 암모니아 등 청정에너지 관련 사업",1. 합병에 따른 사업목적 추가 2. 비영위사업 삭제,https://kind.krx.co.kr/external/2026/03/17/000527/20260317002113/00591.htm,20260317000527,20260317000501
2026H1reg,조선·해양,케일럼,코스닥,20260317,1,8,"항공기, 산업, 선박용 가스터빈 엔진 및 동 보조기기류에 대한 부품제조업",1. 합병에 따른 사업목적 추가 2. 비영위사업 삭제,https://kind.krx.co.kr/external/2026/03/17/000527/20260317002113/00591.htm,20260317000527,20260317000501
2026H1reg,부동산·임대·건설,케일럼,코스닥,20260317,1,8,"발전소 및 에너지 플랜트 건설 및 운영, 유지관리 사업",1. 합병에 따른 사업목적 추가 2. 비영위사업 삭제,https://kind.krx.co.kr/external/2026/03/17/000527/20260317002113/00591.htm,20260317000527,20260317000501
2026H1reg,로봇,아진전자부품,유가증권,20260317,1,1,로봇 부품 제조 및 판매업,사업목적추가,https://kind.krx.co.kr/external/2026/03/17/000481/20260317001855/00591.htm,20260317000481,20260317000465
2026H1reg,교육,갤럭시아에스엠,유가증권,20260317,2,5,"광고대행 및 광고제작업 ~64. 학원 운영업 | 자회사 등의 업무를 지원하기 위한 자금지원, 전산지원, 교육서비스 및 경영컨설팅업",사업다각화,https://kind.krx.co.kr/external/2026/03/17/000427/20260317001651/00591.htm,20260317000427,20260317000418
2026H1reg,신재생·에너지·전력,일진파워,코스닥,20260317,7,9,"전기사업법에 따른 발전사업 및 전력의 생산·공급·판매업 | 열병합발전 및 전력·열의 생산, 공급 및 판매업 | 집단에너지사업법에 따른 집단에너지 공급사업 | 신재생에너지(태양광, 수력, 풍력, 조력 일체) 발전사업 및 발전설비의 설치, 운영 임대 및 유지관리업 | 신재생에너지 공급인증서(REC)의 취득 및 거래업 | 발전소의 설계, 시공(EPC) 및 운영·유지관리(O&M) 사업 | 발전사업 관련 투자, 출자, SPC 설립 및 운영","사업목적 추가 : 변경 전의 항과 더불어, 20항~28항까지의 관련된 사업을 추가함으로서사업 목적의 확장",https://kind.krx.co.kr/external/2026/03/17/000341/20260317001335/00591.htm,20260317000341,20260317000340
2026H1reg,부동산·임대·건설,일진파워,코스닥,20260317,1,9,"부동산의 취득, 임대, 관리 및 처분에 관한 사업","사업목적 추가 : 변경 전의 항과 더불어, 20항~28항까지의 관련된 사업을 추가함으로서사업 목적의 확장",https://kind.krx.co.kr/external/2026/03/17/000341/20260317001335/00591.htm,20260317000341,20260317000340
2026H1reg,클라우드·SW·빅데이터,글로본,코스닥,20260317,4,20,클라우드 컴퓨팅 등 부가통신 서비스 | 헬스케어 데이터 플랫폼 사업 | 헬스케어 데이터베이스 및 온라인정보제공 사업 | 헬스케어 데이터 분석 외주용역 사업,사업 다각화,https://kind.krx.co.kr/external/2026/03/16/002587/20260316007273/00591.htm,20260316002587,20260316001621
2026H1reg,바이오·헬스케어,글로본,코스닥,20260317,12,20,"비대면의료 솔루션 개발 및 관련 서비스 제공 | 비대면의료 디바이스 인증, 판매, 리스 사업 | 헬스케어 데이터 플랫폼 사업 | 헬스케어 데이터베이스 및 온라인정보제공 사업 | 지식정보서비스(CDRS, Collaborative Digital Reference Service), 건강기록시스템(PHR, Personal Health Record) 등 의료정보화 관련 개발 및 관련 서비스 제공 | 병원정보시스템(Hospital Information System) 개발, 컨설팅, 유지보수 등 | 디지털 호스피털(Digital Hospital) 수출 등 병원정보시스템의 국내외 판매 사업 | 엔에프씨(NFC, Near Field Communication) 통합 진료, 신용카드 및 엔에프씨(NFC, Near Field C",사업 다각화,https://kind.krx.co.kr/external/2026/03/16/002587/20260316007273/00591.htm,20260316002587,20260316001621
2026H1reg,교육,글로본,코스닥,20260317,1,20,정보서비스에 관한 컨설팅 서비스 및 교육 서비스,사업 다각화,https://kind.krx.co.kr/external/2026/03/16/002587/20260316007273/00591.htm,20260316002587,20260316001621
2026H1reg,반도체,넥스턴앤롤코리아,코스닥,20260317,1,4,반도체 장비 부품제조업,사업다각화로 인한 신규사업 추가,https://kind.krx.co.kr/external/2026/03/16/002559/20260316007203/00591.htm,20260316002559,20260316001599
2026H1reg,화장품·뷰티,에스팀,코스닥,20260316,1,2,"패션, 뷰티 및 라이프스타일 상품의 국내외 유통업",- 정관 내 사업목적 추가 - 회사의 사업영역 확대 및 글로벌 유통 등 신규 사업 추진에 대비하여 사업목적을 추가하고자 함,https://kind.krx.co.kr/external/2026/03/16/002521/20260316007091/00591.htm,20260316002521,20260316001565
2026H1reg,AI(인공지능),마이크로디지탈,코스닥,20260316,1,8,인공지능(AI) 기반 바이오 공정 플랫폼 개발 판매업,사업영역 확장에 따른 사업목적 추가,https://kind.krx.co.kr/external/2026/03/16/002511/20260316007067/00591.htm,20260316002511,20260316001556
2026H1reg,로봇,마이크로디지탈,코스닥,20260316,1,8,실험실 자동화 로봇 및 시스템의 개발·제조·판매 및 서비스업,사업영역 확장에 따른 사업목적 추가,https://kind.krx.co.kr/external/2026/03/16/002511/20260316007067/00591.htm,20260316002511,20260316001556
2026H1reg,클라우드·SW·빅데이터,마이크로디지탈,코스닥,20260316,2,8,인공지능(AI) 기반 바이오 공정 플랫폼 개발 판매업 | 클라우드 기반 바이오 공정 데이터 분석 및 운영관리 서비스업,사업영역 확장에 따른 사업목적 추가,https://kind.krx.co.kr/external/2026/03/16/002511/20260316007067/00591.htm,20260316002511,20260316001556
2026H1reg,바이오·헬스케어,마이크로디지탈,코스닥,20260316,5,8,인공지능(AI) 기반 바이오 공정 플랫폼 개발 판매업 | 클라우드 기반 바이오 공정 데이터 분석 및 운영관리 서비스업 | 의료·바이오 관련 기술 용역 및 컨설팅 서비스업 | 건강기능식품 제조 판매업 | 생명공학 및 바이오 관련 장비 임대업,사업영역 확장에 따른 사업목적 추가,https://kind.krx.co.kr/external/2026/03/16/002511/20260316007067/00591.htm,20260316002511,20260316001556
2026H1reg,부동산·임대·건설,마이크로디지탈,코스닥,20260316,1,8,부동산 임대업,사업영역 확장에 따른 사업목적 추가,https://kind.krx.co.kr/external/2026/03/16/002511/20260316007067/00591.htm,20260316002511,20260316001556
2026H1reg,화장품·뷰티,마이크로디지탈,코스닥,20260316,1,8,화장품 및 화장품 원재료 개발·제조·판매업,사업영역 확장에 따른 사업목적 추가,https://kind.krx.co.kr/external/2026/03/16/002511/20260316007067/00591.htm,20260316002511,20260316001556
2026H1reg,식품·농업·외식,마이크로디지탈,코스닥,20260316,1,8,건강기능식품 제조 판매업,사업영역 확장에 따른 사업목적 추가,https://kind.krx.co.kr/external/2026/03/16/002511/20260316007067/00591.htm,20260316002511,20260316001556
2026H1reg,반도체,삼진엘앤디,코스닥,20260316,2,6,기타 반도체 소자 제조업 | 반도체 제조용 기계 제조업,사업 다각화 및 신규 수익원 창출을 위한 사업 목적 추가,https://kind.krx.co.kr/external/2026/03/16/002476/20260316007000/00591.htm,20260316002476,20260316001536
2026H1reg,화장품·뷰티,셀바이오휴먼텍,코스닥,20260316,1,2,"미용기기 제조 및 도,소매업",신규 사업 및 다각화,https://kind.krx.co.kr/external/2026/03/16/002465/20260316006970/00591.htm,20260316002465,20260316001524
2026H1reg,AI(인공지능),피아이이,코스닥,20260316,1,1,"AI 및 로보틱스, 피지컬 AI 관련 제조업 및 유통업",목적사업 추가,https://kind.krx.co.kr/external/2026/03/16/002418/20260316006869/00591.htm,20260316002418,20260316001497
2026H1reg,로봇,피아이이,코스닥,20260316,1,1,"AI 및 로보틱스, 피지컬 AI 관련 제조업 및 유통업",목적사업 추가,https://kind.krx.co.kr/external/2026/03/16/002418/20260316006869/00591.htm,20260316002418,20260316001497
2026H1reg,투자·금융,티피씨글로벌,코스닥,20260316,1,1,"⑤ 국공채 등 채권, 주식 및 펀드 투자업 (2026.03.26. 신설)",제5호 : 사업역량 확대,https://kind.krx.co.kr/external/2026/03/16/002263/20260316006455/00591.htm,20260316002263,20260316001400
2026H1reg,AI(인공지능),다보링크,코스닥,20260316,3,12,"휴머노이드 및 피지컬 인공지능(Physical AI), 인공지능(AI), 머신러닝 및 딥러닝 기반 기술 및 AI 에이전트 개발 및 유통업 | IoT, 센서, 제어시스템 및 AI 반도체 등 첨단기술 개발업 | AI 및 로봇 기반 플랫폼 서비스 및 로봇 렌탈·구독 서비스업",신규사업 추진으로 인한 사업목적 추가,https://kind.krx.co.kr/external/2026/03/16/002166/20260316006190/00591.htm,20260316002166,20260316001347
2026H1reg,로봇,다보링크,코스닥,20260316,3,12,"휴머노이드 및 피지컬 인공지능(Physical AI), 인공지능(AI), 머신러닝 및 딥러닝 기반 기술 및 AI 에이전트 개발 및 유통업 | 산업용·서비스용 로봇 및 지능형 로봇 시스템의 개발, 제조, 유통 및 판매업 | AI 및 로봇 기반 플랫폼 서비스 및 로봇 렌탈·구독 서비스업",신규사업 추진으로 인한 사업목적 추가,https://kind.krx.co.kr/external/2026/03/16/002166/20260316006190/00591.htm,20260316002166,20260316001347
2026H1reg,클라우드·SW·빅데이터,다보링크,코스닥,20260316,1,12,AI 및 로봇 기반 플랫폼 서비스 및 로봇 렌탈·구독 서비스업,신규사업 추진으로 인한 사업목적 추가,https://kind.krx.co.kr/external/2026/03/16/002166/20260316006190/00591.htm,20260316002166,20260316001347
2026H1reg,반도체,다보링크,코스닥,20260316,1,12,"IoT, 센서, 제어시스템 및 AI 반도체 등 첨단기술 개발업",신규사업 추진으로 인한 사업목적 추가,https://kind.krx.co.kr/external/2026/03/16/002166/20260316006190/00591.htm,20260316002166,20260316001347
2026H1reg,방산,다보링크,코스닥,20260316,3,12,"방위산업 물자, 기술, 군용 총포 및 화약류 등의 수출입업 | 미사일 개발 사업 | 미사일 창정비,MRO등 유지 보수 정비업",신규사업 추진으로 인한 사업목적 추가,https://kind.krx.co.kr/external/2026/03/16/002166/20260316006190/00591.htm,20260316002166,20260316001347
2026H1reg,우주항공,다보링크,코스닥,20260316,3,12,"항공기 관련 구성품, 기술 등의 수출입업 | 항공기 개발 및 정비업 | 무인항공기 개발 및 정비업",신규사업 추진으로 인한 사업목적 추가,https://kind.krx.co.kr/external/2026/03/16/002166/20260316006190/00591.htm,20260316002166,20260316001347
2026H1reg,드론·UAM,다보링크,코스닥,20260316,2,12,"무인항공기 개발 및 정비업 | 드론 및 안티드론 시스템 및 고주파(RF)·통신 기반 드론 대응 기술 및 장비의 개발, 제조, 유통 및 판매업",신규사업 추진으로 인한 사업목적 추가,https://kind.krx.co.kr/external/2026/03/16/002166/20260316006190/00591.htm,20260316002166,20260316001347
2026H1reg,클라우드·SW·빅데이터,피플바이오,코스닥,20260316,3,13,"소프트웨어 개발 및 공급업 | 소프트웨어 개발용역 제공업 | 컴퓨터 및 주변장치, 소프트웨어 도매업, 수출업대행 및 무역업",신규사업 추진을 위한 사업목적 추가,https://kind.krx.co.kr/external/2026/03/16/002115/20260316006065/00591.htm,20260316002115,20260316001318
2026H1reg,반도체,피플바이오,코스닥,20260316,1,13,반도체장비 제조 및 서비스,신규사업 추진을 위한 사업목적 추가,https://kind.krx.co.kr/external/2026/03/16/002115/20260316006065/00591.htm,20260316002115,20260316001318
2026H1reg,부동산·임대·건설,피플바이오,코스닥,20260316,3,13,부동산임대 | 부동산 개발업 | 기타 부동산 개발 및 공급업,신규사업 추진을 위한 사업목적 추가,https://kind.krx.co.kr/external/2026/03/16/002115/20260316006065/00591.htm,20260316002115,20260316001318
2026H1reg,교육,피플바이오,코스닥,20260316,1,13,교육사업,신규사업 추진을 위한 사업목적 추가,https://kind.krx.co.kr/external/2026/03/16/002115/20260316006065/00591.htm,20260316002115,20260316001318
2026H1reg,AI(인공지능),네오리진,코스닥,20260316,1,4,"인공지능 및 데이터 인프라 관련 사업(AI, 데이터센터 및 관련 서비스의 개발, 제공, 운영 포함)",신규사업 추진을 위한 사업목적 추가,https://kind.krx.co.kr/external/2026/03/16/002059/20260316005928/00591.htm,20260316002059,20260316001293
2026H1reg,데이터센터,네오리진,코스닥,20260316,1,4,"인공지능 및 데이터 인프라 관련 사업(AI, 데이터센터 및 관련 서비스의 개발, 제공, 운영 포함)",신규사업 추진을 위한 사업목적 추가,https://kind.krx.co.kr/external/2026/03/16/002059/20260316005928/00591.htm,20260316002059,20260316001293
2026H1reg,디지털자산·블록체인·STO(스테이블코인),네오리진,코스닥,20260316,1,4,"국내 또는 해외 자산(가상 자산 및 디지털 자산을 포함함)의 취득, 보유, 매각 등 관련 투자사업",신규사업 추진을 위한 사업목적 추가,https://kind.krx.co.kr/external/2026/03/16/002059/20260316005928/00591.htm,20260316002059,20260316001293
2026H1reg,엔터·콘텐츠·게임,네오리진,코스닥,20260316,1,4,"콘텐츠 및 지식재산권의 창작, 취득, 라이선스, 유통 관련 사업",신규사업 추진을 위한 사업목적 추가,https://kind.krx.co.kr/external/2026/03/16/002059/20260316005928/00591.htm,20260316002059,20260316001293
2026H1reg,클라우드·SW·빅데이터,골드앤에스,코스닥,20260316,1,13,컴퓨터프로그램 및 소프트웨어 제작 공급,사업목적 추가 및 명칭변경,https://kind.krx.co.kr/external/2026/03/16/002057/20260316005925/00591.htm,20260316002057,20260316001294
2026H1reg,교육,골드앤에스,코스닥,20260316,3,13,"교육 연구 | 번역 및 통역 교육 서비스 | 영상제작, 교육 씨디 영상 제작 및 판매",사업목적 추가 및 명칭변경,https://kind.krx.co.kr/external/2026/03/16/002057/20260316005925/00591.htm,20260316002057,20260316001294
2026H1reg,엔터·콘텐츠·게임,LSK아이로봇,코스닥,20260316,2,2,"디지털콘텐츠 제작 및 유통업 | 뉴미디어 및 특수콘텐츠 제작업 및 그와 관련된 유통,서비스업",신규사업 영위를 위한 사업목적추가,https://kind.krx.co.kr/external/2026/03/16/002040/20260316005893/00591.htm,20260316002040,20260316001283
2026H1reg,데이터센터,TS트릴리온,코스닥,20260316,5,9,"데이터센터 관련 시설·설비의 유지보수, 관리, 안전진단 및 기술용역업 | 데이터센터 임대업(코로케이션/서버랙·상면·전산공간 임대 포함) 및 부대서비스업 | 데이터센터용 부동산 개발, 매매, 임대 및 관리업 | 데이터센터 구축 프로젝트 관리(PM), 컨설팅, 엔지니어링 및 기술자문업 | 데이터센터 관련 사업에 대한 투자, 출자, 지분취득 및 그 부대사업",사업다각화,https://kind.krx.co.kr/external/2026/03/16/002036/20260316005882/00591.htm,20260316002036,20260316001282
2026H1reg,클라우드·SW·빅데이터,TS트릴리온,코스닥,20260316,1,9,"클라우드컴퓨팅, 호스팅, 데이터 저장·처리 및 관련 서비스 제공업",사업다각화,https://kind.krx.co.kr/external/2026/03/16/002036/20260316005882/00591.htm,20260316002036,20260316001282
2026H1reg,신재생·에너지·전력,TS트릴리온,코스닥,20260316,1,9,"에너지관리(EMS), 전력·냉각 효율화 솔루션 제공 및 관련 설비 운영업",사업다각화,https://kind.krx.co.kr/external/2026/03/16/002036/20260316005882/00591.htm,20260316002036,20260316001282
2026H1reg,부동산·임대·건설,TS트릴리온,코스닥,20260316,1,9,"데이터센터용 부동산 개발, 매매, 임대 및 관리업",사업다각화,https://kind.krx.co.kr/external/2026/03/16/002036/20260316005882/00591.htm,20260316002036,20260316001282
2026H1reg,AI(인공지능),모아라이프플러스,코스닥,20260316,3,22,인공지능(AI) 데이터센터 구축 및 운영업 | AI 플랫폼 개발 및 서비스업 | 인공지능 소프트웨어 개발 및 공급업,사업다각화 및 신사업 영위 근거마련,https://kind.krx.co.kr/external/2026/03/16/001808/20260316005322/00591.htm,20260316001808,20260316001156
2026H1reg,데이터센터,모아라이프플러스,코스닥,20260316,2,22,인공지능(AI) 데이터센터 구축 및 운영업 | 데이터센터 장비 및 컴퓨팅 장비 판매 및 임대업,사업다각화 및 신사업 영위 근거마련,https://kind.krx.co.kr/external/2026/03/16/001808/20260316005322/00591.htm,20260316001808,20260316001156
2026H1reg,클라우드·SW·빅데이터,모아라이프플러스,코스닥,20260316,6,22,"AI 플랫폼 개발 및 서비스업 | 인공지능 소프트웨어 개발 및 공급업 | 시스템 소프트웨어 및 응용 소프트웨어 개발업 | 데이터 처리, 데이터 분석 및 데이터베이스 서비스업 | 빅데이터 분석 및 데이터 플랫폼 서비스업 | 전자상거래 플랫폼 개발 및 운영업",사업다각화 및 신사업 영위 근거마련,https://kind.krx.co.kr/external/2026/03/16/001808/20260316005322/00591.htm,20260316001808,20260316001156
2026H1reg,전자지급·결제(PG·선불),모아라이프플러스,코스닥,20260316,2,22,온라인 결제대행(Payment Gateway) 서비스업 | 전자지급결제대행업 및 관련 솔루션 개발업,사업다각화 및 신사업 영위 근거마련,https://kind.krx.co.kr/external/2026/03/16/001808/20260316005322/00591.htm,20260316001808,20260316001156
2026H1reg,바이오·헬스케어,모아라이프플러스,코스닥,20260316,1,22,미용기기 및 헬스케어 기기 제조 및 판매업,사업다각화 및 신사업 영위 근거마련,https://kind.krx.co.kr/external/2026/03/16/001808/20260316005322/00591.htm,20260316001808,20260316001156
2026H1reg,화장품·뷰티,모아라이프플러스,코스닥,20260316,1,22,미용기기 및 헬스케어 기기 제조 및 판매업,사업다각화 및 신사업 영위 근거마련,https://kind.krx.co.kr/external/2026/03/16/001808/20260316005322/00591.htm,20260316001808,20260316001156
2026H1reg,신재생·에너지·전력,SFA넥셀,코스닥,20260316,1,2,태양광 에너지를 이용한 발전 및 에너지화 사업,- 향후 신규 사업 추진을 위한 법적 근거 확보,https://kind.krx.co.kr/external/2026/03/16/001673/20260316005014/00591.htm,20260316001673,20260316001101
2026H1reg,클라우드·SW·빅데이터,이오테크닉스,코스닥,20260316,1,10,소프트웨어 제작 및 판매업,업종추가,https://kind.krx.co.kr/external/2026/03/16/001661/20260316004975/00591.htm,20260316001661,20260316001091
2026H1reg,엔터·콘텐츠·게임,이오테크닉스,코스닥,20260316,3,10,"매니지먼트업 / 광고대행업 | 방송 프로그램 제작업 / 비디오물 제작업 | 음악제작, 음반제작, 음악 및 음반유통업",업종추가,https://kind.krx.co.kr/external/2026/03/16/001661/20260316004975/00591.htm,20260316001661,20260316001091
2026H1reg,식품·농업·외식,이오테크닉스,코스닥,20260316,1,10,휴게 및 일반음식점업,업종추가,https://kind.krx.co.kr/external/2026/03/16/001661/20260316004975/00591.htm,20260316001661,20260316001091
2026H1reg,반도체,휴마시스,코스닥,20260316,1,2,반도체 소재 및 장비업,사업목적 추가,https://kind.krx.co.kr/external/2026/03/16/001643/20260316004947/00591.htm,20260316001643,20260316001079
2026H1reg,반도체,미래아이앤지,유가증권,20260316,1,2,반도체 소재 및 장비업,- 사업목적 추가,https://kind.krx.co.kr/external/2026/03/16/001601/20260316004851/00591.htm,20260316001601,20260316001052
2026H1reg,AI(인공지능),비비안,유가증권,20260316,1,13,"국방용 소프트웨어, 인공지능, 정보보호, 사이버보안, 지휘통제, 시뮬레이터 및 교육훈련체계의 개발, 구축, 운영 및 서비스업",신규사업영역 확대 및 미래 성장기반 확보,https://kind.krx.co.kr/external/2026/03/16/001543/20260316004693/00591.htm,20260316001543,20260316001019
2026H1reg,클라우드·SW·빅데이터,비비안,유가증권,20260316,2,13,"스마트그리드, 마이크로그리드, 가상발전소(VPP), 수요관리(DR), 전력거래·전력중개 플랫폼 및 관련 소프트웨어·시스템의 개발, 구축, 운영 및 서비스업 | 국방용 소프트웨어, 인공지능, 정보보호, 사이버보안, 지휘통제, 시뮬레이터 및 교육훈련체계의 개발, 구축, 운영 및 서비스업",신규사업영역 확대 및 미래 성장기반 확보,https://kind.krx.co.kr/external/2026/03/16/001543/20260316004693/00591.htm,20260316001543,20260316001019
2026H1reg,방산,비비안,유가증권,20260316,5,13,"방산물자, 군수품, 국방과학기술 및 관련 장비·부품·소재의 연구, 개발, 설계, 제조, 조립, 정비, 성능개량, 판매, 임대 및 유지보수업 | 국방용 소프트웨어, 인공지능, 정보보호, 사이버보안, 지휘통제, 시뮬레이터 및 교육훈련체계의 개발, 구축, 운영 및 서비스업 | 방산물자 및 국방과학기술의 수출입업, 판매업, 대리업, 중개업, 무역업 및 기술도입·기술이전·라이선스업 | 군납, 정부조달, 해외조달, 절충교역, 현지생산, 공동개발 및 후속군수지원 사업 | 전력산업 및 방위산업과 관련한 투자, 출자, 지분취득, 합작투자, 자산취득, 사업양수도 및 해외법인 설립·운영업",신규사업영역 확대 및 미래 성장기반 확보,https://kind.krx.co.kr/external/2026/03/16/001543/20260316004693/00591.htm,20260316001543,20260316001019
2026H1reg,우주항공,비비안,유가증권,20260316,1,13,"지상, 해상, 항공, 우주, 무인체계, 전자·통신·감시정찰·항법·유도·제어·전원공급 장비 및 관련 시스템의 연구, 개발, 설계, 제조, 조립, 정비, 판매 및 유지보수업",신규사업영역 확대 및 미래 성장기반 확보,https://kind.krx.co.kr/external/2026/03/16/001543/20260316004693/00591.htm,20260316001543,20260316001019
2026H1reg,2차전지·배터리,비비안,유가증권,20260316,1,13,"에너지저장장치(ESS), 배터리시스템, 전력변환장치(PCS), 에너지관리시스템(EMS), 배터리관리시스템(BMS) 및 관련 장비·부품·소재의 개발, 설계, 제조, 조립, 설치, 판매, 임대, 운영 및 유지보수업",신규사업영역 확대 및 미래 성장기반 확보,https://kind.krx.co.kr/external/2026/03/16/001543/20260316004693/00591.htm,20260316001543,20260316001019
2026H1reg,신재생·에너지·전력,비비안,유가증권,20260316,8,13,"전력의 생산, 저장, 공급, 판매 및 거래 관련 사업 | 에너지저장장치(ESS), 배터리시스템, 전력변환장치(PCS), 에너지관리시스템(EMS), 배터리관리시스템(BMS) 및 관련 장비·부품·소재의 개발, 설계, 제조, 조립, 설치, 판매, 임대, 운영 및 유지보수업 | 변압기, 개폐기, 차단기, 보호계전기, 배전반, 수배전반, 전력케이블, 송배전기자재 및 기타 전력기기·전기기기의 개발, 설계, 제조, 조립, 설치, 판매, 임대, 운영 및 유지보수업 | 송전, 변전, 배전, 전력저장, 충전인프라 및 기타 전력설비의 개발, 설계, 엔지니어링, 조달, 시공, 감리, 운영 및 유지보수업 | 스마트그리드, 마이크로그리드, 가상발전소(VPP), 수요관리(DR), 전력거래·전력중개 플랫폼 및 관련 소프트웨어·시스템의 ",신규사업영역 확대 및 미래 성장기반 확보,https://kind.krx.co.kr/external/2026/03/16/001543/20260316004693/00591.htm,20260316001543,20260316001019
2026H1reg,교육,비비안,유가증권,20260316,2,13,"전력설비, 전기설비 및 에너지 관련 시설물의 기술용역, 엔지니어링, 컨설팅, 시험, 검사, 인증, 교육 및 연구개발업 | 국방용 소프트웨어, 인공지능, 정보보호, 사이버보안, 지휘통제, 시뮬레이터 및 교육훈련체계의 개발, 구축, 운영 및 서비스업",신규사업영역 확대 및 미래 성장기반 확보,https://kind.krx.co.kr/external/2026/03/16/001543/20260316004693/00591.htm,20260316001543,20260316001019
2026H1reg,신재생·에너지·전력,다산솔루에타,코스닥,20260316,1,2,태양광발전업,목적사업 추가,https://kind.krx.co.kr/external/2026/03/16/001520/20260316004614/00591.htm,20260316001520,20260316001000
2026H1reg,모빌리티·전기차·자율주행,다산솔루에타,코스닥,20260316,1,2,"자동차부품 및 전장품 제조, 임가공 및 판매업",목적사업 추가,https://kind.krx.co.kr/external/2026/03/16/001520/20260316004614/00591.htm,20260316001520,20260316001000
2026H1reg,모빌리티·전기차·자율주행,넥사다이내믹스,코스닥,20260316,1,3,"(전기) 자동차부품 제조, 도ㆍ소매 및 수출입업",사업목적 추가,https://kind.krx.co.kr/external/2026/03/16/001381/20260316004283/00591.htm,20260316001381,20260316000920
2026H1reg,엔터·콘텐츠·게임,알비더블유,코스닥,20260316,1,1,광고 영화 및 비디오물 제작업,정부지원 사업 영위,https://kind.krx.co.kr/external/2026/03/16/001339/20260316004157/00591.htm,20260316001339,20260316000903
2026H1reg,클라우드·SW·빅데이터,HLB,코스닥,20260316,1,16,"제약·바이오·헬스케어 분야와 관련된 기술이전, 지식재산권의 취득·관리·라이선스, 정보통신기술 개발, 플랫폼 운영 및 관련 컨설팅업",종속회사 합병과 및 분할에 따른 변경,https://kind.krx.co.kr/external/2026/03/16/001328/20260316004141/00591.htm,20260316001328,20260316000897
2026H1reg,바이오·헬스케어,HLB,코스닥,20260316,11,16,"의학, 생명공학, 분자생물학, 유전자·단백질공학 등을 포함한 제약·바이오 분야의 연구,개발 및 연구용역 수탁업 | 의약품, 원료의약품, 바이오의약품, 세포·유전자치료제, 생물학적 제제 등 제약·바이오 관련 물질의 연구, 개발, 제조, 보관 및 판매업 | 의료기기, 체외진단기기, 진단시약, 의료용품, 헬스케어 기기 및 관련 제품 등의 연구, 개발, 제조, 판매업 및 임대업 | 의약품, 바이오의약품과 관련된 임상시험 및 비임상시험, 분석, 통계, 자문 및 대행 서비스, 병원·의료기관 운영 지원 및 디지털 헬스케어 사업 | 제약·바이오·헬스케어 분야와 관련된 기계장치 개발 및 판매업 | 의료기기 및 헬스케어 제품과 관련된 임상시험 및 비임상시험, 분석, 통계, 자문 및 대행 서비스, 병원·의료기관 운영 지원 및 ",종속회사 합병과 및 분할에 따른 변경,https://kind.krx.co.kr/external/2026/03/16/001328/20260316004141/00591.htm,20260316001328,20260316000897
2026H1reg,신재생·에너지·전력,HLB,코스닥,20260316,1,16,"환경,신재생에너지 발전사업 및 전력의 생산·판매업",종속회사 합병과 및 분할에 따른 변경,https://kind.krx.co.kr/external/2026/03/16/001328/20260316004141/00591.htm,20260316001328,20260316000897
2026H1reg,부동산·임대·건설,HLB,코스닥,20260316,1,16,부동산 임대 및 매매업,종속회사 합병과 및 분할에 따른 변경,https://kind.krx.co.kr/external/2026/03/16/001328/20260316004141/00591.htm,20260316001328,20260316000897
2026H1reg,화장품·뷰티,HLB,코스닥,20260316,4,16,"건강기능식품, 식품, 화장품 및 헬스케어 관련 소비재의 연구, 개발, 제조 및 판매업 | 화장품, 위생용품 등의 제조, 판매, 도소매업 | 미용기기 및 이·미용기구의 제조 및 판매 업 | 인터넷 헬스케어비지니스 및 인터넷 관련 전자상거래(의약품, 부외품, 의료기기, 화장품, 식품, 생활용품 등)",종속회사 합병과 및 분할에 따른 변경,https://kind.krx.co.kr/external/2026/03/16/001328/20260316004141/00591.htm,20260316001328,20260316000897
2026H1reg,식품·농업·외식,HLB,코스닥,20260316,2,16,"건강기능식품, 식품, 화장품 및 헬스케어 관련 소비재의 연구, 개발, 제조 및 판매업 | 인터넷 헬스케어비지니스 및 인터넷 관련 전자상거래(의약품, 부외품, 의료기기, 화장품, 식품, 생활용품 등)",종속회사 합병과 및 분할에 따른 변경,https://kind.krx.co.kr/external/2026/03/16/001328/20260316004141/00591.htm,20260316001328,20260316000897
2026H1reg,탄소·환경,HLB,코스닥,20260316,1,16,"환경,신재생에너지 발전사업 및 전력의 생산·판매업",종속회사 합병과 및 분할에 따른 변경,https://kind.krx.co.kr/external/2026/03/16/001328/20260316004141/00591.htm,20260316001328,20260316000897
2026H1reg,클라우드·SW·빅데이터,푸드나무,코스닥,20260316,2,9,시스템소프트웨어 개발 및 공급업 | 응용소프트웨어 개발 및 공급업,신사업 확장,https://kind.krx.co.kr/external/2026/03/16/001241/20260316003902/00591.htm,20260316001241,20260316000850
2026H1reg,바이오·헬스케어,푸드나무,코스닥,20260316,4,9,"건강기능식품 제조, 판매 및 중개업 | 의약품 제조, 판매 및 중개업 | 연구용,질병진단용 바이오칩 및 진단기기 제조업 | 연구용, 질병진단용 바이오칩 및 진단기기 판매(도,소매업)",신사업 확장,https://kind.krx.co.kr/external/2026/03/16/001241/20260316003902/00591.htm,20260316001241,20260316000850
2026H1reg,식품·농업·외식,푸드나무,코스닥,20260316,3,9,"축산물 판매 및 중개업 | 축산, 축산물가공, 식품위생 관련 컨설팅업 | 건강기능식품 제조, 판매 및 중개업",신사업 확장,https://kind.krx.co.kr/external/2026/03/16/001241/20260316003902/00591.htm,20260316001241,20260316000850
2026H1reg,AI(인공지능),위너스일렉,코스닥,20260316,1,1,AI(인공지능)를 적용한 제품 제조 및 판매업,목적사업 추가,https://kind.krx.co.kr/external/2026/03/16/000986/20260316003196/00591.htm,20260316000986,20260316000713
2026H1reg,바이오·헬스케어,제이아이테크,코스닥,20260316,1,3,폐기물 종합재활용업,사업다각화 및 확대를 위한 목적사업 추가,https://kind.krx.co.kr/external/2026/03/16/000930/20260316003047/00591.htm,20260316000930,20260316000684
2026H1reg,신재생·에너지·전력,제이아이테크,코스닥,20260316,1,3,태양광 및 도시광산업 등 신재생에너지 관련 사업,사업다각화 및 확대를 위한 목적사업 추가,https://kind.krx.co.kr/external/2026/03/16/000930/20260316003047/00591.htm,20260316000930,20260316000684
2026H1reg,희토류·핵심광물·소재,제이아이테크,코스닥,20260316,1,3,태양광 및 도시광산업 등 신재생에너지 관련 사업,사업다각화 및 확대를 위한 목적사업 추가,https://kind.krx.co.kr/external/2026/03/16/000930/20260316003047/00591.htm,20260316000930,20260316000684
2026H1reg,탄소·환경,제이아이테크,코스닥,20260316,2,3,"폐기물 종합재활용업 | 폐기물 수집, 운반, 처리 이용업",사업다각화 및 확대를 위한 목적사업 추가,https://kind.krx.co.kr/external/2026/03/16/000930/20260316003047/00591.htm,20260316000930,20260316000684
2026H1reg,엔터·콘텐츠·게임,노타,코스닥,20260316,1,4,통신 및 방송 장비 제조업,사업 다변화를 위한 사업목적 추가,https://kind.krx.co.kr/external/2026/03/16/000843/20260316002844/00591.htm,20260316000843,20260316000622
2026H1reg,신재생·에너지·전력,HC홈센타,코스닥,20260316,2,2,태양광발전사업 | 기타 신재생에너지에 의한 발전사업 42,- 사업 목적의 추가,https://kind.krx.co.kr/external/2026/03/16/000751/20260316002599/00591.htm,20260316000751,20260316000548
2026H1reg,반도체,에이팩트,코스닥,20260316,1,2,"반도체 제조 관련 재료, 장비, 부품과 기타 관련 상품 중개업",사업 목적 추가,https://kind.krx.co.kr/external/2026/03/16/000691/20260316002410/00591.htm,20260316000691,20260316000506
2026H1reg,엔터·콘텐츠·게임,스타코링크,코스닥,20260316,3,4,"대중문화예술기획업, 연예기획업, 이벤트대행업, 사진촬영업, 공연시설운용업, 공연연출기획업 | 영화, 음악 등 영상, 음성 매체의 보관 장치 기획, 제작, 디지털 파일의 녹음, 녹화 기획, 제작업 | 디지털컨텐츠 제작, 판매, 유지보수, 컨설팅",미영위 사업목적 삭제 및 항목 정렬,https://kind.krx.co.kr/external/2026/03/16/000682/20260316002367/00591.htm,20260316000682,20260316000500
2026H1reg,2차전지·배터리,엔시스,코스닥,20260316,3,5,"전기자동차 배터리 설비 제조 및 판매업 | 에너지저장장비 제조 및 판매업 | 이차전지 소재, 부품, 시스템 제조 개발 및 판매업","5항~11항 포메이션, 믹싱사업부 신설로 인한 사업의 목적 추가",https://kind.krx.co.kr/external/2026/03/16/000674/20260316002345/00591.htm,20260316000674,20260316000494
2026H1reg,신재생·에너지·전력,엔시스,코스닥,20260316,1,5,신재생에너지 설비 제조 및 판매업,"5항~11항 포메이션, 믹싱사업부 신설로 인한 사업의 목적 추가",https://kind.krx.co.kr/external/2026/03/16/000674/20260316002345/00591.htm,20260316000674,20260316000494
2026H1reg,모빌리티·전기차·자율주행,엔시스,코스닥,20260316,1,5,전기자동차 배터리 설비 제조 및 판매업,"5항~11항 포메이션, 믹싱사업부 신설로 인한 사업의 목적 추가",https://kind.krx.co.kr/external/2026/03/16/000674/20260316002345/00591.htm,20260316000674,20260316000494
2026H1reg,클라우드·SW·빅데이터,아이에스티이,코스닥,20260316,1,3,"컴퓨터 및 주변장치, 소프트웨어 도·소매업",AI 데이터센타 시장 진출,https://kind.krx.co.kr/external/2026/03/16/000673/20260316002344/00591.htm,20260316000673,20260316000493
2026H1reg,탄소·환경,서울평가정보,코스닥,20260316,1,1,"환경컨설팅, 지속가능경영, ESG 및 녹색금융관련 자문업",사업 목적 추가 및 조문번호 수정,https://kind.krx.co.kr/external/2026/03/16/000549/20260316001964/00591.htm,20260316000549,20260316000416
2026H1reg,희토류·핵심광물·소재,청담글로벌,코스닥,20260316,1,1,희토류 네오디뮴 자석 유통업,사업목적 추가,https://kind.krx.co.kr/external/2026/03/16/000533/20260316001918/00591.htm,20260316000533,20260316000404
2026H1reg,바이오·헬스케어,에스지헬스케어,코스닥,20260316,1,2,"의료관광업 16, 부동산 개발, 매매 및 임대사업",사업다각화를 위한 사업목적추가,https://kind.krx.co.kr/external/2026/03/16/000403/20260316001541/00591.htm,20260316000403,20260316000325
2026H1reg,부동산·임대·건설,에스지헬스케어,코스닥,20260316,1,2,"의료관광업 16, 부동산 개발, 매매 및 임대사업",사업다각화를 위한 사업목적추가,https://kind.krx.co.kr/external/2026/03/16/000403/20260316001541/00591.htm,20260316000403,20260316000325
2026H1reg,방산,수산아이앤티,코스닥,20260316,1,2,방산 사업,신규 사업목적 추가함.,https://kind.krx.co.kr/external/2026/03/16/000386/20260316001477/00591.htm,20260316000386,20260316000313
2026H1reg,우주항공,수산아이앤티,코스닥,20260316,1,2,항공우주 사업,신규 사업목적 추가함.,https://kind.krx.co.kr/external/2026/03/16/000386/20260316001477/00591.htm,20260316000386,20260316000313
2026H1reg,2차전지·배터리,진시스템,코스닥,20260316,1,23,"재생에너지(태양광, 풍력, 에너지저장장치) 발전사업",신규사업 추진을 위한 사업목적 추가,https://kind.krx.co.kr/external/2026/03/16/000382/20260316001470/00591.htm,20260316000382,20260316000308
2026H1reg,신재생·에너지·전력,진시스템,코스닥,20260316,2,23,"재생에너지(태양광, 풍력, 에너지저장장치) 발전사업 | 재생에너지 발전시설의 개발, 설계, 자금조달, 관리, 시공 및 운영업 32 온실가스 감축사업 개발, 자금조달, 관리 및 운영업",신규사업 추진을 위한 사업목적 추가,https://kind.krx.co.kr/external/2026/03/16/000382/20260316001470/00591.htm,20260316000382,20260316000308
2026H1reg,부동산·임대·건설,진시스템,코스닥,20260316,2,23,"실내건축공사업 | 건설자재 도,소매업",신규사업 추진을 위한 사업목적 추가,https://kind.krx.co.kr/external/2026/03/16/000382/20260316001470/00591.htm,20260316000382,20260316000308
2026H1reg,탄소·환경,진시스템,코스닥,20260316,2,23,"폐기물 수집, 운반 및 처리업 | 온실가스 배출권 거래 및 중개업",신규사업 추진을 위한 사업목적 추가,https://kind.krx.co.kr/external/2026/03/16/000382/20260316001470/00591.htm,20260316000382,20260316000308
2026H1reg,교육,진시스템,코스닥,20260316,2,23,화학원료 도소매업 | 화학원료 무역업,신규사업 추진을 위한 사업목적 추가,https://kind.krx.co.kr/external/2026/03/16/000382/20260316001470/00591.htm,20260316000382,20260316000308
2026H1reg,반도체,오르비텍,코스닥,20260316,1,5,"반도체 Display 소재 개발, 생산 및 판매업",사업 목적 추가,https://kind.krx.co.kr/external/2026/03/16/000350/20260316001337/00591.htm,20260316000350,20260316000285
2026H1reg,탄소·환경,오르비텍,코스닥,20260316,1,5,폐기물 종합처리업,사업 목적 추가,https://kind.krx.co.kr/external/2026/03/16/000350/20260316001337/00591.htm,20260316000350,20260316000285
2026H1reg,로봇,서진오토모티브,코스닥,20260316,1,2,"로봇 하드웨어 및 로봇 시스템(본체, 구동부, 제어장치, 센서 등)의 제조 및 판매",사업확장,https://kind.krx.co.kr/external/2026/03/16/000170/20260316000618/00591.htm,20260316000170,20260316000120
2026H1reg,반도체,원익,코스닥,20260316,1,1,반도체관련 석영제품 제조 및 판매,- 신규사업(쿼츠제조)에 따른 사업목적 추가,https://kind.krx.co.kr/external/2026/03/16/000121/20260316000403/00591.htm,20260316000121,20260316000077
2026H1reg,AI(인공지능),디와이피엔에프,코스닥,20260316,1,5,인공지능 기반 서비스 개발 및 운영업,[사업 목적 추가] -사업 다각화 및 신사업 영위 근거 마련,https://kind.krx.co.kr/external/2026/03/13/002201/20260313005366/00591.htm,20260313002201,20260313001376
2026H1reg,클라우드·SW·빅데이터,디와이피엔에프,코스닥,20260316,1,5,"디지털 콘텐츠(영화/영상/음원 등)의 기획, 제작, 유통 및 플랫폼 운영업",[사업 목적 추가] -사업 다각화 및 신사업 영위 근거 마련,https://kind.krx.co.kr/external/2026/03/13/002201/20260313005366/00591.htm,20260313002201,20260313001376
2026H1reg,반도체,디와이피엔에프,코스닥,20260316,1,5,"반도체 설계, 제조, 가공, 판매 및 수출입업",[사업 목적 추가] -사업 다각화 및 신사업 영위 근거 마련,https://kind.krx.co.kr/external/2026/03/13/002201/20260313005366/00591.htm,20260313002201,20260313001376
2026H1reg,엔터·콘텐츠·게임,디와이피엔에프,코스닥,20260316,1,5,"디지털 콘텐츠(영화/영상/음원 등)의 기획, 제작, 유통 및 플랫폼 운영업",[사업 목적 추가] -사업 다각화 및 신사업 영위 근거 마련,https://kind.krx.co.kr/external/2026/03/13/002201/20260313005366/00591.htm,20260313002201,20260313001376
2026H1reg,클라우드·SW·빅데이터,웰킵스하이텍,코스닥,20260313,7,41,"시스템 소프트웨어 개발 및 공급업 | 응용 소프트웨어 개발 및 공급업 | 데이터베이스 및 온라인정보 제공업 | 컴퓨터 및 주변장치, 소프트웨어 도-소매업 | 유무선 통신관련 소프트웨어 개발, 자문, 대여 및 판매, 공급업 | 소프트웨어 및 건축자재 무역업 | 소프트웨어사업자 (데이타베이스 제작 및 검색서비스사업)",신사업 추진을 위한 사업목적 추가,https://kind.krx.co.kr/external/2026/03/13/002191/20260313005338/00591.htm,20260313002191,20260313001368
2026H1reg,부동산·임대·건설,웰킵스하이텍,코스닥,20260313,4,41,부동산 임대 및 관리업 | 소프트웨어 및 건축자재 무역업 | 건축자재 도소매업 | 부동산 담보대출 중개서비스,신사업 추진을 위한 사업목적 추가,https://kind.krx.co.kr/external/2026/03/13/002191/20260313005338/00591.htm,20260313002191,20260313001368
2026H1reg,엔터·콘텐츠·게임,웰킵스하이텍,코스닥,20260313,1,41,인터넷솔루션 및 컨텐츠 제조 판매,신사업 추진을 위한 사업목적 추가,https://kind.krx.co.kr/external/2026/03/13/002191/20260313005338/00591.htm,20260313002191,20260313001368
2026H1reg,투자·금융,웰킵스하이텍,코스닥,20260313,2,41,금융상품중개 및 판매대행업 | 기타금융상품 중개서비스,신사업 추진을 위한 사업목적 추가,https://kind.krx.co.kr/external/2026/03/13/002191/20260313005338/00591.htm,20260313002191,20260313001368
2026H1reg,교육,웰킵스하이텍,코스닥,20260313,2,41,통신이용 교육업 | 인터넷교육사업,신사업 추진을 위한 사업목적 추가,https://kind.krx.co.kr/external/2026/03/13/002191/20260313005338/00591.htm,20260313002191,20260313001368
2026H1reg,바이오·헬스케어,태광산업,유가증권,20260313,1,1,의약품 제조 및 판매업,제1장 제2조 신규항목 추가 - 사업다각화 및 신사업 진출을 위한 중장기적 기반 마련,https://kind.krx.co.kr/external/2026/03/13/002015/20260313004969/00591.htm,20260313002015,20260313001279
2026H1reg,로봇,아이엘로보틱스,코넥스,20260313,2,3,"로봇 자동화 기계, 설비 제조 및 판매업 | 산업용, 연구용, 군사용, 전문서비스용, 로봇 하드웨어 및 소프트웨어 수출입, 개발 제작, 임대, 가공 및 용역업",신규사업 추가,https://kind.krx.co.kr/external/2026/03/13/001945/20260313004800/00591.htm,20260313001945,20260313001245
2026H1reg,클라우드·SW·빅데이터,아이엘로보틱스,코넥스,20260313,1,3,"산업용, 연구용, 군사용, 전문서비스용, 로봇 하드웨어 및 소프트웨어 수출입, 개발 제작, 임대, 가공 및 용역업",신규사업 추가,https://kind.krx.co.kr/external/2026/03/13/001945/20260313004800/00591.htm,20260313001945,20260313001245
2026H1reg,AI(인공지능),좋은사람들,코스닥,20260313,1,7,인공지능(AI) 및 데이터 기반 패션·헬스케어 관련 소프트웨어의 개발·공급업,"<개정> - 과거 식품, 외식, 조경 등 비핵심 · 중단 사업 정리 - AI, 헬스케어 등 사업 다각화 및 사업 목적 구체화",https://kind.krx.co.kr/external/2026/03/13/001908/20260313004712/00591.htm,20260313001908,20260313001228
2026H1reg,클라우드·SW·빅데이터,좋은사람들,코스닥,20260313,2,7,온라인·모바일 전자상거래 및 플랫폼 운영업 | 인공지능(AI) 및 데이터 기반 패션·헬스케어 관련 소프트웨어의 개발·공급업,"<개정> - 과거 식품, 외식, 조경 등 비핵심 · 중단 사업 정리 - AI, 헬스케어 등 사업 다각화 및 사업 목적 구체화",https://kind.krx.co.kr/external/2026/03/13/001908/20260313004712/00591.htm,20260313001908,20260313001228
2026H1reg,바이오·헬스케어,좋은사람들,코스닥,20260313,1,7,인공지능(AI) 및 데이터 기반 패션·헬스케어 관련 소프트웨어의 개발·공급업,"<개정> - 과거 식품, 외식, 조경 등 비핵심 · 중단 사업 정리 - AI, 헬스케어 등 사업 다각화 및 사업 목적 구체화",https://kind.krx.co.kr/external/2026/03/13/001908/20260313004712/00591.htm,20260313001908,20260313001228
2026H1reg,부동산·임대·건설,좋은사람들,코스닥,20260313,1,7,부동산 임대·매매·개발 및 관련 용역업,"<개정> - 과거 식품, 외식, 조경 등 비핵심 · 중단 사업 정리 - AI, 헬스케어 등 사업 다각화 및 사업 목적 구체화",https://kind.krx.co.kr/external/2026/03/13/001908/20260313004712/00591.htm,20260313001908,20260313001228
2026H1reg,화장품·뷰티,좋은사람들,코스닥,20260313,1,7,"화장품, 생활용품의 제조 및 유통업","<개정> - 과거 식품, 외식, 조경 등 비핵심 · 중단 사업 정리 - AI, 헬스케어 등 사업 다각화 및 사업 목적 구체화",https://kind.krx.co.kr/external/2026/03/13/001908/20260313004712/00591.htm,20260313001908,20260313001228
2026H1reg,교육,아로마티카,코스닥,20260313,1,2,"교육서비스업, 평생교육업(사업장 부설 평생 교육시 설 설치ㆍ운영)",사업목적 추가 사업목적 추가,https://kind.krx.co.kr/external/2026/03/13/001618/20260313004082/00591.htm,20260313001618,20260313001070
2026H1reg,AI(인공지능),MSDI,코스닥,20260313,5,40,"자체 개발한 인공지능 기반 신소재 설계 플랫폼(SuperMatics)의 개발, 구축 및 운영 | 초전도체 및 첨단 기능성 소재의 조성 설계, 구조 설계 및 물성 예측을 위한 인공지능 기반 소재 설계 기술 개발 | 초전도체 및 첨단 소재의 합성 공정 및 제조 공정 설계를 위한 인공지능 기반 공정 설계 기술 개발 | 인공지능 기반 소재 설계 소프트웨어 및 플랫폼의 개발, 판매 및 라이선스 사업 | 인공지능 기반 소재 설계 기술, 데이터 기반 소재 개발 기술 및 관련 플랫폼의 구축, 운영 및 서비스",사업목적 다각화,https://kind.krx.co.kr/external/2026/03/13/001558/20260313003906/00591.htm,20260313001558,20260313001027
2026H1reg,데이터센터,MSDI,코스닥,20260313,4,40,"합금계 초전도체를 활용한 데이터센터 전력 효율화 기술 개발 | 초전도 기반 데이터센터 전력 인프라 구축 및 운영 | 초전도 전력 기술 기반 Pilot 데이터센터 구축 및 실증사업 | 초전도 소재, 합금계 초전도체 및 첨단 신소재 기술을 기반으로 한 전력, 에너지, 의료, 정보기술, 데이터센터, 양자기술, 산업장비 및 기타 미래 산업 분야의 연구개발, 제조, 판매 및 사업화",사업목적 다각화,https://kind.krx.co.kr/external/2026/03/13/001558/20260313003906/00591.htm,20260313001558,20260313001027
2026H1reg,클라우드·SW·빅데이터,MSDI,코스닥,20260313,4,40,"자체 개발한 인공지능 기반 신소재 설계 플랫폼(SuperMatics)의 개발, 구축 및 운영 | 소재 설계 데이터 및 실험 데이터를 통합한 소재 설계 데이터 플랫폼 구축 및 운영 | 인공지능 기반 소재 설계 소프트웨어 및 플랫폼의 개발, 판매 및 라이선스 사업 | 인공지능 기반 소재 설계 기술, 데이터 기반 소재 개발 기술 및 관련 플랫폼의 구축, 운영 및 서비스",사업목적 다각화,https://kind.krx.co.kr/external/2026/03/13/001558/20260313003906/00591.htm,20260313001558,20260313001027
2026H1reg,바이오·헬스케어,MSDI,코스닥,20260313,4,40,"전동리프팅기기(헬스케어) 제조 및 도소매업 | 초전도 자석 기반 의료영상 장비의 연구개발, 제조 및 판매 | 초전도 기반 의료영상 및 진단 장비의 연구개발 및 제조 | 초전도 소재, 합금계 초전도체 및 첨단 신소재 기술을 기반으로 한 전력, 에너지, 의료, 정보기술, 데이터센터, 양자기술, 산업장비 및 기타 미래 산업 분야의 연구개발, 제조, 판매 및 사업화",사업목적 다각화,https://kind.krx.co.kr/external/2026/03/13/001558/20260313003906/00591.htm,20260313001558,20260313001027
2026H1reg,신재생·에너지·전력,MSDI,코스닥,20260313,9,40,"태양광발전기기, 풍력발전기기 제조 및 도소매업 | 초전도 소재 기반 전력전달 및 전력 효율 향상 기술 개발 | 초전도 전력 케이블 및 전력기기 연구개발 및 제조 | 초전도 기반 고효율 전력 시스템 및 에너지 인프라 기술 개발 | 초전도 전력 인프라 구축 및 관련 장비 개발 | 합금계 초전도체를 활용한 데이터센터 전력 효율화 기술 개발 | 초전도 기반 데이터센터 전력 인프라 구축 및 운영 | 초전도 전력 기술 기반 Pilot 데이터센터 구축 및 실증사업 | 초전도 소재, 합금계 초전도체 및 첨단 신소재 기술을 기반으로 한 전력, 에너지, 의료, 정보기술, 데이터센터, 양자기술, 산업장비 및 기타 미래 산업 분야의 연구개발, 제조, 판매 및 사업화",사업목적 다각화,https://kind.krx.co.kr/external/2026/03/13/001558/20260313003906/00591.htm,20260313001558,20260313001027
2026H1reg,희토류·핵심광물·소재,MSDI,코스닥,20260313,24,40,"상온 및 상압 초전도 소재 및 제조공정의 연구개발 | 합금계 초전도체 등 초전도 소재의 연구개발, 제조 및 판매 | 금속 기반 합금계 초전도체의 설계, 합성 및 가공 기술 개발 | 초전도 소재의 전자구조 설계 및 결정구조 제어 기술 개발 | 초전도 소재 기반 산업용 소재 및 부품의 연구개발 및 제조 | 초전도 자석 기반 의료영상 장비의 연구개발, 제조 및 판매 | 초전도 기반 의료영상 및 진단 장비의 연구개발 및 제조 | 초전도 자석 및 산업용 고자기장 장비의 연구개발 및 제조 | 초전도 센서 및 첨단 산업용 장비의 연구개발 | 초전도 소재 기반 전력전달 및 전력 효율 향상 기술 개발 | 초전도 전력 케이블 및 전력기기 연구개발 및 제조 | 초전도 기반 고효율 전력 시스템 및 에너지 인프라 기술 개발 | 초",사업목적 다각화,https://kind.krx.co.kr/external/2026/03/13/001558/20260313003906/00591.htm,20260313001558,20260313001027
2026H1reg,양자,MSDI,코스닥,20260313,1,40,"초전도 소재, 합금계 초전도체 및 첨단 신소재 기술을 기반으로 한 전력, 에너지, 의료, 정보기술, 데이터센터, 양자기술, 산업장비 및 기타 미래 산업 분야의 연구개발, 제조, 판매 및 사업화",사업목적 다각화,https://kind.krx.co.kr/external/2026/03/13/001558/20260313003906/00591.htm,20260313001558,20260313001027
2026H1reg,클라우드·SW·빅데이터,폰드그룹,코스닥,20260313,3,24,소프트웨어개발업 | 응용소프트웨어 개발 | 데이터베이스 및 온라인정보 제공업,(변경전) 24. 조항 순서 64.로 이동 (변경전) 36. 중복 삭제 (변경후) 39. ~ 66. 사업목적 추가 및 정비,https://kind.krx.co.kr/external/2026/03/13/001279/20260313003317/00591.htm,20260313001279,20260313000851
2026H1reg,화장품·뷰티,폰드그룹,코스닥,20260313,4,24,"화장품 유통 및 도소매업 | 화장품 책임판매업 | 미용기기 제조 및 판매업 | 미용기기개발, 제조 및 판매업",(변경전) 24. 조항 순서 64.로 이동 (변경전) 36. 중복 삭제 (변경후) 39. ~ 66. 사업목적 추가 및 정비,https://kind.krx.co.kr/external/2026/03/13/001279/20260313003317/00591.htm,20260313001279,20260313000851
2026H1reg,바이오·헬스케어,엔젠바이오,코스닥,20260313,1,2,"의료기관 운영에 필요한 물류관리, 구매대행 및 제3자 물류사업",사업목적추가,https://kind.krx.co.kr/external/2026/03/13/001227/20260313003154/00591.htm,20260313001227,20260313000822
2026H1reg,식품·농업·외식,엔젠바이오,코스닥,20260313,1,2,"휴게음식점업, 일반음식점업, 식음료품 제조·가공·도소매업 및 관련 프랜차이즈업",사업목적추가,https://kind.krx.co.kr/external/2026/03/13/001227/20260313003154/00591.htm,20260313001227,20260313000822
2026H1reg,클라우드·SW·빅데이터,엑시큐어하이트론,유가증권,20260313,1,14,전자상거래 및 플랫폼 운영업,사업 다각화,https://kind.krx.co.kr/external/2026/03/13/001118/20260313002917/00591.htm,20260313001118,20260313000770
2026H1reg,식품·농업·외식,엑시큐어하이트론,유가증권,20260313,4,14,"식품 및 농수산물 수출입업 | 식품 제조, 가공, 보관 및 유통업 | 식품 도소매업 및 온라인 판매업 | 농수산물 및 식자재 유통업",사업 다각화,https://kind.krx.co.kr/external/2026/03/13/001118/20260313002917/00591.htm,20260313001118,20260313000770
2026H1reg,부동산·임대·건설,시큐레터,코스닥,20260313,1,6,부동산 임대 및 전대업,사업다각화에 따른사업목적 추가,https://kind.krx.co.kr/external/2026/03/13/001109/20260313002894/00591.htm,20260313001109,20260313000766
2026H1reg,교육,시큐레터,코스닥,20260313,1,6,교육서비스업,사업다각화에 따른사업목적 추가,https://kind.krx.co.kr/external/2026/03/13/001109/20260313002894/00591.htm,20260313001109,20260313000766
2026H1reg,AI(인공지능),크로넥스,코넥스,20260313,1,20,헬스케어 (에이아이) 하드웨어 및 (에이아이)헬스케어 프로그램 개발업,사업영역 확장을 위한 사업목적의 변경 및 추가,https://kind.krx.co.kr/external/2026/03/13/000911/20260313002503/00591.htm,20260313000911,20260313000644
2026H1reg,바이오·헬스케어,크로넥스,코넥스,20260313,8,20,"생명공학, 의약, 바이오 관련 연구시설 및 생산시설의 건설 및 운영 사업 | 그린바이오 및 농생명 바이오 기술의 연구개발 및 사업화 | 건강기능식품 및 일반식품 제조·유통·도소매업 | 건강기능식품, 일반식품 수출 및 수입판매업 | 의료기기,의료장비, 의료시설 대여업 | 헬스케어 (에이아이) 하드웨어 및 (에이아이)헬스케어 프로그램 개발업 | 의료기기개발, 제조 및 판매업 | 의료기기, 미용기기, 가정용전자기기 연구개발업",사업영역 확장을 위한 사업목적의 변경 및 추가,https://kind.krx.co.kr/external/2026/03/13/000911/20260313002503/00591.htm,20260313000911,20260313000644
2026H1reg,부동산·임대·건설,크로넥스,코넥스,20260313,2,20,"생명공학, 의약, 바이오 관련 연구시설 및 생산시설의 건설 및 운영 사업 | 기타부동산임대.전대업",사업영역 확장을 위한 사업목적의 변경 및 추가,https://kind.krx.co.kr/external/2026/03/13/000911/20260313002503/00591.htm,20260313000911,20260313000644
2026H1reg,화장품·뷰티,크로넥스,코넥스,20260313,6,20,"화장품 연구업, 테스트업, 연구개발 대행업 | 화장품 및 유아용품 제조, 유통, 도소매업 | 화장품 및 유아용품 수입판매업 | 맞춤형 화장품 상품개발 및 공급업 | 미용기기개발, 제조 및 판매업 | 의료기기, 미용기기, 가정용전자기기 연구개발업",사업영역 확장을 위한 사업목적의 변경 및 추가,https://kind.krx.co.kr/external/2026/03/13/000911/20260313002503/00591.htm,20260313000911,20260313000644
2026H1reg,식품·농업·외식,크로넥스,코넥스,20260313,2,20,"건강기능식품 및 일반식품 제조·유통·도소매업 | 건강기능식품, 일반식품 수출 및 수입판매업",사업영역 확장을 위한 사업목적의 변경 및 추가,https://kind.krx.co.kr/external/2026/03/13/000911/20260313002503/00591.htm,20260313000911,20260313000644
2026H1reg,부동산·임대·건설,에이유브랜즈,코스닥,20260313,1,2,"부동산 임대, 전대 및 매매업",사업목적 추가,https://kind.krx.co.kr/external/2026/03/13/000849/20260313002368/00591.htm,20260313000849,20260313000603
2026H1reg,클라우드·SW·빅데이터,손오공,코스닥,20260313,3,6,"무역거래 및 공급망 관리 블록체인 플랫폼 개발 및 운영업 | 차세대 핀테크 및 무역금융 전산 시스템과 전자문서·전자계약 플랫폼 개발업 | 소프트웨어 개발, 공급, 기술 컨설팅 및 라이선스 사업 52데이터 처리, 분석 및 정보 서비스업","사업다각화 및 신규 사업 추진을 위한 목적 추가 . <삭제> 47,48",https://kind.krx.co.kr/external/2026/03/13/000820/20260313002290/00591.htm,20260313000820,20260313000581
2026H1reg,디지털자산·블록체인·STO(스테이블코인),손오공,코스닥,20260313,3,6,무역거래 및 공급망 관리 블록체인 플랫폼 개발 및 운영업 | 디지털 자산 기반 거래 정산 관련 기술 및 인프라 개발업 | 블록체인 기반 디지털 자산 및 거래 데이터 관리 시스템 개발업,"사업다각화 및 신규 사업 추진을 위한 목적 추가 . <삭제> 47,48",https://kind.krx.co.kr/external/2026/03/13/000820/20260313002290/00591.htm,20260313000820,20260313000581
2026H1reg,AI(인공지능),모바일어플라이언스,코스닥,20260313,1,13,AI 및 로봇 장비 판매업,신규사업 추진으로 인한 사업목적 추가,https://kind.krx.co.kr/external/2026/03/13/000812/20260313002273/00591.htm,20260313000812,20260313000577
2026H1reg,로봇,모바일어플라이언스,코스닥,20260313,1,13,AI 및 로봇 장비 판매업,신규사업 추진으로 인한 사업목적 추가,https://kind.krx.co.kr/external/2026/03/13/000812/20260313002273/00591.htm,20260313000812,20260313000577
2026H1reg,데이터센터,모바일어플라이언스,코스닥,20260313,1,13,데이터 센터 구축 및 공급업,신규사업 추진으로 인한 사업목적 추가,https://kind.krx.co.kr/external/2026/03/13/000812/20260313002273/00591.htm,20260313000812,20260313000577
2026H1reg,클라우드·SW·빅데이터,모바일어플라이언스,코스닥,20260313,2,13,클라우드 컴퓨팅 서비스 및 인프라 구축업 | 블록체인 기반 소프트웨어 개발 및 공급업,신규사업 추진으로 인한 사업목적 추가,https://kind.krx.co.kr/external/2026/03/13/000812/20260313002273/00591.htm,20260313000812,20260313000577
2026H1reg,우주항공,모바일어플라이언스,코스닥,20260313,2,13,"항공기, 우주선 및 부품 제조업 | 무선 및 위성 통신업",신규사업 추진으로 인한 사업목적 추가,https://kind.krx.co.kr/external/2026/03/13/000812/20260313002273/00591.htm,20260313000812,20260313000577
2026H1reg,디지털자산·블록체인·STO(스테이블코인),모바일어플라이언스,코스닥,20260313,3,13,분산원장 기술을 활용한 데이터 보관 및 인증 서비스업 | 가상자산 및 디지털 토큰 개발 및 공급업 | 블록체인 기반 소프트웨어 개발 및 공급업,신규사업 추진으로 인한 사업목적 추가,https://kind.krx.co.kr/external/2026/03/13/000812/20260313002273/00591.htm,20260313000812,20260313000577
2026H1reg,신재생·에너지·전력,모바일어플라이언스,코스닥,20260313,1,13,재생에너지 발전사업 및 에너지 효율 관리업,신규사업 추진으로 인한 사업목적 추가,https://kind.krx.co.kr/external/2026/03/13/000812/20260313002273/00591.htm,20260313000812,20260313000577
2026H1reg,엔터·콘텐츠·게임,모바일어플라이언스,코스닥,20260313,1,13,매니지먼트 사업,신규사업 추진으로 인한 사업목적 추가,https://kind.krx.co.kr/external/2026/03/13/000812/20260313002273/00591.htm,20260313000812,20260313000577
2026H1reg,부동산·임대·건설,에피소드컴퍼니,코스닥,20260313,1,11,부동산임대업 및 부동산관련업,신규 사업목적 추가 및 재정비,https://kind.krx.co.kr/external/2026/03/13/000794/20260313002223/00591.htm,20260313000794,20260313000567
2026H1reg,엔터·콘텐츠·게임,에피소드컴퍼니,코스닥,20260313,3,11,"영화, 드라마, 기타 영상물 기획, 개발, 투자, 배급 및 판매업 | 컨텐츠 제작, 투자, 배급업 | 미디어콘텐츠창작업",신규 사업목적 추가 및 재정비,https://kind.krx.co.kr/external/2026/03/13/000794/20260313002223/00591.htm,20260313000794,20260313000567
2026H1reg,교육,에피소드컴퍼니,코스닥,20260313,2,11,학원업 및 관련 프랜차이즈 사업 | 원격교육 서비스업,신규 사업목적 추가 및 재정비,https://kind.krx.co.kr/external/2026/03/13/000794/20260313002223/00591.htm,20260313000794,20260313000567
2026H1reg,부동산·임대·건설,다스코,유가증권,20260313,1,3,철근 및 건축자재 판매업,건축용 자재 세부품목 추가 및 비영위사업 사업목적 삭제,https://kind.krx.co.kr/external/2026/03/13/000778/20260313002190/00591.htm,20260313000778,20260313000560
2026H1reg,클라우드·SW·빅데이터,에피바이오텍,코넥스,20260313,1,1,응용 소프트웨어 개발 및 공급업,사업 다각화,https://kind.krx.co.kr/external/2026/03/13/000728/20260313002096/00591.htm,20260313000728,20260313000533
2026H1reg,AI(인공지능),디아이씨,유가증권,20260313,1,2,피지컬 AI 사업관련 연구개발업,[목적사항 신설] 연구개발업 및 관련 제조판매업 사업목적 추가,https://kind.krx.co.kr/external/2026/03/13/000667/20260313001966/00591.htm,20260313000667,20260313000485
2026H1reg,로봇,디아이씨,유가증권,20260313,1,2,"로봇 및 로봇부품 제조,판매업",[목적사항 신설] 연구개발업 및 관련 제조판매업 사업목적 추가,https://kind.krx.co.kr/external/2026/03/13/000667/20260313001966/00591.htm,20260313000667,20260313000485
2026H1reg,AI(인공지능),링크드,코스닥,20260313,2,11,"인공지능 학습 콘텐츠 개발 및 관련 사업 | 인공지능 데이터센터 개발, 설계, 구축 및 운영업",사업목적 변경 및 추가,https://kind.krx.co.kr/external/2026/03/13/000648/20260313001912/00591.htm,20260313000648,20260313000477
2026H1reg,데이터센터,링크드,코스닥,20260313,1,11,"인공지능 데이터센터 개발, 설계, 구축 및 운영업",사업목적 변경 및 추가,https://kind.krx.co.kr/external/2026/03/13/000648/20260313001912/00591.htm,20260313000648,20260313000477
2026H1reg,엔터·콘텐츠·게임,링크드,코스닥,20260313,2,11,"가상현실, 증강현실 학습 콘텐츠 개발 및 관련 사업 | 인공지능 학습 콘텐츠 개발 및 관련 사업",사업목적 변경 및 추가,https://kind.krx.co.kr/external/2026/03/13/000648/20260313001912/00591.htm,20260313000648,20260313000477
2026H1reg,신재생·에너지·전력,대창스틸,코스닥,20260313,1,2,태양광 발전사업,목적추가,https://kind.krx.co.kr/external/2026/03/13/000594/20260313001771/00591.htm,20260313000594,20260313000443
2026H1reg,바이오·헬스케어,샘표식품,유가증권,20260313,1,3,"농·수·축산물, 건강기능식품 및 식품의 생산, 제조, 가공, 유통 및 판매업",- 사업 현황 및 신사업 확장 가능성에 대비하여 변경 - 사업 현황 및 신사업 확장 가능성에 대비하여 변경 - 신규 목적사업 추가 - 항목 신설에 따른 순번 조정,https://kind.krx.co.kr/external/2026/03/13/000577/20260313001704/00591.htm,20260313000577,20260313000421
2026H1reg,식품·농업·외식,샘표식품,유가증권,20260313,1,3,"농·수·축산물, 건강기능식품 및 식품의 생산, 제조, 가공, 유통 및 판매업",- 사업 현황 및 신사업 확장 가능성에 대비하여 변경 - 사업 현황 및 신사업 확장 가능성에 대비하여 변경 - 신규 목적사업 추가 - 항목 신설에 따른 순번 조정,https://kind.krx.co.kr/external/2026/03/13/000577/20260313001704/00591.htm,20260313000577,20260313000421
2026H1reg,로봇,카티스,코스닥,20260313,3,4,"로봇 하드웨어 및 소프트웨어의 개발, 제조, 판매, 임대, 서비스업 | 로봇 시스템 통합 및 자동화 설비 구축사업 | 로봇 관련 플랫폼 개발업",기존 보안사업과 연계한 사업 확장 및 신성장 사업 추진을 위해 로봇 관련 사업을 사업목적에 추가하고자 함.,https://kind.krx.co.kr/external/2026/03/13/000526/20260313001587/00591.htm,20260313000526,20260313000394
2026H1reg,클라우드·SW·빅데이터,카티스,코스닥,20260313,2,4,"로봇 하드웨어 및 소프트웨어의 개발, 제조, 판매, 임대, 서비스업 | 로봇 관련 플랫폼 개발업",기존 보안사업과 연계한 사업 확장 및 신성장 사업 추진을 위해 로봇 관련 사업을 사업목적에 추가하고자 함.,https://kind.krx.co.kr/external/2026/03/13/000526/20260313001587/00591.htm,20260313000526,20260313000394
2026H1reg,신재생·에너지·전력,원익머트리얼즈,코스닥,20260313,1,3,수소사업 및 기타 관련사업,사업영역 확장에 따른 사업목적 추가 및 변경,https://kind.krx.co.kr/external/2026/03/13/000521/20260313001581/00591.htm,20260313000521,20260313000391
2026H1reg,부동산·임대·건설,KC산업,코넥스,20260313,1,4,해외건설업,-,https://kind.krx.co.kr/external/2026/03/13/000373/20260313001159/00591.htm,20260313000373,20260313000278
2026H1reg,부동산·임대·건설,이노스페이스,코스닥,20260313,1,5,건설업,□ 향후 영위할 사업 목적 추가,https://kind.krx.co.kr/external/2026/03/13/000336/20260313001026/00591.htm,20260313000336,20260313000241
2026H1reg,AI(인공지능),미디어젠,코스닥,20260313,1,1,AI 하드웨어 제조업,사업영역 다각화 및 확대,https://kind.krx.co.kr/external/2026/03/13/000306/20260313000927/00591.htm,20260313000306,20260313000213
2026H1reg,화장품·뷰티,시지메드텍,코스닥,20260313,1,2,"화장품 제조 및 도소매, 수출입업",인체조직 사업의 내제화 및 사업영역 확대,https://kind.krx.co.kr/external/2026/03/13/000239/20260313000722/00591.htm,20260313000239,20260313000162
2026H1reg,부동산·임대·건설,오파스넷,코스닥,20260313,1,1,"부동산 매매, 임대업 및 전대업",- 신규사업 추가 및 조문 정비,https://kind.krx.co.kr/external/2026/03/13/000216/20260313000633/00591.htm,20260313000216,20260313000138
2026H1reg,신재생·에너지·전력,와이어블,코스닥,20260313,1,5,"태양광발전설비 설치, 운영 및 유지보수업",- 사업 다각화를 위한 사업목적 추가 및 조문정비,https://kind.krx.co.kr/external/2026/03/13/000211/20260313000617/00591.htm,20260313000211,20260313000133
2026H1reg,부동산·임대·건설,와이어블,코스닥,20260313,1,5,"지하철, 터널 및 건축물 정보통신설비의 유지보수, 성능점검 및 관리 업무 대행업",- 사업 다각화를 위한 사업목적 추가 및 조문정비,https://kind.krx.co.kr/external/2026/03/13/000211/20260313000617/00591.htm,20260313000211,20260313000133
2026H1reg,우주항공,에코글로우,코스닥,20260312,3,8,"우주선, 위성체, 발사체, 항공기 및 그 부분품의 제작, 정비, 판매, 임대 및 서비스업 | 항공기, 발사체, 우주비행체 관련 부품, 기계기구류 및 소재류의 개발, 제조, 가공, 조립 및 판매업 | 우주선, 발사체, 항공기용 부품 및 비철금속 등의 제조 및 판매업",신규 사업 진출에 따른 추가,https://kind.krx.co.kr/external/2026/03/12/002320/20260312005240/00591.htm,20260312002320,20260312001384
2026H1reg,희토류·핵심광물·소재,에코글로우,코스닥,20260312,2,8,니켈금속 및 니켈합금의 제련 및 판매업 | 니켈 관련 제품의 중개 및 판매업,신규 사업 진출에 따른 추가,https://kind.krx.co.kr/external/2026/03/12/002320/20260312005240/00591.htm,20260312002320,20260312001384
2026H1reg,투자·금융,에코글로우,코스닥,20260312,1,8,기타 금융 투자업,신규 사업 진출에 따른 추가,https://kind.krx.co.kr/external/2026/03/12/002320/20260312005240/00591.htm,20260312002320,20260312001384
2026H1reg,바이오·헬스케어,노바렉스,코스닥,20260312,1,1,"식품, 건강기능식품 제조설비 임대업",사업목적의 추가,https://kind.krx.co.kr/external/2026/03/12/002319/20260312005239/00591.htm,20260312002319,20260312001380
2026H1reg,식품·농업·외식,노바렉스,코스닥,20260312,1,1,"식품, 건강기능식품 제조설비 임대업",사업목적의 추가,https://kind.krx.co.kr/external/2026/03/12/002319/20260312005239/00591.htm,20260312002319,20260312001380
2026H1reg,투자·금융,실리콘투,코스닥,20260312,1,1,기타 금융 투자업,사업목적 추가,https://kind.krx.co.kr/external/2026/03/12/002317/20260312005235/00591.htm,20260312002317,20260312001381
2026H1reg,신재생·에너지·전력,씨에스베어링,코스닥,20260312,3,3,"풍력 및 태양광을 이용한 전력 생산, 공급, 판매 사업 | 풍력 및 태양광 발전사업의 건설, 관리, 유지, 운영, 매매사업 | 풍력 및 태양광 발전사업의 설비, 부품 및 자재의 수입, 수출, 중계무역, 판매 및 판매중개 사업",목적추가 목적추가 목적추가 순서변경,https://kind.krx.co.kr/external/2026/03/12/002230/20260312005058/00591.htm,20260312002230,20260312001330
2026H1reg,부동산·임대·건설,씨에스베어링,코스닥,20260312,1,3,"풍력 및 태양광 발전사업의 건설, 관리, 유지, 운영, 매매사업",목적추가 목적추가 목적추가 순서변경,https://kind.krx.co.kr/external/2026/03/12/002230/20260312005058/00591.htm,20260312002230,20260312001330
2026H1reg,반도체,로지스몬,코넥스,20260312,2,8,차세대 통신 시스템 및 핵심 반도체 칩 개발업 | 반도체 소자 및 소재 연구개발업,신규사업추진 및 사업다각화 목적,https://kind.krx.co.kr/external/2026/03/12/002214/20260312005029/00591.htm,20260312002214,20260312001321
2026H1reg,AI(인공지능),비투엔,코스닥,20260312,1,16,"국방용 소프트웨어, 인공지능, 정보보호, 사이버보안, 지휘통제, 시뮬레이터 및 교육훈련체계의 개발, 구축, 운영 및 서비스업",사업영역 확대,https://kind.krx.co.kr/external/2026/03/12/002028/20260312004587/00591.htm,20260312002028,20260312001219
2026H1reg,클라우드·SW·빅데이터,비투엔,코스닥,20260312,2,16,"스마트그리드, 마이크로그리드, 가상발전소(VPP), 수요관리(DR), 전력거래·전력중개 플랫폼 및 관련 소프트웨어·시스템의 개발, 구축, 운영 및 서비스업 | 국방용 소프트웨어, 인공지능, 정보보호, 사이버보안, 지휘통제, 시뮬레이터 및 교육훈련체계의 개발, 구축, 운영 및 서비스업",사업영역 확대,https://kind.krx.co.kr/external/2026/03/12/002028/20260312004587/00591.htm,20260312002028,20260312001219
2026H1reg,방산,비투엔,코스닥,20260312,5,16,"방산물자, 군수품, 국방과학기술 및 관련 장비·부품·소재의 연구, 개발, 설계, 제조, 조립, 정비, 성능개량, 판매, 임대 및 유지보수업 | 국방용 소프트웨어, 인공지능, 정보보호, 사이버보안, 지휘통제, 시뮬레이터 및 교육훈련체계의 개발, 구축, 운영 및 서비스업 | 방산물자 및 국방과학기술의 수출입업, 판매업, 대리업, 중개업, 무역업 및 기술도입·기술이전·라이선스업 | 군납, 정부조달, 해외조달, 절충교역, 현지생산, 공동개발 및 후속군수지원 사업 | 전력산업 및 방위산업과 관련한 투자, 출자, 지분취득, 합작투자, 자산취득, 사업양수도 및 해외법인 설립·운영업",사업영역 확대,https://kind.krx.co.kr/external/2026/03/12/002028/20260312004587/00591.htm,20260312002028,20260312001219
2026H1reg,우주항공,비투엔,코스닥,20260312,1,16,"지상, 해상, 항공, 우주, 무인체계, 전자·통신·감시정찰·항법·유도·제어·전원공급 장비 및 관련 시스템의 연구, 개발, 설계, 제조, 조립, 정비, 판매 및 유지보수업",사업영역 확대,https://kind.krx.co.kr/external/2026/03/12/002028/20260312004587/00591.htm,20260312002028,20260312001219
2026H1reg,2차전지·배터리,비투엔,코스닥,20260312,1,16,"에너지저장장치(ESS), 배터리시스템, 전력변환장치(PCS), 에너지관리시스템(EMS), 배터리관리시스템(BMS) 및 관련 장비·부품·소재의 개발, 설계, 제조, 조립, 설치, 판매, 임대, 운영 및 유지보수업",사업영역 확대,https://kind.krx.co.kr/external/2026/03/12/002028/20260312004587/00591.htm,20260312002028,20260312001219
2026H1reg,신재생·에너지·전력,비투엔,코스닥,20260312,9,16,"전력의 생산, 저장, 공급, 판매 및 거래 관련 사업 | 전력 관리 기술 개발 및 유통업 | 에너지저장장치(ESS), 배터리시스템, 전력변환장치(PCS), 에너지관리시스템(EMS), 배터리관리시스템(BMS) 및 관련 장비·부품·소재의 개발, 설계, 제조, 조립, 설치, 판매, 임대, 운영 및 유지보수업 | 변압기, 개폐기, 차단기, 보호계전기, 배전반, 수배전반, 전력케이블, 송배전기자재 및 기타 전력기기·전기기기의 개발, 설계, 제조, 조립, 설치, 판매, 임대, 운영 및 유지보수업 | 송전, 변전, 배전, 전력저장, 충전인프라 및 기타 전력설비의 개발, 설계, 엔지니어링, 조달, 시공, 감리, 운영 및 유지보수업 | 스마트그리드, 마이크로그리드, 가상발전소(VPP), 수요관리(DR), 전력거래·전력중개 ",사업영역 확대,https://kind.krx.co.kr/external/2026/03/12/002028/20260312004587/00591.htm,20260312002028,20260312001219
2026H1reg,교육,비투엔,코스닥,20260312,2,16,"전력설비, 전기설비 및 에너지 관련 시설물의 기술용역, 엔지니어링, 컨설팅, 시험, 검사, 인증, 교육 및 연구개발업 | 국방용 소프트웨어, 인공지능, 정보보호, 사이버보안, 지휘통제, 시뮬레이터 및 교육훈련체계의 개발, 구축, 운영 및 서비스업",사업영역 확대,https://kind.krx.co.kr/external/2026/03/12/002028/20260312004587/00591.htm,20260312002028,20260312001219
2026H1reg,신재생·에너지·전력,블루콤,코스닥,20260312,1,1,신재생에너지를 이용한 전력의 생산 및 판매업,사업 다각화,https://kind.krx.co.kr/external/2026/03/12/001947/20260312004444/00591.htm,20260312001947,20260312001187
2026H1reg,AI(인공지능),에임드바이오,코스닥,20260312,1,3,"인공지능 및 데이터 기반 의료·바이오 소프트웨어·플랫폼 개발, 제조 및 서비스업",신규 사업 추진 가능성에 대비하여 관련 사업목적을 추가하고 용어를 정비하기 위함,https://kind.krx.co.kr/external/2026/03/12/001890/20260312004363/00591.htm,20260312001890,20260312001171
2026H1reg,클라우드·SW·빅데이터,에임드바이오,코스닥,20260312,1,3,"인공지능 및 데이터 기반 의료·바이오 소프트웨어·플랫폼 개발, 제조 및 서비스업",신규 사업 추진 가능성에 대비하여 관련 사업목적을 추가하고 용어를 정비하기 위함,https://kind.krx.co.kr/external/2026/03/12/001890/20260312004363/00591.htm,20260312001890,20260312001171
2026H1reg,바이오·헬스케어,에임드바이오,코스닥,20260312,2,3,"의약품 또는 의료기기 연구개발 관련 임상시험 및 허가등록업무 대행 및 자문업 | 인공지능 및 데이터 기반 의료·바이오 소프트웨어·플랫폼 개발, 제조 및 서비스업",신규 사업 추진 가능성에 대비하여 관련 사업목적을 추가하고 용어를 정비하기 위함,https://kind.krx.co.kr/external/2026/03/12/001890/20260312004363/00591.htm,20260312001890,20260312001171
2026H1reg,클라우드·SW·빅데이터,M83,코스닥,20260312,4,19,컴퓨터 그래픽 및 실감형 콘텐츠 관련 소프트웨어 개발업 (삭제) | 영상 및 디지털 콘텐츠 플랫폼 구축 및 운영업 | 영상 및 디지털 콘텐츠 관련 소프트웨어 개발 및 공급업 | 소프트웨어 개발ㆍ공급ㆍ구축ㆍ운영 및 유지관리업,사업 수행 범위 확대에 따른 목적 사업 추가 및 정비,https://kind.krx.co.kr/external/2026/03/12/001875/20260312004335/00591.htm,20260312001875,20260312001160
2026H1reg,부동산·임대·건설,M83,코스닥,20260312,2,19,실내건축공사업 | 실내건축 및 전시시설 시공·설치·유지보수공사업,사업 수행 범위 확대에 따른 목적 사업 추가 및 정비,https://kind.krx.co.kr/external/2026/03/12/001875/20260312004335/00591.htm,20260312001875,20260312001160
2026H1reg,엔터·콘텐츠·게임,M83,코스닥,20260312,7,19,광고 및 브랜드 콘텐츠 기획·제작 및 대행업 | 컴퓨터 그래픽 및 실감형 콘텐츠 관련 소프트웨어 개발업 (삭제) | 영상 및 디지털 콘텐츠 플랫폼 구축 및 운영업 | 영상 및 디지털 콘텐츠의 제작 ·투자·배급· 유통 및 서비스업 | 영상 및 디지털 콘텐츠 관련 소프트웨어 개발 및 공급업 | 교육용 콘텐츠 및 교구 개발 및 제작업 | 교육 콘텐츠 개발ㆍ연구용역 및 컨설팅업,사업 수행 범위 확대에 따른 목적 사업 추가 및 정비,https://kind.krx.co.kr/external/2026/03/12/001875/20260312004335/00591.htm,20260312001875,20260312001160
2026H1reg,탄소·환경,M83,코스닥,20260312,1,19,"산업디자인업(시각, 환경, 제품, 포장, 멀티미디어디자인 등)",사업 수행 범위 확대에 따른 목적 사업 추가 및 정비,https://kind.krx.co.kr/external/2026/03/12/001875/20260312004335/00591.htm,20260312001875,20260312001160
2026H1reg,교육,M83,코스닥,20260312,2,19,교육용 콘텐츠 및 교구 개발 및 제작업 | 교육 콘텐츠 개발ㆍ연구용역 및 컨설팅업,사업 수행 범위 확대에 따른 목적 사업 추가 및 정비,https://kind.krx.co.kr/external/2026/03/12/001875/20260312004335/00591.htm,20260312001875,20260312001160
2026H1reg,로봇,KH바텍,코스닥,20260312,1,2,로봇 부품과 제품 제조 및 판매,신성장 동력 확보를 위한 성장산업 진입,https://kind.krx.co.kr/external/2026/03/12/001865/20260312004312/00591.htm,20260312001865,20260312001154
2026H1reg,바이오·헬스케어,메디앙스,코스닥,20260312,1,1,의료기 기 제조 및 판매업,단순 오기 정정,https://kind.krx.co.kr/external/2026/03/12/001834/20260312004244/00591.htm,20260312001834,20260312001134
2026H1reg,AI(인공지능),아이오케이이엔엠,코스닥,20260312,1,15,"국방용 소프트웨어, 인공지능, 정보보호, 사이버보안, 지휘통제, 시뮬레이터 및 교육훈련체계의 개발, 구축, 운영 및 서비스업",사업목적 추가,https://kind.krx.co.kr/external/2026/03/12/001777/20260312004117/00591.htm,20260312001777,20260312001104
2026H1reg,클라우드·SW·빅데이터,아이오케이이엔엠,코스닥,20260312,2,15,"스마트그리드, 마이크로그리드, 가상발전소(VPP), 수요관리(DR), 전력거래·전력중개 플랫폼 및 관련 소프트웨어·시스템의 개발, 구축, 운영 및 서비스업 | 국방용 소프트웨어, 인공지능, 정보보호, 사이버보안, 지휘통제, 시뮬레이터 및 교육훈련체계의 개발, 구축, 운영 및 서비스업",사업목적 추가,https://kind.krx.co.kr/external/2026/03/12/001777/20260312004117/00591.htm,20260312001777,20260312001104
2026H1reg,방산,아이오케이이엔엠,코스닥,20260312,4,15,"방산물자, 군수품, 국방과학기술 및 관련 장비·부품·소재의 연구, 개발, 설계, 제조, 조립, 정비, 성능개량, 판매, 임대 및 유지보수업 | 국방용 소프트웨어, 인공지능, 정보보호, 사이버보안, 지휘통제, 시뮬레이터 및 교육훈련체계의 개발, 구축, 운영 및 서비스업 | 방산물자 및 국방과학기술의 수출입업, 판매업, 대리업, 중개업, 무역업 및 기술도입·기술이전·라이선스업 118 군납, 정부조달, 해외조달, 절충교역, 현지생산, 공동개발 및 후속군수지원 사업 | 전력산업 및 방위산업과 관련한 투자, 출자, 지분취득, 합작투자, 자산취득, 사업양수도 및 해외법인 설립·운영업",사업목적 추가,https://kind.krx.co.kr/external/2026/03/12/001777/20260312004117/00591.htm,20260312001777,20260312001104
2026H1reg,우주항공,아이오케이이엔엠,코스닥,20260312,1,15,"지상, 해상, 항공, 우주, 무인체계, 전자·통신·감시정찰·항법·유도·제어·전원공급 장비 및 관련 시스템의 연구, 개발, 설계, 제조, 조립, 정비, 판매 및 유지보수업",사업목적 추가,https://kind.krx.co.kr/external/2026/03/12/001777/20260312004117/00591.htm,20260312001777,20260312001104
2026H1reg,2차전지·배터리,아이오케이이엔엠,코스닥,20260312,1,15,"에너지저장장치(ESS), 배터리시스템, 전력변환장치(PCS), 에너지관리시스템(EMS), 배터리관리시스템(BMS) 및 관련 장비·부품·소재의 개발, 설계, 제조, 조립, 설치, 판매, 임대, 운영 및 유지보수업",사업목적 추가,https://kind.krx.co.kr/external/2026/03/12/001777/20260312004117/00591.htm,20260312001777,20260312001104
2026H1reg,신재생·에너지·전력,아이오케이이엔엠,코스닥,20260312,9,15,"전력의 생산, 저장, 공급, 판매 및 거래 관련 사업 | 전력 관리 기술 개발 및 유통업 | 에너지저장장치(ESS), 배터리시스템, 전력변환장치(PCS), 에너지관리시스템(EMS), 배터리관리시스템(BMS) 및 관련 장비·부품·소재의 개발, 설계, 제조, 조립, 설치, 판매, 임대, 운영 및 유지보수업 | 변압기, 개폐기, 차단기, 보호계전기, 배전반, 수배전반, 전력케이블, 송배전기자재 및 기타 전력기기·전기기기의 개발, 설계, 제조, 조립, 설치, 판매, 임대, 운영 및 유지보수업 | 송전, 변전, 배전, 전력저장, 충전인프라 및 기타 전력설비의 개발, 설계, 엔지니어링, 조달, 시공, 감리, 운영 및 유지보수업 | 스마트그리드, 마이크로그리드, 가상발전소(VPP), 수요관리(DR), 전력거래·전력중개 ",사업목적 추가,https://kind.krx.co.kr/external/2026/03/12/001777/20260312004117/00591.htm,20260312001777,20260312001104
2026H1reg,교육,아이오케이이엔엠,코스닥,20260312,2,15,"전력설비, 전기설비 및 에너지 관련 시설물의 기술용역, 엔지니어링, 컨설팅, 시험, 검사, 인증, 교육 및 연구개발업 | 국방용 소프트웨어, 인공지능, 정보보호, 사이버보안, 지휘통제, 시뮬레이터 및 교육훈련체계의 개발, 구축, 운영 및 서비스업",사업목적 추가,https://kind.krx.co.kr/external/2026/03/12/001777/20260312004117/00591.htm,20260312001777,20260312001104
2026H1reg,클라우드·SW·빅데이터,오아,코스닥,20260312,1,4,물류관리 소프트웨어 개발 및 공급업,신규 사업 진출,https://kind.krx.co.kr/external/2026/03/12/001724/20260312004023/00591.htm,20260312001724,20260312001077
2026H1reg,엔터·콘텐츠·게임,오아,코스닥,20260312,1,4,온라인 콘텐츠 제작 및 제공업,신규 사업 진출,https://kind.krx.co.kr/external/2026/03/12/001724/20260312004023/00591.htm,20260312001724,20260312001077
2026H1reg,화장품·뷰티,오아,코스닥,20260312,1,4,화장품 전자상거래업,신규 사업 진출,https://kind.krx.co.kr/external/2026/03/12/001724/20260312004023/00591.htm,20260312001724,20260312001077
2026H1reg,로봇,네오오토,코스닥,20260312,1,2,"로봇, 로봇부품 제조 및 판매업",- 목적사업 추가,https://kind.krx.co.kr/external/2026/03/12/001694/20260312003973/00591.htm,20260312001694,20260312001063
2026H1reg,모빌리티·전기차·자율주행,네오오토,코스닥,20260312,1,2,모빌리티 부품 제조 및 판매업,- 목적사업 추가,https://kind.krx.co.kr/external/2026/03/12/001694/20260312003973/00591.htm,20260312001694,20260312001063
2026H1reg,AI(인공지능),SOOP,코스닥,20260312,2,11,"인공지능형 영상 인식 기반의 보안 및 모니터링 시스템 개발업 | 인공지능형 자율 구동체 및 관련 제어 시스템 개발, 제조 및 판매업",사업목적 추가,https://kind.krx.co.kr/external/2026/03/12/001692/20260312003969/00591.htm,20260312001692,20260312001062
2026H1reg,클라우드·SW·빅데이터,SOOP,코스닥,20260312,1,11,특수 목적용 임베디드 소프트웨어 개발업,사업목적 추가,https://kind.krx.co.kr/external/2026/03/12/001692/20260312003969/00591.htm,20260312001692,20260312001062
2026H1reg,전자지급·결제(PG·선불),SOOP,코스닥,20260312,2,11,전자지급결제대행업 | 직불전자지급수단 및 선불전자지급수단 발행 및 관리업,사업목적 추가,https://kind.krx.co.kr/external/2026/03/12/001692/20260312003969/00591.htm,20260312001692,20260312001062
2026H1reg,엔터·콘텐츠·게임,SOOP,코스닥,20260312,1,11,"가상현실(VR), 증강현실(AR) 및 시뮬레이션 콘텐츠 제작, 공급업",사업목적 추가,https://kind.krx.co.kr/external/2026/03/12/001692/20260312003969/00591.htm,20260312001692,20260312001062
2026H1reg,화장품·뷰티,SOOP,코스닥,20260312,1,11,"화장품의 제조, 매매 및 이와 관련한 서비스 상품의 매매",사업목적 추가,https://kind.krx.co.kr/external/2026/03/12/001692/20260312003969/00591.htm,20260312001692,20260312001062
2026H1reg,식품·농업·외식,SOOP,코스닥,20260312,1,11,"식품, 식음료, 식자재의 제조, 가공, 운반, 판매업",사업목적 추가,https://kind.krx.co.kr/external/2026/03/12/001692/20260312003969/00591.htm,20260312001692,20260312001062
2026H1reg,바이오·헬스케어,매일유업,코스닥,20260312,3,10,"건강기능식품의 연구개발 | 의료기기, 장비 판매 및 임대업 | 의료기기, 장비 수입업",매일헬스뉴트리션 합병에 따른 목적사업 추가,https://kind.krx.co.kr/external/2026/03/12/001664/20260312003924/00591.htm,20260312001664,20260312001048
2026H1reg,식품·농업·외식,매일유업,코스닥,20260312,6,10,식품 및 식품첨가물의 연구개발 | 건강기능식품의 연구개발 | 식품 판매업 및 유통전문판매업 | 식품소분판매업 | 식품첨가물 판매업 | 수입식품 등 인터넷 구매대행업,매일헬스뉴트리션 합병에 따른 목적사업 추가,https://kind.krx.co.kr/external/2026/03/12/001664/20260312003924/00591.htm,20260312001664,20260312001048
2026H1reg,희토류·핵심광물·소재,에스와이,코스닥,20260312,1,2,"철광석 및 비철금속 광물 도소매업, 수출입업",사업목적 추가,https://kind.krx.co.kr/external/2026/03/12/001395/20260312003391/00591.htm,20260312001395,20260312000901
2026H1reg,부동산·임대·건설,에스와이,코스닥,20260312,1,2,부동산 개발 및 공급업,사업목적 추가,https://kind.krx.co.kr/external/2026/03/12/001395/20260312003391/00591.htm,20260312001395,20260312000901
2026H1reg,엔터·콘텐츠·게임,CS,코스닥,20260312,1,5,"구내방송기기 도소매, 제조 및 개발업",사업목적 신규 추가,https://kind.krx.co.kr/external/2026/03/12/001376/20260312003357/00591.htm,20260312001376,20260312000888
2026H1reg,식품·농업·외식,아티스트컴퍼니,코스닥,20260312,4,7,"커피, 음료 등의 제조 도소매, 판매, 유통업 | 농.축.수산물 제조, 판매, 유통업 | 외식 경영 및 음식개발, 홍보관련 컨설팅 및 대행업 | 일반, 휴게, 간인 음식점업",사업 다각화를 통한 신성장 동력 확보,https://kind.krx.co.kr/external/2026/03/12/001350/20260312003306/00591.htm,20260312001350,20260312000867
2026H1reg,부동산·임대·건설,DSC인베스트먼트,코스닥,20260312,1,7,부동산임대업,벤처투자 촉진에 관한 법률 개정사항 반영 및 사옥 인수에 따른 부동산임대업 추가,https://kind.krx.co.kr/external/2026/03/12/001246/20260312003095/00591.htm,20260312001246,20260312000809
2026H1reg,신재생·에너지·전력,원포유,코넥스,20260312,1,2,신재생에너지업,신규사업 추진에 따른 사업목적 추가,https://kind.krx.co.kr/external/2026/03/12/001202/20260312003004/00591.htm,20260312001202,20260312000790
2026H1reg,신재생·에너지·전력,KX하이텍,코스닥,20260312,4,5,"신재생에너지 발전사업 | 신재생에너지 설비의 설치, 운영 및 판매사업 | 신재생에너지, 전력자원의 개발 및 공급 | 발전, 전력중개업 및 전기판매업",사업 목적 추가,https://kind.krx.co.kr/external/2026/03/12/001179/20260312002974/00591.htm,20260312001179,20260312000783
2026H1reg,로봇,자화전자,유가증권,20260312,1,1,"로봇 및 자동화 설비용 정밀기계부품 연구개발 및 기술용역업, 제조 및 판매업",신규 성장동력 확보를 위해 로봇관련 사업목적 추가,https://kind.krx.co.kr/external/2026/03/12/000991/20260312002646/00591.htm,20260312000991,20260312000682
2026H1reg,디지털자산·블록체인·STO(스테이블코인),비트플래닛,코스닥,20260312,1,1,"가상자산(디지털 자산 포함)의 채굴, 스테이킹 및 자기계산에 의한 투자·매매와 이에 부대하는 사업 일체",신사업에 따른 신규 사업목적 추가,https://kind.krx.co.kr/external/2026/03/12/000947/20260312002574/00591.htm,20260312000947,20260312000660
2026H1reg,신재생·에너지·전력,대영포장,유가증권,20260312,1,1,태양광 발전업 및 전력 판매업,- 신규사업목적 추가,https://kind.krx.co.kr/external/2026/03/12/000918/20260312002525/00591.htm,20260312000918,20260312000645
2026H1reg,바이오·헬스케어,동방메디컬,코스닥,20260312,2,4,"의약품, 의약외부품 개발 | 건강기능식품 제조 및 판매업",신규사업 추진,https://kind.krx.co.kr/external/2026/03/12/000818/20260312002312/00591.htm,20260312000818,20260312000593
2026H1reg,식품·농업·외식,동방메디컬,코스닥,20260312,1,4,건강기능식품 제조 및 판매업,신규사업 추진,https://kind.krx.co.kr/external/2026/03/12/000818/20260312002312/00591.htm,20260312000818,20260312000593
2026H1reg,부동산·임대·건설,오텍,코스닥,20260312,2,8,수입자동차 및 수입건설기계의 판매와 용역대행업 | 중고자동차 및 건설기계매매업,사업 영역 확대 및 다각화 대비 목적 추가,https://kind.krx.co.kr/external/2026/03/12/000792/20260312002259/00591.htm,20260312000792,20260312000573
2026H1reg,신재생·에너지·전력,KBI메탈,코스닥,20260312,1,1,<변압기 제조 및 판매업>,사업의 목적 추가,https://kind.krx.co.kr/external/2026/03/12/000771/20260312002188/00591.htm,20260312000771,20260312000558
2026H1reg,신재생·에너지·전력,디바이스,코스닥,20260312,2,3,태양광 발전 전력의 자가소비 및 판매.공급 1 | 신재생에너지 발전 전력의 자가소비 및 판매.공급,태양광발전시설 설치로 사업의 목적 추가,https://kind.krx.co.kr/external/2026/03/12/000769/20260312002182/00591.htm,20260312000769,20260312000556
2026H1reg,디지털자산·블록체인·STO(스테이블코인),케이웨더,코스닥,20260312,1,1,블록체인 및 디지털자산 관련 사업,신규사업 추가,https://kind.krx.co.kr/external/2026/03/12/000681/20260312001942/00591.htm,20260312000681,20260312000496
2026H1reg,바이오·헬스케어,제놀루션,코스닥,20260312,2,2,"체외진단시약 연구개발, 제조 및 판매 | 동물용 의약품 개발 및 제조업","13, 14항 사업목적 추가",https://kind.krx.co.kr/external/2026/03/12/000663/20260312001900/00591.htm,20260312000663,20260312000482
2026H1reg,AI(인공지능),KB오토시스,코스닥,20260312,1,1,"인공지능 기반 지능형 산업용·서비스용 로봇 및 자동화 시스템 설비의 연구, 개발, 설계, 제조, 판매, 수출입 및 이에 관련된 산업에 대한 직·간접 투자",미영위 사업목적 삭제 및 신 사업목적 추가,https://kind.krx.co.kr/external/2026/03/12/000559/20260312001594/00591.htm,20260312000559,20260312000414
2026H1reg,로봇,KB오토시스,코스닥,20260312,1,1,"인공지능 기반 지능형 산업용·서비스용 로봇 및 자동화 시스템 설비의 연구, 개발, 설계, 제조, 판매, 수출입 및 이에 관련된 산업에 대한 직·간접 투자",미영위 사업목적 삭제 및 신 사업목적 추가,https://kind.krx.co.kr/external/2026/03/12/000559/20260312001594/00591.htm,20260312000559,20260312000414
2026H1reg,신재생·에너지·전력,유신,코스닥,20260312,2,13,해상풍력사업 | 해상풍력 지원항만 및 O&M항만,명칭변경 명칭변경 표기정정 표기정정 법령 개정에 따른 해당면허 실효 표기정정 표기정정 명칭변경 명칭변경 사업목적 추가 및 조항번호 수정 사업목적 추가 사업목적 추가 사업목적 추가 사업목적 추가 사업목적 추가에 따른 조항번호 수정,https://kind.krx.co.kr/external/2026/03/12/000511/20260312001505/00591.htm,20260312000511,20260312000388
2026H1reg,조선·해양,유신,코스닥,20260312,1,13,해양이용영향평가 대행자,명칭변경 명칭변경 표기정정 표기정정 법령 개정에 따른 해당면허 실효 표기정정 표기정정 명칭변경 명칭변경 사업목적 추가 및 조항번호 수정 사업목적 추가 사업목적 추가 사업목적 추가 사업목적 추가 사업목적 추가에 따른 조항번호 수정,https://kind.krx.co.kr/external/2026/03/12/000511/20260312001505/00591.htm,20260312000511,20260312000388
2026H1reg,부동산·임대·건설,유신,코스닥,20260312,4,13,"종합건설산업에 대한 토목, 건축의 조사, 측량, 설계, 설계 VE 및 건설사업관리용역, 종합건설기술엔지니어링업 | 안전진단전문기관[(종합)-교량및터널,수리,항만,건축] , 정밀안전점검용역 | 토목(도로, 철도, 공항, 항만, 교량, 수자원, 댐, 상하수도, 플랜트, 터널 등), 건축, 산업설비, 도시 및 단지, 조경 및 환경관련사업 등에 관한 기획, 타당성조사, 설계, 분석, 구매, 조달, 시험, 감리, 시운전, 평가, 자문, 지도 및 기타 엔지니어링산업진흥법 에 의거한 종합건설기술사업 일체 | 엔지니어링사업자 소속 건축사",명칭변경 명칭변경 표기정정 표기정정 법령 개정에 따른 해당면허 실효 표기정정 표기정정 명칭변경 명칭변경 사업목적 추가 및 조항번호 수정 사업목적 추가 사업목적 추가 사업목적 추가 사업목적 추가 사업목적 추가에 따른 조항번호 수정,https://kind.krx.co.kr/external/2026/03/12/000511/20260312001505/00591.htm,20260312000511,20260312000388
2026H1reg,탄소·환경,유신,코스닥,20260312,1,13,"토목(도로, 철도, 공항, 항만, 교량, 수자원, 댐, 상하수도, 플랜트, 터널 등), 건축, 산업설비, 도시 및 단지, 조경 및 환경관련사업 등에 관한 기획, 타당성조사, 설계, 분석, 구매, 조달, 시험, 감리, 시운전, 평가, 자문, 지도 및 기타 엔지니어링산업진흥법 에 의거한 종합건설기술사업 일체",명칭변경 명칭변경 표기정정 표기정정 법령 개정에 따른 해당면허 실효 표기정정 표기정정 명칭변경 명칭변경 사업목적 추가 및 조항번호 수정 사업목적 추가 사업목적 추가 사업목적 추가 사업목적 추가 사업목적 추가에 따른 조항번호 수정,https://kind.krx.co.kr/external/2026/03/12/000511/20260312001505/00591.htm,20260312000511,20260312000388
2026H1reg,바이오·헬스케어,태원물산,유가증권,20260312,1,6,"건강기능식품 제조, 판매 및 수출입업",사업다각화를위한 목적사업추가,https://kind.krx.co.kr/external/2026/03/12/000472/20260312001440/00591.htm,20260312000472,20260312000369
2026H1reg,엔터·콘텐츠·게임,태원물산,유가증권,20260312,1,6,"캐릭터, 브랜드 등 지식재산권의 기획, 개발 및 매니지먼트업",사업다각화를위한 목적사업추가,https://kind.krx.co.kr/external/2026/03/12/000472/20260312001440/00591.htm,20260312000472,20260312000369
2026H1reg,화장품·뷰티,태원물산,유가증권,20260312,1,6,"화장품 제조, 판매 및 수출입업",사업다각화를위한 목적사업추가,https://kind.krx.co.kr/external/2026/03/12/000472/20260312001440/00591.htm,20260312000472,20260312000369
2026H1reg,식품·농업·외식,태원물산,유가증권,20260312,1,6,"건강기능식품 제조, 판매 및 수출입업",사업다각화를위한 목적사업추가,https://kind.krx.co.kr/external/2026/03/12/000472/20260312001440/00591.htm,20260312000472,20260312000369
2026H1reg,AI(인공지능),피씨디렉트,코스닥,20260312,1,2,"인공지능 및 로봇 관련 제품의 판매, 유통 및 관련 사업",사업영역 확장에 따른 목적 추가,https://kind.krx.co.kr/external/2026/03/12/000438/20260312001369/00591.htm,20260312000438,20260312000354
2026H1reg,로봇,피씨디렉트,코스닥,20260312,1,2,"인공지능 및 로봇 관련 제품의 판매, 유통 및 관련 사업",사업영역 확장에 따른 목적 추가,https://kind.krx.co.kr/external/2026/03/12/000438/20260312001369/00591.htm,20260312000438,20260312000354
2026H1reg,신재생·에너지·전력,코윈로보틱스,코스닥,20260312,1,2,태양광 발전업,- 기타 사업장 관련 부대 수익을 위한 사업 추가,https://kind.krx.co.kr/external/2026/03/12/000267/20260312000863/00591.htm,20260312000267,20260312000238
2026H1reg,부동산·임대·건설,코윈로보틱스,코스닥,20260312,1,2,부동산 임대업 및 매매업 17,- 기타 사업장 관련 부대 수익을 위한 사업 추가,https://kind.krx.co.kr/external/2026/03/12/000267/20260312000863/00591.htm,20260312000267,20260312000238
2026H1reg,바이오·헬스케어,펨토바이오메드,코넥스,20260312,2,2,의료기기 및 관련 장비의 임대·리스업 | 제약·바이오 및 의료 관련 인증 자문업,사업 다각화 및 신규 수익모델 확보,https://kind.krx.co.kr/external/2026/03/12/000136/20260312000424/00591.htm,20260312000136,20260312000103
2026H1reg,신재생·에너지·전력,성우하이텍,코스닥,20260312,1,1,태양광 발전업,사업목적추가,https://kind.krx.co.kr/external/2026/03/12/000130/20260312000410/00591.htm,20260312000130,20260312000099
2026H1reg,클라우드·SW·빅데이터,동우팜투테이블,코스닥,20260312,2,3,"소프트웨어 개발, 제작 및 판매업 | 데이터베이스 및 온라인 정보제공업",전산 시스템 설계 및 구축 서비스업 등 신규사업 진출,https://kind.krx.co.kr/external/2026/03/12/000129/20260312000409/00591.htm,20260312000129,20260312000097
2026H1reg,바이오·헬스케어,고바이오랩,코스닥,20260311,3,3,"의약품, 의료기기 등의 제조 및 판매업 | 의약품, 의약품 원료의 매매 및 이와 관련한 서비스 및 상품의 매매업 | 식품원료, 건강기능식품원료의 제조, 판매 및 이와 관련한 서비스 상품의 매매업",사업범위 확장,https://kind.krx.co.kr/external/2026/03/11/002546/20260311005618/00591.htm,20260311002546,20260311004588
2026H1reg,식품·농업·외식,고바이오랩,코스닥,20260311,1,3,"식품원료, 건강기능식품원료의 제조, 판매 및 이와 관련한 서비스 상품의 매매업",사업범위 확장,https://kind.krx.co.kr/external/2026/03/11/002546/20260311005618/00591.htm,20260311002546,20260311004588
2026H1reg,바이오·헬스케어,덴티스,코스닥,20260311,1,1,건강기능식품일반판매업,17.태양광발전사업 추가,https://kind.krx.co.kr/external/2026/03/11/002505/20260311005560/00591.htm,20260311002505,20260311004561
2026H1reg,식품·농업·외식,덴티스,코스닥,20260311,1,1,건강기능식품일반판매업,17.태양광발전사업 추가,https://kind.krx.co.kr/external/2026/03/11/002505/20260311005560/00591.htm,20260311002505,20260311004561
2026H1reg,AI(인공지능),스피어,코스닥,20260311,2,8,"인공지능(AI) 기반 머신러닝, 딥러닝 관련 소프트웨어 개발 및 공급 | 인공지능(AI) 기반 데이터센터의 구축, 운영, 관리 및 관련 서비스업",사업 확장을 위한 목적사업 추가,https://kind.krx.co.kr/external/2026/03/11/002414/20260311005371/00591.htm,20260311002414,20260311004512
2026H1reg,로봇,스피어,코스닥,20260311,3,8,"산업용 휴머노이드 로봇, 지능형 로봇, 의료용 로봇과 동 부품 및 시스템의 개발, 제조 및 판매업 | 스마트팩토리, 로봇자동화 기계, 설비 제조 및 판매업 | 로봇 부품 및 부분품 유통, 판매업",사업 확장을 위한 목적사업 추가,https://kind.krx.co.kr/external/2026/03/11/002414/20260311005371/00591.htm,20260311002414,20260311004512
2026H1reg,데이터센터,스피어,코스닥,20260311,1,8,"인공지능(AI) 기반 데이터센터의 구축, 운영, 관리 및 관련 서비스업",사업 확장을 위한 목적사업 추가,https://kind.krx.co.kr/external/2026/03/11/002414/20260311005371/00591.htm,20260311002414,20260311004512
2026H1reg,클라우드·SW·빅데이터,스피어,코스닥,20260311,1,8,"인공지능(AI) 기반 머신러닝, 딥러닝 관련 소프트웨어 개발 및 공급",사업 확장을 위한 목적사업 추가,https://kind.krx.co.kr/external/2026/03/11/002414/20260311005371/00591.htm,20260311002414,20260311004512
2026H1reg,우주항공,스피어,코스닥,20260311,1,8,"위성통신기기 및 위성시스템 관련 개발, 제조, 설치, 판매 및 부가통신사업",사업 확장을 위한 목적사업 추가,https://kind.krx.co.kr/external/2026/03/11/002414/20260311005371/00591.htm,20260311002414,20260311004512
2026H1reg,바이오·헬스케어,스피어,코스닥,20260311,1,8,"산업용 휴머노이드 로봇, 지능형 로봇, 의료용 로봇과 동 부품 및 시스템의 개발, 제조 및 판매업",사업 확장을 위한 목적사업 추가,https://kind.krx.co.kr/external/2026/03/11/002414/20260311005371/00591.htm,20260311002414,20260311004512
2026H1reg,클라우드·SW·빅데이터,KT밀리의서재,코스닥,20260311,1,2,데이터베이스 및 온라인 정보 제공업,- 독서연계 신사업 추진에 따른 사업목적 추가,https://kind.krx.co.kr/external/2026/03/11/002403/20260311005351/00591.htm,20260311002403,20260311004506
2026H1reg,신재생·에너지·전력,폴라리스세원,코스닥,20260311,1,1,태양광발전 사업 및 전기생산 판매업,ESG경영에 따른 신규사업목적 추가,https://kind.krx.co.kr/external/2026/03/11/002374/20260311005307/00591.htm,20260311002374,20260311004491
2026H1reg,로봇,쿠쿠홈시스,유가증권,20260311,2,4,"프랜차이즈 및 식음료 산업 관련 로봇 솔루션 제공업 | 자동조리로봇의 판매, 유통, 설치 및 유지보수(유상수리) 서비스업",사업목적 추가,https://kind.krx.co.kr/external/2026/03/11/002369/20260311005292/00591.htm,20260311002369,20260311004490
2026H1reg,화장품·뷰티,쿠쿠홈시스,유가증권,20260311,1,4,뷰티 디바이스를 이용한 시술 서비스업,사업목적 추가,https://kind.krx.co.kr/external/2026/03/11/002369/20260311005292/00591.htm,20260311002369,20260311004490
2026H1reg,식품·농업·외식,쿠쿠홈시스,유가증권,20260311,1,4,프랜차이즈 및 식음료 산업 관련 로봇 솔루션 제공업,사업목적 추가,https://kind.krx.co.kr/external/2026/03/11/002369/20260311005292/00591.htm,20260311002369,20260311004490
2026H1reg,AI(인공지능),카카오,유가증권,20260311,1,1,인공지능 개발 및 이용업,AI 기술 기반 서비스 고도화 및 신규 사업에 따른 목적 추가,https://kind.krx.co.kr/external/2026/03/11/002356/20260311005273/00591.htm,20260311002356,20260311004482
2026H1reg,바이오·헬스케어,아센디오,유가증권,20260311,1,8,건강 기능식품 제조업,사업목적 추가,https://kind.krx.co.kr/external/2026/03/11/002336/20260311005235/00591.htm,20260311002336,20260311004472
2026H1reg,화장품·뷰티,아센디오,유가증권,20260311,1,8,"화장품 제조, 도소매업, 화장품 소분업",사업목적 추가,https://kind.krx.co.kr/external/2026/03/11/002336/20260311005235/00591.htm,20260311002336,20260311004472
2026H1reg,식품·농업·외식,아센디오,유가증권,20260311,5,8,"신선 식품 및 단순 가공 식품 도매업 | 건강 보조식품 도, 소매업 | 건강 기능식품 제조업 | 그 외 기타 식료품 제조업, 비알콜음료 제조업 | 음료 소매업",사업목적 추가,https://kind.krx.co.kr/external/2026/03/11/002336/20260311005235/00591.htm,20260311002336,20260311004472
2026H1reg,화장품·뷰티,CJ CGV,유가증권,20260311,1,1,화장품·미용용품 유통 및 중개업,[사업목적추가] 1.~26. 현행유지 신규사업을 위한 사업목적 추가,https://kind.krx.co.kr/external/2026/03/11/002254/20260311005068/00591.htm,20260311002254,20260311004427
2026H1reg,클라우드·SW·빅데이터,아이에스동서,유가증권,20260311,1,22,"소프트웨어 자문, 개발 및 공급업",목적사업 추가,https://kind.krx.co.kr/external/2026/03/11/002210/20260311004990/00591.htm,20260311002210,20260311004411
2026H1reg,부동산·임대·건설,아이에스동서,유가증권,20260311,2,22,호텔분양업 | 요트 임대 및 분양업,목적사업 추가,https://kind.krx.co.kr/external/2026/03/11/002210/20260311004990/00591.htm,20260311002210,20260311004411
2026H1reg,엔터·콘텐츠·게임,아이에스동서,유가증권,20260311,1,22,영화관 상영 및 운영업,목적사업 추가,https://kind.krx.co.kr/external/2026/03/11/002210/20260311004990/00591.htm,20260311002210,20260311004411
2026H1reg,식품·농업·외식,아이에스동서,유가증권,20260311,2,22,일반 음식점업 | 휴게 음식점업,목적사업 추가,https://kind.krx.co.kr/external/2026/03/11/002210/20260311004990/00591.htm,20260311002210,20260311004411
2026H1reg,클라우드·SW·빅데이터,미래컴퍼니,코스닥,20260311,1,1,"소프트웨어 및 프로그램의 개발, 제조, 판매, 임대, 서비스업",사업목적 추가 및 순서 변경에 따른 번호 수정,https://kind.krx.co.kr/external/2026/03/11/002088/20260311004795/00591.htm,20260311002088,20260311004365
2026H1reg,부동산·임대·건설,누리플랜,코스닥,20260311,4,5,"종합건설업(토목건축공사업) | 건축 철골 구조물 제작, 설치업 | 건축자재 수입업 | 건축자재 도소매업",신규 사업을 위한 사업목적 변경 및 추가,https://kind.krx.co.kr/external/2026/03/11/002038/20260311004735/00591.htm,20260311002038,20260311004356
2026H1reg,바이오·헬스케어,다우기술,유가증권,20260311,1,3,건강기능식품판매업,신규 사업목적 추가,https://kind.krx.co.kr/external/2026/03/11/002006/20260311004679/00591.htm,20260311002006,20260311004340
2026H1reg,식품·농업·외식,다우기술,유가증권,20260311,1,3,건강기능식품판매업,신규 사업목적 추가,https://kind.krx.co.kr/external/2026/03/11/002006/20260311004679/00591.htm,20260311002006,20260311004340
2026H1reg,AI(인공지능),드림시큐리티,코스닥,20260311,4,10,"빅데이터, 인공지능(AI), 블록체인 데이터 분석 및 개발, 판매, 유지보수업 | 인공지능(AI), 가상현실(VR), 증강현실(AR) 관련 제품, 서비스 개발 및 공급업 | 인공지능 기반 버추얼 휴먼 활용 콘텐츠 제작 및 유통, 콘텐츠 활용 파생 사업 | 인공지능(AI) 활용한 디지털콘텐츠 제작업 및 유통, 서비스업",사업목적 추가,https://kind.krx.co.kr/external/2026/03/11/001983/20260311004636/00591.htm,20260311001983,20260311004325
2026H1reg,클라우드·SW·빅데이터,드림시큐리티,코스닥,20260311,4,10,"블록체인 관련 소프트웨어 개발 및 판매업 | 빅데이터, 인공지능(AI), 블록체인 데이터 분석 및 개발, 판매, 유지보수업 | 디지털트윈 소프트웨어 및 플랫폼 개발 및 그와 관련된 유통, 서비스업 | 레이더·무기 시스템 관련 소프트웨어 개발 및 판매업",사업목적 추가,https://kind.krx.co.kr/external/2026/03/11/001983/20260311004636/00591.htm,20260311001983,20260311004325
2026H1reg,방산,드림시큐리티,코스닥,20260311,1,10,무기체계·전자장비·통신장비 제조·조립·개량·정비,사업목적 추가,https://kind.krx.co.kr/external/2026/03/11/001983/20260311004636/00591.htm,20260311001983,20260311004325
2026H1reg,디지털자산·블록체인·STO(스테이블코인),드림시큐리티,코스닥,20260311,4,10,"블록체인 관련 소프트웨어 개발 및 판매업 | 블록체인 관련 정보 서비스업 | 빅데이터, 인공지능(AI), 블록체인 데이터 분석 및 개발, 판매, 유지보수업 | 가상 자산의 개발 및 매매, 중개업",사업목적 추가,https://kind.krx.co.kr/external/2026/03/11/001983/20260311004636/00591.htm,20260311001983,20260311004325
2026H1reg,엔터·콘텐츠·게임,드림시큐리티,코스닥,20260311,2,10,"인공지능 기반 버추얼 휴먼 활용 콘텐츠 제작 및 유통, 콘텐츠 활용 파생 사업 | 인공지능(AI) 활용한 디지털콘텐츠 제작업 및 유통, 서비스업",사업목적 추가,https://kind.krx.co.kr/external/2026/03/11/001983/20260311004636/00591.htm,20260311001983,20260311004325
2026H1reg,AI(인공지능),엑셀세라퓨틱스,코스닥,20260311,1,5,인공지능 기반의 고객맞춤형 배지개발 플랫폼 개발 및 서비스업,신규 사업 목적 추가,https://kind.krx.co.kr/external/2026/03/11/001954/20260311004595/00591.htm,20260311001954,20260311004313
2026H1reg,클라우드·SW·빅데이터,엑셀세라퓨틱스,코스닥,20260311,1,5,인공지능 기반의 고객맞춤형 배지개발 플랫폼 개발 및 서비스업,신규 사업 목적 추가,https://kind.krx.co.kr/external/2026/03/11/001954/20260311004595/00591.htm,20260311001954,20260311004313
2026H1reg,바이오·헬스케어,엑셀세라퓨틱스,코스닥,20260311,3,5,"바이오의약품 제조공정개발 및 위탁서비스업 | 세포처리시설(CPC)의 구축, 운영 및 관리업과 관련 세포 처리, 배양, 보관, 분석 및 품질관리 서비스업 | 일반의약품(OTC), 의약외품, 의료기기의 도소매, 유통 판매 및 수출입업",신규 사업 목적 추가,https://kind.krx.co.kr/external/2026/03/11/001954/20260311004595/00591.htm,20260311001954,20260311004313
2026H1reg,화장품·뷰티,엑셀세라퓨틱스,코스닥,20260311,1,5,"스킨부스터, 미용·피부개선용 주사제 및 관련 제재의 연구, 개발, 제조, 유통 판매 및 수출입업",신규 사업 목적 추가,https://kind.krx.co.kr/external/2026/03/11/001954/20260311004595/00591.htm,20260311001954,20260311004313
2026H1reg,부동산·임대·건설,씨유테크,코스닥,20260311,1,1,부동산 임대업,당사 보유의 여유공간에 대하여 임대가 가능하도록 정관의 목적에 부동산임대업을 추가하고 기타에 대하여는 코스닥 표준정관에 준하여 문구 수정하는 것임.,https://kind.krx.co.kr/external/2026/03/11/001857/20260311004344/00591.htm,20260311001857,20260311004260
2026H1reg,투자·금융,나라스페이스테크놀로지,코스닥,20260311,1,2,"타 법인, 투자조합, 집합투자기구에 대한 출자 및 투자업",사업목적 추가,https://kind.krx.co.kr/external/2026/03/11/001856/20260311004343/00591.htm,20260311001856,20260311004259
2026H1reg,방산,이렘,코스닥,20260311,3,5,"무기 및 총포탄 제조업 | 군수품의 제조,판매,보관 및 수송업 | 군납업",사업목적추가,https://kind.krx.co.kr/external/2026/03/11/001846/20260311004326/00591.htm,20260311001846,20260311004254
2026H1reg,부동산·임대·건설,이렘,코스닥,20260311,1,5,모듈러건축물 제작/ 관리/ 설계/유통업,사업목적추가,https://kind.krx.co.kr/external/2026/03/11/001846/20260311004326/00591.htm,20260311001846,20260311004254
2026H1reg,엔터·콘텐츠·게임,SB성보,유가증권,20260311,1,6,공연시설 운영업,* 기업경영에 필요한 목적 사업 추가,https://kind.krx.co.kr/external/2026/03/11/001840/20260311004308/00591.htm,20260311001840,20260311004249
2026H1reg,교육,SB성보,유가증권,20260311,1,6,스마트팜 체험교육 서비스업,* 기업경영에 필요한 목적 사업 추가,https://kind.krx.co.kr/external/2026/03/11/001840/20260311004308/00591.htm,20260311001840,20260311004249
2026H1reg,바이오·헬스케어,우성머티리얼스,유가증권,20260311,1,6,에너지 및 자원 재활용 사업,사업의다각화,https://kind.krx.co.kr/external/2026/03/11/001839/20260311004307/00591.htm,20260311001839,20260311004250
2026H1reg,희토류·핵심광물·소재,우성머티리얼스,유가증권,20260311,4,6,"광물 자원의 탐사, 개발, 채굴, 제련, 가공 및 판매업 | 광산 개발, 운영 및 관리업 | 희유금속, 비철금속, 철광석, 귀금속, 기타 광물의 수출입업 | 광산 관련 플랜트 설치, 유지관리 및 시공업",사업의다각화,https://kind.krx.co.kr/external/2026/03/11/001839/20260311004307/00591.htm,20260311001839,20260311004250
2026H1reg,탄소·환경,우성머티리얼스,유가증권,20260311,1,6,에너지 및 자원 재활용 사업,사업의다각화,https://kind.krx.co.kr/external/2026/03/11/001839/20260311004307/00591.htm,20260311001839,20260311004250
2026H1reg,로봇,세림B&G,코스닥,20260311,3,4,로봇 및 부품 할부판매업 | 로봇 및 부품 임대업 | 로봇 및 부품의 운영지원 용역 및 서비스업,목적사업 추가,https://kind.krx.co.kr/external/2026/03/11/001793/20260311004197/00591.htm,20260311001793,20260311004215
2026H1reg,탄소·환경,세림B&G,코스닥,20260311,1,4,친환경 생분해성 제품의 제조 및 판매업,목적사업 추가,https://kind.krx.co.kr/external/2026/03/11/001793/20260311004197/00591.htm,20260311001793,20260311004215
2026H1reg,AI(인공지능),엔지켐생명과학,코스닥,20260311,1,7,"AI, 로봇, 로봇 부품, 로봇 하드웨어 및 소프트웨어 제조 및 판매업","AI 로봇 등 신사업 추진 관련 조항 추가, 미영위 사업목적 삭제 , 사업목적 번호 정비",https://kind.krx.co.kr/external/2026/03/11/001768/20260311004153/00591.htm,20260311001768,20260311004195
2026H1reg,로봇,엔지켐생명과학,코스닥,20260311,1,7,"AI, 로봇, 로봇 부품, 로봇 하드웨어 및 소프트웨어 제조 및 판매업","AI 로봇 등 신사업 추진 관련 조항 추가, 미영위 사업목적 삭제 , 사업목적 번호 정비",https://kind.krx.co.kr/external/2026/03/11/001768/20260311004153/00591.htm,20260311001768,20260311004195
2026H1reg,클라우드·SW·빅데이터,엔지켐생명과학,코스닥,20260311,1,7,"AI, 로봇, 로봇 부품, 로봇 하드웨어 및 소프트웨어 제조 및 판매업","AI 로봇 등 신사업 추진 관련 조항 추가, 미영위 사업목적 삭제 , 사업목적 번호 정비",https://kind.krx.co.kr/external/2026/03/11/001768/20260311004153/00591.htm,20260311001768,20260311004195
2026H1reg,바이오·헬스케어,엔지켐생명과학,코스닥,20260311,1,7,의료기기 렌탈업,"AI 로봇 등 신사업 추진 관련 조항 추가, 미영위 사업목적 삭제 , 사업목적 번호 정비",https://kind.krx.co.kr/external/2026/03/11/001768/20260311004153/00591.htm,20260311001768,20260311004195
2026H1reg,부동산·임대·건설,동양,유가증권,20260311,1,3,부동산의 개발업,사업포트폴리오 강화를 위한 사업목적 추가,https://kind.krx.co.kr/external/2026/03/11/001758/20260311004135/00591.htm,20260311001758,20260311004188
2026H1reg,투자·금융,동양,유가증권,20260311,2,3,"기타 금융 투자업(보유자금의 금융상품 투자, 펀드 출자 , 자산관리 ) | 프로젝트금융투자회사의 자산관리업",사업포트폴리오 강화를 위한 사업목적 추가,https://kind.krx.co.kr/external/2026/03/11/001758/20260311004135/00591.htm,20260311001758,20260311004188
2026H1reg,방산,코칩,코스닥,20260311,1,2,방산용 이차전지 연구개발 및 판매업,"사업목적 추가(7,8호) 및 일련번호 정정",https://kind.krx.co.kr/external/2026/03/11/001668/20260311003998/00591.htm,20260311001668,20260311004145
2026H1reg,2차전지·배터리,코칩,코스닥,20260311,2,2,"방산용 이차전지 연구개발 및 판매업 | AGV, AMR용 이차전지 개발업 및 판매업","사업목적 추가(7,8호) 및 일련번호 정정",https://kind.krx.co.kr/external/2026/03/11/001668/20260311003998/00591.htm,20260311001668,20260311004145
2026H1reg,바이오·헬스케어,아리바이오홀딩스,코스닥,20260311,1,22,"화장품, 의류, 패션잡화, 건강기능식품 도소매업 및 수출입업",신규사업 추진을 통한 사업다각화 모색,https://kind.krx.co.kr/external/2026/03/11/001652/20260311003966/00591.htm,20260311001652,20260311004136
2026H1reg,조선·해양,아리바이오홀딩스,코스닥,20260311,1,22,"선박(유람선 포함) 매매, 임대, 관리 및 수리업",신규사업 추진을 통한 사업다각화 모색,https://kind.krx.co.kr/external/2026/03/11/001652/20260311003966/00591.htm,20260311001652,20260311004136
2026H1reg,부동산·임대·건설,아리바이오홀딩스,코스닥,20260311,2,22,주차장 운영업 및 주차 시설물 관리업 | 부동산 관리업 및 전대업,신규사업 추진을 통한 사업다각화 모색,https://kind.krx.co.kr/external/2026/03/11/001652/20260311003966/00591.htm,20260311001652,20260311004136
2026H1reg,엔터·콘텐츠·게임,아리바이오홀딩스,코스닥,20260311,2,22,"디지털 콘텐츠 기획, 제작, 유통 및 서비스업 | 실감형 콘텐츠(VR, AR, MR), 홀로그램 및 미디어파사드 연출업",신규사업 추진을 통한 사업다각화 모색,https://kind.krx.co.kr/external/2026/03/11/001652/20260311003966/00591.htm,20260311001652,20260311004136
2026H1reg,화장품·뷰티,아리바이오홀딩스,코스닥,20260311,1,22,"화장품, 의류, 패션잡화, 건강기능식품 도소매업 및 수출입업",신규사업 추진을 통한 사업다각화 모색,https://kind.krx.co.kr/external/2026/03/11/001652/20260311003966/00591.htm,20260311001652,20260311004136
2026H1reg,식품·농업·외식,아리바이오홀딩스,코스닥,20260311,2,22,"화장품, 의류, 패션잡화, 건강기능식품 도소매업 및 수출입업 | 일반 음식점업, 휴게 음식점업 및 주류 판매업",신규사업 추진을 통한 사업다각화 모색,https://kind.krx.co.kr/external/2026/03/11/001652/20260311003966/00591.htm,20260311001652,20260311004136
2026H1reg,교육,아이스크림에듀,코스닥,20260311,2,4,"원격 평생 교육사업, 원격교육사업 | 온라인교육서비스업",- 신규사업을 위한 사업목적 추가와 미영위 사업내용 삭제,https://kind.krx.co.kr/external/2026/03/11/001602/20260311003872/00591.htm,20260311001602,20260311004109
2026H1reg,반도체,APS,코스닥,20260311,1,12,"반도체 관련 장비, 정밀부품 및 소재 제조, 판매, 세정, 보수업",㈜제니스월드 흡수합병에 따른 사업 목적 추가,https://kind.krx.co.kr/external/2026/03/11/001468/20260311003547/00591.htm,20260311001468,20260311004023
2026H1reg,방산,APS,코스닥,20260311,1,12,"자동차, 조선, 방위산업 관련 장비, 정밀부품 및 소재 제조, 판매, 세정, 보수업",㈜제니스월드 흡수합병에 따른 사업 목적 추가,https://kind.krx.co.kr/external/2026/03/11/001468/20260311003547/00591.htm,20260311001468,20260311004023
2026H1reg,우주항공,APS,코스닥,20260311,1,12,"항공우주산업 관련 장비, 정밀부품 및 소재 제조, 판매, 세정 보수업",㈜제니스월드 흡수합병에 따른 사업 목적 추가,https://kind.krx.co.kr/external/2026/03/11/001468/20260311003547/00591.htm,20260311001468,20260311004023
2026H1reg,2차전지·배터리,APS,코스닥,20260311,1,12,"이차 전지 관련 장비, 정밀부품 및 소재 제조, 판매, 세정, 보수업",㈜제니스월드 흡수합병에 따른 사업 목적 추가,https://kind.krx.co.kr/external/2026/03/11/001468/20260311003547/00591.htm,20260311001468,20260311004023
2026H1reg,신재생·에너지·전력,APS,코스닥,20260311,2,12,"수소 등 청정에너지 관련 장비 및 부품 제조, 판매업 | 수전해 설비, 수소연료전지 관련 장비 및 부품 제조, 판매업",㈜제니스월드 흡수합병에 따른 사업 목적 추가,https://kind.krx.co.kr/external/2026/03/11/001468/20260311003547/00591.htm,20260311001468,20260311004023
2026H1reg,조선·해양,APS,코스닥,20260311,1,12,"자동차, 조선, 방위산업 관련 장비, 정밀부품 및 소재 제조, 판매, 세정, 보수업",㈜제니스월드 흡수합병에 따른 사업 목적 추가,https://kind.krx.co.kr/external/2026/03/11/001468/20260311003547/00591.htm,20260311001468,20260311004023
2026H1reg,2차전지·배터리,원익피앤이,코스닥,20260311,1,6,배터리 시스템 제조 및 판매업,종속회사와의 합병완료에 따른 신설 및 자구수정,https://kind.krx.co.kr/external/2026/03/11/001467/20260311003546/00591.htm,20260311001467,20260311004022
2026H1reg,신재생·에너지·전력,원익피앤이,코스닥,20260311,1,6,전기차충전서비스 사업,종속회사와의 합병완료에 따른 신설 및 자구수정,https://kind.krx.co.kr/external/2026/03/11/001467/20260311003546/00591.htm,20260311001467,20260311004022
2026H1reg,모빌리티·전기차·자율주행,원익피앤이,코스닥,20260311,2,6,전기차충전서비스 사업 | 전기자동차충전업,종속회사와의 합병완료에 따른 신설 및 자구수정,https://kind.krx.co.kr/external/2026/03/11/001467/20260311003546/00591.htm,20260311001467,20260311004022
2026H1reg,로봇,TPC로보틱스,코스닥,20260311,3,3,"로봇, 로봇 부품 제조 및 판매 | 로봇자동화 기계, 설비 제조 및 판매 | 로봇 관련 교육, 컨텐츠 서비스 사업",사업다각화에 따른 목적사업 추가,https://kind.krx.co.kr/external/2026/03/11/001409/20260311003431/00591.htm,20260311001409,20260311003987
2026H1reg,엔터·콘텐츠·게임,TPC로보틱스,코스닥,20260311,1,3,"로봇 관련 교육, 컨텐츠 서비스 사업",사업다각화에 따른 목적사업 추가,https://kind.krx.co.kr/external/2026/03/11/001409/20260311003431/00591.htm,20260311001409,20260311003987
2026H1reg,교육,TPC로보틱스,코스닥,20260311,1,3,"로봇 관련 교육, 컨텐츠 서비스 사업",사업다각화에 따른 목적사업 추가,https://kind.krx.co.kr/external/2026/03/11/001409/20260311003431/00591.htm,20260311001409,20260311003987
2026H1reg,투자·금융,LIG아큐버,코스닥,20260311,1,2,신기술사업투자조합의 업무집행조합원으로서의 업무,신사업투자를 고려한 목적사업 추가,https://kind.krx.co.kr/external/2026/03/11/001334/20260311003268/00591.htm,20260311001334,20260311003952
2026H1reg,바이오·헬스케어,종근당,유가증권,20260311,1,1,"의약품, 의약외품, 건강기능식품 및 화학물질 등의 시험·검사·분석 수탁업",시험수탁 사업 진행에 부합하는 정관상의 사업 목적 추가,https://kind.krx.co.kr/external/2026/03/11/001286/20260311003182/00591.htm,20260311001286,20260311003926
2026H1reg,식품·농업·외식,종근당,유가증권,20260311,1,1,"의약품, 의약외품, 건강기능식품 및 화학물질 등의 시험·검사·분석 수탁업",시험수탁 사업 진행에 부합하는 정관상의 사업 목적 추가,https://kind.krx.co.kr/external/2026/03/11/001286/20260311003182/00591.htm,20260311001286,20260311003926
2026H1reg,AI(인공지능),퀀텀레일,코스닥,20260311,2,12,인공지능(AI)과 양자 컴퓨팅을 결합한 하이브리드 데이터 처리 및 분석업 | 실시간 물리 시스템 제어를 위한 피지컬 인공지능(Physical AI) 알고리즘 및 솔루션 개발업,미영위 사업목적 삭제 36~49항 번호 정비 / 신규사업목적추가,https://kind.krx.co.kr/external/2026/03/11/001107/20260311002818/00591.htm,20260311001107,20260311003831
2026H1reg,클라우드·SW·빅데이터,퀀텀레일,코스닥,20260311,4,12,"양자 컴퓨팅 클라우드 서비스 플랫폼 구축 및 운영업(QaaS, Quantum as a Service) | 양자 컴퓨팅용 운영체제(OS) 및 소프트웨어 개발도구(SDK) 개발 및 공급업 | 범용 양자 컴퓨터 및 특정 목적형(ASIC) 양자 프로세서 소프트웨어 개발업 | 인공지능(AI)과 양자 컴퓨팅을 결합한 하이브리드 데이터 처리 및 분석업",미영위 사업목적 삭제 36~49항 번호 정비 / 신규사업목적추가,https://kind.krx.co.kr/external/2026/03/11/001107/20260311002818/00591.htm,20260311001107,20260311003831
2026H1reg,방산,퀀텀레일,코스닥,20260311,1,12,"국방, 금융, 행정용 초보안 양자 통신 서비스업",미영위 사업목적 삭제 36~49항 번호 정비 / 신규사업목적추가,https://kind.krx.co.kr/external/2026/03/11/001107/20260311002818/00591.htm,20260311001107,20260311003831
2026H1reg,양자,퀀텀레일,코스닥,20260311,11,12,"양자 컴퓨팅 클라우드 서비스 플랫폼 구축 및 운영업(QaaS, Quantum as a Service) | 양자 컴퓨팅용 운영체제(OS) 및 소프트웨어 개발도구(SDK) 개발 및 공급업 | 범용 양자 컴퓨터 및 특정 목적형(ASIC) 양자 프로세서 소프트웨어 개발업 | 양자 암호 키 분배(QKD) 시스템 및 장비 개발, 제조 및 판매업 | 양자 난수 생성기(QRNG) 칩셋 및 하드웨어 개발 및 솔루션 공급업 | 양자 내성 암호(PQC) 알고리즘 및 보안 솔루션 개발업 | 양자 보안 통신망(Quantum Network) 구축, 운영 및 유지보수업 | 국방, 금융, 행정용 초보안 양자 통신 서비스업 | 인공지능(AI)과 양자 컴퓨팅을 결합한 하이브리드 데이터 처리 및 분석업 | 양자 기술 관련 지식재산권(IP)의",미영위 사업목적 삭제 36~49항 번호 정비 / 신규사업목적추가,https://kind.krx.co.kr/external/2026/03/11/001107/20260311002818/00591.htm,20260311001107,20260311003831
2026H1reg,교육,퀀텀레일,코스닥,20260311,1,12,양자 컴퓨팅 교육 서비스 및 전문 인력 양성 사업,미영위 사업목적 삭제 36~49항 번호 정비 / 신규사업목적추가,https://kind.krx.co.kr/external/2026/03/11/001107/20260311002818/00591.htm,20260311001107,20260311003831
2026H1reg,바이오·헬스케어,CMG제약,코스닥,20260311,1,1,"동물용 의약품, 의료기기 및 의료용품 개발, 제조 및 판매업",사업다각화를 위한 사업목적 추가 및 조문번호 변경,https://kind.krx.co.kr/external/2026/03/11/001101/20260311002808/00591.htm,20260311001101,20260311003826
2026H1reg,AI(인공지능),HLB바이오스텝,코스닥,20260311,2,9,"인공지능 솔루션 적용 기기 연구개발 및 공급업 | 인공지능, 빅데이터 기술을 활용한 제품, 서비스의 개발 및 공급업 51 52 화장품, 기능성화장품, 위생용품, 의료용구의 연구, 개발, 제조, 판매, 유통 및 수출입업 53 헬스케어 관련 상품의 개발, 제조, 서비스, 유통 및 수출입업",사업다각화 및 신규 사업 추진을 위한 목적 추가 조문번호 수정 (7. ~ 36. → 9. ~ 38.) 조문번호 수정 (37. ~ 41. → 44. ~ 48.) 조문번호 수정 (42. → 51.) 조문번호 수정 (43. ~ 44. → 54. ~ 55.),https://kind.krx.co.kr/external/2026/03/11/001096/20260311002792/00591.htm,20260311001096,20260311003821
2026H1reg,클라우드·SW·빅데이터,HLB바이오스텝,코스닥,20260311,3,9,"생명공학기술을 이용한 비임상평가 플랫폼의 연구, 개발, 제조, 판매, 유통, 수출입업 | 생명공학기술을 이용한 비임상평가 플랫폼 관련 용역사업, 수탁사업, 자문업 | 인공지능, 빅데이터 기술을 활용한 제품, 서비스의 개발 및 공급업 51 52 화장품, 기능성화장품, 위생용품, 의료용구의 연구, 개발, 제조, 판매, 유통 및 수출입업 53 헬스케어 관련 상품의 개발, 제조, 서비스, 유통 및 수출입업",사업다각화 및 신규 사업 추진을 위한 목적 추가 조문번호 수정 (7. ~ 36. → 9. ~ 38.) 조문번호 수정 (37. ~ 41. → 44. ~ 48.) 조문번호 수정 (42. → 51.) 조문번호 수정 (43. ~ 44. → 54. ~ 55.),https://kind.krx.co.kr/external/2026/03/11/001096/20260311002792/00591.htm,20260311001096,20260311003821
2026H1reg,바이오·헬스케어,HLB바이오스텝,코스닥,20260311,6,9,"의료용구, 의료용재료 제조 및 판매 | 전자의료 기기 제조 및 판매업 | 세포 배양과 관련된 장비 및 증식 미디어, 분화 미디어 제조, 개발 및 서비스업 | 첨단바이오의약품의 연구, 개발, 제조, 판매업 | 세포가공 및 배양 제품의 제조, 판매, 유통, 수출입업 | 인공지능, 빅데이터 기술을 활용한 제품, 서비스의 개발 및 공급업 51 52 화장품, 기능성화장품, 위생용품, 의료용구의 연구, 개발, 제조, 판매, 유통 및 수출입업 53 헬스케어 관련 상품의 개발, 제조, 서비스, 유통 및 수출입업",사업다각화 및 신규 사업 추진을 위한 목적 추가 조문번호 수정 (7. ~ 36. → 9. ~ 38.) 조문번호 수정 (37. ~ 41. → 44. ~ 48.) 조문번호 수정 (42. → 51.) 조문번호 수정 (43. ~ 44. → 54. ~ 55.),https://kind.krx.co.kr/external/2026/03/11/001096/20260311002792/00591.htm,20260311001096,20260311003821
2026H1reg,화장품·뷰티,HLB바이오스텝,코스닥,20260311,1,9,"인공지능, 빅데이터 기술을 활용한 제품, 서비스의 개발 및 공급업 51 52 화장품, 기능성화장품, 위생용품, 의료용구의 연구, 개발, 제조, 판매, 유통 및 수출입업 53 헬스케어 관련 상품의 개발, 제조, 서비스, 유통 및 수출입업",사업다각화 및 신규 사업 추진을 위한 목적 추가 조문번호 수정 (7. ~ 36. → 9. ~ 38.) 조문번호 수정 (37. ~ 41. → 44. ~ 48.) 조문번호 수정 (42. → 51.) 조문번호 수정 (43. ~ 44. → 54. ~ 55.),https://kind.krx.co.kr/external/2026/03/11/001096/20260311002792/00591.htm,20260311001096,20260311003821
2026H1reg,로봇,제이스로보틱스,코스닥,20260311,2,3,"로보틱스 자동화 설비 및 시스템의 개발, 제조 및 판매업 | 자율이송로봇 및 물류 자동화 시스템의 개발, 공급 및 서비스업",[목적추가] 회사의 사업 영역 확대 및 중장기 경영전략 반영을 위한 사업목적 추가 및 조문 정비(번호 변경),https://kind.krx.co.kr/external/2026/03/11/001067/20260311002728/00591.htm,20260311001067,20260311003803
2026H1reg,클라우드·SW·빅데이터,더즌,코스닥,20260311,2,7,블록체인 기반 시스템 및 응용 소프트웨어 개발 및 공급업 | 블록체인 기반 소프트웨어 개발 및 관련 사업,신규사업 추진을 위한 사업목적 추가,https://kind.krx.co.kr/external/2026/03/11/001058/20260311002720/00591.htm,20260311001058,20260311003797
2026H1reg,디지털자산·블록체인·STO(스테이블코인),더즌,코스닥,20260311,4,7,블록체인 기반 시스템 및 응용 소프트웨어 개발 및 공급업 | 블록체인 기반 암호화 자산 매매 및 중개업 | 블록체인 기반 소프트웨어 개발 및 관련 사업 | 블록체인 기술 관련 기타 서비스업,신규사업 추진을 위한 사업목적 추가,https://kind.krx.co.kr/external/2026/03/11/001058/20260311002720/00591.htm,20260311001058,20260311003797
2026H1reg,전자지급·결제(PG·선불),더즌,코스닥,20260311,1,7,선불전자지급수단 발행 및 관리업,신규사업 추진을 위한 사업목적 추가,https://kind.krx.co.kr/external/2026/03/11/001058/20260311002720/00591.htm,20260311001058,20260311003797
2026H1reg,신재생·에너지·전력,케이엔제이,코스닥,20260311,1,5,신재생에너지 사업,사업목적추가,https://kind.krx.co.kr/external/2026/03/11/001048/20260311002707/00591.htm,20260311001048,20260311003794
2026H1reg,식품·농업·외식,케이엔제이,코스닥,20260311,1,5,온실 및 부대시설 등 농업시설물의 설치 및 임대사업,사업목적추가,https://kind.krx.co.kr/external/2026/03/11/001048/20260311002707/00591.htm,20260311001048,20260311003794
2026H1reg,탄소·환경,케이엔제이,코스닥,20260311,1,5,탄소배출권의 거래 및 이에 수반되는 관련사업,사업목적추가,https://kind.krx.co.kr/external/2026/03/11/001048/20260311002707/00591.htm,20260311001048,20260311003794
2026H1reg,식품·농업·외식,삼화네트웍스,코스닥,20260311,3,4,"카페 및 베이커리 운영업 | 휴게음식점 및 일반음식점업 | 식음료 제품(커피, 빵류, 각종 디저트류 등) 제조, 가공 및 판매업",사옥 내 부대수익 근거 확보 및 유휴공간 활용 대비를 위한 사업목적 추가,https://kind.krx.co.kr/external/2026/03/11/001000/20260311002575/00591.htm,20260311001000,20260311003768
2026H1reg,신재생·에너지·전력,빅텐츠,코스닥,20260311,1,17,수소·암모니아·청정연료 프로젝트,사업목적추가,https://kind.krx.co.kr/external/2026/03/11/000979/20260311002523/00591.htm,20260311000979,20260311003756
2026H1reg,부동산·임대·건설,빅텐츠,코스닥,20260311,5,17,부동산 개발업 | 부동산 시행업 | 부동산 투자 컨설팅업 | 부동산 분양대행업 | 주택건설업,사업목적추가,https://kind.krx.co.kr/external/2026/03/11/000979/20260311002523/00591.htm,20260311000979,20260311003756
2026H1reg,화장품·뷰티,빅텐츠,코스닥,20260311,3,17,"화장품 관련 전시, 시설샵 설치 및 운영업 | 기타 미용업 | 화장품 제조관련 작물의 재배, 수집, 가공 및 판매업",사업목적추가,https://kind.krx.co.kr/external/2026/03/11/000979/20260311002523/00591.htm,20260311000979,20260311003756
2026H1reg,로봇,라온로보틱스,코스닥,20260311,4,7,"산업용 로봇 제조, 판매업 및 서비스업 | 지능형 로봇 제조, 판매업 및 서비스업 | 로봇 부품 제조, 판매업 및 서비스업 | 제약 바이오 로봇 및 자동화 제조, 판매업 및 서비스업",-사업 목적 추가 및 조문 정비,https://kind.krx.co.kr/external/2026/03/11/000828/20260311002207/00591.htm,20260311000828,20260311003663
2026H1reg,반도체,라온로보틱스,코스닥,20260311,1,7,"반도체 및 Glass 장비 제조, 판매업 및 서비스업",-사업 목적 추가 및 조문 정비,https://kind.krx.co.kr/external/2026/03/11/000828/20260311002207/00591.htm,20260311000828,20260311003663
2026H1reg,바이오·헬스케어,라온로보틱스,코스닥,20260311,1,7,"제약 바이오 로봇 및 자동화 제조, 판매업 및 서비스업",-사업 목적 추가 및 조문 정비,https://kind.krx.co.kr/external/2026/03/11/000828/20260311002207/00591.htm,20260311000828,20260311003663
2026H1reg,신재생·에너지·전력,SG&G,코스닥,20260311,1,1,태양광발전 사업,목적사항 추가,https://kind.krx.co.kr/external/2026/03/11/000795/20260311002100/00591.htm,20260311000795,20260311003645
2026H1reg,클라우드·SW·빅데이터,큐라클,코스닥,20260311,1,13,"생명공학, 의료 및 진단 관련 소프트웨어 개발, 판매 및 서비스업",신규사업 진출,https://kind.krx.co.kr/external/2026/03/11/000764/20260311002045/00591.htm,20260311000764,20260311003631
2026H1reg,바이오·헬스케어,큐라클,코스닥,20260311,8,13,"의약품, 의약외품 개발, 제조 및 판매업 | 원료의약품, 시약 및 의약중간체 연구, 개발, 제조 및 판매업 | 마약류 및 향정신성의약품의 개발, 제조 및 판매업 | 농축산약품, 화공약품, 동물의약품 및 동물용 의약외품 개발, 제조 및 판매업 | 의료기기, 동물용 의료기기, 의료용구, 진단기기, 미용기기, 의료장비 및 헬스용품의 개발, 제조 및 판매업 | 건강기능식품, 건강기능식품 원료, 건강보조식품, 일반식품의 개발, 제조 및 판매업 | 생명공학, 의료 및 진단 관련 소프트웨어 개발, 판매 및 서비스업 | 화학물질, 의약품 및 진단기기의 시험, 검사, 분석, 진단 및 컨설팅 서비스업",신규사업 진출,https://kind.krx.co.kr/external/2026/03/11/000764/20260311002045/00591.htm,20260311000764,20260311003631
2026H1reg,화장품·뷰티,큐라클,코스닥,20260311,2,13,"의료기기, 동물용 의료기기, 의료용구, 진단기기, 미용기기, 의료장비 및 헬스용품의 개발, 제조 및 판매업 | 화장품, 화장품 원료 및 신변잡화의 개발, 제조 및 판매업",신규사업 진출,https://kind.krx.co.kr/external/2026/03/11/000764/20260311002045/00591.htm,20260311000764,20260311003631
2026H1reg,식품·농업·외식,큐라클,코스닥,20260311,2,13,"농축산약품, 화공약품, 동물의약품 및 동물용 의약외품 개발, 제조 및 판매업 | 건강기능식품, 건강기능식품 원료, 건강보조식품, 일반식품의 개발, 제조 및 판매업",신규사업 진출,https://kind.krx.co.kr/external/2026/03/11/000764/20260311002045/00591.htm,20260311000764,20260311003631
2026H1reg,AI(인공지능),HT로보틱스,코스닥,20260311,4,7,"피지컬 AI 기술을 활용한 하드웨어의 개발, 공급 및 자문업 | AI 데이터센터용 냉각.열관리 부품(히트싱크, 콜드플레이트, CDU구성부품, 액침 냉각용 하우징 등)의 개발, 제조, 판매 및 수출입업 | AI 서버 랙, 섀시, 마운팅 브래컷 등 데이터센터 인프라용 금속 구조 부품의 개발, 제조 및 판매업 | AI 데이터센터 구축 관련 설비.부품의 공급, 기술 컨설팅 및 관련 용역 서비스업","피지컬 AI 산업의 성장과 AI 데이터센터 인프라의 급격한 확대를 새로운 사업 기회로 삼아, 당사의 핵심 역량인 고진공 알루미늄 다이캐스팅 기술을 로봇 하드웨어 부품 및 데이터센터 냉각.전력 구조 부품 영역에 적극 접목 하고자 합니다. 이를 위해 관련 사업 목적을 정관",https://kind.krx.co.kr/external/2026/03/11/000690/20260311001867/00591.htm,20260311000690,20260311003592
2026H1reg,로봇,HT로보틱스,코스닥,20260311,2,7,"지능형 로봇, 자동화 시스템 및 관련 부품의 개발, 제조, 판매, 수출입업 | 산업용, 서비스용, 협동 로봇 등 각종 로봇 및 자동화 설비의 시스템 통합(SI), 설치, 유지보수, 대여.리스업","피지컬 AI 산업의 성장과 AI 데이터센터 인프라의 급격한 확대를 새로운 사업 기회로 삼아, 당사의 핵심 역량인 고진공 알루미늄 다이캐스팅 기술을 로봇 하드웨어 부품 및 데이터센터 냉각.전력 구조 부품 영역에 적극 접목 하고자 합니다. 이를 위해 관련 사업 목적을 정관",https://kind.krx.co.kr/external/2026/03/11/000690/20260311001867/00591.htm,20260311000690,20260311003592
2026H1reg,데이터센터,HT로보틱스,코스닥,20260311,4,7,"AI 데이터센터용 냉각.열관리 부품(히트싱크, 콜드플레이트, CDU구성부품, 액침 냉각용 하우징 등)의 개발, 제조, 판매 및 수출입업 | 데이터센터용 에너지저장장치(ESS), 무정전전원장치(UPS) 및 전력 인프라 관련 알루미늄 방열.차폐 부품과 전기.전자 하우징의 제조, 가공, 판매 및 수출입업 | AI 서버 랙, 섀시, 마운팅 브래컷 등 데이터센터 인프라용 금속 구조 부품의 개발, 제조 및 판매업 | AI 데이터센터 구축 관련 설비.부품의 공급, 기술 컨설팅 및 관련 용역 서비스업","피지컬 AI 산업의 성장과 AI 데이터센터 인프라의 급격한 확대를 새로운 사업 기회로 삼아, 당사의 핵심 역량인 고진공 알루미늄 다이캐스팅 기술을 로봇 하드웨어 부품 및 데이터센터 냉각.전력 구조 부품 영역에 적극 접목 하고자 합니다. 이를 위해 관련 사업 목적을 정관",https://kind.krx.co.kr/external/2026/03/11/000690/20260311001867/00591.htm,20260311000690,20260311003592
2026H1reg,2차전지·배터리,HT로보틱스,코스닥,20260311,1,7,"데이터센터용 에너지저장장치(ESS), 무정전전원장치(UPS) 및 전력 인프라 관련 알루미늄 방열.차폐 부품과 전기.전자 하우징의 제조, 가공, 판매 및 수출입업","피지컬 AI 산업의 성장과 AI 데이터센터 인프라의 급격한 확대를 새로운 사업 기회로 삼아, 당사의 핵심 역량인 고진공 알루미늄 다이캐스팅 기술을 로봇 하드웨어 부품 및 데이터센터 냉각.전력 구조 부품 영역에 적극 접목 하고자 합니다. 이를 위해 관련 사업 목적을 정관",https://kind.krx.co.kr/external/2026/03/11/000690/20260311001867/00591.htm,20260311000690,20260311003592
2026H1reg,신재생·에너지·전력,HT로보틱스,코스닥,20260311,1,7,"데이터센터용 에너지저장장치(ESS), 무정전전원장치(UPS) 및 전력 인프라 관련 알루미늄 방열.차폐 부품과 전기.전자 하우징의 제조, 가공, 판매 및 수출입업","피지컬 AI 산업의 성장과 AI 데이터센터 인프라의 급격한 확대를 새로운 사업 기회로 삼아, 당사의 핵심 역량인 고진공 알루미늄 다이캐스팅 기술을 로봇 하드웨어 부품 및 데이터센터 냉각.전력 구조 부품 영역에 적극 접목 하고자 합니다. 이를 위해 관련 사업 목적을 정관",https://kind.krx.co.kr/external/2026/03/11/000690/20260311001867/00591.htm,20260311000690,20260311003592
2026H1reg,AI(인공지능),디티앤씨,코스닥,20260311,1,4,AI 인증 시험 관련사업,사업영역 확대 및 미영위 목적사업 일부삭제,https://kind.krx.co.kr/external/2026/03/11/000674/20260311001836/00591.htm,20260311000674,20260311003582
2026H1reg,로봇,디티앤씨,코스닥,20260311,1,4,로봇 시험검사 및 인증과 관련사업,사업영역 확대 및 미영위 목적사업 일부삭제,https://kind.krx.co.kr/external/2026/03/11/000674/20260311001836/00591.htm,20260311000674,20260311003582
2026H1reg,바이오·헬스케어,디티앤씨,코스닥,20260311,1,4,일반진단 검체분석 용역,사업영역 확대 및 미영위 목적사업 일부삭제,https://kind.krx.co.kr/external/2026/03/11/000674/20260311001836/00591.htm,20260311000674,20260311003582
2026H1reg,신재생·에너지·전력,원림,유가증권,20260311,1,1,태양력발전업,당사 공장 내 태양광 발전시설을 통한 전기 생산 및 판매,https://kind.krx.co.kr/external/2026/03/11/000657/20260311001792/00591.htm,20260311000657,20260311003568
2026H1reg,신재생·에너지·전력,흥국,코스닥,20260311,1,3,태양광 발전사업,신규 사업목적 추가 상법 제542조의8 개정사항 반영 상법 제368조의3 개정사항 반영 상법 제542조의8 개정사항 반영 사외이사를 독립이사로 변경하는 조항의 적용시기 및 독립이사 구성요건 강화에 대한 상법 경과 규정 반영,https://kind.krx.co.kr/external/2026/03/11/000650/20260311001773/00591.htm,20260311000650,20260311003561
2026H1reg,로봇,대동금속,코스닥,20260311,1,25,"로봇, 스마트팩토리 및 자동화 설비용 금속부품의 제조 및 판매",상법 개정사항 반영과 사업목적 확대를 통한 경영환경 변화 대응을 위하여 정관을 개정하고자 함,https://kind.krx.co.kr/external/2026/03/11/000502/20260311001479/00591.htm,20260311000502,20260311003473
2026H1reg,방산,대동금속,코스닥,20260311,1,25,방산·군납·우주·항공용 고신뢰성 금속소재 및 부품의 제조 및 판매,상법 개정사항 반영과 사업목적 확대를 통한 경영환경 변화 대응을 위하여 정관을 개정하고자 함,https://kind.krx.co.kr/external/2026/03/11/000502/20260311001479/00591.htm,20260311000502,20260311003473
2026H1reg,우주항공,대동금속,코스닥,20260311,2,25,"자동차, 전기자동차, 자율주행, 철도, 항공우주용 금속소재 및 부품의 제조 및 판매 | 방산·군납·우주·항공용 고신뢰성 금속소재 및 부품의 제조 및 판매",상법 개정사항 반영과 사업목적 확대를 통한 경영환경 변화 대응을 위하여 정관을 개정하고자 함,https://kind.krx.co.kr/external/2026/03/11/000502/20260311001479/00591.htm,20260311000502,20260311003473
2026H1reg,바이오·헬스케어,대동금속,코스닥,20260311,1,25,의료기기 및 그 부품의 제조 및 판매,상법 개정사항 반영과 사업목적 확대를 통한 경영환경 변화 대응을 위하여 정관을 개정하고자 함,https://kind.krx.co.kr/external/2026/03/11/000502/20260311001479/00591.htm,20260311000502,20260311003473
2026H1reg,2차전지·배터리,대동금속,코스닥,20260311,1,25,"수소, 연료전지, 배터리 등 에너지 관련 금속부품 및 소재의 제조 및 판매",상법 개정사항 반영과 사업목적 확대를 통한 경영환경 변화 대응을 위하여 정관을 개정하고자 함,https://kind.krx.co.kr/external/2026/03/11/000502/20260311001479/00591.htm,20260311000502,20260311003473
2026H1reg,신재생·에너지·전력,대동금속,코스닥,20260311,2,25,"신재생에너지 설비용 금속부품 및 구조물의 제조 및 판매 | 수소, 연료전지, 배터리 등 에너지 관련 금속부품 및 소재의 제조 및 판매",상법 개정사항 반영과 사업목적 확대를 통한 경영환경 변화 대응을 위하여 정관을 개정하고자 함,https://kind.krx.co.kr/external/2026/03/11/000502/20260311001479/00591.htm,20260311000502,20260311003473
2026H1reg,모빌리티·전기차·자율주행,대동금속,코스닥,20260311,1,25,"자동차, 전기자동차, 자율주행, 철도, 항공우주용 금속소재 및 부품의 제조 및 판매",상법 개정사항 반영과 사업목적 확대를 통한 경영환경 변화 대응을 위하여 정관을 개정하고자 함,https://kind.krx.co.kr/external/2026/03/11/000502/20260311001479/00591.htm,20260311000502,20260311003473
2026H1reg,부동산·임대·건설,대동금속,코스닥,20260311,2,25,"농업기계, 건설기계, 산업기계용 금속 및 주물부품의 제조 및 판매 | 시설·기계 등과 이에 관련된 부동산 및 재산권의 대여 및 투자",상법 개정사항 반영과 사업목적 확대를 통한 경영환경 변화 대응을 위하여 정관을 개정하고자 함,https://kind.krx.co.kr/external/2026/03/11/000502/20260311001479/00591.htm,20260311000502,20260311003473
2026H1reg,식품·농업·외식,대동금속,코스닥,20260311,1,25,"농업기계, 건설기계, 산업기계용 금속 및 주물부품의 제조 및 판매",상법 개정사항 반영과 사업목적 확대를 통한 경영환경 변화 대응을 위하여 정관을 개정하고자 함,https://kind.krx.co.kr/external/2026/03/11/000502/20260311001479/00591.htm,20260311000502,20260311003473
2026H1reg,탄소·환경,대동금속,코스닥,20260311,1,25,"탄소저감 및 친환경 공정 관련 금속소재, 설비의 제작 및 판매",상법 개정사항 반영과 사업목적 확대를 통한 경영환경 변화 대응을 위하여 정관을 개정하고자 함,https://kind.krx.co.kr/external/2026/03/11/000502/20260311001479/00591.htm,20260311000502,20260311003473
2026H1reg,AI(인공지능),디에스엠,코스닥,20260311,1,2,AI기반 지능형 모빌리티 개발 및 제 조업,<신설> <신설> <조항변경> <조항변경>,https://kind.krx.co.kr/external/2026/03/11/000397/20260311001211/00591.htm,20260311000397,20260311003419
2026H1reg,모빌리티·전기차·자율주행,디에스엠,코스닥,20260311,1,2,AI기반 지능형 모빌리티 개발 및 제 조업,<신설> <신설> <조항변경> <조항변경>,https://kind.krx.co.kr/external/2026/03/11/000397/20260311001211/00591.htm,20260311000397,20260311003419
2026H1reg,바이오·헬스케어,삼아제약,코스닥,20260311,2,2,"원료의약품 제조업 및 판매업 | 위생용품, 동물약품, 화장품, 의료기기 제조업 및 판매업 :",사업목적 추가,https://kind.krx.co.kr/external/2026/03/11/000363/20260311001069/00591.htm,20260311000363,20260311003393
2026H1reg,화장품·뷰티,삼아제약,코스닥,20260311,1,2,"위생용품, 동물약품, 화장품, 의료기기 제조업 및 판매업 :",사업목적 추가,https://kind.krx.co.kr/external/2026/03/11/000363/20260311001069/00591.htm,20260311000363,20260311003393
2026H1reg,바이오·헬스케어,에코프로,코스닥,20260311,1,4,"에너지 관리,진단,개선 관련 용역업",중장기 사업전략 관련 사업목적 추가,https://kind.krx.co.kr/external/2026/03/11/000348/20260311001036/00591.htm,20260311000348,20260311003383
2026H1reg,2차전지·배터리,에코프로,코스닥,20260311,1,4,"신재생 에너지 사업(태양광발전/에너지저장장치/전력공급/충전시설 제조,조립,설치) 및 판매업",중장기 사업전략 관련 사업목적 추가,https://kind.krx.co.kr/external/2026/03/11/000348/20260311001036/00591.htm,20260311000348,20260311003383
2026H1reg,신재생·에너지·전력,에코프로,코스닥,20260311,2,4,"시설(공장, 창고, 발전소, IT인프라 등)의 운영 및 유지 관리업 (중략) | 신재생 에너지 사업(태양광발전/에너지저장장치/전력공급/충전시설 제조,조립,설치) 및 판매업",중장기 사업전략 관련 사업목적 추가,https://kind.krx.co.kr/external/2026/03/11/000348/20260311001036/00591.htm,20260311000348,20260311003383
2026H1reg,부동산·임대·건설,에코프로,코스닥,20260311,1,4,"엔지니어링 용역 및 건설업(토목/건축/전기공사 관련 설계,시공,감리)",중장기 사업전략 관련 사업목적 추가,https://kind.krx.co.kr/external/2026/03/11/000348/20260311001036/00591.htm,20260311000348,20260311003383
2026H1reg,부동산·임대·건설,유니드비티플러스,유가증권,20260311,1,4,실내건축 공사업,목적사업 추가 상법개정 및 표준정관 준용 상법개정 및 표준정관 준용 개정에 따른 시행일 변경 상법개정 시행일 기준,https://kind.krx.co.kr/external/2026/03/11/000342/20260311001022/00591.htm,20260311000342,20260311003380
2026H1reg,AI(인공지능),와이투솔루션,유가증권,20260311,1,5,"인공지능(AI), 피지컬 AI, 로봇 비전 및 제어 시스템 관련 연구 개발 및 용역업",사업다각화를 위한 사업목적 추가 관련 조항 정비,https://kind.krx.co.kr/external/2026/03/11/000302/20260311000911/00591.htm,20260311000302,20260311003351
2026H1reg,로봇,와이투솔루션,유가증권,20260311,4,5,"인공지능(AI), 피지컬 AI, 로봇 비전 및 제어 시스템 관련 연구 개발 및 용역업 | 산업용 로봇, 협동 로봇, 자율이동로봇(AMR) 및 자동화 설비의 개발, 제조, 판매 및 유지보수업 | 로봇 및 자동화 설비 관련 기술 용역, 컨설팅, 투자, 지분 인수 및 해외 협력 사업 | 산업 자동화 시스템 및 로봇 운영 소프트웨어 개발, 제조 및 판매업",사업다각화를 위한 사업목적 추가 관련 조항 정비,https://kind.krx.co.kr/external/2026/03/11/000302/20260311000911/00591.htm,20260311000302,20260311003351
2026H1reg,클라우드·SW·빅데이터,와이투솔루션,유가증권,20260311,1,5,"산업 자동화 시스템 및 로봇 운영 소프트웨어 개발, 제조 및 판매업",사업다각화를 위한 사업목적 추가 관련 조항 정비,https://kind.krx.co.kr/external/2026/03/11/000302/20260311000911/00591.htm,20260311000302,20260311003351
2026H1reg,클라우드·SW·빅데이터,KG모빌리티플랫폼,유가증권,20260311,1,4,플랫폼 및 정보매개 서비스업,사업영역 확장을 위한 사업목적 추가,https://kind.krx.co.kr/external/2026/03/11/000210/20260311000638/00591.htm,20260311000210,20260311003283
2026H1reg,조선·해양,동아지질,유가증권,20260311,1,2,선박대여업,향후 사업확장을 위한 목적사업추가,https://kind.krx.co.kr/external/2026/03/11/000180/20260311000569/00591.htm,20260311000180,20260311003254
2026H1reg,부동산·임대·건설,동아지질,유가증권,20260311,1,2,주택건설업,향후 사업확장을 위한 목적사업추가,https://kind.krx.co.kr/external/2026/03/11/000180/20260311000569/00591.htm,20260311000180,20260311003254
2026H1reg,신재생·에너지·전력,파이버프로,코스닥,20260311,1,2,태양광 발전업 및 전기 판매업,2026년 1월 신규 취득한 부동산의 예비적 활용을 위해 부수적으로 목적 추가,https://kind.krx.co.kr/external/2026/03/11/000132/20260311000382/00591.htm,20260311000132,20260311003198
2026H1reg,부동산·임대·건설,파이버프로,코스닥,20260311,1,2,부동산 임대업,2026년 1월 신규 취득한 부동산의 예비적 활용을 위해 부수적으로 목적 추가,https://kind.krx.co.kr/external/2026/03/11/000132/20260311000382/00591.htm,20260311000132,20260311003198
2026H1reg,바이오·헬스케어,신풍제약,유가증권,20260310,1,1,"동물의약품 및 동물의료기기연구,제조 및 판매업 (2026.03.30 신설)",신규사업 진행위한 사업목적추가,https://kind.krx.co.kr/external/2026/03/10/001857/20260310004120/00591.htm,20260310001857,20260310003040
2026H1reg,우주항공,알에프텍,코스닥,20260310,1,8,"발사체, 항공기, 우주비행체와 관련 전기, 전자, 화약 엔진, 기계류 및 소재류(복합재료, 유ㆍ무기재료, 금소제품 등)의 제조, 가공, 조립, 재생, 개조, 정비, 개량 및 판매업","제2-2호 : 개정상법(표준정관)반영 및 기추진사항(사업목적, 배당조문정비, 자금조달방안 유연화 등) 변경(안)",https://kind.krx.co.kr/external/2026/03/10/001643/20260310003635/00591.htm,20260310001643,20260310002939
2026H1reg,엔터·콘텐츠·게임,SM C&C,코스닥,20260310,2,2,"공연 기획 및 제작, 투자 및 판매업 | 공연시설 운영 및 문화센터 운영업",가수 매니지먼트 사업 확장에 따른 공연사업 추가 및 항목 번호 수정,https://kind.krx.co.kr/external/2026/03/10/001569/20260310003472/00591.htm,20260310001569,20260310002905
2026H1reg,반도체,월덱스,코스닥,20260310,1,2,반도체 생산에 필요한 석영(QUARTZ)제품 제조 및 판매,사업목적추가 (구체화),https://kind.krx.co.kr/external/2026/03/10/001567/20260310003470/00591.htm,20260310001567,20260310002904
2026H1reg,클라우드·SW·빅데이터,나이스디앤비,코스닥,20260310,1,4,공개정보 중 신용정보가 아닌 정보를 제공하거나 이 정보를 기초로 하는 데이터 분석 및 컨설팅 업무,신규 추진사업 사업목적 추가,https://kind.krx.co.kr/external/2026/03/10/001514/20260310003372/00591.htm,20260310001514,20260310002884
2026H1reg,투자·금융,나이스디앤비,코스닥,20260310,1,4,"금융상품에 대한 광고, 홍보 및 컨설팅 업무",신규 추진사업 사업목적 추가,https://kind.krx.co.kr/external/2026/03/10/001514/20260310003372/00591.htm,20260310001514,20260310002884
2026H1reg,2차전지·배터리,쎄니트,코스닥,20260310,2,3,이차전지 및 관련 소재·화학물질(합성수지/유·무기 포함)제조·판매업 | 전지용 전해액(전해질) 및 관련 화학제품의 제조 및 판매업,- 일부 사업목적 추가,https://kind.krx.co.kr/external/2026/03/10/001411/20260310003149/00591.htm,20260310001411,20260310002828
2026H1reg,식품·농업·외식,더본코리아,유가증권,20260310,1,2,축산업,사업운영을 위한 정비,https://kind.krx.co.kr/external/2026/03/10/001395/20260310003109/00591.htm,20260310001395,20260310002818
2026H1reg,엔터·콘텐츠·게임,JYP Ent.,코스닥,20260310,1,5,음악 저작자 매니지먼트업,(주)제이와이피퍼블리싱 소규모 합병에 따른 사업목적 추가,https://kind.krx.co.kr/external/2026/03/10/001364/20260310003072/00591.htm,20260310001364,20260310002801
2026H1reg,투자·금융,인탑스,코스닥,20260310,1,1,"유가증권(지분·채권 등) 및 집합투자기구(투자조합·펀드 등) 출자와 신기술사업·벤처기업·스타트업 등에 대한 투자업 1~4, 6~27",- 기존 사업 내용의 명확화 및 일반적인 투자활동을 포괄하는 문안으로 재정비,https://kind.krx.co.kr/external/2026/03/10/001336/20260310003006/00591.htm,20260310001336,20260310002788
2026H1reg,엔터·콘텐츠·게임,AJ네트웍스,유가증권,20260310,1,1,"영화, 비디오물, 방송 프로그램 제작 및 배급업",신규사업영역 확대,https://kind.krx.co.kr/external/2026/03/10/001250/20260310002833/00591.htm,20260310001250,20260310002749
2026H1reg,부동산·임대·건설,에이아이코리아,코스닥,20260310,1,1,부동산 임대업,사업목적 추가,https://kind.krx.co.kr/external/2026/03/10/001229/20260310002782/00591.htm,20260310001229,20260310002737
2026H1reg,AI(인공지능),엑스플러스,코스닥,20260310,1,5,"인공지능(AI), 머신러닝, 딥러닝 기반 소프트웨어 개발 및 공급",사업 확장을 위한 사업목적 추가,https://kind.krx.co.kr/external/2026/03/10/001186/20260310002699/00591.htm,20260310001186,20260310002712
2026H1reg,로봇,엑스플러스,코스닥,20260310,2,5,"산업용 협동 서비스 휴머노이드 로봇의 개발, 제조 및 판매 | 스마트팩토리, 로봇 자동화 시스템 및 산업 자동화 시스템 구축 및 컨설팅업",사업 확장을 위한 사업목적 추가,https://kind.krx.co.kr/external/2026/03/10/001186/20260310002699/00591.htm,20260310001186,20260310002712
2026H1reg,클라우드·SW·빅데이터,엑스플러스,코스닥,20260310,1,5,"인공지능(AI), 머신러닝, 딥러닝 기반 소프트웨어 개발 및 공급",사업 확장을 위한 사업목적 추가,https://kind.krx.co.kr/external/2026/03/10/001186/20260310002699/00591.htm,20260310001186,20260310002712
2026H1reg,투자·금융,엑스플러스,코스닥,20260310,1,5,기타 금융투자업,사업 확장을 위한 사업목적 추가,https://kind.krx.co.kr/external/2026/03/10/001186/20260310002699/00591.htm,20260310001186,20260310002712
2026H1reg,부동산·임대·건설,지엔씨에너지,코스닥,20260310,1,1,"국내?외 부동산 및 이에 준하는 자산에 대한 투자, 임대, 관리, 매매에 관한 사업",제2-1호 의안 신규 사업 추진을 위한 사업 목적 추가,https://kind.krx.co.kr/external/2026/03/10/001008/20260310002364/00591.htm,20260310001008,20260310002600
2026H1reg,신재생·에너지·전력,한선엔지니어링,코스닥,20260310,1,1,태양광 등 신재생에너지를 이용한 전기 발전 및 판매업,[개정이유] <사업목적 추가>,https://kind.krx.co.kr/external/2026/03/10/001004/20260310002356/00591.htm,20260310001004,20260310002596
2026H1reg,AI(인공지능),지투파워,코스닥,20260310,1,3,AI데이터센터의 시공 및 운영업,신규사업 진출 및 미영위 사업목적 정비,https://kind.krx.co.kr/external/2026/03/10/000866/20260310002006/00591.htm,20260310000866,20260310002517
2026H1reg,데이터센터,지투파워,코스닥,20260310,1,3,AI데이터센터의 시공 및 운영업,신규사업 진출 및 미영위 사업목적 정비,https://kind.krx.co.kr/external/2026/03/10/000866/20260310002006/00591.htm,20260310000866,20260310002517
2026H1reg,신재생·에너지·전력,지투파워,코스닥,20260310,1,3,마이크로그리드 (독립형 전력망) 시스템 개발 및 공급업,신규사업 진출 및 미영위 사업목적 정비,https://kind.krx.co.kr/external/2026/03/10/000866/20260310002006/00591.htm,20260310000866,20260310002517
2026H1reg,AI(인공지능),듀켐바이오,코스닥,20260310,2,5,의약품 개발 관련 인공지능 솔루션 연구개발 및 공급업 | 인공지능 솔루션 적용 기기 연구개발 및 공급업,"조문번호 수정, 미영위 사업 삭제, 신사업의 추가 및 사업목적 각호 정비.",https://kind.krx.co.kr/external/2026/03/10/000849/20260310001977/00591.htm,20260310000849,20260310002502
2026H1reg,바이오·헬스케어,듀켐바이오,코스닥,20260310,3,5,방사성 의약품 제조 판매업 | 의료 용구 제조 판매업 (삭제)1. 화장품 제조 판매업 (삭제)1. 기능성 의류 제조 판매업 | 의약품 개발 관련 인공지능 솔루션 연구개발 및 공급업,"조문번호 수정, 미영위 사업 삭제, 신사업의 추가 및 사업목적 각호 정비.",https://kind.krx.co.kr/external/2026/03/10/000849/20260310001977/00591.htm,20260310000849,20260310002502
2026H1reg,화장품·뷰티,듀켐바이오,코스닥,20260310,2,5,"의료 용구 제조 판매업 (삭제)1. 화장품 제조 판매업 (삭제)1. 기능성 의류 제조 판매업 | 임상 및 관련사업 (삭제)1. 식품, 건식, 생식, 화장품등의 원료와 반제품 제조 판매 및 관련 사업","조문번호 수정, 미영위 사업 삭제, 신사업의 추가 및 사업목적 각호 정비.",https://kind.krx.co.kr/external/2026/03/10/000849/20260310001977/00591.htm,20260310000849,20260310002502
2026H1reg,식품·농업·외식,듀켐바이오,코스닥,20260310,1,5,"임상 및 관련사업 (삭제)1. 식품, 건식, 생식, 화장품등의 원료와 반제품 제조 판매 및 관련 사업","조문번호 수정, 미영위 사업 삭제, 신사업의 추가 및 사업목적 각호 정비.",https://kind.krx.co.kr/external/2026/03/10/000849/20260310001977/00591.htm,20260310000849,20260310002502
2026H1reg,AI(인공지능),다이나믹솔루션,코스닥,20260310,4,35,"인공지능 솔루션·알고리즘 연구, 개발, 판매업 | 인공지능·가상현실(VR)·증강현실(AR) 관련 제품 및 서비스 개발·공급업 | 인공지능 클라우드 데이터센터(AI CLOUD DATACENTER) 구축, 렌탈 및 리스업 | 인공지능 데이터(AI DATA) 개발, 정보 제공업","-추진 사업관련 사업목적 추가, -문구 기재 순서 및 항목 정비",https://kind.krx.co.kr/external/2026/03/10/000747/20260310001750/00591.htm,20260310000747,20260310002435
2026H1reg,로봇,다이나믹솔루션,코스닥,20260310,1,35,"산업용 로봇, 배전반, 전기 자동제어반, 자동측정 및 제어장치, 산업처리공정 제어장비 제조업","-추진 사업관련 사업목적 추가, -문구 기재 순서 및 항목 정비",https://kind.krx.co.kr/external/2026/03/10/000747/20260310001750/00591.htm,20260310000747,20260310002435
2026H1reg,데이터센터,다이나믹솔루션,코스닥,20260310,1,35,"인공지능 클라우드 데이터센터(AI CLOUD DATACENTER) 구축, 렌탈 및 리스업","-추진 사업관련 사업목적 추가, -문구 기재 순서 및 항목 정비",https://kind.krx.co.kr/external/2026/03/10/000747/20260310001750/00591.htm,20260310000747,20260310002435
2026H1reg,클라우드·SW·빅데이터,다이나믹솔루션,코스닥,20260310,4,35,"의료관련 데이터베이스를 이용한 프로그램 제작, 판매 및 서비스업 | 인공지능 클라우드 데이터센터(AI CLOUD DATACENTER) 구축, 렌탈 및 리스업 | 시스템응용,소프트웨어 개발, 판매, 임대 및 공급업 | 데이터베이스 구축, 운영, 전산서비스 및 온라인 정보제공업","-추진 사업관련 사업목적 추가, -문구 기재 순서 및 항목 정비",https://kind.krx.co.kr/external/2026/03/10/000747/20260310001750/00591.htm,20260310000747,20260310002435
2026H1reg,디지털자산·블록체인·STO(스테이블코인),다이나믹솔루션,코스닥,20260310,3,35,"가상자산 투자, 매매 및 중개업 | 블록체인 기반 디지털 자산의 개발, 유통, 판매업 | 토큰 발행 및 토큰증권(STO) 관련 사업","-추진 사업관련 사업목적 추가, -문구 기재 순서 및 항목 정비",https://kind.krx.co.kr/external/2026/03/10/000747/20260310001750/00591.htm,20260310000747,20260310002435
2026H1reg,바이오·헬스케어,다이나믹솔루션,코스닥,20260310,10,35,"의료기기 제조업 | 의료기기 판매업 | 의료기기 연구개발, 유통, 렌탈, 유지보수 및 자문업 | 의료기기 도소매 및 무역업 | 의료용·환경·공업용 바이오센서 및 분석기기 개발, 제조, 판매업 | 의약품 제조업 | 디지털 헬스케어 제품 및 서비스 개발, 제조, 판매업 | 원격의료사업 | 의료관련 데이터베이스를 이용한 프로그램 제작, 판매 및 서비스업 | 인간의 질병 진단·치료·예방 관련 제품 및 서비스업","-추진 사업관련 사업목적 추가, -문구 기재 순서 및 항목 정비",https://kind.krx.co.kr/external/2026/03/10/000747/20260310001750/00591.htm,20260310000747,20260310002435
2026H1reg,엔터·콘텐츠·게임,다이나믹솔루션,코스닥,20260310,2,35,"모바일 콘텐츠, 온라인 서비스, 정보서비스 및 전자상거래업 | 교육 콘텐츠 개발 및 서비스업","-추진 사업관련 사업목적 추가, -문구 기재 순서 및 항목 정비",https://kind.krx.co.kr/external/2026/03/10/000747/20260310001750/00591.htm,20260310000747,20260310002435
2026H1reg,화장품·뷰티,다이나믹솔루션,코스닥,20260310,2,35,"화장품 제조, 유통, 판매업 | 미용기기 및 전자제품 제조, 유통, 판매업","-추진 사업관련 사업목적 추가, -문구 기재 순서 및 항목 정비",https://kind.krx.co.kr/external/2026/03/10/000747/20260310001750/00591.htm,20260310000747,20260310002435
2026H1reg,식품·농업·외식,다이나믹솔루션,코스닥,20260310,1,35,"농축산물의 가공, 제조, 유통, 판매 및 수출업","-추진 사업관련 사업목적 추가, -문구 기재 순서 및 항목 정비",https://kind.krx.co.kr/external/2026/03/10/000747/20260310001750/00591.htm,20260310000747,20260310002435
2026H1reg,탄소·환경,다이나믹솔루션,코스닥,20260310,1,35,"의료용·환경·공업용 바이오센서 및 분석기기 개발, 제조, 판매업","-추진 사업관련 사업목적 추가, -문구 기재 순서 및 항목 정비",https://kind.krx.co.kr/external/2026/03/10/000747/20260310001750/00591.htm,20260310000747,20260310002435
2026H1reg,교육,다이나믹솔루션,코스닥,20260310,1,35,교육 콘텐츠 개발 및 서비스업,"-추진 사업관련 사업목적 추가, -문구 기재 순서 및 항목 정비",https://kind.krx.co.kr/external/2026/03/10/000747/20260310001750/00591.htm,20260310000747,20260310002435
2026H1reg,방산,로체시스템즈,코스닥,20260310,1,1,군수품의 제조 판매 보관 및 수송업,- 방산 사업 진행을 위한 정관 개정,https://kind.krx.co.kr/external/2026/03/10/000663/20260310001583/00591.htm,20260310000663,20260310002381
2026H1reg,로봇,세나테크놀로지,코스닥,20260310,3,4,"로봇, 로봇 부품 제조, 판매업 및 무역업 | 로봇, 로봇 부품 임대 리스업 | 로봇 제어소프트웨어 개발 판매, 서비스업",신규 상표 라이센싱 사업과 로봇사업을 위한 사업 목적 신설,https://kind.krx.co.kr/external/2026/03/10/000601/20260310001421/00591.htm,20260310000601,20260310002335
2026H1reg,클라우드·SW·빅데이터,세나테크놀로지,코스닥,20260310,1,4,"로봇 제어소프트웨어 개발 판매, 서비스업",신규 상표 라이센싱 사업과 로봇사업을 위한 사업 목적 신설,https://kind.krx.co.kr/external/2026/03/10/000601/20260310001421/00591.htm,20260310000601,20260310002335
2026H1reg,식품·농업·외식,이노진,코스닥,20260310,1,1,"농산물, 수산물, 축산물, 임산물 도.소매업",사업 다각화를 위한 사업의 목적 추가,https://kind.krx.co.kr/external/2026/03/10/000465/20260310001026/00591.htm,20260310000465,20260310002249
2026H1reg,바이오·헬스케어,에스엘에스바이오,코스닥,20260310,1,1,"건강기능식품 제조, 유통, 판매업",- 신규 사업에 따른 목적 추가 및 기존 문구 정비를 위한 자구 변경,https://kind.krx.co.kr/external/2026/03/10/000383/20260310000752/00591.htm,20260310000383,20260310002146
2026H1reg,식품·농업·외식,에스엘에스바이오,코스닥,20260310,1,1,"건강기능식품 제조, 유통, 판매업",- 신규 사업에 따른 목적 추가 및 기존 문구 정비를 위한 자구 변경,https://kind.krx.co.kr/external/2026/03/10/000383/20260310000752/00591.htm,20260310000383,20260310002146
2026H1reg,로봇,코아스,유가증권,20260310,1,11,"지능형 로봇, 로봇부품, 컨텐츠 제조 및 판매업",사업목적 추가 및 조문 번호 변경,https://kind.krx.co.kr/external/2026/03/10/000354/20260310000661/00591.htm,20260310000354,20260310002109
2026H1reg,신재생·에너지·전력,코아스,유가증권,20260310,3,11,"신재생에너지(태양광, 태양열, 풍력, 지열, 바이오매스, 연료전지 등) 발전사업 | 신재생에너지 설비의 설치, 용역 및 판매업 | 신재생에너지 전기공급사업",사업목적 추가 및 조문 번호 변경,https://kind.krx.co.kr/external/2026/03/10/000354/20260310000661/00591.htm,20260310000354,20260310002109
2026H1reg,부동산·임대·건설,코아스,유가증권,20260310,2,11,실내건축업 | 부동산 개발 및 공급업,사업목적 추가 및 조문 번호 변경,https://kind.krx.co.kr/external/2026/03/10/000354/20260310000661/00591.htm,20260310000354,20260310002109
2026H1reg,엔터·콘텐츠·게임,코아스,유가증권,20260310,2,11,"공연,전시 기획 및 제작, 용역업 | 지능형 로봇, 로봇부품, 컨텐츠 제조 및 판매업",사업목적 추가 및 조문 번호 변경,https://kind.krx.co.kr/external/2026/03/10/000354/20260310000661/00591.htm,20260310000354,20260310002109
2026H1reg,식품·농업·외식,코아스,유가증권,20260310,1,11,휴게음식점업,사업목적 추가 및 조문 번호 변경,https://kind.krx.co.kr/external/2026/03/10/000354/20260310000661/00591.htm,20260310000354,20260310002109
2026H1reg,식품·농업·외식,삼륭물산,코스닥,20260310,3,5,식품 수입업 | 식품 도·소매업 | 식품 유통 및 판매업,- 신규 사업목적 추가 31.~34.<신설>,https://kind.krx.co.kr/external/2026/03/10/000307/20260310000500/00591.htm,20260310000307,20260310002053
2026H1reg,로봇,유일로보틱스,코스닥,20260310,1,5,(26) 농업용 로봇 기계 제조 및 판매업,신규 사업 예정,https://kind.krx.co.kr/external/2026/03/10/000300/20260310000474/00591.htm,20260310000300,20260310002040
2026H1reg,방산,유일로보틱스,코스닥,20260310,1,5,군납업,신규 사업 예정,https://kind.krx.co.kr/external/2026/03/10/000300/20260310000474/00591.htm,20260310000300,20260310002040
2026H1reg,식품·농업·외식,유일로보틱스,코스닥,20260310,1,5,(26) 농업용 로봇 기계 제조 및 판매업,신규 사업 예정,https://kind.krx.co.kr/external/2026/03/10/000300/20260310000474/00591.htm,20260310000300,20260310002040
2026H1reg,교육,유일로보틱스,코스닥,20260310,1,5,교육 서비스업,신규 사업 예정,https://kind.krx.co.kr/external/2026/03/10/000300/20260310000474/00591.htm,20260310000300,20260310002040
2026H1reg,로봇,씨메스로보틱스,코스닥,20260310,6,6,"지능형로봇임대업 | 로봇기술에관한전문적서비스업 | 로봇관련개발품의제조및판매업 | 로봇시스템을이용한산업용생산자동화설비의설계및제작 | 로봇및관련부품도소매업및관련서비스업 | 로봇관련소프트웨어,하드웨어,컨텐츠의연구개발및판매업",신사업을 위한 사업목적 변경,https://kind.krx.co.kr/external/2026/03/09/001653/20260309003848/00591.htm,20260309001653,20260309001939
2026H1reg,클라우드·SW·빅데이터,씨메스로보틱스,코스닥,20260310,1,6,"로봇관련소프트웨어,하드웨어,컨텐츠의연구개발및판매업",신사업을 위한 사업목적 변경,https://kind.krx.co.kr/external/2026/03/09/001653/20260309003848/00591.htm,20260309001653,20260309001939
2026H1reg,엔터·콘텐츠·게임,씨메스로보틱스,코스닥,20260310,1,6,"로봇관련소프트웨어,하드웨어,컨텐츠의연구개발및판매업",신사업을 위한 사업목적 변경,https://kind.krx.co.kr/external/2026/03/09/001653/20260309003848/00591.htm,20260309001653,20260309001939
2026H1reg,클라우드·SW·빅데이터,나이스정보통신,코스닥,20260309,1,4,"디지털자산 관련 플랫폼, 시스템, 인프라, 소프트웨어 및 솔루션 개발ㆍ운영ㆍ제공업",- 디지털자산 관련 사업 추가 - 2026. 3. 정기주총 승인 즉시 시행,https://kind.krx.co.kr/external/2026/03/09/001576/20260309003715/00591.htm,20260309001576,20260309001924
2026H1reg,디지털자산·블록체인·STO(스테이블코인),나이스정보통신,코스닥,20260309,4,4,"디지털자산의 보관ㆍ관리 및 이전 서비스업 | 디지털자산을 활용한 지급결제, 송금, 결제정보 중계 및 정산 서비스업 | 디지털자산과 법정통화 간의 교환, 정산 및 그 중개ㆍ대행 서비스업 | 디지털자산 관련 플랫폼, 시스템, 인프라, 소프트웨어 및 솔루션 개발ㆍ운영ㆍ제공업",- 디지털자산 관련 사업 추가 - 2026. 3. 정기주총 승인 즉시 시행,https://kind.krx.co.kr/external/2026/03/09/001576/20260309003715/00591.htm,20260309001576,20260309001924
2026H1reg,전자지급·결제(PG·선불),나이스정보통신,코스닥,20260309,1,4,"디지털자산을 활용한 지급결제, 송금, 결제정보 중계 및 정산 서비스업",- 디지털자산 관련 사업 추가 - 2026. 3. 정기주총 승인 즉시 시행,https://kind.krx.co.kr/external/2026/03/09/001576/20260309003715/00591.htm,20260309001576,20260309001924
2026H1reg,2차전지·배터리,구영테크,코스닥,20260309,1,1,운송장비용 이차전지 제조업,사업목적 추가,https://kind.krx.co.kr/external/2026/03/09/001511/20260309003547/00591.htm,20260309001511,20260309001884
2026H1reg,우주항공,한화에어로스페이스,유가증권,20260309,1,6,항공기 및 우주선 발사 서비스업,사업목적 추가,https://kind.krx.co.kr/external/2026/03/09/001488/20260309003497/00591.htm,20260309001488,20260309001870
2026H1reg,신재생·에너지·전력,한화에어로스페이스,유가증권,20260309,2,6,"천연가스ㆍ수소ㆍ암모니아ㆍ바이오연료 등 에너지의 자원개발, 생산, 수출입, 유통(벙커링, 가스 도소매) 및 트레이딩 사업 | 전력ㆍ집단에너지ㆍ구역전기사업 및 전력 중개사업과 이에 대한 투자ㆍ건설ㆍ운영 사업",사업목적 추가,https://kind.krx.co.kr/external/2026/03/09/001488/20260309003497/00591.htm,20260309001488,20260309001870
2026H1reg,부동산·임대·건설,한화에어로스페이스,유가증권,20260309,1,6,전력ㆍ집단에너지ㆍ구역전기사업 및 전력 중개사업과 이에 대한 투자ㆍ건설ㆍ운영 사업,사업목적 추가,https://kind.krx.co.kr/external/2026/03/09/001488/20260309003497/00591.htm,20260309001488,20260309001870
2026H1reg,탄소·환경,한화에어로스페이스,유가증권,20260309,1,6,산업환경설비공사업,사업목적 추가,https://kind.krx.co.kr/external/2026/03/09/001488/20260309003497/00591.htm,20260309001488,20260309001870
2026H1reg,2차전지·배터리,한화엔진,유가증권,20260309,1,2,"에너지 저장장치 또는 부품 및 제품의 수입, 제조, 설치 및 매매",민수선박용 ESS사업 수행 목적,https://kind.krx.co.kr/external/2026/03/09/001350/20260309003280/00591.htm,20260309001350,20260309001804
2026H1reg,조선·해양,한화엔진,유가증권,20260309,1,2,선박대여업,민수선박용 ESS사업 수행 목적,https://kind.krx.co.kr/external/2026/03/09/001350/20260309003280/00591.htm,20260309001350,20260309001804
2026H1reg,화장품·뷰티,효성티앤씨,유가증권,20260309,1,2,"화장품의 제조 및 판매, 유통, 도소매, 전자상거래업",- 화장품 사업확대 및 범위 확장,https://kind.krx.co.kr/external/2026/03/09/001259/20260309003093/00591.htm,20260309001259,20260309001759
2026H1reg,로봇,디와이,유가증권,20260309,1,30,"산업용,농업용,일반용 로봇 및 부품 제조 및 판매업",11~41호 합병사업 추가 조항번호 변경,https://kind.krx.co.kr/external/2026/03/09/001228/20260309003047/00591.htm,20260309001228,20260309001749
2026H1reg,바이오·헬스케어,디와이,유가증권,20260309,1,30,의료기기 및 의료용 보조장비 및 부품 제조 판매업,11~41호 합병사업 추가 조항번호 변경,https://kind.krx.co.kr/external/2026/03/09/001228/20260309003047/00591.htm,20260309001228,20260309001749
2026H1reg,신재생·에너지·전력,디와이,유가증권,20260309,1,30,태양광 발전업,11~41호 합병사업 추가 조항번호 변경,https://kind.krx.co.kr/external/2026/03/09/001228/20260309003047/00591.htm,20260309001228,20260309001749
2026H1reg,부동산·임대·건설,디와이,유가증권,20260309,4,30,"각종 건설기계 및 특수사업 수송장비와 그 부분의 제조 및 판매 | 건설기계, 특장차, 압축식 기관 및 원동기 각종 기계의 매매, 정비 및 대여업 | 건설기계, 특장차의 임대업 | 건축자재 제조 및 판매, 시공업",11~41호 합병사업 추가 조항번호 변경,https://kind.krx.co.kr/external/2026/03/09/001228/20260309003047/00591.htm,20260309001228,20260309001749
2026H1reg,식품·농업·외식,디와이,유가증권,20260309,2,30,"농업기계의 제조 및 판매업 | 산업용,농업용,일반용 로봇 및 부품 제조 및 판매업",11~41호 합병사업 추가 조항번호 변경,https://kind.krx.co.kr/external/2026/03/09/001228/20260309003047/00591.htm,20260309001228,20260309001749
2026H1reg,탄소·환경,디와이,유가증권,20260309,1,30,폐기물처리 및 오염 방지시설 공사업,11~41호 합병사업 추가 조항번호 변경,https://kind.krx.co.kr/external/2026/03/09/001228/20260309003047/00591.htm,20260309001228,20260309001749
2026H1reg,바이오·헬스케어,대성미생물,코스닥,20260309,2,2,"원료의약품, 의약품 중간제품, 반제품 및 관련 물질의 제조, 판매 및 수출입업 | 건강기능식품의 제조 및 판매업",사업다각화 모색,https://kind.krx.co.kr/external/2026/03/09/001203/20260309002983/00591.htm,20260309001203,20260309001737
2026H1reg,식품·농업·외식,대성미생물,코스닥,20260309,1,2,건강기능식품의 제조 및 판매업,사업다각화 모색,https://kind.krx.co.kr/external/2026/03/09/001203/20260309002983/00591.htm,20260309001203,20260309001737
2026H1reg,신재생·에너지·전력,빛샘전자,코스닥,20260309,1,4,전력 및 통신케이블 조립체 제조 및 판매업,종속회사(일진전자산업) 흡수합병에 따른 사업목적 추가,https://kind.krx.co.kr/external/2026/03/09/001130/20260309002814/00591.htm,20260309001130,20260309001700
2026H1reg,부동산·임대·건설,포바이포,코스닥,20260309,1,2,부동산임대업,신사업목적 추가,https://kind.krx.co.kr/external/2026/03/09/001089/20260309002740/00591.htm,20260309001089,20260309001676
2026H1reg,클라우드·SW·빅데이터,슈프리마,코스닥,20260309,1,4,"영상감시·영상관제 시스템 및 관련 소프트웨어·하드웨어의 개발, 제조 및 판매 및 구축업",기존 사업과 연계된 기술 및 서비스 확장에 따른 사업목적 추가,https://kind.krx.co.kr/external/2026/03/09/001080/20260309002717/00591.htm,20260309001080,20260309001666
2026H1reg,로봇,신화프리텍,코스닥,20260309,1,8,산업용로봇 및 자동화로봇 제작업,"사업목적 삭제 (1호, 5~6호,8~16호) 문구정리 (2~3호, 7호) 사업목적 추가 (변경후 5~8호)",https://kind.krx.co.kr/external/2026/03/09/001000/20260309002582/00591.htm,20260309001000,20260309001622
2026H1reg,원전·원자력,신화프리텍,코스닥,20260309,1,8,원자력 및 핵융합설비 제작업,"사업목적 삭제 (1호, 5~6호,8~16호) 문구정리 (2~3호, 7호) 사업목적 추가 (변경후 5~8호)",https://kind.krx.co.kr/external/2026/03/09/001000/20260309002582/00591.htm,20260309001000,20260309001622
2026H1reg,방산,신화프리텍,코스닥,20260309,1,8,방산부품 제작업,"사업목적 삭제 (1호, 5~6호,8~16호) 문구정리 (2~3호, 7호) 사업목적 추가 (변경후 5~8호)",https://kind.krx.co.kr/external/2026/03/09/001000/20260309002582/00591.htm,20260309001000,20260309001622
2026H1reg,우주항공,신화프리텍,코스닥,20260309,1,8,항공기부품 제작업,"사업목적 삭제 (1호, 5~6호,8~16호) 문구정리 (2~3호, 7호) 사업목적 추가 (변경후 5~8호)",https://kind.krx.co.kr/external/2026/03/09/001000/20260309002582/00591.htm,20260309001000,20260309001622
2026H1reg,모빌리티·전기차·자율주행,신화프리텍,코스닥,20260309,1,8,자동차부품 제작업,"사업목적 삭제 (1호, 5~6호,8~16호) 문구정리 (2~3호, 7호) 사업목적 추가 (변경후 5~8호)",https://kind.krx.co.kr/external/2026/03/09/001000/20260309002582/00591.htm,20260309001000,20260309001622
2026H1reg,부동산·임대·건설,신화프리텍,코스닥,20260309,1,8,부동산 및 설비 임대업,"사업목적 삭제 (1호, 5~6호,8~16호) 문구정리 (2~3호, 7호) 사업목적 추가 (변경후 5~8호)",https://kind.krx.co.kr/external/2026/03/09/001000/20260309002582/00591.htm,20260309001000,20260309001622
2026H1reg,바이오·헬스케어,웨이비스,코스닥,20260309,3,7,"의료기기 제조 및 판매 | 의료기기 제조 및 품질관리 | 의료용품 제조 및 수입, 판매 공급업",신규 사업목적 추가,https://kind.krx.co.kr/external/2026/03/09/000520/20260309001604/00591.htm,20260309000520,20260309001373
2026H1reg,부동산·임대·건설,웨이비스,코스닥,20260309,3,7,"인테리어 및 각종 건축자재 제조 판매 및 설치업 | 인테리어 및 각종 건축자재 수입 및 국내 도소매, 납품업 | 인테리어 및 각종 건축자재 운송, 창고 및 기타 물류서비스업",신규 사업목적 추가,https://kind.krx.co.kr/external/2026/03/09/000520/20260309001604/00591.htm,20260309000520,20260309001373
2026H1reg,바이오·헬스케어,케어랩스,코스닥,20260309,1,2,"각종 식품, 건강기능식품, 화장품 및 미용용품, 의약외품, 생활용품, 잡화의 제조(위탁제조 포함), 유통, 도소매, 수출입업 및 관련 서비스업",미영위 사업 목적 삭제 / 사업영역 확장,https://kind.krx.co.kr/external/2026/03/09/000513/20260309001586/00591.htm,20260309000513,20260309001370
2026H1reg,화장품·뷰티,케어랩스,코스닥,20260309,1,2,"각종 식품, 건강기능식품, 화장품 및 미용용품, 의약외품, 생활용품, 잡화의 제조(위탁제조 포함), 유통, 도소매, 수출입업 및 관련 서비스업",미영위 사업 목적 삭제 / 사업영역 확장,https://kind.krx.co.kr/external/2026/03/09/000513/20260309001586/00591.htm,20260309000513,20260309001370
2026H1reg,식품·농업·외식,케어랩스,코스닥,20260309,1,2,"각종 식품, 건강기능식품, 화장품 및 미용용품, 의약외품, 생활용품, 잡화의 제조(위탁제조 포함), 유통, 도소매, 수출입업 및 관련 서비스업",미영위 사업 목적 삭제 / 사업영역 확장,https://kind.krx.co.kr/external/2026/03/09/000513/20260309001586/00591.htm,20260309000513,20260309001370
2026H1reg,클라우드·SW·빅데이터,한국전자인증,코스닥,20260309,2,9,보건의료 마이데이터 플랫폼 개발 및 활용 서비스업 | 블록체인 및 분산원장 기술 기반 소프트웨어 개발 및 서비스업,사업목적 추가,https://kind.krx.co.kr/external/2026/03/09/000479/20260309001492/00591.htm,20260309000479,20260309001350
2026H1reg,디지털자산·블록체인·STO(스테이블코인),한국전자인증,코스닥,20260309,2,9,블록체인 및 분산원장 기술 기반 소프트웨어 개발 및 서비스업 | 가상자산 및 디지털자산 관련 기술 개발 및 라이선스업,사업목적 추가,https://kind.krx.co.kr/external/2026/03/09/000479/20260309001492/00591.htm,20260309000479,20260309001350
2026H1reg,바이오·헬스케어,한국전자인증,코스닥,20260309,2,9,"의약품 및 의료기기 임상시험 수탁 및 지원 서비스업 18, 의료·건강 데이터의 수집, 가공, 분석 및 정보제공 서비스업 | 보건의료 마이데이터 플랫폼 개발 및 활용 서비스업",사업목적 추가,https://kind.krx.co.kr/external/2026/03/09/000479/20260309001492/00591.htm,20260309000479,20260309001350
2026H1reg,부동산·임대·건설,한국전자인증,코스닥,20260309,1,9,"부동산의 취득, 임대, 매매 및 관리업",사업목적 추가,https://kind.krx.co.kr/external/2026/03/09/000479/20260309001492/00591.htm,20260309000479,20260309001350
2026H1reg,식품·농업·외식,한국전자인증,코스닥,20260309,3,9,"농업경영 및 농산물의 생산·유통·가공·판매업 | 스마트팜 시스템 및 농업용 설비 개발, 제조, 판매 및 운영업 | 농업 관련 기술의 연구개발 및 컨설팅 서비스업",사업목적 추가,https://kind.krx.co.kr/external/2026/03/09/000479/20260309001492/00591.htm,20260309000479,20260309001350
2026H1reg,AI(인공지능),디오,코스닥,20260309,2,2,"인공지능(AI), 빅데이터 기반 의료솔루션 개발 및 서비스업 | 인공지능(AI), 빅데이터 기술을 활용한 의료기기 개발 및 서비스업",사업 범위 확장을 위한 사업목적 추가,https://kind.krx.co.kr/external/2026/03/09/000455/20260309001430/00591.htm,20260309000455,20260309001337
2026H1reg,클라우드·SW·빅데이터,디오,코스닥,20260309,2,2,"인공지능(AI), 빅데이터 기반 의료솔루션 개발 및 서비스업 | 인공지능(AI), 빅데이터 기술을 활용한 의료기기 개발 및 서비스업",사업 범위 확장을 위한 사업목적 추가,https://kind.krx.co.kr/external/2026/03/09/000455/20260309001430/00591.htm,20260309000455,20260309001337
2026H1reg,바이오·헬스케어,디오,코스닥,20260309,2,2,"인공지능(AI), 빅데이터 기반 의료솔루션 개발 및 서비스업 | 인공지능(AI), 빅데이터 기술을 활용한 의료기기 개발 및 서비스업",사업 범위 확장을 위한 사업목적 추가,https://kind.krx.co.kr/external/2026/03/09/000455/20260309001430/00591.htm,20260309000455,20260309001337
2026H1reg,AI(인공지능),이스트에이드,코스닥,20260309,2,23,"인공지능(AI) 활용한 디지털 콘텐츠 제작업 | 인공지능(AI), 가상현실(VR), 증강현실(AR) 관련 제품, 서비스 개발 및 공급업",포인트 관련 사업 추가 (10. ~ 12.) 인공지능을 활용한 콘텐츠 사업 추가 (13. ~ 20.) 교육관련 콘텐츠 사업 추진 (21. ~ 32.) 단순 조문번호 수정 (10. → 33.),https://kind.krx.co.kr/external/2026/03/09/000429/20260309001341/00591.htm,20260309000429,20260309001320
2026H1reg,클라우드·SW·빅데이터,이스트에이드,코스닥,20260309,4,23,디지털 콘텐츠 제작 플랫폼 사업 | 디지털 콘텐츠 제작 소프트웨어 개발업 | 모바일 플랫폼 및 콘텐츠 운영업 | 이러닝콘텐츠 및 이러닝콘텐츠 운용소프트웨어를 연구·개발·제작·수정·보관·전시 또는 유통하는 업,포인트 관련 사업 추가 (10. ~ 12.) 인공지능을 활용한 콘텐츠 사업 추가 (13. ~ 20.) 교육관련 콘텐츠 사업 추진 (21. ~ 32.) 단순 조문번호 수정 (10. → 33.),https://kind.krx.co.kr/external/2026/03/09/000429/20260309001341/00591.htm,20260309000429,20260309001320
2026H1reg,전자지급·결제(PG·선불),이스트에이드,코스닥,20260309,2,23,전자금융업 | 선불전자지급업,포인트 관련 사업 추가 (10. ~ 12.) 인공지능을 활용한 콘텐츠 사업 추가 (13. ~ 20.) 교육관련 콘텐츠 사업 추진 (21. ~ 32.) 단순 조문번호 수정 (10. → 33.),https://kind.krx.co.kr/external/2026/03/09/000429/20260309001341/00591.htm,20260309000429,20260309001320
2026H1reg,엔터·콘텐츠·게임,이스트에이드,코스닥,20260309,7,23,디지털 콘텐츠 제작 플랫폼 사업 | 디지털 콘텐츠 제작 및 유통업 | 디지털 콘텐츠 제작 소프트웨어 개발업 | 모바일 플랫폼 및 콘텐츠 운영업 | 인공지능(AI) 활용한 디지털 콘텐츠 제작업 | 이러닝콘텐츠 및 이러닝콘텐츠 운용소프트웨어를 연구·개발·제작·수정·보관·전시 또는 유통하는 업 | 교육콘텐츠 공급업,포인트 관련 사업 추가 (10. ~ 12.) 인공지능을 활용한 콘텐츠 사업 추가 (13. ~ 20.) 교육관련 콘텐츠 사업 추진 (21. ~ 32.) 단순 조문번호 수정 (10. → 33.),https://kind.krx.co.kr/external/2026/03/09/000429/20260309001341/00591.htm,20260309000429,20260309001320
2026H1reg,교육,이스트에이드,코스닥,20260309,6,23,온라인 및 오프라인 교육서비스업 | 교육 컨설팅업 | 원격 교육 및 운영업 | 교육 관련 용역의 수행 사업 | 온라인 위탁교육 서비스업 | 교육콘텐츠 공급업,포인트 관련 사업 추가 (10. ~ 12.) 인공지능을 활용한 콘텐츠 사업 추가 (13. ~ 20.) 교육관련 콘텐츠 사업 추진 (21. ~ 32.) 단순 조문번호 수정 (10. → 33.),https://kind.krx.co.kr/external/2026/03/09/000429/20260309001341/00591.htm,20260309000429,20260309001320
2026H1reg,AI(인공지능),LS마린솔루션,코스닥,20260309,1,1,"해저시공 설비 관련 소프트웨어, AI 및 로봇 기반의 자동화·원격제어 시스템의 개발, 운영 및 유지보수",사업 목적 변경,https://kind.krx.co.kr/external/2026/03/09/000381/20260309001172/00591.htm,20260309000381,20260309001279
2026H1reg,로봇,LS마린솔루션,코스닥,20260309,1,1,"해저시공 설비 관련 소프트웨어, AI 및 로봇 기반의 자동화·원격제어 시스템의 개발, 운영 및 유지보수",사업 목적 변경,https://kind.krx.co.kr/external/2026/03/09/000381/20260309001172/00591.htm,20260309000381,20260309001279
2026H1reg,클라우드·SW·빅데이터,LS마린솔루션,코스닥,20260309,1,1,"해저시공 설비 관련 소프트웨어, AI 및 로봇 기반의 자동화·원격제어 시스템의 개발, 운영 및 유지보수",사업 목적 변경,https://kind.krx.co.kr/external/2026/03/09/000381/20260309001172/00591.htm,20260309000381,20260309001279
2026H1reg,조선·해양,LS마린솔루션,코스닥,20260309,1,1,"해저시공 설비 관련 소프트웨어, AI 및 로봇 기반의 자동화·원격제어 시스템의 개발, 운영 및 유지보수",사업 목적 변경,https://kind.krx.co.kr/external/2026/03/09/000381/20260309001172/00591.htm,20260309000381,20260309001279
2026H1reg,신재생·에너지·전력,영화금속,유가증권,20260309,1,1,태양광 발전 및 전기 판매업,사업다각화를 위한 사업목적 추가,https://kind.krx.co.kr/external/2026/03/09/000345/20260309001076/00591.htm,20260309000345,20260309001257
2026H1reg,엔터·콘텐츠·게임,디어유,코스닥,20260309,3,18,문화콘텐츠 개발업 | 문화콘텐츠 기획 및 제작 | 문화콘텐츠 상품 수출 및 도소매,신사업 추진에 따른 사업목적 추가,https://kind.krx.co.kr/external/2026/03/09/000310/20260309000900/00591.htm,20260309000310,20260309001225
2026H1reg,화장품·뷰티,디어유,코스닥,20260309,1,18,화장품 제조 판매업(화장품책임판매업),신사업 추진에 따른 사업목적 추가,https://kind.krx.co.kr/external/2026/03/09/000310/20260309000900/00591.htm,20260309000310,20260309001225
2026H1reg,식품·농업·외식,디어유,코스닥,20260309,1,18,식품유통전문판매업,신사업 추진에 따른 사업목적 추가,https://kind.krx.co.kr/external/2026/03/09/000310/20260309000900/00591.htm,20260309000310,20260309001225
2026H1reg,AI(인공지능),가온전선,유가증권,20260309,1,4,인공지능(AI) 기반 소프트웨어 개발 및 공급업,영구자석 관련 사업목적 추가의 건 / 인공지능(AI) 관련 사업목적 추가의 건 / 지능형 로봇 관련 사업목적 추가의 건 / 토큰발행 및 토큰 증권 관련 사업목적 추가의 건,https://kind.krx.co.kr/external/2026/03/09/000306/20260309000893/00591.htm,20260309000306,20260309001222
2026H1reg,로봇,가온전선,유가증권,20260309,1,4,"지능형 로봇 및 액추에이터의 설계, 제조 및 판매업",영구자석 관련 사업목적 추가의 건 / 인공지능(AI) 관련 사업목적 추가의 건 / 지능형 로봇 관련 사업목적 추가의 건 / 토큰발행 및 토큰 증권 관련 사업목적 추가의 건,https://kind.krx.co.kr/external/2026/03/09/000306/20260309000893/00591.htm,20260309000306,20260309001222
2026H1reg,클라우드·SW·빅데이터,가온전선,유가증권,20260309,1,4,인공지능(AI) 기반 소프트웨어 개발 및 공급업,영구자석 관련 사업목적 추가의 건 / 인공지능(AI) 관련 사업목적 추가의 건 / 지능형 로봇 관련 사업목적 추가의 건 / 토큰발행 및 토큰 증권 관련 사업목적 추가의 건,https://kind.krx.co.kr/external/2026/03/09/000306/20260309000893/00591.htm,20260309000306,20260309001222
2026H1reg,디지털자산·블록체인·STO(스테이블코인),가온전선,유가증권,20260309,1,4,토큰발행 및 토큰 증권(STO) 관련 사업,영구자석 관련 사업목적 추가의 건 / 인공지능(AI) 관련 사업목적 추가의 건 / 지능형 로봇 관련 사업목적 추가의 건 / 토큰발행 및 토큰 증권 관련 사업목적 추가의 건,https://kind.krx.co.kr/external/2026/03/09/000306/20260309000893/00591.htm,20260309000306,20260309001222
2026H1reg,희토류·핵심광물·소재,가온전선,유가증권,20260309,1,4,"영구자석을 포함한 희토류 소재 및 응용제품의 제조,가공 및 판매업",영구자석 관련 사업목적 추가의 건 / 인공지능(AI) 관련 사업목적 추가의 건 / 지능형 로봇 관련 사업목적 추가의 건 / 토큰발행 및 토큰 증권 관련 사업목적 추가의 건,https://kind.krx.co.kr/external/2026/03/09/000306/20260309000893/00591.htm,20260309000306,20260309001222
2026H1reg,엔터·콘텐츠·게임,오픈놀,코스닥,20260309,1,1,일반 영화 및 비디오물 제작업,(1) 경영활동 다양화 사업목적 추가,https://kind.krx.co.kr/external/2026/03/09/000272/20260309000754/00591.htm,20260309000272,20260309001198
2026H1reg,부동산·임대·건설,코셋,코넥스,20260309,1,1,동산 및 부동산 임대업,기업(사업) 활동에 필요한 사업목적 추가,https://kind.krx.co.kr/external/2026/03/09/000179/20260309000449/00591.htm,20260309000179,20260309001130
2026H1reg,클라우드·SW·빅데이터,나무가,코스닥,20260309,1,1,"정보보호 기술, 제품 및 소프트웨어의 개발, 공급 및 관련 용역업",사업 목적의 추가,https://kind.krx.co.kr/external/2026/03/09/000104/20260309000214/00591.htm,20260309000104,20260309001089
2026H1reg,AI(인공지능),온코크로스,코스닥,20260306,1,5,"빅데이터, 인공지능, 의학 및 생명공학을 이용한 화학의약품, 생물 의약품, 세포 치료제, 유전자 치료제, 각종 중증 질환 진단제 연구 및 개발업",1. 문구 추가 : 연구 및 개발업 15.~20. : 사업확장을 위한 사업목적 추가,https://kind.krx.co.kr/external/2026/03/06/001497/20260306003325/00591.htm,20260306001497,20260306000910
2026H1reg,클라우드·SW·빅데이터,온코크로스,코스닥,20260306,3,5,"빅데이터, 인공지능, 의학 및 생명공학을 이용한 화학의약품, 생물 의약품, 세포 치료제, 유전자 치료제, 각종 중증 질환 진단제 연구 및 개발업 | 단백질체(Proteomics) 분석, 오믹스 데이터 분석 및 바이오마커 연구개발·분석 용역업 (신규) | 바이오·의료 데이터 플랫폼 개발·운영 및 데이터 가공, 판매, 중개 및 라이선싱업 (신규)",1. 문구 추가 : 연구 및 개발업 15.~20. : 사업확장을 위한 사업목적 추가,https://kind.krx.co.kr/external/2026/03/06/001497/20260306003325/00591.htm,20260306001497,20260306000910
2026H1reg,바이오·헬스케어,온코크로스,코스닥,20260306,4,5,"빅데이터, 인공지능, 의학 및 생명공학을 이용한 화학의약품, 생물 의약품, 세포 치료제, 유전자 치료제, 각종 중증 질환 진단제 연구 및 개발업 | 단백질체(Proteomics) 분석, 오믹스 데이터 분석 및 바이오마커 연구개발·분석 용역업 (신규) | 인체유래물 및 의료 데이터 통합 관리, 디지털 바이오뱅크 구축·운영업 (신규) | 바이오·의료 데이터 플랫폼 개발·운영 및 데이터 가공, 판매, 중개 및 라이선싱업 (신규)",1. 문구 추가 : 연구 및 개발업 15.~20. : 사업확장을 위한 사업목적 추가,https://kind.krx.co.kr/external/2026/03/06/001497/20260306003325/00591.htm,20260306001497,20260306000910
2026H1reg,전자지급·결제(PG·선불),쿠콘,코스닥,20260306,1,3,직불전자지급수단 발행 및 관리업,사업 목적 추가,https://kind.krx.co.kr/external/2026/03/06/001470/20260306003271/00591.htm,20260306001470,20260306000889
2026H1reg,바이오·헬스케어,쿠콘,코스닥,20260306,1,3,의료정보 관리 및 분석업,사업 목적 추가,https://kind.krx.co.kr/external/2026/03/06/001470/20260306003271/00591.htm,20260306001470,20260306000889
2026H1reg,AI(인공지능),웹케시,코스닥,20260306,1,3,"인공지능 (AI) 솔루션 , 서비스 제공업",사업 목적 추가,https://kind.krx.co.kr/external/2026/03/06/001447/20260306003225/00591.htm,20260306001447,20260306000879
2026H1reg,디지털자산·블록체인·STO(스테이블코인),웹케시,코스닥,20260306,1,3,가상자산 관리 시스템 개발 및 판매업,사업 목적 추가,https://kind.krx.co.kr/external/2026/03/06/001447/20260306003225/00591.htm,20260306001447,20260306000879
2026H1reg,바이오·헬스케어,츌립앤사이언스,코스닥,20260306,1,4,"동물용 의약품 및 의약외품의 연구개발, 제조, 도·소매 및 수출입업",사업목적 정비,https://kind.krx.co.kr/external/2026/03/06/001390/20260306003119/00591.htm,20260306001390,20260306000837
2026H1reg,반려동물(펫),츌립앤사이언스,코스닥,20260306,1,4,"동물사료, 펫푸드 및 반려동물 관련 제품의 제조, 가공, 도·소매 및 수출입업",사업목적 정비,https://kind.krx.co.kr/external/2026/03/06/001390/20260306003119/00591.htm,20260306001390,20260306000837
2026H1reg,화장품·뷰티,츌립앤사이언스,코스닥,20260306,1,4,"화장품 및 화장품 원료의 개발, 제조, 도·소매 및 수출입업",사업목적 정비,https://kind.krx.co.kr/external/2026/03/06/001390/20260306003119/00591.htm,20260306001390,20260306000837
2026H1reg,부동산·임대·건설,제노레이,코스닥,20260306,1,1,부동산임대 및 판매,향후 잠재적 신규 사업 추진 가능성에 대비하여 정관상의 근거를 사전 확보함으로써 경영의 효율성을 제고하고자 함.,https://kind.krx.co.kr/external/2026/03/06/001212/20260306002814/00591.htm,20260306001212,20260306000754
2026H1reg,부동산·임대·건설,랩지노믹스,코스닥,20260306,1,1,부동산의 임대 및 관리업과 이에 부수하는 일체의 사업,자산 효율화 및 중장기적 수익원 창출,https://kind.krx.co.kr/external/2026/03/06/001094/20260306002607/00591.htm,20260306001094,20260306000699
2026H1reg,투자·금융,엑스페릭스,코스닥,20260306,1,1,기타 금융투자업,사업목적 추가 36. 기타 금융투자업,https://kind.krx.co.kr/external/2026/03/06/000936/20260306002302/00591.htm,20260306000936,20260306000590
2026H1reg,부동산·임대·건설,TJ미디어,코스닥,20260306,1,1,부동산 매매 및 임대업,사업목적 추가 및 정비,https://kind.krx.co.kr/external/2026/03/06/000811/20260306002045/00591.htm,20260306000811,20260306000513
2026H1reg,로봇,사이냅소프트,코스닥,20260306,1,1,"로봇 관련 소프트웨어, 하드웨어, 컨텐츠의 연구 개발 및 판매",사업목적추가,https://kind.krx.co.kr/external/2026/03/06/000807/20260306002036/00591.htm,20260306000807,20260306000507
2026H1reg,클라우드·SW·빅데이터,사이냅소프트,코스닥,20260306,1,1,"로봇 관련 소프트웨어, 하드웨어, 컨텐츠의 연구 개발 및 판매",사업목적추가,https://kind.krx.co.kr/external/2026/03/06/000807/20260306002036/00591.htm,20260306000807,20260306000507
2026H1reg,엔터·콘텐츠·게임,사이냅소프트,코스닥,20260306,1,1,"로봇 관련 소프트웨어, 하드웨어, 컨텐츠의 연구 개발 및 판매",사업목적추가,https://kind.krx.co.kr/external/2026/03/06/000807/20260306002036/00591.htm,20260306000807,20260306000507
2026H1reg,바이오·헬스케어,깨끗한나라,유가증권,20260306,1,1,"헬스케어 기기/미용기기(뷰티 디바이스 ) 도·소매(유통·판매), 전자상거래(온라인 ) 판매, 무역(수출입), 고객 서비스 대행 및 관련 컨설팅업",사업다각화를위한 사업목적추가,https://kind.krx.co.kr/external/2026/03/06/000756/20260306001906/00591.htm,20260306000756,20260306000466
2026H1reg,화장품·뷰티,깨끗한나라,유가증권,20260306,1,1,"헬스케어 기기/미용기기(뷰티 디바이스 ) 도·소매(유통·판매), 전자상거래(온라인 ) 판매, 무역(수출입), 고객 서비스 대행 및 관련 컨설팅업",사업다각화를위한 사업목적추가,https://kind.krx.co.kr/external/2026/03/06/000756/20260306001906/00591.htm,20260306000756,20260306000466
2026H1reg,부동산·임대·건설,삼익제약,코스닥,20260306,1,1,부동산 매매 및 임대업,자회사와 사무실 임대차 계약에 따른 사업목적 추가,https://kind.krx.co.kr/external/2026/03/06/000411/20260306001080/00591.htm,20260306000411,20260306000222
2026H1reg,부동산·임대·건설,덕신이피씨,코스닥,20260305,4,13,부동산개발 및 공급업 | 부동산 시행 관리업 | 부동산 분양업 및 투자자문업 | 건축 공사업,천안산업단지 조성 및 골프장 관련 목적사업 추가,https://kind.krx.co.kr/external/2026/03/05/001741/20260305003885/00591.htm,20260305001741,20260305001553
2026H1reg,식품·농업·외식,덕신이피씨,코스닥,20260305,1,13,대중음식점 운영업,천안산업단지 조성 및 골프장 관련 목적사업 추가,https://kind.krx.co.kr/external/2026/03/05/001741/20260305003885/00591.htm,20260305001741,20260305001553
2026H1reg,우주항공,퍼스텍,유가증권,20260305,2,2,"항공기, 우주선 및 보조장치 제조업 | 항공기용 엔진 및 부품 제조업",사업목적 추가,https://kind.krx.co.kr/external/2026/03/05/001106/20260305002590/00591.htm,20260305001106,20260305001061
2026H1reg,반도체,나노씨엠에스,코스닥,20260305,1,4,전력반도체 제조 및 도소매,- 사업목적 추가 및 변경 - 정관 조문 정비,https://kind.krx.co.kr/external/2026/03/05/001002/20260305002382/00591.htm,20260305001002,20260305000978
2026H1reg,바이오·헬스케어,나노씨엠에스,코스닥,20260305,1,4,"화장품, 의료, 바이오 제조 및 도소매",- 사업목적 추가 및 변경 - 정관 조문 정비,https://kind.krx.co.kr/external/2026/03/05/001002/20260305002382/00591.htm,20260305001002,20260305000978
2026H1reg,신재생·에너지·전력,나노씨엠에스,코스닥,20260305,1,4,전력반도체 제조 및 도소매,- 사업목적 추가 및 변경 - 정관 조문 정비,https://kind.krx.co.kr/external/2026/03/05/001002/20260305002382/00591.htm,20260305001002,20260305000978
2026H1reg,화장품·뷰티,나노씨엠에스,코스닥,20260305,1,4,"화장품, 의료, 바이오 제조 및 도소매",- 사업목적 추가 및 변경 - 정관 조문 정비,https://kind.krx.co.kr/external/2026/03/05/001002/20260305002382/00591.htm,20260305001002,20260305000978
2026H1reg,2차전지·배터리,솔루스첨단소재,유가증권,20260305,1,11,"이차전지 소재의 제조, 가공, 판매 및 수출입업",사업 목적 명확화,https://kind.krx.co.kr/external/2026/03/05/000898/20260305002139/00591.htm,20260305000898,20260305000875
2026H1reg,모빌리티·전기차·자율주행,솔루스첨단소재,유가증권,20260305,1,11,"전기자동차 소재의 제조, 가공, 판매 및 수출입업",사업 목적 명확화,https://kind.krx.co.kr/external/2026/03/05/000898/20260305002139/00591.htm,20260305000898,20260305000875
2026H1reg,부동산·임대·건설,솔루스첨단소재,유가증권,20260305,1,11,부동산 임대업,사업 목적 명확화,https://kind.krx.co.kr/external/2026/03/05/000898/20260305002139/00591.htm,20260305000898,20260305000875
2026H1reg,반도체,에어레인,코스닥,20260305,1,8,반도체용 케미컬의 재활용을 위한 사업,"추진 사업 관련 사업목적 추가, 문구 및 기재순서 정비",https://kind.krx.co.kr/external/2026/03/05/000854/20260305002026/00591.htm,20260305000854,20260305000843
2026H1reg,바이오·헬스케어,에어레인,코스닥,20260305,1,8,반도체용 케미컬의 재활용을 위한 사업,"추진 사업 관련 사업목적 추가, 문구 및 기재순서 정비",https://kind.krx.co.kr/external/2026/03/05/000854/20260305002026/00591.htm,20260305000854,20260305000843
2026H1reg,신재생·에너지·전력,에어레인,코스닥,20260305,1,8,바이오 연료 및 혼합물 제조업,"추진 사업 관련 사업목적 추가, 문구 및 기재순서 정비",https://kind.krx.co.kr/external/2026/03/05/000854/20260305002026/00591.htm,20260305000854,20260305000843
2026H1reg,탄소·환경,에어레인,코스닥,20260305,1,8,반도체용 케미컬의 재활용을 위한 사업,"추진 사업 관련 사업목적 추가, 문구 및 기재순서 정비",https://kind.krx.co.kr/external/2026/03/05/000854/20260305002026/00591.htm,20260305000854,20260305000843
2026H1reg,투자·금융,이크레더블,코스닥,20260305,1,2,녹색금융상품 관련 평가 및 자문 업무,신규사업 추가를 통한 회사 성장을 도모하기 위해 부수업무로 반영할 예정 * 업무정의 : 녹색금융상품 관련 외부검토업무 수행 등,https://kind.krx.co.kr/external/2026/03/05/000838/20260305001988/00591.htm,20260305000838,20260305000825
2026H1reg,AI(인공지능),금강공업,유가증권,20260305,1,21,"인공지능 기반 응용 분석, 서비스",- 사업 다각화 조문번호 수정 (19>40),https://kind.krx.co.kr/external/2026/03/05/000696/20260305001631/00591.htm,20260305000696,20260305000727
2026H1reg,신재생·에너지·전력,금강공업,유가증권,20260305,2,21,신에너지 및 재생에너지 개발사업 | 태양광발전 및 전력중개업,- 사업 다각화 조문번호 수정 (19>40),https://kind.krx.co.kr/external/2026/03/05/000696/20260305001631/00591.htm,20260305000696,20260305000727
2026H1reg,부동산·임대·건설,금강공업,유가증권,20260305,6,21,"부동산개발업 | 해외건설업 | 부동산 주택 임대 관리업 | 부동산종합서비스업 | 모듈러주택 제작, 관리, 유통업 | PC모듈러 건축물 제작업",- 사업 다각화 조문번호 수정 (19>40),https://kind.krx.co.kr/external/2026/03/05/000696/20260305001631/00591.htm,20260305000696,20260305000727
2026H1reg,교육,데이원컴퍼니,코스닥,20260305,1,6,컴퓨터 교육업,사업영역 확대,https://kind.krx.co.kr/external/2026/03/05/000555/20260305001241/00591.htm,20260305000555,20260305000561
2026H1reg,부동산·임대·건설,청보,코스닥,20260305,6,13,"건설 기자재 제조, 판매 및 임대업 | 토목, 건축 공사업 | 전문건설업 | 모듈러 건축물 제작업 | 공업화 건축물 제작업 | 주택건설사업",미영위 목적사업 일부삭제 / 신규사업 진출 및 사업 다각화를 위한 사업목적 추가,https://kind.krx.co.kr/external/2026/03/05/000472/20260305001042/00591.htm,20260305000472,20260305000473
2026H1reg,탄소·환경,우양에이치씨,코스닥,20260305,7,9,"환경오염방지시설 설계 및 시공업, 환경오염방지시 설업, 환경전문공사업 | 대기, 수질, 태양 등 환경오염물 처리장치 및 기술 개발 및 판매 | 환경폐기물 처리 기술 개발 및 판매 | 환경폐기물 처리 장치 및 설비 설계, 제조 및 설치 | 환경폐기물 처리 장치 설계, 운용 기술자문 및 교 육 사업 | 환경폐기물 처리 장치 및 설비 수리, 임대, 유지보 수업 | 국내외 환경폐기물 처리 대행업",사업 포트폴리오 다각화,https://kind.krx.co.kr/external/2026/03/05/000470/20260305001041/00591.htm,20260305000470,20260305000470
2026H1reg,신재생·에너지·전력,한화오션,유가증권,20260304,5,6,"신재생에너지 발전사업 | 신재생에너지 설비의 설치,운영 및 판매사업 | 신재생에너지 공급 및 판매사업 | 신재생에너지 발전사업권, 지분 및 권리 등 양수도업 | 신재생에너지 개발 관련 컨설팅 및 용역업",일부 사업목적 추가 (풍력사업 등) 반영,https://kind.krx.co.kr/external/2026/03/04/001587/20260304003587/00591.htm,20260304001587,20260304001631
2026H1reg,투자·금융,한미글로벌,유가증권,20260304,2,2,자본시장과 금융투자업에 관한 법률에 의한 기관전용 사모집합투자 기구의 업무집행사원(GP)로서의 업무 | 자본시장과 금융투자업에 관한 법률에 의한 기관전용 사모집합투자 기구의 설립 및 운용,목적사업 추가,https://kind.krx.co.kr/external/2026/03/04/001496/20260304003412/00591.htm,20260304001496,20260304001552
2026H1reg,부동산·임대·건설,미원에스씨,유가증권,20260304,1,3,부동산 임대업,목적사업추가,https://kind.krx.co.kr/external/2026/03/04/001427/20260304003275/00591.htm,20260304001427,20260304001489
2026H1reg,신재생·에너지·전력,비씨엔씨,코스닥,20260304,2,4,"신생에너지 발전소 설치, 건설 및 투자사업 | 신생에너지 발전소 유지, 관리 및 운영사업",사업목적추가,https://kind.krx.co.kr/external/2026/03/04/001162/20260304002708/00591.htm,20260304001162,20260304001255
2026H1reg,부동산·임대·건설,비씨엔씨,코스닥,20260304,1,4,"신생에너지 발전소 설치, 건설 및 투자사업",사업목적추가,https://kind.krx.co.kr/external/2026/03/04/001162/20260304002708/00591.htm,20260304001162,20260304001255
2026H1reg,원전·원자력,DS단석,유가증권,20260304,1,14,"소형·초소형모듈형원자로의 개발, 제조, 판매업","미영위 사업 삭제, 신사업 추가, 업의 확장 및 사업목적 각호 정비",https://kind.krx.co.kr/external/2026/03/04/000797/20260304001854/00591.htm,20260304000797,20260304000867
2026H1reg,2차전지·배터리,DS단석,유가증권,20260304,2,14,"이차전지 소재 및 그 원료의 제조, 가공, 판매업 | 에너지 저장장치의 개발, 제조, 판매업","미영위 사업 삭제, 신사업 추가, 업의 확장 및 사업목적 각호 정비",https://kind.krx.co.kr/external/2026/03/04/000797/20260304001854/00591.htm,20260304000797,20260304000867
2026H1reg,신재생·에너지·전력,DS단석,유가증권,20260304,1,14,"바이오 연료(바이오디젤, 바이오중유, 바이오선박유, 바이오항공유) 및 그 부산물과 혼합물의 제조, 보관, 유통 및 판매업","미영위 사업 삭제, 신사업 추가, 업의 확장 및 사업목적 각호 정비",https://kind.krx.co.kr/external/2026/03/04/000797/20260304001854/00591.htm,20260304000797,20260304000867
2026H1reg,희토류·핵심광물·소재,DS단석,유가증권,20260304,1,14,"전자, 전기산업 및 광산물 제련 과정에서 발생하는 스크랩, 부산물로부터 금속(귀금속 포함) 회수, 판매업","미영위 사업 삭제, 신사업 추가, 업의 확장 및 사업목적 각호 정비",https://kind.krx.co.kr/external/2026/03/04/000797/20260304001854/00591.htm,20260304000797,20260304000867
2026H1reg,조선·해양,DS단석,유가증권,20260304,1,14,"바이오 연료(바이오디젤, 바이오중유, 바이오선박유, 바이오항공유) 및 그 부산물과 혼합물의 제조, 보관, 유통 및 판매업","미영위 사업 삭제, 신사업 추가, 업의 확장 및 사업목적 각호 정비",https://kind.krx.co.kr/external/2026/03/04/000797/20260304001854/00591.htm,20260304000797,20260304000867
2026H1reg,부동산·임대·건설,DS단석,유가증권,20260304,1,14,부동산 개발 및 임대업,"미영위 사업 삭제, 신사업 추가, 업의 확장 및 사업목적 각호 정비",https://kind.krx.co.kr/external/2026/03/04/000797/20260304001854/00591.htm,20260304000797,20260304000867
2026H1reg,탄소·환경,DS단석,유가증권,20260304,1,14,"폐기물 수집, 운반, 처리 및 원료 재생업","미영위 사업 삭제, 신사업 추가, 업의 확장 및 사업목적 각호 정비",https://kind.krx.co.kr/external/2026/03/04/000797/20260304001854/00591.htm,20260304000797,20260304000867
2026H1reg,우주항공,LS티라유텍,코스닥,20260304,1,5,"전기통신업(유무선 전신전화통신업, 무선통신서비스판매업, 통신위성, 통신 중계 및 방송전송, 부가통신업 및 컴퓨터 및 통신기기를 이용한 정보자료처리 및 정보통신서비스업을 포함)",LS내부사업 및 공공사업 진행을 위한 사업목적 추가,https://kind.krx.co.kr/external/2026/03/04/000338/20260304000758/00591.htm,20260304000338,20260304000302
2026H1reg,엔터·콘텐츠·게임,LS티라유텍,코스닥,20260304,1,5,"전기통신업(유무선 전신전화통신업, 무선통신서비스판매업, 통신위성, 통신 중계 및 방송전송, 부가통신업 및 컴퓨터 및 통신기기를 이용한 정보자료처리 및 정보통신서비스업을 포함)",LS내부사업 및 공공사업 진행을 위한 사업목적 추가,https://kind.krx.co.kr/external/2026/03/04/000338/20260304000758/00591.htm,20260304000338,20260304000302
2026H1reg,신재생·에너지·전력,세코닉스,코스닥,20260304,2,4,"신생에너지 발전소 설치, 건설 및 투자산업 | 신생에너지 발전소 유지, 관리 및 운영사업",신규 사업에 따른 목적 추가 및 채번 변경,https://kind.krx.co.kr/external/2026/03/04/000305/20260304000673/00591.htm,20260304000305,20260304000241
2026H1reg,부동산·임대·건설,세코닉스,코스닥,20260304,1,4,"신생에너지 발전소 설치, 건설 및 투자산업",신규 사업에 따른 목적 추가 및 채번 변경,https://kind.krx.co.kr/external/2026/03/04/000305/20260304000673/00591.htm,20260304000305,20260304000241
2026H1reg,데이터센터,SGC에너지,유가증권,20260303,1,1,데이터센터 사업,AI데이터센터 설립 및 운영을 위한 사업목적 추가,https://kind.krx.co.kr/external/2026/03/03/001205/20260303003186/00591.htm,20260303001205,20260303002953
2026H1reg,탄소·환경,한솔홈데코,유가증권,20260303,1,1,폐기물처리업,폐기물 적합성 확인제도에 따른 사업목적 추가,https://kind.krx.co.kr/external/2026/03/03/001090/20260303002988/00591.htm,20260303001090,20260303002807
2026H1reg,AI(인공지능),이스트소프트,코스닥,20260303,1,2,"인 공지능(AI) 및 로봇 기술을 활용한 소프트웨어 및 하드웨어 기반 기기 · 시스템의 개발, 제조, 판매, 임대 및 유지보수업",기존 인공지능 사업의 확장 및 융합을 위하여 관련 사업 추가 조문번호 수정 (15. ~ 41. → 17. ~ 43.),https://kind.krx.co.kr/external/2026/03/03/001069/20260303002953/00591.htm,20260303001069,20260303002770
2026H1reg,로봇,이스트소프트,코스닥,20260303,1,2,"인 공지능(AI) 및 로봇 기술을 활용한 소프트웨어 및 하드웨어 기반 기기 · 시스템의 개발, 제조, 판매, 임대 및 유지보수업",기존 인공지능 사업의 확장 및 융합을 위하여 관련 사업 추가 조문번호 수정 (15. ~ 41. → 17. ~ 43.),https://kind.krx.co.kr/external/2026/03/03/001069/20260303002953/00591.htm,20260303001069,20260303002770
2026H1reg,클라우드·SW·빅데이터,이스트소프트,코스닥,20260303,1,2,"인 공지능(AI) 및 로봇 기술을 활용한 소프트웨어 및 하드웨어 기반 기기 · 시스템의 개발, 제조, 판매, 임대 및 유지보수업",기존 인공지능 사업의 확장 및 융합을 위하여 관련 사업 추가 조문번호 수정 (15. ~ 41. → 17. ~ 43.),https://kind.krx.co.kr/external/2026/03/03/001069/20260303002953/00591.htm,20260303001069,20260303002770
2026H1reg,바이오·헬스케어,뷰노,코스닥,20260303,1,2,착용형(웨어러블) 의료기기의 개발 및 서비스업,추진 중인 사업의 변동사항 반영을 위해 정관에 목적사항을 추가,https://kind.krx.co.kr/external/2026/03/03/000863/20260303002585/00591.htm,20260303000863,20260303002496
2026H1reg,로봇,파인텍,코스닥,20260303,5,5,"지능형로봇 제조 및 판매업 | 지능형로봇 부품 제조 및 판매업 | 공공서비스로봇 제조, 판매업 및 서비스업 | 산업용로봇 제조 및 판매업 | 로봇부품 및 부분품 유통업",사업 목적 정비를 통한 신규사업 추가 적정 유통주식수 유지를 통한 주가안정화 및 기업가치 제고 부칙 신설,https://kind.krx.co.kr/external/2026/03/03/000402/20260303001465/00591.htm,20260303000402,20260303001819
2026H1reg,모빌리티·전기차·자율주행,유니켐,유가증권,20260227,1,1,자동차부품 제조 판매업,문구정리,https://kind.krx.co.kr/external/2026/02/27/002110/20260227004174/00591.htm,20260227002110,20260227008901
2026H1reg,바이오·헬스케어,시노펙스,코스닥,20260227,4,4,"의약품의 제조, 매매 및 소분업 | 원료의약품, 의약부외품, 화장품 등의 제조, 매매 및 소분업 | 의료기기 및 위생용품의 제조, 매매 및 소분업 | 의약품개발 용역 및 연구업",신사업 관련 사업목적 추가,https://kind.krx.co.kr/external/2026/02/27/002082/20260227004143/00591.htm,20260227002082,20260227008857
2026H1reg,화장품·뷰티,시노펙스,코스닥,20260227,1,4,"원료의약품, 의약부외품, 화장품 등의 제조, 매매 및 소분업",신사업 관련 사업목적 추가,https://kind.krx.co.kr/external/2026/02/27/002082/20260227004143/00591.htm,20260227002082,20260227008857
2026H1reg,바이오·헬스케어,SG,코스닥,20260227,1,14,폐윤활유 및 폐유기용제 재활용업,사업확장 대비 사업목적 추가,https://kind.krx.co.kr/external/2026/02/27/001901/20260227003881/00591.htm,20260227001901,20260227008542
2026H1reg,투자·금융,SG,코스닥,20260227,2,14,"벤처투자조합, 신기술사업투자조합, 사모투자합자회사 등 각종 투자조합에 대한 출자 및 투자업 | 유가증권 및 파생상품에 대한 투자업",사업확장 대비 사업목적 추가,https://kind.krx.co.kr/external/2026/02/27/001901/20260227003881/00591.htm,20260227001901,20260227008542
2026H1reg,탄소·환경,SG,코스닥,20260227,5,14,환경 관련 컨설팅업 | 환경오염방지시설 컨설팅업 | 폐윤활유 및 폐유기용제 재활용업 | 폐기물 처리 및 재생 처리업 | 지정폐기물 및 일반폐기물 수집운반업,사업확장 대비 사업목적 추가,https://kind.krx.co.kr/external/2026/02/27/001901/20260227003881/00591.htm,20260227001901,20260227008542
2026H1reg,AI(인공지능),LS머트리얼즈,코스닥,20260227,1,2,"로봇·인공지능(AI) 및 첨단산업 관련 소재, 부품, 시스템 및 응용사업",신규 사업목적 추가,https://kind.krx.co.kr/external/2026/02/27/001384/20260227003018/00591.htm,20260227001384,20260227007507
2026H1reg,로봇,LS머트리얼즈,코스닥,20260227,1,2,"로봇·인공지능(AI) 및 첨단산업 관련 소재, 부품, 시스템 및 응용사업",신규 사업목적 추가,https://kind.krx.co.kr/external/2026/02/27/001384/20260227003018/00591.htm,20260227001384,20260227007507
2026H1reg,희토류·핵심광물·소재,LS머트리얼즈,코스닥,20260227,1,2,"영구자석을 포함한 희토류 소재 및 응용제품의 제조, 가공 및 판매업",신규 사업목적 추가,https://kind.krx.co.kr/external/2026/02/27/001384/20260227003018/00591.htm,20260227001384,20260227007507
2026H1reg,클라우드·SW·빅데이터,앱클론,코스닥,20260227,1,3,"의료기기, 과학기기, 소프트웨어 제조 및 판매사업",사업목적 체계 정비 및 관련 사업 확장에대비하기 위함,https://kind.krx.co.kr/external/2026/02/27/000694/20260227001763/00591.htm,20260227000694,20260227005778
2026H1reg,바이오·헬스케어,앱클론,코스닥,20260227,3,3,"항체, 단백질 및 면역세포·유전자 기반 의약품 및 관련 치료제의 연구·개발, 제조 및 판매업 | 의료기기, 과학기기, 소프트웨어 제조 및 판매사업 | 연구 및 의료 관련 기자재, 소모품 및 부품의 매입·판매, 공급 및 도소매업",사업목적 체계 정비 및 관련 사업 확장에대비하기 위함,https://kind.krx.co.kr/external/2026/02/27/000694/20260227001763/00591.htm,20260227000694,20260227005778
2026H1reg,부동산·임대·건설,도화엔지니어링,유가증권,20260227,1,5,건설·엔지니어링 프로젝트 사업관리 용역업,용어변경 용어변경 신규추가 신규추가 신규추가 번호변경,https://kind.krx.co.kr/external/2026/02/27/000546/20260227001444/00591.htm,20260227000546,20260227004924
2026H1reg,탄소·환경,도화엔지니어링,유가증권,20260227,2,5,"환경영향평가업,교통영향평가대행자, 재해영향평가대행자 | 토양관련전문기관(토양환경평가)조사",용어변경 용어변경 신규추가 신규추가 신규추가 번호변경,https://kind.krx.co.kr/external/2026/02/27/000546/20260227001444/00591.htm,20260227000546,20260227004924
2026H1reg,바이오·헬스케어,에이피알,유가증권,20260227,3,3,"의료기기 소모품 개발, 제조 및 판매업 | 의료용구 개발, 제조 및 판매업 | 의료기기 수리업",- 사업운영에 따른 정비,https://kind.krx.co.kr/external/2026/02/27/000364/20260227001066/00591.htm,20260227000364,20260227003494
2026H1reg,바이오·헬스케어,HLB테라퓨틱스,코스닥,20260226,2,5,"의약품 및 의료기기 관련 온라인 구매 시스템 개발, 구축 및 운영업 | 의약품 및 의료기기 관련 디지털 콘텐츠 제작 및 정보 제공 서비스업",사업의 확장 계획에 따른 사업목적 추가 및 조문체계 정비 / 제3자배정 발행 목적 추가,https://kind.krx.co.kr/external/2026/02/26/001374/20260226003094/00591.htm,20260226001374,20260226006100
2026H1reg,엔터·콘텐츠·게임,HLB테라퓨틱스,코스닥,20260226,1,5,의약품 및 의료기기 관련 디지털 콘텐츠 제작 및 정보 제공 서비스업,사업의 확장 계획에 따른 사업목적 추가 및 조문체계 정비 / 제3자배정 발행 목적 추가,https://kind.krx.co.kr/external/2026/02/26/001374/20260226003094/00591.htm,20260226001374,20260226006100
2026H1reg,클라우드·SW·빅데이터,HD한국조선해양,유가증권,20260226,1,2,디지털 엔지니어링·매뉴팩처링 플랫폼 개발 및 공급업,목적사업 정비 및 디지털 엔지니어링 ·매뉴팩처링 플랫폼 개발 및 공급업 추가,https://kind.krx.co.kr/external/2026/02/26/001226/20260226002819/00591.htm,20260226001226,20260226005691
2026H1reg,AI(인공지능),포스뱅크,코스닥,20260226,1,3,인공지능(AI) 시스템 개발 및 판매업,사업목적추가,https://kind.krx.co.kr/external/2026/02/26/001209/20260226002792/00591.htm,20260226001209,20260226005633
2026H1reg,로봇,포스뱅크,코스닥,20260226,2,3,"로봇, 로봇부품 제조 및 판매업 | 로봇, 로봇부품 임대 및 유지보수업",사업목적추가,https://kind.krx.co.kr/external/2026/02/26/001209/20260226002792/00591.htm,20260226001209,20260226005633
2026H1reg,신재생·에너지·전력,HD현대에너지솔루션,유가증권,20260226,1,1,"신재생에너지발전사업 및 재생에너지전기공급사업 , 전력중개사업 및 전기 판매사업",목적사업 구체화,https://kind.krx.co.kr/external/2026/02/26/001029/20260226002542/00591.htm,20260226001029,20260226005305
2026H1reg,신재생·에너지·전력,코오롱인더,유가증권,20260226,1,2,전기/발전업,- 사업목적 추가 - 사업목적 추가,https://kind.krx.co.kr/external/2026/02/26/000931/20260226002374/00591.htm,20260226000931,20260226005122
2026H1reg,데이터센터,씨이랩,코스닥,20260226,1,5,데이터센터 구축 및 시설 유지관리업,사업목적추가,https://kind.krx.co.kr/external/2026/02/26/000728/20260226002004/00591.htm,20260226000728,20260226004626
2026H1reg,클라우드·SW·빅데이터,씨이랩,코스닥,20260226,1,5,클라우드 컴퓨팅 서비스업,사업목적추가,https://kind.krx.co.kr/external/2026/02/26/000728/20260226002004/00591.htm,20260226000728,20260226004626
2026H1reg,모빌리티·전기차·자율주행,아이디스,코스닥,20260226,1,1,"전기자동차 충전서비스업 및 충전인프라 운영, 관제 등을 포함한 전기신사업",신규사업 추진,https://kind.krx.co.kr/external/2026/02/26/000565/20260226001637/00591.htm,20260226000565,20260226003776
2026H1reg,로봇,에스엔시스,코스닥,20260226,1,2,산업용 로봇 제조업,- 무인운반차 및 자율주행 - 물류로봇 관련 - 선박용 이중연료공급설비 및 LNG벙커링 설비 제조업 관련 - 대차와 운반기구 제조업 관련,https://kind.krx.co.kr/external/2026/02/26/000111/20260226000290/00591.htm,20260226000111,20260226000443
2026H1reg,바이오·헬스케어,대웅제약,유가증권,20260226,1,2,"각종 의약품, 의약부외품, 화공약품, 농예약품, 동물약품, 화장품, 위생용품, 의료용구, 식품 및 건강기능식품의 제조 및 판매업",- 사업 영역 확대에 따른 목적사업 추가,https://kind.krx.co.kr/external/2026/02/25/002010/20260225004572/00591.htm,20260225002010,20260225006062
2026H1reg,신재생·에너지·전력,대웅제약,유가증권,20260226,1,2,태양광 발전업,- 사업 영역 확대에 따른 목적사업 추가,https://kind.krx.co.kr/external/2026/02/25/002010/20260225004572/00591.htm,20260225002010,20260225006062
2026H1reg,화장품·뷰티,대웅제약,유가증권,20260226,1,2,"각종 의약품, 의약부외품, 화공약품, 농예약품, 동물약품, 화장품, 위생용품, 의료용구, 식품 및 건강기능식품의 제조 및 판매업",- 사업 영역 확대에 따른 목적사업 추가,https://kind.krx.co.kr/external/2026/02/25/002010/20260225004572/00591.htm,20260225002010,20260225006062
2026H1reg,식품·농업·외식,대웅제약,유가증권,20260226,1,2,"각종 의약품, 의약부외품, 화공약품, 농예약품, 동물약품, 화장품, 위생용품, 의료용구, 식품 및 건강기능식품의 제조 및 판매업",- 사업 영역 확대에 따른 목적사업 추가,https://kind.krx.co.kr/external/2026/02/25/002010/20260225004572/00591.htm,20260225002010,20260225006062
2026H1reg,클라우드·SW·빅데이터,코나아이,코스닥,20260225,1,3,지역경제 활성화 관련 투자중개 및 플랫폼 운영업,【개정이유】 신규 사업 진출 및 사업 다각화를 위한 목적 사업 추가 【시행일】즉시 시행,https://kind.krx.co.kr/external/2026/02/25/001940/20260225004430/00591.htm,20260225001940,20260225005883
2026H1reg,디지털자산·블록체인·STO(스테이블코인),코나아이,코스닥,20260225,2,3,"증권형토큰(STO)의 발행, 유통 및 중개업 | 디지털자산의 발행, 보관 및 중개업",【개정이유】 신규 사업 진출 및 사업 다각화를 위한 목적 사업 추가 【시행일】즉시 시행,https://kind.krx.co.kr/external/2026/02/25/001940/20260225004430/00591.htm,20260225001940,20260225005883
2026H1reg,AI(인공지능),현대퓨처넷,유가증권,20260225,1,5,인공지능(AI) 서비스 사업,▷IT 및 사이니지 사업 관련 목적 추가,https://kind.krx.co.kr/external/2026/02/25/001077/20260225002978/00591.htm,20260225001077,20260225004247
2026H1reg,클라우드·SW·빅데이터,현대퓨처넷,유가증권,20260225,1,5,"클라우드 컴퓨팅 서비스의 개발, 구축, 운영 및 관리업",▷IT 및 사이니지 사업 관련 목적 추가,https://kind.krx.co.kr/external/2026/02/25/001077/20260225002978/00591.htm,20260225001077,20260225004247
2026H1reg,부동산·임대·건설,현대퓨처넷,유가증권,20260225,1,5,금속ㆍ창호ㆍ지붕ㆍ건축물 조립공사업,▷IT 및 사이니지 사업 관련 목적 추가,https://kind.krx.co.kr/external/2026/02/25/001077/20260225002978/00591.htm,20260225001077,20260225004247
2026H1reg,클라우드·SW·빅데이터,NHN KCP,코스닥,20260225,2,10,블록체인 기술 기반 소프트웨어 개발 및 공급업 | 블록체인 기반 데이터베이스 및 정보서비스업,"- 신규사업(블록체인, 택스리펀드) 추진 - AI 기반 결제 서비스 인프라 구축 - 신규 시장 및 수익원 발굴을 통한 사업 포트폴리오 다각화",https://kind.krx.co.kr/external/2026/02/25/000808/20260225002354/00591.htm,20260225000808,20260225003634
2026H1reg,디지털자산·블록체인·STO(스테이블코인),NHN KCP,코스닥,20260225,4,10,"블록체인 기반 암호화 자산 매매, 교환, 이전 및 중개업 | 블록체인 기반 암호화 자산 보관 및 관리업 | 블록체인 기술 기반 소프트웨어 개발 및 공급업 | 블록체인 기반 데이터베이스 및 정보서비스업","- 신규사업(블록체인, 택스리펀드) 추진 - AI 기반 결제 서비스 인프라 구축 - 신규 시장 및 수익원 발굴을 통한 사업 포트폴리오 다각화",https://kind.krx.co.kr/external/2026/02/25/000808/20260225002354/00591.htm,20260225000808,20260225003634
2026H1reg,엔터·콘텐츠·게임,이노션,유가증권,20260225,1,1,운동선수 매니지먼트업,사업목적 순서 변경 / 운동선수 매니지먼트업 사업영위에 따라 사업목적 추가 (기존 영위 사업의 명확화),https://kind.krx.co.kr/external/2026/02/25/000519/20260225001630/00591.htm,20260225000519,20260225002487
2026H1reg,AI(인공지능),홈캐스트,코스닥,20260224,6,11,"인공지능(AI) 기반 의료기기 및 디지털 헬스케어 기기의 연구, 개발, 제조, 판매, 임대 및 수출입업 | 인공지능(AI) 에이전트, 자율형 지능 시스템 및 플랫폼의 개발, 공급 및 운영업 | 의료 인공지능 소프트웨어 및 소프트웨어 의료기기의 개발 | 인공지능 솔루션 관련 소프트웨어의 판매, 라이선스, 유지보수 및 기술지원업 | 인공지능 알고리즘, 빅데이터 및 지능정보기술의 연구개발 및 상용화 사업 | 의료기기 및 인공지능 기술 관련 기술자문, 컨설팅, 교육 및 사업화 지원업",- 사업목적 정비(삭제 및 신설),https://kind.krx.co.kr/external/2026/02/24/001159/20260224002981/00591.htm,20260224001159,20260224004048
2026H1reg,클라우드·SW·빅데이터,홈캐스트,코스닥,20260224,8,11,"정보처리 시스템 관련 소프트웨어 개발, 임대, 판매 및 컨설팅업 | 안면인식 등 생체인식 기술을 활용한 의료·헬스케어용 기기 및 소프트웨어의 개발 | 인공지능(AI) 에이전트, 자율형 지능 시스템 및 플랫폼의 개발, 공급 및 운영업 | 의료 인공지능 소프트웨어 및 소프트웨어 의료기기의 개발 | 의료·헬스케어 데이터의 수집, 가공, 분석, 관리 및 데이터베이스 구축, 운영업 | 클라우드 컴퓨팅 기반 소프트웨 개발, 제공 및 플랫폼 서비스업 | 인공지능 솔루션 관련 소프트웨어의 판매, 라이선스, 유지보수 및 기술지원업 | 인공지능 알고리즘, 빅데이터 및 지능정보기술의 연구개발 및 상용화 사업",- 사업목적 정비(삭제 및 신설),https://kind.krx.co.kr/external/2026/02/24/001159/20260224002981/00591.htm,20260224001159,20260224004048
2026H1reg,바이오·헬스케어,홈캐스트,코스닥,20260224,5,11,"인공지능(AI) 기반 의료기기 및 디지털 헬스케어 기기의 연구, 개발, 제조, 판매, 임대 및 수출입업 | 안면인식 등 생체인식 기술을 활용한 의료·헬스케어용 기기 및 소프트웨어의 개발 | 의료 인공지능 소프트웨어 및 소프트웨어 의료기기의 개발 | 의료·헬스케어 데이터의 수집, 가공, 분석, 관리 및 데이터베이스 구축, 운영업 | 의료기기 및 인공지능 기술 관련 기술자문, 컨설팅, 교육 및 사업화 지원업",- 사업목적 정비(삭제 및 신설),https://kind.krx.co.kr/external/2026/02/24/001159/20260224002981/00591.htm,20260224001159,20260224004048
2026H1reg,교육,홈캐스트,코스닥,20260224,1,11,"의료기기 및 인공지능 기술 관련 기술자문, 컨설팅, 교육 및 사업화 지원업",- 사업목적 정비(삭제 및 신설),https://kind.krx.co.kr/external/2026/02/24/001159/20260224002981/00591.htm,20260224001159,20260224004048
2026H1reg,로봇,코웨이,유가증권,20260224,1,4,"로봇 제조, 판매, 임대, 서비스업",신사업 추진에 따른 사업 목적 수정 및 추가,https://kind.krx.co.kr/external/2026/02/24/001021/20260224002760/00591.htm,20260224001021,20260224003842
2026H1reg,바이오·헬스케어,코웨이,유가증권,20260224,1,4,"정형 외과용 및 신체 보정용 기기 제조, 판매, 임대, 서비스업",신사업 추진에 따른 사업 목적 수정 및 추가,https://kind.krx.co.kr/external/2026/02/24/001021/20260224002760/00591.htm,20260224001021,20260224003842
2026H1reg,반려동물(펫),코웨이,유가증권,20260224,1,4,"반려동물용 기기 제조, 판매, 임대, 서비스업",신사업 추진에 따른 사업 목적 수정 및 추가,https://kind.krx.co.kr/external/2026/02/24/001021/20260224002760/00591.htm,20260224001021,20260224003842
2026H1reg,바이오·헬스케어,한국알콜,코스닥,20260224,1,1,폐유기용제 재활용 및 정제업,폐유기용제 재활용 및 정제 사업 진출을 통한 친환경 사업기반 확보를 위해 목적사업 추가,https://kind.krx.co.kr/external/2026/02/24/000944/20260224002611/00591.htm,20260224000944,20260224003661
2026H1reg,탄소·환경,한국알콜,코스닥,20260224,1,1,폐유기용제 재활용 및 정제업,폐유기용제 재활용 및 정제 사업 진출을 통한 친환경 사업기반 확보를 위해 목적사업 추가,https://kind.krx.co.kr/external/2026/02/24/000944/20260224002611/00591.htm,20260224000944,20260224003661
2026H1reg,부동산·임대·건설,현대건설,유가증권,20260224,1,2,"주택, 커뮤니티, 상가 및 기타 일반시설 컨설팅 및 운영업",- 준공 이후 시설 운영 관련 서비스 제공 - 고객 접근 및 결제 편의 제공,https://kind.krx.co.kr/external/2026/02/24/000851/20260224002415/00591.htm,20260224000851,20260224003471
2026H1reg,AI(인공지능),LS에코에너지,유가증권,20260224,1,1,"로봇·인공지능(AI) 및 첨단산업 관련 소재, 부품, 시스템 및 응용사업",희토류(소재) 및 전력망(인프라) 역량을 기반으로 로봇·AI 등 미래 성장 산업 진출을 위한 근거 마련,https://kind.krx.co.kr/external/2026/02/24/000578/20260224001911/00591.htm,20260224000578,20260224002745
2026H1reg,로봇,LS에코에너지,유가증권,20260224,1,1,"로봇·인공지능(AI) 및 첨단산업 관련 소재, 부품, 시스템 및 응용사업",희토류(소재) 및 전력망(인프라) 역량을 기반으로 로봇·AI 등 미래 성장 산업 진출을 위한 근거 마련,https://kind.krx.co.kr/external/2026/02/24/000578/20260224001911/00591.htm,20260224000578,20260224002745
2026H1reg,부동산·임대·건설,클로봇,코스닥,20260224,1,1,"건설업(기타 건물 관련설비 설치 공사업, 기계설비공사업 )",기계설비 분야의 입찰 참여를 위한 사업 목적 추가,https://kind.krx.co.kr/external/2026/02/24/000436/20260224001450/00591.htm,20260224000436,20260224002065
2026H1reg,로봇,에코프로에이치엔,코스닥,20260223,1,2,모터 구동시스템 및 제어용 액추에이터 솔루션 제조 및 판매업,사업목적 변경 및 추가,https://kind.krx.co.kr/external/2026/02/23/001299/20260223003097/00591.htm,20260223001299,20260223004129
2026H1reg,탄소·환경,에코프로에이치엔,코스닥,20260223,1,2,"폐기물 수집, 운반, 처리 및 원료 재생 판매업",사업목적 변경 및 추가,https://kind.krx.co.kr/external/2026/02/23/001299/20260223003097/00591.htm,20260223001299,20260223004129
2026H1reg,클라우드·SW·빅데이터,GS건설,유가증권,20260223,1,4,전기/전자 하드웨어 및 소프트웨어 개발 및 공급업 및 부대 광고사업,ㆍ재생에너지 전기공급사업 추진 ㆍ자이홈 애플리케이션의 플랫폼 확장 및 위치기반 생활편의 서비스 제공,https://kind.krx.co.kr/external/2026/02/23/001275/20260223003053/00591.htm,20260223001275,20260223004100
2026H1reg,신재생·에너지·전력,GS건설,유가증권,20260223,1,4,재생에너지전기공급사업,ㆍ재생에너지 전기공급사업 추진 ㆍ자이홈 애플리케이션의 플랫폼 확장 및 위치기반 생활편의 서비스 제공,https://kind.krx.co.kr/external/2026/02/23/001275/20260223003053/00591.htm,20260223001275,20260223004100
2026H1reg,클라우드·SW·빅데이터,인티큐브,코스닥,20260223,2,7,데이터베이스 및 온라인 정보제공업 | 소프트웨어 및 플랫폼의 개발 및 운영업,※ 기존사업 다각화,https://kind.krx.co.kr/external/2026/02/23/001130/20260223002815/00591.htm,20260223001130,20260223003895
2026H1reg,엔터·콘텐츠·게임,인티큐브,코스닥,20260223,3,7,"인터넷 광고, 컨텐츠 개발, 공급 및 전자상거래 등 인터넷 관련사업 | 방송제작 , 기획 및 보급업 | 각종 음반 및 영상물 제작 및 유통업",※ 기존사업 다각화,https://kind.krx.co.kr/external/2026/02/23/001130/20260223002815/00591.htm,20260223001130,20260223003895
2026H1reg,데이터센터,LG유플러스,유가증권,20260223,1,1,"데이터센터 설계, 운영, 구축 관련 운용업 및 이 사업과 관련되는 일체의 용역 및 공사업","본인신용정보관리업 폐업에 따라 정관 상의 목적사항에서 관련 내용을 삭제하고, 데이터센터 설계, 구축관련 운용업의 본격 추진을 위하여 사업 목적사항을 추가",https://kind.krx.co.kr/external/2026/02/23/000919/20260223002421/00591.htm,20260223000919,20260223003574
2026H1reg,교육,코스모신소재,유가증권,20260223,2,3,교육 및 연수 서비스업 | 교육ㆍ연수시설의 설치 및 운영업,코스모이노베이션스페이스 (기숙사)신축에 따른 사업목적 추가,https://kind.krx.co.kr/external/2026/02/23/000248/20260223000768/00591.htm,20260223000248,20260223000970
2026H1reg,부동산·임대·건설,SK바이오사이언스,유가증권,20260220,1,1,부동산 임대업 및 부동산 개발업,사업목적 추가,https://kind.krx.co.kr/external/2026/02/20/001203/20260220003075/00591.htm,20260220001203,20260220002585
2026H1reg,디지털자산·블록체인·STO(스테이블코인),코리아나,코스닥,20260219,1,2,"가상자산의 매매,투자 및 운용업","-향후의 제도 변화에 대비한 사업 목적 추가로, 사업 다각화 및 신성장동력 확보를 위하여 가상자산 및 귀금속 관련 투자,운용 사업을 목적사업에 추가하고자 함. 현재 미운용.",https://kind.krx.co.kr/external/2026/02/19/000250/20260219000858/00591.htm,20260219000250,20260219000950
2026H1reg,클라우드·SW·빅데이터,HS애드,유가증권,20260213,1,3,"소프트웨어 개발, 제조, 자문, 공급 및 판매업",사업목적 추가,https://kind.krx.co.kr/external/2026/02/13/001632/20260213003629/00591.htm,20260213001632,20260213002597
2026H1reg,교육,삼성중공업,유가증권,20260213,1,1,교육서비스업,연수원 수익구조 다변화를 위한 사업목적 추가,https://kind.krx.co.kr/external/2026/02/13/001435/20260213003290/00591.htm,20260213001435,20260213002416
2026H1reg,AI(인공지능),만호제강,유가증권,20260123,1,6,"인공지능 (AI) 데이터센터의 구축 , 운영 및 임대업",경영활동 다양화 사업목적 추가,https://kind.krx.co.kr/external/2026/01/23/000337/20260123001078/00591.htm,20260123000337,20260123000270
2026H1reg,로봇,만호제강,유가증권,20260123,1,6,"로봇 , 로봇 부품 제조 및 판매업",경영활동 다양화 사업목적 추가,https://kind.krx.co.kr/external/2026/01/23/000337/20260123001078/00591.htm,20260123000337,20260123000270
2026H1reg,데이터센터,만호제강,유가증권,20260123,2,6,"인공지능 (AI) 데이터센터의 구축 , 운영 및 임대업 | 데이터센터 관련 부동산의 개발 , 취득 , 임대 및 운영업",경영활동 다양화 사업목적 추가,https://kind.krx.co.kr/external/2026/01/23/000337/20260123001078/00591.htm,20260123000337,20260123000270
2026H1reg,모빌리티·전기차·자율주행,만호제강,유가증권,20260123,1,6,전자부품 및 자동차부품 제조업,경영활동 다양화 사업목적 추가,https://kind.krx.co.kr/external/2026/01/23/000337/20260123001078/00591.htm,20260123000337,20260123000270
2026H1reg,부동산·임대·건설,만호제강,유가증권,20260123,1,6,"데이터센터 관련 부동산의 개발 , 취득 , 임대 및 운영업",경영활동 다양화 사업목적 추가,https://kind.krx.co.kr/external/2026/01/23/000337/20260123001078/00591.htm,20260123000337,20260123000270
2025H1reg,조선·해양,팬스타엔터프라이즈,코스닥,20250327,1,1,선박수리 및 기술제공 서비스업,합병 예정 등에 따른 신규사업 목적 추가 / 변경,https://kind.krx.co.kr/external/2025/03/27/001300/20250327003347/00591.htm,20250327001300,20250327000930
2025H1reg,투자·금융,루미르,코스닥,20250325,1,3,"연구용역, 학술용역 및 투자업무",사업목적추가,https://kind.krx.co.kr/external/2025/03/25/000415/20250325001672/00591.htm,20250325000415,20250325000424
2025H1reg,2차전지·배터리,제이스코홀딩스,코스닥,20250321,1,7,"배터리 및 소재의 개발, 제조 및 판매업",사업집중화를 위한 일부 삭제 및 추가,https://kind.krx.co.kr/external/2025/03/21/001766/20250321006577/00591.htm,20250321001766,20250321001549
2025H1reg,신재생·에너지·전력,제이스코홀딩스,코스닥,20250321,1,7,"연료전지, 관련소재 및 부품제조, 판매업",사업집중화를 위한 일부 삭제 및 추가,https://kind.krx.co.kr/external/2025/03/21/001766/20250321006577/00591.htm,20250321001766,20250321001549
2025H1reg,희토류·핵심광물·소재,제이스코홀딩스,코스닥,20250321,1,7,광산업,사업집중화를 위한 일부 삭제 및 추가,https://kind.krx.co.kr/external/2025/03/21/001766/20250321006577/00591.htm,20250321001766,20250321001549
2025H1reg,탄소·환경,루트K,코스닥,20250321,3,10,세라믹 제조설비 및 친환경 세라믹기술 컨설팅 | 폐기물 수집. 운반업 | 폐기물 종합처리업,사업목적 추가 및 조문 번호 정비,https://kind.krx.co.kr/external/2025/03/21/001397/20250321005193/00591.htm,20250321001397,20250321001243
2025H1reg,부동산·임대·건설,KISCO홀딩스,유가증권,20250321,1,1,건설자재 제조 및 판매업,사업목적 추가 및 문구 조정,https://kind.krx.co.kr/external/2025/03/21/001270/20250321004751/00591.htm,20250321001270,20250321001161
2025H1reg,부동산·임대·건설,한국철강,유가증권,20250321,1,1,건설자재 제조 및 판매업,사업목적 변경 및 문구 조정,https://kind.krx.co.kr/external/2025/03/21/001257/20250321004662/00591.htm,20250321001257,20250321001147
2025H1reg,부동산·임대·건설,에스엠국일,코스닥,20250320,3,4,부동산의 매매 및 임대업 | 주택건설업 | 부동산 개발 및 공급업 등 부동산 관련 서비스업,사업목적 확장 사업다각화에 따른 사업목적 추가 및 조문번호 변경,https://kind.krx.co.kr/external/2025/03/20/001487/20250320006126/00591.htm,20250320001487,20250320001078
2025H1reg,반도체,에이치엠넥스,코스닥,20250320,4,11,반도체장비 제조업 | 반도체장비 판매업 | 반도체장비 설치업 | 반도체설비 공사업,사업목적추가,https://kind.krx.co.kr/external/2025/03/20/000932/20250320004118/00591.htm,20250320000932,20250320000769
2025H1reg,탄소·환경,세보엠이씨,코스닥,20250319,1,1,환경전문공사업,목적사항 추가,https://kind.krx.co.kr/external/2025/03/19/001213/20250319005259/00591.htm,20250319001213,20250319000991
2025H1reg,부동산·임대·건설,PKC,유가증권,20250318,1,1,(10) 부동산매매업,오기 정정,https://kind.krx.co.kr/external/2025/03/18/001786/20250318008445/00591.htm,20250318001786,20250318001342
2025H1reg,로봇,아이로보틱스,코스닥,20250318,1,8,I. 로봇 감속기 개발 제조 판매,사업다각화를 위한 목적추가,https://kind.krx.co.kr/external/2025/03/18/000785/20250318003854/00591.htm,20250318000785,20250318000662
2025H1reg,클라우드·SW·빅데이터,아이로보틱스,코스닥,20250318,1,8,I. 탄소배출권 거래플랫폼 구축 운영,사업다각화를 위한 목적추가,https://kind.krx.co.kr/external/2025/03/18/000785/20250318003854/00591.htm,20250318000785,20250318000662
2025H1reg,방산,아이로보틱스,코스닥,20250318,1,8,I. 방산장비용 고효율 웜기어 및 감속장치 개발 제조 판매,사업다각화를 위한 목적추가,https://kind.krx.co.kr/external/2025/03/18/000785/20250318003854/00591.htm,20250318000785,20250318000662
2025H1reg,디지털자산·블록체인·STO(스테이블코인),아이로보틱스,코스닥,20250318,1,8,I. 블록체인 기반 탄소배출권 거래 증명시스템,사업다각화를 위한 목적추가,https://kind.krx.co.kr/external/2025/03/18/000785/20250318003854/00591.htm,20250318000785,20250318000662
2025H1reg,신재생·에너지·전력,아이로보틱스,코스닥,20250318,2,8,I. 태양광발전 재생에너지의 생산 및 판매업 | I. 신재생에너지 발전시스템,사업다각화를 위한 목적추가,https://kind.krx.co.kr/external/2025/03/18/000785/20250318003854/00591.htm,20250318000785,20250318000662
2025H1reg,탄소·환경,아이로보틱스,코스닥,20250318,2,8,I. 탄소배출권 거래플랫폼 구축 운영 | I. 블록체인 기반 탄소배출권 거래 증명시스템,사업다각화를 위한 목적추가,https://kind.krx.co.kr/external/2025/03/18/000785/20250318003854/00591.htm,20250318000785,20250318000662
2025H1reg,2차전지·배터리,중앙첨단소재,코스닥,20250318,1,2,"전동기, 발전기, 에너지 저장장치 및 전기 변환장치 제조, 판매업",조문순서 변경 조문순서 변경 조문순서 변경 사업목적 추가 사업목적 추가 조문순서 변경 조문순서 변경 조문순서 변경,https://kind.krx.co.kr/external/2025/03/18/000627/20250318003246/00591.htm,20250318000627,20250318000555
2025H1reg,방산,청보,코스닥,20250318,1,23,"군납물자 및 장비와 동 부품에 대한 제조, 조립 시험 및 판매업",미영위 목적사업 일부삭제 / 사업 확장으로 인한 사업목적 추가 / 신규사업 진출 및 사업 다각화를 위한 사업목적 추가,https://kind.krx.co.kr/external/2025/03/18/000182/20250318000921/00591.htm,20250318000182,20250318000152
2025H1reg,디지털자산·블록체인·STO(스테이블코인),청보,코스닥,20250318,3,23,블록체인 기반 암호화자산매매 및 중개업 | 토큰 발행 및 토큰증권(STO)관련 사업 | 가상화폐 투자업,미영위 목적사업 일부삭제 / 사업 확장으로 인한 사업목적 추가 / 신규사업 진출 및 사업 다각화를 위한 사업목적 추가,https://kind.krx.co.kr/external/2025/03/18/000182/20250318000921/00591.htm,20250318000182,20250318000152
2025H1reg,신재생·에너지·전력,청보,코스닥,20250318,5,23,태양광발전 시스템공사 | 태양광발전시스템 제조 및 판매업 | 태양광발전기 유지보수업 | 발전소 운영 및 유지보수업 | 기타 신재생에너지 관련 사업,미영위 목적사업 일부삭제 / 사업 확장으로 인한 사업목적 추가 / 신규사업 진출 및 사업 다각화를 위한 사업목적 추가,https://kind.krx.co.kr/external/2025/03/18/000182/20250318000921/00591.htm,20250318000182,20250318000152
2025H1reg,부동산·임대·건설,청보,코스닥,20250318,2,23,건축물(시설)유지관리업 | 부동산 임대 및 매매업,미영위 목적사업 일부삭제 / 사업 확장으로 인한 사업목적 추가 / 신규사업 진출 및 사업 다각화를 위한 사업목적 추가,https://kind.krx.co.kr/external/2025/03/18/000182/20250318000921/00591.htm,20250318000182,20250318000152
2025H1reg,투자·금융,청보,코스닥,20250318,1,23,가상화폐 투자업,미영위 목적사업 일부삭제 / 사업 확장으로 인한 사업목적 추가 / 신규사업 진출 및 사업 다각화를 위한 사업목적 추가,https://kind.krx.co.kr/external/2025/03/18/000182/20250318000921/00591.htm,20250318000182,20250318000152
2025H1reg,교육,그린플러스,코스닥,20250317,1,3,교육지원서비스,신규사업 진출 및 사업다각화,https://kind.krx.co.kr/external/2025/03/17/000845/20250317003594/00591.htm,20250317000845,20250317000669
2025H1reg,바이오·헬스케어,킵스파마,코스닥,20250317,1,6,의료용기기 도매업,- 사업 목적 관리 편의를 위한 번호 표기 수정 - 주식회사 한국글로벌제약 흡수합병간 사업목적 승계를 위한 추가,https://kind.krx.co.kr/external/2025/03/17/000363/20250317001808/00591.htm,20250317000363,20250317000362
2025H1reg,부동산·임대·건설,킵스파마,코스닥,20250317,1,6,부동산 전대업,- 사업 목적 관리 편의를 위한 번호 표기 수정 - 주식회사 한국글로벌제약 흡수합병간 사업목적 승계를 위한 추가,https://kind.krx.co.kr/external/2025/03/17/000363/20250317001808/00591.htm,20250317000363,20250317000362
2025H1reg,화장품·뷰티,킵스파마,코스닥,20250317,1,6,"의약부외품, 화장품 판매업",- 사업 목적 관리 편의를 위한 번호 표기 수정 - 주식회사 한국글로벌제약 흡수합병간 사업목적 승계를 위한 추가,https://kind.krx.co.kr/external/2025/03/17/000363/20250317001808/00591.htm,20250317000363,20250317000362
2025H1reg,식품·농업·외식,킵스파마,코스닥,20250317,1,6,건강보조식품 제조 및 판매,- 사업 목적 관리 편의를 위한 번호 표기 수정 - 주식회사 한국글로벌제약 흡수합병간 사업목적 승계를 위한 추가,https://kind.krx.co.kr/external/2025/03/17/000363/20250317001808/00591.htm,20250317000363,20250317000362
2025H1reg,반도체,제이케이시냅스,코스닥,20250317,1,2,"반도체용 화학원료, 에천트 원료제조 및 도ㆍ소매업",사업목적 정비,https://kind.krx.co.kr/external/2025/03/17/000361/20250317001801/00591.htm,20250317000361,20250317000360
2025H1reg,2차전지·배터리,제이케이시냅스,코스닥,20250317,1,2,"전자재료, 전해액 원료 제조 및 도ㆍ소매업",사업목적 정비,https://kind.krx.co.kr/external/2025/03/17/000361/20250317001801/00591.htm,20250317000361,20250317000360
2025H1reg,교육,제이케이시냅스,코스닥,20250317,1,2,"반도체용 화학원료, 에천트 원료제조 및 도ㆍ소매업",사업목적 정비,https://kind.krx.co.kr/external/2025/03/17/000361/20250317001801/00591.htm,20250317000361,20250317000360
2025H1reg,부동산·임대·건설,포바이포,코스닥,20250314,1,1,"시스템통합구축 서비스의 개발, 제작 및 판매업 <추가>1. 해외건설업 <추가>1. 국제회의기획업 <추가>1. 학술연구용역업 및 기술연구용역업 <추가>1. 국내외 종합여행업",□ 신규 목적 추가,https://kind.krx.co.kr/external/2025/03/14/002349/20250314005840/00591.htm,20250314002349,20250314001759
2025H1reg,클라우드·SW·빅데이터,롤링스톤,코스닥,20250314,1,28,동물병원 BtoB BtoC 플랫폼,사업다각화,https://kind.krx.co.kr/external/2025/03/14/002183/20250314005488/00591.htm,20250314002183,20250314001682
2025H1reg,바이오·헬스케어,롤링스톤,코스닥,20250314,14,28,"동물의약품의 제조 및 도소매업 | 동물의료기기의 제조 및 도소매업 | 동물의약품외품의 제조 및 도소매업 | 동물의료소모품의 제조 및 도소매업 | 동물의료 관련 물품 등의 수출입업 및 동 대행업 | 동물병원 BtoB BtoC 플랫폼 | 질병의 예방과 헬스케어를 위한 유전체 서열 분석 및 관련 서비스{진스타일(건강관리, 영양소관리, 운동특성, 식습관 및 수면관리, 피부모발관리, 카페인, 알코올, 니코틴 반응 등)을 포함하되, 이에 한정되지 않음} | 개인 유전자검사 기반 솔루션 사업(개인맞춤 건기식, 개인 맞춤 영양제 등과 같은 2차 서비스들 연계 및 제공) | 헬스케어 데이터 사업 | 헬스케어 서비스관련 림스 및 IT 시스템들 | 헬스케어 국책과제 수행 및 상기사업과 직접적으로 관련된 연구 | 유전체 검사 관",사업다각화,https://kind.krx.co.kr/external/2025/03/14/002183/20250314005488/00591.htm,20250314002183,20250314001682
2025H1reg,모빌리티·전기차·자율주행,롤링스톤,코스닥,20250314,2,28,주차장 스마트 모빌리티 관련 사업 | 전기자동차 충전관련 사업,사업다각화,https://kind.krx.co.kr/external/2025/03/14/002183/20250314005488/00591.htm,20250314002183,20250314001682
2025H1reg,화장품·뷰티,롤링스톤,코스닥,20250314,2,28,"화장품, 화장품 원부자재, 그 외 기타상품의 판매,유통,도소매,수출입업 | 화장품, 화장품 원부자재, 그 외 기타 상품의 제조, 유통, 도소매업",사업다각화,https://kind.krx.co.kr/external/2025/03/14/002183/20250314005488/00591.htm,20250314002183,20250314001682
2025H1reg,식품·농업·외식,롤링스톤,코스닥,20250314,5,28,"농림수산학 및 수의학 연구개발업 | 질병의 예방과 헬스케어를 위한 유전체 서열 분석 및 관련 서비스{진스타일(건강관리, 영양소관리, 운동특성, 식습관 및 수면관리, 피부모발관리, 카페인, 알코올, 니코틴 반응 등)을 포함하되, 이에 한정되지 않음} | 건강기능식품 유통전문판매업 | 건강기능식품 일반판매업 | (식품)유통전문판매업",사업다각화,https://kind.krx.co.kr/external/2025/03/14/002183/20250314005488/00591.htm,20250314002183,20250314001682
2025H1reg,AI(인공지능),시선AI,코스닥,20250314,2,7,인공지능 기반 의료솔루션 개발 및 서비스업 | 인공지능 기반 영상진단 의료기기 개발 및 서비스업,사업 목적 정비 및 신사업 근거 마련,https://kind.krx.co.kr/external/2025/03/14/002159/20250314005419/00591.htm,20250314002159,20250314001671
2025H1reg,바이오·헬스케어,시선AI,코스닥,20250314,2,7,인공지능 기반 의료솔루션 개발 및 서비스업 | 인공지능 기반 영상진단 의료기기 개발 및 서비스업,사업 목적 정비 및 신사업 근거 마련,https://kind.krx.co.kr/external/2025/03/14/002159/20250314005419/00591.htm,20250314002159,20250314001671
2025H1reg,엔터·콘텐츠·게임,시선AI,코스닥,20250314,1,7,콘텐츠 개발업,사업 목적 정비 및 신사업 근거 마련,https://kind.krx.co.kr/external/2025/03/14/002159/20250314005419/00591.htm,20250314002159,20250314001671
2025H1reg,클라우드·SW·빅데이터,아티스트스튜디오,코스닥,20250314,2,2,응용 소프트웨어개발 및 공급업 | 시스템 소프트웨어 개발 및 공급업,미영위 사업목적 삭제,https://kind.krx.co.kr/external/2025/03/14/002146/20250314005379/00591.htm,20250314002146,20250314001662
2025H1reg,데이터센터,나노실리칸첨단소재,코스닥,20250314,1,2,데이터센터 개발 및 운영업,신규사업,https://kind.krx.co.kr/external/2025/03/14/002067/20250314005154/00591.htm,20250314002067,20250314001616
2025H1reg,신재생·에너지·전력,광명전기,유가증권,20250314,1,1,변압기 제조 판매업,-신규사업 추진을 위한 사업목적추가,https://kind.krx.co.kr/external/2025/03/14/001966/20250314004894/00591.htm,20250314001966,20250314001553
2025H1reg,바이오·헬스케어,셀루메드,코스닥,20250314,2,3,의약품의 도매업 | 의료소모품의 도소매업,금융기관 권고에 따라 가장자산 관련 사업목적 삭제 아피톡신 유통을 위한 의약품 유통업 추가,https://kind.krx.co.kr/external/2025/03/14/001932/20250314004801/00591.htm,20250314001932,20250314001529
2025H1reg,반도체,한울앤제주,코스닥,20250314,3,16,반도체 장치 제조업 | 반도체 및 전자 관련 화학재료 제조 및 판매업 | 반도체 및 전자관련 기계 및 동 부품 제조 및 수출입업,사업 목적 추가 및 정비,https://kind.krx.co.kr/external/2025/03/14/001926/20250314004776/00591.htm,20250314001926,20250314001526
2025H1reg,바이오·헬스케어,한울앤제주,코스닥,20250314,1,16,일반 폐기물 재활용업,사업 목적 추가 및 정비,https://kind.krx.co.kr/external/2025/03/14/001926/20250314004776/00591.htm,20250314001926,20250314001526
2025H1reg,탄소·환경,한울앤제주,코스닥,20250314,12,16,"생활폐기물처리 대행업 | 사업장폐기물, 폐유처리 재생 및 판매업 | 일반 폐기물 수집운반업 | 일반 폐기물 중간처리업 | 일반 폐기물 재활용업 | 일반 폐기물 최종처리업 | 폐기물 수집 운반업 | 폐기물 중간 처리업 | 폐기물 최종 처리업 | 폐기물 재생 처리업 | 폐기물 종합 처리업 | 폐기물 처리에 관한 기술의 연구 및 개발사업 (이하 2025.03.31 개정)",사업 목적 추가 및 정비,https://kind.krx.co.kr/external/2025/03/14/001926/20250314004776/00591.htm,20250314001926,20250314001526
2025H1reg,바이오·헬스케어,동성제약,유가증권,20250314,1,3,"기타의료기계, 기타산업용기계 장비중개업",- 사업 다각화를 위한 사업 목적 추가 - 목적 사업 추가에 따른 호순 변경,https://kind.krx.co.kr/external/2025/03/14/001914/20250314004747/00591.htm,20250314001914,20250314001512
2025H1reg,클라우드·SW·빅데이터,아크솔루션스,코스닥,20250314,2,8,"소프트웨어 및 하드웨어의 개발, 제조, 판매 및 공급, 서비스업 | 클라우드 컴퓨터 구축, 유지보수 및 개발, 공급, 기술지원업",사업 목적 추가,https://kind.krx.co.kr/external/2025/03/14/001881/20250314004693/00591.htm,20250314001881,20250314001485
2025H1reg,바이오·헬스케어,아크솔루션스,코스닥,20250314,3,8,"동물용 의료기기 및 진단장비의 제조, 판매 및 공급, 서비스업 | 자동차 관련 금속 및 기타 자원의 판매, 재활용 및 처리, 중개, 서비스업 | 자동차 관련 폐기물의 판매, 재활용 및 처리, 중개, 서비스업",사업 목적 추가,https://kind.krx.co.kr/external/2025/03/14/001881/20250314004693/00591.htm,20250314001881,20250314001485
2025H1reg,희토류·핵심광물·소재,아크솔루션스,코스닥,20250314,1,8,"광물 자원의 공급, 가공, 중개 및 판매업",사업 목적 추가,https://kind.krx.co.kr/external/2025/03/14/001881/20250314004693/00591.htm,20250314001881,20250314001485
2025H1reg,엔터·콘텐츠·게임,아크솔루션스,코스닥,20250314,1,8,"온라인/오프라인 컨텐츠 제작, 판매, 마케팅 대행 및 에이전시업",사업 목적 추가,https://kind.krx.co.kr/external/2025/03/14/001881/20250314004693/00591.htm,20250314001881,20250314001485
2025H1reg,탄소·환경,아크솔루션스,코스닥,20250314,2,8,"자동차 관련 금속 및 기타 자원의 판매, 재활용 및 처리, 중개, 서비스업 | 자동차 관련 폐기물의 판매, 재활용 및 처리, 중개, 서비스업",사업 목적 추가,https://kind.krx.co.kr/external/2025/03/14/001881/20250314004693/00591.htm,20250314001881,20250314001485
2025H1reg,바이오·헬스케어,솔루믹스,코넥스,20250314,4,12,"폐자원 수집 재활용사업 | 폐자원 수집 재활용 에너지화사업 | 폐자원 수집 재활용에 관련 서비스,공급업 | 폐자원 수집 재활용 수집운반업",사업목적 추가,https://kind.krx.co.kr/external/2025/03/14/001847/20250314004646/00591.htm,20250314001847,20250314001469
2025H1reg,희토류·핵심광물·소재,솔루믹스,코넥스,20250314,1,12,광물 수입 및 수출업,사업목적 추가,https://kind.krx.co.kr/external/2025/03/14/001847/20250314004646/00591.htm,20250314001847,20250314001469
2025H1reg,식품·농업·외식,솔루믹스,코넥스,20250314,2,12,"농수산물 수출입 및 유통업 | 농림,수산학 연구개발업",사업목적 추가,https://kind.krx.co.kr/external/2025/03/14/001847/20250314004646/00591.htm,20250314001847,20250314001469
2025H1reg,탄소·환경,솔루믹스,코넥스,20250314,5,12,"친환경 비료 제조 및 유통업 | 폐자원 수집 재활용사업 | 폐자원 수집 재활용 에너지화사업 | 폐자원 수집 재활용에 관련 서비스,공급업 | 폐자원 수집 재활용 수집운반업",사업목적 추가,https://kind.krx.co.kr/external/2025/03/14/001847/20250314004646/00591.htm,20250314001847,20250314001469
2025H1reg,바이오·헬스케어,엔투텍,코스닥,20250314,19,34,"신약개발 및 판매 | 의약품 제조 및 판매업 | 의약품 소분 및 판매업 | 동물용 의약품 등의 제조 및 수입판매업 | 의약품 가공수탁, 제조설비 및 기구 임대업 | 의약품 도·소매업 | 바이오의약품 연구개발업 및 판매 | 바이오시밀러의약품 글로벌 유통업 | 세포공학기술을 이용한 신기술, 신소재, 신제품 연구개발 및 제조 판매와 그에 따른 국내외에서의 지적재산권 획득 및 이전 | 동물세포주 제조, 세포 배양배지 제조, 동물세포 배양기술 제공 | 유용유전자 개발 및 판매 | 바이오의약품의 생산, 판매 | 바이오의약품의 용역사업 및 수탁사업 | 바이오의약품 제조기술의 연구 및 개발 | 바이오의약품 생산관련 장비개발, 대여 및 판매 | 의료기기 및 의료용구 제조 및 판매업 | 의료기기 및 의료용구 도·소매업 | 건",제2조(목적) 사업목적 추가/수정/삭제 (우측 40.~73.) 투자관련 업무 및 바이오사업목적 추가 (좌측 40. → 우측 74.) 기존 각호 40번 자구 수정 (수정 후 74번) (좌측 41.) 기존 각호 41번 삭제,https://kind.krx.co.kr/external/2025/03/14/001758/20250314004457/00591.htm,20250314001758,20250314001409
2025H1reg,화장품·뷰티,엔투텍,코스닥,20250314,2,34,"화장품, 의약외품의 제조 및 판매업 | 화장품, 의약외품 도·소매업",제2조(목적) 사업목적 추가/수정/삭제 (우측 40.~73.) 투자관련 업무 및 바이오사업목적 추가 (좌측 40. → 우측 74.) 기존 각호 40번 자구 수정 (수정 후 74번) (좌측 41.) 기존 각호 41번 삭제,https://kind.krx.co.kr/external/2025/03/14/001758/20250314004457/00591.htm,20250314001758,20250314001409
2025H1reg,식품·농업·외식,엔투텍,코스닥,20250314,2,34,"건강기능식품 및 건강보조식품 등 제조, 가공, 판매 및 수입판매업 | 건강기능식품 및 건강보조식품 도·소매업",제2조(목적) 사업목적 추가/수정/삭제 (우측 40.~73.) 투자관련 업무 및 바이오사업목적 추가 (좌측 40. → 우측 74.) 기존 각호 40번 자구 수정 (수정 후 74번) (좌측 41.) 기존 각호 41번 삭제,https://kind.krx.co.kr/external/2025/03/14/001758/20250314004457/00591.htm,20250314001758,20250314001409
2025H1reg,교육,엔투텍,코스닥,20250314,1,34,생명공학관련기술연수 및 교육,제2조(목적) 사업목적 추가/수정/삭제 (우측 40.~73.) 투자관련 업무 및 바이오사업목적 추가 (좌측 40. → 우측 74.) 기존 각호 40번 자구 수정 (수정 후 74번) (좌측 41.) 기존 각호 41번 삭제,https://kind.krx.co.kr/external/2025/03/14/001758/20250314004457/00591.htm,20250314001758,20250314001409
2025H1reg,바이오·헬스케어,에이블씨엔씨,유가증권,20250314,1,1,의료기기 판매 및 임대업,- 사업다각화에 따른 사업목적 추가,https://kind.krx.co.kr/external/2025/03/14/001732/20250314004398/00591.htm,20250314001732,20250314001395
2025H1reg,디지털자산·블록체인·STO(스테이블코인),코디,코스닥,20250314,1,6,가상화폐 투자업,신규사업 확장을 위한 조항 추가,https://kind.krx.co.kr/external/2025/03/14/001692/20250314004323/00591.htm,20250314001692,20250314001372
2025H1reg,바이오·헬스케어,코디,코스닥,20250314,2,6,"의료기기 제조 및 유통, 판매업 | 건강보조식품 및 건강기능식품 제조 및 유통, 판매업",신규사업 확장을 위한 조항 추가,https://kind.krx.co.kr/external/2025/03/14/001692/20250314004323/00591.htm,20250314001692,20250314001372
2025H1reg,화장품·뷰티,코디,코스닥,20250314,1,6,"미용기기 제조 및 유통, 판매업",신규사업 확장을 위한 조항 추가,https://kind.krx.co.kr/external/2025/03/14/001692/20250314004323/00591.htm,20250314001692,20250314001372
2025H1reg,식품·농업·외식,코디,코스닥,20250314,1,6,"건강보조식품 및 건강기능식품 제조 및 유통, 판매업",신규사업 확장을 위한 조항 추가,https://kind.krx.co.kr/external/2025/03/14/001692/20250314004323/00591.htm,20250314001692,20250314001372
2025H1reg,투자·금융,코디,코스닥,20250314,1,6,가상화폐 투자업,신규사업 확장을 위한 조항 추가,https://kind.krx.co.kr/external/2025/03/14/001692/20250314004323/00591.htm,20250314001692,20250314001372
2025H1reg,바이오·헬스케어,한국유니온제약,코스닥,20250314,3,6,"Ⅰ. 의약품 제조업 및 판매업 | Ⅰ. 의약품 도,소매업 | Ⅰ. 의료용구 도,소매업",신규 사업 다각화,https://kind.krx.co.kr/external/2025/03/14/001604/20250314004129/00591.htm,20250314001604,20250314001317
2025H1reg,화장품·뷰티,한국유니온제약,코스닥,20250314,1,6,"Ⅰ. 화장품 도,소매업",신규 사업 다각화,https://kind.krx.co.kr/external/2025/03/14/001604/20250314004129/00591.htm,20250314001604,20250314001317
2025H1reg,식품·농업·외식,한국유니온제약,코스닥,20250314,1,6,식품가공 판매업의 경영에 관한 종합지도 및,신규 사업 다각화,https://kind.krx.co.kr/external/2025/03/14/001604/20250314004129/00591.htm,20250314001604,20250314001317
2025H1reg,반도체,다보링크,코스닥,20250314,1,24,반도체 및 반도체 제조용 기계 제조업,신규사업 추진으로 인한 사업목적 추가,https://kind.krx.co.kr/external/2025/03/14/001525/20250314003969/00591.htm,20250314001525,20250314001274
2025H1reg,바이오·헬스케어,다보링크,코스닥,20250314,6,24,세포 치료제 및 치료기술 연구개발 및 제조업 | 의약외품 및 의약품 원료 연구개발 및 제조업 | 바이오 의약품 및 의약품 원료 연구 개발 및 제조업 | 세포 가공 및 세포 배양 관련 연구개발 및 제조업 | 건강기능식품 및 건강기능식품 원료 연구개발 및 제조업 | 의료진단장비 연구개발 및 제조업,신규사업 추진으로 인한 사업목적 추가,https://kind.krx.co.kr/external/2025/03/14/001525/20250314003969/00591.htm,20250314001525,20250314001274
2025H1reg,2차전지·배터리,다보링크,코스닥,20250314,1,24,이차전지소재 제조 및 도소매업,신규사업 추진으로 인한 사업목적 추가,https://kind.krx.co.kr/external/2025/03/14/001525/20250314003969/00591.htm,20250314001525,20250314001274
2025H1reg,신재생·에너지·전력,다보링크,코스닥,20250314,3,24,"신재생에너지 사업 | 전력저장장치 개발, 제조 및 판매업 | 신재생에너지 개발 및 제조업",신규사업 추진으로 인한 사업목적 추가,https://kind.krx.co.kr/external/2025/03/14/001525/20250314003969/00591.htm,20250314001525,20250314001274
2025H1reg,희토류·핵심광물·소재,다보링크,코스닥,20250314,1,24,비금속 광물제품 제조업,신규사업 추진으로 인한 사업목적 추가,https://kind.krx.co.kr/external/2025/03/14/001525/20250314003969/00591.htm,20250314001525,20250314001274
2025H1reg,화장품·뷰티,다보링크,코스닥,20250314,2,24,"화장품 및 화장품 원료 연구개발 및 제조업 | 화장품 개발, 제조, 마케팅 및 유통관련업",신규사업 추진으로 인한 사업목적 추가,https://kind.krx.co.kr/external/2025/03/14/001525/20250314003969/00591.htm,20250314001525,20250314001274
2025H1reg,식품·농업·외식,다보링크,코스닥,20250314,1,24,건강기능식품 및 건강기능식품 원료 연구개발 및 제조업,신규사업 추진으로 인한 사업목적 추가,https://kind.krx.co.kr/external/2025/03/14/001525/20250314003969/00591.htm,20250314001525,20250314001274
2025H1reg,부동산·임대·건설,노머스,코스닥,20250314,1,2,부동산 임대업 및 전대업,사업 목적 추가,https://kind.krx.co.kr/external/2025/03/14/001511/20250314003934/00591.htm,20250314001511,20250314001264
2025H1reg,식품·농업·외식,노머스,코스닥,20250314,1,2,"각종 식음료 제조, 가공 및 도소매업",사업 목적 추가,https://kind.krx.co.kr/external/2025/03/14/001511/20250314003934/00591.htm,20250314001511,20250314001264
2025H1reg,클라우드·SW·빅데이터,포커스에이아이,코스닥,20250314,1,6,지불결제 플랫폼 사업,신규사업 준비를 위한사업목적 추가,https://kind.krx.co.kr/external/2025/03/14/001420/20250314003715/00591.htm,20250314001420,20250314001210
2025H1reg,모빌리티·전기차·자율주행,엑시큐어하이트론,유가증권,20250314,1,1,"전기자동차 충전기 제조 및 판매, 유통",사업확장을 위한 목적 추가,https://kind.krx.co.kr/external/2025/03/14/001343/20250314003496/00591.htm,20250314001343,20250314001170
2025H1reg,전자지급·결제(PG·선불),블루엠텍,코스닥,20250314,2,3,선불전자지급수단발행 및 관리업 | 전자지급결제대행업,사업목적 추가,https://kind.krx.co.kr/external/2025/03/14/001314/20250314003449/00591.htm,20250314001314,20250314001153
2025H1reg,부동산·임대·건설,세중,코스닥,20250314,1,2,"화장터 운영, 묘지 분양 및 관리업",사업의 다각화,https://kind.krx.co.kr/external/2025/03/14/001297/20250314003388/00591.htm,20250314001297,20250314001138
2025H1reg,희토류·핵심광물·소재,글로본,코스닥,20250314,1,7,희토류를 포함한 비철금속 등 소재 관련 사업의 유통,사업 다각화,https://kind.krx.co.kr/external/2025/03/14/001252/20250314003287/00591.htm,20250314001252,20250314001101
2025H1reg,투자·금융,글로본,코스닥,20250314,1,7,금융 투자 유치업,사업 다각화,https://kind.krx.co.kr/external/2025/03/14/001252/20250314003287/00591.htm,20250314001252,20250314001101
2025H1reg,방산,엣지파운드리,코스닥,20250314,4,4,"방위산업제품 및 관련제품의 개발, 제조, 가공, 조립, 시험 및 판매업 | 군용, 우주용, 산업용, 의료용 영상센서 및 이를 장착한 전자제품의 개발, 제조, 판매 | 군수품의 제조, 판매, 보관 및 수송업 | 군납업",사업목적 추가,https://kind.krx.co.kr/external/2025/03/14/001185/20250314003158/00591.htm,20250314001185,20250314001064
2025H1reg,우주항공,엣지파운드리,코스닥,20250314,1,4,"군용, 우주용, 산업용, 의료용 영상센서 및 이를 장착한 전자제품의 개발, 제조, 판매",사업목적 추가,https://kind.krx.co.kr/external/2025/03/14/001185/20250314003158/00591.htm,20250314001185,20250314001064
2025H1reg,바이오·헬스케어,엣지파운드리,코스닥,20250314,1,4,"군용, 우주용, 산업용, 의료용 영상센서 및 이를 장착한 전자제품의 개발, 제조, 판매",사업목적 추가,https://kind.krx.co.kr/external/2025/03/14/001185/20250314003158/00591.htm,20250314001185,20250314001064
2025H1reg,클라우드·SW·빅데이터,E8,코스닥,20250314,2,13,소프트웨어 개발 및 공급업 | 컴퓨터 및 주변장치 소프트웨어 도매업 및 소매업,사업목적 정비 및 사업 확장을 위한 사업목적 추가,https://kind.krx.co.kr/external/2025/03/14/001175/20250314003133/00591.htm,20250314001175,20250314001058
2025H1reg,부동산·임대·건설,E8,코스닥,20250314,2,13,"건축 기술, 엔지니어링 및 관련 기술 서비스업 | 부동산 임대 및 공급업",사업목적 정비 및 사업 확장을 위한 사업목적 추가,https://kind.krx.co.kr/external/2025/03/14/001175/20250314003133/00591.htm,20250314001175,20250314001058
2025H1reg,엔터·콘텐츠·게임,E8,코스닥,20250314,1,13,"영화, 비디오물, 방송 프로그램 제작 및 배급업",사업목적 정비 및 사업 확장을 위한 사업목적 추가,https://kind.krx.co.kr/external/2025/03/14/001175/20250314003133/00591.htm,20250314001175,20250314001058
2025H1reg,교육,E8,코스닥,20250314,1,13,교육 지원 서비스업,사업목적 정비 및 사업 확장을 위한 사업목적 추가,https://kind.krx.co.kr/external/2025/03/14/001175/20250314003133/00591.htm,20250314001175,20250314001058
2025H1reg,클라우드·SW·빅데이터,화인베스틸,유가증권,20250314,1,3,"선박, 해양, 위성, 항공 관련 하드웨어 및 소프트웨어 수출입, 개발, 제작, 자문, 임대 가공 및 용역업",사업다각화를 위한 사업목적 변경 및 추가,https://kind.krx.co.kr/external/2025/03/14/000940/20250314002616/00591.htm,20250314000940,20250314000912
2025H1reg,우주항공,화인베스틸,유가증권,20250314,2,3,"선박, 해양, 위성, 항공 관련 하드웨어 및 소프트웨어 수출입, 개발, 제작, 자문, 임대 가공 및 용역업 | 항공기,발사체, 엔진, 부품,기타 장비품에 대한 제조,수리, 보수, 정비, 해체, 개조, 예방·재생정비 및 판매서비스업",사업다각화를 위한 사업목적 변경 및 추가,https://kind.krx.co.kr/external/2025/03/14/000940/20250314002616/00591.htm,20250314000940,20250314000912
2025H1reg,조선·해양,화인베스틸,유가증권,20250314,2,3,"선박, 자동차, 부품, 기타 장비품에 대한 제조,수리, 보수, 정비, 해체, 개조, 예방·재생정비 및 판매서비스업 | 선박, 해양, 위성, 항공 관련 하드웨어 및 소프트웨어 수출입, 개발, 제작, 자문, 임대 가공 및 용역업",사업다각화를 위한 사업목적 변경 및 추가,https://kind.krx.co.kr/external/2025/03/14/000940/20250314002616/00591.htm,20250314000940,20250314000912
2025H1reg,엔터·콘텐츠·게임,씨아이테크,유가증권,20250314,5,18,"방송 재전송 사업 | 방송(음향및 영상)설비업 | 방송기기 생산 및 판매업 | 방송 및 통신장비 제조업 | 방송, 음향장비, 통신기기와 동 부품에 대한 설계, 제조, 수리, 자문, 영업, 판매의 제공 및 관련 용역업",사업목적 추가,https://kind.krx.co.kr/external/2025/03/14/000905/20250314002535/00591.htm,20250314000905,20250314000889
2025H1reg,식품·농업·외식,버넥트,코스닥,20250314,2,10,휴게음식점업 | 일반음식점업,사업목적추가,https://kind.krx.co.kr/external/2025/03/14/000861/20250314002411/00591.htm,20250314000861,20250314000855
2025H1reg,클라우드·SW·빅데이터,KH 미래물산,코스닥,20250314,1,9,임대물건의 시스템 관련한 소프트웨어 임대업,사업 다각화,https://kind.krx.co.kr/external/2025/03/14/000833/20250314002363/00591.htm,20250314000833,
2025H1reg,부동산·임대·건설,우양,코스닥,20250314,1,14,부동산 임대 및 공급업,목적사업추가변경,https://kind.krx.co.kr/external/2025/03/14/000757/20250314002181/00591.htm,20250314000757,20250314000785
2025H1reg,식품·농업·외식,우양,코스닥,20250314,5,14,수산물 가공 및 저장 처리업 | 도시락 및 식사용 조리식품 제조업 | 기타 식품 제조업 | 비알코올 음료 및 얼음 제조업 | 음식점업,목적사업추가변경,https://kind.krx.co.kr/external/2025/03/14/000757/20250314002181/00591.htm,20250314000757,20250314000785
2025H1reg,2차전지·배터리,파인디앤씨,코스닥,20250314,1,1,"전고체 전지를 포함한 2차전지 및 부품 제조, 판매업",사업 확장을 위한 사업목적 추가,https://kind.krx.co.kr/external/2025/03/14/000558/20250314001647/00591.htm,20250314000558,20250314000641
2025H1reg,클라우드·SW·빅데이터,SCL사이언스,코스닥,20250314,2,6,소프트웨어 개발 및 판매업 | 데이터베이스 및 온라인정보 제공업,회사 사업목적 신설 및 미수행 사업목적 삭제,https://kind.krx.co.kr/external/2025/03/14/000519/20250314001539/00591.htm,20250314000519,20250314000616
2025H1reg,바이오·헬스케어,SCL사이언스,코스닥,20250314,2,6,건강기능식품판매업 | 유전자분석 및 알선업,회사 사업목적 신설 및 미수행 사업목적 삭제,https://kind.krx.co.kr/external/2025/03/14/000519/20250314001539/00591.htm,20250314000519,20250314000616
2025H1reg,식품·농업·외식,SCL사이언스,코스닥,20250314,1,6,건강기능식품판매업,회사 사업목적 신설 및 미수행 사업목적 삭제,https://kind.krx.co.kr/external/2025/03/14/000519/20250314001539/00591.htm,20250314000519,20250314000616
2025H1reg,로봇,클로봇,코스닥,20250314,1,2,"로봇 하드웨어 및 소프트웨어의 개발, 제조, 판매, 임대, 구독 , 서비스업",1. 로봇 구독 서비스를 통한 매출 증대 2. 물류 자동화 설비 사업 확장 시 설비구축을 진행하기 위한 기계설비 면허 취득,https://kind.krx.co.kr/external/2025/03/14/000433/20250314001299/00591.htm,20250314000433,20250314000546
2025H1reg,클라우드·SW·빅데이터,클로봇,코스닥,20250314,1,2,"로봇 하드웨어 및 소프트웨어의 개발, 제조, 판매, 임대, 구독 , 서비스업",1. 로봇 구독 서비스를 통한 매출 증대 2. 물류 자동화 설비 사업 확장 시 설비구축을 진행하기 위한 기계설비 면허 취득,https://kind.krx.co.kr/external/2025/03/14/000433/20250314001299/00591.htm,20250314000433,20250314000546
2025H1reg,부동산·임대·건설,클로봇,코스닥,20250314,1,2,건설업(기타 건물 관련설비 설치 공사업),1. 로봇 구독 서비스를 통한 매출 증대 2. 물류 자동화 설비 사업 확장 시 설비구축을 진행하기 위한 기계설비 면허 취득,https://kind.krx.co.kr/external/2025/03/14/000433/20250314001299/00591.htm,20250314000433,20250314000546
2025H1reg,클라우드·SW·빅데이터,동일스틸럭스,코스닥,20250314,1,4,"산업용, 연구용, 군사용, 전문서비스용 장비와 동 부품에 대한 제조, 조립, 시험, 개발, 소프트웨어 자문 및 판매업",관계회사 사업의 지원및 협력강화를 위한 정관 문구 정비,https://kind.krx.co.kr/external/2025/03/14/000417/20250314001223/00591.htm,20250314000417,20250314000530
2025H1reg,우주항공,동일스틸럭스,코스닥,20250314,1,4,"항공기, 발사체, 엔진, 부품, 기타 장비품에 대한 제조, 수리, 보수, 정비, 해체, 개조, 예방ㆍ재생정비 및 판매서비스업",관계회사 사업의 지원및 협력강화를 위한 정관 문구 정비,https://kind.krx.co.kr/external/2025/03/14/000417/20250314001223/00591.htm,20250314000417,20250314000530
2025H1reg,조선·해양,동일스틸럭스,코스닥,20250314,1,4,"선박, 자동차, 부품, 기타 장비품에 대한 제조, 수리, 보수, 정비, 해체, 개조, 예방ㆍ재생정비 및 판매서비스업",관계회사 사업의 지원및 협력강화를 위한 정관 문구 정비,https://kind.krx.co.kr/external/2025/03/14/000417/20250314001223/00591.htm,20250314000417,20250314000530
2025H1reg,바이오·헬스케어,프롬바이오,코스닥,20250314,1,5,건강기능식품원료 및 바이오 신소재 등 연구개발업 및 제조업 (중략),- 업종 중복 정리 - 신규 사업 추진,https://kind.krx.co.kr/external/2025/03/14/000351/20250314000987/00591.htm,20250314000351,20250314000467
2025H1reg,식품·농업·외식,프롬바이오,코스닥,20250314,1,5,건강기능식품원료 및 바이오 신소재 등 연구개발업 및 제조업 (중략),- 업종 중복 정리 - 신규 사업 추진,https://kind.krx.co.kr/external/2025/03/14/000351/20250314000987/00591.htm,20250314000351,20250314000467
2025H1reg,바이오·헬스케어,코엔텍,코스닥,20250314,1,5,폐기물 종합재활용업,법령변경에 따른 개정 및 사업의 목적 추가,https://kind.krx.co.kr/external/2025/03/14/000345/20250314000965/00591.htm,20250314000345,20250314000461
2025H1reg,탄소·환경,코엔텍,코스닥,20250314,5,5,폐기물 중간처분업 | 폐기물 최종처분업 | 폐기물 재생처분업 | 폐기물 종합처분업 | 폐기물 종합재활용업,법령변경에 따른 개정 및 사업의 목적 추가,https://kind.krx.co.kr/external/2025/03/14/000345/20250314000965/00591.htm,20250314000345,20250314000461
2025H1reg,로봇,에스지헬스케어,코스닥,20250314,3,3,"의료용로봇 개발업 | 의료용로봇 제조 및 판매업 | 로봇 개발업 13, 로봇 제조 및 판매업",사업다각화를 위한 사업목적추가,https://kind.krx.co.kr/external/2025/03/14/000302/20250314000863/00591.htm,20250314000302,20250314000425
2025H1reg,바이오·헬스케어,에스지헬스케어,코스닥,20250314,2,3,의료용로봇 개발업 | 의료용로봇 제조 및 판매업,사업다각화를 위한 사업목적추가,https://kind.krx.co.kr/external/2025/03/14/000302/20250314000863/00591.htm,20250314000302,20250314000425
2025H1reg,탄소·환경,피앤씨테크,코스닥,20250314,1,1,음식물류폐기물 집중처리시스템,사업다각화를 위한 목적사업 추가,https://kind.krx.co.kr/external/2025/03/14/000287/20250314000819/00591.htm,20250314000287,20250314000406
2025H1reg,화장품·뷰티,삼정펄프,유가증권,20250314,3,5,"화장품 도소매업 | 화장품 제조, 판매 및 이와 관련한 기타서비스 상품의 판매 | 화장품관련 상품의 수출입업",사업목적추가 호 변경,https://kind.krx.co.kr/external/2025/03/14/000230/20250314000657/00591.htm,20250314000230,20250314000348
2025H1reg,부동산·임대·건설,서울옥션,코스닥,20250314,1,3,"전시실 등 부동산 임대업 , 중개업, 매매업",- 사업 영역 확대 - 신규 사업 추진 - 신규 사업 추진 - 신규 사업목적 추가로 순서 조정,https://kind.krx.co.kr/external/2025/03/14/000104/20250314000298/00591.htm,20250314000104,20250314000158
2025H1reg,AI(인공지능),에코글로우,코스닥,20250313,2,10,"인공지능(AI) 기반 데이터베이스업 및 정보처리업 | 인공지능(AI) 기반 데이터 및 정보의 축적, 배급, 판매업",신규사업확대,https://kind.krx.co.kr/external/2025/03/13/002390/20250313005449/00591.htm,20250313002390,20250313001439
2025H1reg,클라우드·SW·빅데이터,에코글로우,코스닥,20250313,2,10,인공지능(AI) 기반 데이터베이스업 및 정보처리업 | 방송 및 통신 플랫폼 사업,신규사업확대,https://kind.krx.co.kr/external/2025/03/13/002390/20250313005449/00591.htm,20250313002390,20250313001439
2025H1reg,우주항공,에코글로우,코스닥,20250313,1,10,"무인항공기제품 및 부품 제조업, 조립가공업, 판매업 및 수출입업",신규사업확대,https://kind.krx.co.kr/external/2025/03/13/002390/20250313005449/00591.htm,20250313002390,20250313001439
2025H1reg,드론·UAM,에코글로우,코스닥,20250313,1,10,"무인항공기제품 및 부품 제조업, 조립가공업, 판매업 및 수출입업",신규사업확대,https://kind.krx.co.kr/external/2025/03/13/002390/20250313005449/00591.htm,20250313002390,20250313001439
2025H1reg,바이오·헬스케어,에코글로우,코스닥,20250313,2,10,"의약품 제조,유통 판매업 | 의료기기 제조/도소매,판매업",신규사업확대,https://kind.krx.co.kr/external/2025/03/13/002390/20250313005449/00591.htm,20250313002390,20250313001439
2025H1reg,신재생·에너지·전력,에코글로우,코스닥,20250313,1,10,"신재생에너지 관련 설비, 장비, 기계장치 및 부품 제조업",신규사업확대,https://kind.krx.co.kr/external/2025/03/13/002390/20250313005449/00591.htm,20250313002390,20250313001439
2025H1reg,엔터·콘텐츠·게임,에코글로우,코스닥,20250313,3,10,방송 및 통신 플랫폼 사업 | 방송제작 및 배급업 | 엔터테인먼트관련 투자업,신규사업확대,https://kind.krx.co.kr/external/2025/03/13/002390/20250313005449/00591.htm,20250313002390,20250313001439
2025H1reg,투자·금융,에코글로우,코스닥,20250313,1,10,엔터테인먼트관련 투자업,신규사업확대,https://kind.krx.co.kr/external/2025/03/13/002390/20250313005449/00591.htm,20250313002390,20250313001439
2025H1reg,바이오·헬스케어,휴온스글로벌,코스닥,20250313,1,9,"의료용 및 일반 플라스틱용기, 의료용 및 일반 유리용기 제조 및 도소매업","< 신규 사업목적 추가> -의료용기 제조판매 -파견 및 도급업 -화장용 소품, 용기, 이화학기자재 등 제조 및 도소매 -포장, 인쇄 출판, 컨설팅 <항목번호변경> 38.~40. → 47.~49",https://kind.krx.co.kr/external/2025/03/13/002360/20250313005347/00591.htm,20250313002360,20250313001418
2025H1reg,화장품·뷰티,휴온스글로벌,코스닥,20250313,2,9,화장품 용기 제조 및 도소매업 | 화장품 용기 연구개발 및 용역사업,"< 신규 사업목적 추가> -의료용기 제조판매 -파견 및 도급업 -화장용 소품, 용기, 이화학기자재 등 제조 및 도소매 -포장, 인쇄 출판, 컨설팅 <항목번호변경> 38.~40. → 47.~49",https://kind.krx.co.kr/external/2025/03/13/002360/20250313005347/00591.htm,20250313002360,20250313001418
2025H1reg,클라우드·SW·빅데이터,CG인바이츠,코스닥,20250313,1,18,고객이 회사에 제공하여 회사의 사업목적의 이용에 동의한 개인건강정보(의료기관이 작성한 환자에 관한 의료기록은 제외)를 활용한 플랫폼 및 서비스 사업,사업목적 추가,https://kind.krx.co.kr/external/2025/03/13/002353/20250313005329/00591.htm,20250313002353,20250313001415
2025H1reg,바이오·헬스케어,CG인바이츠,코스닥,20250313,9,18,"고객이 회사에 제공하여 회사의 사업목적의 이용에 동의한 개인건강정보(의료기관이 작성한 환자에 관한 의료기록은 제외)를 활용한 플랫폼 및 서비스 사업 | 병원정보시스템(Hospital Information System)의 해외 판매 사업 | 해외환자 유치 등 병원, 의료 지원사업 | 정보통신기술(ICT) 기반의 의료기기 판매업 | 유전자 관련 분석과 특수분석사업 | 의약품 및 의료용품 제조 및 도소매업 | DNA Chip 을 활용한 진단사업 | 의료기기판매업 | 의료기기 개발 연구사업",사업목적 추가,https://kind.krx.co.kr/external/2025/03/13/002353/20250313005329/00591.htm,20250313002353,20250313001415
2025H1reg,2차전지·배터리,CG인바이츠,코스닥,20250313,1,18,정보통신기술(ICT) 기반의 건강관리서비스(Disease Management 및 Wellness 포함),사업목적 추가,https://kind.krx.co.kr/external/2025/03/13/002353/20250313005329/00591.htm,20250313002353,20250313001415
2025H1reg,클라우드·SW·빅데이터,다산디엠씨,코스닥,20250313,2,14,"자동차 관련 소프트웨어 개발 및 공급업, 기술용역업 | 소프트웨어 개발 및 수리용역 서비스업",사업목적 신설 조항변경,https://kind.krx.co.kr/external/2025/03/13/002321/20250313005243/00591.htm,20250313002321,20250313001393
2025H1reg,신재생·에너지·전력,다산디엠씨,코스닥,20250313,1,14,태양력 발전업,사업목적 신설 조항변경,https://kind.krx.co.kr/external/2025/03/13/002321/20250313005243/00591.htm,20250313002321,20250313001393
2025H1reg,모빌리티·전기차·자율주행,다산디엠씨,코스닥,20250313,2,14,자동차 부품 및 전장품 제조 판매업 | 자동차부품 공정기술 개량 및 개발업,사업목적 신설 조항변경,https://kind.krx.co.kr/external/2025/03/13/002321/20250313005243/00591.htm,20250313002321,20250313001393
2025H1reg,AI(인공지능),메타케어,유가증권,20250313,1,8,"AI 의료용, 수술용 로봇제조, 판매업 및 서비스업",- 관련사업 목적 명확화 - 사업 목적 삭제 - 사업 목적 추가,https://kind.krx.co.kr/external/2025/03/13/002314/20250313005233/00591.htm,20250313002314,20250313001388
2025H1reg,로봇,메타케어,유가증권,20250313,3,8,"AI 의료용, 수술용 로봇제조, 판매업 및 서비스업 | 로봇 부품 제조, 판매업 및 서비스업 | 로봇 관련 교육, 컨텐츠 서비스업 196 ~ 200",- 관련사업 목적 명확화 - 사업 목적 삭제 - 사업 목적 추가,https://kind.krx.co.kr/external/2025/03/13/002314/20250313005233/00591.htm,20250313002314,20250313001388
2025H1reg,클라우드·SW·빅데이터,메타케어,유가증권,20250313,1,8,"소프트웨어 컨설팅, 개발, 공급, 판매 및 유지보수업",- 관련사업 목적 명확화 - 사업 목적 삭제 - 사업 목적 추가,https://kind.krx.co.kr/external/2025/03/13/002314/20250313005233/00591.htm,20250313002314,20250313001388
2025H1reg,바이오·헬스케어,메타케어,유가증권,20250313,3,8,"병, 의원 경영관리 및 대행업, 의료컨설팅 사업(MSO) | 의료전자차트 개발, 판매업 및 서비스업 | AI 의료용, 수술용 로봇제조, 판매업 및 서비스업",- 관련사업 목적 명확화 - 사업 목적 삭제 - 사업 목적 추가,https://kind.krx.co.kr/external/2025/03/13/002314/20250313005233/00591.htm,20250313002314,20250313001388
2025H1reg,부동산·임대·건설,메타케어,유가증권,20250313,1,8,"부동산 개발, 임대, 공급, 자문, 관리, 전대업 26~188",- 관련사업 목적 명확화 - 사업 목적 삭제 - 사업 목적 추가,https://kind.krx.co.kr/external/2025/03/13/002314/20250313005233/00591.htm,20250313002314,20250313001388
2025H1reg,엔터·콘텐츠·게임,메타케어,유가증권,20250313,1,8,"로봇 관련 교육, 컨텐츠 서비스업 196 ~ 200",- 관련사업 목적 명확화 - 사업 목적 삭제 - 사업 목적 추가,https://kind.krx.co.kr/external/2025/03/13/002314/20250313005233/00591.htm,20250313002314,20250313001388
2025H1reg,교육,메타케어,유가증권,20250313,1,8,"로봇 관련 교육, 컨텐츠 서비스업 196 ~ 200",- 관련사업 목적 명확화 - 사업 목적 삭제 - 사업 목적 추가,https://kind.krx.co.kr/external/2025/03/13/002314/20250313005233/00591.htm,20250313002314,20250313001388
2025H1reg,AI(인공지능),육일씨엔에쓰,코스닥,20250313,2,42,"인공지능 플랫폼 구축업 | 인공지능 소프트웨어 개발 및 유지보수, 응용 소프트웨어 개발 및 공급업",신규사업 진출 및 사업 다각화를 위한 사업목적 추가 및 변경,https://kind.krx.co.kr/external/2025/03/13/002178/20250313004950/00591.htm,20250313002178,20250313001311
2025H1reg,클라우드·SW·빅데이터,육일씨엔에쓰,코스닥,20250313,9,42,"컴퓨터 소프트웨어 및 하드웨어 개발 및 공급업 | 소프트웨어자문 | 소프트웨어 개발, 제조, 공급업 | 소프트웨어 판매, 유통, 임대업 | 시스템 응용 소프트웨어 개발, 제조, 공급업 | 인공지능 플랫폼 구축업 | 인공지능 소프트웨어 개발 및 유지보수, 응용 소프트웨어 개발 및 공급업 | 빅데이터 플랫폼 자원관리 및 운영 최적화기술 개발업 | 보안장비 및 소프트웨어 프로그래밍과 그 제작, 판매 및 수출입업",신규사업 진출 및 사업 다각화를 위한 사업목적 추가 및 변경,https://kind.krx.co.kr/external/2025/03/13/002178/20250313004950/00591.htm,20250313002178,20250313001311
2025H1reg,엔터·콘텐츠·게임,육일씨엔에쓰,코스닥,20250313,2,42,가상현실 및 증강현실 콘텐츠 제작 및 판매업 | 교육용 콘텐츠 제작 및 서비스 구축업,신규사업 진출 및 사업 다각화를 위한 사업목적 추가 및 변경,https://kind.krx.co.kr/external/2025/03/13/002178/20250313004950/00591.htm,20250313002178,20250313001311
2025H1reg,교육,육일씨엔에쓰,코스닥,20250313,6,42,"멀티미디어 교육시스템개발 및 판매업 | 사이버 교육사업 | 교육 및 실험용 과학기기 제조 및 판매업 | 정보통신기기, 교육용장비 제조업 | 원격통신교육훈련 사업 | 교육용 콘텐츠 제작 및 서비스 구축업",신규사업 진출 및 사업 다각화를 위한 사업목적 추가 및 변경,https://kind.krx.co.kr/external/2025/03/13/002178/20250313004950/00591.htm,20250313002178,20250313001311
2025H1reg,투자·금융,미트박스,코스닥,20250313,1,1,대부 중개업,"축산물 유통 과정에서 발생하는 외상 거래(후불 결제)와 금융 솔루션을 지원하여 고객 편의성을 높이고, 금융기관과의 제휴를 통해 추가적인 수익을 창출하기 위함.",https://kind.krx.co.kr/external/2025/03/13/002162/20250313004898/00591.htm,20250313002162,20250313001297
2025H1reg,모빌리티·전기차·자율주행,골프존,코스닥,20250313,1,3,"전동모빌리티 제조, 판매, 수출 및 수입, 서비스업, 수리, 보증, 리스, 렌탈, 구독, 수익배분 및 보관 창고업",신규사업 추진에 따른 목적사업 추가,https://kind.krx.co.kr/external/2025/03/13/002135/20250313004834/00591.htm,20250313002135,20250313001273
2025H1reg,부동산·임대·건설,골프존,코스닥,20250313,1,3,종합건설업,신규사업 추진에 따른 목적사업 추가,https://kind.krx.co.kr/external/2025/03/13/002135/20250313004834/00591.htm,20250313002135,20250313001273
2025H1reg,바이오·헬스케어,NH농우바이오,코스닥,20250313,1,2,"당 회사는 농어업 경영체 육성 및 지원에 관한 법률에 의하여 설립된 회사로서 그 명칭은 ""농업회사법인 주식회사 엔에이치농우바이오""라  하고 ""농우바이오""로 약칭한다.","사명 변경에 따른 상호(국문, 영문) 일부 변경",https://kind.krx.co.kr/external/2025/03/13/002060/20250313004696/00591.htm,20250313002060,20250313001226
2025H1reg,식품·농업·외식,NH농우바이오,코스닥,20250313,1,2,"당 회사는 농어업 경영체 육성 및 지원에 관한 법률에 의하여 설립된 회사로서 그 명칭은 ""농업회사법인 주식회사 엔에이치농우바이오""라  하고 ""농우바이오""로 약칭한다.","사명 변경에 따른 상호(국문, 영문) 일부 변경",https://kind.krx.co.kr/external/2025/03/13/002060/20250313004696/00591.htm,20250313002060,20250313001226
2025H1reg,탄소·환경,캐리,코스닥,20250313,3,15,"폐기물처리업(지정 외 폐기물처리업) | 환경(소음,진동,대기오염,수질오염)용역 및 방지시설업 | 환경오염방지 설계 및 시공업",신규사업 진출 및 사업 포트폴리오의 다각화,https://kind.krx.co.kr/external/2025/03/13/002009/20250313004579/00591.htm,20250313002009,20250313001198
2025H1reg,반도체,쏘닉스,코스닥,20250313,1,2,광반도체 웨이퍼 제조 및 판매,광반도체 웨이퍼 제조 및 판매 목적사업 추가 4~10. 항번호 변경,https://kind.krx.co.kr/external/2025/03/13/001731/20250313003920/00591.htm,20250313001731,20250313001041
2025H1reg,AI(인공지능),메타랩스,유가증권,20250313,1,6,"AI 의료용, 수술용 로봇제조, 판매업 및 서비스업",- 사업다각화를 위한 사업목적 추가,https://kind.krx.co.kr/external/2025/03/13/001709/20250313003863/00591.htm,20250313001709,20250313001030
2025H1reg,로봇,메타랩스,유가증권,20250313,3,6,"AI 의료용, 수술용 로봇제조, 판매업 및 서비스업 | 로봇 부품 제조, 판매업 및 서비스업 | 로봇 관련 교육, 컨텐츠 서비스업",- 사업다각화를 위한 사업목적 추가,https://kind.krx.co.kr/external/2025/03/13/001709/20250313003863/00591.htm,20250313001709,20250313001030
2025H1reg,클라우드·SW·빅데이터,메타랩스,유가증권,20250313,1,6,"소프트웨어 컨설팅, 개발, 공급, 판매 및 유지보수업",- 사업다각화를 위한 사업목적 추가,https://kind.krx.co.kr/external/2025/03/13/001709/20250313003863/00591.htm,20250313001709,20250313001030
2025H1reg,바이오·헬스케어,메타랩스,유가증권,20250313,2,6,"의료전자차트 개발, 판매업 및 서비스업 | AI 의료용, 수술용 로봇제조, 판매업 및 서비스업",- 사업다각화를 위한 사업목적 추가,https://kind.krx.co.kr/external/2025/03/13/001709/20250313003863/00591.htm,20250313001709,20250313001030
2025H1reg,엔터·콘텐츠·게임,메타랩스,유가증권,20250313,1,6,"로봇 관련 교육, 컨텐츠 서비스업",- 사업다각화를 위한 사업목적 추가,https://kind.krx.co.kr/external/2025/03/13/001709/20250313003863/00591.htm,20250313001709,20250313001030
2025H1reg,교육,메타랩스,유가증권,20250313,1,6,"로봇 관련 교육, 컨텐츠 서비스업",- 사업다각화를 위한 사업목적 추가,https://kind.krx.co.kr/external/2025/03/13/001709/20250313003863/00591.htm,20250313001709,20250313001030
2025H1reg,2차전지·배터리,에스프리즘,코스닥,20250313,1,1,에너지 저장장치 개발 및 관련제품 제조업,사업다각화를 위한 목적 추가,https://kind.krx.co.kr/external/2025/03/13/001700/20250313003852/00591.htm,20250313001700,20250313001026
2025H1reg,모빌리티·전기차·자율주행,이지트로닉스,코스닥,20250313,1,11,자동차 부품 도매업 및 자동차 용품의 제조판매업,사업목적 추가,https://kind.krx.co.kr/external/2025/03/13/001644/20250313003726/00591.htm,20250313001644,20250313000993
2025H1reg,AI(인공지능),이엔셀,코스닥,20250313,1,3,인공지능 소프트웨어(SW) 개발 및 서비스업,7. ~ 14. 호 추가 및 변경,https://kind.krx.co.kr/external/2025/03/13/001545/20250313003551/00591.htm,20250313001545,20250313000931
2025H1reg,클라우드·SW·빅데이터,이엔셀,코스닥,20250313,1,3,인공지능 소프트웨어(SW) 개발 및 서비스업,7. ~ 14. 호 추가 및 변경,https://kind.krx.co.kr/external/2025/03/13/001545/20250313003551/00591.htm,20250313001545,20250313000931
2025H1reg,바이오·헬스케어,이엔셀,코스닥,20250313,1,3,첨단재생의료관련 연구개발 및 생산 판매업,7. ~ 14. 호 추가 및 변경,https://kind.krx.co.kr/external/2025/03/13/001545/20250313003551/00591.htm,20250313001545,20250313000931
2025H1reg,화장품·뷰티,이엔셀,코스닥,20250313,1,3,"스킨케어, 건강보조식품, 화장품 등의 제조 및 판매업",7. ~ 14. 호 추가 및 변경,https://kind.krx.co.kr/external/2025/03/13/001545/20250313003551/00591.htm,20250313001545,20250313000931
2025H1reg,식품·농업·외식,이엔셀,코스닥,20250313,1,3,"스킨케어, 건강보조식품, 화장품 등의 제조 및 판매업",7. ~ 14. 호 추가 및 변경,https://kind.krx.co.kr/external/2025/03/13/001545/20250313003551/00591.htm,20250313001545,20250313000931
2025H1reg,신재생·에너지·전력,덕우전자,코스닥,20250313,1,1,태양광발전사업,태양광 사업목적 추가,https://kind.krx.co.kr/external/2025/03/13/001415/20250313003290/00591.htm,20250313001415,20250313000860
2025H1reg,AI(인공지능),아티스트컴퍼니,코스닥,20250313,1,27,"콘텐츠, 모바일컨텐츠, 디지털콘텐츠, 인공지능(AI) 활용한 디지털콘텐츠 제작, 개발, 유통, 및 판매, 솔루션 사업",정관 정비 및 사업다각화를 위한 사업목적 추가,https://kind.krx.co.kr/external/2025/03/13/001248/20250313002984/00591.htm,20250313001248,20250313000776
2025H1reg,클라우드·SW·빅데이터,아티스트컴퍼니,코스닥,20250313,3,27,"소프트웨어,데이터베이스, 정보처리및제공기술, 시스템 개발, 자문 판매, 공급업 | 솔루션(소프트웨어)제작, 유지보수, 판매업 | 영화 및 방송 제작시설, 제작장비, 제작 소프트웨어 개발, 공급, 임대업",정관 정비 및 사업다각화를 위한 사업목적 추가,https://kind.krx.co.kr/external/2025/03/13/001248/20250313002984/00591.htm,20250313001248,20250313000776
2025H1reg,바이오·헬스케어,아티스트컴퍼니,코스닥,20250313,2,27,"의료기관 관련 경영 컨설팅업 | 의료기기 및 스마트의료기기 제조, 도소매, 판매, 유통업",정관 정비 및 사업다각화를 위한 사업목적 추가,https://kind.krx.co.kr/external/2025/03/13/001248/20250313002984/00591.htm,20250313001248,20250313000776
2025H1reg,부동산·임대·건설,아티스트컴퍼니,코스닥,20250313,1,27,"부동산 임대 및 전대, 개발, 공급업",정관 정비 및 사업다각화를 위한 사업목적 추가,https://kind.krx.co.kr/external/2025/03/13/001248/20250313002984/00591.htm,20250313001248,20250313000776
2025H1reg,엔터·콘텐츠·게임,아티스트컴퍼니,코스닥,20250313,4,27,"콘텐츠, 모바일컨텐츠, 디지털콘텐츠, 인공지능(AI) 활용한 디지털콘텐츠 제작, 개발, 유통, 및 판매, 솔루션 사업 | 영화, 드라마, 방송프로그램, 기타 영상물 제작, 제작대행 배급, 배급대행 및 그와 관련된 유통, 서비스업 | 전시, 뮤지컬, 공연등의 제작 및 관련 콘텐츠 유통, 서비스업 | 영화 및 방송 제작시설, 제작장비, 제작 소프트웨어 개발, 공급, 임대업",정관 정비 및 사업다각화를 위한 사업목적 추가,https://kind.krx.co.kr/external/2025/03/13/001248/20250313002984/00591.htm,20250313001248,20250313000776
2025H1reg,식품·농업·외식,아티스트컴퍼니,코스닥,20250313,1,27,외식업,정관 정비 및 사업다각화를 위한 사업목적 추가,https://kind.krx.co.kr/external/2025/03/13/001248/20250313002984/00591.htm,20250313001248,20250313000776
2025H1reg,바이오·헬스케어,제일엠앤에스,코스닥,20250313,2,18,"폐배터리 재활용업 | 비금속류 소재 재활용, 제조업","기존 사업 경쟁력 강화 및 신사업 진출을 통한 사업 다각화, 해외현장 협력업체 숙박해결 지원",https://kind.krx.co.kr/external/2025/03/13/001200/20250313002895/00591.htm,20250313001200,20250313000757
2025H1reg,2차전지·배터리,제일엠앤에스,코스닥,20250313,2,18,"이차전지 소재, 부품, 제품, 시스템 제조 개발 및 판매업 | 폐배터리 재활용업","기존 사업 경쟁력 강화 및 신사업 진출을 통한 사업 다각화, 해외현장 협력업체 숙박해결 지원",https://kind.krx.co.kr/external/2025/03/13/001200/20250313002895/00591.htm,20250313001200,20250313000757
2025H1reg,신재생·에너지·전력,제일엠앤에스,코스닥,20250313,3,18,"태양광 발전사업 | 신재생 에너지 컨설팅 및 생산 판매업 | 신재생 에너지 생산, 수송 공급, 에너지 효율화 관련 사업","기존 사업 경쟁력 강화 및 신사업 진출을 통한 사업 다각화, 해외현장 협력업체 숙박해결 지원",https://kind.krx.co.kr/external/2025/03/13/001200/20250313002895/00591.htm,20250313001200,20250313000757
2025H1reg,부동산·임대·건설,제일엠앤에스,코스닥,20250313,4,18,"건설업 | 실내건축 공사업 | 부동산 개발, 중개 및 컨설팅업 | 부동산 매매 및 임대업","기존 사업 경쟁력 강화 및 신사업 진출을 통한 사업 다각화, 해외현장 협력업체 숙박해결 지원",https://kind.krx.co.kr/external/2025/03/13/001200/20250313002895/00591.htm,20250313001200,20250313000757
2025H1reg,식품·농업·외식,제일엠앤에스,코스닥,20250313,1,18,"숙박, 음식점 및 기타 서비스 관련사업","기존 사업 경쟁력 강화 및 신사업 진출을 통한 사업 다각화, 해외현장 협력업체 숙박해결 지원",https://kind.krx.co.kr/external/2025/03/13/001200/20250313002895/00591.htm,20250313001200,20250313000757
2025H1reg,탄소·환경,제일엠앤에스,코스닥,20250313,2,18,"폐배터리 재활용업 | 비금속류 소재 재활용, 제조업","기존 사업 경쟁력 강화 및 신사업 진출을 통한 사업 다각화, 해외현장 협력업체 숙박해결 지원",https://kind.krx.co.kr/external/2025/03/13/001200/20250313002895/00591.htm,20250313001200,20250313000757
2025H1reg,부동산·임대·건설,지놈앤컴퍼니,코스닥,20250313,1,2,부동산 임대업,사업 목적 추가,https://kind.krx.co.kr/external/2025/03/13/001153/20250313002822/00591.htm,20250313001153,20250313000731
2025H1reg,클라우드·SW·빅데이터,주연테크,유가증권,20250313,1,6,데이터베이스 및 온라인정보 제공업,펫 사업관련 목적사항 추가,https://kind.krx.co.kr/external/2025/03/13/001150/20250313002817/00591.htm,20250313001150,20250313000730
2025H1reg,반려동물(펫),주연테크,유가증권,20250313,2,6,"반려동물 사료 및 간식, 용품 도소매업 | 반려동물 케어 서비스업",펫 사업관련 목적사항 추가,https://kind.krx.co.kr/external/2025/03/13/001150/20250313002817/00591.htm,20250313001150,20250313000730
2025H1reg,로봇,하이비젼시스템,코스닥,20250313,1,3,"로봇 제조, 유통, 판매업 및 서비스업",사업영역 확대,https://kind.krx.co.kr/external/2025/03/13/001127/20250313002774/00591.htm,20250313001127,20250313000713
2025H1reg,바이오·헬스케어,하이비젼시스템,코스닥,20250313,1,3,"의료기기/설비 제조, 유통, 판매업 및 서비스업",사업영역 확대,https://kind.krx.co.kr/external/2025/03/13/001127/20250313002774/00591.htm,20250313001127,20250313000713
2025H1reg,엔터·콘텐츠·게임,SBS,유가증권,20250313,1,1,"콘텐츠유통, 전자상거래 및 인터넷 신문 , 뉴미디어 관련사업",신규사업에 따른 사업목적의 추가,https://kind.krx.co.kr/external/2025/03/13/001075/20250313002683/00591.htm,20250313001075,20250313000682
2025H1reg,엔터·콘텐츠·게임,바른손이앤에이,코스닥,20250313,1,3,공연 기획업,사업목적 정비,https://kind.krx.co.kr/external/2025/03/13/001071/20250313002680/00591.htm,20250313001071,20250313000679
2025H1reg,식품·농업·외식,디알젬,코스닥,20250313,2,2,수 입식품 등 수입판매업 | 식품제조·가공업,"사업 다각화를 위해 세계 각국의 주요 거래처와 협력하여 수입식품 등의 수입판매와 식품을 제조, 가공하는 신사업분야를사업영역에 포함함",https://kind.krx.co.kr/external/2025/03/13/001034/20250313002592/00591.htm,20250313001034,20250313000658
2025H1reg,AI(인공지능),지아이에스,코스닥,20250313,1,7,"빅데이터/AI기반 소프트웨어 개발, 제초, 판매 업 56, 스마트양식업",사업 목적 추가,https://kind.krx.co.kr/external/2025/03/13/000953/20250313002436/00591.htm,20250313000953,20250313000625
2025H1reg,클라우드·SW·빅데이터,지아이에스,코스닥,20250313,3,7,"스마트팜 장비, 소프트웨어 개발, 제조, 판매 업 | 스마트양식 장비, 소프트웨어 개발, 제조, 판 매업 | 빅데이터/AI기반 소프트웨어 개발, 제초, 판매 업 56, 스마트양식업",사업 목적 추가,https://kind.krx.co.kr/external/2025/03/13/000953/20250313002436/00591.htm,20250313000953,20250313000625
2025H1reg,식품·농업·외식,지아이에스,코스닥,20250313,1,7,일반음식점업,사업 목적 추가,https://kind.krx.co.kr/external/2025/03/13/000953/20250313002436/00591.htm,20250313000953,20250313000625
2025H1reg,화장품·뷰티,케이디켐,코스닥,20250313,1,1,"화장품 원료 제조, 유통, 수출입업",신규사업 추진을 위한 사업목적 추가,https://kind.krx.co.kr/external/2025/03/13/000878/20250313002276/00591.htm,20250313000878,20250313000583
2025H1reg,화장품·뷰티,에이에스텍,코스닥,20250313,1,1,화장품 도소매업,사업목적 추가 및 조문 번호 변경,https://kind.krx.co.kr/external/2025/03/13/000838/20250313002188/00591.htm,20250313000838,20250313000560
2025H1reg,반려동물(펫),유니온바이오메트릭스,코스닥,20250313,1,3,애완용 동물 및 관련용춤 도매 및 소매업,- 사업의 목적 추가,https://kind.krx.co.kr/external/2025/03/13/000820/20250313002149/00591.htm,20250313000820,20250313000554
2025H1reg,엔터·콘텐츠·게임,태원물산,유가증권,20250313,1,4,청소년게임제공업,사업다각화를 위한 목적사업추가 및 비영위사업 삭제,https://kind.krx.co.kr/external/2025/03/13/000731/20250313001918/00591.htm,20250313000731,20250313000510
2025H1reg,바이오·헬스케어,파인엠텍,코스닥,20250313,2,2,의료기기 제조 및 판매업 | 의료기기 수출입 및 도·소매업,사업 확장을 위한 사업목적 추가,https://kind.krx.co.kr/external/2025/03/13/000644/20250313001734/00591.htm,20250313000644,20250313000460
2025H1reg,클라우드·SW·빅데이터,메드팩토,코스닥,20250313,1,4,"소프트웨어, 데이터베이스, 컴퓨터프로그래밍 개발, 제작 및 공급업",-진행중이거나 진행가능성이 있는 신사업을 구체화하여 명시함 -조항 번호 수정,https://kind.krx.co.kr/external/2025/03/13/000604/20250313001665/00591.htm,20250313000604,20250313000441
2025H1reg,바이오·헬스케어,메드팩토,코스닥,20250313,1,4,의약품 도소매업,-진행중이거나 진행가능성이 있는 신사업을 구체화하여 명시함 -조항 번호 수정,https://kind.krx.co.kr/external/2025/03/13/000604/20250313001665/00591.htm,20250313000604,20250313000441
2025H1reg,엔터·콘텐츠·게임,메드팩토,코스닥,20250313,1,4,"온라인정보, 디지털콘텐츠 개발, 제작 및 공급업",-진행중이거나 진행가능성이 있는 신사업을 구체화하여 명시함 -조항 번호 수정,https://kind.krx.co.kr/external/2025/03/13/000604/20250313001665/00591.htm,20250313000604,20250313000441
2025H1reg,화장품·뷰티,티비에이치글로벌,유가증권,20250313,1,1,화장품 제조 및 동 판매업,- 신규 사업 목적 추가 - 조항 번호 수정,https://kind.krx.co.kr/external/2025/03/13/000454/20250313001277/00591.htm,20250313000454,20250313000347
2025H1reg,부동산·임대·건설,우원개발,코스닥,20250313,1,7,금속창호.지붕건축물조립공사업,- 전문건설업 개편에 따른 사업목적 변경 - 사업다각화를 위한 사업목적추가,https://kind.krx.co.kr/external/2025/03/13/000426/20250313001215/00591.htm,20250313000426,20250313000328
2025H1reg,부동산·임대·건설,삼영엠텍,코스닥,20250313,1,6,건축공사업,신규 사업 영위를 위한 사업목적 추가.,https://kind.krx.co.kr/external/2025/03/13/000362/20250313001016/00591.htm,20250313000362,20250313000282
2025H1reg,로봇,이노시뮬레이션,코스닥,20250313,2,3,"산업용 로봇, 서비스 로봇, 제조 및 판매업 | 로봇 관련 교육, 콘텐츠 서비스 사업",사업목적 추가,https://kind.krx.co.kr/external/2025/03/13/000350/20250313000984/00591.htm,20250313000350,20250313000275
2025H1reg,엔터·콘텐츠·게임,이노시뮬레이션,코스닥,20250313,1,3,"로봇 관련 교육, 콘텐츠 서비스 사업",사업목적 추가,https://kind.krx.co.kr/external/2025/03/13/000350/20250313000984/00591.htm,20250313000350,20250313000275
2025H1reg,교육,이노시뮬레이션,코스닥,20250313,1,3,"로봇 관련 교육, 콘텐츠 서비스 사업",사업목적 추가,https://kind.krx.co.kr/external/2025/03/13/000350/20250313000984/00591.htm,20250313000350,20250313000275
2025H1reg,로봇,엠젠솔루션,코스닥,20250313,1,4,"특수 로봇,드론 개발, 제조 및 판매업","[사업목적 정비, 오탈자 수정, 신규사업추가] - 영위하지 않는 사업목적 삭제 - 오탈자 수정 - 사업의 다각화 및 사업영역 확장을 위한 사업목적 추가",https://kind.krx.co.kr/external/2025/03/13/000304/20250313000842/00591.htm,20250313000304,20250313000238
2025H1reg,드론·UAM,엠젠솔루션,코스닥,20250313,1,4,"특수 로봇,드론 개발, 제조 및 판매업","[사업목적 정비, 오탈자 수정, 신규사업추가] - 영위하지 않는 사업목적 삭제 - 오탈자 수정 - 사업의 다각화 및 사업영역 확장을 위한 사업목적 추가",https://kind.krx.co.kr/external/2025/03/13/000304/20250313000842/00591.htm,20250313000304,20250313000238
2025H1reg,희토류·핵심광물·소재,엠젠솔루션,코스닥,20250313,1,4,"위험물, 특수광물, 석유화확제품 운송 및 유통업","[사업목적 정비, 오탈자 수정, 신규사업추가] - 영위하지 않는 사업목적 삭제 - 오탈자 수정 - 사업의 다각화 및 사업영역 확장을 위한 사업목적 추가",https://kind.krx.co.kr/external/2025/03/13/000304/20250313000842/00591.htm,20250313000304,20250313000238
2025H1reg,모빌리티·전기차·자율주행,엠젠솔루션,코스닥,20250313,1,4,"전기자동차,전동카트 제품 및 부품 개발, 제조 및 판매업","[사업목적 정비, 오탈자 수정, 신규사업추가] - 영위하지 않는 사업목적 삭제 - 오탈자 수정 - 사업의 다각화 및 사업영역 확장을 위한 사업목적 추가",https://kind.krx.co.kr/external/2025/03/13/000304/20250313000842/00591.htm,20250313000304,20250313000238
2025H1reg,바이오·헬스케어,메디포스트,코스닥,20250313,3,4,"재생의료 관련 기술개발, 제조 및 공급업 | 세포가공 및 배양 용역 위탁업 | 의료관광업",신규사업 추진,https://kind.krx.co.kr/external/2025/03/13/000177/20250313000539/00591.htm,20250313000177,20250313000128
2025H1reg,신재생·에너지·전력,삼아제약,코스닥,20250313,1,1,태양광 발전 사업,사업목적 추가,https://kind.krx.co.kr/external/2025/03/13/000110/20250313000324/00591.htm,20250313000110,20250313000055
2025H1reg,부동산·임대·건설,케이엔알시스템,코스닥,20250313,1,1,부동산 임대업,사업 목적 추가,https://kind.krx.co.kr/external/2025/03/13/000079/20250313000221/00591.htm,20250313000079,20250313000034
2025H1reg,엔터·콘텐츠·게임,브이티,코스닥,20250312,1,1,국내외브랜드의 해외진출을 위한 컨텐츠 제작 및 소싱(sourcing)업 삭제 삭제 삭제 삭제 삭제 삭제 삭제 삭제 삭제 삭제 삭제 삭제 삭제 삭제 삭제 삭제 삭제,종속회사 사업이전에 따른 미영위사업 삭제,https://kind.krx.co.kr/external/2025/03/12/001808/20250312004538/00591.htm,20250312001808,20250312001082
2025H1reg,화장품·뷰티,안국약품,코스닥,20250312,1,2,"미용기기 제조, 유통, 판매업",사업목적 추가,https://kind.krx.co.kr/external/2025/03/12/001724/20250312004320/00591.htm,20250312001724,20250312001036
2025H1reg,식품·농업·외식,에이치피오,코스닥,20250312,1,5,음식점업,사업의 다각화 목적,https://kind.krx.co.kr/external/2025/03/12/001686/20250312004206/00591.htm,20250312001686,20250312001012
2025H1reg,2차전지·배터리,이노벡스,코넥스,20250312,1,2,"이차전지 안전성 검사, 시험 및 인증관련 사업",사업목적 추가,https://kind.krx.co.kr/external/2025/03/12/001640/20250312004141/00591.htm,20250312001640,20250312001000
2025H1reg,로봇,쿠쿠홈시스,유가증권,20250312,2,17,서빙로봇 제조 및 판매업 | 밥솥로봇 제조 및 판매업,사업확장 및 신규시장진입,https://kind.krx.co.kr/external/2025/03/12/001452/20250312003614/00591.htm,20250312001452,20250312000877
2025H1reg,화장품·뷰티,쿠쿠홈시스,유가증권,20250312,3,17,화장품 책임 판매업 | 미용팩 제조 및 판매업 | 미용기기 제조 및 판매업,사업확장 및 신규시장진입,https://kind.krx.co.kr/external/2025/03/12/001452/20250312003614/00591.htm,20250312001452,20250312000877
2025H1reg,식품·농업·외식,쿠쿠홈시스,유가증권,20250312,1,17,유통업(식품류),사업확장 및 신규시장진입,https://kind.krx.co.kr/external/2025/03/12/001452/20250312003614/00591.htm,20250312001452,20250312000877
2025H1reg,탄소·환경,쿠쿠홈시스,유가증권,20250312,2,17,환경관련용역업 | 기타 환경정화장치 제조업,사업확장 및 신규시장진입,https://kind.krx.co.kr/external/2025/03/12/001452/20250312003614/00591.htm,20250312001452,20250312000877
2025H1reg,조선·해양,KG에코솔루션,코스닥,20250312,1,2,바이오선박유 제조 및 판매,-. 사업포트폴리오 수정에 따라서 Drop 되었음. -. 바이오선박유 제조 및 판매에 대응한 신규목적사업 추가 -. 지주회사 전환에 따른 지주사업 추가,https://kind.krx.co.kr/external/2025/03/12/001400/20250312003500/00591.htm,20250312001400,20250312000852
2025H1reg,신재생·에너지·전력,포스뱅크,코스닥,20250312,1,2,태양광 발전사업,사업목적추가,https://kind.krx.co.kr/external/2025/03/12/001399/20250312003499/00591.htm,20250312001399,20250312000853
2025H1reg,바이오·헬스케어,NPX,코스닥,20250312,1,17,"의약품 등(의약품, 의약부외품, 화장품, 의료용구, 위생용품, 건강기능식품)의 제조, 판매, 위탁판매 및 중개업",신사업 진출에 따른 사업목적 재정비,https://kind.krx.co.kr/external/2025/03/12/001308/20250312003288/00591.htm,20250312001308,
2025H1reg,2차전지·배터리,NPX,코스닥,20250312,2,17,"배터리 소재의 수입, 개발, 제조 및 판매업 | 이차전지 소재(흑연 외)의 연구, 개발, 제조 및 판매업",신사업 진출에 따른 사업목적 재정비,https://kind.krx.co.kr/external/2025/03/12/001308/20250312003288/00591.htm,20250312001308,
2025H1reg,희토류·핵심광물·소재,NPX,코스닥,20250312,2,17,"이차전지 소재(흑연 외)의 연구, 개발, 제조 및 판매업 | 국내·외 광물 개발 및 관련된 사업",신사업 진출에 따른 사업목적 재정비,https://kind.krx.co.kr/external/2025/03/12/001308/20250312003288/00591.htm,20250312001308,
2025H1reg,엔터·콘텐츠·게임,NPX,코스닥,20250312,4,17,"음원, 음반, 음악, 영상물, 애니메이션 제작, 배급업 및 유통업 | 연예기획 및?연예매니지먼트 사업 | 컨텐츠, 캐릭터의 디자인, 제작 및 이와 관련한 용품에 관한 사업 | 공연기획 및 제작업, 온라인정보서비스업",신사업 진출에 따른 사업목적 재정비,https://kind.krx.co.kr/external/2025/03/12/001308/20250312003288/00591.htm,20250312001308,
2025H1reg,화장품·뷰티,NPX,코스닥,20250312,2,17,"의약품 등(의약품, 의약부외품, 화장품, 의료용구, 위생용품, 건강기능식품)의 제조, 판매, 위탁판매 및 중개업 | 뷰티기기 제조, 위탁판매 및 중개업",신사업 진출에 따른 사업목적 재정비,https://kind.krx.co.kr/external/2025/03/12/001308/20250312003288/00591.htm,20250312001308,
2025H1reg,식품·농업·외식,NPX,코스닥,20250312,2,17,"의약품 등(의약품, 의약부외품, 화장품, 의료용구, 위생용품, 건강기능식품)의 제조, 판매, 위탁판매 및 중개업 | 일반음식점, 휴게음식점업(카페)등의 운영업",신사업 진출에 따른 사업목적 재정비,https://kind.krx.co.kr/external/2025/03/12/001308/20250312003288/00591.htm,20250312001308,
2025H1reg,신재생·에너지·전력,LS마린솔루션,코스닥,20250312,2,2,"해상풍력 및 해양플랜트 등의 선박 운영 사업 | 해상풍력 및 에너지 관련 사업 투자 및 운영, 기술개발 사업",사업 목적 추가,https://kind.krx.co.kr/external/2025/03/12/001307/20250312003287/00591.htm,20250312001307,20250312000801
2025H1reg,조선·해양,LS마린솔루션,코스닥,20250312,1,2,해상풍력 및 해양플랜트 등의 선박 운영 사업,사업 목적 추가,https://kind.krx.co.kr/external/2025/03/12/001307/20250312003287/00591.htm,20250312001307,20250312000801
2025H1reg,부동산·임대·건설,한익스프레스,유가증권,20250312,1,1,부동산개발업,사업 확장에 따른 신규사업목적추가,https://kind.krx.co.kr/external/2025/03/12/001257/20250312003189/00591.htm,20250312001257,20250312000777
2025H1reg,화장품·뷰티,보라티알,코스닥,20250312,1,1,화장품 책임 판매업,사업목적사항 추가 조항신설(19),https://kind.krx.co.kr/external/2025/03/12/001188/20250312003042/00591.htm,20250312001188,20250312000741
2025H1reg,식품·농업·외식,뉴온,코스닥,20250312,1,4,"농,수,축,임산물과 가공식품 판매 및 수출입업, 도소매업",사업목적 추가,https://kind.krx.co.kr/external/2025/03/12/001095/20250312002831/00591.htm,20250312001095,20250312000693
2025H1reg,바이오·헬스케어,티움바이오,코스닥,20250312,1,8,건강기능식품 제조 및 판매업,페트라온 합병에 따른 사업목적 추가/변경,https://kind.krx.co.kr/external/2025/03/12/000961/20250312002522/00591.htm,20250312000961,20250312000620
2025H1reg,화장품·뷰티,티움바이오,코스닥,20250312,2,8,"동물용 치약, 비누, 화장품, 세제 제조 및 도·소매업 | 화장품 및 화장품 원료 제조업 및 도 · 소매업",페트라온 합병에 따른 사업목적 추가/변경,https://kind.krx.co.kr/external/2025/03/12/000961/20250312002522/00591.htm,20250312000961,20250312000620
2025H1reg,식품·농업·외식,티움바이오,코스닥,20250312,1,8,건강기능식품 제조 및 판매업,페트라온 합병에 따른 사업목적 추가/변경,https://kind.krx.co.kr/external/2025/03/12/000961/20250312002522/00591.htm,20250312000961,20250312000620
2025H1reg,바이오·헬스케어,뷰노,코스닥,20250312,1,2,의료기기수리업,추진 중인 사업의 변동사항을 반영하기 위해 목적사항에 항목 2가지 추가(신설),https://kind.krx.co.kr/external/2025/03/12/000901/20250312002373/00591.htm,20250312000901,20250312000572
2025H1reg,부동산·임대·건설,톱텍,코스닥,20250312,1,2,전문건설업,사업의 목적 추가 및 번호변경,https://kind.krx.co.kr/external/2025/03/12/000881/20250312002320/00591.htm,20250312000881,20250312000560
2025H1reg,바이오·헬스케어,레몬,코스닥,20250312,1,11,의료제품의 제조 및 판매업,사업목적 다각화,https://kind.krx.co.kr/external/2025/03/12/000855/20250312002281/00591.htm,20250312000855,20250312000542
2025H1reg,식품·농업·외식,레몬,코스닥,20250312,2,11,기타가공식품도매업 | 건강보조식품소매업,사업목적 다각화,https://kind.krx.co.kr/external/2025/03/12/000855/20250312002281/00591.htm,20250312000855,20250312000542
2025H1reg,화장품·뷰티,아이스크림미디어,코스닥,20250312,1,4,화장품 책임판매업,목적사항 추가 및 조항번호 변경,https://kind.krx.co.kr/external/2025/03/12/000827/20250312002220/00591.htm,20250312000827,20250312000528
2025H1reg,식품·농업·외식,아이스크림미디어,코스닥,20250312,2,4,건강 보조식품 소매업 | 식품판매업,목적사항 추가 및 조항번호 변경,https://kind.krx.co.kr/external/2025/03/12/000827/20250312002220/00591.htm,20250312000827,20250312000528
2025H1reg,부동산·임대·건설,일월지엠엘,코스닥,20250312,1,1,부동산 매매 및 임대업,신규사업 추진,https://kind.krx.co.kr/external/2025/03/12/000699/20250312001954/00591.htm,20250312000699,20250312000461
2025H1reg,2차전지·배터리,아이엘,코스닥,20250312,1,2,"배터리 및 소재의 개발, 제조 및 판매업",사업의 목적 추가,https://kind.krx.co.kr/external/2025/03/12/000661/20250312001875/00591.htm,20250312000661,20250312000437
2025H1reg,2차전지·배터리,엠오티,코스닥,20250312,1,2,이차전지 검사장비 및 소트프웨어 제조업,사업의 다각화 외주부문 내제화,https://kind.krx.co.kr/external/2025/03/12/000533/20250312001585/00591.htm,20250312000533,20250312000357
2025H1reg,부동산·임대·건설,휴네시온,코스닥,20250312,1,4,부동산 임대업 및 부동산 관리업,사업 목적 추가에 따른 신설 / 휴네시온 신축 사옥 외부 임대를 위한 사업 목적 추가,https://kind.krx.co.kr/external/2025/03/12/000482/20250312001449/00591.htm,20250312000482,20250312000326
2025H1reg,부동산·임대·건설,웨이버스,코스닥,20250312,1,2,기타 부동산 임대업,사업목적추가,https://kind.krx.co.kr/external/2025/03/12/000465/20250312001392/00591.htm,20250312000465,20250312000310
2025H1reg,AI(인공지능),코칩,코스닥,20250312,1,9,AI 컴퓨터서버용 이차전지 개발업 및 판매업,-사업목적 구체화 -사업목적 재정비를 통한 선택과 집중 - 조향 조정,https://kind.krx.co.kr/external/2025/03/12/000286/20250312000881/00591.htm,20250312000286,20250312000193
2025H1reg,로봇,코칩,코스닥,20250312,1,9,휴머노이드용 이차전지 개발업 및 판매업,-사업목적 구체화 -사업목적 재정비를 통한 선택과 집중 - 조향 조정,https://kind.krx.co.kr/external/2025/03/12/000286/20250312000881/00591.htm,20250312000286,20250312000193
2025H1reg,드론·UAM,코칩,코스닥,20250312,1,9,드론용 이차전지 개발업 및 판매업,-사업목적 구체화 -사업목적 재정비를 통한 선택과 집중 - 조향 조정,https://kind.krx.co.kr/external/2025/03/12/000286/20250312000881/00591.htm,20250312000286,20250312000193
2025H1reg,바이오·헬스케어,코칩,코스닥,20250312,1,9,바이오 생체삽입형 의료기기용 이차전지 개발업 및 판매업,-사업목적 구체화 -사업목적 재정비를 통한 선택과 집중 - 조향 조정,https://kind.krx.co.kr/external/2025/03/12/000286/20250312000881/00591.htm,20250312000286,20250312000193
2025H1reg,2차전지·배터리,코칩,코스닥,20250312,4,9,AI 컴퓨터서버용 이차전지 개발업 및 판매업 | 드론용 이차전지 개발업 및 판매업 | 휴머노이드용 이차전지 개발업 및 판매업 | 바이오 생체삽입형 의료기기용 이차전지 개발업 및 판매업,-사업목적 구체화 -사업목적 재정비를 통한 선택과 집중 - 조향 조정,https://kind.krx.co.kr/external/2025/03/12/000286/20250312000881/00591.htm,20250312000286,20250312000193
2025H1reg,부동산·임대·건설,코칩,코스닥,20250312,1,9,부동산 임대업 및 매매업,-사업목적 구체화 -사업목적 재정비를 통한 선택과 집중 - 조향 조정,https://kind.krx.co.kr/external/2025/03/12/000286/20250312000881/00591.htm,20250312000286,20250312000193
2025H1reg,투자·금융,코칩,코스닥,20250312,1,9,해외자회사에 대한 투자업,-사업목적 구체화 -사업목적 재정비를 통한 선택과 집중 - 조향 조정,https://kind.krx.co.kr/external/2025/03/12/000286/20250312000881/00591.htm,20250312000286,20250312000193
2025H1reg,바이오·헬스케어,아리바이오홀딩스,코스닥,20250312,1,4,"의료기기의 연구, 개발, 제조 및 판매업",신규사업 추진을 통한 사업다각화 모색,https://kind.krx.co.kr/external/2025/03/11/002078/20250311004708/00591.htm,20250311002078,20250311001304
2025H1reg,부동산·임대·건설,에스와이스틸텍,코스닥,20250311,1,1,건축부자재 도소매업,목적사항추가,https://kind.krx.co.kr/external/2025/03/11/002047/20250311004618/00591.htm,20250311002047,20250311001280
2025H1reg,AI(인공지능),노을,코스닥,20250311,2,6,"인공지능 소프트웨어 개발, 판매 및 유통업 | 인공지능 의료영상 소프트웨어 개발, 판매 및 유통업",중복 조문 삭제 조문 정비 실제 사업 현황 반영 및 현재 준비중이거나 향후 개발 가능성이 있는 사업영역 목적 사업 추가 조문 정비 조문 정비,https://kind.krx.co.kr/external/2025/03/11/002009/20250311004541/00591.htm,20250311002009,20250311001258
2025H1reg,클라우드·SW·빅데이터,노을,코스닥,20250311,4,6,"소프트웨어 개발 , 판매 및 유통업 | 인공지능 소프트웨어 개발, 판매 및 유통업 | 인공지능 의료영상 소프트웨어 개발, 판매 및 유통업 | 데이터 베이스 검색, 개발 및 판매업",중복 조문 삭제 조문 정비 실제 사업 현황 반영 및 현재 준비중이거나 향후 개발 가능성이 있는 사업영역 목적 사업 추가 조문 정비 조문 정비,https://kind.krx.co.kr/external/2025/03/11/002009/20250311004541/00591.htm,20250311002009,20250311001258
2025H1reg,바이오·헬스케어,노을,코스닥,20250311,2,6,"의료기기 개발, 제조 , 수리, 임대 및 판매업 | 인공지능 의료영상 소프트웨어 개발, 판매 및 유통업",중복 조문 삭제 조문 정비 실제 사업 현황 반영 및 현재 준비중이거나 향후 개발 가능성이 있는 사업영역 목적 사업 추가 조문 정비 조문 정비,https://kind.krx.co.kr/external/2025/03/11/002009/20250311004541/00591.htm,20250311002009,20250311001258
2025H1reg,바이오·헬스케어,아리바이오LAB,코스닥,20250311,4,5,"실험실용 및 진단용 시약 제조 및 도소매 | 의료기기 제조, 판매사업 | 의료용 소모성 자재 구매대행업 | 동물의약품 제조 및 도소매",사업목적 추가 (사업 목적 다각화),https://kind.krx.co.kr/external/2025/03/11/001907/20250311004360/00591.htm,20250311001907,20250311001192
2025H1reg,식품·농업·외식,다우기술,유가증권,20250311,1,2,가공식품 판매업,미영위 사업목적 삭제 및 순번 조정,https://kind.krx.co.kr/external/2025/03/11/001886/20250311004289/00591.htm,20250311001886,20250311001181
2025H1reg,투자·금융,다우기술,유가증권,20250311,1,2,금융상품판매대리중개업,미영위 사업목적 삭제 및 순번 조정,https://kind.krx.co.kr/external/2025/03/11/001886/20250311004289/00591.htm,20250311001886,20250311001181
2025H1reg,AI(인공지능),포톤,코스닥,20250311,1,11,"인공지능 (AI), 딥러닝, 행위기반 데이터 수집, 분석, 개발 및 기술정보 제공업",불필요한 사업 목적사항 정리,https://kind.krx.co.kr/external/2025/03/11/001796/20250311004093/00591.htm,20250311001796,20250311001127
2025H1reg,클라우드·SW·빅데이터,포톤,코스닥,20250311,3,11,"드론, 농기계, 자동차 등 모든 운행장비 부품 및 소프트웨어 개발, 제작 및 판매 | 자율주행차 관련 소프트웨어 개발과 기술정보제공 및 부품 개발업 | 블록체인 플랫폼, 보안솔루션 및 어플리케이션 개발 및 운영사업",불필요한 사업 목적사항 정리,https://kind.krx.co.kr/external/2025/03/11/001796/20250311004093/00591.htm,20250311001796,20250311001127
2025H1reg,반도체,포톤,코스닥,20250311,2,11,"전자부품, 반도체소자 설계 제조, 설계용역 및 교육서비스업 | 큐비트 방식을 적용한 태양광패널, 이미지센서, 반도체, 평판 디스플레이 및 관련제품, 부품의 연구개발 제조, 판매 및 수출입업",불필요한 사업 목적사항 정리,https://kind.krx.co.kr/external/2025/03/11/001796/20250311004093/00591.htm,20250311001796,20250311001127
2025H1reg,드론·UAM,포톤,코스닥,20250311,1,11,"드론, 농기계, 자동차 등 모든 운행장비 부품 및 소프트웨어 개발, 제작 및 판매",불필요한 사업 목적사항 정리,https://kind.krx.co.kr/external/2025/03/11/001796/20250311004093/00591.htm,20250311001796,20250311001127
2025H1reg,디지털자산·블록체인·STO(스테이블코인),포톤,코스닥,20250311,1,11,"블록체인 플랫폼, 보안솔루션 및 어플리케이션 개발 및 운영사업",불필요한 사업 목적사항 정리,https://kind.krx.co.kr/external/2025/03/11/001796/20250311004093/00591.htm,20250311001796,20250311001127
2025H1reg,바이오·헬스케어,포톤,코스닥,20250311,1,11,"큐비트 방식을 적용한 바이오, 메디컬 디바이스 및 시스템 개발 제조 판매업",불필요한 사업 목적사항 정리,https://kind.krx.co.kr/external/2025/03/11/001796/20250311004093/00591.htm,20250311001796,20250311001127
2025H1reg,신재생·에너지·전력,포톤,코스닥,20250311,1,11,"큐비트 방식을 적용한 태양광패널, 이미지센서, 반도체, 평판 디스플레이 및 관련제품, 부품의 연구개발 제조, 판매 및 수출입업",불필요한 사업 목적사항 정리,https://kind.krx.co.kr/external/2025/03/11/001796/20250311004093/00591.htm,20250311001796,20250311001127
2025H1reg,모빌리티·전기차·자율주행,포톤,코스닥,20250311,1,11,자율주행차 관련 소프트웨어 개발과 기술정보제공 및 부품 개발업,불필요한 사업 목적사항 정리,https://kind.krx.co.kr/external/2025/03/11/001796/20250311004093/00591.htm,20250311001796,20250311001127
2025H1reg,교육,포톤,코스닥,20250311,1,11,"전자부품, 반도체소자 설계 제조, 설계용역 및 교육서비스업",불필요한 사업 목적사항 정리,https://kind.krx.co.kr/external/2025/03/11/001796/20250311004093/00591.htm,20250311001796,20250311001127
2025H1reg,부동산·임대·건설,광림,코스닥,20250311,1,1,건설기계정비업,사업다각화,https://kind.krx.co.kr/external/2025/03/11/001551/20250311003631/00591.htm,20250311001551,20250311001009
2025H1reg,드론·UAM,벨로크,코스닥,20250311,1,1,안티드론 통합솔루션 제조 및 판매,사업다각화,https://kind.krx.co.kr/external/2025/03/11/001512/20250311003545/00591.htm,20250311001512,20250311000976
2025H1reg,클라우드·SW·빅데이터,이스트소프트,코스닥,20250311,1,5,이러닝콘텐츠 및 이러닝콘텐츠운용소프트웨어를 연구 · 개발 · 제작 · 수정 · 보관 · 전시 또는 유통하는 업,- 좌동(1.~20.) - 인공지능 기반 에듀테크 사업 추진 - 조문번호 수정(27.~36.),https://kind.krx.co.kr/external/2025/03/11/001498/20250311003516/00591.htm,20250311001498,20250311000969
2025H1reg,엔터·콘텐츠·게임,이스트소프트,코스닥,20250311,1,5,이러닝콘텐츠 및 이러닝콘텐츠운용소프트웨어를 연구 · 개발 · 제작 · 수정 · 보관 · 전시 또는 유통하는 업,- 좌동(1.~20.) - 인공지능 기반 에듀테크 사업 추진 - 조문번호 수정(27.~36.),https://kind.krx.co.kr/external/2025/03/11/001498/20250311003516/00591.htm,20250311001498,20250311000969
2025H1reg,2차전지·배터리,파워넷,코스닥,20250311,1,2,전기전자기기 배터리팩 유통 및 판매업,- 신사업부문 세부사업목적 추가,https://kind.krx.co.kr/external/2025/03/11/001467/20250311003450/00591.htm,20250311001467,20250311000945
2025H1reg,바이오·헬스케어,압타바이오,코스닥,20250311,1,2,"건강기능식품 제조, 가공, 판매, 유통업",건강기능식품 및 동물 관련 사업목적 추가,https://kind.krx.co.kr/external/2025/03/11/001464/20250311003446/00591.htm,20250311001464,20250311000943
2025H1reg,식품·농업·외식,압타바이오,코스닥,20250311,1,2,"건강기능식품 제조, 가공, 판매, 유통업",건강기능식품 및 동물 관련 사업목적 추가,https://kind.krx.co.kr/external/2025/03/11/001464/20250311003446/00591.htm,20250311001464,20250311000943
2025H1reg,화장품·뷰티,아이비김영,코스닥,20250311,3,5,화장품 제조업 | 화장품 수출입업 및 매매업 | 화장품 및 미용상품 매매업,사업영역 확대,https://kind.krx.co.kr/external/2025/03/11/001372/20250311003255/00591.htm,20250311001372,20250311000892
2025H1reg,교육,아이비김영,코스닥,20250311,1,5,학원운영업,사업영역 확대,https://kind.krx.co.kr/external/2025/03/11/001372/20250311003255/00591.htm,20250311001372,20250311000892
2025H1reg,AI(인공지능),멤레이비티,코스닥,20250311,2,3,AI를 이용한 데이터 처리용 컴퓨터 소프트웨어 개발 및 공급업 | AI 서비스형 플랫폼업,신규사업을 위한 사업목적 추가,https://kind.krx.co.kr/external/2025/03/11/001219/20250311003014/00591.htm,20250311001219,20250311000810
2025H1reg,클라우드·SW·빅데이터,멤레이비티,코스닥,20250311,3,3,AI를 이용한 데이터 처리용 컴퓨터 소프트웨어 개발 및 공급업 | 생체인식 시스템용 컴퓨터 소프트웨어 공급업 | AI 서비스형 플랫폼업,신규사업을 위한 사업목적 추가,https://kind.krx.co.kr/external/2025/03/11/001219/20250311003014/00591.htm,20250311001219,20250311000810
2025H1reg,부동산·임대·건설,알티캐스트,코스닥,20250311,3,13,실내건축공사업 | 토목건축공사업 | 주택건설업,사업목적의 정비,https://kind.krx.co.kr/external/2025/03/11/001108/20250311002803/00591.htm,20250311001108,20250311000748
2025H1reg,반도체,포인트엔지니어링,코스닥,20250311,2,2,"반도체 및 반도체 패키지 검사 부품의 제조, 판매업 | 반도체 수동소자 및 마이크로 금속부품 제조, 판매업",사업 영역 확대를 통한 수익구조 다각화 및 미영위 사업 목적 삭제,https://kind.krx.co.kr/external/2025/03/11/001076/20250311002748/00591.htm,20250311001076,20250311000732
2025H1reg,식품·농업·외식,에이치엘사이언스,코스닥,20250311,2,2,식품첨가물 제조 및 판매업 | 식품첨가물 도소매 및 수출입업,- 위탁생산품목 변경에 따른 사업목적 추가,https://kind.krx.co.kr/external/2025/03/11/000961/20250311002563/00591.htm,20250311000961,20250311000671
2025H1reg,AI(인공지능),데이터스트림즈,코넥스,20250311,1,14,AI기반 정보시스템 개발 및 용역,목적사항 추가,https://kind.krx.co.kr/external/2025/03/11/000876/20250311002393/00591.htm,20250311000876,20250311000614
2025H1reg,로봇,데이터스트림즈,코넥스,20250311,1,14,"로봇시스템 개발, 제조, 임대 및 도소매업",목적사항 추가,https://kind.krx.co.kr/external/2025/03/11/000876/20250311002393/00591.htm,20250311000876,20250311000614
2025H1reg,원전·원자력,데이터스트림즈,코넥스,20250311,1,14,초소형 원자력 모듈 및 시스템 개발 공급,목적사항 추가,https://kind.krx.co.kr/external/2025/03/11/000876/20250311002393/00591.htm,20250311000876,20250311000614
2025H1reg,우주항공,데이터스트림즈,코넥스,20250311,2,14,"항공기, 우주선 및 부품 제조업 | 국내외 항공운송업 및 항공기 사용사업",목적사항 추가,https://kind.krx.co.kr/external/2025/03/11/000876/20250311002393/00591.htm,20250311000876,20250311000614
2025H1reg,드론·UAM,데이터스트림즈,코넥스,20250311,1,14,"초경량 비행장치 및 UAM, 드론 등 사용사업",목적사항 추가,https://kind.krx.co.kr/external/2025/03/11/000876/20250311002393/00591.htm,20250311000876,20250311000614
2025H1reg,전자지급·결제(PG·선불),데이터스트림즈,코넥스,20250311,1,14,전자 자금결제 대행업 및 결제자금 예치업,목적사항 추가,https://kind.krx.co.kr/external/2025/03/11/000876/20250311002393/00591.htm,20250311000876,20250311000614
2025H1reg,바이오·헬스케어,풍국주정,코스닥,20250311,1,1,폐기물 재활용업,<목적 사항 추가> 사업목적의 다각화,https://kind.krx.co.kr/external/2025/03/11/000851/20250311002344/00591.htm,20250311000851,20250311000599
2025H1reg,탄소·환경,풍국주정,코스닥,20250311,1,1,폐기물 재활용업,<목적 사항 추가> 사업목적의 다각화,https://kind.krx.co.kr/external/2025/03/11/000851/20250311002344/00591.htm,20250311000851,20250311000599
2025H1reg,반도체,다원넥스뷰,코스닥,20250311,1,2,반도체 장비 제조 및 판매업,관련 사업 명문화,https://kind.krx.co.kr/external/2025/03/11/000785/20250311002204/00591.htm,20250311000785,20250311000551
2025H1reg,신재생·에너지·전력,오이솔루션,코스닥,20250311,1,1,태양광 발전업,신규 사업 진행을 위한 사업목적 추가,https://kind.krx.co.kr/external/2025/03/11/000770/20250311002153/00591.htm,20250311000770,20250311000539
2025H1reg,신재생·에너지·전력,케이엔에스,코스닥,20250311,1,1,태양광발전사업에 의한 전력 생산판매,사업영역 확장을 위한 사업목적 추가,https://kind.krx.co.kr/external/2025/03/11/000682/20250311001980/00591.htm,20250311000682,20250311000484
2025H1reg,로봇,전진건설로봇,유가증권,20250311,1,1,건설로봇 제조 및 판매업,사업목적 추가,https://kind.krx.co.kr/external/2025/03/11/000598/20250311001782/00591.htm,20250311000598,20250311000440
2025H1reg,부동산·임대·건설,전진건설로봇,유가증권,20250311,1,1,건설로봇 제조 및 판매업,사업목적 추가,https://kind.krx.co.kr/external/2025/03/11/000598/20250311001782/00591.htm,20250311000598,20250311000440
2025H1reg,클라우드·SW·빅데이터,라메디텍,코스닥,20250311,1,11,소프트웨어 개발 및 공급업,- 사업 목적 추가에 따른 번호 수정 / - 사업 목적의 변경 / - 사업 목적의 추가,https://kind.krx.co.kr/external/2025/03/11/000567/20250311001695/00591.htm,20250311000567,20250311000421
2025H1reg,바이오·헬스케어,라메디텍,코스닥,20250311,4,11,"의료기기 제조 및 판매업 | 의료기기 도,소매업 | 의료기기 및 관련용품 무역업 | 건강보조식품 및 건강기능식품 제조, 유통, 판매",- 사업 목적 추가에 따른 번호 수정 / - 사업 목적의 변경 / - 사업 목적의 추가,https://kind.krx.co.kr/external/2025/03/11/000567/20250311001695/00591.htm,20250311000567,20250311000421
2025H1reg,부동산·임대·건설,라메디텍,코스닥,20250311,1,11,부동산 매매 및 임대업,- 사업 목적 추가에 따른 번호 수정 / - 사업 목적의 변경 / - 사업 목적의 추가,https://kind.krx.co.kr/external/2025/03/11/000567/20250311001695/00591.htm,20250311000567,20250311000421
2025H1reg,화장품·뷰티,라메디텍,코스닥,20250311,2,11,"미용실, 탈모 및 피부관리실, 헬스클럽 경영 | 미용상담 및 미용정보제공업",- 사업 목적 추가에 따른 번호 수정 / - 사업 목적의 변경 / - 사업 목적의 추가,https://kind.krx.co.kr/external/2025/03/11/000567/20250311001695/00591.htm,20250311000567,20250311000421
2025H1reg,식품·농업·외식,라메디텍,코스닥,20250311,1,11,"건강보조식품 및 건강기능식품 제조, 유통, 판매",- 사업 목적 추가에 따른 번호 수정 / - 사업 목적의 변경 / - 사업 목적의 추가,https://kind.krx.co.kr/external/2025/03/11/000567/20250311001695/00591.htm,20250311000567,20250311000421
2025H1reg,화장품·뷰티,팬엔터테인먼트,코스닥,20250311,1,3,화장품 제조 및 유통업,사업의 다각화,https://kind.krx.co.kr/external/2025/03/11/000559/20250311001681/00591.htm,20250311000559,20250311000414
2025H1reg,클라우드·SW·빅데이터,동원F&B,유가증권,20250311,2,17,"데이터베이스 및 온라인정보 제공업 | 소프트웨어 자문, 개발 및 공급업",목적사업 추가,https://kind.krx.co.kr/external/2025/03/11/000538/20250311001622/00591.htm,20250311000538,20250311000398
2025H1reg,반려동물(펫),동원F&B,유가증권,20250311,1,17,"애완동물 관련 용품(사료포함) 판매, 유통업",목적사업 추가,https://kind.krx.co.kr/external/2025/03/11/000538/20250311001622/00591.htm,20250311000538,20250311000398
2025H1reg,엔터·콘텐츠·게임,동원F&B,유가증권,20250311,1,17,인터넷 콘텐츠 개발 및 공급업,목적사업 추가,https://kind.krx.co.kr/external/2025/03/11/000538/20250311001622/00591.htm,20250311000538,20250311000398
2025H1reg,식품·농업·외식,동원F&B,유가증권,20250311,1,17,식품가공 및 의류봉제 판매업,목적사업 추가,https://kind.krx.co.kr/external/2025/03/11/000538/20250311001622/00591.htm,20250311000538,20250311000398
2025H1reg,신재생·에너지·전력,현대에이치티,코스닥,20250311,1,4,"전기차 충전시설 신규,교체 설치 및 유지보수",사업목적사항 추가 조항신설(27) 조항신설(28) 조항신설(29) 조항신설(30) 조항변경(27)→(31),https://kind.krx.co.kr/external/2025/03/11/000518/20250311001558/00591.htm,20250311000518,20250311000380
2025H1reg,모빌리티·전기차·자율주행,현대에이치티,코스닥,20250311,1,4,"전기차 충전시설 신규,교체 설치 및 유지보수",사업목적사항 추가 조항신설(27) 조항신설(28) 조항신설(29) 조항신설(30) 조항변경(27)→(31),https://kind.krx.co.kr/external/2025/03/11/000518/20250311001558/00591.htm,20250311000518,20250311000380
2025H1reg,바이오·헬스케어,지엘팜텍,코스닥,20250311,2,3,"의약품 마케팅 대행업 | 건강식품, 건강보조식품, 건강기능식품의 도소매, 판매 유통업",- 기존 사업목적의 구체화 - 신규사업 추진을 위하여 사업목적 내용 추가,https://kind.krx.co.kr/external/2025/03/11/000427/20250311001388/00591.htm,20250311000427,20250311000331
2025H1reg,식품·농업·외식,지엘팜텍,코스닥,20250311,1,3,"건강식품, 건강보조식품, 건강기능식품의 도소매, 판매 유통업",- 기존 사업목적의 구체화 - 신규사업 추진을 위하여 사업목적 내용 추가,https://kind.krx.co.kr/external/2025/03/11/000427/20250311001388/00591.htm,20250311000427,20250311000331
2025H1reg,부동산·임대·건설,필에너지,코스닥,20250311,1,3,부동산 개발 및 임대업,사업 목적 추가,https://kind.krx.co.kr/external/2025/03/11/000415/20250311001334/00591.htm,20250311000415,20250311000320
2025H1reg,식품·농업·외식,오에스피,코스닥,20250311,1,1,"가공식품, 식품첨가물 도소매 업",- 기존사업의 확장,https://kind.krx.co.kr/external/2025/03/11/000388/20250311001236/00591.htm,20250311000388,20250311000302
2025H1reg,클라우드·SW·빅데이터,PS일렉트로닉스,코스닥,20250311,1,8,"소프트웨어제품 개발,판매 및 공급업",사업목적추가,https://kind.krx.co.kr/external/2025/03/11/000383/20250311001223/00591.htm,20250311000383,20250311000297
2025H1reg,로봇,세림B&G,코스닥,20250311,1,4,로봇청소기 판매업,목적사업추가,https://kind.krx.co.kr/external/2025/03/11/000382/20250311001222/00591.htm,20250311000382,20250311000295
2025H1reg,신재생·에너지·전력,세림B&G,코스닥,20250311,1,4,태양광 발전업,목적사업추가,https://kind.krx.co.kr/external/2025/03/11/000382/20250311001222/00591.htm,20250311000382,20250311000295
2025H1reg,탄소·환경,세림B&G,코스닥,20250311,1,4,친환경 생분해성 제품의 제조 및 판매업,목적사업추가,https://kind.krx.co.kr/external/2025/03/11/000382/20250311001222/00591.htm,20250311000382,20250311000295
2025H1reg,클라우드·SW·빅데이터,에코심플렉스,코스닥,20250311,2,4,소프트웨어 자문 및 개발 | 데이터베이스 개발 및 판매,사업목적 변경 (사업다각화를 위한 목적 추가),https://kind.krx.co.kr/external/2025/03/11/000276/20250311000902/00591.htm,20250311000276,20250311000207
2025H1reg,부동산·임대·건설,경창산업,코스닥,20250311,1,1,부동산 임대업,부동산 임대업 추가,https://kind.krx.co.kr/external/2025/03/11/000213/20250311000728/00591.htm,20250311000213,20250311000162
2025H1reg,신재생·에너지·전력,LS에코에너지,유가증권,20250311,1,1,"해상풍력 및 에너지 관련 사업 투자 및 운영, 기술개발 사업",신규사업 추가,https://kind.krx.co.kr/external/2025/03/11/000199/20250311000693/00591.htm,20250311000199,20250311000150
2025H1reg,신재생·에너지·전력,하츠,코스닥,20250311,1,1,태양광발전업,에너지 경영시스템 도입,https://kind.krx.co.kr/external/2025/03/11/000188/20250311000656/00591.htm,20250311000188,20250311000142
2025H1reg,바이오·헬스케어,신신제약,코스닥,20250311,1,2,"식품, 건강기능식품, 식품 첨가물 제조 및 판매업",- 사업목적 확장 - 사업영역 확장 - 조항조정,https://kind.krx.co.kr/external/2025/03/11/000141/20250311000476/00591.htm,20250311000141,20250311000091
2025H1reg,식품·농업·외식,신신제약,코스닥,20250311,1,2,"식품, 건강기능식품, 식품 첨가물 제조 및 판매업",- 사업목적 확장 - 사업영역 확장 - 조항조정,https://kind.krx.co.kr/external/2025/03/11/000141/20250311000476/00591.htm,20250311000141,20250311000091
2025H1reg,식품·농업·외식,콜마비앤에이치,코스닥,20250310,1,2,"시설작물 재배업, 농작물 재배 및 도소매 판매업 및 농수산물 판매업",8. 사업목적 추가에 따른 문구 수정 매출 확대에 따른 업종 추가,https://kind.krx.co.kr/external/2025/03/10/001377/20250310003247/00591.htm,20250310001377,20250310000971
2025H1reg,클라우드·SW·빅데이터,이노스페이스,코스닥,20250310,1,5,"응용 및 시스템 소프트웨어 개발, 판매 및 공급업",□ 향후 영위할 사업 목적 추가,https://kind.krx.co.kr/external/2025/03/10/001138/20250310002779/00591.htm,20250310001138,20250310000820
2025H1reg,우주항공,이노스페이스,코스닥,20250310,2,5,"위성체 및 동 부분품에 대한 개발,제조,판매,서비스업 | 발사체, 항공기, 우주비행체와 관련 전기,전자, 엔진, 기계류 및 소재류 (복합재료, 유/무기재료, 금속제품 등)의 제조, 가공, 조립, 재생, 개조, 정비, 판매 및 서비스업",□ 향후 영위할 사업 목적 추가,https://kind.krx.co.kr/external/2025/03/10/001138/20250310002779/00591.htm,20250310001138,20250310000820
2025H1reg,부동산·임대·건설,이노스페이스,코스닥,20250310,1,5,부동산업,□ 향후 영위할 사업 목적 추가,https://kind.krx.co.kr/external/2025/03/10/001138/20250310002779/00591.htm,20250310001138,20250310000820
2025H1reg,바이오·헬스케어,CSA 코스믹,코스닥,20250310,1,1,의료기기 제조 및 판매,사업목적 추가,https://kind.krx.co.kr/external/2025/03/10/001059/20250310002618/00591.htm,20250310001059,20250310000774
2025H1reg,클라우드·SW·빅데이터,옴니시스템,코스닥,20250310,1,11,"지능형 전력량계, 지능형 계량시스템, 지능형원격검침용 모뎀, 데이터 처리장치 검침 시스템 등의 개발 ㆍ 판매 ㆍ 유통 및 유지관리 서비스업",신규사업 추진에 따른 사업목적 추가 및 기존영위사업에 대한 정관상 사업목적범위 명문화 전기차충전기 (36.~40.) 변압기등 (41.) ESS O&M (42.) SWM(43.~44.) EMS(45.),https://kind.krx.co.kr/external/2025/03/10/001055/20250310002612/00591.htm,20250310001055,20250310000771
2025H1reg,2차전지·배터리,옴니시스템,코스닥,20250310,1,11,에너지저장장치 조립 ㆍ 개발 ㆍ 판매 ㆍ 유통 ㆍ 유지관리 서비스업,신규사업 추진에 따른 사업목적 추가 및 기존영위사업에 대한 정관상 사업목적범위 명문화 전기차충전기 (36.~40.) 변압기등 (41.) ESS O&M (42.) SWM(43.~44.) EMS(45.),https://kind.krx.co.kr/external/2025/03/10/001055/20250310002612/00591.htm,20250310001055,20250310000771
2025H1reg,신재생·에너지·전력,옴니시스템,코스닥,20250310,3,11,"전력거래사업자 | 발전설비, 변압기, 변전설비, 전력시스템의 제조 ㆍ 시공 ㆍ 판매 ㆍ 운영 ㆍ 수리업 | 지능형 전력량계, 지능형 계량시스템, 지능형원격검침용 모뎀, 데이터 처리장치 검침 시스템 등의 개발 ㆍ 판매 ㆍ 유통 및 유지관리 서비스업",신규사업 추진에 따른 사업목적 추가 및 기존영위사업에 대한 정관상 사업목적범위 명문화 전기차충전기 (36.~40.) 변압기등 (41.) ESS O&M (42.) SWM(43.~44.) EMS(45.),https://kind.krx.co.kr/external/2025/03/10/001055/20250310002612/00591.htm,20250310001055,20250310000771
2025H1reg,모빌리티·전기차·자율주행,옴니시스템,코스닥,20250310,4,11,"전기자동차 충전기 관련 제품의 개발ㆍ제조 ㆍ 판매 ㆍ 유통 및 유지관리 서비스업 | 전기자동차 충전기 및 충전인프라 사업 | 전기자동차 충전소기 및 충전시스템 설치시공, 관련장비의 제조 및 판매 | 전기자동차 충전기 운영 및 관리 위탁 서비스업",신규사업 추진에 따른 사업목적 추가 및 기존영위사업에 대한 정관상 사업목적범위 명문화 전기차충전기 (36.~40.) 변압기등 (41.) ESS O&M (42.) SWM(43.~44.) EMS(45.),https://kind.krx.co.kr/external/2025/03/10/001055/20250310002612/00591.htm,20250310001055,20250310000771
2025H1reg,신재생·에너지·전력,진영,코스닥,20250310,2,3,"국내 및 해외 태양광 발전소 개발, 매매, 설계, 공사, 임대, 조달, 공사 및 운영업 | 신재생에너지 관련분야의 제조설비, 설계, 제작설치, 시공, 판매업",사업목적 추가,https://kind.krx.co.kr/external/2025/03/10/000947/20250310002433/00591.htm,20250310000947,20250310000713
2025H1reg,부동산·임대·건설,알톤,코스닥,20250310,1,1,"부동산 매매, 임대ㆍ전대 및 관리업",사업목적 추가,https://kind.krx.co.kr/external/2025/03/10/000937/20250310002403/00591.htm,20250310000937,20250310000702
2025H1reg,바이오·헬스케어,유유제약,유가증권,20250310,1,1,"동물의약품 등(동물의약외품, 의약외품, 건강기능식품 등)의 제조,판매업",사업목적 추가,https://kind.krx.co.kr/external/2025/03/10/000708/20250310001950/00591.htm,20250310000708,20250310000551
2025H1reg,식품·농업·외식,유유제약,유가증권,20250310,1,1,"동물의약품 등(동물의약외품, 의약외품, 건강기능식품 등)의 제조,판매업",사업목적 추가,https://kind.krx.co.kr/external/2025/03/10/000708/20250310001950/00591.htm,20250310000708,20250310000551
2025H1reg,부동산·임대·건설,제일연마,유가증권,20250310,1,8,부동산임대업,사업 목적 추가 및 자구 수정,https://kind.krx.co.kr/external/2025/03/10/000688/20250310001912/00591.htm,20250310000688,20250310000535
2025H1reg,AI(인공지능),씨이랩,코스닥,20250310,1,4,AI데이터센터 임대 및 운영업,사업목적추가,https://kind.krx.co.kr/external/2025/03/10/000567/20250310001652/00591.htm,20250310000567,20250310000447
2025H1reg,데이터센터,씨이랩,코스닥,20250310,1,4,AI데이터센터 임대 및 운영업,사업목적추가,https://kind.krx.co.kr/external/2025/03/10/000567/20250310001652/00591.htm,20250310000567,20250310000447
2025H1reg,바이오·헬스케어,씨이랩,코스닥,20250310,1,4,"디지털 헬스케어 및 의료기기의 연구개발, 제조, 판매, 임대, 유지보수, 수출입 및 서비스업",사업목적추가,https://kind.krx.co.kr/external/2025/03/10/000567/20250310001652/00591.htm,20250310000567,20250310000447
2025H1reg,부동산·임대·건설,필옵틱스,코스닥,20250310,1,2,부동산 개발 및 임대업,협력업체 사업장 임대 및 관련 분양 등을 위한 사업목적추가,https://kind.krx.co.kr/external/2025/03/10/000360/20250310001146/00591.htm,20250310000360,20250310000332
2025H1reg,신재생·에너지·전력,가온전선,유가증권,20250310,2,2,태양광발전업 | 해상풍력 및 에너지 관련 사업 투자 및 운영 기술개발 사업,태양광발전업 업종추가 / 해상풍력 유관사업 사업목적 추가,https://kind.krx.co.kr/external/2025/03/10/000324/20250310001069/00591.htm,20250310000324,20250310000300
2025H1reg,바이오·헬스케어,깨끗한나라,유가증권,20250310,1,4,펫 건강기능식품 제조 유통 판매업,사업다각화를위한 사업목적추가,https://kind.krx.co.kr/external/2025/03/10/000321/20250310001063/00591.htm,20250310000321,20250310000297
2025H1reg,반려동물(펫),깨끗한나라,유가증권,20250310,1,4,펫 건강기능식품 제조 유통 판매업,사업다각화를위한 사업목적추가,https://kind.krx.co.kr/external/2025/03/10/000321/20250310001063/00591.htm,20250310000321,20250310000297
2025H1reg,식품·농업·외식,깨끗한나라,유가증권,20250310,2,4,"식품유통 도,소매 및 수출입업 | 펫 건강기능식품 제조 유통 판매업",사업다각화를위한 사업목적추가,https://kind.krx.co.kr/external/2025/03/10/000321/20250310001063/00591.htm,20250310000321,20250310000297
2025H1reg,클라우드·SW·빅데이터,슈프리마,코스닥,20250310,1,3,소프트웨어 개발 및 공급업,영세율 적용절차 간소화 목적,https://kind.krx.co.kr/external/2025/03/10/000221/20250310000759/00591.htm,20250310000221,20250310000200
2025H1reg,바이오·헬스케어,멕아이씨에스,코스닥,20250310,1,1,의료용품 및 기타의약 관련제품 제조업,기타제조매출 확보를 위한 사업확장 목적,https://kind.krx.co.kr/external/2025/03/10/000082/20250310000252/00591.htm,20250310000082,20250310000063
2025H1reg,부동산·임대·건설,삼영에스앤씨,코스닥,20250307,1,4,부동산 매매 및 임대업,신규사업 확장을 위한 조항 추가 및 미추진 사업목적 삭제,https://kind.krx.co.kr/external/2025/03/07/001347/20250307003170/00591.htm,20250307001347,20250307001122
2025H1reg,로봇,넥사다이내믹스,코스닥,20250307,1,5,산업용 로봇 제조업,사업목적 추가,https://kind.krx.co.kr/external/2025/03/07/001320/20250307003102/00591.htm,20250307001320,20250307001104
2025H1reg,화장품·뷰티,넥사다이내믹스,코스닥,20250307,2,5,화장품 도·소매업 | 화장품 제조·판매업,사업목적 추가,https://kind.krx.co.kr/external/2025/03/07/001320/20250307003102/00591.htm,20250307001320,20250307001104
2025H1reg,바이오·헬스케어,티앤엘,코스닥,20250307,4,7,의약품 제조 및 판매업 | 의료용 물질 제조 및 판매업 | 동물용 의약품 제조 및 판매업 | 동물용 의료용 제품 제조 및 판매업,사업목적 추가,https://kind.krx.co.kr/external/2025/03/07/001038/20250307002541/00591.htm,20250307001038,20250307000921
2025H1reg,신재생·에너지·전력,티앤엘,코스닥,20250307,1,7,발전업,사업목적 추가,https://kind.krx.co.kr/external/2025/03/07/001038/20250307002541/00591.htm,20250307001038,20250307000921
2025H1reg,화장품·뷰티,티앤엘,코스닥,20250307,1,7,동물용 화장품 제조 및 판매업,사업목적 추가,https://kind.krx.co.kr/external/2025/03/07/001038/20250307002541/00591.htm,20250307001038,20250307000921
2025H1reg,식품·농업·외식,KX,코스닥,20250307,2,6,"농수산물, 축산물 도소매업 | 농수산물, 축산물 관계 기기 등의 수입판매 및 서비스업",신규사업 관련 목적 추가,https://kind.krx.co.kr/external/2025/03/07/000924/20250307002285/00591.htm,20250307000924,20250307000833
2025H1reg,바이오·헬스케어,제이에스티나,코스닥,20250307,1,2,"건강기능식품, 건강보조식품의 개발, 제조, 판매 및 수출입업",- 사업다각화를 위한 사업목적 추가 - 조문번호 변경,https://kind.krx.co.kr/external/2025/03/07/000923/20250307002284/00591.htm,20250307000923,20250307000831
2025H1reg,식품·농업·외식,제이에스티나,코스닥,20250307,2,2,"건강기능식품, 건강보조식품의 개발, 제조, 판매 및 수출입업 | 일반식품 제조, 판매 및 수출입업",- 사업다각화를 위한 사업목적 추가 - 조문번호 변경,https://kind.krx.co.kr/external/2025/03/07/000923/20250307002284/00591.htm,20250307000923,20250307000831
2025H1reg,신재생·에너지·전력,LS머트리얼즈,코스닥,20250307,1,1,"해상풍력 및 에너지 관련 사업 투자 및 운영, 기술개발 사업",신규 사업 목적 추가,https://kind.krx.co.kr/external/2025/03/07/000916/20250307002277/00591.htm,20250307000916,20250307000829
2025H1reg,바이오·헬스케어,츌립앤사이언스,코스닥,20250307,4,9,"의약품 비임상 및 임상시험 분석 서비스 | 의약품 개발 및 도·소매, 수출입업 | 의료기기, 의약외품, 연구장비 등 개발 및 제조, 도·소매, 수출입업 | 건강기능식품 도·소매, 수출입업",신규사업부문 목적 추가,https://kind.krx.co.kr/external/2025/03/07/000839/20250307002147/00591.htm,20250307000839,20250307000764
2025H1reg,화장품·뷰티,츌립앤사이언스,코스닥,20250307,1,9,"화장품 도·소매, 수출입업",신규사업부문 목적 추가,https://kind.krx.co.kr/external/2025/03/07/000839/20250307002147/00591.htm,20250307000839,20250307000764
2025H1reg,식품·농업·외식,츌립앤사이언스,코스닥,20250307,1,9,"건강기능식품 도·소매, 수출입업",신규사업부문 목적 추가,https://kind.krx.co.kr/external/2025/03/07/000839/20250307002147/00591.htm,20250307000839,20250307000764
2025H1reg,바이오·헬스케어,샤페론,코스닥,20250307,1,3,"동물용의약품 등 제조, 판매 및 중개업",사업 영역 확장,https://kind.krx.co.kr/external/2025/03/07/000616/20250307001702/00591.htm,20250307000616,20250307000569
2025H1reg,화장품·뷰티,샤페론,코스닥,20250307,2,3,"화장품의 제조, 판매 및 중개업 | 화장품 원료의 제조, 판매 및 중개업",사업 영역 확장,https://kind.krx.co.kr/external/2025/03/07/000616/20250307001702/00591.htm,20250307000616,20250307000569
2025H1reg,신재생·에너지·전력,광진실업,코스닥,20250307,1,2,태양광 발전사업,신규사업 진행을 위한 사업목적 추가 회사 공고방법 변경,https://kind.krx.co.kr/external/2025/03/07/000233/20250307000738/00591.htm,20250307000233,20250307000255
2025H1reg,부동산·임대·건설,우진엔텍,코스닥,20250307,1,2,금속창호·지붕건축물조립공사업,사업 목적 추가 (2-1호 의안),https://kind.krx.co.kr/external/2025/03/07/000058/20250307000154/00591.htm,20250307000058,20250307000043
2025H1reg,바이오·헬스케어,이수앱지스,코스닥,20250306,1,3,"건강식품, 건강기능식품 및 기타 식품 제조, 판매 및 수출입업","[경영상의 선택] l 기존 사업이 의약품에 국한되어 있어 당사 수익사업에 대한 권리능력에 과도한 제한이 있어서, 목적사업을 추가",https://kind.krx.co.kr/external/2025/03/06/001127/20250306002614/00591.htm,20250306001127,20250306000645
2025H1reg,부동산·임대·건설,이수앱지스,코스닥,20250306,1,3,"부동산 매매, 임대 및 개발업","[경영상의 선택] l 기존 사업이 의약품에 국한되어 있어 당사 수익사업에 대한 권리능력에 과도한 제한이 있어서, 목적사업을 추가",https://kind.krx.co.kr/external/2025/03/06/001127/20250306002614/00591.htm,20250306001127,20250306000645
2025H1reg,식품·농업·외식,이수앱지스,코스닥,20250306,1,3,"건강식품, 건강기능식품 및 기타 식품 제조, 판매 및 수출입업","[경영상의 선택] l 기존 사업이 의약품에 국한되어 있어 당사 수익사업에 대한 권리능력에 과도한 제한이 있어서, 목적사업을 추가",https://kind.krx.co.kr/external/2025/03/06/001127/20250306002614/00591.htm,20250306001127,20250306000645
2025H1reg,바이오·헬스케어,핑거스토리,코스닥,20250306,3,13,"의료기기 판매업 | 건강기능식품 제조, 판매 및 수출입업 | 의약품, 원료의약품, 의약외품, 의료용구 등의 제조, 가공, 판매와 소분 매매",모회사와의 사업시너지 확대,https://kind.krx.co.kr/external/2025/03/06/000696/20250306001770/00591.htm,20250306000696,20250306000385
2025H1reg,부동산·임대·건설,핑거스토리,코스닥,20250306,1,13,"부동산 시행, 분양, 분양대행, 회원모집, 매매, 임대업",모회사와의 사업시너지 확대,https://kind.krx.co.kr/external/2025/03/06/000696/20250306001770/00591.htm,20250306000696,20250306000385
2025H1reg,화장품·뷰티,핑거스토리,코스닥,20250306,5,13,각종 화장품 도.소매업 | 각종 화장품 제조 및 판매 | 화장품 원부자재 도소매업 | 화장품 소재 및 첨가물 제조업 | 미용기기 도.소매업,모회사와의 사업시너지 확대,https://kind.krx.co.kr/external/2025/03/06/000696/20250306001770/00591.htm,20250306000696,20250306000385
2025H1reg,식품·농업·외식,핑거스토리,코스닥,20250306,2,13,"건강식품 제조, 판매 및 수출입업 | 건강기능식품 제조, 판매 및 수출입업",모회사와의 사업시너지 확대,https://kind.krx.co.kr/external/2025/03/06/000696/20250306001770/00591.htm,20250306000696,20250306000385
2025H1reg,2차전지·배터리,블루콤,코스닥,20250306,1,1,2차전지 부품 및 소재 제조업,사업 다각화,https://kind.krx.co.kr/external/2025/03/06/000569/20250306001490/00591.htm,20250306000569,20250306000318
2025H1reg,신재생·에너지·전력,삼익THK,유가증권,20250306,1,1,태양광 발전사업 및 전기생산 판매업,- 신규사업 추진을 위한 사업목적 추가,https://kind.krx.co.kr/external/2025/03/06/000545/20250306001435/00591.htm,20250306000545,20250306000305
2025H1reg,바이오·헬스케어,페니트리움바이오,코스닥,20250305,1,1,"핵산이 포함된 마이크로 니들 패치 제품의 제조 및 판매 18 의약품, 의료기기 등 관련 연구 및 개발업",목적사업추가,https://kind.krx.co.kr/external/2025/03/05/000960/20250305002548/00591.htm,20250305000960,20250305000638
2025H1reg,신재생·에너지·전력,율촌,코스닥,20250305,1,1,태양광 발전 및 전기 판매업,신규사업을 위한 목적 추가 코스닥상장법인 표준정관반영,https://kind.krx.co.kr/external/2025/03/05/000864/20250305002311/00591.htm,20250305000864,20250305000572
2025H1reg,2차전지·배터리,일진다이아,유가증권,20250305,1,1,이차 전지 소재의 제조 및 판매업,음극재 관련 소재 산업 신규사업 추진을 위한 목적사업 정비,https://kind.krx.co.kr/external/2025/03/05/000818/20250305002190/00591.htm,20250305000818,20250305000543
2025H1reg,클라우드·SW·빅데이터,HLB테라퓨틱스,코스닥,20250305,1,8,응용 소프트웨어 개발 및 공급업,- 사업의 확장 계획에 따른 사업목적 추가,https://kind.krx.co.kr/external/2025/03/05/000711/20250305001939/00591.htm,20250305000711,20250305000468
2025H1reg,바이오·헬스케어,MH에탄올,유가증권,20250305,1,3,바이오 발전사업 및 전기판매업 제 43 조의 2 (분기배당),목적사업 추가 - 주주의 배당예측가능성 제고를 위하여분기배당 기준일을 배당결정일 이후의날로 정할 수 있도록 개정된 자본시장법제165조의12(2025.1.21.시행)에 맞추어 문구를 수정. - 분기배당을 결정하는 이사회 결의 시 배당기준일을 정하는 경우를 상정하여 그 절,https://kind.krx.co.kr/external/2025/03/05/000624/20250305001740/00591.htm,20250305000624,20250305000410
2025H1reg,신재생·에너지·전력,MH에탄올,유가증권,20250305,1,3,바이오 발전사업 및 전기판매업 제 43 조의 2 (분기배당),목적사업 추가 - 주주의 배당예측가능성 제고를 위하여분기배당 기준일을 배당결정일 이후의날로 정할 수 있도록 개정된 자본시장법제165조의12(2025.1.21.시행)에 맞추어 문구를 수정. - 분기배당을 결정하는 이사회 결의 시 배당기준일을 정하는 경우를 상정하여 그 절,https://kind.krx.co.kr/external/2025/03/05/000624/20250305001740/00591.htm,20250305000624,20250305000410
2025H1reg,부동산·임대·건설,케이탑리츠,유가증권,20250305,5,11,"부동산 | 부동산개발사업 | 지상권, 임차권 등 부동산 사용에 관한 권리 | 신탁이 종료된 때에 신탁재산 전부가 수익자에게 귀속하는 부동산 신탁 수익권 | 부동산투자회사법 제2조 제4호에 따른 부동산개발사업을 목적으로 하는 법인 등 동법 시행령으로 정하는 자에 대하여 부동산에 대한 담보권 설정 등 동법 시행령으로 정한 방법에 따른 대출, 예치",-자구 수정 및 대부업 등록에 따른 사업 목적 추가,https://kind.krx.co.kr/external/2025/03/05/000530/20250305001524/00591.htm,20250305000530,20250305000361
2025H1reg,투자·금융,케이탑리츠,유가증권,20250305,1,11,"회사는 「대부업 등의 등록 및 금융이용자 보호에 관한 법률」에 따른 대부채권매입추심업을 할 수 있다. 단, 해당 업무는 제1항 제1.5호의 '채권'을 제2항 제2.1호의 방법으로 투자·운용하는 범위 내에 한한다",-자구 수정 및 대부업 등록에 따른 사업 목적 추가,https://kind.krx.co.kr/external/2025/03/05/000530/20250305001524/00591.htm,20250305000530,20250305000361
2025H1reg,부동산·임대·건설,큐알티,코스닥,20250305,1,5,부동산 매매업,장비판매를 위한 사업목적추가 추가정관 규정에 의거한 단기금융상품운용을위한 관련 사업목적 추가 등,https://kind.krx.co.kr/external/2025/03/05/000339/20250305001086/00591.htm,20250305000339,20250305000268
2025H1reg,투자·금융,큐알티,코스닥,20250305,1,5,여유자금을 금융기관의 각종 금융상품(채권·주식 및 펀드투자 등 포함)으로 예치하여 운영하는 사업,장비판매를 위한 사업목적추가 추가정관 규정에 의거한 단기금융상품운용을위한 관련 사업목적 추가 등,https://kind.krx.co.kr/external/2025/03/05/000339/20250305001086/00591.htm,20250305000339,20250305000268
2025H1reg,AI(인공지능),비트컴퓨터,코스닥,20250305,1,8,"인공지능기반솔루션개발, 판매 및 관련서비스업","경영환경변화에 대비하고, 신규사업을 위한 사업목적 추가 각 호 조문번호 정정 / 사업목적 정비 및 사업목적구체화를 위한 변경 각 호 조문번호 정정 / 사업목적 중복 및 미영위사업 삭제",https://kind.krx.co.kr/external/2025/03/05/000327/20250305001032/00591.htm,20250305000327,20250305000257
2025H1reg,부동산·임대·건설,비트컴퓨터,코스닥,20250305,1,8,부동산 임대업 및 건물관리업,"경영환경변화에 대비하고, 신규사업을 위한 사업목적 추가 각 호 조문번호 정정 / 사업목적 정비 및 사업목적구체화를 위한 변경 각 호 조문번호 정정 / 사업목적 중복 및 미영위사업 삭제",https://kind.krx.co.kr/external/2025/03/05/000327/20250305001032/00591.htm,20250305000327,20250305000257
2025H1reg,교육,비트컴퓨터,코스닥,20250305,2,8,컴퓨터학원 운영업 및 아이티(IT)교육사업 | 평생교육원,"경영환경변화에 대비하고, 신규사업을 위한 사업목적 추가 각 호 조문번호 정정 / 사업목적 정비 및 사업목적구체화를 위한 변경 각 호 조문번호 정정 / 사업목적 중복 및 미영위사업 삭제",https://kind.krx.co.kr/external/2025/03/05/000327/20250305001032/00591.htm,20250305000327,20250305000257
2025H1reg,바이오·헬스케어,딥노이드,코스닥,20250305,10,13,"의료기기 판매 및 수출입업 | 의료기기, 생명과학 및 헬스케어에 관련된 투자 및 공동사업운영 | 병원 경영지원사업(MSO) | 병원시스템 통합구축서비스의 개발, 제작 및 판매업 | 의료디지털콘텐츠의 개발, 제작 및 판매업 | 의료용 진단사업 | 의료기기 및 기계장치 임대업 | 의료 디지털컨텐츠의 개발, 제작 및 판매업 | 원격의료관련 시스템 구축 및 서비스업 | 원격의료관련 시스템 연구개발에 따른 국내외에서의 지적재산권 획득 및 이전",추진중인 사업 반영을 위한 사업 목적 추가,https://kind.krx.co.kr/external/2025/03/05/000206/20250305000673/00591.htm,20250305000206,20250305000139
2025H1reg,엔터·콘텐츠·게임,딥노이드,코스닥,20250305,2,13,"의료디지털콘텐츠의 개발, 제작 및 판매업 | 의료 디지털컨텐츠의 개발, 제작 및 판매업",추진중인 사업 반영을 위한 사업 목적 추가,https://kind.krx.co.kr/external/2025/03/05/000206/20250305000673/00591.htm,20250305000206,20250305000139
2025H1reg,모빌리티·전기차·자율주행,캐프,코스닥,20250305,2,6,자동차 부품 제조 및 판매업 | 자동차 부품 수입 및 판매업,사업영역의 확대,https://kind.krx.co.kr/external/2025/03/05/000159/20250305000533/00591.htm,20250305000159,20250305000092
2025H1reg,AI(인공지능),케이티스카이라이프,유가증권,20250304,1,4,"인공지능 등 첨단기술을 활용한 정보통신업 및 관련 장비의 판매, 임대, 용역서비스 제공업",AI 스포츠 사업 관련 목적사업 추가 및 일부 문구변경,https://kind.krx.co.kr/external/2025/03/04/001100/20250304002643/00591.htm,20250304001100,20250304000696
2025H1reg,엔터·콘텐츠·게임,케이티스카이라이프,유가증권,20250304,1,4,"컨텐츠 제작, 유통 및 판매 등",AI 스포츠 사업 관련 목적사업 추가 및 일부 문구변경,https://kind.krx.co.kr/external/2025/03/04/001100/20250304002643/00591.htm,20250304001100,20250304000696
2025H1reg,신재생·에너지·전력,한솔홈데코,유가증권,20250304,1,1,"태양광 발전 설비 제조, 판매 등 태양광 관련 사업",벽장재 및 태양광 패널 판매 등을 위한 사업목적 추가,https://kind.krx.co.kr/external/2025/03/04/000856/20250304002108/00591.htm,20250304000856,20250304000561
2025H1reg,2차전지·배터리,파인텍,코스닥,20250304,2,13,이차전지 제조공정용 자동화 장비 제조업 | 리튬이온전지 부품제조업,사업 목적 정비를 통한 신규사업 및 기존사업 명확화 본지점간 업무효율화 및 근거리 고객사 대응을 위한 이전 부칙 신설,https://kind.krx.co.kr/external/2025/03/04/000370/20250304001135/00591.htm,20250304000370,20250304000289
2025H1reg,신재생·에너지·전력,파인텍,코스닥,20250304,2,13,연료전지 부품제조업 | 수소전지 부품제조업,사업 목적 정비를 통한 신규사업 및 기존사업 명확화 본지점간 업무효율화 및 근거리 고객사 대응을 위한 이전 부칙 신설,https://kind.krx.co.kr/external/2025/03/04/000370/20250304001135/00591.htm,20250304000370,20250304000289
2025H1reg,양자,파인텍,코스닥,20250304,1,13,양자센싱 관련 장비 제조업,사업 목적 정비를 통한 신규사업 및 기존사업 명확화 본지점간 업무효율화 및 근거리 고객사 대응을 위한 이전 부칙 신설,https://kind.krx.co.kr/external/2025/03/04/000370/20250304001135/00591.htm,20250304000370,20250304000289
2025H1reg,교육,파인텍,코스닥,20250304,1,13,차 전지 조립 및 검사와 그에 따른 인력지원 및 교육,사업 목적 정비를 통한 신규사업 및 기존사업 명확화 본지점간 업무효율화 및 근거리 고객사 대응을 위한 이전 부칙 신설,https://kind.krx.co.kr/external/2025/03/04/000370/20250304001135/00591.htm,20250304000370,20250304000289
2025H1reg,반도체,알파칩스,코스닥,20250304,2,4,반도체 디자인 서비스 | 반도체 아이피 개발,사업목적 기재 정정 / 사업목적 정비 / 사업목적 추가,https://kind.krx.co.kr/external/2025/03/04/000314/20250304000976/00591.htm,20250304000314,20250304000254
2025H1reg,신재생·에너지·전력,영보화학,유가증권,20250304,1,1,태양광발전산업,태양광 설비 도입에 따른 사업목적 추가 사업목적 추가에 따른 번호 재분류,https://kind.krx.co.kr/external/2025/03/04/000291/20250304000899/00591.htm,20250304000291,20250304000242
2025H1reg,AI(인공지능),메디아나,코스닥,20250304,1,1,인공지능 기반 의료 솔루션 개발 및 서비스업,-사업목적 삭제 및 추가,https://kind.krx.co.kr/external/2025/03/04/000281/20250304000872/00591.htm,20250304000281,20250304000229
2025H1reg,바이오·헬스케어,메디아나,코스닥,20250304,1,1,인공지능 기반 의료 솔루션 개발 및 서비스업,-사업목적 삭제 및 추가,https://kind.krx.co.kr/external/2025/03/04/000281/20250304000872/00591.htm,20250304000281,20250304000229
2025H1reg,2차전지·배터리,알엔투테크놀로지,코스닥,20250304,2,3,전고체 배터리용 전해질 소재개발 및 생산업 | 이차전지용 원료물질 개발 및 생산업,- 사업목적 추가 및 순서변경,https://kind.krx.co.kr/external/2025/03/04/000174/20250304000549/00591.htm,20250304000174,20250304000152
2025H1reg,모빌리티·전기차·자율주행,알엔투테크놀로지,코스닥,20250304,1,3,E-모빌리티 사업용 신소재 및 공정기술 개발업,- 사업목적 추가 및 순서변경,https://kind.krx.co.kr/external/2025/03/04/000174/20250304000549/00591.htm,20250304000174,20250304000152
2025H1reg,신재생·에너지·전력,삼현철강,코스닥,20250304,1,2,태양광 발전사업,목적사업 신설,https://kind.krx.co.kr/external/2025/03/04/000159/20250304000489/00591.htm,20250304000159,20250304000134
2025H1reg,조선·해양,LIG디펜스앤에어로스페이스,유가증권,20250228,1,1,"선박 및 함정용 통신, 전자, 전기, 기계, 장비의 제조, 가공, 조립, 재생, 개조, 정비, 개량, 판매업 (중략)",사업분야 확대 미영위 사업목적 삭제 항 변경(21항→20항),https://kind.krx.co.kr/external/2025/02/28/001726/20250228003485/00591.htm,20250228001726,20250228006700
2025H1reg,AI(인공지능),투비소프트,코스닥,20250228,1,8,AI기반 플랫폼 개발업,사업목적 재정비,https://kind.krx.co.kr/external/2025/02/28/001206/20250228002639/00591.htm,20250228001206,20250228006017
2025H1reg,클라우드·SW·빅데이터,투비소프트,코스닥,20250228,1,8,AI기반 플랫폼 개발업,사업목적 재정비,https://kind.krx.co.kr/external/2025/02/28/001206/20250228002639/00591.htm,20250228001206,20250228006017
2025H1reg,모빌리티·전기차·자율주행,아이디스,코스닥,20250228,1,3,"전기자동차 충전기 개발, 제조 및 판매",신규사업 추진,https://kind.krx.co.kr/external/2025/02/28/000921/20250228002181/00591.htm,20250228000921,20250228005502
2025H1reg,클라우드·SW·빅데이터,마크로젠,코스닥,20250226,2,3,디지털 헬스케어 플랫폼 활용 사업 | 소프트웨어 자문개발 및 공급 사업,사업목적 추가,https://kind.krx.co.kr/external/2025/02/26/000866/20250226002319/00591.htm,20250226000866,20250226005023
2025H1reg,바이오·헬스케어,마크로젠,코스닥,20250226,1,3,디지털 헬스케어 플랫폼 활용 사업,사업목적 추가,https://kind.krx.co.kr/external/2025/02/26/000866/20250226002319/00591.htm,20250226000866,20250226005023
2025H1reg,데이터센터,NHN KCP,코스닥,20250226,2,2,"데이터센터 운영 및 임대업 | 데이터센터 설계, 구축 및 운용 관련 업",B2B 사업자 대상 신규 서비스 제공 위한 사업목적 추가,https://kind.krx.co.kr/external/2025/02/26/000826/20250226002256/00591.htm,20250226000826,20250226004915
2025H1reg,2차전지·배터리,에코프로에이치엔,코스닥,20250226,1,1,이차전지의 제조 및 판매업,이차전지 소재 사업 영위를 위한 사업목적 추가,https://kind.krx.co.kr/external/2025/02/26/000595/20250226001722/00591.htm,20250226000595,20250226004155
2025H1reg,바이오·헬스케어,박셀바이오,코스닥,20250226,4,7,"의약품 도매업 | 의료용품 도매업 | 의료기구 도매업 | 의료기기 및 진단기기, 시약 도소매",사업결합으로 인한 부가사업 추진과 중복 문구 정리,https://kind.krx.co.kr/external/2025/02/26/000446/20250226001289/00591.htm,20250226000446,20250226003235
2025H1reg,화장품·뷰티,박셀바이오,코스닥,20250226,1,7,"의약, 건강보조식품, 화장품 원료 및 기구, 시약 도소매",사업결합으로 인한 부가사업 추진과 중복 문구 정리,https://kind.krx.co.kr/external/2025/02/26/000446/20250226001289/00591.htm,20250226000446,20250226003235
2025H1reg,식품·농업·외식,박셀바이오,코스닥,20250226,2,7,"건강식품 도매업 | 의약, 건강보조식품, 화장품 원료 및 기구, 시약 도소매",사업결합으로 인한 부가사업 추진과 중복 문구 정리,https://kind.krx.co.kr/external/2025/02/26/000446/20250226001289/00591.htm,20250226000446,20250226003235
2025H1reg,탄소·환경,케이씨,유가증권,20250225,1,1,산업환경설비공사업,사업영역의 확대,https://kind.krx.co.kr/external/2025/02/25/001137/20250225002786/00591.htm,20250225001137,20250225004426
2025H1reg,바이오·헬스케어,대원강업,유가증권,20250225,1,3,신재생에너지 및 자원재활용 사업,- 미영위 사업 ( 농기구 ) 제외 - 구동모터코어사업목적 추가 - 태양광발전설비 도입에 따른 사업목적 추가,https://kind.krx.co.kr/external/2025/02/25/000950/20250225002466/00591.htm,20250225000950,20250225003987
2025H1reg,신재생·에너지·전력,대원강업,유가증권,20250225,1,3,신재생에너지 및 자원재활용 사업,- 미영위 사업 ( 농기구 ) 제외 - 구동모터코어사업목적 추가 - 태양광발전설비 도입에 따른 사업목적 추가,https://kind.krx.co.kr/external/2025/02/25/000950/20250225002466/00591.htm,20250225000950,20250225003987
2025H1reg,탄소·환경,대원강업,유가증권,20250225,1,3,신재생에너지 및 자원재활용 사업,- 미영위 사업 ( 농기구 ) 제외 - 구동모터코어사업목적 추가 - 태양광발전설비 도입에 따른 사업목적 추가,https://kind.krx.co.kr/external/2025/02/25/000950/20250225002466/00591.htm,20250225000950,20250225003987
2025H1reg,조선·해양,한화엔진,유가증권,20250225,1,2,선박대여업,특수 바지선 운용 목적,https://kind.krx.co.kr/external/2025/02/25/000940/20250225002449/00591.htm,20250225000940,20250225003969
2025H1reg,조선·해양,롯데정밀화학,유가증권,20250225,1,1,선박대여업,- 사업 목적 추가 - 조항 조정 - 조항 조정,https://kind.krx.co.kr/external/2025/02/25/000640/20250225001901/00591.htm,20250225000640,20250225003360
2025H1reg,AI(인공지능),HD현대마린솔루션,유가증권,20250224,1,6,인공지능 기반 시스템 개발 및 공급업,선박 개조 관련업 정비 정관상 연료 판매업이 명시되어 있으나 메탄올 등 판매업으로 사업 확장 가능성이 있으므로 화학물질 판매 및 관련 사업을 추가 탄소배출권 관련 사업목적 추가 플랫폼 서비스업 사업목적 추가(오션와이즈) 인공지능 기반 시스템 관련 사업목적 추가(오션와이,https://kind.krx.co.kr/external/2025/02/24/000626/20250224001916/00591.htm,20250224000626,20250224003460
2025H1reg,클라우드·SW·빅데이터,HD현대마린솔루션,유가증권,20250224,1,6,플랫폼 서비스업,선박 개조 관련업 정비 정관상 연료 판매업이 명시되어 있으나 메탄올 등 판매업으로 사업 확장 가능성이 있으므로 화학물질 판매 및 관련 사업을 추가 탄소배출권 관련 사업목적 추가 플랫폼 서비스업 사업목적 추가(오션와이즈) 인공지능 기반 시스템 관련 사업목적 추가(오션와이,https://kind.krx.co.kr/external/2025/02/24/000626/20250224001916/00591.htm,20250224000626,20250224003460
2025H1reg,조선·해양,HD현대마린솔루션,유가증권,20250224,1,6,"선박건조, 개조 및 수리판매업",선박 개조 관련업 정비 정관상 연료 판매업이 명시되어 있으나 메탄올 등 판매업으로 사업 확장 가능성이 있으므로 화학물질 판매 및 관련 사업을 추가 탄소배출권 관련 사업목적 추가 플랫폼 서비스업 사업목적 추가(오션와이즈) 인공지능 기반 시스템 관련 사업목적 추가(오션와이,https://kind.krx.co.kr/external/2025/02/24/000626/20250224001916/00591.htm,20250224000626,20250224003460
2025H1reg,탄소·환경,HD현대마린솔루션,유가증권,20250224,1,6,"탄소배출권 중계, 판매 및 관련 사업",선박 개조 관련업 정비 정관상 연료 판매업이 명시되어 있으나 메탄올 등 판매업으로 사업 확장 가능성이 있으므로 화학물질 판매 및 관련 사업을 추가 탄소배출권 관련 사업목적 추가 플랫폼 서비스업 사업목적 추가(오션와이즈) 인공지능 기반 시스템 관련 사업목적 추가(오션와이,https://kind.krx.co.kr/external/2025/02/24/000626/20250224001916/00591.htm,20250224000626,20250224003460
2025H1reg,부동산·임대·건설,기아,유가증권,20250221,1,1,부동산 개발업,사업목적 추가,https://kind.krx.co.kr/external/2025/02/21/000988/20250221002425/00591.htm,20250221000988,20250221002507
2025H1reg,부동산·임대·건설,HDC랩스,유가증권,20250221,1,2,"부동산 시장조사, 용역 서비스업",사업영역 확대,https://kind.krx.co.kr/external/2025/02/21/000379/20250221001218/00591.htm,20250221000379,20250221001309
2025H1reg,화장품·뷰티,팜스코,유가증권,20250221,1,2,"화장품의 제조, 매매 및 이와 관련한 서비스 상품의 매매","화장품, 방향제, 룸스프레이 등의 제조, 판매 사업을 위한 목적사항",https://kind.krx.co.kr/external/2025/02/21/000099/20250221000303/00591.htm,20250221000099,20250221000254
2025H1reg,신재생·에너지·전력,현대건설,유가증권,20250220,1,1,수소에너지사업,수소에너지사업 추진,https://kind.krx.co.kr/external/2025/02/20/000629/20250220001761/00591.htm,20250220000629,20250220001784
2025H1reg,모빌리티·전기차·자율주행,코오롱인더,유가증권,20250220,1,1,"자동차 부품 제조업, 판매업 및 서비스업",- 사업목적 추가,https://kind.krx.co.kr/external/2025/02/20/000529/20250220001592/00591.htm,20250220000529,20250220001686
2025H1reg,신재생·에너지·전력,현대자동차,유가증권,20250219,1,1,수소사업 및 기타 관련사업,수소 관련 사업의 다방면 확장 가능성 고려한 사업목적 추가,https://kind.krx.co.kr/external/2025/02/19/001047/20250219002661/00591.htm,20250219001047,20250219001981
2025H1reg,부동산·임대·건설,호텔신라,유가증권,20250219,1,6,콘도미니엄 분양 및 운영업,사업목적 추가 주주명부 작성 및 비치 신설,https://kind.krx.co.kr/external/2025/02/19/000976/20250219002510/00591.htm,20250219000976,20250219001910
2025H1reg,2차전지·배터리,유니슨,코스닥,20250218,1,9,"신재생에너지(태양광, 풍력, 연료전지 등)설비 및 에너지저장장치(ESS)의 제조, 설치, 운영 및 판매",- 기존사업 목적 구체화 및 신규사업을 반영한 사업목적 추가 - 영위하지 않는 사업목적 삭제 - 조문번호 변경,https://kind.krx.co.kr/external/2025/02/18/000485/20250218001500/00591.htm,20250218000485,20250218001269
2025H1reg,신재생·에너지·전력,유니슨,코스닥,20250218,9,9,"신ㆍ재생에너지 생산 및 판매 | 육상 및 해상풍력터빈 설치 등 관련 기술자문용역 | 신재생에너지(태양광, 풍력, 연료전지 등)설비 및 에너지저장장치(ESS)의 제조, 설치, 운영 및 판매 | 신재생에너지 기자재 관련 수출입업(무역) | 신재생에너지(태양광, 태양열, 풍력, 지열, 바이오매스, 연료전지 등) 발전사업 | 신재생에너지 전기공급사업 | 통합발전소(VPP), 전력중개, 발전량예측 등 관련사업 | 개발형 신재생에너지 발전사업권 양수도업 | 탄소배출권 및 신재생에너지 인증서의 거래사업",- 기존사업 목적 구체화 및 신규사업을 반영한 사업목적 추가 - 영위하지 않는 사업목적 삭제 - 조문번호 변경,https://kind.krx.co.kr/external/2025/02/18/000485/20250218001500/00591.htm,20250218000485,20250218001269
2025H1reg,탄소·환경,유니슨,코스닥,20250218,1,9,탄소배출권 및 신재생에너지 인증서의 거래사업,- 기존사업 목적 구체화 및 신규사업을 반영한 사업목적 추가 - 영위하지 않는 사업목적 삭제 - 조문번호 변경,https://kind.krx.co.kr/external/2025/02/18/000485/20250218001500/00591.htm,20250218000485,20250218001269
2025H1reg,바이오·헬스케어,한솔아이원스,코스닥,20250217,1,1,금속 정제 및 재활용 산업,신사업분야 사업 추가,https://kind.krx.co.kr/external/2025/02/17/001132/20250217002479/00591.htm,20250217001132,20250217001871
2025H1reg,탄소·환경,한솔아이원스,코스닥,20250217,1,1,금속 정제 및 재활용 산업,신사업분야 사업 추가,https://kind.krx.co.kr/external/2025/02/17/001132/20250217002479/00591.htm,20250217001132,20250217001871
2025H1reg,바이오·헬스케어,삼성물산,유가증권,20250212,1,2,"의약품 등의 연구개발 지원, 수탁사업 및 관련 서비스업",- 미영위 목적사업 삭제 / - 신사업 추진에 따른 목적사업 추가,https://kind.krx.co.kr/external/2025/02/12/001111/20250212002897/00591.htm,20250212001111,20250212001038
2026post,엔터·콘텐츠·게임,아티스트스튜디오,코스닥,20261008,1,2,미술 및 미술 콘텐츠 관련 사업,사업다각화를 위한 사업목적 추가,https://kind.krx.co.kr/external/2026/10/08/000767/20261008001737/00591.htm,20261008000767,20261008000645
2026post,AI(인공지능),더코디,코스닥,20261008,13,47,"인터넷방송, 소셜 미디어, 메신저, 숏폼·라이브 스트리밍 등 미디어사업 및 그와 관련된 콘텐츠(인공지능 기반 콘텐츠 포함)의 제작, 유통, 라이선스 및 서비스업 | 시스템 통합(SI), 정보처리시스템 및 소프트웨어(인공지능 소프트웨어, 솔루션, 플랫폼 포함)의 연구개발, 개발, 판매, 임대, 유지보수 및 서비스업 | 컴퓨터 정보처리, 로봇 및 인공지능 관련 교육, 자격인증, 교구·콘텐츠 공급업 | 산업용로봇, 협동로봇, 제조용 로봇 및 에이아이(AI) 산업용 로봇의 연구개발, 제조, 판매업 및 서비스업 | 지능형로봇, 휴머노이드 로봇 및 인공지능 기반 자율로봇의 연구개발, 제조, 판매업 및 서비스업 | 과학, 로봇공학 및 인공지능 분야 서적, 정기간행물 및 교습지의 출판업, 만화·웹툰 출판업 및 도소매, 수",사업다각화,https://kind.krx.co.kr/external/2026/10/07/000699/20261007001631/00591.htm,20261007000699,20261007000525
2026post,로봇,더코디,코스닥,20261008,17,47,"위 사업과 관련 제품 및 로봇·자동화설비의 수입 판매, 설치, 시운전, 개조 개선, 유지 보수 및 수리업 | 전기 자동차 배터리팩, 로봇용 전원장치, 전력변환장치 및 주변장치 제조 및 판매업 | 컴퓨터 정보처리, 로봇 및 인공지능 관련 교육, 자격인증, 교구·콘텐츠 공급업 | 산업용로봇, 협동로봇, 제조용 로봇 및 에이아이(AI) 산업용 로봇의 연구개발, 제조, 판매업 및 서비스업 | 반도체, 이차전지, 태양전지 제조용 기계 및 로봇 자동화·스마트팩토리 설비의 설계, 제조, 시공, 판매업 | 서비스로봇(물류·배송·안내·청소·방역·조리·의료·재활·돌봄·교육용·가정용 로봇 등)의 연구개발, 제조, 판매업 및 서비스업 | 지능형로봇, 휴머노이드 로봇 및 인공지능 기반 자율로봇의 연구개발, 제조, 판매업 및 서비스",사업다각화,https://kind.krx.co.kr/external/2026/10/07/000699/20261007001631/00591.htm,20261007000699,20261007000525
2026post,데이터센터,더코디,코스닥,20261008,1,47,"인공지능 반도체, AI 연산장치 및 AI 데이터센터·컴퓨팅 인프라의 개발, 구축, 운영 및 임대업",사업다각화,https://kind.krx.co.kr/external/2026/10/07/000699/20261007001631/00591.htm,20261007000699,20261007000525
2026post,클라우드·SW·빅데이터,더코디,코스닥,20261008,11,47,"시스템 통합(SI), 정보처리시스템 및 소프트웨어(인공지능 소프트웨어, 솔루션, 플랫폼 포함)의 연구개발, 개발, 판매, 임대, 유지보수 및 서비스업 | 산업용, 연구용, 군사용, 전문서비스용 로봇 하드웨어 및 소프트웨어의 개발, 제작, 판매, 수출입, 임대, 가공 및 용역업 | 천문, 우주, 항공, 해양, 방송, 무대 및 특수환경용 로봇·자동화장치 하드웨어 및 소프트웨어의 개발, 제작, 판매, 수출입, 임대, 가공 및 용역업 | 로봇 제어 소프트웨어, 로봇운영체제, 로봇 관제·통합 플랫폼 및 자율주행 소프트웨어의 개발, 판매, 임대 및 서비스업 | 인공지능 기반 서비스형 소프트웨어(SaaS), 클라우드 컴퓨팅, 호스팅 및 관련 서비스업, AI 에이전트 및 API 서비스 제공업 | 인공지능·로봇 학습용 데이",사업다각화,https://kind.krx.co.kr/external/2026/10/07/000699/20261007001631/00591.htm,20261007000699,20261007000525
2026post,반도체,더코디,코스닥,20261008,2,47,"반도체, 이차전지, 태양전지 제조용 기계 및 로봇 자동화·스마트팩토리 설비의 설계, 제조, 시공, 판매업 | 인공지능 반도체, AI 연산장치 및 AI 데이터센터·컴퓨팅 인프라의 개발, 구축, 운영 및 임대업",사업다각화,https://kind.krx.co.kr/external/2026/10/07/000699/20261007001631/00591.htm,20261007000699,20261007000525
2026post,우주항공,더코디,코스닥,20261008,2,47,"천문, 우주, 항공, 해양, 방송, 무대 및 특수환경용 로봇·자동화장치 하드웨어 및 소프트웨어의 개발, 제작, 판매, 수출입, 임대, 가공 및 용역업 | 드론 및 무인이동체(무인항공기·무인차량·무인선박)와 자율주행장치의 개발, 제조, 판매 및 운용서비스업",사업다각화,https://kind.krx.co.kr/external/2026/10/07/000699/20261007001631/00591.htm,20261007000699,20261007000525
2026post,드론·UAM,더코디,코스닥,20261008,1,47,"드론 및 무인이동체(무인항공기·무인차량·무인선박)와 자율주행장치의 개발, 제조, 판매 및 운용서비스업",사업다각화,https://kind.krx.co.kr/external/2026/10/07/000699/20261007001631/00591.htm,20261007000699,20261007000525
2026post,바이오·헬스케어,더코디,코스닥,20261008,2,47,"서비스로봇(물류·배송·안내·청소·방역·조리·의료·재활·돌봄·교육용·가정용 로봇 등)의 연구개발, 제조, 판매업 및 서비스업 | 인공지능 기술을 활용한 의료·헬스케어, 금융, 교육, 제조, 유통, 마케팅, 보안, 자율주행, 로봇 등 산업별 응용 솔루션의 개발 및 서비스업",사업다각화,https://kind.krx.co.kr/external/2026/10/07/000699/20261007001631/00591.htm,20261007000699,20261007000525
2026post,2차전지·배터리,더코디,코스닥,20261008,2,47,"전기 자동차 배터리팩, 로봇용 전원장치, 전력변환장치 및 주변장치 제조 및 판매업 | 반도체, 이차전지, 태양전지 제조용 기계 및 로봇 자동화·스마트팩토리 설비의 설계, 제조, 시공, 판매업",사업다각화,https://kind.krx.co.kr/external/2026/10/07/000699/20261007001631/00591.htm,20261007000699,20261007000525
2026post,신재생·에너지·전력,더코디,코스닥,20261008,1,47,"전기 자동차 배터리팩, 로봇용 전원장치, 전력변환장치 및 주변장치 제조 및 판매업",사업다각화,https://kind.krx.co.kr/external/2026/10/07/000699/20261007001631/00591.htm,20261007000699,20261007000525
2026post,모빌리티·전기차·자율주행,더코디,코스닥,20261008,4,47,"전기 자동차 배터리팩, 로봇용 전원장치, 전력변환장치 및 주변장치 제조 및 판매업 | 드론 및 무인이동체(무인항공기·무인차량·무인선박)와 자율주행장치의 개발, 제조, 판매 및 운용서비스업 | 로봇 제어 소프트웨어, 로봇운영체제, 로봇 관제·통합 플랫폼 및 자율주행 소프트웨어의 개발, 판매, 임대 및 서비스업 | 인공지능 기술을 활용한 의료·헬스케어, 금융, 교육, 제조, 유통, 마케팅, 보안, 자율주행, 로봇 등 산업별 응용 솔루션의 개발 및 서비스업",사업다각화,https://kind.krx.co.kr/external/2026/10/07/000699/20261007001631/00591.htm,20261007000699,20261007000525
2026post,조선·해양,더코디,코스닥,20261008,2,47,"천문, 우주, 항공, 해양, 방송, 무대 및 특수환경용 로봇·자동화장치 하드웨어 및 소프트웨어의 개발, 제작, 판매, 수출입, 임대, 가공 및 용역업 | 드론 및 무인이동체(무인항공기·무인차량·무인선박)와 자율주행장치의 개발, 제조, 판매 및 운용서비스업",사업다각화,https://kind.krx.co.kr/external/2026/10/07/000699/20261007001631/00591.htm,20261007000699,20261007000525
2026post,엔터·콘텐츠·게임,더코디,코스닥,20261008,9,47,"방송프로그램 제작 및 배급업, 방송채널사용사업 및 기타 방송사업 | 인터넷방송, 소셜 미디어, 메신저, 숏폼·라이브 스트리밍 등 미디어사업 및 그와 관련된 콘텐츠(인공지능 기반 콘텐츠 포함)의 제작, 유통, 라이선스 및 서비스업 | 국내외 공연, 전시, 이벤트 및 문화예술분야의 기획, 제작, 투자, 알선 및 판매업 | 스포츠, 연예인 등 공인 에이전시업 및 크리에이터·인플루언서 매니지먼트(MCN)업 | 컴퓨터 정보처리, 로봇 및 인공지능 관련 교육, 자격인증, 교구·콘텐츠 공급업 | 천문, 우주, 항공, 해양, 방송, 무대 및 특수환경용 로봇·자동화장치 하드웨어 및 소프트웨어의 개발, 제작, 판매, 수출입, 임대, 가공 및 용역업 | 과학, 로봇공학 및 인공지능 분야 서적, 정기간행물 및 교습지의 출판업, ",사업다각화,https://kind.krx.co.kr/external/2026/10/07/000699/20261007001631/00591.htm,20261007000699,20261007000525
2026post,탄소·환경,더코디,코스닥,20261008,1,47,"천문, 우주, 항공, 해양, 방송, 무대 및 특수환경용 로봇·자동화장치 하드웨어 및 소프트웨어의 개발, 제작, 판매, 수출입, 임대, 가공 및 용역업",사업다각화,https://kind.krx.co.kr/external/2026/10/07/000699/20261007001631/00591.htm,20261007000699,20261007000525
2026post,교육,더코디,코스닥,20261008,3,47,"컴퓨터 정보처리, 로봇 및 인공지능 관련 교육, 자격인증, 교구·콘텐츠 공급업 | 서비스로봇(물류·배송·안내·청소·방역·조리·의료·재활·돌봄·교육용·가정용 로봇 등)의 연구개발, 제조, 판매업 및 서비스업 | 인공지능 기술을 활용한 의료·헬스케어, 금융, 교육, 제조, 유통, 마케팅, 보안, 자율주행, 로봇 등 산업별 응용 솔루션의 개발 및 서비스업",사업다각화,https://kind.krx.co.kr/external/2026/10/07/000699/20261007001631/00591.htm,20261007000699,20261007000525
2026post,AI(인공지능),금양,유가증권,20261002,1,6,에이아이(AI) 플랫폼 및 에이아이(AI) 서비스 사업,물적분할에 따른 분할신설회사의 사업목적 반영 및 사업목적 정비,https://kind.krx.co.kr/external/2026/10/02/000529/20261002001212/00591.htm,20261002000529,20261002000313
2026post,데이터센터,금양,유가증권,20261002,4,6,데이터 센터 전력 공급 및 에너지 관리 사업 | 데이터 센터 열 관리 사업 | 데이터 센터 설비 및 장비의 유지 보수 사업 | 데이터 센터 보안 사업,물적분할에 따른 분할신설회사의 사업목적 반영 및 사업목적 정비,https://kind.krx.co.kr/external/2026/10/02/000529/20261002001212/00591.htm,20261002000529,20261002000313
2026post,클라우드·SW·빅데이터,금양,유가증권,20261002,1,6,에이아이(AI) 플랫폼 및 에이아이(AI) 서비스 사업,물적분할에 따른 분할신설회사의 사업목적 반영 및 사업목적 정비,https://kind.krx.co.kr/external/2026/10/02/000529/20261002001212/00591.htm,20261002000529,20261002000313
2026post,2차전지·배터리,금양,유가증권,20261002,1,6,ESS 및 에너지 저장 장치 관련 사업,물적분할에 따른 분할신설회사의 사업목적 반영 및 사업목적 정비,https://kind.krx.co.kr/external/2026/10/02/000529/20261002001212/00591.htm,20261002000529,20261002000313
2026post,신재생·에너지·전력,금양,유가증권,20261002,1,6,데이터 센터 전력 공급 및 에너지 관리 사업,물적분할에 따른 분할신설회사의 사업목적 반영 및 사업목적 정비,https://kind.krx.co.kr/external/2026/10/02/000529/20261002001212/00591.htm,20261002000529,20261002000313
2026post,AI(인공지능),다보링크,코스닥,20261002,1,64,인공지능(AI) 기반 로봇 소프트웨어 개발 및 공급업,불필요한 사업목적 삭제 / 신규 사업목적 추가,https://kind.krx.co.kr/external/2026/10/02/000251/20261002000490/00591.htm,20261002000251,20261002000097
2026post,로봇,다보링크,코스닥,20261002,15,64,"로봇, 로봇 부품제조 및 판매업 | 로봇 자동화 기계, 설비 제조 및 판매업 | 산업용, 연구용, 군사용, 전문서비스용, 로봇 하드웨어 및 소프트웨어 수출입, 개발제작, 임대, 가공 및 용역업 | 지능형로봇 제조 및 판매업 | 지능형로봇 부품 제조 및 판매업 | 산업용로봇 제조 및 판매업 | 로봇부품 및 부분품 유통업 | 군사용로봇 제조 및 판매업 | 극한작업용로봇 제조 및 판매업 | 로봇 및 로봇시스템의 연구, 개발, 제조, 생산, 판매 및 유통업 | 산업용 로봇, 서비스로봇, 협동로봇 및 자동화설비 제조업 | 로봇부품, 센서, 제어장치, 구동장치 및 주변기기 제조·판매업 | 인공지능(AI) 기반 로봇 소프트웨어 개발 및 공급업 | 로봇 관련 수출입업 및 무역업 | 로봇 관련 플랫폼 구축 및 데이터 서비스",불필요한 사업목적 삭제 / 신규 사업목적 추가,https://kind.krx.co.kr/external/2026/10/02/000251/20261002000490/00591.htm,20261002000251,20261002000097
2026post,클라우드·SW·빅데이터,다보링크,코스닥,20261002,3,64,"산업용, 연구용, 군사용, 전문서비스용, 로봇 하드웨어 및 소프트웨어 수출입, 개발제작, 임대, 가공 및 용역업 | 인공지능(AI) 기반 로봇 소프트웨어 개발 및 공급업 | 로봇 관련 플랫폼 구축 및 데이터 서비스업",불필요한 사업목적 삭제 / 신규 사업목적 추가,https://kind.krx.co.kr/external/2026/10/02/000251/20261002000490/00591.htm,20261002000251,20261002000097
2026post,반도체,다보링크,코스닥,20261002,1,64,"광반도체, 광집적회로(PIC), 실리콘 포토닉스 칩의 연구개발, 제조 및 판매업",불필요한 사업목적 삭제 / 신규 사업목적 추가,https://kind.krx.co.kr/external/2026/10/02/000251/20261002000490/00591.htm,20261002000251,20261002000097
2026post,우주항공,다보링크,코스닥,20261002,1,64,"방송용(공중파, 위성, 케이블, 인터넷 및 기타방송) 프로그램의 제작 및 국내외 판권구입, 배급, 상영, 판매업",불필요한 사업목적 삭제 / 신규 사업목적 추가,https://kind.krx.co.kr/external/2026/10/02/000251/20261002000490/00591.htm,20261002000251,20261002000097
2026post,바이오·헬스케어,다보링크,코스닥,20261002,6,64,세포 치료제 및 치료기술 연구개발 및 제조업 | 의약외품 및 의약품 원료 연구개발 및 제조업 | 바이오 의약품 및 의약품 원료 연구 개발 및 제조업 | 세포 가공 및 세포 배양 관련 연구개발 및 제조업 | 건강기능식품 및 건강기능식품 원료 연구개발 및 제조업 | 의료진단장비 연구개발 및 제조업,불필요한 사업목적 삭제 / 신규 사업목적 추가,https://kind.krx.co.kr/external/2026/10/02/000251/20261002000490/00591.htm,20261002000251,20261002000097
2026post,신재생·에너지·전력,다보링크,코스닥,20261002,2,64,신재생에너지 사업 | 신재생에너지 개발 및 제조업,불필요한 사업목적 삭제 / 신규 사업목적 추가,https://kind.krx.co.kr/external/2026/10/02/000251/20261002000490/00591.htm,20261002000251,20261002000097
2026post,엔터·콘텐츠·게임,다보링크,코스닥,20261002,12,64,"엔터테인먼트업 | 엔터테인먼트관련 투자 컨설팅업 | 매니지먼트업 | 멀티미디어 콘텐츠 개발,기획,제작 및 판매 | 음악 콘텐츠 제작, 배급 및 유통판매 | 공연기획 및 제작 | 방송용(공중파, 위성, 케이블, 인터넷 및 기타방송) 프로그램의 제작 및 국내외 판권구입, 배급, 상영, 판매업 | 영화, 드라마, 뮤지컬, 애니메이션 등 각종 영상 프로그램 제작 및 투자, 국내외 판권구입, 배급, 상영, 판매업 | 캐릭터, 게임물 등의 제작, 수출, 배급 및 기타 관련사업 | 음반의 제작 및 유통 판매업 | 음반의 도소매업 | 인테리어(방송국실내인테리어)",불필요한 사업목적 삭제 / 신규 사업목적 추가,https://kind.krx.co.kr/external/2026/10/02/000251/20261002000490/00591.htm,20261002000251,20261002000097
2026post,화장품·뷰티,다보링크,코스닥,20261002,2,64,"화장품 및 화장품 원료 연구개발 및 제조업 | 화장품 개발, 제조, 마케팅 및 유통관련업",불필요한 사업목적 삭제 / 신규 사업목적 추가,https://kind.krx.co.kr/external/2026/10/02/000251/20261002000490/00591.htm,20261002000251,20261002000097
2026post,식품·농업·외식,다보링크,코스닥,20261002,3,64,외식사업 | 식자재 및 가공식품 유통업 | 건강기능식품 및 건강기능식품 원료 연구개발 및 제조업,불필요한 사업목적 삭제 / 신규 사업목적 추가,https://kind.krx.co.kr/external/2026/10/02/000251/20261002000490/00591.htm,20261002000251,20261002000097
2026post,AI(인공지능),신테카바이오,코스닥,20260930,2,17,"Ⅰ. 데이터센터 구축·운영·임대 및 AI·클라우드 사업 | Ⅰ. 에이아이(AI) 기반 헬스케어, 디지털 헬스 및 바이오 융합사업",신성장 동력 확보 및 신규 사업 추진을 위한 사업목적 추가,https://kind.krx.co.kr/external/2026/09/30/001208/20260930002559/00591.htm,20260930001208,20260930000814
2026post,데이터센터,신테카바이오,코스닥,20260930,1,17,Ⅰ. 데이터센터 구축·운영·임대 및 AI·클라우드 사업,신성장 동력 확보 및 신규 사업 추진을 위한 사업목적 추가,https://kind.krx.co.kr/external/2026/09/30/001208/20260930002559/00591.htm,20260930001208,20260930000814
2026post,클라우드·SW·빅데이터,신테카바이오,코스닥,20260930,2,17,"Ⅰ. 바이오 검진, 진단 플랫폼 사업 | Ⅰ. 데이터센터 구축·운영·임대 및 AI·클라우드 사업",신성장 동력 확보 및 신규 사업 추진을 위한 사업목적 추가,https://kind.krx.co.kr/external/2026/09/30/001208/20260930002559/00591.htm,20260930001208,20260930000814
2026post,바이오·헬스케어,신테카바이오,코스닥,20260930,12,17,"Ⅰ. 바이오 검진, 진단 플랫폼 사업 | Ⅰ. 유전체 분석 및 정밀 의료 사업 | Ⅰ. 체외 진단, 분자 진단 및 유전체 진단사업 | Ⅰ. 동물용 체외 진단, 분자진단 및 유전체 진단 사업 | Ⅰ. 전문의약품 및 일반의약품의 제조·유통·판매사업 | Ⅰ. 동물용 의약품 및 동물용 백신의 제조·유통·판매사업 | Ⅰ. 의료기기 및 체외 진단, 의료 기기의 제조·유통·판매사업 | Ⅰ. 건강기능식품의 개발·제조·유통·판매사업 | Ⅰ. 동물용 건강기능식품 및 반려동물 헬스케어 제품의 개발·제조·      유통·판매사업 | Ⅰ. 에이아이(AI) 기반 헬스케어, 디지털 헬스 및 바이오 융합사업 | Ⅰ. 기능성 소재 및 제품(사료첨가제, 식품, 건강기능식품, 화장품, | 의약품, 헬스케어등)의 연구개발 및 제조판매업",신성장 동력 확보 및 신규 사업 추진을 위한 사업목적 추가,https://kind.krx.co.kr/external/2026/09/30/001208/20260930002559/00591.htm,20260930001208,20260930000814
2026post,반려동물(펫),신테카바이오,코스닥,20260930,1,17,Ⅰ. 동물용 건강기능식품 및 반려동물 헬스케어 제품의 개발·제조·      유통·판매사업,신성장 동력 확보 및 신규 사업 추진을 위한 사업목적 추가,https://kind.krx.co.kr/external/2026/09/30/001208/20260930002559/00591.htm,20260930001208,20260930000814
2026post,부동산·임대·건설,신테카바이오,코스닥,20260930,1,17,Ⅰ. 부동산 개발 및 매매·임대업,신성장 동력 확보 및 신규 사업 추진을 위한 사업목적 추가,https://kind.krx.co.kr/external/2026/09/30/001208/20260930002559/00591.htm,20260930001208,20260930000814
2026post,화장품·뷰티,신테카바이오,코스닥,20260930,1,17,"Ⅰ. 기능성 소재 및 제품(사료첨가제, 식품, 건강기능식품, 화장품,",신성장 동력 확보 및 신규 사업 추진을 위한 사업목적 추가,https://kind.krx.co.kr/external/2026/09/30/001208/20260930002559/00591.htm,20260930001208,20260930000814
2026post,식품·농업·외식,신테카바이오,코스닥,20260930,4,17,"Ⅰ. 축산 방역 관련 연구, 개발 및 제품 제조·유통·판매사업 | Ⅰ. 건강기능식품의 개발·제조·유통·판매사업 | Ⅰ. 동물용 건강기능식품 및 반려동물 헬스케어 제품의 개발·제조·      유통·판매사업 | Ⅰ. 기능성 소재 및 제품(사료첨가제, 식품, 건강기능식품, 화장품,",신성장 동력 확보 및 신규 사업 추진을 위한 사업목적 추가,https://kind.krx.co.kr/external/2026/09/30/001208/20260930002559/00591.htm,20260930001208,20260930000814
2026post,바이오·헬스케어,모델솔루션,코스닥,20260930,1,3,"의료기기 개발, 제조 및 판매업",신사업으로 인한 사업목적 신설,https://kind.krx.co.kr/external/2026/09/30/000208/20260930000535/00591.htm,20260930000208,20260930000150
2026post,화장품·뷰티,모델솔루션,코스닥,20260930,2,3,"화장품 판매업 | 미용기기 개발, 제조 및 판매업",신사업으로 인한 사업목적 신설,https://kind.krx.co.kr/external/2026/09/30/000208/20260930000535/00591.htm,20260930000208,20260930000150
2026post,클라우드·SW·빅데이터,이엠앤아이,코스닥,20260929,2,40,"교육용 소프트웨어 및 교육솔루션의 개발, 제작, 판매 및 공급업 | 소프트웨어 자문, 개발 및 공급업",신규추가 및 순번 변경 36. ~ 75. 신규 추가 76. 기존 36.에서 76.으로 순서변경,https://kind.krx.co.kr/external/2026/09/28/000922/20260928001897/00591.htm,20260928000922,20260928000397
2026post,엔터·콘텐츠·게임,이엠앤아이,코스닥,20260929,5,40,"교육 콘텐츠의 기획, 개발, 제작, 공급 및 판매업 | 유·무선, 인터넷 및 모바일을 통한 교육 콘텐츠 제공 서비스업 | 동영상 및 미디어 교육 콘텐츠의 기획, 제작, 공급 및 서비스업 | 영상 및 방송통신 서비스업 | 서적, 음반 및 비디오물의 제조, 판매 및 대여업",신규추가 및 순번 변경 36. ~ 75. 신규 추가 76. 기존 36.에서 76.으로 순서변경,https://kind.krx.co.kr/external/2026/09/28/000922/20260928001897/00591.htm,20260928000922,20260928000397
2026post,식품·농업·외식,이엠앤아이,코스닥,20260929,1,40,"음식점, 식당, 매점 및 자판기 운영업",신규추가 및 순번 변경 36. ~ 75. 신규 추가 76. 기존 36.에서 76.으로 순서변경,https://kind.krx.co.kr/external/2026/09/28/000922/20260928001897/00591.htm,20260928000922,20260928000397
2026post,교육,이엠앤아이,코스닥,20260929,17,40,"교육서비스업(입시학원, 보습학원, 외국어학원 등) | 학원 운영업 및 학원 관련 사업 | 기숙학원 운영업 | 평생교육시설 운영업 | 원격교육서비스업 및 온라인을 통한 교육서비스업 | 위탁교육업 | 교육프랜차이즈, 학원체인화 및 프랜차이즈업 | 입시, 학원 및 교육 관련 자문·컨설팅업 | 교육정보화 사업 및 관련 경영컨설팅업 | 교육 관련 자격시험의 검정, 평가 및 컨설팅 서비스업 | 교육 콘텐츠의 기획, 개발, 제작, 공급 및 판매업 | 유·무선, 인터넷 및 모바일을 통한 교육 콘텐츠 제공 서비스업 | 동영상 및 미디어 교육 콘텐츠의 기획, 제작, 공급 및 서비스업 | 교육용 소프트웨어 및 교육솔루션의 개발, 제작, 판매 및 공급업 | 학원관리 프로그램, 학습관리시스템 및 모바일 애플리케이션의 개발, 판매 ",신규추가 및 순번 변경 36. ~ 75. 신규 추가 76. 기존 36.에서 76.으로 순서변경,https://kind.krx.co.kr/external/2026/09/28/000922/20260928001897/00591.htm,20260928000922,20260928000397
2026post,AI(인공지능),엠젠솔루션,코스닥,20260928,1,24,"데이터센터(인공지능 데이터센터 및 고성능 컴퓨팅 시설 포함)의 개발, 건설, 소유, 운영 및 관리업","사업목적 추가에 따른 시행일 설정 / 신규사업 추진에 따른 사업목적 변경 및 추가, 조문번호 변경",https://kind.krx.co.kr/external/2026/09/28/000843/20260928001783/00591.htm,20260928000843,20260928000375
2026post,데이터센터,엠젠솔루션,코스닥,20260928,2,24,"데이터센터(인공지능 데이터센터 및 고성능 컴퓨팅 시설 포함)의 개발, 건설, 소유, 운영 및 관리업 | 데이터센터 시설의 임대업 및 코로케이션(Colocation) 서비스업","사업목적 추가에 따른 시행일 설정 / 신규사업 추진에 따른 사업목적 변경 및 추가, 조문번호 변경",https://kind.krx.co.kr/external/2026/09/28/000843/20260928001783/00591.htm,20260928000843,20260928000375
2026post,클라우드·SW·빅데이터,엠젠솔루션,코스닥,20260928,1,24,서버 호스팅 및 관련 데이터 처리 서비스업,"사업목적 추가에 따른 시행일 설정 / 신규사업 추진에 따른 사업목적 변경 및 추가, 조문번호 변경",https://kind.krx.co.kr/external/2026/09/28/000843/20260928001783/00591.htm,20260928000843,20260928000375
2026post,바이오·헬스케어,엠젠솔루션,코스닥,20260928,3,24,"환경 및 의료폐기물, 에너지, 산업플랜트의 설계, 제작, 시공(설치) 및 운영사업 | 폐플라스틱, 폐타이어, 폐윤활유 등 폐기물 재활용사업 | 폐기물(의료폐기물) 및 폐자원의 수집, 운반 처리업","사업목적 추가에 따른 시행일 설정 / 신규사업 추진에 따른 사업목적 변경 및 추가, 조문번호 변경",https://kind.krx.co.kr/external/2026/09/28/000843/20260928001783/00591.htm,20260928000843,20260928000375
2026post,2차전지·배터리,엠젠솔루션,코스닥,20260928,1,24,"에너지저장(ESS)관련 설비의 개발, 제조, 설치 및 운영사업","사업목적 추가에 따른 시행일 설정 / 신규사업 추진에 따른 사업목적 변경 및 추가, 조문번호 변경",https://kind.krx.co.kr/external/2026/09/28/000843/20260928001783/00591.htm,20260928000843,20260928000375
2026post,신재생·에너지·전력,엠젠솔루션,코스닥,20260928,2,24,"신재생에너지, 폐기물 및 폐자원 기반 전기, 발전사업 | 전기, 발전사업 개발, 건설 및 운영 유지관리사업","사업목적 추가에 따른 시행일 설정 / 신규사업 추진에 따른 사업목적 변경 및 추가, 조문번호 변경",https://kind.krx.co.kr/external/2026/09/28/000843/20260928001783/00591.htm,20260928000843,20260928000375
2026post,부동산·임대·건설,엠젠솔루션,코스닥,20260928,7,24,"부동산 매매업, 임대업 및 부동산 관리업 | 전기, 발전사업 개발, 건설 및 운영 유지관리사업 | 데이터센터(인공지능 데이터센터 및 고성능 컴퓨팅 시설 포함)의 개발, 건설, 소유, 운영 및 관리업 | 부동산 개발 및 공급업 | 부동산 개발 관련 기획, 컨설팅 및 자문업 | 토지 매입, 개발 및 분양업 | 부동산 투자 및 프로젝트 금융 관련 업무","사업목적 추가에 따른 시행일 설정 / 신규사업 추진에 따른 사업목적 변경 및 추가, 조문번호 변경",https://kind.krx.co.kr/external/2026/09/28/000843/20260928001783/00591.htm,20260928000843,20260928000375
2026post,탄소·환경,엠젠솔루션,코스닥,20260928,5,24,"신재생에너지, 폐기물 및 폐자원 기반 전기, 발전사업 | 환경 및 의료폐기물, 에너지, 산업플랜트의 설계, 제작, 시공(설치) 및 운영사업 | 폐기물 및 폐자원의 열분해 및 자원화사업 | 폐플라스틱, 폐타이어, 폐윤활유 등 폐기물 재활용사업 | 폐기물(의료폐기물) 및 폐자원의 수집, 운반 처리업","사업목적 추가에 따른 시행일 설정 / 신규사업 추진에 따른 사업목적 변경 및 추가, 조문번호 변경",https://kind.krx.co.kr/external/2026/09/28/000843/20260928001783/00591.htm,20260928000843,20260928000375
2026post,AI(인공지능),유니켐,유가증권,20260928,1,5,지능형.휴머노이드 및 피지컬 인공지능 기반 로봇용 전자피부.외피.외장재. 부품의 연구개발.제조 판매업,사업다각화를 통한신성장 동력 확보,https://kind.krx.co.kr/external/2026/09/28/000529/20260928001355/00591.htm,20260928000529,20260928000313
2026post,로봇,유니켐,유가증권,20260928,3,5,지능형.휴머노이드 및 피지컬 인공지능 기반 로봇용 전자피부.외피.외장재. 부품의 연구개발.제조 판매업 | 로봇용 촉각.압력.전단력 센서 및 햅틱 인터페이스 .시스템의 연구개발.제조.판매업 | 로봇 학습용 촉각 데이터 수집장치 및 센서 인터페이스.연동 소프트웨어의 개발.공급업,사업다각화를 통한신성장 동력 확보,https://kind.krx.co.kr/external/2026/09/28/000529/20260928001355/00591.htm,20260928000529,20260928000313
2026post,클라우드·SW·빅데이터,유니켐,유가증권,20260928,1,5,로봇 학습용 촉각 데이터 수집장치 및 센서 인터페이스.연동 소프트웨어의 개발.공급업,사업다각화를 통한신성장 동력 확보,https://kind.krx.co.kr/external/2026/09/28/000529/20260928001355/00591.htm,20260928000529,20260928000313
2026post,로봇,나우로보틱스,코스닥,20260928,3,4,"서비스용 로봇 및 그 부품의 개발, 제조, 조립 및 판매업 | 군사용·국방용 로봇 및 그 부품의 개발, 제조, 조립 및 판매업 | 군수용 물자·장비 및 로봇의 설치, 정비, 유지보수, 성능개량 및 관련 서비스업",- 등기부 표기와 통일 - 사업추가 - 사업추가 - 사업추가 - 사업추가 - 등기부 표기와 통일,https://kind.krx.co.kr/external/2026/09/28/000232/20260928000729/00591.htm,20260928000232,20260928000145
2026post,방산,나우로보틱스,코스닥,20260928,3,4,"군사용·국방용 로봇 및 그 부품의 개발, 제조, 조립 및 판매업 | 군수용 물자·장비 및 그 부품의 개발, 제조, 조립, 판매, 수출입 및 유통업 | 군수용 물자·장비 및 로봇의 설치, 정비, 유지보수, 성능개량 및 관련 서비스업",- 등기부 표기와 통일 - 사업추가 - 사업추가 - 사업추가 - 사업추가 - 등기부 표기와 통일,https://kind.krx.co.kr/external/2026/09/28/000232/20260928000729/00591.htm,20260928000232,20260928000145
2026post,AI(인공지능),이스트에이드,코스닥,20260923,1,8,"영상, 이미지, 음성 데이터의 수집, 가공, 분석 및 인공지능(AI) 학습용 데이터 구축·활용 사업",신규사업 진행을 위한 목적 추가,https://kind.krx.co.kr/external/2026/09/23/000707/20260923001738/00591.htm,20260923000707,20260923000610
2026post,엔터·콘텐츠·게임,이스트에이드,코스닥,20260923,6,8,"실물영화(실사영상), 드라마, 광고 등 영상콘텐츠의 기획, 개발, 제작, 투자, 촬영, 편집 및 후반작업업 | 실물영화, 애니메이션 및 기타 영상콘텐츠의 직접 제작, 배급, 수입, 수출, 유통 및 판매업 | 영화 및 영상콘텐츠의 관리, 운영 및 처분업 | 디지털휴먼, 가상캐릭터 및 영상 생성 콘텐츠의 개발, 제작 및 서비스업 | 영화, 영상콘텐츠, 디지털휴먼, 캐릭터 등과 관련된 지식재산권(IP)의 개발, 취득, 관리, 이용, 라이선스 및 사업화 | 영상콘텐츠 및 캐릭터 상품의 도매업, 소매업 및 유통업",신규사업 진행을 위한 목적 추가,https://kind.krx.co.kr/external/2026/09/23/000707/20260923001738/00591.htm,20260923000707,20260923000610
2026post,클라우드·SW·빅데이터,휴럼,코스닥,20260922,1,5,소프트웨어 개발 및 공급업,목적 사업 추가,https://kind.krx.co.kr/external/2026/09/22/000091/20260922000143/00591.htm,20260922000091,20260922000038
2026post,바이오·헬스케어,휴럼,코스닥,20260922,2,5,바이오소재 및 생명공학 관련 제품의 판매 및 수출입업 | 의료기기 도소매업 및 수출입업,목적 사업 추가,https://kind.krx.co.kr/external/2026/09/22/000091/20260922000143/00591.htm,20260922000091,20260922000038
2026post,AI(인공지능),모아데이타,코스닥,20260922,3,42,"서버, 스토리지, 네트워크 장비, 5G 네트워크 장비 등 IT 인프라 장비와 AI 인프라 및 데이터센터 관련 장비·부품의 개발, 제조, 조립, 판매, 유통, 도소매 및 수출입업 | 데이터센터, 인터넷데이터센터(IDC), AI 데이터센터 및 집적정보통신시설의 기획, 개발, 설계, 시공, 구축, 이전, 소유, 임대, 운영, 관리, 유지보수 및 이와 관련된 컨설팅, 용역 및 공사업 | AI 서비스업(AI 베어메탈, AI 컴퓨팅 플랫폼, AI 에이전트, AI 로보틱스 및 기타 AI 시스템·서비스)",신규 사업목적 변경 및 추가,https://kind.krx.co.kr/external/2026/09/21/000657/20260921001600/00591.htm,20260921000657,20260921000429
2026post,로봇,모아데이타,코스닥,20260922,1,42,"AI 서비스업(AI 베어메탈, AI 컴퓨팅 플랫폼, AI 에이전트, AI 로보틱스 및 기타 AI 시스템·서비스)",신규 사업목적 변경 및 추가,https://kind.krx.co.kr/external/2026/09/21/000657/20260921001600/00591.htm,20260921000657,20260921000429
2026post,데이터센터,모아데이타,코스닥,20260922,6,42,"서버, 스토리지, 네트워크 장비, 5G 네트워크 장비 등 IT 인프라 장비와 AI 인프라 및 데이터센터 관련 장비·부품의 개발, 제조, 조립, 판매, 유통, 도소매 및 수출입업 | 데이터센터, 인터넷데이터센터(IDC), AI 데이터센터 및 집적정보통신시설의 기획, 개발, 설계, 시공, 구축, 이전, 소유, 임대, 운영, 관리, 유지보수 및 이와 관련된 컨설팅, 용역 및 공사업 | 데이터센터 관련 에너지 효율화, 신재생에너지 및 탄소배출권 관련 사업 | 데이터센터용 열관리 시스템의 설계, 구축 및 보수업 | 데이터센터용 랙 및 관련 설비의 개발, 제조 및 판매업 | 데이터센터용 액체냉각 시스템 및 냉각장치의 개발, 제조 및 판매업",신규 사업목적 변경 및 추가,https://kind.krx.co.kr/external/2026/09/21/000657/20260921001600/00591.htm,20260921000657,20260921000429
2026post,클라우드·SW·빅데이터,모아데이타,코스닥,20260922,7,42,"소프트웨어 개발, 자문 및 공급업, 컴퓨터 프로그래밍업, 시스템 통합 자문·구축 및 관리업 및 정보처리 서비스업 | 소프트웨어, 컴퓨터 및 주변기기, 서버, 스토리지, 네트워크 장비 등 IT 관련 장비의 판매, 유통 및 도소매업 | 컴퓨터 및 주변기기, 소프트웨어, 서버 및 IT 장비의 서비스, 판매, 유통, 도소매 및 임대업 | 하드웨어, 소프트웨어, IT 관련 장비 및 솔루션의 판매, 재판매 또는 임대업 (중략) | AI 서비스업(AI 베어메탈, AI 컴퓨팅 플랫폼, AI 에이전트, AI 로보틱스 및 기타 AI 시스템·서비스) | 데이터베이스 및 온라인 정보 제공업 | 게임 소프트웨어 및 모바일·온라인·컴퓨터·콘솔 게임의 개발, 제작, 생산, 제조, 유통, 판매, 서비스 및 퍼블리싱(배급)업",신규 사업목적 변경 및 추가,https://kind.krx.co.kr/external/2026/09/21/000657/20260921001600/00591.htm,20260921000657,20260921000429
2026post,반도체,모아데이타,코스닥,20260922,8,42,"반도체 온도검사 관련 장비·부품·모듈 및 온도검사용 방열구조체의 개발, 제조, 조립, 판매, 수리 및 교환(AS)업 | 반도체 소자, 전자부품 및 반도체 장비용 핵심 부품·소재·전장품의 개발, 제조 및 판매업 | 반도체 제조용 기계 및 장비의 개발, 제조, 판매 및 유통업 | 반도체 검사장비 및 물질 검사·측정·분석기구의 개발 및 제조업 | 반도체 및 평판디스플레이(FPD) 제조용 장비 부품의 가공 및 표면처리업 | 반도체 장비의 설치(셋업), 개조(Retrofit), 유지보수 및 수리업 | 반도체 관련 기술용역, 시스템 엔지니어링 및 컨설팅업 | 반도체 장비 및 부품의 수출입업 및 무역대행업",신규 사업목적 변경 및 추가,https://kind.krx.co.kr/external/2026/09/21/000657/20260921001600/00591.htm,20260921000657,20260921000429
2026post,신재생·에너지·전력,모아데이타,코스닥,20260922,1,42,"데이터센터 관련 에너지 효율화, 신재생에너지 및 탄소배출권 관련 사업",신규 사업목적 변경 및 추가,https://kind.krx.co.kr/external/2026/09/21/000657/20260921001600/00591.htm,20260921000657,20260921000429
2026post,부동산·임대·건설,모아데이타,코스닥,20260922,1,42,비주거용 건물 및 창고·운송 관련 시설 건설업,신규 사업목적 변경 및 추가,https://kind.krx.co.kr/external/2026/09/21/000657/20260921001600/00591.htm,20260921000657,20260921000429
2026post,엔터·콘텐츠·게임,모아데이타,코스닥,20260922,5,42,"게임 소프트웨어 및 모바일·온라인·컴퓨터·콘솔 게임의 개발, 제작, 생산, 제조, 유통, 판매, 서비스 및 퍼블리싱(배급)업 | 가상현실(VR), 증강현실(AR) 및 확장현실(XR) 콘텐츠 개발 및 공급업 | 게임 캐릭터 및 브랜드 지식재산권(IP)의 라이선스, 제작 및 판매업 | 디지털 콘텐츠 제작, 유통, 판매 및 중개 서비스업 | 게임 관련 상품 및 서비스의 유통, 무역업 및 수출입업",신규 사업목적 변경 및 추가,https://kind.krx.co.kr/external/2026/09/21/000657/20260921001600/00591.htm,20260921000657,20260921000429
2026post,탄소·환경,모아데이타,코스닥,20260922,1,42,"데이터센터 관련 에너지 효율화, 신재생에너지 및 탄소배출권 관련 사업",신규 사업목적 변경 및 추가,https://kind.krx.co.kr/external/2026/09/21/000657/20260921001600/00591.htm,20260921000657,20260921000429
2026post,교육,모아데이타,코스닥,20260922,1,42,"아이티(IT) 관련 교육사업, 호스팅 및 관련 서비스업",신규 사업목적 변경 및 추가,https://kind.krx.co.kr/external/2026/09/21/000657/20260921001600/00591.htm,20260921000657,20260921000429
2026post,신재생·에너지·전력,뉴보텍,코스닥,20260918,2,2,태양광 발전사업 및 태양광 발전시설의 임대·관리 관련 사업 | 태양광 발전시설 설치를 위한 건물의 지붕 등 유휴공간의 임차·임대 및 관련 자산 관리사업,사업 다각화에 따른 사업목적 추가,https://kind.krx.co.kr/external/2026/09/18/000069/20260918000108/00591.htm,20260918000069,20260918000023
2026post,클라우드·SW·빅데이터,리튬포어스,코스닥,20260917,1,10,소프트웨어 개발 및 공급업,- 영위사업의 확장을 위한 사업목적 추가,https://kind.krx.co.kr/external/2026/09/17/000447/20260917001152/00591.htm,20260917000447,20260917000279
2026post,반도체,리튬포어스,코스닥,20260917,1,10,반도체장비 제조 및 부품 판매업,- 영위사업의 확장을 위한 사업목적 추가,https://kind.krx.co.kr/external/2026/09/17/000447/20260917001152/00591.htm,20260917000447,20260917000279
2026post,바이오·헬스케어,리튬포어스,코스닥,20260917,1,10,바이오 관련 소재 및 부품 제조업,- 영위사업의 확장을 위한 사업목적 추가,https://kind.krx.co.kr/external/2026/09/17/000447/20260917001152/00591.htm,20260917000447,20260917000279
2026post,엔터·콘텐츠·게임,리튬포어스,코스닥,20260917,2,10,"게임 및 영화 제작, 유통업 | 게임 및 영화 제작물의 출판업",- 영위사업의 확장을 위한 사업목적 추가,https://kind.krx.co.kr/external/2026/09/17/000447/20260917001152/00591.htm,20260917000447,20260917000279
2026post,로봇,베노티앤알,코스닥,20260916,1,35,로봇용 소형에너지 발전장치업,"사업영역확대 및 신규성장동력 확보, 미영위 사업목적 삭제",https://kind.krx.co.kr/external/2026/09/16/000537/20260916001431/00591.htm,20260916000537,20260916000468
2026post,반도체,베노티앤알,코스닥,20260916,1,35,"반도체,LCD,OLED,태양광, 2차전지 장비 제조업","사업영역확대 및 신규성장동력 확보, 미영위 사업목적 삭제",https://kind.krx.co.kr/external/2026/09/16/000537/20260916001431/00591.htm,20260916000537,20260916000468
2026post,바이오·헬스케어,베노티앤알,코스닥,20260916,3,35,폐전지 재활용업 | 폐기물 재활용업 및 처리업 | 태양광 폐패널 재활용업,"사업영역확대 및 신규성장동력 확보, 미영위 사업목적 삭제",https://kind.krx.co.kr/external/2026/09/16/000537/20260916001431/00591.htm,20260916000537,20260916000468
2026post,2차전지·배터리,베노티앤알,코스닥,20260916,2,35,"반도체,LCD,OLED,태양광, 2차전지 장비 제조업 | 에너지저장장치 개발 및 제조업","사업영역확대 및 신규성장동력 확보, 미영위 사업목적 삭제",https://kind.krx.co.kr/external/2026/09/16/000537/20260916001431/00591.htm,20260916000537,20260916000468
2026post,신재생·에너지·전력,베노티앤알,코스닥,20260916,4,35,"반도체,LCD,OLED,태양광, 2차전지 장비 제조업 | 태양광 폐패널 재활용업 | 태양광 발전시스템 구축 및 운영업 | 전기차 충전소 개발 및 판매업","사업영역확대 및 신규성장동력 확보, 미영위 사업목적 삭제",https://kind.krx.co.kr/external/2026/09/16/000537/20260916001431/00591.htm,20260916000537,20260916000468
2026post,모빌리티·전기차·자율주행,베노티앤알,코스닥,20260916,1,35,전기차 충전소 개발 및 판매업,"사업영역확대 및 신규성장동력 확보, 미영위 사업목적 삭제",https://kind.krx.co.kr/external/2026/09/16/000537/20260916001431/00591.htm,20260916000537,20260916000468
2026post,부동산·임대·건설,베노티앤알,코스닥,20260916,1,35,"부동산개발업,부동산공급업,건물신축판매업","사업영역확대 및 신규성장동력 확보, 미영위 사업목적 삭제",https://kind.krx.co.kr/external/2026/09/16/000537/20260916001431/00591.htm,20260916000537,20260916000468
2026post,탄소·환경,베노티앤알,코스닥,20260916,5,35,"폐전지 재활용업 | 환경설비 | 폐기물 재활용업 및 처리업 | 폐기물 수집, 운반 및 중간 처리업 | 태양광 폐패널 재활용업","사업영역확대 및 신규성장동력 확보, 미영위 사업목적 삭제",https://kind.krx.co.kr/external/2026/09/16/000537/20260916001431/00591.htm,20260916000537,20260916000468
2026post,바이오·헬스케어,육일씨엔에쓰,코스닥,20260916,8,25,"세포치료제의 연구, 개발, 제조 및 판매업 | 의약품 및 의약외품의 연구, 개발, 제조, 도매 및 소매업 | 동물용 의약품의 연구, 개발, 제조, 수입, 수출, 도매 및 소매업 | 세포 가공 및 배양 용역업 | 세포 보관 및 공급업 | 줄기세포 관련 연구, 개발 및 사업 | 의료용품 및 기타 의약 관련제품의 제조, 도매 및 소매업 | 동물용 의료기기의 제조, 판매, 수입 및 수출업","신규사업 진출을 위한 사업목적 추가 및 미영위 사업목적 삭제, 자구수정",https://kind.krx.co.kr/external/2026/09/16/000329/20260916000918/00591.htm,20260916000329,20260916000337
2026post,반려동물(펫),육일씨엔에쓰,코스닥,20260916,3,25,"애완용동물 및 반려동물 관련용품 판매업 | 반려동물 용품 및 사료의 제조, 판매, 수입 및 수출업 | 애완동물 장묘 및 보호서비스업","신규사업 진출을 위한 사업목적 추가 및 미영위 사업목적 삭제, 자구수정",https://kind.krx.co.kr/external/2026/09/16/000329/20260916000918/00591.htm,20260916000329,20260916000337
2026post,부동산·임대·건설,육일씨엔에쓰,코스닥,20260916,2,25,건축공사업 | 시설물 관리 및 유지보수 서비스업,"신규사업 진출을 위한 사업목적 추가 및 미영위 사업목적 삭제, 자구수정",https://kind.krx.co.kr/external/2026/09/16/000329/20260916000918/00591.htm,20260916000329,20260916000337
2026post,화장품·뷰티,육일씨엔에쓰,코스닥,20260916,2,25,"화장품 및 화장품 원료의 연구, 개발, 제조, 판매 및 유통업 | 화장품 책임판매업 및 유통전문판매업","신규사업 진출을 위한 사업목적 추가 및 미영위 사업목적 삭제, 자구수정",https://kind.krx.co.kr/external/2026/09/16/000329/20260916000918/00591.htm,20260916000329,20260916000337
2026post,바이오·헬스케어,풍전약품,코스닥,20260915,4,7,"의약품, 원료의약품, 의약외품, 바이오의약품의 연구개발, 수탁 생산, 제조, 소분 및 도소매, 판매업 | 건강기능식품, 건강보조식품, 기타 식품등의 연구개발, 수탁생산, 제조, 소분 및 도소매, 판매업 | 의료기기 도소매, 판매업 | 줄기세포추출, 배양, 보관 및 판매업",사업목적 정비 및 변경,https://kind.krx.co.kr/external/2026/09/15/000512/20260915001091/00591.htm,20260915000512,20260915000266
2026post,부동산·임대·건설,풍전약품,코스닥,20260915,1,7,"부동산 매매, 관리, 임대 및 개발",사업목적 정비 및 변경,https://kind.krx.co.kr/external/2026/09/15/000512/20260915001091/00591.htm,20260915000512,20260915000266
2026post,화장품·뷰티,풍전약품,코스닥,20260915,1,7,"화장품 및 화장품 연료 등의 연구개발, 수탁생산, 제조, 소분 및 도소매, 판매업",사업목적 정비 및 변경,https://kind.krx.co.kr/external/2026/09/15/000512/20260915001091/00591.htm,20260915000512,20260915000266
2026post,식품·농업·외식,풍전약품,코스닥,20260915,1,7,"건강기능식품, 건강보조식품, 기타 식품등의 연구개발, 수탁생산, 제조, 소분 및 도소매, 판매업",사업목적 정비 및 변경,https://kind.krx.co.kr/external/2026/09/15/000512/20260915001091/00591.htm,20260915000512,20260915000266
2026post,로봇,우림피티에스,코스닥,20260914,1,2,로봇엑추레이터 제조 및 판매업,1.주력사업 및 미래신사업 중심의 사업목적 재편 2.미영위 사업의 정리와 간소화,https://kind.krx.co.kr/external/2026/09/14/000228/20260914000685/00591.htm,20260914000228,20260914000147
2026post,AI(인공지능),유디엠텍,코스닥,20260911,3,4,"Physical AI·지능형 로봇 및 자율제조 사업 | AI개인맞춤형 헬스케어·푸드테크 사업 | 초전도, 신소재의 연구 개발 및 AI·Digital Twin 기반의 제조, 사업화, 기술서비스업",사업영역확대 및 신규성장동력 확보,https://kind.krx.co.kr/external/2026/09/11/000633/20260911001493/00591.htm,20260911000633,20260911000538
2026post,로봇,유디엠텍,코스닥,20260911,2,4,Physical AI·지능형 로봇 및 자율제조 사업 | MedicalPhysicalAI·헬스케어 로봇 사업,사업영역확대 및 신규성장동력 확보,https://kind.krx.co.kr/external/2026/09/11/000633/20260911001493/00591.htm,20260911000633,20260911000538
2026post,바이오·헬스케어,유디엠텍,코스닥,20260911,2,4,MedicalPhysicalAI·헬스케어 로봇 사업 | AI개인맞춤형 헬스케어·푸드테크 사업,사업영역확대 및 신규성장동력 확보,https://kind.krx.co.kr/external/2026/09/11/000633/20260911001493/00591.htm,20260911000633,20260911000538
2026post,희토류·핵심광물·소재,유디엠텍,코스닥,20260911,1,4,"초전도, 신소재의 연구 개발 및 AI·Digital Twin 기반의 제조, 사업화, 기술서비스업",사업영역확대 및 신규성장동력 확보,https://kind.krx.co.kr/external/2026/09/11/000633/20260911001493/00591.htm,20260911000633,20260911000538
2026post,AI(인공지능),벡트,코스닥,20260911,4,12,"로봇, 로봇 부품 및 피지컬 인공지능(AI) 기반 제조용·국방용·특수목적용 로봇 시스템의 연구개발, 제조 및 판매업 | 인공지능(AI) 및 로봇 관련 기술 자문, 컨설팅, 교육, 교육서비스 및 연구개발업 | 인공지능(AI) 기반 소프트웨어 및 알고리즘 개발업 | 데이터 분석, 머신러닝, 지식그래프 및 검색증강생성(RAG) 기반 시스템 개발업",AI·로보틱스 사업 확대 및 구체화를 통한 미래 성장동력 확보 / 로보틱스 중심 신사업 정체성 강화 및 기업가치 제고,https://kind.krx.co.kr/external/2026/09/11/000423/20260911001088/00591.htm,20260911000423,20260911000393
2026post,로봇,벡트,코스닥,20260911,6,12,"벡트로보틱스 | 로봇, 로봇 부품 및 피지컬 인공지능(AI) 기반 제조용·국방용·특수목적용 로봇 시스템의 연구개발, 제조 및 판매업 | 로봇 자동화 기계·설비 및 시스템의 제조, 판매, 시스템 통합(SI), 구축, 운영 및 유지보수업 | 인공지능(AI) 및 로봇 관련 기술 자문, 컨설팅, 교육, 교육서비스 및 연구개발업 | 로봇 제어용 소프트웨어 및 운영 플랫폼 개발업 | 로봇 시뮬레이션, 디지털 트윈 및 가상환경 기반 엔지니어링 소프트웨어 개발업",AI·로보틱스 사업 확대 및 구체화를 통한 미래 성장동력 확보 / 로보틱스 중심 신사업 정체성 강화 및 기업가치 제고,https://kind.krx.co.kr/external/2026/09/11/000423/20260911001088/00591.htm,20260911000423,20260911000393
2026post,클라우드·SW·빅데이터,벡트,코스닥,20260911,5,12,"인공지능(AI) 기반 소프트웨어 및 알고리즘 개발업 | 로봇 제어용 소프트웨어 및 운영 플랫폼 개발업 | 로봇 시뮬레이션, 디지털 트윈 및 가상환경 기반 엔지니어링 소프트웨어 개발업 | 데이터 분석, 머신러닝, 지식그래프 및 검색증강생성(RAG) 기반 시스템 개발업 | 클라우드 기반 소프트웨어 서비스 및 플랫폼 구축 및 운영업",AI·로보틱스 사업 확대 및 구체화를 통한 미래 성장동력 확보 / 로보틱스 중심 신사업 정체성 강화 및 기업가치 제고,https://kind.krx.co.kr/external/2026/09/11/000423/20260911001088/00591.htm,20260911000423,20260911000393
2026post,방산,벡트,코스닥,20260911,1,12,"로봇, 로봇 부품 및 피지컬 인공지능(AI) 기반 제조용·국방용·특수목적용 로봇 시스템의 연구개발, 제조 및 판매업",AI·로보틱스 사업 확대 및 구체화를 통한 미래 성장동력 확보 / 로보틱스 중심 신사업 정체성 강화 및 기업가치 제고,https://kind.krx.co.kr/external/2026/09/11/000423/20260911001088/00591.htm,20260911000423,20260911000393
2026post,탄소·환경,벡트,코스닥,20260911,1,12,"로봇 시뮬레이션, 디지털 트윈 및 가상환경 기반 엔지니어링 소프트웨어 개발업",AI·로보틱스 사업 확대 및 구체화를 통한 미래 성장동력 확보 / 로보틱스 중심 신사업 정체성 강화 및 기업가치 제고,https://kind.krx.co.kr/external/2026/09/11/000423/20260911001088/00591.htm,20260911000423,20260911000393
2026post,교육,벡트,코스닥,20260911,1,12,"인공지능(AI) 및 로봇 관련 기술 자문, 컨설팅, 교육, 교육서비스 및 연구개발업",AI·로보틱스 사업 확대 및 구체화를 통한 미래 성장동력 확보 / 로보틱스 중심 신사업 정체성 강화 및 기업가치 제고,https://kind.krx.co.kr/external/2026/09/11/000423/20260911001088/00591.htm,20260911000423,20260911000393
2026post,모빌리티·전기차·자율주행,S&K폴리텍,코스닥,20260911,1,5,자동차부품 제조업,소규모 합병에 의한 사업목적 추가,https://kind.krx.co.kr/external/2026/09/11/000360/20260911000955/00591.htm,20260911000360,20260911000336
2026post,신재생·에너지·전력,지역난방공사,유가증권,20260911,1,1,「 재생에너지 개발·이용·보급 촉진법」에 따른 재생에너지사업과 「수소경제 육성 및 수소 안전관리에 관한 법률」에 따른 수소에너지사업 및 연료전지 등에 활용되는 에너지사업,법령 개정 반영 (사업목적 근거 법률 분법),https://kind.krx.co.kr/external/2026/09/11/000085/20260911000172/00591.htm,20260911000085,20260911000034
2026post,AI(인공지능),E8,코스닥,20260910,2,4,"인공지능 솔루션 연구 및 개발업 | 인공지능 기반제품의 개발, 생산 및 판매업",사업 확장을 위한 사업목적 추가,https://kind.krx.co.kr/external/2026/09/10/000236/20260910000708/00591.htm,20260910000236,20260910000216
2026post,데이터센터,E8,코스닥,20260910,2,4,"데이터센터업 | 데이터센터 설계, 운영, 구축 관련 운용업 및 이 사업과 관련되는 일체의 용역 및 공사업",사업 확장을 위한 사업목적 추가,https://kind.krx.co.kr/external/2026/09/10/000236/20260910000708/00591.htm,20260910000236,20260910000216
2026post,바이오·헬스케어,나노씨엠에스,코스닥,20260909,1,4,"의료, 바이오제조및도소매 ← 「화장품」은 제20호로 이관",사업목적 추가 및 목록(번호) 정정,https://kind.krx.co.kr/external/2026/09/08/000675/20260908001537/00591.htm,20260908000675,20260908000432
2026post,화장품·뷰티,나노씨엠에스,코스닥,20260909,3,4,"의료, 바이오제조및도소매 ← 「화장품」은 제20호로 이관 | 화장품및그원부자재(안료및보안인쇄포함) 제조·유통업 | 화장품 용기 및 충진제 제조, 판매업",사업목적 추가 및 목록(번호) 정정,https://kind.krx.co.kr/external/2026/09/08/000675/20260908001537/00591.htm,20260908000675,20260908000432
2026post,조선·해양,유니슨,코스닥,20260908,1,1,해운법에 따른 내항화물운송사업,- 신규사업 계획에 따른 사업목적 추가 - 조문번호 변경,https://kind.krx.co.kr/external/2026/09/08/000573/20260908001352/00591.htm,20260908000573,20260908000383
2026post,투자·금융,TJ미디어,코스닥,20260908,1,3,"주식, 사채, 집합투자증권 및 기타 유가증권에 대한 투자업",사업목적 추가,https://kind.krx.co.kr/external/2026/09/08/000465/20260908001159/00591.htm,20260908000465,20260908000320
2026post,바이오·헬스케어,동아쏘시오홀딩스,유가증권,20260907,4,5,"의약품, 원료의약품, 의약부외품, 화공약품, 수의약품, 농예약품, 생물학적 의약품 등의 제조, 수출입 및 판매업 | 동물용 의약품 등의 제조, 수출입 및 판매업 | 건강기능식품, 건강기능식품 원료의 제조, 수출입 및 판매업 | 의약품, 의약외품, 의료기기, 건강기능식품, 식품, 화장품, 생활용품 가공의 위수탁업",nan,https://kind.krx.co.kr/external/2026/09/07/000355/20260907000944/00591.htm,20260907000355,20260907000187
2026post,반려동물(펫),동아쏘시오홀딩스,유가증권,20260907,1,5,"반려동물 사료, 용품 등의 제조, 수출입 및 판매업",nan,https://kind.krx.co.kr/external/2026/09/07/000355/20260907000944/00591.htm,20260907000355,20260907000187
2026post,화장품·뷰티,동아쏘시오홀딩스,유가증권,20260907,1,5,"의약품, 의약외품, 의료기기, 건강기능식품, 식품, 화장품, 생활용품 가공의 위수탁업",nan,https://kind.krx.co.kr/external/2026/09/07/000355/20260907000944/00591.htm,20260907000355,20260907000187
2026post,식품·농업·외식,동아쏘시오홀딩스,유가증권,20260907,2,5,"건강기능식품, 건강기능식품 원료의 제조, 수출입 및 판매업 | 의약품, 의약외품, 의료기기, 건강기능식품, 식품, 화장품, 생활용품 가공의 위수탁업",nan,https://kind.krx.co.kr/external/2026/09/07/000355/20260907000944/00591.htm,20260907000355,20260907000187
2026post,AI(인공지능),광진실업,코스닥,20260904,2,43,"인공지능(AI) 기반 로봇 소프트웨어 개발 및 공급업 39 로봇 관련 수출입업 및 무역업 | 통신장비, 데이터센터 및 AI 서버용 광통신 부품의 개발 및 판매업",사업 목적 추가,https://kind.krx.co.kr/external/2026/09/04/000543/20260904001433/00591.htm,20260904000543,20260904000406
2026post,로봇,광진실업,코스닥,20260904,12,43,"로봇, 로봇 부품제조 및 판매업 | 로봇 자동화 기계, 설비 제조 및 판매업 | 산업용, 연구용, 군사용, 전문서비스용, 로봇 하드웨어 및 소프트웨어 수출입, 개발제작, 임대, 가공 및 용역업 | 지능형로봇 제조 및 판매업 | 지능형로봇 부품 제조 및 판매업 31, 산업용로봇 제조 및 판매업 32, 로봇부품 및 부분품 유통업 | 군사용로봇 제조 및 판매업 | 극한작업용로봇 제조 및 판매업 | 로봇 및 로봇시스템의 연구, 개발, 제조, 생산, 판매 및 유통업 | 산업용 로봇, 서비스로봇, 협동로봇 및 자동화설비 제조업 | 로봇부품, 센서, 제어장치, 구동장치 및 주변기기 제조·판매업 | 인공지능(AI) 기반 로봇 소프트웨어 개발 및 공급업 39 로봇 관련 수출입업 및 무역업 | 로봇 관련 플랫폼 구축 및 데이",사업 목적 추가,https://kind.krx.co.kr/external/2026/09/04/000543/20260904001433/00591.htm,20260904000543,20260904000406
2026post,데이터센터,광진실업,코스닥,20260904,1,43,"통신장비, 데이터센터 및 AI 서버용 광통신 부품의 개발 및 판매업",사업 목적 추가,https://kind.krx.co.kr/external/2026/09/04/000543/20260904001433/00591.htm,20260904000543,20260904000406
2026post,클라우드·SW·빅데이터,광진실업,코스닥,20260904,3,43,"산업용, 연구용, 군사용, 전문서비스용, 로봇 하드웨어 및 소프트웨어 수출입, 개발제작, 임대, 가공 및 용역업 | 인공지능(AI) 기반 로봇 소프트웨어 개발 및 공급업 39 로봇 관련 수출입업 및 무역업 | 로봇 관련 플랫폼 구축 및 데이터 서비스업",사업 목적 추가,https://kind.krx.co.kr/external/2026/09/04/000543/20260904001433/00591.htm,20260904000543,20260904000406
2026post,반도체,광진실업,코스닥,20260904,1,43,"광반도체, 광집적회로(PIC), 실리콘 포토닉스 칩의 연구개발, 제조 및 판매업",사업 목적 추가,https://kind.krx.co.kr/external/2026/09/04/000543/20260904001433/00591.htm,20260904000543,20260904000406
2026post,바이오·헬스케어,광진실업,코스닥,20260904,8,43,"세포치료제의 개발, 제조, 판매 및 도소매업 | 세포배양을 위한 배양액 원료의 개발, 제조, 판매 및 도소매업 | 의료기기의 개발, 제조, 판매 및 도소매업 | 동물의약품 및 동물의료기기의 제조, 개발, 판매 및 도소매업 | 의약품, 의약부외품, 수의약품(獸醫藥品)의 개발, 제조, 판매 및 도소매업 | 의료용품, 의료용구, 위생용품의 개발, 제조, 판매 및 도소매업 | 건강기능식품의 개발, 제조, 판매 및 도소매업 | 의약품 원료, 건강기능식품 원료, 화장품 원료의 제조, 판매 및 소분매매업",사업 목적 추가,https://kind.krx.co.kr/external/2026/09/04/000543/20260904001433/00591.htm,20260904000543,20260904000406
2026post,2차전지·배터리,광진실업,코스닥,20260904,2,43,"차전지 배터리 셀 모듈 제조, 판매, 유통 및 수출입업 | 퍼스널모빌리티 배터리 팩 제조, 판매, 유통 및 수출입업",사업 목적 추가,https://kind.krx.co.kr/external/2026/09/04/000543/20260904001433/00591.htm,20260904000543,20260904000406
2026post,모빌리티·전기차·자율주행,광진실업,코스닥,20260904,4,43,"퍼스널모빌리티 배터리 팩 제조, 판매, 유통 및 수출입업 | 전기자동차(2륜, 3륜, 4륜) 제조, 판매, 유통 및 수출입업 | 전기자동차(2륜, 3륜, 4륜), 퍼스널모빌리티 관련 부품 제조, 판매, 유통 및 수출입업 | 전기자동차(2륜, 3륜, 4륜) 관련부품 악세서리 제조, 판매, 유통 서비스 및 수출입업",사업 목적 추가,https://kind.krx.co.kr/external/2026/09/04/000543/20260904001433/00591.htm,20260904000543,20260904000406
2026post,화장품·뷰티,광진실업,코스닥,20260904,2,43,"화장품의 개발, 제조, 판매 및 도소매업 | 의약품 원료, 건강기능식품 원료, 화장품 원료의 제조, 판매 및 소분매매업",사업 목적 추가,https://kind.krx.co.kr/external/2026/09/04/000543/20260904001433/00591.htm,20260904000543,20260904000406
2026post,식품·농업·외식,광진실업,코스닥,20260904,2,43,"건강기능식품의 개발, 제조, 판매 및 도소매업 | 의약품 원료, 건강기능식품 원료, 화장품 원료의 제조, 판매 및 소분매매업",사업 목적 추가,https://kind.krx.co.kr/external/2026/09/04/000543/20260904001433/00591.htm,20260904000543,20260904000406
2026post,AI(인공지능),비케이홀딩스,코스닥,20260903,3,23,"AI 인프라 및 데이터센터 관련 장비·부품의 도소매 및 수출입업 | 데이터센터, 인터넷데이터센터(IDC), AI 데이터센터 및 집적정보통신시설의 기획, 개발, 설계, 시공, 구축, 이전, 소유, 임대, 운영, 관리, 유지보수 및 이와 관련된 컨설팅, 용역, 공사업 | AI 서비스업 ― AI 베어메탈, AI 컴퓨팅 플랫폼, AI 에이전트, AI 로보틱스 및 기타 AI 시스템·서비스 일체",사업 다각화에 따른 사업목적 추가,https://kind.krx.co.kr/external/2026/09/03/000671/20260903001672/00591.htm,20260903000671,20260903000392
2026post,로봇,비케이홀딩스,코스닥,20260903,1,23,"AI 서비스업 ― AI 베어메탈, AI 컴퓨팅 플랫폼, AI 에이전트, AI 로보틱스 및 기타 AI 시스템·서비스 일체",사업 다각화에 따른 사업목적 추가,https://kind.krx.co.kr/external/2026/09/03/000671/20260903001672/00591.htm,20260903000671,20260903000392
2026post,데이터센터,비케이홀딩스,코스닥,20260903,3,23,"AI 인프라 및 데이터센터 관련 장비·부품의 도소매 및 수출입업 | 데이터센터, 인터넷데이터센터(IDC), AI 데이터센터 및 집적정보통신시설의 기획, 개발, 설계, 시공, 구축, 이전, 소유, 임대, 운영, 관리, 유지보수 및 이와 관련된 컨설팅, 용역, 공사업 | 데이터센터 관련 에너지 효율화, 신재생에너지 및 탄소배출권 관련 사업",사업 다각화에 따른 사업목적 추가,https://kind.krx.co.kr/external/2026/09/03/000671/20260903001672/00591.htm,20260903000671,20260903000392
2026post,클라우드·SW·빅데이터,비케이홀딩스,코스닥,20260903,2,23,"AI 서비스업 ― AI 베어메탈, AI 컴퓨팅 플랫폼, AI 에이전트, AI 로보틱스 및 기타 AI 시스템·서비스 일체 | 데이터베이스 및 온라인 정보제공업",사업 다각화에 따른 사업목적 추가,https://kind.krx.co.kr/external/2026/09/03/000671/20260903001672/00591.htm,20260903000671,20260903000392
2026post,바이오·헬스케어,비케이홀딩스,코스닥,20260903,1,23,석탄재 등 산업부산물 및 순환자원의 수집·운반·처리·재활용 및 이를 활용한 제품의 제조·판매업,사업 다각화에 따른 사업목적 추가,https://kind.krx.co.kr/external/2026/09/03/000671/20260903001672/00591.htm,20260903000671,20260903000392
2026post,신재생·에너지·전력,비케이홀딩스,코스닥,20260903,1,23,"데이터센터 관련 에너지 효율화, 신재생에너지 및 탄소배출권 관련 사업",사업 다각화에 따른 사업목적 추가,https://kind.krx.co.kr/external/2026/09/03/000671/20260903001672/00591.htm,20260903000671,20260903000392
2026post,희토류·핵심광물·소재,비케이홀딩스,코스닥,20260903,1,23,석탄재 및 광물자원으로부터 희토류·희소금속 등 유가금속의 추출·분리·정제·가공 및 제조·판매·수출입업,사업 다각화에 따른 사업목적 추가,https://kind.krx.co.kr/external/2026/09/03/000671/20260903001672/00591.htm,20260903000671,20260903000392
2026post,부동산·임대·건설,비케이홀딩스,코스닥,20260903,2,23,디스플레이 관련 설비건설 및 컨설팅업 | 이산화탄소 포집·활용(CCU) 기술을 이용한 시멘트·콘크리트 혼화재 등 건설자재의 제조·판매업 및 온실가스 배출권의 확보·거래·중개업,사업 다각화에 따른 사업목적 추가,https://kind.krx.co.kr/external/2026/09/03/000671/20260903001672/00591.htm,20260903000671,20260903000392
2026post,투자·금융,비케이홀딩스,코스닥,20260903,1,23,투자업 및 투자자문업,사업 다각화에 따른 사업목적 추가,https://kind.krx.co.kr/external/2026/09/03/000671/20260903001672/00591.htm,20260903000671,20260903000392
2026post,탄소·환경,비케이홀딩스,코스닥,20260903,3,23,"데이터센터 관련 에너지 효율화, 신재생에너지 및 탄소배출권 관련 사업 | 석탄재 등 산업부산물 및 순환자원의 수집·운반·처리·재활용 및 이를 활용한 제품의 제조·판매업 | 이산화탄소 포집·활용(CCU) 기술을 이용한 시멘트·콘크리트 혼화재 등 건설자재의 제조·판매업 및 온실가스 배출권의 확보·거래·중개업",사업 다각화에 따른 사업목적 추가,https://kind.krx.co.kr/external/2026/09/03/000671/20260903001672/00591.htm,20260903000671,20260903000392
2026post,클라우드·SW·빅데이터,멤레이비티,코스닥,20260903,2,18,"모바일 어플리케이션 및 응용 소프트웨어 개발업 | 항공, 여행, 모빌리티 관련 온라인 플랫폼 및 소프트웨어 개발·운영업",신규사업 진출,https://kind.krx.co.kr/external/2026/09/03/000653/20260903001647/00591.htm,20260903000653,20260903000380
2026post,우주항공,멤레이비티,코스닥,20260903,7,18,"비즈니스 항공, 프라이빗 항공 및 회원제 항공서비스업 | 항공기 운항지원, 운항관리, 항공안전관리 및 관련 서비스업 | 항공기 임대, 대여, 관리 및 항공기 공동이용 관련 사업 | 항공기 공동소유 및 공동이용 프로그램의 관리·운영업 | 항공기 정비관리, 정비위탁관리, 지상조업, 항공보안 및 항공보험 관련 자문·지원업 | 국내외 항공편 예약, 중개, 알선, 대리 및 관련 서비스업 | 항공, 여행, 모빌리티 관련 온라인 플랫폼 및 소프트웨어 개발·운영업",신규사업 진출,https://kind.krx.co.kr/external/2026/09/03/000653/20260903001647/00591.htm,20260903000653,20260903000380
2026post,모빌리티·전기차·자율주행,멤레이비티,코스닥,20260903,1,18,"항공, 여행, 모빌리티 관련 온라인 플랫폼 및 소프트웨어 개발·운영업",신규사업 진출,https://kind.krx.co.kr/external/2026/09/03/000653/20260903001647/00591.htm,20260903000653,20260903000380
2026post,엔터·콘텐츠·게임,멤레이비티,코스닥,20260903,1,18,모바일 콘텐츠 개발 및 판매업,신규사업 진출,https://kind.krx.co.kr/external/2026/09/03/000653/20260903001647/00591.htm,20260903000653,20260903000380
2026post,교육,멤레이비티,코스닥,20260903,1,18,교육 및 실험용 과학 기기 제조업,신규사업 진출,https://kind.krx.co.kr/external/2026/09/03/000653/20260903001647/00591.htm,20260903000653,20260903000380
2026post,신재생·에너지·전력,만호제강,유가증권,20260903,1,1,태양광 발전 및 신재생에너지 발전·판매업 13 전 각호에 부대되는 일체사업,경영활동 추가,https://kind.krx.co.kr/external/2026/09/03/000393/20260903001060/00591.htm,20260903000393,20260903000222
2026post,로봇,마음AI,코스닥,20260902,1,2,"로봇 하드웨어 개발, 제조, 판매, 임대, 구독, 서비스업",신규 사업 추진을 위하여 사업목적을 추가함,https://kind.krx.co.kr/external/2026/09/02/000259/20260902000838/00591.htm,20260902000259,20260902000162
2026post,AI(인공지능),넥사다이내믹스,코스닥,20260901,2,7,"AI 인프라 및 데이터센터 관련 장비·부품의 도매, 소매 및 수출입업 | AI 서비스업 ― AI 베어메탈, AI 컴퓨팅 플랫폼, AI 에이전트, AI 로보틱스 및 기타AI 시스템·서비스 일체",사업다각화,https://kind.krx.co.kr/external/2026/09/01/000608/20260901001390/00591.htm,20260901000608,20260901000296
2026post,로봇,넥사다이내믹스,코스닥,20260901,1,7,"AI 서비스업 ― AI 베어메탈, AI 컴퓨팅 플랫폼, AI 에이전트, AI 로보틱스 및 기타AI 시스템·서비스 일체",사업다각화,https://kind.krx.co.kr/external/2026/09/01/000608/20260901001390/00591.htm,20260901000608,20260901000296
2026post,데이터센터,넥사다이내믹스,코스닥,20260901,3,7,"AI 인프라 및 데이터센터 관련 장비·부품의 도매, 소매 및 수출입업 | 데이터센터의 시행, 개발, 운영 및 관리업 | 데이터센터 시설의 기획, 설계, 시공 및 임대업",사업다각화,https://kind.krx.co.kr/external/2026/09/01/000608/20260901001390/00591.htm,20260901000608,20260901000296
2026post,클라우드·SW·빅데이터,넥사다이내믹스,코스닥,20260901,1,7,"AI 서비스업 ― AI 베어메탈, AI 컴퓨팅 플랫폼, AI 에이전트, AI 로보틱스 및 기타AI 시스템·서비스 일체",사업다각화,https://kind.krx.co.kr/external/2026/09/01/000608/20260901001390/00591.htm,20260901000608,20260901000296
2026post,바이오·헬스케어,퀀타매트릭스,코스닥,20260831,4,5,"유전자, 면역표지자, 병원체 등 각종 검체검사 및 생물학적 기계진단 관련 수탁검사·분석 서비스업, 임상·비임상 연구용역(CRO) 및 관련 검사의 위수탁업 | 의약품, 원료의약품, 의약외품, 바이오의약품의 연구·개발, 제조, 위탁제조(CMO/ CDMO), 도소매, 수출입, 무역 및 유통업 | 건강기능식품, 기능성식품, 식품 및 식품원료의 연구·개발, 제조, 가공, 도소매 및 수출입업 | 의학적 진단 및 치료행위를 제외한 뇌건강, 인지기능 관리, 헬스케어, 웰니스 관련 프로그램 및 콘텐츠·서비스의 개발, 제공 및 컨설팅업","사업목적 변경 , 추가 및 조항 정비",https://kind.krx.co.kr/external/2026/08/31/000181/20260831000466/00591.htm,20260831000181,20260831000626
2026post,엔터·콘텐츠·게임,퀀타매트릭스,코스닥,20260831,1,5,"의학적 진단 및 치료행위를 제외한 뇌건강, 인지기능 관리, 헬스케어, 웰니스 관련 프로그램 및 콘텐츠·서비스의 개발, 제공 및 컨설팅업","사업목적 변경 , 추가 및 조항 정비",https://kind.krx.co.kr/external/2026/08/31/000181/20260831000466/00591.htm,20260831000181,20260831000626
2026post,화장품·뷰티,퀀타매트릭스,코스닥,20260831,1,5,"화장품, 기능성화장품, 코스메슈티컬 및 뷰티 관련 제품의 연구·개발, 제조, 위탁제조(OEM/ODM), 도소매, 수출입 및 유통업","사업목적 변경 , 추가 및 조항 정비",https://kind.krx.co.kr/external/2026/08/31/000181/20260831000466/00591.htm,20260831000181,20260831000626
2026post,식품·농업·외식,퀀타매트릭스,코스닥,20260831,1,5,"건강기능식품, 기능성식품, 식품 및 식품원료의 연구·개발, 제조, 가공, 도소매 및 수출입업","사업목적 변경 , 추가 및 조항 정비",https://kind.krx.co.kr/external/2026/08/31/000181/20260831000466/00591.htm,20260831000181,20260831000626
2026post,바이오·헬스케어,앱튼,코스닥,20260828,2,2,제약 바이오 기술 거래업 | 제약 바이오 기술 중개업,사업목적 추가,https://kind.krx.co.kr/external/2026/08/28/000669/20260828001576/00591.htm,20260828000669,20260828001658
2026post,신재생·에너지·전력,빅텐츠,코스닥,20260827,1,16,실외기 없는 저전력 에어컨 제조 및 판매업,사업목적추가,https://kind.krx.co.kr/external/2026/08/27/000818/20260827001863/00591.htm,20260827000818,20260827001053
2026post,로봇,아이씨에이치,코스닥,20260827,1,1,로봇 소재부품 제조 및 판매업,사업영역 확대 및 신규 성장동력 확보,https://kind.krx.co.kr/external/2026/08/27/000386/20260827001199/00591.htm,20260827000386,20260827000729
2026post,데이터센터,유아이디,코스닥,20260827,2,13,데이터센터 개발 및 컨설팅업 | 데이터센터 운영업,신규사업 추진 및 사업다각화를 위한 사업목적 추가,https://kind.krx.co.kr/external/2026/08/27/000226/20260827000758/00591.htm,20260827000226,20260827000504
2026post,클라우드·SW·빅데이터,유아이디,코스닥,20260827,2,13,컴퓨터 및 소프트웨어 관련 기기 제조업 | 컴퓨터서버 및 소프트웨어 관련 주변기기 제조업,신규사업 추진 및 사업다각화를 위한 사업목적 추가,https://kind.krx.co.kr/external/2026/08/27/000226/20260827000758/00591.htm,20260827000226,20260827000504
2026post,부동산·임대·건설,유아이디,코스닥,20260827,1,13,부동산개발 및 컨설팅업,신규사업 추진 및 사업다각화를 위한 사업목적 추가,https://kind.krx.co.kr/external/2026/08/27/000226/20260827000758/00591.htm,20260827000226,20260827000504
2026post,식품·농업·외식,유아이디,코스닥,20260827,1,13,수산화마그네슘 제조 및 판매업,신규사업 추진 및 사업다각화를 위한 사업목적 추가,https://kind.krx.co.kr/external/2026/08/27/000226/20260827000758/00591.htm,20260827000226,20260827000504
2026post,탄소·환경,유아이디,코스닥,20260827,2,13,"친환경 복합 수지제품 제조 및 임가공업 | 환경 설비,약품 제조 및 판매업",신규사업 추진 및 사업다각화를 위한 사업목적 추가,https://kind.krx.co.kr/external/2026/08/27/000226/20260827000758/00591.htm,20260827000226,20260827000504
2026post,AI(인공지능),엔키AX,코스닥,20260826,4,4,"인공지능(AI)기술 기반 콘텐츠의 개발, 제작, 유통 및 서비스업 | 지적재산권(IP)을 활용한 대화형 인공지능(챗봇) 서비스업 | 인공지능 기반 캐릭터 및 가상인간(버츄얼 휴먼)의 개발, 제작 및 라이선싱업 | 인공지능 솔루션 및 응용소프트웨어의 개발, 공급 및 판매업",사업 다각화 및 신규사업 추진에 따른 사업목적추가 및 조항 정비,https://kind.krx.co.kr/external/2026/08/26/000733/20260826001938/00591.htm,20260826000733,20260826000785
2026post,클라우드·SW·빅데이터,엔키AX,코스닥,20260826,1,4,"인공지능 솔루션 및 응용소프트웨어의 개발, 공급 및 판매업",사업 다각화 및 신규사업 추진에 따른 사업목적추가 및 조항 정비,https://kind.krx.co.kr/external/2026/08/26/000733/20260826001938/00591.htm,20260826000733,20260826000785
2026post,엔터·콘텐츠·게임,엔키AX,코스닥,20260826,1,4,"인공지능(AI)기술 기반 콘텐츠의 개발, 제작, 유통 및 서비스업",사업 다각화 및 신규사업 추진에 따른 사업목적추가 및 조항 정비,https://kind.krx.co.kr/external/2026/08/26/000733/20260826001938/00591.htm,20260826000733,20260826000785
2026post,AI(인공지능),자비스,코스닥,20260826,2,4,"인공지능(AI) 기반 소프트웨어업 | 인공지능 기술의 도입, 활용에 관한 컨설팅업",신규 사업 추가,https://kind.krx.co.kr/external/2026/08/26/000523/20260826001545/00591.htm,20260826000523,20260826000612
2026post,클라우드·SW·빅데이터,자비스,코스닥,20260826,2,4,"인공지능(AI) 기반 소프트웨어업 | 하드웨어 및 플랫폼의 연구, 개발, 제조, 운영, 유지보수업",신규 사업 추가,https://kind.krx.co.kr/external/2026/08/26/000523/20260826001545/00591.htm,20260826000523,20260826000612
2026post,데이터센터,에넥스,유가증권,20260825,2,15,"데이터센터 구축, 운영업 및 관련 전산 인프라의 임대ㆍ관리업 | 데이터센터개발 및 운영업",-사업범위 확대에 따른 목적 추가,https://kind.krx.co.kr/external/2026/08/25/000578/20260825001481/00591.htm,20260825000578,20260825000421
2026post,클라우드·SW·빅데이터,에넥스,유가증권,20260825,4,15,"정보통신기기ㆍ소프트웨어ㆍ플랫폼 및 시스템의 개발, 구축, 유지보수 및 관련 서비스업 | 데이터 처리, 분석 및 정보 서비스업 | 소프트웨어 설계 개발 및 판매업 | 헬스케어 플랫폼 및 상품의 개발 제조 유통 운용 사업",-사업범위 확대에 따른 목적 추가,https://kind.krx.co.kr/external/2026/08/25/000578/20260825001481/00591.htm,20260825000578,20260825000421
2026post,바이오·헬스케어,에넥스,유가증권,20260825,3,15,"세포, 줄기세포, 세포외소포체의 치료제, 치료기 술, 재생의료, 의약외품 및 신약 연구개발 제조, 판 매업 | 암진단 및 기타 의료진단 관련 의료기기의 연구 개발 및 임상, 인허가, 제조, 판매 상용화 사업 | 헬스케어 플랫폼 및 상품의 개발 제조 유통 운용 사업",-사업범위 확대에 따른 목적 추가,https://kind.krx.co.kr/external/2026/08/25/000578/20260825001481/00591.htm,20260825000578,20260825000421
2026post,신재생·에너지·전력,에넥스,유가증권,20260825,2,15,"신재생에너지 사업 | 전력저장용 설비 및 관련 제품의 제조, 설치 및 매매",-사업범위 확대에 따른 목적 추가,https://kind.krx.co.kr/external/2026/08/25/000578/20260825001481/00591.htm,20260825000578,20260825000421
2026post,부동산·임대·건설,에넥스,유가증권,20260825,1,15,부동산 개발 및 관리 분양업,-사업범위 확대에 따른 목적 추가,https://kind.krx.co.kr/external/2026/08/25/000578/20260825001481/00591.htm,20260825000578,20260825000421
2026post,엔터·콘텐츠·게임,에넥스,유가증권,20260825,1,15,콘텐츠 IP를 활용한 제품 기획과 제작,-사업범위 확대에 따른 목적 추가,https://kind.krx.co.kr/external/2026/08/25/000578/20260825001481/00591.htm,20260825000578,20260825000421
2026post,방산,월덱스,코스닥,20260825,1,2,유기 및 유기-무기 혼합소재 제조와 가공 및 도소매,사업목적추가,https://kind.krx.co.kr/external/2026/08/25/000379/20260825001062/00591.htm,20260825000379,20260825000307
2026post,AI(인공지능),손오공,코스닥,20260819,4,24,"인공지능 기술의 연구개발, 인공지능 모델·알고리즘의 개발, 공급, 라이선스 및 관련 컨설팅업 | 인공지능 기반 문자·이미지·음성·영상 인식(OCR, 음성인식, 비전) 솔루션의 개발, 공급 및 서비스업 | 생성형 인공지능을 활용한 이미지·영상·음성·문서 콘텐츠의 제작, 공급 및 관련 플랫폼 운영업 | 인공지능 에이전트 및 업무자동화 소프트웨어의 개발, 공급, 운영 및 구독형 소프트웨어 서비스(SaaS)업",기존의 제 2조 (목적) 1~57 전체 삭제 후 사업목적 전체 추가,https://kind.krx.co.kr/external/2026/08/19/000172/20260819000479/00591.htm,20260819000172,20260819000122
2026post,로봇,손오공,코스닥,20260819,2,24,"로봇 및 로봇부품·주변기기의 제조, 수입, 유통, 판매, 임대, 설치, 유지보수 및 수출입업 | 지능형 로봇용 소프트웨어·제어시스템 및 로봇 서비스 플랫폼의 개발, 공급, 운영업",기존의 제 2조 (목적) 1~57 전체 삭제 후 사업목적 전체 추가,https://kind.krx.co.kr/external/2026/08/19/000172/20260819000479/00591.htm,20260819000172,20260819000122
2026post,데이터센터,손오공,코스닥,20260819,1,24,"클라우드 컴퓨팅 서비스업, 호스팅·데이터센터 운영업 및 관련 전산 인프라의 임대·관리업",기존의 제 2조 (목적) 1~57 전체 삭제 후 사업목적 전체 추가,https://kind.krx.co.kr/external/2026/08/19/000172/20260819000479/00591.htm,20260819000172,20260819000122
2026post,클라우드·SW·빅데이터,손오공,코스닥,20260819,9,24,"지능형 로봇용 소프트웨어·제어시스템 및 로봇 서비스 플랫폼의 개발, 공급, 운영업 | 자동차의 온라인 신차·중고차 거래 플랫폼의 개발·운영업 | 영상 콘텐츠 플랫폼의 기획·제작·유통·광고 및 채널 운영업 | 상기 컨텐츠, 게임기기 및 타이틀, 굿즈 등 상품의 온라인 신품·중고 거래 플랫폼의 개발·운영업 | 생성형 인공지능을 활용한 이미지·영상·음성·문서 콘텐츠의 제작, 공급 및 관련 플랫폼 운영업 | 인공지능 에이전트 및 업무자동화 소프트웨어의 개발, 공급, 운영 및 구독형 소프트웨어 서비스(SaaS)업 | 클라우드 컴퓨팅 서비스업, 호스팅·데이터센터 운영업 및 관련 전산 인프라의 임대·관리업 | 정보통신기기·소프트웨어·플랫폼 및 시스템의 개발, 구축, 유지보수, 판매, 기술컨설팅, 라이선스 및 관련 서비스",기존의 제 2조 (목적) 1~57 전체 삭제 후 사업목적 전체 추가,https://kind.krx.co.kr/external/2026/08/19/000172/20260819000479/00591.htm,20260819000172,20260819000122
2026post,디지털자산·블록체인·STO(스테이블코인),손오공,코스닥,20260819,1,24,"블록체인 및 디지털자산 기반 무역금융·공급망관리·거래정산 시스템의 개발, 구축 및 운영업",기존의 제 2조 (목적) 1~57 전체 삭제 후 사업목적 전체 추가,https://kind.krx.co.kr/external/2026/08/19/000172/20260819000479/00591.htm,20260819000172,20260819000122
2026post,모빌리티·전기차·자율주행,손오공,코스닥,20260819,1,24,"전기자동차 및 친환경 자동차의 판매, 유통, 임대업과 충전설비의 설치·운영 및 관련 서비스업",기존의 제 2조 (목적) 1~57 전체 삭제 후 사업목적 전체 추가,https://kind.krx.co.kr/external/2026/08/19/000172/20260819000479/00591.htm,20260819000172,20260819000122
2026post,엔터·콘텐츠·게임,손오공,코스닥,20260819,5,24,"아트토이(Art Toy) IP의 기획·개발, 작가 매니지먼트·에이전시업 및 관련 지식재산권의 취득·활용·라이선스업 | 영상 콘텐츠 플랫폼의 기획·제작·유통·광고 및 채널 운영업 | 키즈카페, 놀이시설, 체험형 콘텐츠 공간 등의 운영, 프랜차이즈 및 관련 컨설팅업 | 상기 컨텐츠, 게임기기 및 타이틀, 굿즈 등 상품의 온라인 신품·중고 거래 플랫폼의 개발·운영업 | 생성형 인공지능을 활용한 이미지·영상·음성·문서 콘텐츠의 제작, 공급 및 관련 플랫폼 운영업",기존의 제 2조 (목적) 1~57 전체 삭제 후 사업목적 전체 추가,https://kind.krx.co.kr/external/2026/08/19/000172/20260819000479/00591.htm,20260819000172,20260819000122
2026post,식품·농업·외식,손오공,코스닥,20260819,1,24,"키즈카페, 놀이시설, 체험형 콘텐츠 공간 등의 운영, 프랜차이즈 및 관련 컨설팅업",기존의 제 2조 (목적) 1~57 전체 삭제 후 사업목적 전체 추가,https://kind.krx.co.kr/external/2026/08/19/000172/20260819000479/00591.htm,20260819000172,20260819000122
2026post,탄소·환경,손오공,코스닥,20260819,1,24,"전기자동차 및 친환경 자동차의 판매, 유통, 임대업과 충전설비의 설치·운영 및 관련 서비스업",기존의 제 2조 (목적) 1~57 전체 삭제 후 사업목적 전체 추가,https://kind.krx.co.kr/external/2026/08/19/000172/20260819000479/00591.htm,20260819000172,20260819000122
2026post,부동산·임대·건설,루멘스바이오스,코스닥,20260818,1,4,"부동산 매매, 투자, 개발, 시행, 분양, 임대업",신규사업을 위한 목적 추가 및 사업목적 정비 등,https://kind.krx.co.kr/external/2026/08/18/000293/20260818000797/00591.htm,20260818000293,20260818000151
2026post,로봇,트윔,코스닥,20260814,9,17,로봇 구조용 부품 제조 | 로봇용 작동 소프트웨어 개발 및 공급 | 로봇 도·소매 및 유통업 | 로봇 임대 서비스 | 로봇공학연구개발 및 기술 서비스 | 로봇 이용 시설관리 및 사업 지원 서비스 | 로봇 교육서비스 | 로봇 이용 예술·스포츠 및 여가 관련 서비스 | 로봇 수리 및 기타 로봇 이용 개인 서비스,- 사업목적 종목 추가,https://kind.krx.co.kr/external/2026/08/14/000133/20260814000327/00591.htm,20260814000133,20260814000199
2026post,클라우드·SW·빅데이터,트윔,코스닥,20260814,1,17,로봇용 작동 소프트웨어 개발 및 공급,- 사업목적 종목 추가,https://kind.krx.co.kr/external/2026/08/14/000133/20260814000327/00591.htm,20260814000133,20260814000199
2026post,부동산·임대·건설,트윔,코스닥,20260814,2,17,금속창호·지붕건축물조립 공사업 | 그 외 기타 건축 마무리 공사업,- 사업목적 종목 추가,https://kind.krx.co.kr/external/2026/08/14/000133/20260814000327/00591.htm,20260814000133,20260814000199
2026post,식품·농업·외식,트윔,코스닥,20260814,1,17,농업·임업용 기계 제조업,- 사업목적 종목 추가,https://kind.krx.co.kr/external/2026/08/14/000133/20260814000327/00591.htm,20260814000133,20260814000199
2026post,교육,트윔,코스닥,20260814,1,17,로봇 교육서비스,- 사업목적 종목 추가,https://kind.krx.co.kr/external/2026/08/14/000133/20260814000327/00591.htm,20260814000133,20260814000199
2026post,AI(인공지능),코윈로보틱스,코스닥,20260813,1,5,"인공지능 기술 기반 로봇 운영 소프트웨어 개발, 판매 및 서비스업",- 사명 변경과 함께 로봇 중심의 미래 경영 전략 반영 및 로봇 사업 확대 목적,https://kind.krx.co.kr/external/2026/08/13/000152/20260813000319/00591.htm,20260813000152,20260813000257
2026post,로봇,코윈로보틱스,코스닥,20260813,5,5,"지능형 로봇 제조, 판매 및 서비스업 | 로봇 구동장치 및 관련 부품 제조, 판매 및 서비스업 | 인공지능 기술 기반 로봇 운영 소프트웨어 개발, 판매 및 서비스업 | 로봇 임대 및 구독형 로봇 서비스업 | 로봇 설치, 시공, 관제, 유지보수 등 시스템 통합업",- 사명 변경과 함께 로봇 중심의 미래 경영 전략 반영 및 로봇 사업 확대 목적,https://kind.krx.co.kr/external/2026/08/13/000152/20260813000319/00591.htm,20260813000152,20260813000257
2026post,클라우드·SW·빅데이터,코윈로보틱스,코스닥,20260813,1,5,"인공지능 기술 기반 로봇 운영 소프트웨어 개발, 판매 및 서비스업",- 사명 변경과 함께 로봇 중심의 미래 경영 전략 반영 및 로봇 사업 확대 목적,https://kind.krx.co.kr/external/2026/08/13/000152/20260813000319/00591.htm,20260813000152,20260813000257
2026post,클라우드·SW·빅데이터,대양금속,유가증권,20260812,1,4,시스템 소프트웨어 개발 및 공급업,사업 다각화를 위한 사업목적 추가,https://kind.krx.co.kr/external/2026/08/12/000446/20260812001200/00591.htm,20260812000446,20260812000523
2026post,드론·UAM,대양금속,유가증권,20260812,2,4,"드론 부품, 소재 기술 개발 | 드론 엔진 개발",사업 다각화를 위한 사업목적 추가,https://kind.krx.co.kr/external/2026/08/12/000446/20260812001200/00591.htm,20260812000446,20260812000523
2026post,엔터·콘텐츠·게임,오픈놀,코스닥,20260812,1,1,일반 영화 및 비디오물 제작업,(1) 경영활동 다양화 사업목적 추가,https://kind.krx.co.kr/external/2026/08/12/000053/20260812000073/00591.htm,20260812000053,20260812000025
2026post,AI(인공지능),아센디오,유가증권,20260810,1,55,"버추얼 아이돌(virtual idol) 및 에이아이(AI, Artificial Intelligence) 캐릭터 기획, 제작, 관련 콘텐츠 사업",사업목적 정비,https://kind.krx.co.kr/external/2026/08/10/000808/20260810001890/00591.htm,20260810000808,20260810000698
2026post,클라우드·SW·빅데이터,아센디오,유가증권,20260810,2,55,"유선, 위성, 방송채널, 음악유선방송, 온라인 방송 플랫폼 등 방송사업 및 온라인 음악 서비스 제공업 | 소프트웨어 개발·제조·판매업",사업목적 정비,https://kind.krx.co.kr/external/2026/08/10/000808/20260810001890/00591.htm,20260810000808,20260810000698
2026post,우주항공,아센디오,유가증권,20260810,1,55,"유선, 위성, 방송채널, 음악유선방송, 온라인 방송 플랫폼 등 방송사업 및 온라인 음악 서비스 제공업",사업목적 정비,https://kind.krx.co.kr/external/2026/08/10/000808/20260810001890/00591.htm,20260810000808,20260810000698
2026post,전자지급·결제(PG·선불),아센디오,유가증권,20260810,2,55,"전자금융업, 전자지급결제대행업(PG, Payment Gateway) | 선불전자지급수단·전자화폐·전자상품권 발행 및 관리업",사업목적 정비,https://kind.krx.co.kr/external/2026/08/10/000808/20260810001890/00591.htm,20260810000808,20260810000698
2026post,바이오·헬스케어,아센디오,유가증권,20260810,6,55,"의료용품 도소매, 수출입업 | 각종 식품, 가공식품, 건강기능식품, 음료 제조·도소매 및 수출입업 | 중소기업 진단·평가·자문, 사업성 평가, 기술향상 용역 및 창업절차 대행업 | 생명공학 및 바이오 미생물 연구개발, 배양, 제조 및 도소매업 | 외국인 환자 유치 등 병원, 의료지원사업 | 의료교육 서비스업",사업목적 정비,https://kind.krx.co.kr/external/2026/08/10/000808/20260810001890/00591.htm,20260810000808,20260810000698
2026post,반려동물(펫),아센디오,유가증권,20260810,2,55,"애완동물, 동물용 사료 및 관련 용품 도소매업 | 애완동물 장묘 및 보호 서비스업",사업목적 정비,https://kind.krx.co.kr/external/2026/08/10/000808/20260810001890/00591.htm,20260810000808,20260810000698
2026post,부동산·임대·건설,아센디오,유가증권,20260810,2,55,"부동산 매매, 임대, 개발, 분양업 | 국내외 부동산 투자자문, 컨설팅 및 공동투자 자문업",사업목적 정비,https://kind.krx.co.kr/external/2026/08/10/000808/20260810001890/00591.htm,20260810000808,20260810000698
2026post,엔터·콘텐츠·게임,아센디오,유가증권,20260810,9,55,"영화, 드라마, 비디오물, 방송 영상물, 게임물 기획·제작·배급·수입·상영·유통 및 투자업 | 음반, 음악 콘텐츠 기획·제작 | 음반 유통·라이선싱업 | 버추얼 아이돌(virtual idol) 및 에이아이(AI, Artificial Intelligence) 캐릭터 기획, 제작, 관련 콘텐츠 사업 | 방송인, 연예인, 스포츠 선수 매니지먼트, 에이전시 및 이스포츠(esports) 구단 운영업 | 공연, 전시, 컨벤션, 문화행사 기획·주최·대행, 공연장 운영 및 영상시설 장비 임대업 | 디지털 콘텐츠 제작, 온라인 동영상 제작자 양성, 디지털 콘텐츠 커뮤니티 운영업 | 방송사업 및 온라인 음악 서비스 제공업 | 유선, 위성, 방송채널, 음악유선방송, 온라인 방송 플랫폼 등 방송사업 및 온라인 음악 서비스 제공업",사업목적 정비,https://kind.krx.co.kr/external/2026/08/10/000808/20260810001890/00591.htm,20260810000808,20260810000698
2026post,화장품·뷰티,아센디오,유가증권,20260810,3,55,"의류, 화장품, 제조·도소매업 및 수출입업 | 피부미용업 | 기타미용업",사업목적 정비,https://kind.krx.co.kr/external/2026/08/10/000808/20260810001890/00591.htm,20260810000808,20260810000698
2026post,식품·농업·외식,아센디오,유가증권,20260810,3,55,"각종 식품, 가공식품, 건강기능식품, 음료 제조·도소매 및 수출입업 | 음식점업 | 동물용 사료 및 조제식품 제조업",사업목적 정비,https://kind.krx.co.kr/external/2026/08/10/000808/20260810001890/00591.htm,20260810000808,20260810000698
2026post,투자·금융,아센디오,유가증권,20260810,2,55,"영화, 드라마, 비디오물, 방송 영상물, 게임물 기획·제작·배급·수입·상영·유통 및 투자업 | 타법인 주식, 출자지분의 취득·보유·관리·처분 등 기타 금융투자업 및 투자자문업",사업목적 정비,https://kind.krx.co.kr/external/2026/08/10/000808/20260810001890/00591.htm,20260810000808,20260810000698
2026post,교육,아센디오,유가증권,20260810,2,55,"의료교육 서비스업 | 연기, 모델, 평생교육시설 등 학원운영업 및 기타 교육 서비스업",사업목적 정비,https://kind.krx.co.kr/external/2026/08/10/000808/20260810001890/00591.htm,20260810000808,20260810000698
2026post,부동산·임대·건설,랩지노믹스,코스닥,20260810,1,1,부동산의 임대 및 관리업과 이에 부수하는 일체의 사업,자산 효율화 및 중장기적 수익원 창출,https://kind.krx.co.kr/external/2026/08/10/000687/20260810001698/00591.htm,20260810000687,20260810000653
2026post,클라우드·SW·빅데이터,지놈앤컴퍼니,코스닥,20260806,2,6,"지능형 에이전트 소프트웨어, 제조 및 판매업 | 화장품, 식품, 건강기능식품, 광고, 소프트웨어 개발 관련 기업에 대한 투자 및 경영지원업",- 핵심사업인 신약개발사업 및 컨슈머사업 강화 - 사업목적 정비,https://kind.krx.co.kr/external/2026/08/06/000369/20260806001010/00591.htm,20260806000369,20260806000374
2026post,바이오·헬스케어,지놈앤컴퍼니,코스닥,20260806,1,6,"화장품, 식품, 건강기능식품, 광고, 소프트웨어 개발 관련 기업에 대한 투자 및 경영지원업",- 핵심사업인 신약개발사업 및 컨슈머사업 강화 - 사업목적 정비,https://kind.krx.co.kr/external/2026/08/06/000369/20260806001010/00591.htm,20260806000369,20260806000374
2026post,화장품·뷰티,지놈앤컴퍼니,코스닥,20260806,2,6,"화장품 및 관련 제품 판매, 유통, 도소매업 | 화장품, 식품, 건강기능식품, 광고, 소프트웨어 개발 관련 기업에 대한 투자 및 경영지원업",- 핵심사업인 신약개발사업 및 컨슈머사업 강화 - 사업목적 정비,https://kind.krx.co.kr/external/2026/08/06/000369/20260806001010/00591.htm,20260806000369,20260806000374
2026post,식품·농업·외식,지놈앤컴퍼니,코스닥,20260806,1,6,"화장품, 식품, 건강기능식품, 광고, 소프트웨어 개발 관련 기업에 대한 투자 및 경영지원업",- 핵심사업인 신약개발사업 및 컨슈머사업 강화 - 사업목적 정비,https://kind.krx.co.kr/external/2026/08/06/000369/20260806001010/00591.htm,20260806000369,20260806000374
2026post,데이터센터,에이텀,코스닥,20260804,1,8,"서버 및 데이터센터용 전원공급장치, 전력변환장치, 전력관리장치 및 관련 부품 제조 및 판매업",사업목적 구체화를 위한 변경,https://kind.krx.co.kr/external/2026/08/04/000540/20260804001257/00591.htm,20260804000540,20260804000382
2026post,신재생·에너지·전력,에이텀,코스닥,20260804,3,8,"서버 및 데이터센터용 전원공급장치, 전력변환장치, 전력관리장치 및 관련 부품 제조 및 판매업 | 자성부품, 변압기, 인덕터(Inductor), 코일, 필터, 전력모듈(module) 및 그 밖의 전력전자부품 제조 및 판매업 | 전기발전기, 전원공급장치, 전력변환장치 및 전력관리장치 제조 및 판매업",사업목적 구체화를 위한 변경,https://kind.krx.co.kr/external/2026/08/04/000540/20260804001257/00591.htm,20260804000540,20260804000382
2026post,모빌리티·전기차·자율주행,에이텀,코스닥,20260804,1,8,"전기자동차, 친환경자동차 및 친환경 모빌리티(Mobility)용 전자·전기기기, 전장부품 제조 및 판매업",사업목적 구체화를 위한 변경,https://kind.krx.co.kr/external/2026/08/04/000540/20260804001257/00591.htm,20260804000540,20260804000382
2026post,부동산·임대·건설,에이텀,코스닥,20260804,1,8,부동산 임대업,사업목적 구체화를 위한 변경,https://kind.krx.co.kr/external/2026/08/04/000540/20260804001257/00591.htm,20260804000540,20260804000382
2026post,탄소·환경,에이텀,코스닥,20260804,1,8,"전기자동차, 친환경자동차 및 친환경 모빌리티(Mobility)용 전자·전기기기, 전장부품 제조 및 판매업",사업목적 구체화를 위한 변경,https://kind.krx.co.kr/external/2026/08/04/000540/20260804001257/00591.htm,20260804000540,20260804000382
2026post,클라우드·SW·빅데이터,코퍼스코리아,코스닥,20260730,3,14,"종합 온라인 쇼핑몰 및 커머스 플랫폼 구축·운영업 | 블록체인 및 분산원장 기술을 활용한 토큰증권, 조각투자상품의 발행·유통·관리 및 관련 플랫폼의 개발·운영업 | 가상자산 기타 디지털자산의 발행·유통·관리 및 관련 플랫폼의 개발·운영업",사업다각화를 위한 사업목적추가,https://kind.krx.co.kr/external/2026/07/30/000882/20260730001921/00591.htm,20260730000882,20260730000517
2026post,디지털자산·블록체인·STO(스테이블코인),코퍼스코리아,코스닥,20260730,4,14,"디지털 굿즈 및 디지털 자산의 기획·제작·발행 및 판매업 | 블록체인 및 분산원장 기술을 활용한 토큰증권, 조각투자상품의 발행·유통·관리 및 관련 플랫폼의 개발·운영업 | 콘텐츠 및 기타 지식재산권을 기초자산으로 하 는 토큰증권(STO)의 기획 및 발행업 | 가상자산 기타 디지털자산의 발행·유통·관리 및 관련 플랫폼의 개발·운영업",사업다각화를 위한 사업목적추가,https://kind.krx.co.kr/external/2026/07/30/000882/20260730001921/00591.htm,20260730000882,20260730000517
2026post,엔터·콘텐츠·게임,코퍼스코리아,코스닥,20260730,5,14,캐릭터·콘텐츠 지식재산권(IP)의 상품화 및 머천다이징 사업 | 콘텐츠 연계 상품의 기획·디자인·개발 및 제조업 | 라이브커머스 및 콘텐츠 커머스 기획·제작·운영업 | 콘텐츠 및 기타 지식재산권을 기초자산으로 하 는 토큰증권(STO)의 기획 및 발행업 | 디지털 콘텐츠 상품 및 멤버십·구독 서비스업,사업다각화를 위한 사업목적추가,https://kind.krx.co.kr/external/2026/07/30/000882/20260730001921/00591.htm,20260730000882,20260730000517
2026post,식품·농업·외식,코퍼스코리아,코스닥,20260730,2,14,식음료·디저트 등 F&B 상품의 기획·개발 및 판매업 | 콜라보레이션 카페·팝업스토어 등 F&B 매장 운영업,사업다각화를 위한 사업목적추가,https://kind.krx.co.kr/external/2026/07/30/000882/20260730001921/00591.htm,20260730000882,20260730000517
2026post,AI(인공지능),한울반도체,코스닥,20260728,2,9,"임베디드·프로그래머블 제어보드, AI 추론보드, 연산가속기 및 관련 모듈의 개발, 제조 및 판매업 | AI 기반 검사·학습·추론 및 데이터 분석 소프트웨어의 개발, 공급, 운영과 클라우드·SaaS 서비스업",미영위 사업목적 삭제 및 신규사업목적 추가,https://kind.krx.co.kr/external/2026/07/28/000876/20260728001858/00591.htm,20260728000876,20260728000480
2026post,클라우드·SW·빅데이터,한울반도체,코스닥,20260728,1,9,"AI 기반 검사·학습·추론 및 데이터 분석 소프트웨어의 개발, 공급, 운영과 클라우드·SaaS 서비스업",미영위 사업목적 삭제 및 신규사업목적 추가,https://kind.krx.co.kr/external/2026/07/28/000876/20260728001858/00591.htm,20260728000876,20260728000480
2026post,탄소·환경,한울소재과학,코스닥,20260728,2,5,환경관리대행업 ( 2026.08.12 추가 ) | 환경 컨설팅업 ( 2026.08.12 추가 ),사업목적 정비 및 추가,https://kind.krx.co.kr/external/2026/07/28/000790/20260728001721/00591.htm,20260728000790,20260728000441
2026post,AI(인공지능),이노진,코스닥,20260723,2,9,"영상콘텐츠, 영화, 방송 프로그램, 공연, 문화행사, 음반, 출판, AI 영상프로그램 기획 및 제작업 | 영상콘텐츠, 영화, 방송 프로그램, 공연, 문화행사, 음반, 출판, AI 영상프로그램 배급 및 유통업",1. 문화콘텐츠 사업과의 결합을 통한 기존 사업 제품마케팅 강화 2. 사업다각화,https://kind.krx.co.kr/external/2026/07/23/000612/20260723001353/00591.htm,20260723000612,20260723000423
2026post,부동산·임대·건설,이노진,코스닥,20260723,1,9,"부동산 개발 및 임대, 매매업",1. 문화콘텐츠 사업과의 결합을 통한 기존 사업 제품마케팅 강화 2. 사업다각화,https://kind.krx.co.kr/external/2026/07/23/000612/20260723001353/00591.htm,20260723000612,20260723000423
2026post,엔터·콘텐츠·게임,이노진,코스닥,20260723,3,9,"영상콘텐츠, 영화, 방송 프로그램, 공연, 문화행사, 음반, 출판, AI 영상프로그램 기획 및 제작업 | 영상콘텐츠, 영화, 방송 프로그램, 공연, 문화행사, 음반, 출판, AI 영상프로그램 배급 및 유통업 | 연예인 및 스포츠 선수 등 기타 공인 매니지먼트업",1. 문화콘텐츠 사업과의 결합을 통한 기존 사업 제품마케팅 강화 2. 사업다각화,https://kind.krx.co.kr/external/2026/07/23/000612/20260723001353/00591.htm,20260723000612,20260723000423
2026post,AI(인공지능),모비데이즈,코스닥,20260723,3,8,"인공지능(AI), 빅데이터 및 자동화 기술을 활용한 광고 성과 분석, 미디어 운영 자동화, 고객 데이터 분석 및 마케팅 자동화 서비스업 | 인공지능 전환, 디지털 전환 및 마케팅 전환 관련 컨설팅, 시스템 구축, 운영, 교육 및 관련 서비스업 | 검색엔진 및 생성형 인공지능 기반 검색·추천·답변 최적화 컨설팅, 솔루션 개발 및 서비스업","생성형 AI 검색 환경, 마케팅 자동화, AI/DX 전환 컨설팅, 플랫폼/SaaS, IP 라이선스 및 국내외 브랜드·상품 유통, 전자상거래·통신판매중개 등 커머스 사업 확장을 반영",https://kind.krx.co.kr/external/2026/07/23/000317/20260723000763/00591.htm,20260723000317,20260723000186
2026post,클라우드·SW·빅데이터,모비데이즈,코스닥,20260723,2,8,"인공지능(AI), 빅데이터 및 자동화 기술을 활용한 광고 성과 분석, 미디어 운영 자동화, 고객 데이터 분석 및 마케팅 자동화 서비스업 | 플랫폼, 모바일 애플리케이션 응용프로그램 인터페이스(API), 소프트웨어 개발 키트(SDK), 서비스형 소프트웨어(SaaS) 및 클라우드 기반 서비스의 개발, 공급, 운영 및 유지보수업","생성형 AI 검색 환경, 마케팅 자동화, AI/DX 전환 컨설팅, 플랫폼/SaaS, IP 라이선스 및 국내외 브랜드·상품 유통, 전자상거래·통신판매중개 등 커머스 사업 확장을 반영",https://kind.krx.co.kr/external/2026/07/23/000317/20260723000763/00591.htm,20260723000317,20260723000186
2026post,엔터·콘텐츠·게임,모비데이즈,코스닥,20260723,2,8,"국내외 브랜드, 상품, 콘텐츠 및 지식재산권(IP)의 수입, 유통, 총판, 판매, 라이선스 및 관련 부대사업 | 지식재산권(IP), 브랜드, 캐릭터, 콘텐츠 권리의 개발, 취득, 관리, 중개, 판매, 이용허락, 라이선스 및 관련 부대사업","생성형 AI 검색 환경, 마케팅 자동화, AI/DX 전환 컨설팅, 플랫폼/SaaS, IP 라이선스 및 국내외 브랜드·상품 유통, 전자상거래·통신판매중개 등 커머스 사업 확장을 반영",https://kind.krx.co.kr/external/2026/07/23/000317/20260723000763/00591.htm,20260723000317,20260723000186
2026post,교육,모비데이즈,코스닥,20260723,1,8,"인공지능 전환, 디지털 전환 및 마케팅 전환 관련 컨설팅, 시스템 구축, 운영, 교육 및 관련 서비스업","생성형 AI 검색 환경, 마케팅 자동화, AI/DX 전환 컨설팅, 플랫폼/SaaS, IP 라이선스 및 국내외 브랜드·상품 유통, 전자상거래·통신판매중개 등 커머스 사업 확장을 반영",https://kind.krx.co.kr/external/2026/07/23/000317/20260723000763/00591.htm,20260723000317,20260723000186
2026post,탄소·환경,주성코퍼레이션,유가증권,20260722,1,4,폐기물 운송사업,사업목적 추가,https://kind.krx.co.kr/external/2026/07/22/000441/20260722001156/00591.htm,20260722000441,20260722000302
2026post,클라우드·SW·빅데이터,바이브컴퍼니,코스닥,20260722,1,3,유전자 정보 데이터베이스 구축 사업,사업목적 다각화,https://kind.krx.co.kr/external/2026/07/22/000414/20260722001111/00591.htm,20260722000414,20260722000271
2026post,바이오·헬스케어,바이브컴퍼니,코스닥,20260722,2,3,유전자 정보 데이터베이스 구축 사업 | 유전자 정보를 이용한 상업화 사업,사업목적 다각화,https://kind.krx.co.kr/external/2026/07/22/000414/20260722001111/00591.htm,20260722000414,20260722000271
2026post,화장품·뷰티,바이브컴퍼니,코스닥,20260722,1,3,화장품 판매 및 유통업,사업목적 다각화,https://kind.krx.co.kr/external/2026/07/22/000414/20260722001111/00591.htm,20260722000414,20260722000271
2026post,AI(인공지능),SDN,코스닥,20260721,1,3,"데이터센터, 인터넷데이터센터(IDC), AI 데이터센터 및 집적정보통신시설의 기획, 개발, 구축, 소유, 임대, 운영 및 관리업",사업목적 추가,https://kind.krx.co.kr/external/2026/07/21/000660/20260721002239/00591.htm,20260721000660,20260721000680
2026post,데이터센터,SDN,코스닥,20260721,3,3,"데이터센터, 인터넷데이터센터(IDC), AI 데이터센터 및 집적정보통신시설의 기획, 개발, 구축, 소유, 임대, 운영 및 관리업 | 데이터센터의 설계, 구축, 이전, 운영, 유지보수 및 이와 관련된 컨설팅, 용역, 공사업 | 데이터센터 관련 에너지 효율화, 신재생에너지 및 탄소배출권 관련 사업",사업목적 추가,https://kind.krx.co.kr/external/2026/07/21/000660/20260721002239/00591.htm,20260721000660,20260721000680
2026post,신재생·에너지·전력,SDN,코스닥,20260721,1,3,"데이터센터 관련 에너지 효율화, 신재생에너지 및 탄소배출권 관련 사업",사업목적 추가,https://kind.krx.co.kr/external/2026/07/21/000660/20260721002239/00591.htm,20260721000660,20260721000680
2026post,탄소·환경,SDN,코스닥,20260721,1,3,"데이터센터 관련 에너지 효율화, 신재생에너지 및 탄소배출권 관련 사업",사업목적 추가,https://kind.krx.co.kr/external/2026/07/21/000660/20260721002239/00591.htm,20260721000660,20260721000680
2026post,데이터센터,틸론,코넥스,20260721,1,2,"데이터센터 구축, 운영, 관리 및 임대업",- 사업 목적 추가,https://kind.krx.co.kr/external/2026/07/21/000377/20260721001175/00591.htm,20260721000377,20260721000329
2026post,부동산·임대·건설,MSDI,코스닥,20260716,1,1,"관련 법령상 허용되는 범위 내에서 국내외 부동산, 주식 기타 유가증권, 금전채권, 부실채권 기타 채권 등 기타 자산에 대한 투자 및 관련 부대사업",사업 목적 다각화,https://kind.krx.co.kr/external/2026/07/16/000221/20260716000623/00591.htm,20260716000221,20260716000278
2026post,신재생·에너지·전력,비비안,유가증권,20260715,27,31,풍력발전 설비업 및 제조업 | 풍력발전 관련 기술 개발업 | 풍력발전 관련 컨설팅 및 지원 서비스업 | 풍력발전 전문 유지보수 서비스업 | 풍력발전 기자재 및 부품 판매업 | 소형풍력발전 등 그린 홈 및 그린에너지 보급사업 대행업 | 풍력발전사업 | 태양광 설비업 및 제조업 | 태양광 관련 기술 개발업 | 태양광 관련 컨설팅 및 지원 서비스업 | 태양광 전문 유지보수 서비스업 | 태양광 기자재 및 부품 판매업 | 태양광발전사업 | 수소에너지 설비업 및 제조업 | 수소에너지 관련 기술 개발업 | 수소에너지 관련 컨설팅 및 지원 서비스업 | 수소에너지 전문 유지보수 서비스업 | 수소에너지 기자재 및 부품 판매업 | 수소에너지발전사업 | 신재생에너지 사업계획 컨설팅업 | 신재생에너지 사업장 위탁관리 및 대행업 |,신규사업 진출을 위한 목적사업 추가,https://kind.krx.co.kr/external/2026/07/15/000539/20260715001535/00591.htm,20260715000539,20260715000384
2026post,클라우드·SW·빅데이터,MDS스피어,유가증권,20260715,1,4,"소프트웨어 및 솔루션 개발, 자문, 공급 및 서비스업",사업목적 추가,https://kind.krx.co.kr/external/2026/07/15/000531/20260715001509/00591.htm,20260715000531,20260715000379
2026post,교육,MDS스피어,유가증권,20260715,1,4,"IT 시스템 및 솔루션의 개발 자문, 컨설팅업, 장비 관련 무역업, 관련 교육업",사업목적 추가,https://kind.krx.co.kr/external/2026/07/15/000531/20260715001509/00591.htm,20260715000531,20260715000379
2026post,화장품·뷰티,아리바이오LAB,코스닥,20260715,4,4,"화장품 제조업 | 화장품 판매업(도·소매 및 수출입 포함) | 기능성화장품 개발, 제조 및 판매업 | 피부미용 관련 제품 개발, 제조 및 판매업",사업목적 추가,https://kind.krx.co.kr/external/2026/07/15/000490/20260715001420/00591.htm,20260715000490,20260715000356
2026post,바이오·헬스케어,바이오인프라생명과학,코넥스,20260714,3,6,의료관광 알선 및 지원업 | 국제의료사업 컨설팅업 | 의료기관과의 업무제휴 및 운영지원업,사업의 목적 추가,https://kind.krx.co.kr/external/2026/07/14/000489/20260714001111/00591.htm,20260714000489,20260714000307
2026post,클라우드·SW·빅데이터,슈프리마에이치큐,코스닥,20260713,2,8,"소프트웨어 개발 및 공급업 | 영상감시, 영상관제 시스템 및 관련 소프트웨어, 하드웨어의 개발, 제조 및 판매 및 구축업",기존 사업과 연계된 기술 및 서비스 확장에 따른 사업목적 추가,https://kind.krx.co.kr/external/2026/07/13/000656/20260713001461/00591.htm,20260713000656,20260713000409
2026post,바이오·헬스케어,세니젠,코스닥,20260710,4,6,"의료기기 및 피부미용 기기의 연구개발, 제조, 수입, 수출, 도소매 및 판매업 | 바이오 의약품, 백신 및 약물중독 치료ㆍ예방용 치료제의 연구개발, 제조, 가공, 수출입 및 판매업 | 의약품ㆍ의료기기 및 미용제품 관련 지식재산권의 취득, 관리, 라이선스 및 기술이전업 | 국내외 바이오ㆍ헬스케어 기업에 대한 투자, 지분 취득, 경영 참여 및 경영 자문업",사업목적 확장 사업목적 확장 사업목적 확장 사업다각에 따른 사업목적 추가 및 조문변호 변경,https://kind.krx.co.kr/external/2026/07/10/000454/20260710001061/00591.htm,20260710000454,20260710000308
2026post,화장품·뷰티,세니젠,코스닥,20260710,3,6,"화장품, 기능성화장품 및 의약외품의 제조, 수입, 수출 및 판매업 | 의료기기 및 피부미용 기기의 연구개발, 제조, 수입, 수출, 도소매 및 판매업 | 의약품ㆍ의료기기 및 미용제품 관련 지식재산권의 취득, 관리, 라이선스 및 기술이전업",사업목적 확장 사업목적 확장 사업목적 확장 사업다각에 따른 사업목적 추가 및 조문변호 변경,https://kind.krx.co.kr/external/2026/07/10/000454/20260710001061/00591.htm,20260710000454,20260710000308
2026post,신재생·에너지·전력,DH오토넥스,유가증권,20260709,1,6,"차량용 액체수소 저장용기 및 수소연료탱크 제조, 판매 및 관련 기술개발업",미영위 사업 삭제 및 영위사업 구체화,https://kind.krx.co.kr/external/2026/07/09/000713/20260709001744/00591.htm,20260709000713,20260709000687
2026post,모빌리티·전기차·자율주행,DH오토넥스,유가증권,20260709,1,6,"차량용 HOD(핸즈오프감지) 시스템, 열선 및 관련 전장부품 제조, 판매업",미영위 사업 삭제 및 영위사업 구체화,https://kind.krx.co.kr/external/2026/07/09/000713/20260709001744/00591.htm,20260709000713,20260709000687
2026post,부동산·임대·건설,DH오토넥스,유가증권,20260709,1,6,부동산 개발 및 임대업,미영위 사업 삭제 및 영위사업 구체화,https://kind.krx.co.kr/external/2026/07/09/000713/20260709001744/00591.htm,20260709000713,20260709000687
2026post,탄소·환경,DH오토넥스,유가증권,20260709,1,6,탄소 발열체 및 관련부품 제조 판매업,미영위 사업 삭제 및 영위사업 구체화,https://kind.krx.co.kr/external/2026/07/09/000713/20260709001744/00591.htm,20260709000713,20260709000687
2026post,AI(인공지능),윙스풋,코스닥,20260708,1,2,"인공지능(AI)기반 의료용 및 일반용 소프트웨어 및 의료기기 제조, 판매, 수출입업",사업영역 확대및 성장동력 확보,https://kind.krx.co.kr/external/2026/07/08/000218/20260708000433/00591.htm,20260708000218,20260708000107
2026post,클라우드·SW·빅데이터,윙스풋,코스닥,20260708,1,2,"인공지능(AI)기반 의료용 및 일반용 소프트웨어 및 의료기기 제조, 판매, 수출입업",사업영역 확대및 성장동력 확보,https://kind.krx.co.kr/external/2026/07/08/000218/20260708000433/00591.htm,20260708000218,20260708000107
2026post,바이오·헬스케어,윙스풋,코스닥,20260708,2,2,"인공지능(AI)기반 의료용 및 일반용 소프트웨어 및 의료기기 제조, 판매, 수출입업 | 건강기능식품, 일반식품, 혼합음료 및 다류 등의 제조,가공, 유통 및 판매업",사업영역 확대및 성장동력 확보,https://kind.krx.co.kr/external/2026/07/08/000218/20260708000433/00591.htm,20260708000218,20260708000107
2026post,식품·농업·외식,윙스풋,코스닥,20260708,1,2,"건강기능식품, 일반식품, 혼합음료 및 다류 등의 제조,가공, 유통 및 판매업",사업영역 확대및 성장동력 확보,https://kind.krx.co.kr/external/2026/07/08/000218/20260708000433/00591.htm,20260708000218,20260708000107
2026post,클라우드·SW·빅데이터,조이웍스앤코,코스닥,20260703,1,18,소프트웨어 개발 및 용역업,사업 다각화를 위한 목적 사업 추가,https://kind.krx.co.kr/external/2026/07/03/000988/20260703002200/00591.htm,20260703000988,20260703000634
2026post,원전·원자력,조이웍스앤코,코스닥,20260703,2,18,원자력시설 차폐공사 및 방사선 관리 | 원자력엔지니어링 및 관련 기술 서비스업,사업 다각화를 위한 목적 사업 추가,https://kind.krx.co.kr/external/2026/07/03/000988/20260703002200/00591.htm,20260703000988,20260703000634
2026post,모빌리티·전기차·자율주행,조이웍스앤코,코스닥,20260703,1,18,자동차부품 제조업,사업 다각화를 위한 목적 사업 추가,https://kind.krx.co.kr/external/2026/07/03/000988/20260703002200/00591.htm,20260703000988,20260703000634
2026post,부동산·임대·건설,조이웍스앤코,코스닥,20260703,2,18,건축용 플라스틱 조립제품 제조업 | 건설기술용역업(조사·설계·사업관리·감리 포함),사업 다각화를 위한 목적 사업 추가,https://kind.krx.co.kr/external/2026/07/03/000988/20260703002200/00591.htm,20260703000988,20260703000634
2026post,탄소·환경,조이웍스앤코,코스닥,20260703,1,18,방사성폐기물 제염해체 및 처분,사업 다각화를 위한 목적 사업 추가,https://kind.krx.co.kr/external/2026/07/03/000988/20260703002200/00591.htm,20260703000988,20260703000634
2026post,부동산·임대·건설,엔지켐생명과학,코스닥,20260703,1,4,"모듈러 주택 및 임시숙박시설의 설계, 제조, 조립 및 설치업",사업단지 개발·운영 등 신사업 추진 관련 사업목적 추가,https://kind.krx.co.kr/external/2026/07/03/000963/20260703002161/00591.htm,20260703000963,20260703000618
2026post,로봇,서울전자통신,코스닥,20260701,1,10,"로봇 하드웨어 및 소프트웨어의 개발, 제조, 판매 및 서비스업",사업 다각화를 위한 목적사업 추가,https://kind.krx.co.kr/external/2026/07/01/001061/20260701002559/00591.htm,20260701001061,20260701000698
2026post,클라우드·SW·빅데이터,서울전자통신,코스닥,20260701,1,10,"로봇 하드웨어 및 소프트웨어의 개발, 제조, 판매 및 서비스업",사업 다각화를 위한 목적사업 추가,https://kind.krx.co.kr/external/2026/07/01/001061/20260701002559/00591.htm,20260701001061,20260701000698
2026post,바이오·헬스케어,서울전자통신,코스닥,20260701,3,10,"의료용, 환경 및 공업용 화학 및 바이오센서의 개발, 제조, 판매 및 수출입업 | 각종 의료용 시약, 센서 및 계측기의 개발, 제조, 판매 및 수출입업 | 의약외품 및 의료용품 제조, 판매 및 수출입업",사업 다각화를 위한 목적사업 추가,https://kind.krx.co.kr/external/2026/07/01/001061/20260701002559/00591.htm,20260701001061,20260701000698
2026post,2차전지·배터리,서울전자통신,코스닥,20260701,1,10,"배터리 CELL, 배터리 PACK의 수입, 개발, 제조, 판매 및 수출입업",사업 다각화를 위한 목적사업 추가,https://kind.krx.co.kr/external/2026/07/01/001061/20260701002559/00591.htm,20260701001061,20260701000698
2026post,모빌리티·전기차·자율주행,서울전자통신,코스닥,20260701,1,10,"자동차 부품의 제조, 판매 및 수출입업",사업 다각화를 위한 목적사업 추가,https://kind.krx.co.kr/external/2026/07/01/001061/20260701002559/00591.htm,20260701001061,20260701000698
2026post,화장품·뷰티,서울전자통신,코스닥,20260701,1,10,"화장품의 제조, 판매 및 수출입업",사업 다각화를 위한 목적사업 추가,https://kind.krx.co.kr/external/2026/07/01/001061/20260701002559/00591.htm,20260701001061,20260701000698
2026post,식품·농업·외식,서울전자통신,코스닥,20260701,1,10,"생활용품, 식품, 의류, 장신구의 제조, 판매 및 수출입업",사업 다각화를 위한 목적사업 추가,https://kind.krx.co.kr/external/2026/07/01/001061/20260701002559/00591.htm,20260701001061,20260701000698
2026post,탄소·환경,서울전자통신,코스닥,20260701,1,10,"의료용, 환경 및 공업용 화학 및 바이오센서의 개발, 제조, 판매 및 수출입업",사업 다각화를 위한 목적사업 추가,https://kind.krx.co.kr/external/2026/07/01/001061/20260701002559/00591.htm,20260701001061,20260701000698
2026post,로봇,한울앤제주,코스닥,20260701,3,14,"방위산업 제품, 군수품 및 소방용 미사일·소방 로봇의 제조, 가공 및 판매업 | 국방·소방·산업·재난 구조용 로봇의 연구개발, 생산, 유통, 영업, 무역 및 수출입업 | 방위산업, 소방, 재난 구조 및 로봇 공학 관련 기술 연구개발, 기술 용역 및 컨설팅업",사업 다각화,https://kind.krx.co.kr/external/2026/07/01/000802/20260701002088/00591.htm,20260701000802,20260701000583
2026post,방산,한울앤제주,코스닥,20260701,6,14,"방위산업 제품, 군수품 및 소방용 미사일·소방 로봇의 제조, 가공 및 판매업 | 유도무기, 미사일, 로켓 및 정밀 무기 체계의 생산, 정비, 유지보수 및 성능개량업 | 총포, 탄약, 정밀 무기 체계 부품 및 군용 장비 제조, 판매 및 정비업 | 국방·소방·산업·재난 구조용 로봇의 연구개발, 생산, 유통, 영업, 무역 및 수출입업 | 군용 물자 유통, 군납(PX) 및 군수 장비 입찰 유통업 | 방위산업, 소방, 재난 구조 및 로봇 공학 관련 기술 연구개발, 기술 용역 및 컨설팅업",사업 다각화,https://kind.krx.co.kr/external/2026/07/01/000802/20260701002088/00591.htm,20260701000802,20260701000583
2026post,우주항공,한울앤제주,코스닥,20260701,1,14,"유도무기, 미사일, 로켓 및 정밀 무기 체계의 생산, 정비, 유지보수 및 성능개량업",사업 다각화,https://kind.krx.co.kr/external/2026/07/01/000802/20260701002088/00591.htm,20260701000802,20260701000583
2026post,모빌리티·전기차·자율주행,한울앤제주,코스닥,20260701,1,14,"전기자동차, 전기버스, 전기자전거, 전기오토바이 등 친환경·전기 모빌리티의 연구개발, 제조, 판매, 유통, 정비 및 수출입업",사업 다각화,https://kind.krx.co.kr/external/2026/07/01/000802/20260701002088/00591.htm,20260701000802,20260701000583
2026post,부동산·임대·건설,한울앤제주,코스닥,20260701,2,14,"도시개발사업, 지역개발사업 및 산업단지 조성·분양 사업 | 부동산 및 개발 사업 관련 타당성 조사, 대행, 용역 및 컨설팅업",사업 다각화,https://kind.krx.co.kr/external/2026/07/01/000802/20260701002088/00591.htm,20260701000802,20260701000583
2026post,식품·농업·외식,한울앤제주,코스닥,20260701,1,14,"커피 원두 가공, 로스팅, 도소매 및 식품 유통 (이하 2026.07.16 개정)",사업 다각화,https://kind.krx.co.kr/external/2026/07/01/000802/20260701002088/00591.htm,20260701000802,20260701000583
2026post,탄소·환경,한울앤제주,코스닥,20260701,1,14,"전기자동차, 전기버스, 전기자전거, 전기오토바이 등 친환경·전기 모빌리티의 연구개발, 제조, 판매, 유통, 정비 및 수출입업",사업 다각화,https://kind.krx.co.kr/external/2026/07/01/000802/20260701002088/00591.htm,20260701000802,20260701000583
2026post,AI(인공지능),폴라리스AI핸디,코스닥,20260630,2,9,"인공지능 기반 로봇 솔루션 개발 및 공급업 | 지능형 로봇, 산업용 로봇, 협동 로봇, 인공지능 기반 소프트웨어 기술개발 및 서비스업",사업다각화 추진,https://kind.krx.co.kr/external/2026/06/30/001354/20260630002594/00591.htm,20260630001354,20260630001018
2026post,로봇,폴라리스AI핸디,코스닥,20260630,9,9,"인공지능 기반 로봇 솔루션 개발 및 공급업 | 로봇 소프트웨어 개발 및 서비스업 | 로봇 시스템 통합 사업 | 로봇 유지보수 및 운영 서비스업 | 로봇 관련 연구개발 및 기술사업화업 | 로봇 제조 및 판매업, 로보틱스 기술 개발 및 서비스업 | 지능형 로봇, 산업용 로봇, 협동 로봇, 인공지능 기반 소프트웨어 기술개발 및 서비스업 | 산업용, 서비스용 로봇의 개발, 제조 및 판매업 | 로봇 부품 및 모듈의 개발, 제조 및 판매업",사업다각화 추진,https://kind.krx.co.kr/external/2026/06/30/001354/20260630002594/00591.htm,20260630001354,20260630001018
2026post,클라우드·SW·빅데이터,폴라리스AI핸디,코스닥,20260630,2,9,"로봇 소프트웨어 개발 및 서비스업 | 지능형 로봇, 산업용 로봇, 협동 로봇, 인공지능 기반 소프트웨어 기술개발 및 서비스업",사업다각화 추진,https://kind.krx.co.kr/external/2026/06/30/001354/20260630002594/00591.htm,20260630001354,20260630001018
2026post,로봇,휴림에이텍,코스닥,20260630,3,11,"군사용로봇 부품 제조 및 판매업 | 폭발물처리 로봇 훈련장 설치, 운영, 관리업 | X-Ray, 폭발물처리로봇 제조, 판매 및 유지보수업",- 사업목적 다각화,https://kind.krx.co.kr/external/2026/06/30/001173/20260630002294/00591.htm,20260630001173,20260630000904
2026post,로봇,삼현,코스닥,20260630,1,7,산업용로봇 제조 및 판매업,신규 사업 영역 추가,https://kind.krx.co.kr/external/2026/06/30/000398/20260630000971/00591.htm,20260630000398,20260630000383
2026post,클라우드·SW·빅데이터,삼현,코스닥,20260630,1,7,"응용 소프트웨어 개발 및 공급, 판매, 관련서비스업",신규 사업 영역 추가,https://kind.krx.co.kr/external/2026/06/30/000398/20260630000971/00591.htm,20260630000398,20260630000383
2026post,로봇,아이로보틱스,코스닥,20260626,1,11,로봇 무인 자동화 시스템 개발 및 제조업,사업 다각화를 위한 사업목적 추가 및 조문 정비,https://kind.krx.co.kr/external/2026/06/26/000898/20260626001855/00591.htm,20260626000898,20260626000568
2026post,방산,셀레믹스,코스닥,20260626,1,4,방산 및 바이오분야 절충교역(Offset Trade) 관련 사업,사업의 목적 변경 및 확대,https://kind.krx.co.kr/external/2026/06/26/000750/20260626001575/00591.htm,20260626000750,20260626000473
2026post,바이오·헬스케어,셀레믹스,코스닥,20260626,3,4,"바이오 및 헬스케어 관련 기술개발, 기술 이전 및 라이선스 사업 및 헬스케어 제품 판매업 | 의료기관 경영지원 및 컨설팅업 | 방산 및 바이오분야 절충교역(Offset Trade) 관련 사업",사업의 목적 변경 및 확대,https://kind.krx.co.kr/external/2026/06/26/000750/20260626001575/00591.htm,20260626000750,20260626000473
2026post,투자·금융,셀레믹스,코스닥,20260626,1,4,"투자조합, 신기술사업투자조합, 사모집합투자기구(PEF) 등 각종 투자조합 및 펀드의 설립, 출자, 운용업",사업의 목적 변경 및 확대,https://kind.krx.co.kr/external/2026/06/26/000750/20260626001575/00591.htm,20260626000750,20260626000473
2026post,로봇,파워넷,코스닥,20260623,1,1,로봇 구동모듈 및 관련 제품의 제조 및 판매업,- 신사업부문 사업목적 추가,https://kind.krx.co.kr/external/2026/06/23/000611/20260623001431/00591.htm,20260623000611,20260623000328
2026post,바이오·헬스케어,콜마바이오텍,코스닥,20260623,3,8,"원료의약품, 의약품 중간체 및 화학소재의 연구, 개발, 제조 및 판매업 | 동물용(반려동물포함) 의약품 원료 및 제품의 연구개발, 제조 및 판매업 | 동물용(반려동물포함) 음료 및 건강기능식품의 연구개발, 제조 및 판매업",사업 다각화에 따른 사업 목적 추가,https://kind.krx.co.kr/external/2026/06/23/000334/20260623000827/00591.htm,20260623000334,20260623000196
2026post,반려동물(펫),콜마바이오텍,코스닥,20260623,3,8,"동물용(반려동물포함) 의약품 원료 및 제품의 연구개발, 제조 및 판매업 | 동물용(반려동물포함) 사료 및 사료첨가 소재의 연구개발, 제조 및 판매업 | 동물용(반려동물포함) 음료 및 건강기능식품의 연구개발, 제조 및 판매업",사업 다각화에 따른 사업 목적 추가,https://kind.krx.co.kr/external/2026/06/23/000334/20260623000827/00591.htm,20260623000334,20260623000196
2026post,화장품·뷰티,콜마바이오텍,코스닥,20260623,3,8,화장품 원료의 연구개발업 | 화장품 원료의 제조 및 판매업 | 화장품 원료의 기술자문 및 마케팅 자문업,사업 다각화에 따른 사업 목적 추가,https://kind.krx.co.kr/external/2026/06/23/000334/20260623000827/00591.htm,20260623000334,20260623000196
2026post,식품·농업·외식,콜마바이오텍,코스닥,20260623,2,8,"식품 원료, 식품 기능성 소재의 연구, 개발, 제조 및 판매업 | 동물용(반려동물포함) 음료 및 건강기능식품의 연구개발, 제조 및 판매업",사업 다각화에 따른 사업 목적 추가,https://kind.krx.co.kr/external/2026/06/23/000334/20260623000827/00591.htm,20260623000334,20260623000196
2026post,식품·농업·외식,디에이치엑스컴퍼니,코스닥,20260619,1,4,"식육 및 축산물 유통, 판매업",사업목적 추가 및 조문번호 정리,https://kind.krx.co.kr/external/2026/06/19/000757/20260619001500/00591.htm,20260619000757,20260619000503
2026post,로봇,유니크,코스닥,20260619,1,1,로봇 부품의 제조 및 판매,- 신규 사업 진출을 위한 근거 마련.,https://kind.krx.co.kr/external/2026/06/19/000688/20260619001365/00591.htm,20260619000688,20260619000430
2026post,로봇,레인보우로보틱스,코스닥,20260618,1,6,서비스로봇을 활용한 무인 및 반무인 매장 운영업,nan,https://kind.krx.co.kr/external/2026/06/18/000732/20260618001585/00591.htm,20260618000732,20260618000354
2026post,클라우드·SW·빅데이터,레인보우로보틱스,코스닥,20260618,1,6,소프트웨어 개발 및 데이터 분석 서비스업,nan,https://kind.krx.co.kr/external/2026/06/18/000732/20260618001585/00591.htm,20260618000732,20260618000354
2026post,식품·농업·외식,레인보우로보틱스,코스닥,20260618,2,6,"휴게음식점업, 일반음식점업 | 식음료조리, 제조, 가공, 판매업",nan,https://kind.krx.co.kr/external/2026/06/18/000732/20260618001585/00591.htm,20260618000732,20260618000354
2026post,바이오·헬스케어,삼익제약,코스닥,20260618,1,1,의료기기 제조업 및 판매업,신규사업 진출에 따른 사업목적 추가,https://kind.krx.co.kr/external/2026/06/18/000437/20260618000938/00591.htm,20260618000437,20260618000181
2026post,디지털자산·블록체인·STO(스테이블코인),알파AI,코스닥,20260616,3,3,"블록체인 기반 가상 자산 발행 및 유통업 | 디지털자산 매매, 중개 및 보관업 | 토큰증권(STO) 및 자산유동화 사업",업목적 추가를 통한 신규 사업발굴의 건,https://kind.krx.co.kr/external/2026/06/16/000691/20260616001536/00591.htm,20260616000691,20260616000322
2026post,AI(인공지능),비큐AI,코스닥,20260612,1,2,피지컬 인공지능(AI)과 인공지능(AI) 기반의 멀티 디바이스향 서비스 및 학습용 데이터 플랫폼 개발·공급·운영업,사업의 목적 추가,https://kind.krx.co.kr/external/2026/06/12/000486/20260612000979/00591.htm,20260612000486,20260612000261
2026post,클라우드·SW·빅데이터,비큐AI,코스닥,20260612,2,2,피지컬 인공지능(AI)과 인공지능(AI) 기반의 멀티 디바이스향 서비스 및 학습용 데이터 플랫폼 개발·공급·운영업 | 분산원장기술(블록체인) 기반 토큰증권(STO) 및 디지털자산 관련 플랫폼 개발·공급·운영업 (관계 법령에 따른 인허가가 필요한 경우 그 인허가를 취득한 범위 내에서),사업의 목적 추가,https://kind.krx.co.kr/external/2026/06/12/000486/20260612000979/00591.htm,20260612000486,20260612000261
2026post,디지털자산·블록체인·STO(스테이블코인),비큐AI,코스닥,20260612,1,2,분산원장기술(블록체인) 기반 토큰증권(STO) 및 디지털자산 관련 플랫폼 개발·공급·운영업 (관계 법령에 따른 인허가가 필요한 경우 그 인허가를 취득한 범위 내에서),사업의 목적 추가,https://kind.krx.co.kr/external/2026/06/12/000486/20260612000979/00591.htm,20260612000486,20260612000261
2026post,클라우드·SW·빅데이터,엑시온그룹,코스닥,20260611,1,12,라이브커머스 플랫폼 운영 및 서비스업,- / 신설 목적 추가,https://kind.krx.co.kr/external/2026/06/11/000740/20260611001705/00591.htm,20260611000740,20260611000605
2026post,엔터·콘텐츠·게임,엑시온그룹,코스닥,20260611,5,12,"영상, 음반, 방송, 공연 및 디지털 콘텐츠의 기획, 제작, 투자 및 배급업 | 콘텐츠의 유통, 판매, 수출입 및 라이선스 사업 | 연예 매니지먼트 및 엔터테인먼트 사업 | 미디어 콘텐츠 기반 상품 기획, 유통 및 판매업 | 데이터 기반 콘텐츠 및 커머스 사업",- / 신설 목적 추가,https://kind.krx.co.kr/external/2026/06/11/000740/20260611001705/00591.htm,20260611000740,20260611000605
2026post,식품·농업·외식,엑시온그룹,코스닥,20260611,4,12,농수산물 및 농수산가공식품 도·소매업 | 농수산물 및 농수산가공식품 통신판매업 및 전자상거래업 | 농수산물 및 농수산가공식품 수출입업 및 대행업 | 농수산물 유통 가공 및 유통전문판매업,- / 신설 목적 추가,https://kind.krx.co.kr/external/2026/06/11/000740/20260611001705/00591.htm,20260611000740,20260611000605
2026post,2차전지·배터리,아이컴포넌트,코스닥,20260611,1,8,배터리 등 에너지 관련 디바이스 전용부품 제조업,사업 목적 다각화,https://kind.krx.co.kr/external/2026/06/11/000500/20260611001240/00591.htm,20260611000500,20260611000474
2026post,신재생·에너지·전력,아이컴포넌트,코스닥,20260611,1,8,신재생에너지 관련 기술 및 제조업,사업 목적 다각화,https://kind.krx.co.kr/external/2026/06/11/000500/20260611001240/00591.htm,20260611000500,20260611000474
2026post,투자·금융,포커스에이아이,코스닥,20260611,1,15,"금, 은 등 귀금속 기반 자산운용 및 컨설팅업",신규사업 진출에 따른 사업목적 추가,https://kind.krx.co.kr/external/2026/06/11/000428/20260611001044/00591.htm,20260611000428,20260611000405
2026post,부동산·임대·건설,베셀,코스닥,20260608,1,4,부동산 분양 및 주택공급업,- 사업다각화로 인한 신규 사업 추가 - 장기 미영위 사업 목적 삭제 - 조문번호 변경,https://kind.krx.co.kr/external/2026/06/08/000498/20260608000974/00591.htm,20260608000498,20260608000148
2026post,엔터·콘텐츠·게임,베셀,코스닥,20260608,1,4,"공연, 전시, 행사 기획 및 대행사업",- 사업다각화로 인한 신규 사업 추가 - 장기 미영위 사업 목적 삭제 - 조문번호 변경,https://kind.krx.co.kr/external/2026/06/08/000498/20260608000974/00591.htm,20260608000498,20260608000148
2026post,바이오·헬스케어,케스피온,코스닥,20260528,2,3,"기능성 표시 일반식품 및 건강기능식품 제조 및 판매업 | 의약품, 원료의약품, 의료기기, 화학약품 등 바이오 연구·개발·제조·유통업 (중략)",사업목적 정비 및 보완,https://kind.krx.co.kr/external/2026/05/28/001005/20260528002211/00591.htm,20260528001005,20260528000966
2026post,엔터·콘텐츠·게임,케스피온,코스닥,20260528,1,3,엔터테인먼트 관련 사업,사업목적 정비 및 보완,https://kind.krx.co.kr/external/2026/05/28/001005/20260528002211/00591.htm,20260528001005,20260528000966
2026post,식품·농업·외식,케스피온,코스닥,20260528,1,3,기능성 표시 일반식품 및 건강기능식품 제조 및 판매업,사업목적 정비 및 보완,https://kind.krx.co.kr/external/2026/05/28/001005/20260528002211/00591.htm,20260528001005,20260528000966
2026post,클라우드·SW·빅데이터,청보,코스닥,20260528,1,29,"항공기 관련 부품, 기계, 소프트웨어의 개발, 제조, 조립 및 판매업",사업목적추가 ( 신규사업 진출 및 사업다각화를 위한 사업목적 추가),https://kind.krx.co.kr/external/2026/05/28/000506/20260528001224/00591.htm,20260528000506,20260528000517
2026post,방산,청보,코스닥,20260528,7,29,"방위산업 제품 및 관련제품의 개발, 제조 및 판매업 | 방위산업 물자, 기술, 군용 총포 및 화약류 등의 수출입업 | 미사일 개발 사업 | 미사일 창정비, MRO 등 유지 보수 정비업 | 무기, 총포탄 및 화약류 등의 제조업 | 군수품의 제조, 판매, 보관 및 수송업 | 군납업",사업목적추가 ( 신규사업 진출 및 사업다각화를 위한 사업목적 추가),https://kind.krx.co.kr/external/2026/05/28/000506/20260528001224/00591.htm,20260528000506,20260528000517
2026post,우주항공,청보,코스닥,20260528,4,29,"항공기 관련 부품, 기계, 소프트웨어의 개발, 제조, 조립 및 판매업 | 항공기 관련 구성품, 기술 등의 수출입업 | 항공기 개발 및 정비업 | 무인항공기 개발 및 정비업",사업목적추가 ( 신규사업 진출 및 사업다각화를 위한 사업목적 추가),https://kind.krx.co.kr/external/2026/05/28/000506/20260528001224/00591.htm,20260528000506,20260528000517
2026post,드론·UAM,청보,코스닥,20260528,1,29,무인항공기 개발 및 정비업,사업목적추가 ( 신규사업 진출 및 사업다각화를 위한 사업목적 추가),https://kind.krx.co.kr/external/2026/05/28/000506/20260528001224/00591.htm,20260528000506,20260528000517
2026post,탄소·환경,청보,코스닥,20260528,1,29,"미화, 위생관리, 사무환경 용역업 및 청소업무 대행업",사업목적추가 ( 신규사업 진출 및 사업다각화를 위한 사업목적 추가),https://kind.krx.co.kr/external/2026/05/28/000506/20260528001224/00591.htm,20260528000506,20260528000517
2026post,교육,청보,코스닥,20260528,1,29,"보안컨설팅, 보안시스템 통합 보안교육 서비스업",사업목적추가 ( 신규사업 진출 및 사업다각화를 위한 사업목적 추가),https://kind.krx.co.kr/external/2026/05/28/000506/20260528001224/00591.htm,20260528000506,20260528000517
2026post,엔터·콘텐츠·게임,루트K,코스닥,20260527,2,13,음반 및 비디오물 도소매업 | 공연 기획업,사업목적 추가 및 조문 번호 정비,https://kind.krx.co.kr/external/2026/05/27/000584/20260527001401/00591.htm,20260527000584,20260527000405
2026post,AI(인공지능),진원생명과학,유가증권,20260526,7,23,AI 기술을 활용한 의료기술 고도화 솔루션 개발 및 서비스 | AI 헬스케어 및 데이터분석 및 연구 지원 | AI 공간지능 솔루션개발 및 판매 | AI 기술을 활용한 빅데이터 분석 시스템 개발 및 서비스 | AI 소프트웨어 연구개발 및 제조 서비스업 | AI 기술을 활용한 각종 컨설팅업 | AI 모델생성,신규사업 목적 추가,https://kind.krx.co.kr/external/2026/05/26/000682/20260526001552/00591.htm,20260526000682,20260526000439
2026post,클라우드·SW·빅데이터,진원생명과학,유가증권,20260526,6,23,"소프트웨어 자문, 개발 공급업 | 데이터베이스 및 온라인 정보제공업 | 소프트웨어 개발, 제작 및 판매업 | AI 헬스케어 및 데이터분석 및 연구 지원 | AI 기술을 활용한 빅데이터 분석 시스템 개발 및 서비스 | AI 소프트웨어 연구개발 및 제조 서비스업",신규사업 목적 추가,https://kind.krx.co.kr/external/2026/05/26/000682/20260526001552/00591.htm,20260526000682,20260526000439
2026post,바이오·헬스케어,진원생명과학,유가증권,20260526,3,23,AI 기술을 활용한 의료기술 고도화 솔루션 개발 및 서비스 | AI 헬스케어 및 데이터분석 및 연구 지원 | 보튤리눔및 기타물질의 검출 및 진단키트 제조업,신규사업 목적 추가,https://kind.krx.co.kr/external/2026/05/26/000682/20260526001552/00591.htm,20260526000682,20260526000439
2026post,모빌리티·전기차·자율주행,진원생명과학,유가증권,20260526,2,23,전기자동차 부품 연구개발 및 제조 | 전기자동차 부품 판매,신규사업 목적 추가,https://kind.krx.co.kr/external/2026/05/26/000682/20260526001552/00591.htm,20260526000682,20260526000439
2026post,화장품·뷰티,진원생명과학,유가증권,20260526,1,23,화장품 및 생활용품의 제조 및 유통 판매업,신규사업 목적 추가,https://kind.krx.co.kr/external/2026/05/26/000682/20260526001552/00591.htm,20260526000682,20260526000439
2026post,투자·금융,진원생명과학,유가증권,20260526,1,23,국내외 투자업,신규사업 목적 추가,https://kind.krx.co.kr/external/2026/05/26/000682/20260526001552/00591.htm,20260526000682,20260526000439
2026post,AI(인공지능),나인앤컴퍼니,코스닥,20260520,1,13,"인공지능(AI) 기반 패션 ·커머스 기술의 개발, 공급 및 서비스업",디지털 플랫폼 ·AI ·글로벌 패션잡화 사업 확장 및 투자자 회사(유한회사) 설립을 통한 다각적 투자 활동 근거 마련,https://kind.krx.co.kr/external/2026/05/20/000762/20260520001939/00591.htm,20260520000762,20260520000390
2026post,클라우드·SW·빅데이터,나인앤컴퍼니,코스닥,20260520,3,13,"플랫폼 개발 및 운영업 | 어플리케이션, 소프트웨어 및 정보시스템 개발, 공급 및 운영업 | 데이터베이스구축, 데이터 처리 및 정보 서비스업",디지털 플랫폼 ·AI ·글로벌 패션잡화 사업 확장 및 투자자 회사(유한회사) 설립을 통한 다각적 투자 활동 근거 마련,https://kind.krx.co.kr/external/2026/05/20/000762/20260520001939/00591.htm,20260520000762,20260520000390
2026post,투자·금융,나인앤컴퍼니,코스닥,20260520,2,13,"국내외회사, 조합, 펀드, 프로젝트 및 자산에 대한 투자업 | 투자자 회사의 설립 및 운영,국내외 유가증권 및 지분 투자업",디지털 플랫폼 ·AI ·글로벌 패션잡화 사업 확장 및 투자자 회사(유한회사) 설립을 통한 다각적 투자 활동 근거 마련,https://kind.krx.co.kr/external/2026/05/20/000762/20260520001939/00591.htm,20260520000762,20260520000390
2026post,모빌리티·전기차·자율주행,쏘카,유가증권,20260519,1,12,자동차 부품 및 부속품 판매업,[본문개정] 사업다각화를 위해 사업 목적 추가,https://kind.krx.co.kr/external/2026/05/19/000561/20260519001346/00591.htm,20260519000561,20260519000234
2026post,클라우드·SW·빅데이터,세코닉스,코스닥,20260519,1,11,소프트웨어 및 라이선스 판매,사업구조 재편 및 신규사업 추가,https://kind.krx.co.kr/external/2026/05/19/000201/20260519000456/00591.htm,20260519000201,20260519000060
2026post,부동산·임대·건설,세코닉스,코스닥,20260519,1,11,부동산 및 기계장비 임대업,사업구조 재편 및 신규사업 추가,https://kind.krx.co.kr/external/2026/05/19/000201/20260519000456/00591.htm,20260519000201,20260519000060
2026post,탄소·환경,세코닉스,코스닥,20260519,1,11,"친환경, 에너지 관련 사업",사업구조 재편 및 신규사업 추가,https://kind.krx.co.kr/external/2026/05/19/000201/20260519000456/00591.htm,20260519000201,20260519000060
2026post,AI(인공지능),앱코,코스닥,20260514,2,5,"인공지능(AI) 기반 의료솔루션 개발 및 서비스업 | 인공지능(AI) 기반 의료진단 알고리즘 및 디지털 트윈소프트웨어의 연구개발,제조,판매,임대 및 관련 서비스업",신규사업진출등 사업의 다각화를 위한 사업목적추가 및 순번 변경,https://kind.krx.co.kr/external/2026/05/14/000128/20260514000198/00591.htm,20260514000128,20260514000044
2026post,로봇,앱코,코스닥,20260514,1,5,"지능형 의료 로보틱스 및 고정밀 자동화제어시스템의 연구개발,제조,판매,임대 및 관련 서비스업",신규사업진출등 사업의 다각화를 위한 사업목적추가 및 순번 변경,https://kind.krx.co.kr/external/2026/05/14/000128/20260514000198/00591.htm,20260514000128,20260514000044
2026post,클라우드·SW·빅데이터,앱코,코스닥,20260514,1,5,"인공지능(AI) 기반 의료진단 알고리즘 및 디지털 트윈소프트웨어의 연구개발,제조,판매,임대 및 관련 서비스업",신규사업진출등 사업의 다각화를 위한 사업목적추가 및 순번 변경,https://kind.krx.co.kr/external/2026/05/14/000128/20260514000198/00591.htm,20260514000128,20260514000044
2026post,바이오·헬스케어,앱코,코스닥,20260514,5,5,"인공지능(AI) 기반 의료솔루션 개발 및 서비스업 | 지능형 의료 로보틱스 및 고정밀 자동화제어시스템의 연구개발,제조,판매,임대 및 관련 서비스업 | 생명공학 기술 기반의 고감도 바이오센서 및 생체 신호 분석 장치의 연구개발, 제조,판매,임대 및 관련 서비스업 | 인공지능(AI) 기반 의료진단 알고리즘 및 디지털 트윈소프트웨어의 연구개발,제조,판매,임대 및 관련 서비스업 | 의료기기 제조,판매 및 수출입업",신규사업진출등 사업의 다각화를 위한 사업목적추가 및 순번 변경,https://kind.krx.co.kr/external/2026/05/14/000128/20260514000198/00591.htm,20260514000128,20260514000044
2026post,반도체,지슨,코스닥,20260513,1,1,"반도체 부품 제조, 판매업",사업영역 확대,https://kind.krx.co.kr/external/2026/05/13/000935/20260513002054/00591.htm,20260513000935,20260513000757
2026post,신재생·에너지·전력,이삭엔지니어링,코스닥,20260513,2,6,전력자원의 개발 및 공급 | 발전소 운영 및 유지보수업,사업다각화,https://kind.krx.co.kr/external/2026/05/13/000459/20260513000992/00591.htm,20260513000459,20260513000362
2026post,부동산·임대·건설,이삭엔지니어링,코스닥,20260513,1,6,토목건축공사업,사업다각화,https://kind.krx.co.kr/external/2026/05/13/000459/20260513000992/00591.htm,20260513000459,20260513000362
2026post,반려동물(펫),경남제약,코스닥,20260511,1,5,"반려동물 용품 도소매, 유통업 및 제조업",사업 다각화에 따른 사업목적 추가,https://kind.krx.co.kr/external/2026/05/11/000873/20260511002058/00591.htm,20260511000873,20260511000693
2026post,반도체,KBG,코스닥,20260430,1,10,"전자ㆍ반도체ㆍ디스플레이용 실리콘 소재 제조, 판매업",사업목적 추가 및 수출입업 범위 확대,https://kind.krx.co.kr/external/2026/04/29/001246/20260429003060/00591.htm,20260429001246,20260429001162
2026post,화장품·뷰티,KBG,코스닥,20260430,1,10,"화장품 원료 제조, 판매업",사업목적 추가 및 수출입업 범위 확대,https://kind.krx.co.kr/external/2026/04/29/001246/20260429003060/00591.htm,20260429001246,20260429001162
2026post,식품·농업·외식,KBG,코스닥,20260430,1,10,"식품첨가물 제조, 판매업",사업목적 추가 및 수출입업 범위 확대,https://kind.krx.co.kr/external/2026/04/29/001246/20260429003060/00591.htm,20260429001246,20260429001162
2026post,AI(인공지능),푸른로보틱스,코스닥,20260414,1,3,인공지능시스템 연구개발 및 판매업,- 신규 사업 목적 추가,https://kind.krx.co.kr/external/2026/04/14/000633/20260414001540/00591.htm,20260414000633,20260414002203
2026post,로봇,푸른로보틱스,코스닥,20260414,2,3,"지능형 로봇 개발 제조 판매업 | 로봇시스템 통합에 대한 설치, 시공 및 서비스업",- 신규 사업 목적 추가,https://kind.krx.co.kr/external/2026/04/14/000633/20260414001540/00591.htm,20260414000633,20260414002203
2026post,AI(인공지능),아이에이,코스닥,20260410,4,10,"인공지능(AI) 관련 제품, 서비스 개발 및 공급업 | 인공지능 솔루션 연구개발 및 공급업 | 인공지능 소프트웨어 개발, 판매 및 공급업 | 인공지능 연구 및 기술 개발과 기술 정보의 제공업",신규사업 진행 예정,https://kind.krx.co.kr/external/2026/04/10/000554/20260410001379/00591.htm,20260410000554,20260410002363
2026post,데이터센터,아이에이,코스닥,20260410,6,10,"데이터센터 구축, 운영, 임대 및 유지관리업 | 모듈형 데이터센터 설계, 제조, 구축 및 판매업 | 클라우드 컴퓨팅 및 데이터센터 인프라 서비스업 | 데이터센터 관련 장비의 제조, 공급 및 판매업 | 데이터센터 관련 엔지니어링, 설계 및 컨설팅업 | 데이터센터 전력, 냉각 및 환경 제어 시스템 구축 및 운영업",신규사업 진행 예정,https://kind.krx.co.kr/external/2026/04/10/000554/20260410001379/00591.htm,20260410000554,20260410002363
2026post,클라우드·SW·빅데이터,아이에이,코스닥,20260410,2,10,"인공지능 소프트웨어 개발, 판매 및 공급업 | 클라우드 컴퓨팅 및 데이터센터 인프라 서비스업",신규사업 진행 예정,https://kind.krx.co.kr/external/2026/04/10/000554/20260410001379/00591.htm,20260410000554,20260410002363
2026post,신재생·에너지·전력,아이에이,코스닥,20260410,1,10,"데이터센터 전력, 냉각 및 환경 제어 시스템 구축 및 운영업",신규사업 진행 예정,https://kind.krx.co.kr/external/2026/04/10/000554/20260410001379/00591.htm,20260410000554,20260410002363
2026post,탄소·환경,아이에이,코스닥,20260410,1,10,"데이터센터 전력, 냉각 및 환경 제어 시스템 구축 및 운영업",신규사업 진행 예정,https://kind.krx.co.kr/external/2026/04/10/000554/20260410001379/00591.htm,20260410000554,20260410002363
2025post,클라우드·SW·빅데이터,엔비티,코스닥,20251002,3,8,블록체인 기반 응용 소프트웨어 개발 및 공급업 | 블록체인 기반 시스템 소프트웨어 개발 및 공급업 | 디지털자산 보관·이전·관리용 소프트웨어 개발 및 공급업,사업다각화 및 신규사업 진출을 위한 사업목적 추가,https://kind.krx.co.kr/external/2025/10/02/000465/20251002001159/00591.htm,20251002000465,20251002000442
2025post,디지털자산·블록체인·STO(스테이블코인),엔비티,코스닥,20251002,8,8,블록체인 기반 응용 소프트웨어 개발 및 공급업 | 디지털자산 매매·교환 중개 및 관련 지원 서비스업 | 블록체인 기반 시스템 소프트웨어 개발 및 공급업 | 디지털자산 보관·이전·관리용 소프트웨어 개발 및 공급업 | 디지털자산 지급·정산·이전 서비스업 | 디지털자산 매매·교환 중개 및 관련 지원·자문 서비스업 | 디지털자산 일임업 및 집합관리업 | 토큰 발행 및 토큰증권(STO) 관련 솔루션 개발·공급·자문업,사업다각화 및 신규사업 진출을 위한 사업목적 추가,https://kind.krx.co.kr/external/2025/10/02/000465/20251002001159/00591.htm,20251002000465,20251002000442
2025post,AI(인공지능),로지스몬,코넥스,20251002,3,12,"인공지능(AI) 알고리즘 및 관련 소프트웨어 연구개발업 | 인공지능(AI) 하드웨어 연구개발, 제조, 판매 및 유통업 | 인공지능(AI) 기반 로봇, 자율주행, 드론 등 연구개발, 제조, 판매 및 유통업",신규사업 추진 및 사업 다각화 목적,https://kind.krx.co.kr/external/2025/10/02/000155/20251002000370/00591.htm,20251002000155,20251002000145
2025post,로봇,로지스몬,코넥스,20251002,1,12,"인공지능(AI) 기반 로봇, 자율주행, 드론 등 연구개발, 제조, 판매 및 유통업",신규사업 추진 및 사업 다각화 목적,https://kind.krx.co.kr/external/2025/10/02/000155/20251002000370/00591.htm,20251002000155,20251002000145
2025post,클라우드·SW·빅데이터,로지스몬,코넥스,20251002,1,12,인공지능(AI) 알고리즘 및 관련 소프트웨어 연구개발업,신규사업 추진 및 사업 다각화 목적,https://kind.krx.co.kr/external/2025/10/02/000155/20251002000370/00591.htm,20251002000155,20251002000145
2025post,드론·UAM,로지스몬,코넥스,20251002,1,12,"인공지능(AI) 기반 로봇, 자율주행, 드론 등 연구개발, 제조, 판매 및 유통업",신규사업 추진 및 사업 다각화 목적,https://kind.krx.co.kr/external/2025/10/02/000155/20251002000370/00591.htm,20251002000155,20251002000145
2025post,바이오·헬스케어,로지스몬,코넥스,20251002,2,12,"탄소배출 및 탄소중립 진단 솔루션 개발, 제공 및 운영업 | 환경관련 측정, 진단, 기술연구, 영향 평가 컨설팅 및 대행업",신규사업 추진 및 사업 다각화 목적,https://kind.krx.co.kr/external/2025/10/02/000155/20251002000370/00591.htm,20251002000155,20251002000145
2025post,신재생·에너지·전력,로지스몬,코넥스,20251002,1,12,"신재생에너지 개발, 제조, 발전 사업",신규사업 추진 및 사업 다각화 목적,https://kind.krx.co.kr/external/2025/10/02/000155/20251002000370/00591.htm,20251002000155,20251002000145
2025post,모빌리티·전기차·자율주행,로지스몬,코넥스,20251002,1,12,"인공지능(AI) 기반 로봇, 자율주행, 드론 등 연구개발, 제조, 판매 및 유통업",신규사업 추진 및 사업 다각화 목적,https://kind.krx.co.kr/external/2025/10/02/000155/20251002000370/00591.htm,20251002000155,20251002000145
2025post,부동산·임대·건설,로지스몬,코넥스,20251002,1,12,부동산 개발 및 분양업,신규사업 추진 및 사업 다각화 목적,https://kind.krx.co.kr/external/2025/10/02/000155/20251002000370/00591.htm,20251002000155,20251002000145
2025post,식품·농업·외식,로지스몬,코넥스,20251002,1,12,식품 수출입 및 글로벌 유통업,신규사업 추진 및 사업 다각화 목적,https://kind.krx.co.kr/external/2025/10/02/000155/20251002000370/00591.htm,20251002000155,20251002000145
2025post,탄소·환경,로지스몬,코넥스,20251002,3,12,"탄소배출 및 탄소중립 진단 솔루션 개발, 제공 및 운영업 | 환경관련 측정, 진단, 기술연구, 영향 평가 컨설팅 및 대행업 | 탄소배출권(온실가스) 포집소재 판매대행 및 유통업",신규사업 추진 및 사업 다각화 목적,https://kind.krx.co.kr/external/2025/10/02/000155/20251002000370/00591.htm,20251002000155,20251002000145
2025post,클라우드·SW·빅데이터,세경하이테크,코스닥,20251002,1,4,신용카드 제조 및 소프트웨어 수출입업,사업목적 추가,https://kind.krx.co.kr/external/2025/10/02/000068/20251002000139/00591.htm,20251002000068,20251002000054
2025post,AI(인공지능),KS인더스트리,코스닥,20250930,3,64,"인공지능 기반제품의 개발, 생산 및 판매업(2024.11.29.) | 인공지능 솔루션 연구, 개발 공급업(2024.11.29.) | 인공지능 서버 기술을 활용한 제품, 서비스 연구개발 및 공급업(2024.11.29.)",사업목적순번 정리,https://kind.krx.co.kr/external/2025/11/04/000398/20251104001108/00591.htm,20250930000222,20250930000252
2025post,우주항공,KS인더스트리,코스닥,20250930,7,64,"항공기 및 관련 기기의 제조, 정비, 수리개조 및 재생 사업(2025.07.10.) | 항공기 및 관련 기기의 임대, 위탁판매 및 운송업(2025.07.10.) | 항공기 및 관련 기기의 무역 및 무역 대행업(2025.07.10.) | 항공기 전자정비업(2025.07.10.) | 항공 관련 위탁업 및 대리업(2025.07.10.) | 차세대 항공기 및 무인 운송체계(UAM, 드론 등) 및 관련 시스템의 연구개발, 제조, 판매, 운용 및 관련 서비스업(2025.07.10.) | 항공우주 산업 관련 연구개발 사업(2025.07.10.)",사업목적순번 정리,https://kind.krx.co.kr/external/2025/11/04/000398/20251104001108/00591.htm,20250930000222,20250930000252
2025post,드론·UAM,KS인더스트리,코스닥,20250930,1,64,"차세대 항공기 및 무인 운송체계(UAM, 드론 등) 및 관련 시스템의 연구개발, 제조, 판매, 운용 및 관련 서비스업(2025.07.10.)",사업목적순번 정리,https://kind.krx.co.kr/external/2025/11/04/000398/20251104001108/00591.htm,20250930000222,20250930000252
2025post,바이오·헬스케어,KS인더스트리,코스닥,20250930,1,64,"식·의약품(화장)품 원.부자재,첨가물,용구 국내·외 가공.제조,도소매 판매업",사업목적순번 정리,https://kind.krx.co.kr/external/2025/11/04/000398/20251104001108/00591.htm,20250930000222,20250930000252
2025post,2차전지·배터리,KS인더스트리,코스닥,20250930,1,64,전기차 2차전지용 양극박 제조업(2025.07.10.),사업목적순번 정리,https://kind.krx.co.kr/external/2025/11/04/000398/20251104001108/00591.htm,20250930000222,20250930000252
2025post,신재생·에너지·전력,KS인더스트리,코스닥,20250930,2,64,전력설비의 설치 및 개보수(2010.10.29) | 신재생에너지사업(2010.10.29),사업목적순번 정리,https://kind.krx.co.kr/external/2025/11/04/000398/20251104001108/00591.htm,20250930000222,20250930000252
2025post,희토류·핵심광물·소재,KS인더스트리,코스닥,20250930,3,64,"흑연의 구형화와 정제에 관한 연구.개발,판매업 | 전지 소재(흑연 외)의 연구개발, 제조 수입 및 판매업 | 국내·외 광물 개발 및 관련된 사업",사업목적순번 정리,https://kind.krx.co.kr/external/2025/11/04/000398/20251104001108/00591.htm,20250930000222,20250930000252
2025post,모빌리티·전기차·자율주행,KS인더스트리,코스닥,20250930,1,64,전기차 2차전지용 양극박 제조업(2025.07.10.),사업목적순번 정리,https://kind.krx.co.kr/external/2025/11/04/000398/20251104001108/00591.htm,20250930000222,20250930000252
2025post,조선·해양,KS인더스트리,코스닥,20250930,2,64,선박건조 수리판매(2010.10.29) | 산업기계 및 조선기자재 관련 사업(2011.02.25),사업목적순번 정리,https://kind.krx.co.kr/external/2025/11/04/000398/20251104001108/00591.htm,20250930000222,20250930000252
2025post,부동산·임대·건설,KS인더스트리,코스닥,20250930,5,64,"중기, 건설기계, 하역운반기계 및 그 부품의 제작 판매 정비(2010.10.29) | 일반건설업(산업환경설비, 토목건축공사업)(2010.10.29) | 유가증권, 부동산 등 유무형 자산에의 투자(2011.02.25) | 부동산 개발업(2016.10.19) | 부동산(격납고 및 그 부대공간을 포함)의 임대, 관리 및 운영업(2025.07.10.)",사업목적순번 정리,https://kind.krx.co.kr/external/2025/11/04/000398/20251104001108/00591.htm,20250930000222,20250930000252
2025post,탄소·환경,KS인더스트리,코스닥,20250930,4,64,"집진기 및 환경오염방지시설 제조 및 판매업(2010.10.29) | 폐기물 처리설비 제작, 설계시공 및 처리사업(2010.10.29) | 일반건설업(산업환경설비, 토목건축공사업)(2010.10.29) | 국·내외 탄소배출권 개발 사업",사업목적순번 정리,https://kind.krx.co.kr/external/2025/11/04/000398/20251104001108/00591.htm,20250930000222,20250930000252
2025post,화장품·뷰티,나노실리칸첨단소재,코스닥,20250926,1,7,"화장품 및 용품 제조, 도소매업",사업목적추가,https://kind.krx.co.kr/external/2025/09/26/000475/20250926001017/00591.htm,20250926000475,20250926000539
2025post,식품·농업·외식,메디포스트,코스닥,20250926,1,1,수입식품등 수입판매업,건기식사업부 해외 제품 수입·판매를 통한 사업 확대 추진 목적,https://kind.krx.co.kr/external/2025/09/26/000430/20250926000945/00591.htm,20250926000430,20250926000512
2025post,AI(인공지능),나우로보틱스,코스닥,20250918,1,24,지능형(AI)로봇 제조 및 판매업,1. 목적사업의 호순체번 2. 목적사업 추가 ( 파란색 밑줄 항목 ) 3. 목적사업의 세분화 4. 목적사업 문구조정,https://kind.krx.co.kr/external/2025/09/18/000111/20250918000369/00591.htm,20250918000111,20250918000094
2025post,로봇,나우로보틱스,코스닥,20250918,13,24,"산업용로봇 제조 및 판매업 | 지능형(AI)로봇 제조 및 판매업 | 직교로봇 제조 및 판매업 | 협동로봇 제조 및 판매업 | 다관절로봇 제조 및 판매업 | 스카라로봇 제조 및 판매업 | 모바일 로봇 제조 및 판매업 | 물류로봇(AGV, AMR) 제조 및 판매업 | 휴머노이드로봇 제조 및 판매업 | 로봇 부품 제조 및 판매업 | 로봇 자동화 기계, 설비 제조 및 판매업 | 로봇공유서비스,로봇렌탈 및 로봇구독서비스 | 로봇 및 실험장비 시스템 개발 및 판매업",1. 목적사업의 호순체번 2. 목적사업 추가 ( 파란색 밑줄 항목 ) 3. 목적사업의 세분화 4. 목적사업 문구조정,https://kind.krx.co.kr/external/2025/09/18/000111/20250918000369/00591.htm,20250918000111,20250918000094
2025post,클라우드·SW·빅데이터,나우로보틱스,코스닥,20250918,1,24,"소프트웨어, 서버시스템 개발, 자문, 공급, 판매업",1. 목적사업의 호순체번 2. 목적사업 추가 ( 파란색 밑줄 항목 ) 3. 목적사업의 세분화 4. 목적사업 문구조정,https://kind.krx.co.kr/external/2025/09/18/000111/20250918000369/00591.htm,20250918000111,20250918000094
2025post,우주항공,나우로보틱스,코스닥,20250918,1,24,"도심항공모빌리티(UAM) 제조,유통 및 판매업",1. 목적사업의 호순체번 2. 목적사업 추가 ( 파란색 밑줄 항목 ) 3. 목적사업의 세분화 4. 목적사업 문구조정,https://kind.krx.co.kr/external/2025/09/18/000111/20250918000369/00591.htm,20250918000111,20250918000094
2025post,드론·UAM,나우로보틱스,코스닥,20250918,1,24,"도심항공모빌리티(UAM) 제조,유통 및 판매업",1. 목적사업의 호순체번 2. 목적사업 추가 ( 파란색 밑줄 항목 ) 3. 목적사업의 세분화 4. 목적사업 문구조정,https://kind.krx.co.kr/external/2025/09/18/000111/20250918000369/00591.htm,20250918000111,20250918000094
2025post,2차전지·배터리,나우로보틱스,코스닥,20250918,1,24,이차전지 자동화 장비 제조 및 판매업,1. 목적사업의 호순체번 2. 목적사업 추가 ( 파란색 밑줄 항목 ) 3. 목적사업의 세분화 4. 목적사업 문구조정,https://kind.krx.co.kr/external/2025/09/18/000111/20250918000369/00591.htm,20250918000111,20250918000094
2025post,모빌리티·전기차·자율주행,나우로보틱스,코스닥,20250918,1,24,"도심항공모빌리티(UAM) 제조,유통 및 판매업",1. 목적사업의 호순체번 2. 목적사업 추가 ( 파란색 밑줄 항목 ) 3. 목적사업의 세분화 4. 목적사업 문구조정,https://kind.krx.co.kr/external/2025/09/18/000111/20250918000369/00591.htm,20250918000111,20250918000094
2025post,엔터·콘텐츠·게임,나우로보틱스,코스닥,20250918,1,24,산업용 컨텐츠 개발 및 판매업,1. 목적사업의 호순체번 2. 목적사업 추가 ( 파란색 밑줄 항목 ) 3. 목적사업의 세분화 4. 목적사업 문구조정,https://kind.krx.co.kr/external/2025/09/18/000111/20250918000369/00591.htm,20250918000111,20250918000094
2025post,AI(인공지능),블루산업개발,유가증권,20250917,3,68,"인공지능(AI) 개발 및 하드웨어·소프트웨어 연구개발, 공급 및 서비스업 | 인공지능(AI) 솔루션 적용 기기 연구개발 및 공급업 | 인공지능(AI) 관련 개발, 판매 및 유지보수 사업",사업목적 다각화 / 사업목적 추가로 인한 사업다각화,https://kind.krx.co.kr/external/2025/09/17/000496/20250917001373/00591.htm,20250917000496,20250917000390
2025post,로봇,블루산업개발,유가증권,20250917,1,68,"로봇 및 가전, 통신 제품 등 종합 도, 소매업",사업목적 다각화 / 사업목적 추가로 인한 사업다각화,https://kind.krx.co.kr/external/2025/09/17/000496/20250917001373/00591.htm,20250917000496,20250917000390
2025post,클라우드·SW·빅데이터,블루산업개발,유가증권,20250917,6,68,"소프트웨어 개발, 제조, 공급, 자문 및 유지보수업 | 소프트웨어 수출입, 임대, 가공 및 용역업 | 빅데이터 소프트웨어 개발, 공급 및 서비스업 | 영상·음성 분석기술 개발 및 관련 하드웨어, 소프트웨어 개발업 | 인공지능(AI) 개발 및 하드웨어·소프트웨어 연구개발, 공급 및 서비스업 | 데이터베이스 구축, 운영 및 온라인 정보제공업",사업목적 다각화 / 사업목적 추가로 인한 사업다각화,https://kind.krx.co.kr/external/2025/09/17/000496/20250917001373/00591.htm,20250917000496,20250917000390
2025post,바이오·헬스케어,블루산업개발,유가증권,20250917,4,68,"신약개발과 의료용 물질 및 의약품 제조 및 판매업 | 신약 임상실험 기술개발 및 용역업 | 신약 임상시험, 분석, 통계, 자문 및 대행서비스업 | 생명공학 신약연구개발을 위한 기술도입 및 투자업",사업목적 다각화 / 사업목적 추가로 인한 사업다각화,https://kind.krx.co.kr/external/2025/09/17/000496/20250917001373/00591.htm,20250917000496,20250917000390
2025post,희토류·핵심광물·소재,블루산업개발,유가증권,20250917,1,68,"토사석 광업, 기타 비금속광물 등 광업",사업목적 다각화 / 사업목적 추가로 인한 사업다각화,https://kind.krx.co.kr/external/2025/09/17/000496/20250917001373/00591.htm,20250917000496,20250917000390
2025post,부동산·임대·건설,블루산업개발,유가증권,20250917,8,68,"국내외 부동산 매매업 | 국내외 부동산 자문(Consulting) 및 개발업 | 국내외 부동산 시행 및 건설업 | 국내외 회원권 분양 및 분양대행업 (콘도，골프등） | 포장공사업 40, 토목 건축공사업 | 주택, 상가, 건물 유지보수 및 관리업 | 실내건축 및 건축마무리 공사업 | 건축 기술, 엔지니어링 및 관련 기술 서비스업",사업목적 다각화 / 사업목적 추가로 인한 사업다각화,https://kind.krx.co.kr/external/2025/09/17/000496/20250917001373/00591.htm,20250917000496,20250917000390
2025post,식품·농업·외식,블루산업개발,유가증권,20250917,3,68,"농업 관련 창고 기타 공동이용시설의 설치 및 이용업 | 농업기계 기타 장비의 판매, 임대, 수리, 보관사업 | 농업체험관광업",사업목적 다각화 / 사업목적 추가로 인한 사업다각화,https://kind.krx.co.kr/external/2025/09/17/000496/20250917001373/00591.htm,20250917000496,20250917000390
2025post,투자·금융,블루산업개발,유가증권,20250917,1,68,생명공학 신약연구개발을 위한 기술도입 및 투자업,사업목적 다각화 / 사업목적 추가로 인한 사업다각화,https://kind.krx.co.kr/external/2025/09/17/000496/20250917001373/00591.htm,20250917000496,20250917000390
2025post,교육,블루산업개발,유가증권,20250917,1,68,스마트팜 기술 컨설팅 및 교육 제공업,사업목적 다각화 / 사업목적 추가로 인한 사업다각화,https://kind.krx.co.kr/external/2025/09/17/000496/20250917001373/00591.htm,20250917000496,20250917000390
2025post,AI(인공지능),아센디오,유가증권,20250917,1,14,"버추얼 아이돌, 에이아이(AI, Artificial Intelligence) 캐릭터의 기획, 제작, 매니지먼트 및 관련 콘텐츠 사업",신사업진행을 위한 사업목적 추가,https://kind.krx.co.kr/external/2025/11/03/000593/20251103001376/00591.htm,20250917000294,20250917000286
2025post,바이오·헬스케어,아센디오,유가증권,20250917,2,14,"생명공학 및 바이오 미생물 연구개발, 배양, 제조, 도소매업 | 환경시료의 미생물분석과 유전자분석업",신사업진행을 위한 사업목적 추가,https://kind.krx.co.kr/external/2025/11/03/000593/20251103001376/00591.htm,20250917000294,20250917000286
2025post,엔터·콘텐츠·게임,아센디오,유가증권,20250917,2,14,"버추얼 아이돌, 에이아이(AI, Artificial Intelligence) 캐릭터의 기획, 제작, 매니지먼트 및 관련 콘텐츠 사업 | 드라마,영화,전시,공연의 제작, 배급 및 투자업",신사업진행을 위한 사업목적 추가,https://kind.krx.co.kr/external/2025/11/03/000593/20251103001376/00591.htm,20250917000294,20250917000286
2025post,투자·금융,아센디오,유가증권,20250917,4,14,"기타 금융투자업 | 자본시장과 금융투자업에 관한 법률에 의한 전문사모 집합투자업 | 사모투자합자회사(PEF, Private Equity Fund), 벤처투자조합, 신기술사업투자조합 등 간접투자기구에 대한 출자 및 수익권 취득, 보유, 관리 | 드라마,영화,전시,공연의 제작, 배급 및 투자업",신사업진행을 위한 사업목적 추가,https://kind.krx.co.kr/external/2025/11/03/000593/20251103001376/00591.htm,20250917000294,20250917000286
2025post,탄소·환경,아센디오,유가증권,20250917,2,14,환경시료의 미생물분석과 유전자분석업 | 친환경 관련사업 및 연구용역업,신사업진행을 위한 사업목적 추가,https://kind.krx.co.kr/external/2025/11/03/000593/20251103001376/00591.htm,20250917000294,20250917000286
2025post,투자·금융,디모아,코스닥,20250916,3,5,"금융투자업 | 자본시장과 금융투자업에 관한 법률에 의한 전문사모 집합투자업 | 사모투자합자회사(PEF), 벤처투자조합, 신기술 사업투자조합 등 간접투자기구에 대한 출자 및 수익권 취득, 보유, 관리",사업 다각화,https://kind.krx.co.kr/external/2025/09/16/000409/20250916001176/00591.htm,20250916000409,20250916000280
2025post,클라우드·SW·빅데이터,태광산업,유가증권,20250916,1,13,"블록체인 기반 소프트웨어의 개발 및 판매, 암호화자산의 매매 및 중개업",제1장 제2조 신규항목 추가 - 사업다각화 및 신사업 진출을 위한 중장기적 기반 마련 차원,https://kind.krx.co.kr/external/2025/09/16/000202/20250916000648/00591.htm,20250916000202,20250916000124
2025post,원전·원자력,태광산업,유가증권,20250916,1,13,"원전, 태양, 풍력, 지열에너지 기타신에너지 및 재생에너지 관련 사업",제1장 제2조 신규항목 추가 - 사업다각화 및 신사업 진출을 위한 중장기적 기반 마련 차원,https://kind.krx.co.kr/external/2025/09/16/000202/20250916000648/00591.htm,20250916000202,20250916000124
2025post,디지털자산·블록체인·STO(스테이블코인),태광산업,유가증권,20250916,1,13,"블록체인 기반 소프트웨어의 개발 및 판매, 암호화자산의 매매 및 중개업",제1장 제2조 신규항목 추가 - 사업다각화 및 신사업 진출을 위한 중장기적 기반 마련 차원,https://kind.krx.co.kr/external/2025/09/16/000202/20250916000648/00591.htm,20250916000202,20250916000124
2025post,신재생·에너지·전력,태광산업,유가증권,20250916,1,13,"원전, 태양, 풍력, 지열에너지 기타신에너지 및 재생에너지 관련 사업",제1장 제2조 신규항목 추가 - 사업다각화 및 신사업 진출을 위한 중장기적 기반 마련 차원,https://kind.krx.co.kr/external/2025/09/16/000202/20250916000648/00591.htm,20250916000202,20250916000124
2025post,부동산·임대·건설,태광산업,유가증권,20250916,6,13,"부동산개발 및 시행사업, 분양업 | 해외 건설공사 및 개발사업 | 주택건설사업 | 토목공사업 및 건축공사업 | 부동산 및 사회간접자본시설(SOC)에 대한 투자, 시행 및 관련 사업 | 부동산투자회사(리츠),프로젝트금융투자회사(PFV) 및 기타 특수목적 법인(SPC)에 대한 출자, 지분투자 및 운영참여업",제1장 제2조 신규항목 추가 - 사업다각화 및 신사업 진출을 위한 중장기적 기반 마련 차원,https://kind.krx.co.kr/external/2025/09/16/000202/20250916000648/00591.htm,20250916000202,20250916000124
2025post,화장품·뷰티,태광산업,유가증권,20250916,1,13,"화장품의 제조, 매매 및 이와 관련한 서비스 상품의 매매",제1장 제2조 신규항목 추가 - 사업다각화 및 신사업 진출을 위한 중장기적 기반 마련 차원,https://kind.krx.co.kr/external/2025/09/16/000202/20250916000648/00591.htm,20250916000202,20250916000124
2025post,투자·금융,태광산업,유가증권,20250916,2,13,"부동산투자회사(리츠),프로젝트금융투자회사(PFV) 및 기타 특수목적 법인(SPC)에 대한 출자, 지분투자 및 운영참여업 | 금융업, 투자업 및 기타 상기 목적사업에 부대되는 일체의 사업",제1장 제2조 신규항목 추가 - 사업다각화 및 신사업 진출을 위한 중장기적 기반 마련 차원,https://kind.krx.co.kr/external/2025/09/16/000202/20250916000648/00591.htm,20250916000202,20250916000124
2025post,부동산·임대·건설,영원무역,유가증권,20250916,1,1,부동산개발업,사업목적 추가,https://kind.krx.co.kr/external/2025/09/16/000086/20250916000322/00591.htm,20250916000086,20250916000045
2025post,로봇,애드바이오텍,코스닥,20250915,2,39,원전해체용 자동화 설비 및 로봇 개발 및 제조업 | 원전해체 폐기물 취급 로봇 개발 및 제조업,- 사업목적 추가,https://kind.krx.co.kr/external/2025/09/15/000601/20250915001412/00591.htm,20250915000601,20250915000339
2025post,클라우드·SW·빅데이터,애드바이오텍,코스닥,20250915,1,39,원전 및 발전시설 유지관리 소프트웨어 개발 및 판매업,- 사업목적 추가,https://kind.krx.co.kr/external/2025/09/15/000601/20250915001412/00591.htm,20250915000601,20250915000339
2025post,원전·원자력,애드바이오텍,코스닥,20250915,13,39,"해외 원전 수출 및 사업 개발업 | 원전 건설 타당성 및 환경영향 평가 | 소형원전 개발, 설계 및 제조 사업 | 소형원전 성능 시험 및 검증 사업 | 원전 보조기기 개발 및 제조 사업 | 방사성폐기물 및 사용후핵연료 용기 개발 및 제조 | 원전 설계, 건설, 운용 및 해체 관련 지식서비스업 | 원전 및 발전시설 유지관리 소프트웨어 개발 및 판매업 | 원자력 및 공학 관련 기술 연구개발업 | 원전해체 폐기물 감용설비 개발 및 제조업 | 원전해체 폐기물 감용 서비스업 | 원전해체용 자동화 설비 및 로봇 개발 및 제조업 | 원전해체 폐기물 취급 로봇 개발 및 제조업",- 사업목적 추가,https://kind.krx.co.kr/external/2025/09/15/000601/20250915001412/00591.htm,20250915000601,20250915000339
2025post,바이오·헬스케어,애드바이오텍,코스닥,20250915,3,39,"방사선 계측기 및 의료장비 수출입업 | 폐기물 수집, 운반, 처리, 재생산 및 재활용업 | 에너지의 진단 및 효율화 관련 사업",- 사업목적 추가,https://kind.krx.co.kr/external/2025/09/15/000601/20250915001412/00591.htm,20250915000601,20250915000339
2025post,2차전지·배터리,애드바이오텍,코스닥,20250915,4,39,"배터리 CELL, 배터리 PACK의 수입, 개발, 제조 및 매매 | 에너지저장장치(ESS) 개발, 제조 및 시공 사업 | 전기차 및 전기차 배터리의 리스 관련 사업 | 배터리 및 배터리집합체 연구개발 사업",- 사업목적 추가,https://kind.krx.co.kr/external/2025/09/15/000601/20250915001412/00591.htm,20250915000601,20250915000339
2025post,신재생·에너지·전력,애드바이오텍,코스닥,20250915,4,39,"전력저장용 설비 및 관련 제품의 제조, 설치 및 매매 | 신재생에너지 이용설비 설계, 제조, 판매 및 시공 | 신재생에너지 발전사업 및 관련 기계 수출입업 | 이차연료전지 소재의 제조, 가공 및 판매업",- 사업목적 추가,https://kind.krx.co.kr/external/2025/09/15/000601/20250915001412/00591.htm,20250915000601,20250915000339
2025post,모빌리티·전기차·자율주행,애드바이오텍,코스닥,20250915,1,39,전기차 및 전기차 배터리의 리스 관련 사업,- 사업목적 추가,https://kind.krx.co.kr/external/2025/09/15/000601/20250915001412/00591.htm,20250915000601,20250915000339
2025post,조선·해양,애드바이오텍,코스닥,20250915,1,39,해양쓰레기 소각 및 처리 설비 개발 및 제조,- 사업목적 추가,https://kind.krx.co.kr/external/2025/09/15/000601/20250915001412/00591.htm,20250915000601,20250915000339
2025post,부동산·임대·건설,애드바이오텍,코스닥,20250915,3,39,"원전 건설 타당성 및 환경영향 평가 | 원전 설계, 건설, 운용 및 해체 관련 지식서비스업 | 부동산업 및 임대업",- 사업목적 추가,https://kind.krx.co.kr/external/2025/09/15/000601/20250915001412/00591.htm,20250915000601,20250915000339
2025post,투자·금융,애드바이오텍,코스닥,20250915,1,39,유가증권 투자업,- 사업목적 추가,https://kind.krx.co.kr/external/2025/09/15/000601/20250915001412/00591.htm,20250915000601,20250915000339
2025post,탄소·환경,애드바이오텍,코스닥,20250915,6,39,"원전 건설 타당성 및 환경영향 평가 | 방사성폐기물 및 사용후핵연료 용기 개발 및 제조 | 원전해체 폐기물 감용설비 개발 및 제조업 | 원전해체 폐기물 감용 서비스업 | 원전해체 폐기물 취급 로봇 개발 및 제조업 | 폐기물 수집, 운반, 처리, 재생산 및 재활용업",- 사업목적 추가,https://kind.krx.co.kr/external/2025/09/15/000601/20250915001412/00591.htm,20250915000601,20250915000339
2025post,클라우드·SW·빅데이터,대창솔루션,코스닥,20250915,1,17,"각종 유무선 센서 및 정보통신기기를 포함한 전자 제품류의 개발, 제조 및 판매와 관련 소프트웨어 개발과 공급업","목적사항 추가,삭제",https://kind.krx.co.kr/external/2025/09/15/000369/20250915000966/00591.htm,20250915000369,20250915000216
2025post,바이오·헬스케어,대창솔루션,코스닥,20250915,2,17,"신약 및 정밀화학 관련 기술의 연구개발, 임상실험, 기술판매, 기술용역, 자문, 수탁 등 관련사업 | 완제 및 원료 의약품, 의약부외품, 의료기기 및 의료용구의 제조, 도소매, 수출입, 통신판매 및 전자상거래업","목적사항 추가,삭제",https://kind.krx.co.kr/external/2025/09/15/000369/20250915000966/00591.htm,20250915000369,20250915000216
2025post,신재생·에너지·전력,대창솔루션,코스닥,20250915,2,17,"연소식 및 신재생에너지 발전용 기계 및 부분품의 제작, 판매, 가공, 설치, 수리, 임대 및 이를 활용한 발전사업 | LNG와 수소의 저장, 공급 및 충진 관련 기계 장치 및 시스템의 제조, 판매, 설치, 수리, 임대 및 운영업","목적사항 추가,삭제",https://kind.krx.co.kr/external/2025/09/15/000369/20250915000966/00591.htm,20250915000369,20250915000216
2025post,탄소·환경,대창솔루션,코스닥,20250915,1,17,"환경오염 방지시설 및 폐기물 처리 장치의 제작, 판매 및 운용업","목적사항 추가,삭제",https://kind.krx.co.kr/external/2025/09/15/000369/20250915000966/00591.htm,20250915000369,20250915000216
2025post,조선·해양,RFHIC,코스닥,20250915,1,1,"선박 및 함정용 통신, 전자, 전기, 기계, 장비의 제조, 판매업",- 사업목적 신설,https://kind.krx.co.kr/external/2025/09/15/000200/20250915000556/00591.htm,20250915000200,20250915000117
2025post,바이오·헬스케어,올리패스,코스닥,20250912,4,6,"해양바이오 원료의약품 제조 및 도소매업 | 의약품 원료, 화장품 등의 원료 제조, 도소매 및 연구개발 | 건강기능식품 등 제조 및 도소매업 | 의료기기 및 의약외품 제조 및 도소매업",사업다각화,https://kind.krx.co.kr/external/2025/09/12/000559/20250912001299/00591.htm,20250912000559,20250912000472
2025post,조선·해양,올리패스,코스닥,20250912,1,6,해양바이오 원료의약품 제조 및 도소매업,사업다각화,https://kind.krx.co.kr/external/2025/09/12/000559/20250912001299/00591.htm,20250912000559,20250912000472
2025post,화장품·뷰티,올리패스,코스닥,20250912,2,6,"의약품 원료, 화장품 등의 원료 제조, 도소매 및 연구개발 | 화장품 제조 및 도소매업",사업다각화,https://kind.krx.co.kr/external/2025/09/12/000559/20250912001299/00591.htm,20250912000559,20250912000472
2025post,식품·농업·외식,올리패스,코스닥,20250912,2,6,수산생물과 관련된 연구개발업 | 건강기능식품 등 제조 및 도소매업,사업다각화,https://kind.krx.co.kr/external/2025/09/12/000559/20250912001299/00591.htm,20250912000559,20250912000472
2025post,클라우드·SW·빅데이터,드림씨아이에스,코스닥,20250912,1,2,"생명공학기술을 이용한 비임상평가 플랫폼의 연구, 개발, 용역, 제조, 판매 및 서비스업",사업영역 확대에 따른 사업목적 추가,https://kind.krx.co.kr/external/2025/09/12/000305/20250912000782/00591.htm,20250912000305,20250912000304
2025post,바이오·헬스케어,드림씨아이에스,코스닥,20250912,1,2,"의약품 및 의료기기의 개발, 유통, 판매, 대행업",사업영역 확대에 따른 사업목적 추가,https://kind.krx.co.kr/external/2025/09/12/000305/20250912000782/00591.htm,20250912000305,20250912000304
2025post,로봇,제이케이시냅스,코스닥,20250911,2,25,"로봇(산업용, 방위산업용 포함) 및 동 부품의 제작, 정비, 판매, 임대, 서비스업 | 원자력 발전소 방사선 및 위험물 처리로봇 제조 및 도, 소매업",사업다각화 및 사업목적 정비,https://kind.krx.co.kr/external/2025/09/11/000409/20250911001109/00591.htm,20250911000409,20250911000412
2025post,클라우드·SW·빅데이터,제이케이시냅스,코스닥,20250911,1,25,"드론 및 무인 비행장치 관련 시스템(레이더, 소프트웨어 등)의 구축, 설치, 유지보수 및 서비스업",사업다각화 및 사업목적 정비,https://kind.krx.co.kr/external/2025/09/11/000409/20250911001109/00591.htm,20250911000409,20250911000412
2025post,원전·원자력,제이케이시냅스,코스닥,20250911,1,25,"원자력 발전소 방사선 및 위험물 처리로봇 제조 및 도, 소매업",사업다각화 및 사업목적 정비,https://kind.krx.co.kr/external/2025/09/11/000409/20250911001109/00591.htm,20250911000409,20250911000412
2025post,방산,제이케이시냅스,코스닥,20250911,4,25,"방위산업관련(총포류, 무기 포함) 및 군수품의 제조, 유통, 판매, 보관 , 수송, 수입 및 수출업 | 로봇(산업용, 방위산업용 포함) 및 동 부품의 제작, 정비, 판매, 임대, 서비스업 | 군납업 | 국방 및 방위산업 관련(무기체계, 비무기체계, 대테러장비 포함) 컨설팅 및 에이전트업",사업다각화 및 사업목적 정비,https://kind.krx.co.kr/external/2025/09/11/000409/20250911001109/00591.htm,20250911000409,20250911000412
2025post,우주항공,제이케이시냅스,코스닥,20250911,2,25,"항공기, 우주선, 무인/유인 비행장치 및 | 항공모빌리티 및 동 부품의 제조, 판매, 정비, 임대, 서비스업",사업다각화 및 사업목적 정비,https://kind.krx.co.kr/external/2025/09/11/000409/20250911001109/00591.htm,20250911000409,20250911000412
2025post,드론·UAM,제이케이시냅스,코스닥,20250911,2,25,"드론 및 무인 비행장치 관련 제조, 유통, 판매 및 임대업 | 드론 및 무인 비행장치 관련 시스템(레이더, 소프트웨어 등)의 구축, 설치, 유지보수 및 서비스업",사업다각화 및 사업목적 정비,https://kind.krx.co.kr/external/2025/09/11/000409/20250911001109/00591.htm,20250911000409,20250911000412
2025post,2차전지·배터리,제이케이시냅스,코스닥,20250911,1,25,"이차전지를 이용한 자동차(전투용 자동차 포함) 및 동 부품의 제조, 정비, 판매, 임대 및 서비스업",사업다각화 및 사업목적 정비,https://kind.krx.co.kr/external/2025/09/11/000409/20250911001109/00591.htm,20250911000409,20250911000412
2025post,신재생·에너지·전력,제이케이시냅스,코스닥,20250911,1,25,"원자력 발전소 방사선 및 위험물 처리로봇 제조 및 도, 소매업",사업다각화 및 사업목적 정비,https://kind.krx.co.kr/external/2025/09/11/000409/20250911001109/00591.htm,20250911000409,20250911000412
2025post,모빌리티·전기차·자율주행,제이케이시냅스,코스닥,20250911,1,25,"항공모빌리티 및 동 부품의 제조, 판매, 정비, 임대, 서비스업",사업다각화 및 사업목적 정비,https://kind.krx.co.kr/external/2025/09/11/000409/20250911001109/00591.htm,20250911000409,20250911000412
2025post,탄소·환경,제이케이시냅스,코스닥,20250911,2,25,"친환경 냉매 (Hychill) 수입, 판매 및 유통 | 폐냉매 회수 재생 및 탄소배출권사업",사업다각화 및 사업목적 정비,https://kind.krx.co.kr/external/2025/09/11/000409/20250911001109/00591.htm,20250911000409,20250911000412
2025post,신재생·에너지·전력,서진오토모티브,코스닥,20250911,1,1,태양광 발전사업,- 사업의 목적사항 추가,https://kind.krx.co.kr/external/2025/09/11/000084/20250911000206/00591.htm,20250911000084,20250911000102
2025post,엔터·콘텐츠·게임,THE E&M,코스닥,20250910,4,6,"영화 및 기타 영상기계, 장비 임대업 | 영화 및 기타 영상 제작시설 임대업 | 전시장, 공연장 설치 및 기타 운영 관리업 | 공연 및 녹음시설 운영",- 신규 사업 추가 - 조문번호 변경,https://kind.krx.co.kr/external/2025/09/10/000102/20250910000283/00591.htm,20250910000102,20250910000167
2025post,반도체,다보링크,코스닥,20250904,1,33,. 반도체 조명 제조업,신규사업 추진으로 인한 사업목적 추가,https://kind.krx.co.kr/external/2025/09/04/000065/20250904000217/00591.htm,20250904000065,20250904000062
2025post,신재생·에너지·전력,다보링크,코스닥,20250904,3,33,". 태양광 발전장치 제조업 | . 태양광발전, 풍력발전 등 신재생에너지 시스템에 사용되는 인버터, 변압기, 차단기, 충전기 등 생산, 설치, 유통업 | . 태양광, 풍력 등 신재생에너지 시스템 제조 판매 수출입 및 설비시설업",신규사업 추진으로 인한 사업목적 추가,https://kind.krx.co.kr/external/2025/09/04/000065/20250904000217/00591.htm,20250904000065,20250904000062
2025post,희토류·핵심광물·소재,다보링크,코스닥,20250904,1,33,. 석유화학제품 석유류 육해상 광물 무역업,신규사업 추진으로 인한 사업목적 추가,https://kind.krx.co.kr/external/2025/09/04/000065/20250904000217/00591.htm,20250904000065,20250904000062
2025post,부동산·임대·건설,다보링크,코스닥,20250904,1,33,. 부동산업 및 부동산 임대업 및 공급업,신규사업 추진으로 인한 사업목적 추가,https://kind.krx.co.kr/external/2025/09/04/000065/20250904000217/00591.htm,20250904000065,20250904000062
2025post,AI(인공지능),롤링스톤,코스닥,20250903,2,24,인공지능 기반 솔루션 개발 및 서비스업 | 인공지능 기반 3D 공간정보 생성 및 처리업,사업목적 추가 및 삭제,https://kind.krx.co.kr/external/2025/09/03/000203/20250903000721/00591.htm,20250903000203,20250903000214
2025post,클라우드·SW·빅데이터,롤링스톤,코스닥,20250903,3,24,"교육 관련 데이터베이스업 | 소프트웨어 개발, 판매, 임대, 유지보수 및 서비스업 | 공간정보 및 데이터베이스 구축, 가공, 판매업",사업목적 추가 및 삭제,https://kind.krx.co.kr/external/2025/09/03/000203/20250903000721/00591.htm,20250903000203,20250903000214
2025post,교육,롤링스톤,코스닥,20250903,7,24,교육 서비스업 | 온라인 교육정보 제공업 | 교육 관련 데이터베이스업 | 학원프렌차이즈업 | 학원 운영 컨설팅업 | 학원사업 | 온라인 교육학원업,사업목적 추가 및 삭제,https://kind.krx.co.kr/external/2025/09/03/000203/20250903000721/00591.htm,20250903000203,20250903000214
2025post,AI(인공지능),이렘,코스닥,20250828,1,2,"지능정보(인공지능, 빅데이터)기술을 활용한 제품 및 서비스의 개발, 판매",사업목적 추가,https://kind.krx.co.kr/external/2025/12/10/000502/20251210001642/00591.htm,20250828000313,20250828001021
2025post,클라우드·SW·빅데이터,이렘,코스닥,20250828,1,2,"지능정보(인공지능, 빅데이터)기술을 활용한 제품 및 서비스의 개발, 판매",사업목적 추가,https://kind.krx.co.kr/external/2025/12/10/000502/20251210001642/00591.htm,20250828000313,20250828001021
2025post,2차전지·배터리,이렘,코스닥,20250828,1,2,배터리 에너지 저장 시스템(BESS) 관련 사업,사업목적 추가,https://kind.krx.co.kr/external/2025/12/10/000502/20251210001642/00591.htm,20250828000313,20250828001021
2025post,데이터센터,멤레이비티,코스닥,20250827,1,13,데이터센터 개발 및 운용업,신규사업을 위한 사업목적 추가,https://kind.krx.co.kr/external/2025/08/27/000538/20250827001536/00591.htm,20250827000538,20250827000606
2025post,신재생·에너지·전력,멤레이비티,코스닥,20250827,5,13,"그린수소의 마케팅, 영업, 판매, 수출, 수입 | 그린수소, 산소 등의 혼합가스의 마케팅, 영업, 판매, 수출, 수입 | 연료전지의 마케팅, 영업, 판매, 수출, 수입 | 그린수소, 혼합가스를 이용한 전기 발전 사업 | 전기전자부품 및 전력제어시스템의 연구, 개발, 제조 및 판매업",신규사업을 위한 사업목적 추가,https://kind.krx.co.kr/external/2025/08/27/000538/20250827001536/00591.htm,20250827000538,20250827000606
2025post,희토류·핵심광물·소재,멤레이비티,코스닥,20250827,1,13,"흑연의 구형화와 정제에 관한 연구, 개발, 판매업",신규사업을 위한 사업목적 추가,https://kind.krx.co.kr/external/2025/08/27/000538/20250827001536/00591.htm,20250827000538,20250827000606
2025post,디지털자산·블록체인·STO(스테이블코인),비트플래닛,코스닥,20250826,1,1,"국내 또는 해외 자산(가상자산 및 디지털자산을 포함함)의 취득, 보유, 매각 등 관련 투자 사업",신규 사업 추가로 인한 사업목적 변경,https://kind.krx.co.kr/external/2025/08/26/000382/20250826001098/00591.htm,20250826000382,20250826000396
2025post,AI(인공지능),폴라리스AI핸디,코스닥,20250825,2,14,"인공지능, 빅데이터 기술을 활용한 제품, 서비스의 개발 및 공급업 | 인공지능 솔루션 적용 기기 연구개발 및 공급업",사업목적 변경,https://kind.krx.co.kr/external/2025/08/25/000474/20250825001341/00591.htm,20250825000474,20250825000423
2025post,클라우드·SW·빅데이터,폴라리스AI핸디,코스닥,20250825,2,14,"인공지능, 빅데이터 기술을 활용한 제품, 서비스의 개발 및 공급업 | 블록체인 플랫폼 개발사업",사업목적 변경,https://kind.krx.co.kr/external/2025/08/25/000474/20250825001341/00591.htm,20250825000474,20250825000423
2025post,디지털자산·블록체인·STO(스테이블코인),폴라리스AI핸디,코스닥,20250825,3,14,블록체인 관련사업 및 연구개발업 | 블록체인 플랫폼 개발사업 | ICO (암호화폐공개) 관련한 컨설팅 및 전문 서비스,사업목적 변경,https://kind.krx.co.kr/external/2025/08/25/000474/20250825001341/00591.htm,20250825000474,20250825000423
2025post,부동산·임대·건설,폴라리스AI핸디,코스닥,20250825,1,14,"부동산 임대업 , 매매업 및 컨설팅업",사업목적 변경,https://kind.krx.co.kr/external/2025/08/25/000474/20250825001341/00591.htm,20250825000474,20250825000423
2025post,엔터·콘텐츠·게임,폴라리스AI핸디,코스닥,20250825,1,14,"컨텐츠 제작, 투자, 배급업",사업목적 변경,https://kind.krx.co.kr/external/2025/08/25/000474/20250825001341/00591.htm,20250825000474,20250825000423
2025post,투자·금융,폴라리스AI핸디,코스닥,20250825,2,14,창업투자조합의 결성 및 업무의 집행 | 신기술사업투자조합의 설립,사업목적 변경,https://kind.krx.co.kr/external/2025/08/25/000474/20250825001341/00591.htm,20250825000474,20250825000423
2025post,AI(인공지능),CSA 코스믹,코스닥,20250818,2,26,인공지능 및 기계학습 소프트웨어 및 시스템개발업 | 인공지능 및 기계학습 솔루션 연구·개발업,신규사업 확대,https://kind.krx.co.kr/external/2025/08/18/000534/20250818001411/00591.htm,20250818000534,20250818000244
2025post,로봇,CSA 코스믹,코스닥,20250818,1,26,"로봇 소프트웨어, 시스템 및 로봇 제조업",신규사업 확대,https://kind.krx.co.kr/external/2025/08/18/000534/20250818001411/00591.htm,20250818000534,20250818000244
2025post,클라우드·SW·빅데이터,CSA 코스믹,코스닥,20250818,9,26,"프로그램, 소프트웨어 및 시스템의 개발, 판매, 임대, 서비스업 | 프로그래밍, 소프트웨어 등 기술연구, 기술훈련, 컨설팅 및 기술용역업 | 인공지능 및 기계학습 소프트웨어 및 시스템개발업 | 데이터베이스 및 온라인정보 제공업 | 클라우드 솔루션 개발 및 서비스업 | 소프트웨어 및 서비스형 소프트웨어개발, 공급, 자문 및 서비스업 | 데이터베이스 구축, 온라인 정보 제공업 | 온라인 교육 콘텐츠 및 소프트웨어 개발업 | 로봇 소프트웨어, 시스템 및 로봇 제조업",신규사업 확대,https://kind.krx.co.kr/external/2025/08/18/000534/20250818001411/00591.htm,20250818000534,20250818000244
2025post,엔터·콘텐츠·게임,CSA 코스믹,코스닥,20250818,1,26,온라인 교육 콘텐츠 및 소프트웨어 개발업,신규사업 확대,https://kind.krx.co.kr/external/2025/08/18/000534/20250818001411/00591.htm,20250818000534,20250818000244
2025post,투자·금융,CSA 코스믹,코스닥,20250818,2,26,"창업투자회사, 신기술사업금융업자 및 사모투자전문회사의 출자 및 투자업 | 창업투자조합 및 사모투자전문회사의 설립, 운용 및 관리업",신규사업 확대,https://kind.krx.co.kr/external/2025/08/18/000534/20250818001411/00591.htm,20250818000534,20250818000244
2025post,교육,CSA 코스믹,코스닥,20250818,1,26,온라인 교육 콘텐츠 및 소프트웨어 개발업,신규사업 확대,https://kind.krx.co.kr/external/2025/08/18/000534/20250818001411/00591.htm,20250818000534,20250818000244
2025post,부동산·임대·건설,엔에스컴퍼니,코넥스,20250811,1,3,건축공사업,신규 사업 추진을 위한 사업목적 추가,https://kind.krx.co.kr/external/2025/08/11/000256/20250811000427/00591.htm,20250811000256,20250811000095
2025post,디지털자산·블록체인·STO(스테이블코인),앱토크롬,코스닥,20250806,3,3,블록체인 및 가상자산 관련 사업 | 블록체인 및 가상자산 투자업 | 블록체인 및 가상자산 금융업,사업목적 추가,https://kind.krx.co.kr/external/2025/08/06/000422/20250806001055/00591.htm,20250806000422,20250806000261
2025post,투자·금융,앱토크롬,코스닥,20250806,1,3,블록체인 및 가상자산 투자업,사업목적 추가,https://kind.krx.co.kr/external/2025/08/06/000422/20250806001055/00591.htm,20250806000422,20250806000261
2025post,탄소·환경,비투엔,코스닥,20250805,3,5,친환경 생분해성 제품의 제조 및 판매업 | 친환경 생분해성 원료 및 제품의 연구개발업 | 친환경 생분해성 원료의 제조 및 판매업,사업영역 확대,https://kind.krx.co.kr/external/2025/08/05/000435/20250805001049/00591.htm,20250805000435,20250805000278
2025post,화장품·뷰티,엑스플러스,코스닥,20250804,2,6,화장품 수출입업 및 무역업 및 도소매업 | 화장품 및 미용관련 제품 제조,"일부 사업목적을 삭제 (사업목적 18호, 19호, 20호, 21호, 22호, 30호, 31호) 글로벌 소비재 시장 진출을 위한 신규 사업목적 추가.",https://kind.krx.co.kr/external/2025/08/04/000365/20250804001064/00591.htm,20250804000365,20250804000230
2025post,식품·농업·외식,엑스플러스,코스닥,20250804,1,6,"식품, 식음료, 건강식품 수출입업 및 무역업 및 도소매업","일부 사업목적을 삭제 (사업목적 18호, 19호, 20호, 21호, 22호, 30호, 31호) 글로벌 소비재 시장 진출을 위한 신규 사업목적 추가.",https://kind.krx.co.kr/external/2025/08/04/000365/20250804001064/00591.htm,20250804000365,20250804000230
2025post,디지털자산·블록체인·STO(스테이블코인),엔투텍,코스닥,20250801,3,9,블록체인 및 가상자산 관련 사업 | 블록체인 및 가상자산 투자업 | 블록체인 및 가상자산 금융업,조문 정비 사업다각화 사업다각화 사업다각화 사업다각화 사업다각화 사업다각화 사업다각화 사업다각화 조문번호 정비,https://kind.krx.co.kr/external/2025/08/01/000735/20250801002248/00591.htm,20250801000735,20250801000722
2025post,바이오·헬스케어,엔투텍,코스닥,20250801,2,9,"의료기기 및 관련 부품 개발,생산,판매 | 바이오 및 저분자 의약품 연구개발 프로젝트 투자",조문 정비 사업다각화 사업다각화 사업다각화 사업다각화 사업다각화 사업다각화 사업다각화 사업다각화 조문번호 정비,https://kind.krx.co.kr/external/2025/08/01/000735/20250801002248/00591.htm,20250801000735,20250801000722
2025post,부동산·임대·건설,엔투텍,코스닥,20250801,1,9,"부동산 개발, 임대업 및 관련 투자업",조문 정비 사업다각화 사업다각화 사업다각화 사업다각화 사업다각화 사업다각화 사업다각화 사업다각화 조문번호 정비,https://kind.krx.co.kr/external/2025/08/01/000735/20250801002248/00591.htm,20250801000735,20250801000722
2025post,엔터·콘텐츠·게임,엔투텍,코스닥,20250801,1,9,문화 콘텐츠 서비스업,조문 정비 사업다각화 사업다각화 사업다각화 사업다각화 사업다각화 사업다각화 사업다각화 사업다각화 조문번호 정비,https://kind.krx.co.kr/external/2025/08/01/000735/20250801002248/00591.htm,20250801000735,20250801000722
2025post,식품·농업·외식,엔투텍,코스닥,20250801,1,9,식음료서비스업 및 관련 투자업,조문 정비 사업다각화 사업다각화 사업다각화 사업다각화 사업다각화 사업다각화 사업다각화 사업다각화 조문번호 정비,https://kind.krx.co.kr/external/2025/08/01/000735/20250801002248/00591.htm,20250801000735,20250801000722
2025post,투자·금융,엔투텍,코스닥,20250801,3,9,"블록체인 및 가상자산 투자업 | 부동산 개발, 임대업 및 관련 투자업 | 식음료서비스업 및 관련 투자업",조문 정비 사업다각화 사업다각화 사업다각화 사업다각화 사업다각화 사업다각화 사업다각화 사업다각화 조문번호 정비,https://kind.krx.co.kr/external/2025/08/01/000735/20250801002248/00591.htm,20250801000735,20250801000722
2025post,클라우드·SW·빅데이터,다이나믹솔루션,코스닥,20250729,1,13,가상자산 관련 데이터 분석 컨설팅 및 교육 서비스업,"사업 다각화를 위한 사업목적 삭제 및 변경, 추가",https://kind.krx.co.kr/external/2025/07/29/000188/20250729000587/00591.htm,20250729000188,20250729000132
2025post,디지털자산·블록체인·STO(스테이블코인),다이나믹솔루션,코스닥,20250729,4,13,가상화폐 투자업 | 가상자산 관련 데이터 분석 컨설팅 및 교육 서비스업 | 블록체인 기반 암호화 자산 매매 및 중개업 | 토큰 발행 및 토큰증권과 (STO) 관련사업,"사업 다각화를 위한 사업목적 삭제 및 변경, 추가",https://kind.krx.co.kr/external/2025/07/29/000188/20250729000587/00591.htm,20250729000188,20250729000132
2025post,바이오·헬스케어,다이나믹솔루션,코스닥,20250729,2,13,의료기기 제조 및 판매업 | 의약품 관련 기술 및 제품의 제조업,"사업 다각화를 위한 사업목적 삭제 및 변경, 추가",https://kind.krx.co.kr/external/2025/07/29/000188/20250729000587/00591.htm,20250729000188,20250729000132
2025post,화장품·뷰티,다이나믹솔루션,코스닥,20250729,2,13,"화장품 제조, 유통, 판매 | 미용기기 제조,전자제품, 유통, 판매","사업 다각화를 위한 사업목적 삭제 및 변경, 추가",https://kind.krx.co.kr/external/2025/07/29/000188/20250729000587/00591.htm,20250729000188,20250729000132
2025post,투자·금융,다이나믹솔루션,코스닥,20250729,1,13,가상화폐 투자업,"사업 다각화를 위한 사업목적 삭제 및 변경, 추가",https://kind.krx.co.kr/external/2025/07/29/000188/20250729000587/00591.htm,20250729000188,20250729000132
2025post,교육,다이나믹솔루션,코스닥,20250729,1,13,가상자산 관련 데이터 분석 컨설팅 및 교육 서비스업,"사업 다각화를 위한 사업목적 삭제 및 변경, 추가",https://kind.krx.co.kr/external/2025/07/29/000188/20250729000587/00591.htm,20250729000188,20250729000132
2025post,AI(인공지능),캐리,코스닥,20250728,10,23,"인공지능 소프트웨어의 개발, 제조, 판매 및 서비스업 | 머신러닝 및 딥러닝 알고리즘 연구 및 개발 | AI 기반 데이터 분석 및 컨설팅 서비스 제공 | AI 모델링 및 시뮬레이션 서비스 | AI 클라우드 플랫폼 구축 및 운영 | AI 기반 추천 시스템 개발 및 판매 | AI 솔루션의 커스터마이징 및 시스템 통합(SI) 사업 | AI 관련 교육, 강의, 워크숍 및 컨설팅 서비스 | AI 기술을 활용한 마케팅, 헬스케어, 금융, 제조, 유통 등의 솔루션 제공 | AI 영상 제작 및 판매 업무",사업다각화를 위한 사업목적 추가,https://kind.krx.co.kr/external/2025/07/28/000361/20250728001046/00591.htm,20250728000361,20250728000236
2025post,로봇,캐리,코스닥,20250728,1,23,로봇 소프트웨어 및 지능형 자동화 시스템 개발,사업다각화를 위한 사업목적 추가,https://kind.krx.co.kr/external/2025/07/28/000361/20250728001046/00591.htm,20250728000361,20250728000236
2025post,클라우드·SW·빅데이터,캐리,코스닥,20250728,6,23,"AX 플랫폼 개발 및 서비스 제공 | 인공지능 소프트웨어의 개발, 제조, 판매 및 서비스업 | AI 기반 데이터 분석 및 컨설팅 서비스 제공 | AI 클라우드 플랫폼 구축 및 운영 | 로봇 소프트웨어 및 지능형 자동화 시스템 개발 | 사물인터넷(IoT), 빅데이터, 클라우드 컴퓨팅 관련 사업",사업다각화를 위한 사업목적 추가,https://kind.krx.co.kr/external/2025/07/28/000361/20250728001046/00591.htm,20250728000361,20250728000236
2025post,디지털자산·블록체인·STO(스테이블코인),캐리,코스닥,20250728,3,23,블록체인 기반 암호화자산매매 및 중개업 | 토큰 발행 및 토큰증권(STO)관련 사업 | 가상화폐 투자업,사업다각화를 위한 사업목적 추가,https://kind.krx.co.kr/external/2025/07/28/000361/20250728001046/00591.htm,20250728000361,20250728000236
2025post,바이오·헬스케어,캐리,코스닥,20250728,1,23,"AI 기술을 활용한 마케팅, 헬스케어, 금융, 제조, 유통 등의 솔루션 제공",사업다각화를 위한 사업목적 추가,https://kind.krx.co.kr/external/2025/07/28/000361/20250728001046/00591.htm,20250728000361,20250728000236
2025post,엔터·콘텐츠·게임,캐리,코스닥,20250728,1,23,"웹 소설, 웹툰 등 콘텐츠자산의 위탁판매 및 자기판매, 유통사업과 중개업",사업다각화를 위한 사업목적 추가,https://kind.krx.co.kr/external/2025/07/28/000361/20250728001046/00591.htm,20250728000361,20250728000236
2025post,투자·금융,캐리,코스닥,20250728,1,23,가상화폐 투자업,사업다각화를 위한 사업목적 추가,https://kind.krx.co.kr/external/2025/07/28/000361/20250728001046/00591.htm,20250728000361,20250728000236
2025post,교육,캐리,코스닥,20250728,1,23,"AI 관련 교육, 강의, 워크숍 및 컨설팅 서비스",사업다각화를 위한 사업목적 추가,https://kind.krx.co.kr/external/2025/07/28/000361/20250728001046/00591.htm,20250728000361,20250728000236
2025post,신재생·에너지·전력,동인기연,유가증권,20250724,1,1,태양광 등 발전 및 전력 판매업,원가 절감 및 ESG 경영 확대를 통한 기업가치 제고를 위한 사업의 목적 추가,https://kind.krx.co.kr/external/2025/07/24/000432/20250724001115/00591.htm,20250724000432,20250724000390
2025post,바이오·헬스케어,인트로메딕,코스닥,20250724,2,2,"헬스케어 관련 전자기기 유통 판애업 | 인간의 질병에 대한 진단 및 치료, 예장에 관련된 사업",당사에서 영위하지 않는 사업목적 삭제 및 미영위 사업목적 정리후 사업의 목적정비,https://kind.krx.co.kr/external/2025/07/24/000124/20250724000375/00591.htm,20250724000124,20250724000125
2025post,디지털자산·블록체인·STO(스테이블코인),파라택시스코리아,코스닥,20250723,2,3,"디지털 자산(가상자산을 포함)의 취득, 보유, 운용, 매각 및 관련 투자 사업 | 블록체인 기반 자산의 개발, 유통, 판매 및 관련 기술의 연구개발",신규 사업 목적 추가,https://kind.krx.co.kr/external/2025/07/23/000423/20250723001221/00591.htm,20250723000423,20250723000324
2025post,AI(인공지능),썸에이지,코스닥,20250721,2,12,"인공지능(AI) 활용한 디지털콘텐츠 제작업 | 인공지능(AI), 가상현실(VR), 증강현실(AR) 관련 제품, 서비스 개발 및 공급업",신규 사업 추가,https://kind.krx.co.kr/external/2025/07/21/000439/20250721001052/00591.htm,20250721000439,20250721000211
2025post,클라우드·SW·빅데이터,썸에이지,코스닥,20250721,1,12,블록체인 플랫폼 개발 및 관련 사업,신규 사업 추가,https://kind.krx.co.kr/external/2025/07/21/000439/20250721001052/00591.htm,20250721000439,20250721000211
2025post,디지털자산·블록체인·STO(스테이블코인),썸에이지,코스닥,20250721,4,12,블록체인 플랫폼 개발 및 관련 사업 | 블록체인 기반 암호화 자산 매매 및 중개업 | 토큰 발행 및 토큰증권(STO) 관련 사업 | 가상화폐 투자업,신규 사업 추가,https://kind.krx.co.kr/external/2025/07/21/000439/20250721001052/00591.htm,20250721000439,20250721000211
2025post,엔터·콘텐츠·게임,썸에이지,코스닥,20250721,1,12,인공지능(AI) 활용한 디지털콘텐츠 제작업,신규 사업 추가,https://kind.krx.co.kr/external/2025/07/21/000439/20250721001052/00591.htm,20250721000439,20250721000211
2025post,투자·금융,썸에이지,코스닥,20250721,1,12,가상화폐 투자업,신규 사업 추가,https://kind.krx.co.kr/external/2025/07/21/000439/20250721001052/00591.htm,20250721000439,20250721000211
2025post,로봇,옵티코어,코스닥,20250717,1,20,"로봇 및 로봇 관련제품(부품, 소프트웨어 응용장비 등)의 개발 및 제조, 판매업",신규사업진출 및 사업다각화,https://kind.krx.co.kr/external/2025/07/17/000418/20250717001108/00591.htm,20250717000418,20250717000331
2025post,클라우드·SW·빅데이터,옵티코어,코스닥,20250717,1,20,"로봇 및 로봇 관련제품(부품, 소프트웨어 응용장비 등)의 개발 및 제조, 판매업",신규사업진출 및 사업다각화,https://kind.krx.co.kr/external/2025/07/17/000418/20250717001108/00591.htm,20250717000418,20250717000331
2025post,2차전지·배터리,옵티코어,코스닥,20250717,2,20,"국내 해외 2차전지 및 2차전지 재료제조 | 자동차용 및 에너지 저장용 배터리의 개발, 제조, 판매 및 관련 부가사업",신규사업진출 및 사업다각화,https://kind.krx.co.kr/external/2025/07/17/000418/20250717001108/00591.htm,20250717000418,20250717000331
2025post,투자·금융,옵티코어,코스닥,20250717,2,20,대부업 | 대부중개업,신규사업진출 및 사업다각화,https://kind.krx.co.kr/external/2025/07/17/000418/20250717001108/00591.htm,20250717000418,20250717000331
2025post,우주항공,바이온,코스닥,20250716,1,6,항공부품 제조업,신규사업을 위한 사업목적 추가,https://kind.krx.co.kr/external/2025/07/16/000381/20250716001057/00591.htm,20250716000381,20250716000279
2025post,신재생·에너지·전력,바이온,코스닥,20250716,1,6,태양광발전사업,신규사업을 위한 사업목적 추가,https://kind.krx.co.kr/external/2025/07/16/000381/20250716001057/00591.htm,20250716000381,20250716000279
2025post,바이오·헬스케어,참엔지니어링,유가증권,20250715,1,14,재활용 플라스틱 판매업,사업목적 추가,https://kind.krx.co.kr/external/2025/07/15/000269/20250715000745/00591.htm,20250715000269,20250715000206
2025post,신재생·에너지·전력,참엔지니어링,유가증권,20250715,1,14,신재생 에너지 생산 및 판매업,사업목적 추가,https://kind.krx.co.kr/external/2025/07/15/000269/20250715000745/00591.htm,20250715000269,20250715000206
2025post,탄소·환경,참엔지니어링,유가증권,20250715,2,14,"재활용 플라스틱 판매업 | 폐기물 수집, 운반업",사업목적 추가,https://kind.krx.co.kr/external/2025/07/15/000269/20250715000745/00591.htm,20250715000269,20250715000206
2025post,AI(인공지능),디에스엠,코스닥,20250710,1,15,"인공지능 관련 제품, 콘텐츠 개발, 제조 및 유통업",사업목적 정리(추가/변경/ 삭제),https://kind.krx.co.kr/external/2025/07/10/000471/20250710001188/00591.htm,20250710000471,20250710000519
2025post,엔터·콘텐츠·게임,디에스엠,코스닥,20250710,5,15,"디지털 콘텐츠 개발 및 공급, 유통업 | 모바일 게임 및 애플리케이션 개발 및 공급, 유통업 | ICT 기반 놀이 및 게임 개발, 유통업 | 가상현실 및 증강현실 콘텐츠 및 애플리케이션 개발 및 유통업 | 인공지능 관련 제품, 콘텐츠 개발, 제조 및 유통업",사업목적 정리(추가/변경/ 삭제),https://kind.krx.co.kr/external/2025/07/10/000471/20250710001188/00591.htm,20250710000471,20250710000519
2025post,식품·농업·외식,디에스엠,코스닥,20250710,1,15,"식품 개발, 제조, 가공, 판매 및 유통업",사업목적 정리(추가/변경/ 삭제),https://kind.krx.co.kr/external/2025/07/10/000471/20250710001188/00591.htm,20250710000471,20250710000519
2025post,AI(인공지능),앱튼,코스닥,20250710,1,10,~71호와 연관된 AI 관련 사업,사업목적 추가,https://kind.krx.co.kr/external/2025/07/10/000365/20250710001008/00591.htm,20250710000365,20250710000454
2025post,디지털자산·블록체인·STO(스테이블코인),앱튼,코스닥,20250710,3,10,"블록체인 관련 사업 | 암호화폐, 코인, 토큰, NFT 등 디지털자산(가상자산) 관련 사업 | 암호화폐, 코인, 토큰, NFT 등 디지털자산(가상자산) 생태계 조성 관련 사업",사업목적 추가,https://kind.krx.co.kr/external/2025/07/10/000365/20250710001008/00591.htm,20250710000365,20250710000454
2025post,엔터·콘텐츠·게임,앱튼,코스닥,20250710,1,10,"~69호와 연관된 디지털콘텐츠 매매, 보관, 관리 등 관련 사업",사업목적 추가,https://kind.krx.co.kr/external/2025/07/10/000365/20250710001008/00591.htm,20250710000365,20250710000454
2025post,투자·금융,앱튼,코스닥,20250710,1,10,호~74호의 유·무형자산(Item)과 관련된 투자업,사업목적 추가,https://kind.krx.co.kr/external/2025/07/10/000365/20250710001008/00591.htm,20250710000365,20250710000454
2025post,클라우드·SW·빅데이터,나이스정보통신,코스닥,20250707,1,15,클라우드컴퓨팅솔루션개발 및 서비스업,- 문구정비 - 합병에 따른 사업 승계,https://kind.krx.co.kr/external/2025/07/07/000147/20250707000401/00591.htm,20250707000147,20250707000129
2025post,엔터·콘텐츠·게임,한창,유가증권,20250704,8,12,"음반, 음원 및 영상물 제작업 | 공연기획 및 제작업 | 영상 컨텐츠 제작 및 서비스업 | 연예매니지먼트업 | 밴드 레이블 음반기획업 | 공연시설 운영 및 임대업 | 컨텐츠 관련 상품, 부가상품 기획, 제조, 국내외 판매 유통 및 라이선스 사업 | 방송용 프로그램의 기획, 홍보, 제작, 제작대행, 배급 및 관련 투자사업",사업목적 추가,https://kind.krx.co.kr/external/2025/07/04/000773/20250704001497/00591.htm,20250704000773,20250704000429
2025post,교육,한창,유가증권,20250704,1,12,연예 관련 양성교육 서비스업,사업목적 추가,https://kind.krx.co.kr/external/2025/07/04/000773/20250704001497/00591.htm,20250704000773,20250704000429
2025post,AI(인공지능),엑스페릭스,코스닥,20250704,6,19,"인공지능, 빅데이터 기술을 활용한 제품, 서비스의 개발 및 공급업 | 인공지능 기반디지털 마케팅솔루션 개발 및 서비스업 | 인공지능 솔루션 적용 기기 연구개발 및 공급업 | 온디바이스 AI 제조 및 판매업 | 인공지능 기반 의료솔루션 개발 및 서비스업 | 의약품 개발 관련 인공지능 솔루션 연구개발 및 공급업","일부 사업목적을 삭제 (제2조 13호, 14호) 고객맞춤형 AI솔루션 및 온디바이스 AI 사업 진출을 위한 사업목적 추가와 AI기반 디지털 치료제(DTx) 시장 진출을 위한 사업목적 추가 등의 인공지능을 활용한 신규 사업 추가 목적. 기타 사업 확장을 위한 신규사업 추",https://kind.krx.co.kr/external/2025/07/04/000530/20250704000995/00591.htm,20250704000530,20250704000244
2025post,클라우드·SW·빅데이터,엑스페릭스,코스닥,20250704,2,19,"인공지능, 빅데이터 기술을 활용한 제품, 서비스의 개발 및 공급업 | 의료용 소프트웨어 개발 및 서비스업","일부 사업목적을 삭제 (제2조 13호, 14호) 고객맞춤형 AI솔루션 및 온디바이스 AI 사업 진출을 위한 사업목적 추가와 AI기반 디지털 치료제(DTx) 시장 진출을 위한 사업목적 추가 등의 인공지능을 활용한 신규 사업 추가 목적. 기타 사업 확장을 위한 신규사업 추",https://kind.krx.co.kr/external/2025/07/04/000530/20250704000995/00591.htm,20250704000530,20250704000244
2025post,바이오·헬스케어,엑스페릭스,코스닥,20250704,7,19,"인공지능 기반 의료솔루션 개발 및 서비스업 | 의료용 소프트웨어 개발 및 서비스업 | 의약품 개발 관련 인공지능 솔루션 연구개발 및 공급업 | 의료정보사업 | 원격의료사업 | 의료기기, 헬스케어 제품에 대한 연구개발 및 서비스업 | 의료기기, 헬스케어 제품 제조 및 판매업","일부 사업목적을 삭제 (제2조 13호, 14호) 고객맞춤형 AI솔루션 및 온디바이스 AI 사업 진출을 위한 사업목적 추가와 AI기반 디지털 치료제(DTx) 시장 진출을 위한 사업목적 추가 등의 인공지능을 활용한 신규 사업 추가 목적. 기타 사업 확장을 위한 신규사업 추",https://kind.krx.co.kr/external/2025/07/04/000530/20250704000995/00591.htm,20250704000530,20250704000244
2025post,화장품·뷰티,엑스페릭스,코스닥,20250704,2,19,화장품 수출입업 및 무역업 및 도소매업 | 화장품 및 미용관련 제품 제조,"일부 사업목적을 삭제 (제2조 13호, 14호) 고객맞춤형 AI솔루션 및 온디바이스 AI 사업 진출을 위한 사업목적 추가와 AI기반 디지털 치료제(DTx) 시장 진출을 위한 사업목적 추가 등의 인공지능을 활용한 신규 사업 추가 목적. 기타 사업 확장을 위한 신규사업 추",https://kind.krx.co.kr/external/2025/07/04/000530/20250704000995/00591.htm,20250704000530,20250704000244
2025post,식품·농업·외식,엑스페릭스,코스닥,20250704,1,19,"식품, 식음료, 건강식품 수출입업 및 무역업 및 도소매업","일부 사업목적을 삭제 (제2조 13호, 14호) 고객맞춤형 AI솔루션 및 온디바이스 AI 사업 진출을 위한 사업목적 추가와 AI기반 디지털 치료제(DTx) 시장 진출을 위한 사업목적 추가 등의 인공지능을 활용한 신규 사업 추가 목적. 기타 사업 확장을 위한 신규사업 추",https://kind.krx.co.kr/external/2025/07/04/000530/20250704000995/00591.htm,20250704000530,20250704000244
2025post,클라우드·SW·빅데이터,손오공,코스닥,20250701,7,41,"웹툰, 웹소설, 일러스트 등 콘텐츠의 기획, 제작, 유통, 라이선스 및 플랫폼 운영업 | 영상 콘텐츠 플랫폼(YouTube 등 포함)의 기획, 제작, 유통, 광고 및 채널 운영업 | 물류, 택배, 화물운송 대행 및 관련 소프트웨어의 개발, 공급 및 운영업 | 중고자동차의 매매, 유통, 알선, 경매, 해외수출 및 관련 온라인 플랫폼 사업 | 렌터카사업 및 렌터카 온라인 플랫폼 구축, 운영 및 전자상거래업 | 온라인 중고거래 플랫폼의 개발, 운영, 유지보수 및 관련 서비스업 | 정보통신기기, 소프트웨어, 플랫폼 및 시스템의 개발, 유지보수, 판매 및 서비스업",-신규사업 진출 및 사업다각화,https://kind.krx.co.kr/external/2025/07/01/000681/20250701001565/00591.htm,20250701000681,20250701000393
2025post,모빌리티·전기차·자율주행,손오공,코스닥,20250701,1,41,자동차부품 도소매업,-신규사업 진출 및 사업다각화,https://kind.krx.co.kr/external/2025/07/01/000681/20250701001565/00591.htm,20250701000681,20250701000393
2025post,부동산·임대·건설,손오공,코스닥,20250701,9,41,기타부동산 임대업 | 기타부동산 개발 및 공급업 | 부동산 투자 및 판매업 | 주거용 부동산 관리업 | 비주거용 부동산 관리업 | 부동산 중개 및 대리업 | 부동산 투자자문업 | 부동산 감정평가업 | 부동산 분양대행업,-신규사업 진출 및 사업다각화,https://kind.krx.co.kr/external/2025/07/01/000681/20250701001565/00591.htm,20250701000681,20250701000393
2025post,엔터·콘텐츠·게임,손오공,코스닥,20250701,5,41,"게임기기 및 주변기기, 게임콘텐츠의 수입, 유통, 판매 및 렌탈업 | 웹툰, 웹소설, 일러스트 등 콘텐츠의 기획, 제작, 유통, 라이선스 및 플랫폼 운영업 | 영상 콘텐츠 플랫폼(YouTube 등 포함)의 기획, 제작, 유통, 광고 및 채널 운영업 | 영화, 방송, 애니메이션, 게임 등 멀티미디어 콘텐츠의 제작, 배급, 유통 및 수출입업 | 키즈카페, 놀이시설, 체험형 콘텐츠 공간 등의 운영, 프랜차이즈 사업 및 관련 컨설팅업",-신규사업 진출 및 사업다각화,https://kind.krx.co.kr/external/2025/07/01/000681/20250701001565/00591.htm,20250701000681,20250701000393
2025post,식품·농업·외식,손오공,코스닥,20250701,2,41,"키즈카페, 놀이시설, 체험형 콘텐츠 공간 등의 운영, 프랜차이즈 사업 및 관련 컨설팅업 | 친환경 포장재, 식품용기, 산업용기의 제조, 유통, 세척, 재사용 및 관련 기술 개발업",-신규사업 진출 및 사업다각화,https://kind.krx.co.kr/external/2025/07/01/000681/20250701001565/00591.htm,20250701000681,20250701000393
2025post,투자·금융,손오공,코스닥,20250701,1,41,유가증권 및 금융상품에 대한 직접투자 및 관련 자문업,-신규사업 진출 및 사업다각화,https://kind.krx.co.kr/external/2025/07/01/000681/20250701001565/00591.htm,20250701000681,20250701000393
2025post,탄소·환경,손오공,코스닥,20250701,1,41,"친환경 포장재, 식품용기, 산업용기의 제조, 유통, 세척, 재사용 및 관련 기술 개발업",-신규사업 진출 및 사업다각화,https://kind.krx.co.kr/external/2025/07/01/000681/20250701001565/00591.htm,20250701000681,20250701000393
2025post,교육,손오공,코스닥,20250701,2,41,"완구, 캐릭터상품, 유아용품, 아동용품 및 교육용 완구의 제조, 유통, 수출입 및 판매업 | 프랜차이즈 가맹사업, 가맹점 운영 및 관련 교육, 컨설팅업",-신규사업 진출 및 사업다각화,https://kind.krx.co.kr/external/2025/07/01/000681/20250701001565/00591.htm,20250701000681,20250701000393
2025post,반도체,하나마이크론,코스닥,20250701,1,11,"다이오드, 트랜지스터 및 유사반도체 제조 및 판매업",nan,https://kind.krx.co.kr/external/2025/07/01/000551/20250701001288/00591.htm,20250701000551,20250701000298
2025post,방산,코콤,코스닥,20250619,1,14,"총포, 탄약 및 유도무기 부품 제조업",사업다각화로 인한 신규사업목적 추가 사업다각화로 인한 신규사업목적 추가 사업다각화로 인한 신규사업목적 추가 사업다각화로 인한 신규사업목적 추가 사업다각화로 인한 신규사업목적 추가 사업다각화로 인한 신규사업목적 추가 사업다각화로 인한 신규사업목적 추가 사업다각화로 인한 ,https://kind.krx.co.kr/external/2025/06/19/000408/20250619000647/00591.htm,20250619000408,20250619000087
2025post,부동산·임대·건설,빛과전자,코스닥,20250616,1,1,"국내외 회원권 분양 및 분양대행업(콘도, SPORTS, 골프등)",사업목적 다각화,https://kind.krx.co.kr/external/2025/06/16/000448/20250616001048/00591.htm,20250616000448,20250616000210
2025post,로봇,삼현,코스닥,20250613,1,3,"휴머노이드로봇, 물류이송로봇, 헬스케어, 산업용·의료용·서비스로봇 및 관련 부품에 대한 설계, 제조, 개조, 수리, 용역, 판매 및 무역업",신규사업영역 추가에 따른 변경,https://kind.krx.co.kr/external/2025/06/13/000467/20250613001108/00591.htm,20250613000467,20250613000369
2025post,방산,삼현,코스닥,20250613,1,3,"군납 물자 및 장비와 동 부품에 대한 설계, 제조, 개조, 수리, 용역 및 군납품업 (삭제)",신규사업영역 추가에 따른 변경,https://kind.krx.co.kr/external/2025/06/13/000467/20250613001108/00591.htm,20250613000467,20250613000369
2025post,우주항공,삼현,코스닥,20250613,1,3,"미래항공 모빌리티(유·무인항공기, AAM, 드론), 로켓, 우주선 및 관련 부품에 대한 설계, 제조, 개조, 수리, 용역, 판매 및 무역업",신규사업영역 추가에 따른 변경,https://kind.krx.co.kr/external/2025/06/13/000467/20250613001108/00591.htm,20250613000467,20250613000369
2025post,드론·UAM,삼현,코스닥,20250613,1,3,"미래항공 모빌리티(유·무인항공기, AAM, 드론), 로켓, 우주선 및 관련 부품에 대한 설계, 제조, 개조, 수리, 용역, 판매 및 무역업",신규사업영역 추가에 따른 변경,https://kind.krx.co.kr/external/2025/06/13/000467/20250613001108/00591.htm,20250613000467,20250613000369
2025post,바이오·헬스케어,삼현,코스닥,20250613,1,3,"휴머노이드로봇, 물류이송로봇, 헬스케어, 산업용·의료용·서비스로봇 및 관련 부품에 대한 설계, 제조, 개조, 수리, 용역, 판매 및 무역업",신규사업영역 추가에 따른 변경,https://kind.krx.co.kr/external/2025/06/13/000467/20250613001108/00591.htm,20250613000467,20250613000369
2025post,모빌리티·전기차·자율주행,삼현,코스닥,20250613,1,3,"미래항공 모빌리티(유·무인항공기, AAM, 드론), 로켓, 우주선 및 관련 부품에 대한 설계, 제조, 개조, 수리, 용역, 판매 및 무역업",신규사업영역 추가에 따른 변경,https://kind.krx.co.kr/external/2025/06/13/000467/20250613001108/00591.htm,20250613000467,20250613000369
2025post,AI(인공지능),알에프텍,코스닥,20250612,1,3,"인공지능 기반제품의 개발, 생산 및 판매업",사업영역 확대,https://kind.krx.co.kr/external/2025/06/12/000339/20250612001010/00591.htm,20250612000339,20250612000345
2025post,드론·UAM,알에프텍,코스닥,20250612,2,3,드론 제조 및 판매 | 안티드론 통합솔루션 판매,사업영역 확대,https://kind.krx.co.kr/external/2025/06/12/000339/20250612001010/00591.htm,20250612000339,20250612000345
2025post,로봇,엑시온그룹,코스닥,20250612,1,21,산업용로봇 제조업,- / 미 영위 목적 사업 삭제 / 신설 목적 추가,https://kind.krx.co.kr/external/2025/06/12/000315/20250612000950/00591.htm,20250612000315,20250612000327
2025post,데이터센터,엑시온그룹,코스닥,20250612,2,21,데이터센터개발 및 컨설팅업 | 데이터센터 운영업,- / 미 영위 목적 사업 삭제 / 신설 목적 추가,https://kind.krx.co.kr/external/2025/06/12/000315/20250612000950/00591.htm,20250612000315,20250612000327
2025post,클라우드·SW·빅데이터,엑시온그룹,코스닥,20250612,1,21,데이터베이스 및 온라인정보 제공업,- / 미 영위 목적 사업 삭제 / 신설 목적 추가,https://kind.krx.co.kr/external/2025/06/12/000315/20250612000950/00591.htm,20250612000315,20250612000327
2025post,모빌리티·전기차·자율주행,엑시온그룹,코스닥,20250612,1,21,배전반 및 전기자동차제어반 제조업,- / 미 영위 목적 사업 삭제 / 신설 목적 추가,https://kind.krx.co.kr/external/2025/06/12/000315/20250612000950/00591.htm,20250612000315,20250612000327
2025post,부동산·임대·건설,엑시온그룹,코스닥,20250612,1,21,"건설자재 도,소매업",- / 미 영위 목적 사업 삭제 / 신설 목적 추가,https://kind.krx.co.kr/external/2025/06/12/000315/20250612000950/00591.htm,20250612000315,20250612000327
2025post,클라우드·SW·빅데이터,지아이텍,코스닥,20250612,1,3,"응용소프트웨어 개발 및 공급, 정보처리업",사업목적 추가,https://kind.krx.co.kr/external/2025/06/12/000042/20250612000112/00591.htm,20250612000042,20250612000033
2025post,클라우드·SW·빅데이터,엔젠바이오,코스닥,20250611,1,5,의료기기 및 관련 제품의 전자상거래 및 온라인 플랫폼 운영업,사업목적 추가 및 정비,https://kind.krx.co.kr/external/2025/06/11/000202/20250611000647/00591.htm,20250611000202,20250611000216
2025post,바이오·헬스케어,엔젠바이오,코스닥,20250611,5,5,"의료기기 및 헬스케어 관련 컨설팅 및 프랜차이즈 사업 | 의료기기, 의료장비, 의약품, 진단시약, 위생용품, 기타 의료관련 소모품의 구매, 도소매, 판매대행 및 무역업 | 의료기관 및 약국을 대상으로 한 의료용품 통합 납품 및 물류 대행업 (간납업 포함) | 의료기기 및 관련 제품의 전자상거래 및 온라인 플랫폼 운영업 | 의료기관 운영에 필요한 물류관리, 구매대행 및 제3자 물류사업",사업목적 추가 및 정비,https://kind.krx.co.kr/external/2025/06/11/000202/20250611000647/00591.htm,20250611000202,20250611000216
2025post,우주항공,스타코링크,코스닥,20250605,1,4,무선조종체와 항공기 및 동 부품에 수출 ·수입 및 유통 및 알선,사업목적 추가 및 삭제,https://kind.krx.co.kr/external/2025/06/05/000297/20250605000919/00591.htm,20250605000297,20250605000359
2025post,부동산·임대·건설,스타코링크,코스닥,20250605,1,4,건설용 기계 및 동 부품에 수출 · 수입 및 유통 및 알선,사업목적 추가 및 삭제,https://kind.krx.co.kr/external/2025/06/05/000297/20250605000919/00591.htm,20250605000297,20250605000359
2025post,식품·농업·외식,스타코링크,코스닥,20250605,1,4,농업용 기계 및 동 부품에 수출 · 수입 및 유통 및 알선,사업목적 추가 및 삭제,https://kind.krx.co.kr/external/2025/06/05/000297/20250605000919/00591.htm,20250605000297,20250605000359
2025post,부동산·임대·건설,플래스크,코스닥,20250602,9,9,부동산 컨설팅업 | 부동산 시행업 | 부동산 광고 및 마케팅업 | 분양대행업 | 부동산 투자상담 및 정보제공업 | 부동산 관리 및 투자개발업 | 부동산 투자펀드 조성사업 | 부동산자산 투자운용에 대한 조사 분석 정보제공업 | 부동산자산 투자운용에 대한 자문업,사업 영역 확장을 위한 사업목적 추가,https://kind.krx.co.kr/external/2025/06/02/000696/20250602001513/00591.htm,20250602000696,20250602001189
2025post,바이오·헬스케어,인크레더블버즈,코스닥,20250602,3,4,의약품 제조 허가 | 의료기기 제조 신고 | 건강기능식품 제조 신고,사업영역 확대,https://kind.krx.co.kr/external/2025/06/02/000230/20250602000494/00591.htm,20250602000230,20250602000343
2025post,식품·농업·외식,인크레더블버즈,코스닥,20250602,1,4,건강기능식품 제조 신고,사업영역 확대,https://kind.krx.co.kr/external/2025/06/02/000230/20250602000494/00591.htm,20250602000230,20250602000343
2025post,AI(인공지능),이니텍,코스닥,20250530,5,13,"AI 알고리즘 및 데이터 분석 기술의 연구개발, 컨설팅 및 관련 서비스업 | AI 금융리스크 분석 | AI 기반 소프트웨어 및 하드웨어의 개발, 제조, 판매, 유지보수 및 관련 서비스업 | AI 기반 서비스 플랫폼 | AI 데이터 라벨링",- 사업목적 추가,https://kind.krx.co.kr/external/2025/05/30/000104/20250530000118/00591.htm,20250530000104,20250530000026
2025post,클라우드·SW·빅데이터,이니텍,코스닥,20250530,4,13,"가상자산 관련 데이터 분석, 컨설팅 및 교육 서비스업 | AI 알고리즘 및 데이터 분석 기술의 연구개발, 컨설팅 및 관련 서비스업 | AI 기반 소프트웨어 및 하드웨어의 개발, 제조, 판매, 유지보수 및 관련 서비스업 | AI 기반 서비스 플랫폼",- 사업목적 추가,https://kind.krx.co.kr/external/2025/05/30/000104/20250530000118/00591.htm,20250530000104,20250530000026
2025post,디지털자산·블록체인·STO(스테이블코인),이니텍,코스닥,20250530,4,13,"블록체인 기반 암호화 자산 개발, 보유, 매매 및 중개업 | 블록체인 기술 관련 기타 정보서비스업 | 가상자산을 활용한 결제 시스템의 개발, 운영 및 관련 서비스업 | 가상자산 관련 데이터 분석, 컨설팅 및 교육 서비스업",- 사업목적 추가,https://kind.krx.co.kr/external/2025/05/30/000104/20250530000118/00591.htm,20250530000104,20250530000026
2025post,부동산·임대·건설,이니텍,코스닥,20250530,1,13,부동산 개발업,- 사업목적 추가,https://kind.krx.co.kr/external/2025/05/30/000104/20250530000118/00591.htm,20250530000104,20250530000026
2025post,투자·금융,이니텍,코스닥,20250530,1,13,대부업,- 사업목적 추가,https://kind.krx.co.kr/external/2025/05/30/000104/20250530000118/00591.htm,20250530000104,20250530000026
2025post,교육,이니텍,코스닥,20250530,1,13,"가상자산 관련 데이터 분석, 컨설팅 및 교육 서비스업",- 사업목적 추가,https://kind.krx.co.kr/external/2025/05/30/000104/20250530000118/00591.htm,20250530000104,20250530000026
2025post,바이오·헬스케어,차AI헬스케어,유가증권,20250528,7,14,"미용클리닉, 의료기관, 웰니스센터 운영 및 프랜차이즈 사업 | 병원 및 바이오 기업 인수 또는 공동 운영 | 의료관광 서비스 | 헬스케어 관련사업 | 암 진단키드 개발, 제조, 판매업 | 유전자 검사 및 관련 서비스 | 줄기세포, 면역세포, NK세포 및 세포보관, 가공, 배양 운영사업",사업 목적 추가,https://kind.krx.co.kr/external/2025/05/28/000633/20250528001643/00591.htm,20250528000633,20250528000658
2025post,화장품·뷰티,차AI헬스케어,유가증권,20250528,1,14,"미용클리닉, 의료기관, 웰니스센터 운영 및 프랜차이즈 사업",사업 목적 추가,https://kind.krx.co.kr/external/2025/05/28/000633/20250528001643/00591.htm,20250528000633,20250528000658
2025post,투자·금융,차AI헬스케어,유가증권,20250528,3,14,"국내외 주식 및 채권, 금융상품에 대한 투자 및 운용 | 사모투자전문회사(PEF), 프로젝트 투자조합의 설립 및 운용 | 자본시장과 금융투자업에 관한 법률 및 기타 금융관련 법령에서 영위할 수 있도록 허용한 업무",사업 목적 추가,https://kind.krx.co.kr/external/2025/05/28/000633/20250528001643/00591.htm,20250528000633,20250528000658
2025post,모빌리티·전기차·자율주행,아이로보틱스,코스닥,20250527,1,1,I. 자동차부품 제조 판매업,사업다각화를 위한 목적 추가 및 미영위 사업목적 삭제,https://kind.krx.co.kr/external/2025/05/27/000164/20250527000349/00591.htm,20250527000164,20250527000139
2025post,AI(인공지능),씨아이테크,유가증권,20250522,6,7,에이아이(AI) 헬스케어 플랫폼 개발 및 운영 | 에이아이(AI) 헬스케어 콘텐츠 제작 | 에이아이(AI) 헬스케어 데이터 분석 및 연구 지원 | 에이아이(AI) 헬스케어 모바일 앱 개발 및 판매 | 에이아이(AI) 헬스케어 자가진단 서비스 및 판매 | 에이아이(AI) 헬스케어 단말기 제조 및 판매,사업목적 추가,https://kind.krx.co.kr/external/2025/05/22/000244/20250522000841/00591.htm,20250522000244,20250522000232
2025post,클라우드·SW·빅데이터,씨아이테크,유가증권,20250522,2,7,에이아이(AI) 헬스케어 플랫폼 개발 및 운영 | 에이아이(AI) 헬스케어 데이터 분석 및 연구 지원,사업목적 추가,https://kind.krx.co.kr/external/2025/05/22/000244/20250522000841/00591.htm,20250522000244,20250522000232
2025post,바이오·헬스케어,씨아이테크,유가증권,20250522,7,7,에이아이(AI) 헬스케어 플랫폼 개발 및 운영 | 에이아이(AI) 헬스케어 콘텐츠 제작 | 에이아이(AI) 헬스케어 데이터 분석 및 연구 지원 | 에이아이(AI) 헬스케어 모바일 앱 개발 및 판매 | 에이아이(AI) 헬스케어 자가진단 서비스 및 판매 | 에이아이(AI) 헬스케어 단말기 제조 및 판매 | 그 외 기타 의료용 기기 제조업,사업목적 추가,https://kind.krx.co.kr/external/2025/05/22/000244/20250522000841/00591.htm,20250522000244,20250522000232
2025post,엔터·콘텐츠·게임,씨아이테크,유가증권,20250522,1,7,에이아이(AI) 헬스케어 콘텐츠 제작,사업목적 추가,https://kind.krx.co.kr/external/2025/05/22/000244/20250522000841/00591.htm,20250522000244,20250522000232
2025post,부동산·임대·건설,스코넥,코스닥,20250521,3,7,부동산 개발 및 서비스업 | 부동산매매 및 임대업 | 스포츠시설과 대중오락시설의 건설 및 운영업,사업목적 삭제 및 추가,https://kind.krx.co.kr/external/2025/05/21/000513/20250521001420/00591.htm,20250521000513,20250521000445
2025post,AI(인공지능),청보,코스닥,20250519,11,36,"인공지능 소프트웨어 개발 | 머신러닝, 딥러닝 및 기타 AI 기술을 활용한 소프트웨어의 개발 및 판매 | 게임 및 AI 관련 연구 및 개발 | 게임 디자인, 사용자 경험, AI 알고리즘 최적화 등에 대한 연구 및 개발 | AI 기반 게임 분석 및 운영 서비스 | 게임 및 AI 교육 및 컨설팅 서비스 | 게임 개발 및 AI 기술 관련 교육 프로그램 운영 및 컨설팅 서비스 제공 | 게임 및 AI 관련 투자 및 M&A | 게임 개발사 및 AI 스타트업에 대한 투자, 인수합병 및 파트너십 체결 | 블록체인 기술을 이용한 게임 및 AI 애플리케이션 개발 및 운영 | Iot(사물인터넷), AI(인공지능), 빅데이터를 활용한 드론 기술 연구 및 개발업",사업목적 추가 (신규사업 활성화 및 기업 이미지 제고),https://kind.krx.co.kr/external/2025/05/19/000299/20250519000901/00591.htm,20250519000299,20250519000242
2025post,클라우드·SW·빅데이터,청보,코스닥,20250519,7,36,"인공지능 소프트웨어 개발 | 머신러닝, 딥러닝 및 기타 AI 기술을 활용한 소프트웨어의 개발 및 판매 | 게임 소프트웨어 개발 및 퍼블리싱 | 다양한 플랫폼(모바일, PC, 콘솔 등)에서 사용할 수 있는 게임 소프트웨어의 개발, 마케팅, 판매 및 퍼블리싱 | 무인항공기 관련 소프트웨어의 개발, 판매, 유지보수 및 기술지원업 | 드론 기반통합관제 플랫폼의 기획, 개발 및 운영업 | Iot(사물인터넷), AI(인공지능), 빅데이터를 활용한 드론 기술 연구 및 개발업",사업목적 추가 (신규사업 활성화 및 기업 이미지 제고),https://kind.krx.co.kr/external/2025/05/19/000299/20250519000901/00591.htm,20250519000299,20250519000242
2025post,우주항공,청보,코스닥,20250519,4,36,"무인항공기(드론) 및 초경량비행장치의 개발, 제조, 판매, 수출입업 | 무인항공기 관련 소프트웨어의 개발, 판매, 유지보수 및 기술지원업 | 항공 촬영, 공간정보 구축 및 3D/4D 맵핑 서비스업 | 도싱항공교통(UAM) 관련 시스템 및 관제 기술 개발업",사업목적 추가 (신규사업 활성화 및 기업 이미지 제고),https://kind.krx.co.kr/external/2025/05/19/000299/20250519000901/00591.htm,20250519000299,20250519000242
2025post,드론·UAM,청보,코스닥,20250519,12,36,"무인항공기(드론) 및 초경량비행장치의 개발, 제조, 판매, 수출입업 | 무인항공기 관련 소프트웨어의 개발, 판매, 유지보수 및 기술지원업 | 드론 기반통합관제 플랫폼의 기획, 개발 및 운영업 | 드론 영상 촬영 및 데이터 수집, 분석 서비스업 | 드론을 활용한 재난감시, 환경모니터링, 보안 및 감시 서비스업 | 농업용 드론 운영 및 방제 서비스업 | 드론 물류 및 배송 서비스업 | 드론 교육 및 자격증 관련 교육사업 | 드론 관련 시스템 통항(SI) 및 솔루션 공급업 | 드론 관련 특허, 디자인 및 지식재산권의 개발, 취득, 라이선스 및 매매업 | 도싱항공교통(UAM) 관련 시스템 및 관제 기술 개발업 | Iot(사물인터넷), AI(인공지능), 빅데이터를 활용한 드론 기술 연구 및 개발업",사업목적 추가 (신규사업 활성화 및 기업 이미지 제고),https://kind.krx.co.kr/external/2025/05/19/000299/20250519000901/00591.htm,20250519000299,20250519000242
2025post,디지털자산·블록체인·STO(스테이블코인),청보,코스닥,20250519,2,36,블록체인 기술 활용 | 블록체인 기술을 이용한 게임 및 AI 애플리케이션 개발 및 운영,사업목적 추가 (신규사업 활성화 및 기업 이미지 제고),https://kind.krx.co.kr/external/2025/05/19/000299/20250519000901/00591.htm,20250519000299,20250519000242
2025post,부동산·임대·건설,청보,코스닥,20250519,2,36,"관련법령상 허용되는 부동산, 주식 기타 유가증권, 금전채권, 부실채권 등 기타 자산에 대한 투자 | 부동산 및 실물투자, 대체투자와 관련한 자문",사업목적 추가 (신규사업 활성화 및 기업 이미지 제고),https://kind.krx.co.kr/external/2025/05/19/000299/20250519000901/00591.htm,20250519000299,20250519000242
2025post,엔터·콘텐츠·게임,청보,코스닥,20250519,12,36,"게임 및 AI 관련 연구 및 개발 | 게임 디자인, 사용자 경험, AI 알고리즘 최적화 등에 대한 연구 및 개발 | AI 기반 게임 분석 및 운영 서비스 | 게임 및 AI 교육 및 컨설팅 서비스 | 게임 개발 및 AI 기술 관련 교육 프로그램 운영 및 컨설팅 서비스 제공 | 게임 및 AI 관련 투자 및 M&A | 게임 개발사 및 AI 스타트업에 대한 투자, 인수합병 및 파트너십 체결 | VR/AR 콘텐츠 개발 | 가상현실(VR) 및 증강현신(AR) 기술을 활용한 게임 및 기타 콘텐츠 개발 | 블록체인 기술을 이용한 게임 및 AI 애플리케이션 개발 및 운영 | 게임 소프트웨어 개발 및 퍼블리싱 | 다양한 플랫폼(모바일, PC, 콘솔 등)에서 사용할 수 있는 게임 소프트웨어의 개발, 마케팅, 판매 및 퍼블리싱",사업목적 추가 (신규사업 활성화 및 기업 이미지 제고),https://kind.krx.co.kr/external/2025/05/19/000299/20250519000901/00591.htm,20250519000299,20250519000242
2025post,식품·농업·외식,청보,코스닥,20250519,1,36,농업용 드론 운영 및 방제 서비스업,사업목적 추가 (신규사업 활성화 및 기업 이미지 제고),https://kind.krx.co.kr/external/2025/05/19/000299/20250519000901/00591.htm,20250519000299,20250519000242
2025post,탄소·환경,청보,코스닥,20250519,1,36,"드론을 활용한 재난감시, 환경모니터링, 보안 및 감시 서비스업",사업목적 추가 (신규사업 활성화 및 기업 이미지 제고),https://kind.krx.co.kr/external/2025/05/19/000299/20250519000901/00591.htm,20250519000299,20250519000242
2025post,교육,청보,코스닥,20250519,3,36,게임 및 AI 교육 및 컨설팅 서비스 | 게임 개발 및 AI 기술 관련 교육 프로그램 운영 및 컨설팅 서비스 제공 | 드론 교육 및 자격증 관련 교육사업,사업목적 추가 (신규사업 활성화 및 기업 이미지 제고),https://kind.krx.co.kr/external/2025/05/19/000299/20250519000901/00591.htm,20250519000299,20250519000242
2025post,부동산·임대·건설,아이오케이이엔엠,코스닥,20250515,2,5,"건축자재 도,소매업 | 건축자재관련 제조업",사업목적 추가,https://kind.krx.co.kr/external/2025/05/15/002433/20250515005699/00591.htm,20250515002433,20250515002391
2025post,식품·농업·외식,아이오케이이엔엠,코스닥,20250515,2,5,"육류 가공식품 도,소매업 | 축산물 유통업",사업목적 추가,https://kind.krx.co.kr/external/2025/05/15/002433/20250515005699/00591.htm,20250515002433,20250515002391
2025post,신재생·에너지·전력,아크솔루션스,코스닥,20250513,1,4,"전력, 전자기기, 산업제어기기 및 제어시스템 제조 판매업",신규사업목적 추가 및 비영위 사업 삭제 등 정비,https://kind.krx.co.kr/external/2025/05/13/000953/20250513001934/00591.htm,20250513000953,20250513000801
2025post,신재생·에너지·전력,다스코,유가증권,20250512,2,4,수소연료전지 발전사업 | 수소산업 건설업,신규 사업목적 추가,https://kind.krx.co.kr/external/2025/05/12/000346/20250512001007/00591.htm,20250512000346,20250512000470
2025post,부동산·임대·건설,다스코,유가증권,20250512,1,4,수소산업 건설업,신규 사업목적 추가,https://kind.krx.co.kr/external/2025/05/12/000346/20250512001007/00591.htm,20250512000346,20250512000470
2025post,탄소·환경,다스코,유가증권,20250512,1,4,환경전문공사업,신규 사업목적 추가,https://kind.krx.co.kr/external/2025/05/12/000346/20250512001007/00591.htm,20250512000346,20250512000470
2025post,신재생·에너지·전력,유진테크놀로지,코스닥,20250509,1,2,태양광 발전 사업 (추가) 제11조 【주식매수선택권】,제2조 【목적】 미영위 목적사업 삭제 및 신규 목적사업 추가 제11조 【주식매수선택권】 주식매수선택권 부여 시 성과연동형으로 부여함을 삽입,https://kind.krx.co.kr/external/2025/05/09/000167/20250509000369/00591.htm,20250509000167,20250509000216
2025post,바이오·헬스케어,파인테크닉스,코스닥,20250428,4,36,의약품 관련 기술 및 제품의 제조 및 판매업 | 의약품 원료 및 중간체 제조 및 판매업 | 의약품 연구개발 및 연구개발용역업 | 의료기기 제조 및 판매업,사업확장을 위한 사업목적 추가,https://kind.krx.co.kr/external/2025/04/28/000387/20250428001107/00591.htm,20250428000387,20250428000443
2025post,부동산·임대·건설,파인테크닉스,코스닥,20250428,1,36,부동산개발업 및 공매등 관련 컨설팅업,사업확장을 위한 사업목적 추가,https://kind.krx.co.kr/external/2025/04/28/000387/20250428001107/00591.htm,20250428000387,20250428000443
2025post,엔터·콘텐츠·게임,파인테크닉스,코스닥,20250428,5,36,인터넷 멀티미디어 방송 콘텐츠 제작 및 판매업 | 영화 수입업 | 영화 배급업 | 영화 제작업 | 컨텐츠 수입 및 유통업,사업확장을 위한 사업목적 추가,https://kind.krx.co.kr/external/2025/04/28/000387/20250428001107/00591.htm,20250428000387,20250428000443
2025post,화장품·뷰티,파인테크닉스,코스닥,20250428,2,36,화장품 제조 및 판매업 | 화장품 소재 및 첨가물 제조 및 판매업,사업확장을 위한 사업목적 추가,https://kind.krx.co.kr/external/2025/04/28/000387/20250428001107/00591.htm,20250428000387,20250428000443
2025post,식품·농업·외식,파인테크닉스,코스닥,20250428,2,36,음식점 및 기타 간이 음식점업 | 커피전문점업 및 기타 비알코올 음료점업,사업확장을 위한 사업목적 추가,https://kind.krx.co.kr/external/2025/04/28/000387/20250428001107/00591.htm,20250428000387,20250428000443
2025post,교육,파인테크닉스,코스닥,20250428,1,36,온라인 교육 및 자격사업,사업확장을 위한 사업목적 추가,https://kind.krx.co.kr/external/2025/04/28/000387/20250428001107/00591.htm,20250428000387,20250428000443
2025post,클라우드·SW·빅데이터,알티캐스트,코스닥,20250423,2,6,블록체인 기반 소프트웨어 개발 및 공급업 | 블록체인 기반 플랫폼 개발 및 관련 사업,사업목적의 정비,https://kind.krx.co.kr/external/2025/04/23/000261/20250423000915/00591.htm,20250423000261,20250423000274
2025post,디지털자산·블록체인·STO(스테이블코인),알티캐스트,코스닥,20250423,2,6,블록체인 기반 소프트웨어 개발 및 공급업 | 블록체인 기반 플랫폼 개발 및 관련 사업,사업목적의 정비,https://kind.krx.co.kr/external/2025/04/23/000261/20250423000915/00591.htm,20250423000261,20250423000274
2025post,부동산·임대·건설,알티캐스트,코스닥,20250423,1,6,부동산 개발업 및 투자업,사업목적의 정비,https://kind.krx.co.kr/external/2025/04/23/000261/20250423000915/00591.htm,20250423000261,20250423000274
2025post,투자·금융,알티캐스트,코스닥,20250423,2,6,금융 투자업 | 부동산 개발업 및 투자업,사업목적의 정비,https://kind.krx.co.kr/external/2025/04/23/000261/20250423000915/00591.htm,20250423000261,20250423000274
2025post,탄소·환경,강원에너지,코스닥,20250415,1,2,산업환경설비공사업,신규사업 추진으로 인한 사업목적 추가,https://kind.krx.co.kr/external/2025/04/15/000528/20250415001401/00591.htm,20250415000528,20250415000354
