acptno,dt,corp_name,market,title,submitter
20250331004097,2025-03-31 20:59,이니텍,코스닥,주주총회소집결의(임시주주총회),이니텍
20250331004077,2025-03-31 19:38,나라소프트,코넥스,[정정]주주총회소집 결의,나라소프트
20250331003735,2025-03-31 17:59,HEM파마,코스닥,주주총회소집결의,에이치이엠파마
20250331003752,2025-03-31 17:55,셀피글로벌,코스닥,[정정]주주총회소집결의,셀피글로벌
20250331003803,2025-03-31 17:51,인트로메딕,코스닥,[정정]주주총회소집결의,인트로메딕
20250331003772,2025-03-31 17:49,아틀라스링크,코스닥,주주총회소집결의(임시주주총회),아틀라스링크
20250331003520,2025-03-31 17:39,트리니티항공,유가증권,주주총회소집결의,트리니티항공
20250331003689,2025-03-31 17:38,다보링크,코스닥,[정정]주주총회소집결의(임시주주총회),다보링크
20250331003403,2025-03-31 17:29,티웨이홀딩스,유가증권,주주총회소집결의,티웨이홀딩스
20250331002142,2025-03-31 15:51,인디에프,유가증권,주주총회소집결의,인디에프
20250331002158,2025-03-31 15:38,퓨처코어,코스닥,주주총회소집결의,퓨처코어
20250331001108,2025-03-31 14:27,파인테크닉스,코스닥,주주총회소집결의,파인테크닉스
20250331001249,2025-03-31 14:25,플래스크,코스닥,[정정]주주총회소집결의(임시주주총회),플래스크
20250331000711,2025-03-31 12:47,유니켐,유가증권,주주총회소집결의,유니켐
20250328003703,2025-03-28 18:02,아리바이오홀딩스,코스닥,[정정]주주총회소집결의(임시주주총회),아리바이오홀딩스
20250328003497,2025-03-28 17:23,하이로닉,코스닥,[정정]주주총회소집결의,하이로닉
20250328003001,2025-03-28 16:51,휴림에이텍,코스닥,주주총회소집결의,휴림에이텍
20250328002957,2025-03-28 16:23,GS건설,유가증권,주주총회소집결의,지에스건설
20250328002543,2025-03-28 16:03,티에스넥스젠,코스닥,[정정]주주총회소집결의(임시주주총회),티에스넥스젠
20250328000502,2025-03-28 11:20,엠오티,코스닥,주주총회소집결의,엠오티
20250328000171,2025-03-28 10:10,KB제28호스팩,코스닥,주주총회소집결의(임시주주총회),케이비제28호기업인수목적
20250327001575,2025-03-27 16:55,프로브잇,코스닥,[정정]주주총회소집결의(임시주주총회),프로브잇
20250327001112,2025-03-27 15:44,알티캐스트,코스닥,주주총회소집결의,알티캐스트
20250327000958,2025-03-27 15:18,한화비전,유가증권,주주총회소집결의,한화비전
20250326001123,2025-03-26 15:11,KH 필룩스,유가증권,주주총회소집결의,케이에이치필룩스
20250326000478,2025-03-26 13:16,아이에이치큐,유가증권,주주총회소집결의,아이에이치큐
20250326000476,2025-03-26 13:16,한국유니온제약,코스닥,주주총회소집결의,한국유니온제약
20250326000473,2025-03-26 13:12,시선AI,코스닥,[정정]주주총회소집결의,시선에이아이
20250325001222,2025-03-25 16:54,광림,코스닥,주주총회소집결의,광림
20250325000995,2025-03-25 16:31,메디콕스,코스닥,주주총회소집결의,메디콕스
20250325001024,2025-03-25 16:16,KH 건설,코스닥,주주총회소집결의(임시주주총회),케이에이치건설
20250325000871,2025-03-25 15:48,KH 미래물산,코스닥,주주총회소집결의(임시주주총회),케이에이치미래물산
20250325000506,2025-03-25 14:35,새빗켐,코스닥,주주총회소집결의(임시주주총회),새빗켐
20250325000530,2025-03-25 14:33,씨씨에스,코스닥,주주총회소집결의(임시주주총회),씨씨에스충북방송
20250325000356,2025-03-25 13:54,루미르,코스닥,[정정]주주총회소집결의,루미르
20250324001214,2025-03-24 18:38,풍전약품,코스닥,주주총회소집결의(임시주주총회),풍전약품
20250324000946,2025-03-24 17:05,GS건설,유가증권,[정정]주주총회소집결의,지에스건설
20250324000699,2025-03-24 16:12,조광피혁,유가증권,[정정]주주총회소집결의,조광피혁
20250324000700,2025-03-24 16:00,대성산업,유가증권,[정정]주주총회소집결의,대성산업
20250324000567,2025-03-24 15:55,에이엠시지,코넥스,[정정]주주총회소집 결의,에이엠시지
20250324000513,2025-03-24 15:28,헝셩그룹,코스닥,주주총회소집결의,헝셩그룹유한회사
20250324000168,2025-03-24 11:25,대동고려삼,코넥스,주주총회소집 결의,대동고려삼
20250324000112,2025-03-24 10:29,디모아,코스닥,주주총회소집결의(임시주주총회),디모아
20250321001833,2025-03-21 17:26,한울소재과학,코스닥,[정정]주주총회소집결의,한울소재과학
20250321001866,2025-03-21 17:25,블루산업개발,유가증권,[정정]주주총회소집결의,블루산업개발
20250321001743,2025-03-21 17:05,동양고속,유가증권,[정정]주주총회소집결의,동양고속
20250321001566,2025-03-21 16:42,영풍,유가증권,[정정]주주총회소집결의,영풍
20250321001353,2025-03-21 16:24,GRT,코스닥,주주총회소집결의(임시주주총회),그레이트리치과기유한공사
20250321001460,2025-03-21 16:23,한국특강,유가증권,[정정]주주총회소집결의,한국특강
20250321001137,2025-03-21 16:01,루트K,코스닥,[정정]주주총회소집결의,루트케이
20250321001116,2025-03-21 15:53,KISCO홀딩스,유가증권,[정정]주주총회소집결의,KISCO홀딩스
20250321001097,2025-03-21 15:53,한국철강,유가증권,[정정]주주총회소집결의,한국철강
20250321000843,2025-03-21 15:28,우리엔터프라이즈,코스닥,[정정]주주총회소집결의,우리엔터프라이즈
20250321000894,2025-03-21 15:10,이엠앤아이,코스닥,[정정]주주총회소집결의,이엠앤아이
20250321000632,2025-03-21 14:32,한양증권,유가증권,[정정]주주총회소집결의,한양증권
20250321000569,2025-03-21 14:16,한진중공업홀딩스,유가증권,[정정]주주총회소집결의,한진중공업홀딩스
20250321000448,2025-03-21 13:39,비투엔,코스닥,주주총회소집결의,비투엔
20250321000348,2025-03-21 13:25,우리바이오,코스닥,[정정]주주총회소집결의,우리바이오
20250321000240,2025-03-21 11:14,한국종합기술,유가증권,[정정]주주총회소집결의,한국종합기술
20250321000181,2025-03-21 10:42,대진첨단소재,코스닥,[정정]주주총회소집결의,대진첨단소재
20250320002271,2025-03-20 17:58,강원에너지,코스닥,주주총회소집결의(임시주주총회),강원에너지
20250320002168,2025-03-20 17:53,이수스페셜티케미컬,유가증권,[정정]주주총회소집결의,이수스페셜티케미컬
20250320002012,2025-03-20 17:41,페이퍼코리아,유가증권,[정정]주주총회소집결의,페이퍼코리아
20250320002077,2025-03-20 17:35,이수화학,유가증권,[정정]주주총회소집결의,이수화학
20250320002046,2025-03-20 17:30,동방,유가증권,[정정]주주총회소집결의,동방
20250320001940,2025-03-20 17:24,대양금속,유가증권,[정정]주주총회소집결의,대양금속
20250320001590,2025-03-20 16:55,한국화장품제조,유가증권,[정정]주주총회소집결의,한국화장품제조
20250320001556,2025-03-20 16:42,한국화장품,유가증권,[정정]주주총회소집결의,한국화장품
20250320001334,2025-03-20 16:39,동양고속,유가증권,[정정]주주총회소집결의,동양고속
20250320001411,2025-03-20 16:27,나노,코스닥,[정정]주주총회소집결의,나노
20250320001316,2025-03-20 16:20,이수페타시스,유가증권,[정정]주주총회소집결의,이수페타시스
20250320001071,2025-03-20 16:09,율촌화학,유가증권,[정정]주주총회소집결의,율촌화학
20250320001186,2025-03-20 16:05,BF랩스,코스닥,[정정]주주총회소집결의(임시주주총회),비에프랩스
20250320000710,2025-03-20 14:54,동일산업,유가증권,[정정]주주총회소집결의,동일산업
20250320000308,2025-03-20 12:18,DB손해보험,유가증권,[정정]주주총회소집결의,DB손해보험
20250320000145,2025-03-20 10:34,대성하이텍,코스닥,[정정]주주총회소집결의,대성하이텍
20250319001037,2025-03-19 16:54,컬러레이,코스닥,주주총회소집결의,컬러레이홀딩스
20250319000983,2025-03-19 16:54,펩트론,코스닥,[정정]주주총회소집결의,펩트론
20250319000876,2025-03-19 16:39,에이엠시지,코넥스,[정정]주주총회소집 결의,에이엠시지
20250319000599,2025-03-19 15:38,GRT,코스닥,[정정]주주총회소집결의(임시주주총회),그레이트리치과기유한공사
20250319000436,2025-03-19 15:00,옵티코어,코스닥,[정정]주주총회소집결의,옵티코어
20250319000147,2025-03-19 11:18,CS홀딩스,유가증권,주주총회소집결의,CS 홀딩스
20250319000142,2025-03-19 11:18,조선선재,유가증권,주주총회소집결의,조선선재
20250318001705,2025-03-18 17:47,코오롱글로벌,유가증권,[정정]주주총회소집결의,코오롱글로벌
20250318001700,2025-03-18 17:45,현대위아,유가증권,주주총회소집결의,현대위아
20250318001301,2025-03-18 17:37,켄코아에어로스페이스,코스닥,[정정]주주총회소집결의,켄코아에어로스페이스
20250318001414,2025-03-18 17:29,이렘,코스닥,[정정]주주총회소집결의,이렘
20250318001041,2025-03-18 16:32,로보티즈,코스닥,주주총회소집결의(임시주주총회),로보티즈
20250318000927,2025-03-18 16:15,엘앤씨바이오,코스닥,[정정]주주총회소집결의,엘앤씨바이오
20250318000745,2025-03-18 15:43,우신시스템,유가증권,[정정]주주총회소집결의,우신시스템
20250318000559,2025-03-18 15:10,한국무브넥스,유가증권,[정정]주주총회소집결의,한국무브넥스
20250318000482,2025-03-18 14:46,아이로보틱스,코스닥,[정정]주주총회소집결의,아이로보틱스
20250318000363,2025-03-18 14:18,에스피소프트,코스닥,[정정]주주총회소집결의,에스피소프트
20250318000288,2025-03-18 13:53,유라클,코스닥,[정정]주주총회소집결의,유라클
20250318000155,2025-03-18 10:54,루트K,코스닥,[정정]주주총회소집결의,루트케이
20250318000017,2025-03-18 07:50,코엔텍,코스닥,주주총회소집결의(임시주주총회),코엔텍
20250318000003,2025-03-18 07:33,고려아연,유가증권,[정정]주주총회소집결의,고려아연
20250317001254,2025-03-17 17:55,FSN,코스닥,[정정]주주총회소집결의,에프에스엔
20250317001053,2025-03-17 17:19,듀켐바이오,코스닥,[정정]주주총회소집결의,듀켐바이오
20250317000724,2025-03-17 16:37,하이로닉,코스닥,[정정]주주총회소집결의,하이로닉
20250317000602,2025-03-17 16:18,서울제약,코스닥,[정정]주주총회소집결의,서울제약
20250317000615,2025-03-17 15:58,써니전자,유가증권,[정정]주주총회소집결의,써니전자
20250317000323,2025-03-17 14:24,에이치브이엠,코스닥,[정정]주주총회소집결의,에이치브이엠
20250317000317,2025-03-17 14:14,STX엔진,유가증권,[정정]주주총회소집결의,STX엔진
20250317000260,2025-03-17 13:46,하이브,유가증권,[정정]주주총회소집결의,하이브
20250317000205,2025-03-17 13:16,원티드랩,코스닥,[정정]주주총회소집결의,원티드랩
20250317000202,2025-03-17 13:15,다올투자증권,유가증권,[정정]주주총회소집결의,다올투자증권
20250317000151,2025-03-17 11:19,에이디테크놀로지,코스닥,주주총회소집결의,에이디테크놀로지
20250317000105,2025-03-17 10:37,대진첨단소재,코스닥,[정정]주주총회소집결의,대진첨단소재
20250317000072,2025-03-17 09:53,미쥬,코넥스,[정정]주주총회소집 결의,미쥬
20250317000064,2025-03-17 09:21,교촌에프앤비,유가증권,[정정]주주총회소집결의,교촌에프앤비
20250317000004,2025-03-17 07:40,옵티코어,코스닥,[정정]주주총회소집결의,옵티코어
20250314002406,2025-03-14 20:11,프로브잇,코스닥,주주총회소집결의,프로브잇
20250314002394,2025-03-14 19:01,테크엔,코넥스,주주총회소집 결의,테크엔
20250314002382,2025-03-14 18:58,인터로이드,코넥스,주주총회소집 결의,인터로이드
20250314002392,2025-03-14 18:56,JK리버스톤리츠,유가증권,주주총회소집결의,제이케이리버스톤자기관리부동산투자회사
20250314002119,2025-03-14 18:54,디에이치엑스컴퍼니,코스닥,주주총회소집결의,디에이치엑스컴퍼니
20250314002377,2025-03-14 18:52,이엠티,코넥스,주주총회소집 결의,이엠티
20250314002380,2025-03-14 18:49,나라소프트,코넥스,주주총회소집 결의,나라소프트
20250314002368,2025-03-14 18:48,유비씨,코넥스,주주총회소집 결의,유비씨
20250314002356,2025-03-14 18:44,하이로닉,코스닥,주주총회소집결의,하이로닉
20250314002346,2025-03-14 18:43,창대정밀,코넥스,주주총회소집 결의,창대정밀
20250314002345,2025-03-14 18:43,코퍼스코리아,코스닥,주주총회소집결의,코퍼스코리아
20250314002338,2025-03-14 18:40,큐러블,코넥스,주주총회소집 결의,큐러블
20250314002327,2025-03-14 18:38,한국미라클피플사,코넥스,주주총회소집 결의,한국미라클피플사
20250314002362,2025-03-14 18:35,아이톡시,코스닥,주주총회소집결의,아이톡시
20250314002358,2025-03-14 18:35,위너스일렉,코스닥,주주총회소집결의,위너스일렉
20250314002298,2025-03-14 18:33,알에프세미,코스닥,주주총회소집결의,알에프세미
20250314002354,2025-03-14 18:27,BF랩스,코스닥,주주총회소집결의,비에프랩스
20250314002334,2025-03-14 18:23,인벤티지랩,코스닥,주주총회소집결의,인벤티지랩
20250314002324,2025-03-14 18:13,포바이포,코스닥,주주총회소집결의,포바이포
20250314002315,2025-03-14 18:12,한양증권,유가증권,[정정]주주총회소집결의,한양증권
20250314002314,2025-03-14 18:09,에코캡,코스닥,주주총회소집결의,에코캡
20250314002265,2025-03-14 18:08,블랙야크아이앤씨,코스닥,주주총회소집결의,블랙야크아이앤씨
20250314002240,2025-03-14 18:08,디알텍,코스닥,주주총회소집결의,디알텍
20250314002296,2025-03-14 18:07,아이로보틱스,코스닥,[정정]주주총회소집결의,아이로보틱스
20250314002281,2025-03-14 18:03,광무,코스닥,주주총회소집결의,광무
20250314002248,2025-03-14 18:02,와이엠티,코스닥,주주총회소집결의,와이엠티
20250314002247,2025-03-14 18:00,한양증권,유가증권,주주총회소집결의,한양증권
20250314002155,2025-03-14 17:58,한울소재과학,코스닥,주주총회소집결의,한울소재과학
20250314002200,2025-03-14 17:57,비엘팜텍,코스닥,주주총회소집결의,비엘팜텍
20250314002150,2025-03-14 17:56,바이온,코스닥,주주총회소집결의,바이온
20250314002104,2025-03-14 17:54,상지건설,코스닥,주주총회소집결의,상지건설
20250314002092,2025-03-14 17:53,웰킵스하이텍,코스닥,주주총회소집결의,웰킵스하이텍
20250314002184,2025-03-14 17:52,제이스코홀딩스,코스닥,주주총회소집결의,제이스코홀딩스
20250314002165,2025-03-14 17:52,파멥신,코스닥,주주총회소집결의,파멥신
20250314002135,2025-03-14 17:51,드래곤플라이,코스닥,주주총회소집결의,드래곤플라이
20250314002035,2025-03-14 17:50,비츠로테크,코스닥,주주총회소집결의,비츠로테크
20250314002141,2025-03-14 17:46,제이케이시냅스,코스닥,주주총회소집결의,제이케이시냅스
20250314002062,2025-03-14 17:38,아티스트스튜디오,코스닥,주주총회소집결의,아티스트스튜디오
20250314002111,2025-03-14 17:37,우림피티에스,코스닥,주주총회소집결의,우림피티에스
20250314001972,2025-03-14 17:32,대보마그네틱,코스닥,주주총회소집결의,대보마그네틱
20250314002039,2025-03-14 17:30,조선선재,유가증권,주주총회소집결의,조선선재
20250314002026,2025-03-14 17:28,큐라클,코스닥,주주총회소집결의,큐라클
20250314002009,2025-03-14 17:25,코맥스,코스닥,주주총회소집결의,코맥스
20250314001993,2025-03-14 17:24,폴라리스오피스,코스닥,주주총회소집결의,폴라리스오피스
20250314001884,2025-03-14 17:22,현대사료,코스닥,[정정]주주총회소집결의,현대사료
20250314002022,2025-03-14 17:21,비유테크놀러지,코스닥,주주총회소집결의,비유테크놀러지
20250314001872,2025-03-14 17:21,엘케이켐,코스닥,주주총회소집결의,엘케이켐
20250314001731,2025-03-14 17:19,아크솔루션스,코스닥,주주총회소집결의,아크솔루션스
20250314001951,2025-03-14 17:18,광명전기,유가증권,주주총회소집결의,광명전기
20250314001773,2025-03-14 17:17,씨엔플러스,코스닥,주주총회소집결의,씨엔플러스
20250314001964,2025-03-14 17:13,삼보산업,코스닥,주주총회소집결의,삼보산업
20250314001949,2025-03-14 17:13,FSN,코스닥,주주총회소집결의,에프에스엔
20250314001867,2025-03-14 17:12,테라사이언스,코스닥,주주총회소집결의,테라사이언스
20250314001895,2025-03-14 17:08,에스켐,코스닥,주주총회소집결의,에스켐
20250314001788,2025-03-14 17:05,풍전약품,코스닥,주주총회소집결의,풍전약품
20250314001783,2025-03-14 17:05,블루산업개발,유가증권,주주총회소집결의,블루산업개발
20250314001728,2025-03-14 17:04,아이엠지티,코넥스,주주총회소집 결의,아이엠지티
20250314001725,2025-03-14 17:03,셀루메드,코스닥,주주총회소집결의,셀루메드
20250314001698,2025-03-14 17:02,한울앤제주,코스닥,주주총회소집결의,한울앤제주
20250314001730,2025-03-14 17:00,한울반도체,코스닥,주주총회소집결의,한울반도체
20250314001774,2025-03-14 16:57,해성옵틱스,코스닥,주주총회소집결의,해성옵틱스
20250314001735,2025-03-14 16:56,이엔플러스,유가증권,주주총회소집결의,이엔플러스
20250314001781,2025-03-14 16:55,한신기계공업,유가증권,주주총회소집결의,한신기계공업
20250314001794,2025-03-14 16:54,인지디스플레,코스닥,주주총회소집결의,인지디스플레이
20250314001746,2025-03-14 16:54,지엔코,코스닥,주주총회소집결의,지엔코
20250314001739,2025-03-14 16:53,티엔엔터테인먼트,코스닥,주주총회소집결의,티엔엔터테인먼트
20250314001727,2025-03-14 16:53,싸이토젠,코스닥,주주총회소집결의,싸이토젠
20250314001670,2025-03-14 16:53,SYTS,유가증권,주주총회소집결의,에스와이티에스
20250314001383,2025-03-14 16:52,케이알엠,코스닥,주주총회소집결의,케이알엠
20250314001744,2025-03-14 16:51,지아이이노베이션,코스닥,주주총회소집결의,지아이이노베이션
20250314001726,2025-03-14 16:48,자연과환경,코스닥,주주총회소집결의,자연과환경
20250314001665,2025-03-14 16:48,메디콕스,코스닥,주주총회소집결의,메디콕스
20250314001585,2025-03-14 16:46,에스유앤피,코스닥,주주총회소집결의,에스유앤피
20250314001560,2025-03-14 16:46,티에스넥스젠,코스닥,주주총회소집결의,티에스넥스젠
20250314001709,2025-03-14 16:45,엔켐,코스닥,[정정]주주총회소집결의,엔켐
20250314001693,2025-03-14 16:45,서울보증보험,유가증권,주주총회소집결의,서울보증보험
20250314001631,2025-03-14 16:45,금양,유가증권,주주총회소집결의,금양
20250314001621,2025-03-14 16:44,켄코아에어로스페이스,코스닥,주주총회소집결의,켄코아에어로스페이스
20250314001667,2025-03-14 16:43,에이블씨엔씨,유가증권,주주총회소집결의,에이블씨엔씨
20250314001705,2025-03-14 16:42,이화전기,코스닥,주주총회소집결의,이화전기공업
20250314001674,2025-03-14 16:42,휴림로봇,코스닥,주주총회소집결의,휴림로봇
20250314001524,2025-03-14 16:41,초록뱀미디어,코스닥,주주총회소집결의,초록뱀미디어
20250314001603,2025-03-14 16:40,셀피글로벌,코스닥,주주총회소집결의,셀피글로벌
20250314001575,2025-03-14 16:38,셀피글로벌,코스닥,[정정]주주총회소집결의,셀피글로벌
20250314001613,2025-03-14 16:36,롤링스톤,코스닥,[정정]주주총회소집결의,롤링스톤
20250314001561,2025-03-14 16:36,코디,코스닥,주주총회소집결의,코디
20250314001433,2025-03-14 16:36,오늘이엔엠,코스닥,주주총회소집결의,오늘이엔엠
20250314001600,2025-03-14 16:35,뉴트리,코스닥,[정정]주주총회소집결의,뉴트리
20250314001563,2025-03-14 16:34,미디어젠,코스닥,주주총회소집결의,미디어젠
20250314001526,2025-03-14 16:33,그리드위즈,코스닥,주주총회소집결의,그리드위즈
20250314001580,2025-03-14 16:30,엔투텍,코스닥,주주총회소집결의,엔투텍
20250314001540,2025-03-14 16:30,더테크놀로지,코스닥,주주총회소집결의,더 테크놀로지
20250314001530,2025-03-14 16:30,비에이치아이,코스닥,주주총회소집결의,비에이치아이
20250314001501,2025-03-14 16:30,애니메디솔루션,코넥스,주주총회소집 결의,애니메디솔루션
20250314001522,2025-03-14 16:29,셀레스트라,코스닥,주주총회소집결의,셀레스트라
20250314001382,2025-03-14 16:27,솔루믹스,코넥스,주주총회소집 결의,솔루믹스
20250314001509,2025-03-14 16:26,이화공영,코스닥,주주총회소집결의,이화공영
20250314001415,2025-03-14 16:25,레드우즈,코넥스,주주총회소집 결의,레드우즈
20250314001386,2025-03-14 16:25,에스피시스템스,코스닥,주주총회소집결의,에스피시스템스
20250314001498,2025-03-14 16:23,엔에스컴퍼니,코넥스,주주총회소집 결의,엔에스컴퍼니
20250314001493,2025-03-14 16:23,씨어스,코스닥,주주총회소집결의,씨어스
20250314001485,2025-03-14 16:19,한국특강,유가증권,주주총회소집결의,한국특강
20250314001366,2025-03-14 16:19,도이치모터스,코스닥,주주총회소집결의,도이치모터스
20250314001473,2025-03-14 16:18,교촌에프앤비,유가증권,주주총회소집결의,교촌에프앤비
20250314001355,2025-03-14 16:18,다산네트웍스,코스닥,주주총회소집결의,다산네트웍스
20250314001406,2025-03-14 16:17,다보링크,코스닥,주주총회소집결의,다보링크
20250314001300,2025-03-14 16:17,세종메디칼,코스닥,주주총회소집결의,세종메디칼
20250314001421,2025-03-14 16:15,알비더블유,코스닥,주주총회소집결의,알비더블유
20250314001370,2025-03-14 16:14,인베니아,코스닥,주주총회소집결의,인베니아
20250314001339,2025-03-14 16:14,하이브,유가증권,주주총회소집결의,하이브
20250314001375,2025-03-14 16:11,이지스레지던스리츠,유가증권,주주총회소집결의,이지스레지던스위탁관리부동산투자회사
20250314001365,2025-03-14 16:09,엑시온그룹,코스닥,주주총회소집결의,엑시온그룹
20250314001315,2025-03-14 16:09,트리니티항공,유가증권,주주총회소집결의,트리니티항공
20250314001239,2025-03-14 16:08,차바이오텍,코스닥,주주총회소집결의,차바이오텍
20250314001358,2025-03-14 16:07,이지바이오,코스닥,주주총회소집결의,이지바이오
20250314001352,2025-03-14 16:07,원준,코스닥,주주총회소집결의,원준
20250314001329,2025-03-14 16:07,CS홀딩스,유가증권,주주총회소집결의,CS 홀딩스
20250314001299,2025-03-14 16:06,알피바이오,코스닥,주주총회소집결의,알피바이오
20250314001304,2025-03-14 16:05,체시스,유가증권,주주총회소집결의,체시스
20250314001078,2025-03-14 16:05,인바이오젠,유가증권,[정정]주주총회소집결의,인바이오젠
20250314001330,2025-03-14 16:03,아센디오,유가증권,주주총회소집결의,아센디오
20250314001310,2025-03-14 16:00,이지홀딩스,코스닥,주주총회소집결의,이지홀딩스
20250314001266,2025-03-14 16:00,덕산테코피아,코스닥,주주총회소집결의,덕산테코피아
20250314001258,2025-03-14 15:59,알에프텍,코스닥,주주총회소집결의,알에프텍
20250314001165,2025-03-14 15:59,미래엔에듀파트너,코넥스,주주총회소집 결의,미래엔에듀파트너
20250314001278,2025-03-14 15:58,에이디칩스,코스닥,주주총회소집결의,에이디칩스
20250314001229,2025-03-14 15:55,ES큐브,코스닥,주주총회소집결의,ES큐브
20250314001200,2025-03-14 15:54,블루엠텍,코스닥,주주총회소집결의,블루엠텍
20250314001168,2025-03-14 15:53,대창솔루션,코스닥,주주총회소집결의,대창솔루션
20250314001230,2025-03-14 15:51,메타바이오메드,코스닥,주주총회소집결의,메타바이오메드
20250314001215,2025-03-14 15:51,팬스타엔터프라이즈,코스닥,주주총회소집결의,팬스타엔터프라이즈
20250314001093,2025-03-14 15:50,국보,유가증권,[정정]주주총회소집결의,국보
20250314001213,2025-03-14 15:49,아이윈,코스닥,[정정]주주총회소집결의,아이윈
20250314001196,2025-03-14 15:48,팜스토리,코스닥,주주총회소집결의,팜스토리
20250314001150,2025-03-14 15:48,글로벌에스엠,코스닥,주주총회소집결의,글로벌에스엠테크리미티드
20250314001097,2025-03-14 15:48,애드바이오텍,코스닥,주주총회소집결의,애드바이오텍
20250314001142,2025-03-14 15:47,티웨이홀딩스,유가증권,주주총회소집결의,티웨이홀딩스
20250314000981,2025-03-14 15:45,서흥,유가증권,[정정]주주총회소집결의,서흥
20250314001067,2025-03-14 15:44,글로본,코스닥,주주총회소집결의,글로본
20250314001086,2025-03-14 15:41,젬백스,코스닥,주주총회소집결의,젬백스&카엘
20250314001041,2025-03-14 15:40,마이크로엔엑스,코넥스,주주총회소집 결의,마이크로엔엑스
20250314001087,2025-03-14 15:39,소마젠,코스닥,주주총회소집결의,소마젠
20250314001034,2025-03-14 15:38,휴젤,코스닥,주주총회소집결의,휴젤
20250314001021,2025-03-14 15:37,엣지파운드리,코스닥,주주총회소집결의,엣지파운드리
20250314001091,2025-03-14 15:36,비비안,유가증권,주주총회소집결의,비비안
20250314001077,2025-03-14 15:36,오션인더블유,코스닥,주주총회소집결의,오션인더블유
20250314000983,2025-03-14 15:35,도부,코넥스,주주총회소집 결의,도부
20250314001024,2025-03-14 15:34,중앙첨단소재,코스닥,주주총회소집결의,중앙첨단소재
20250314001023,2025-03-14 15:33,피노,코스닥,주주총회소집결의,피노
20250314001046,2025-03-14 15:29,이엠앤아이,코스닥,주주총회소집결의,이엠앤아이
20250314001038,2025-03-14 15:28,이트론,코스닥,주주총회소집결의,이트론
20250314000991,2025-03-14 15:27,화승알앤에이,유가증권,주주총회소집결의,화승알앤에이
20250314000956,2025-03-14 15:27,케이엠,코스닥,주주총회소집결의,케이엠
20250314000931,2025-03-14 15:26,케이이엠텍,코스닥,주주총회소집결의,케이이엠텍
20250314000864,2025-03-14 15:26,노머스,코스닥,주주총회소집결의,노머스
20250314000974,2025-03-14 15:25,씨앗,코넥스,주주총회소집 결의,씨앗
20250314000997,2025-03-14 15:24,롤링스톤,코스닥,주주총회소집결의,롤링스톤
20250314001007,2025-03-14 15:19,플래스크,코스닥,주주총회소집결의,플래스크
20250314000941,2025-03-14 15:19,디에이피,코스닥,주주총회소집결의,디에이피
20250314000893,2025-03-14 15:19,대주이엔티,코넥스,주주총회소집 결의,대주이엔티
20250314000933,2025-03-14 15:18,옵트론텍,코스닥,주주총회소집결의,옵트론텍
20250314000907,2025-03-14 15:18,엔켐,코스닥,주주총회소집결의,엔켐
20250314000980,2025-03-14 15:17,쌍방울,유가증권,주주총회소집결의,쌍방울
20250314000970,2025-03-14 15:16,피아이이,코스닥,[정정]주주총회소집결의,피아이이
20250314000912,2025-03-14 15:16,TS트릴리온,코스닥,주주총회소집결의,티에스트릴리온
20250314000936,2025-03-14 15:15,대산F&B,코스닥,주주총회소집결의,대산에프앤비
20250314000910,2025-03-14 15:14,엑시큐어하이트론,유가증권,주주총회소집결의,엑시큐어하이트론
20250314000920,2025-03-14 15:10,대진첨단소재,코스닥,주주총회소집결의,대진첨단소재
20250314000894,2025-03-14 15:05,디아이씨,유가증권,주주총회소집결의,디아이씨
20250314000852,2025-03-14 15:05,푸른소나무,코스닥,주주총회소집결의,푸른소나무
20250314000866,2025-03-14 15:03,옵티코어,코스닥,주주총회소집결의,옵티코어
20250314000844,2025-03-14 15:03,넥스턴앤롤코리아,코스닥,주주총회소집결의,넥스턴앤롤코리아
20250314000841,2025-03-14 15:00,마녀공장,코스닥,주주총회소집결의,마녀공장
20250314000847,2025-03-14 14:59,스타코링크,코스닥,주주총회소집결의,스타코링크
20250314000858,2025-03-14 14:58,유티아이,코스닥,주주총회소집결의,유티아이
20250314000856,2025-03-14 14:58,화인베스틸,유가증권,주주총회소집결의,화인베스틸
20250314000846,2025-03-14 14:58,바이브컴퍼니,코스닥,주주총회소집결의,바이브컴퍼니
20250314000832,2025-03-14 14:57,대봉엘에스,코스닥,주주총회소집결의,대봉엘에스
20250314000799,2025-03-14 14:56,대구백화점,유가증권,주주총회소집결의,대구백화점
20250314000747,2025-03-14 14:52,판도라티비,코넥스,주주총회소집 결의,판도라티비
20250314000743,2025-03-14 14:50,가이아코퍼레이션,코넥스,주주총회소집 결의,가이아코퍼레이션
20250314000785,2025-03-14 14:48,젝시믹스,코스닥,주주총회소집결의,젝시믹스
20250314000780,2025-03-14 14:47,씨앤지하이테크,코스닥,주주총회소집결의,씨앤지하이테크
20250314000772,2025-03-14 14:45,씨앤씨인터내셔널,코스닥,주주총회소집결의,씨앤씨인터내셔널
20250314000804,2025-03-14 14:44,이아이디,유가증권,주주총회소집결의,이아이디
20250314000758,2025-03-14 14:42,KH 미래물산,코스닥,[정정]주주총회소집결의,케이에이치미래물산
20250314000701,2025-03-14 14:41,SKAI,코스닥,주주총회소집결의,스카이월드와이드
20250314000688,2025-03-14 14:39,세토피아,코스닥,[정정]주주총회소집결의,세토피아
20250314000756,2025-03-14 14:38,피씨엘,코스닥,주주총회소집결의,피씨엘
20250314000749,2025-03-14 14:37,포커스에이아이,코스닥,주주총회소집결의,포커스에이아이
20250314000731,2025-03-14 14:37,솔디펜스,코스닥,주주총회소집결의,솔디펜스
20250314000723,2025-03-14 14:36,하이퍼코퍼레이션,코스닥,주주총회소집결의,하이퍼코퍼레이션
20250314000744,2025-03-14 14:35,이오플로우,코스닥,주주총회소집결의,이오플로우
20250314000727,2025-03-14 14:32,퓨처코어,코스닥,주주총회소집결의,퓨처코어
20250314000694,2025-03-14 14:31,모다이노칩,코스닥,[정정]주주총회소집결의,모다이노칩
20250314000714,2025-03-14 14:29,한국유니온제약,코스닥,주주총회소집결의,한국유니온제약
20250314000637,2025-03-14 14:29,세원물산,코스닥,주주총회소집결의,세원물산
20250314000666,2025-03-14 14:28,보락,유가증권,주주총회소집결의,보락
20250314000659,2025-03-14 14:23,이성씨엔아이,코넥스,주주총회소집 결의,이성씨엔아이
20250314000690,2025-03-14 14:22,대화제약,코스닥,주주총회소집결의,대화제약
20250314000646,2025-03-14 14:21,와이엠텍,코스닥,주주총회소집결의,와이엠텍
20250314000678,2025-03-14 14:17,인크레더블버즈,코스닥,주주총회소집결의,인크레더블버즈
20250314000661,2025-03-14 14:17,알테오젠,코스닥,주주총회소집결의,알테오젠
20250314000644,2025-03-14 14:16,상신이디피,코스닥,주주총회소집결의,상신이디피
20250314000626,2025-03-14 14:15,씨티씨바이오,코스닥,주주총회소집결의,씨티씨바이오
20250314000616,2025-03-14 14:15,레인보우로보틱스,코스닥,주주총회소집결의,레인보우로보틱스
20250314000654,2025-03-14 14:13,뉴파워프라즈마,코스닥,주주총회소집결의,뉴파워프라즈마
20250314000559,2025-03-14 14:07,원티드랩,코스닥,주주총회소집결의,원티드랩
20250314000599,2025-03-14 14:02,원림,유가증권,주주총회소집결의,원림
20250314000571,2025-03-14 13:59,이원컴포텍,코스닥,주주총회소집결의,이원컴포텍
20250314000540,2025-03-14 13:58,모다이노칩,코스닥,[정정]주주총회소집결의,모다이노칩
20250314000569,2025-03-14 13:56,휴비츠,코스닥,주주총회소집결의,휴비츠
20250314000561,2025-03-14 13:51,씨아이테크,유가증권,주주총회소집결의,씨아이테크
20250314000537,2025-03-14 13:51,더코디,코스닥,주주총회소집결의,더코디
20250314000578,2025-03-14 13:50,우리산업홀딩스,코스닥,주주총회소집결의,우리산업홀딩스
20250314000511,2025-03-14 13:47,로젠,코스닥,주주총회소집결의,로젠
20250314000518,2025-03-14 13:45,수산인더스트리,유가증권,주주총회소집결의,수산인더스트리
20250314000547,2025-03-14 13:43,아이오바이오,코넥스,[정정]주주총회소집 결의,아이오바이오
20250314000536,2025-03-14 13:38,화승코퍼레이션,유가증권,주주총회소집결의,화승코퍼레이션
20250314000523,2025-03-14 13:38,블루탑,코넥스,주주총회소집 결의,블루탑
20250314000498,2025-03-14 13:37,비비씨,코스닥,주주총회소집결의,비비씨
20250314000529,2025-03-14 13:36,아이엠,코스닥,주주총회소집결의,아이엠
20250314000512,2025-03-14 13:34,이건홀딩스,코스닥,주주총회소집결의,이건홀딩스
20250314000477,2025-03-14 13:31,웰바이오텍,유가증권,주주총회소집결의,웰바이오텍
20250314000466,2025-03-14 13:23,DMS,코스닥,주주총회소집결의,디엠에스
20250314000458,2025-03-14 13:23,틸론,코넥스,주주총회소집 결의,틸론
20250314000449,2025-03-14 13:10,KC산업,코넥스,주주총회소집 결의,케이씨산업
20250314000436,2025-03-14 13:08,루트락,코넥스,주주총회소집 결의,루트락
20250314000422,2025-03-14 12:18,SHD,유가증권,[정정]주주총회소집결의,신화다이나믹스
20250314000415,2025-03-14 12:10,아이윈,코스닥,주주총회소집결의,아이윈
20250314000402,2025-03-14 12:00,코스나인,코스닥,주주총회소집결의,코스나인
20250314000394,2025-03-14 11:56,대창스틸,코스닥,주주총회소집결의,대창스틸
20250314000379,2025-03-14 11:48,이연제약,유가증권,[정정]주주총회소집결의,이연제약
20250314000361,2025-03-14 11:36,네오이뮨텍,코스닥,주주총회소집결의,네오이뮨텍
20250314000359,2025-03-14 11:35,갤럭시아머니트리,코스닥,주주총회소집결의,갤럭시아머니트리
20250314000360,2025-03-14 11:30,형지글로벌,코스닥,주주총회소집결의,형지글로벌
20250314000338,2025-03-14 11:29,에스엘테라퓨틱스,코넥스,주주총회소집 결의,에스엘테라퓨틱스
20250314000339,2025-03-14 11:25,카이노스메드,코스닥,주주총회소집결의,카이노스메드
20250314000329,2025-03-14 11:22,듀켐바이오,코스닥,주주총회소집결의,듀켐바이오
20250314000306,2025-03-14 11:18,라온시큐어,코스닥,주주총회소집결의,라온시큐어
20250314000324,2025-03-14 11:16,리파인,코스닥,주주총회소집결의,리파인
20250314000288,2025-03-14 11:04,동일스틸럭스,코스닥,주주총회소집결의,동일스틸럭스
20250314000278,2025-03-14 11:02,그래디언트,코스닥,주주총회소집결의,그래디언트
20250314000275,2025-03-14 11:02,원바이오젠,코스닥,주주총회소집결의,원바이오젠
20250314000253,2025-03-14 11:00,브이엠,코스닥,주주총회소집결의,브이엠
20250314000251,2025-03-14 10:55,HT로보틱스,코스닥,주주총회소집결의,에이치티로보틱스
20250314000250,2025-03-14 10:55,피엔케이피부임상연구센타,코스닥,주주총회소집결의,피엔케이피부임상연구센타
20250314000242,2025-03-14 10:47,케이엠제약,코스닥,주주총회소집결의,케이엠제약
20250314000235,2025-03-14 10:46,SCL사이언스,코스닥,주주총회소집결의,에스씨엘사이언스
20250314000212,2025-03-14 10:46,태성,코스닥,주주총회소집결의,태성
20250314000209,2025-03-14 10:46,코세스,코스닥,주주총회소집결의,코세스
20250314000206,2025-03-14 10:45,코미코,코스닥,주주총회소집결의,코미코
20250314000249,2025-03-14 10:44,이삭엔지니어링,코스닥,주주총회소집결의,이삭엔지니어링
20250314000247,2025-03-14 10:44,제너셈,코스닥,주주총회소집결의,제너셈
20250314000214,2025-03-14 10:30,사피엔반도체,코스닥,[정정]주주총회소집결의,사피엔반도체
20250314000210,2025-03-14 10:30,우리산업,코스닥,주주총회소집결의,우리산업
20250314000188,2025-03-14 10:25,엑셈,코스닥,주주총회소집결의,엑셈
20250314000165,2025-03-14 10:24,디케이티,코스닥,주주총회소집결의,디케이티
20250314000162,2025-03-14 10:23,아틀라스링크,코스닥,주주총회소집결의,아틀라스링크
20250314000163,2025-03-14 10:18,폰드그룹,코스닥,주주총회소집결의,폰드그룹
20250314000147,2025-03-14 10:00,비에이치,유가증권,주주총회소집결의,비에이치
20250314000143,2025-03-14 09:58,아가방컴퍼니,코스닥,주주총회소집결의,아가방앤컴퍼니
20250313002451,2025-03-13 19:09,HLB제넥스,코스닥,주주총회소집결의,에이치엘비제넥스
20250313002445,2025-03-13 18:55,SK시그넷,코넥스,주주총회소집 결의,SK시그넷
20250313002423,2025-03-13 18:21,에코글로우,코스닥,주주총회소집결의,에코글로우
20250313002369,2025-03-13 18:10,산일전기,유가증권,주주총회소집결의,산일전기
20250313002295,2025-03-13 18:10,NHN벅스,코스닥,주주총회소집결의,엔에이치엔벅스
20250313002198,2025-03-13 18:04,HEM파마,코스닥,주주총회소집결의,에이치이엠파마
20250313002154,2025-03-13 18:00,엘티씨,코스닥,주주총회소집결의,엘티씨
20250313002302,2025-03-13 17:59,버넥트,코스닥,주주총회소집결의,버넥트
20250313002181,2025-03-13 17:58,네이처셀,코스닥,[정정]주주총회소집결의,네이처셀
20250313002112,2025-03-13 17:53,CG인바이츠,코스닥,주주총회소집결의,씨지인바이츠
20250313002204,2025-03-13 17:52,엠케이전자,코스닥,주주총회소집결의,엠케이전자
20250313002215,2025-03-13 17:48,DH오토웨어,코스닥,주주총회소집결의,디에이치오토웨어
20250313002214,2025-03-13 17:47,다산디엠씨,코스닥,주주총회소집결의,다산디엠씨
20250313002294,2025-03-13 17:46,콘텐트리중앙,유가증권,주주총회소집결의,콘텐트리중앙
20250313002138,2025-03-13 17:46,SFA반도체,코스닥,주주총회소집결의,에스에프에이반도체
20250313002268,2025-03-13 17:42,플라즈맵,코스닥,주주총회소집결의,플라즈맵
20250313002194,2025-03-13 17:42,고려아연,유가증권,주주총회소집결의,고려아연
20250313002163,2025-03-13 17:41,아이오바이오,코넥스,주주총회소집 결의,아이오바이오
20250313002236,2025-03-13 17:40,뉴온,코스닥,[정정]주주총회소집결의,뉴온
20250313002211,2025-03-13 17:38,휴온스글로벌,코스닥,[정정]주주총회소집결의,휴온스글로벌
20250313002146,2025-03-13 17:38,극동유화,유가증권,주주총회소집결의,극동유화
20250313002201,2025-03-13 17:37,THE E&M,코스닥,주주총회소집결의,더이앤엠
20250313001989,2025-03-13 17:37,소프트캠프,코스닥,주주총회소집결의,소프트캠프
20250313002081,2025-03-13 17:36,원포유,코넥스,주주총회소집 결의,원포유
20250313001985,2025-03-13 17:34,네패스,코스닥,주주총회소집결의,네패스
20250313002107,2025-03-13 17:33,STX,유가증권,주주총회소집결의,STX
20250313002101,2025-03-13 17:32,대양금속,유가증권,주주총회소집결의,대양금속
20250313002072,2025-03-13 17:31,엘브이엠씨,유가증권,주주총회소집결의,엘브이엠씨홀딩스
20250313002151,2025-03-13 17:29,이니텍,코스닥,주주총회소집결의,이니텍
20250313002128,2025-03-13 17:28,오리엔트정공,코스닥,주주총회소집결의,오리엔트정공
20250313002132,2025-03-13 17:27,일진디스플,유가증권,주주총회소집결의,일진디스플레이
20250313001976,2025-03-13 17:27,네오오토,코스닥,주주총회소집결의,네오오토
20250313002089,2025-03-13 17:26,KT밀리의서재,코스닥,주주총회소집결의,케이티밀리의서재
20250313002069,2025-03-13 17:26,사피엔반도체,코스닥,주주총회소집결의,사피엔반도체
20250313002066,2025-03-13 17:26,골드앤에스,코스닥,[정정]주주총회소집결의,골드앤에스
20250313002033,2025-03-13 17:25,스튜디오미르,코스닥,주주총회소집결의,스튜디오미르
20250313002030,2025-03-13 17:23,골프존,코스닥,주주총회소집결의,골프존
20250313001968,2025-03-13 17:22,미래에셋벤처투자,코스닥,주주총회소집결의,미래에셋벤처투자
20250313002047,2025-03-13 17:21,미트박스,코스닥,주주총회소집결의,미트박스글로벌
20250313001869,2025-03-13 17:21,팜스빌,코스닥,주주총회소집결의,팜스빌
20250313002001,2025-03-13 17:19,한전산업,유가증권,주주총회소집결의,한전산업개발
20250313001831,2025-03-13 17:19,위메이드,코스닥,주주총회소집결의,위메이드
20250313002044,2025-03-13 17:18,코스메카코리아,코스닥,주주총회소집결의,코스메카코리아
20250313001987,2025-03-13 17:18,현대사료,코스닥,주주총회소집결의,현대사료
20250313001969,2025-03-13 17:17,피플바이오,코스닥,주주총회소집결의,피플바이오
20250313001948,2025-03-13 17:16,부방,코스닥,주주총회소집결의,부방
20250313001685,2025-03-13 17:16,골프존홀딩스,코스닥,주주총회소집결의,골프존홀딩스
20250313001903,2025-03-13 17:15,에피소드컴퍼니,코스닥,주주총회소집결의,에피소드컴퍼니
20250313001938,2025-03-13 17:14,파라텍,코스닥,주주총회소집결의,파라텍
20250313001852,2025-03-13 17:13,YTN,코스닥,주주총회소집결의,와이티엔
20250313001962,2025-03-13 17:12,리튬포어스,코스닥,[정정]주주총회소집결의,리튬포어스
20250313001946,2025-03-13 17:12,이렘,코스닥,주주총회소집결의,이렘
20250313001866,2025-03-13 17:12,노바텍,코스닥,주주총회소집결의,노바텍
20250313001899,2025-03-13 17:11,에이직랜드,코스닥,주주총회소집결의,에이직랜드
20250313001891,2025-03-13 17:10,일지테크,코스닥,주주총회소집결의,일지테크
20250313001957,2025-03-13 17:06,코리아써키트,유가증권,주주총회소집결의,코리아써키트
20250313001867,2025-03-13 16:59,엔시트론,코스닥,주주총회소집결의,엔시트론
20250313001845,2025-03-13 16:58,휴림에이텍,코스닥,주주총회소집결의,휴림에이텍
20250313001815,2025-03-13 16:58,메타케어,유가증권,주주총회소집결의,메타케어
20250313001838,2025-03-13 16:57,에이스테크,코스닥,주주총회소집결의,에이스테크놀로지
20250313001806,2025-03-13 16:56,유니켐,유가증권,주주총회소집결의,유니켐
20250313001804,2025-03-13 16:55,케이피엠테크,코스닥,주주총회소집결의,케이피엠테크
20250313001828,2025-03-13 16:54,아시아경제,코스닥,주주총회소집결의,아시아경제
20250313001704,2025-03-13 16:54,젠큐릭스,코스닥,주주총회소집결의,젠큐릭스
20250313001812,2025-03-13 16:53,유비벨록스,코스닥,주주총회소집결의,유비벨록스
20250313001805,2025-03-13 16:52,M83,코스닥,주주총회소집결의,엠83
20250313001741,2025-03-13 16:51,잉글우드랩,코스닥,주주총회소집결의,잉글우드랩
20250313001681,2025-03-13 16:50,대한해운,유가증권,주주총회소집결의,대한해운
20250313001653,2025-03-13 16:48,푸드나무,코스닥,주주총회소집결의,푸드나무
20250313001774,2025-03-13 16:47,프리티,유가증권,주주총회소집결의,프리티
20250313001763,2025-03-13 16:46,MDS스피어,유가증권,주주총회소집결의,MDS스피어
20250313001722,2025-03-13 16:46,DKME,유가증권,주주총회소집결의,디케이엠이
20250313001686,2025-03-13 16:42,아고스,코스닥,주주총회소집결의,아고스
20250313001626,2025-03-13 16:41,컴투스홀딩스,코스닥,주주총회소집결의,컴투스홀딩스
20250313001668,2025-03-13 16:40,드림어스컴퍼니,코스닥,주주총회소집결의,드림어스컴퍼니
20250313001701,2025-03-13 16:39,하이딥,코스닥,주주총회소집결의,하이딥
20250313001654,2025-03-13 16:38,자이글,코스닥,주주총회소집결의,자이글
20250313001529,2025-03-13 16:38,컴투스,코스닥,주주총회소집결의,컴투스
20250313001555,2025-03-13 16:36,시그네틱스,코스닥,주주총회소집결의,시그네틱스
20250313001666,2025-03-13 16:35,남선알미늄,유가증권,주주총회소집결의,남선알미늄
20250313001531,2025-03-13 16:35,쏘닉스,코스닥,주주총회소집결의,쏘닉스
20250313001553,2025-03-13 16:32,다산솔루에타,코스닥,주주총회소집결의,다산솔루에타
20250313001495,2025-03-13 16:31,SFA,코스닥,주주총회소집결의,에스에프에이
20250313001333,2025-03-13 16:31,이스타코,유가증권,주주총회소집결의,이스타코
20250313001453,2025-03-13 16:30,메타랩스,유가증권,[정정]주주총회소집결의,메타랩스
20250313001313,2025-03-13 16:30,태광산업,유가증권,주주총회소집결의,태광산업
20250313001470,2025-03-13 16:29,아이스크림에듀,코스닥,[정정]주주총회소집결의,아이스크림에듀
20250313001582,2025-03-13 16:27,웅진,유가증권,주주총회소집결의,웅진
20250313001522,2025-03-13 16:27,아주스틸,유가증권,주주총회소집결의,아주스틸
20250313001466,2025-03-13 16:26,스코넥,코스닥,[정정]주주총회소집결의,스코넥엔터테인먼트
20250313001244,2025-03-13 16:25,콜마바이오텍,코스닥,주주총회소집결의,콜마바이오텍
20250313001500,2025-03-13 16:23,갤럭시아에스엠,유가증권,주주총회소집결의,갤럭시아 에스엠
20250313001492,2025-03-13 16:21,웅진씽크빅,유가증권,주주총회소집결의,웅진씽크빅
20250313001319,2025-03-13 16:21,모트렉스,코스닥,주주총회소집결의,모트렉스
20250313001530,2025-03-13 16:20,인터플렉스,코스닥,주주총회소집결의,인터플렉스
20250313001519,2025-03-13 16:19,선샤인푸드,코스닥,주주총회소집결의,선샤인푸드
20250313001370,2025-03-13 16:19,모비릭스,코스닥,주주총회소집결의,모비릭스
20250313001337,2025-03-13 16:18,넥써쓰,코스닥,주주총회소집결의,넥써쓰
20250313001436,2025-03-13 16:15,유수홀딩스,유가증권,주주총회소집결의,유수홀딩스
20250313001276,2025-03-13 16:15,이엔셀,코스닥,주주총회소집결의,이엔셀
20250313001422,2025-03-13 16:13,대영포장,유가증권,주주총회소집결의,대영포장
20250313001397,2025-03-13 16:13,메가엠디,코스닥,주주총회소집결의,메가엠디
20250313001388,2025-03-13 16:12,AP시스템,코스닥,주주총회소집결의,에이피시스템
20250313001332,2025-03-13 16:11,다이나믹솔루션,코스닥,주주총회소집결의,다이나믹솔루션
20250313001309,2025-03-13 16:11,서울제약,코스닥,주주총회소집결의,서울제약
20250313001301,2025-03-13 16:10,에이비엘바이오,코스닥,주주총회소집결의,에이비엘바이오
20250313001271,2025-03-13 16:09,테라사이언스,코스닥,주주총회소집결의,테라사이언스
20250313001355,2025-03-13 16:08,우리로,코스닥,[정정]주주총회소집결의,우리로
20250313001360,2025-03-13 16:07,에스엠국일,코스닥,주주총회소집결의,에스엠국일
20250313001296,2025-03-13 16:07,아이마켓코리아,유가증권,주주총회소집결의,아이마켓코리아
20250313001270,2025-03-13 16:07,뉴로메카,코스닥,주주총회소집결의,뉴로메카
20250313001190,2025-03-13 16:07,캐리,코스닥,[정정]주주총회소집결의,캐리
20250313001328,2025-03-13 16:06,이연제약,유가증권,주주총회소집결의,이연제약
20250313001215,2025-03-13 16:06,서울전자통신,코스닥,[정정]주주총회소집결의,서울전자통신
20250313001294,2025-03-13 16:05,지엠비코리아,유가증권,주주총회소집결의,지엠비코리아
20250313001093,2025-03-13 16:02,덕우전자,코스닥,주주총회소집결의,덕우전자
20250313001197,2025-03-13 16:00,에코마케팅,코스닥,주주총회소집결의,에코마케팅
20250313001267,2025-03-13 15:59,엠에스오토텍,코스닥,주주총회소집결의,엠에스오토텍
20250313001141,2025-03-13 15:59,인포바인,코스닥,주주총회소집결의,인포바인
20250313001132,2025-03-13 15:58,원익홀딩스,코스닥,주주총회소집결의,원익홀딩스
20250313001059,2025-03-13 15:58,링크드,코스닥,주주총회소집결의,링크드
20250313001179,2025-03-13 15:57,케이씨씨,유가증권,[정정]주주총회소집결의,케이씨씨
20250313001113,2025-03-13 15:57,동화기업,코스닥,주주총회소집결의,동화기업
20250313001161,2025-03-13 15:56,신대양제지,유가증권,주주총회소집결의,신대양제지
20250313001017,2025-03-13 15:55,싸이버원,코스닥,주주총회소집결의,싸이버원
20250313001156,2025-03-13 15:51,큐로홀딩스,코스닥,주주총회소집결의,큐로홀딩스
20250313001108,2025-03-13 15:51,큐라티스,코스닥,주주총회소집결의,큐라티스
20250313001128,2025-03-13 15:50,아티스트컴퍼니,코스닥,주주총회소집결의,아티스트컴퍼니
20250313001026,2025-03-13 15:48,제넨바이오,코스닥,주주총회소집결의,제넨바이오
20250313001010,2025-03-13 15:48,한국금융지주,유가증권,주주총회소집결의,한국투자금융지주
20250313001083,2025-03-13 15:47,루트K,코스닥,주주총회소집결의,루트케이
20250313001066,2025-03-13 15:45,에이치엠넥스,코스닥,주주총회소집결의,에이치엠넥스
20250313001089,2025-03-13 15:42,제로투세븐,코스닥,주주총회소집결의,제로투세븐
20250313000996,2025-03-13 15:42,온코크로스,코스닥,주주총회소집결의,온코크로스
20250313001055,2025-03-13 15:41,와이씨켐,코스닥,주주총회소집결의,와이씨켐
20250313001013,2025-03-13 15:41,에스엠벡셀,유가증권,주주총회소집결의,에스엠벡셀
20250313001041,2025-03-13 15:39,모베이스,코스닥,주주총회소집결의,모베이스
20250313001022,2025-03-13 15:38,엠아이큐브솔루션,코스닥,주주총회소집결의,엠아이큐브솔루션
20250313000966,2025-03-13 15:38,메지온,코스닥,주주총회소집결의,메지온
20250313001020,2025-03-13 15:37,메가스터디,코스닥,주주총회소집결의,메가스터디
20250313001007,2025-03-13 15:37,덱스터,코스닥,주주총회소집결의,덱스터스튜디오
20250313000976,2025-03-13 15:37,다우데이타,코스닥,주주총회소집결의,다우데이타
20250313000955,2025-03-13 15:35,에이루트,코스닥,주주총회소집결의,에이루트
20250313000934,2025-03-13 15:35,디티앤씨알오,코스닥,주주총회소집결의,디티앤씨알오
20250313000947,2025-03-13 15:29,소노스퀘어,코스닥,주주총회소집결의,소노스퀘어
20250313000990,2025-03-13 15:28,삼일씨엔에스,유가증권,주주총회소집결의,삼일씨엔에스
20250313000952,2025-03-13 15:24,제일바이오,코스닥,주주총회소집결의,제일바이오
20250313000956,2025-03-13 15:22,오비고,코스닥,주주총회소집결의,오비고
20250313000872,2025-03-13 15:22,디알젬,코스닥,주주총회소집결의,디알젬
20250313000937,2025-03-13 15:20,DB,유가증권,주주총회소집결의,DB Inc.
20250313000939,2025-03-13 15:19,경방,유가증권,주주총회소집결의,경방
20250313000882,2025-03-13 15:19,동일금속,코스닥,주주총회소집결의,동일금속
20250313000830,2025-03-13 15:17,케이엔제이,코스닥,주주총회소집결의,케이엔제이
20250313000874,2025-03-13 15:14,한울BnC,코스닥,주주총회소집결의,한울비앤씨
20250313000865,2025-03-13 15:13,레드캡투어,코스닥,주주총회소집결의,레드캡투어
20250313000900,2025-03-13 15:12,STX그린로지스,유가증권,주주총회소집결의,STX 그린 로지스
20250313000787,2025-03-13 15:05,미래컴퍼니,코스닥,주주총회소집결의,미래컴퍼니
20250313000790,2025-03-13 15:04,셀로맥스사이언스,코스닥,주주총회소집결의,셀로맥스사이언스
20250313000789,2025-03-13 15:03,켈스,코넥스,주주총회소집 결의,켈스
20250313000784,2025-03-13 15:03,블리츠웨이엔터테인먼트,코스닥,주주총회소집결의,블리츠웨이엔터테인먼트
20250313000788,2025-03-13 15:02,엠투엔,코스닥,주주총회소집결의,엠투엔
20250313000811,2025-03-13 15:01,SFA넥셀,코스닥,주주총회소집결의,에스에프에이넥셀
20250313000783,2025-03-13 15:01,제테마,코스닥,주주총회소집결의,제테마
20250313000824,2025-03-13 15:00,알파AI,코스닥,주주총회소집결의,알파에이아이
20250313000755,2025-03-13 15:00,졸스,코스닥,주주총회소집결의,졸스
20250313000692,2025-03-13 14:59,피엔에이치테크,코스닥,주주총회소집결의,피엔에이치테크
20250313000772,2025-03-13 14:58,풍원정밀,코스닥,주주총회소집결의,풍원정밀
20250313000803,2025-03-13 14:54,한선엔지니어링,코스닥,주주총회소집결의,한선엔지니어링
20250313000797,2025-03-13 14:51,EDGC,코스닥,주주총회소집결의,이원다이애그노믹스
20250313000689,2025-03-13 14:51,유니온바이오메트릭스,코스닥,[정정]주주총회소집결의,유니온바이오메트릭스
20250313000770,2025-03-13 14:46,킵스파마,코스닥,주주총회소집결의,킵스바이오파마
20250313000712,2025-03-13 14:46,청호ICT,유가증권,주주총회소집결의,청호ICT
20250313000735,2025-03-13 14:44,에스제이켐,코넥스,주주총회소집 결의,에스제이켐
20250313000732,2025-03-13 14:43,동양파일,코스닥,주주총회소집결의,동양파일
20250313000742,2025-03-13 14:41,토마토시스템,코스닥,주주총회소집결의,토마토시스템
20250313000691,2025-03-13 14:40,플리토,코스닥,주주총회소집결의,플리토
20250313000662,2025-03-13 14:40,디지틀조선,코스닥,주주총회소집결의,디지틀조선일보
20250313000639,2025-03-13 14:39,드림씨아이에스,코스닥,주주총회소집결의,드림씨아이에스
20250313000667,2025-03-13 14:38,인스웨이브,코스닥,주주총회소집결의,인스웨이브
20250313000622,2025-03-13 14:33,KCC건설,코스닥,주주총회소집결의,케이씨씨건설
20250313000660,2025-03-13 14:31,퓨쳐메디신,코넥스,주주총회소집 결의,퓨쳐메디신
20250313000648,2025-03-13 14:29,바이오솔루션,코스닥,주주총회소집결의,바이오솔루션
20250313000671,2025-03-13 14:28,우리바이오,코스닥,주주총회소집결의,우리바이오
20250313000626,2025-03-13 14:28,광전자,유가증권,주주총회소집결의,광전자
20250313000663,2025-03-13 14:27,iMBC,코스닥,주주총회소집결의,아이엠비씨
20250313000659,2025-03-13 14:26,대원,코스닥,[정정]주주총회소집결의,대원
20250313000651,2025-03-13 14:26,시너지이노베이션,코스닥,주주총회소집결의,시너지이노베이션
20250313000649,2025-03-13 14:24,클래시스,코스닥,주주총회소집결의,클래시스
20250313000635,2025-03-13 14:24,우리엔터프라이즈,코스닥,주주총회소집결의,우리엔터프라이즈
20250313000629,2025-03-13 14:23,마이크로컨텍솔,코스닥,주주총회소집결의,마이크로컨텍솔루션
20250313000645,2025-03-13 14:22,이지트로닉스,코스닥,주주총회소집결의,이지트로닉스
20250313000566,2025-03-13 14:20,오름테라퓨틱,코스닥,주주총회소집결의,오름테라퓨틱
20250313000625,2025-03-13 14:19,이오테크닉스,코스닥,주주총회소집결의,이오테크닉스
20250313000540,2025-03-13 14:12,네패스아크,코스닥,주주총회소집결의,네패스아크
20250313000561,2025-03-13 14:08,MSDI,코스닥,주주총회소집결의,엠에스디아이
20250313000548,2025-03-13 14:07,우리이앤엘하루틴,코스닥,주주총회소집결의,우리이앤엘하루틴
20250313000568,2025-03-13 14:06,메디앙스,코스닥,주주총회소집결의,메디앙스
20250313000558,2025-03-13 14:02,메드팩토,코스닥,주주총회소집결의,메드팩토
20250313000544,2025-03-13 14:01,아이씨에이치,코스닥,주주총회소집결의,아이씨에이치
20250313000520,2025-03-13 14:00,스튜디오산타클로스,코스닥,주주총회소집결의,로아앤코홀딩스
20250313000531,2025-03-13 13:59,WISCOM,유가증권,주주총회소집결의,WISCOM
20250313000515,2025-03-13 13:59,우성머티리얼스,유가증권,주주총회소집결의,우성머티리얼스
20250313000530,2025-03-13 13:58,유신,코스닥,주주총회소집결의,유신
20250313000529,2025-03-13 13:56,루미르,코스닥,주주총회소집결의,루미르
20250313000504,2025-03-13 13:52,빛과전자,코스닥,주주총회소집결의,빛과전자
20250313000516,2025-03-13 13:51,크라우드웍스,코스닥,주주총회소집결의,크라우드웍스
20250313000470,2025-03-13 13:42,모나용평,유가증권,주주총회소집결의,모나용평
20250313000483,2025-03-13 13:39,꿈비,코스닥,주주총회소집결의,꿈비
20250313000461,2025-03-13 13:36,일양약품,유가증권,주주총회소집결의,일양약품
20250313000459,2025-03-13 13:30,인지소프트,코스닥,주주총회소집결의,인지소프트
20250313000429,2025-03-13 13:16,디앤씨미디어,코스닥,주주총회소집결의,디앤씨미디어
20250313000409,2025-03-13 13:03,비보존 제약,코스닥,주주총회소집결의,비보존제약
20250313000406,2025-03-13 12:59,신라교역,유가증권,[정정]주주총회소집결의,신라교역
20250313000402,2025-03-13 12:45,청담글로벌,코스닥,주주총회소집결의,청담글로벌
20250313000367,2025-03-13 12:08,엔바이오니아,코스닥,주주총회소집결의,엔바이오니아
20250313000366,2025-03-13 12:02,일신석재,유가증권,주주총회소집결의,일신석재
20250313000359,2025-03-13 12:01,지더블유바이텍,코스닥,주주총회소집결의,지더블유바이텍
20250313000345,2025-03-13 11:58,누보,코스닥,주주총회소집결의,누보
20250313000334,2025-03-13 11:56,RFHIC,코스닥,주주총회소집결의,알에프에이치아이씨
20250313000344,2025-03-13 11:48,태양기계,코넥스,주주총회소집 결의,태양기계
20250313000331,2025-03-13 11:45,베셀,코스닥,주주총회소집결의,베셀
20250313000279,2025-03-13 11:44,토박스코리아,코스닥,주주총회소집결의,토박스코리아
20250313000256,2025-03-13 11:36,이노시뮬레이션,코스닥,주주총회소집결의,이노시뮬레이션
20250313000325,2025-03-13 11:34,APS이노베이션,코스닥,주주총회소집결의,APS이노베이션
20250313000323,2025-03-13 11:32,신흥,유가증권,주주총회소집결의,신흥
20250313000306,2025-03-13 11:24,오브젠,코스닥,주주총회소집결의,오브젠
20250313000293,2025-03-13 11:24,아이언디바이스,코스닥,주주총회소집결의,아이언디바이스
20250313000290,2025-03-13 11:24,바른손이앤에이,코스닥,주주총회소집결의,바른손이앤에이
20250313000291,2025-03-13 11:20,신도기연,코스닥,주주총회소집결의,신도기연
20250313000275,2025-03-13 11:19,지오엘리먼트,코스닥,주주총회소집결의,지오엘리먼트
20250313000237,2025-03-13 11:08,이건산업,유가증권,주주총회소집결의,이건산업
20250313000249,2025-03-13 11:02,에이테크솔루션,코스닥,주주총회소집결의,에이테크솔루션
20250313000226,2025-03-13 11:00,누리플랜,코스닥,주주총회소집결의,누리플랜
20250313000247,2025-03-13 10:59,SY동아,코스닥,주주총회소집결의,SY동아
20250313000210,2025-03-13 10:58,바이오톡스텍,코스닥,주주총회소집결의,바이오톡스텍
20250313000242,2025-03-13 10:57,엠엑스온,코스닥,주주총회소집결의,엠엑스온
20250313000243,2025-03-13 10:56,엠젠솔루션,코스닥,주주총회소집결의,엠젠솔루션
20250313000227,2025-03-13 10:55,대림제지,코스닥,주주총회소집결의,대림제지
20250313000238,2025-03-13 10:53,대한과학,코스닥,주주총회소집결의,대한과학
20250313000209,2025-03-13 10:50,이노인스트루먼트,코스닥,주주총회소집결의,이노인스트루먼트
20250313000219,2025-03-13 10:48,티에프이,코스닥,주주총회소집결의,티에프이
20250313000191,2025-03-13 10:30,더블유에스아이,코스닥,주주총회소집결의,더블유에스아이
20250313000167,2025-03-13 10:24,한국정보공학,코스닥,주주총회소집결의,한국정보공학
20250313000132,2025-03-13 09:54,서진오토모티브,코스닥,주주총회소집결의,서진오토모티브
20250313000112,2025-03-13 09:45,에스코넥,코스닥,주주총회소집결의,에스코넥
20250313000024,2025-03-13 08:17,영풍,유가증권,[정정]주주총회소집결의,영풍
20250312001923,2025-03-12 18:30,영풍,유가증권,주주총회소집결의,영풍
20250312001894,2025-03-12 18:26,지놈앤컴퍼니,코스닥,주주총회소집결의,지놈앤컴퍼니
20250312001874,2025-03-12 18:25,모티브링크,코스닥,주주총회소집결의,모티브링크
20250312001907,2025-03-12 18:19,휴맥스홀딩스,코스닥,주주총회소집결의,휴맥스홀딩스
20250312001871,2025-03-12 18:16,태양3C,코넥스,주주총회소집 결의,태양3C
20250312001872,2025-03-12 18:15,에이치피오,코스닥,주주총회소집결의,에이치피오
20250312001873,2025-03-12 18:14,서울전자통신,코스닥,주주총회소집결의,서울전자통신
20250312001895,2025-03-12 18:10,대원화성,유가증권,[정정]주주총회소집결의,대원화성
20250312001803,2025-03-12 18:06,캐스텍코리아,코스닥,주주총회소집결의,캐스텍코리아
20250312001851,2025-03-12 18:05,TP,유가증권,주주총회소집결의,티피
20250312001813,2025-03-12 17:58,좋은사람들,코스닥,주주총회소집결의,좋은사람들
20250312001762,2025-03-12 17:56,HLB펩,코스닥,주주총회소집결의,에이치엘비펩
20250312001734,2025-03-12 17:43,액토즈소프트,코스닥,주주총회소집결의,액토즈소프트
20250312001642,2025-03-12 17:43,제이엔케이글로벌,코스닥,주주총회소집결의,제이엔케이글로벌
20250312001710,2025-03-12 17:39,엘디티,코스닥,주주총회소집결의,엘디티
20250312001620,2025-03-12 17:38,아이엠비디엑스,코스닥,주주총회소집결의,아이엠비디엑스
20250312001684,2025-03-12 17:37,폴라리스AI핸디,코스닥,주주총회소집결의,폴라리스에이아이핸디
20250312001619,2025-03-12 17:34,퀀타매트릭스,코스닥,주주총회소집결의,퀀타매트릭스
20250312001629,2025-03-12 17:26,엘앤씨바이오,코스닥,주주총회소집결의,엘앤씨바이오
20250312001625,2025-03-12 17:24,세원이앤씨,유가증권,주주총회소집결의,세원이앤씨
20250312001572,2025-03-12 17:22,실리콘투,코스닥,주주총회소집결의,실리콘투
20250312001470,2025-03-12 17:19,슈피겐코리아,코스닥,주주총회소집결의,슈피겐코리아
20250312001459,2025-03-12 17:19,동성케미컬,유가증권,주주총회소집결의,동성케미컬
20250312001546,2025-03-12 17:18,한국파마,코스닥,주주총회소집결의,한국파마
20250312001388,2025-03-12 17:18,HS화성,유가증권,[정정]주주총회소집결의,에이치에스화성
20250312001523,2025-03-12 17:15,경동인베스트,유가증권,주주총회소집결의,경동인베스트
20250312001541,2025-03-12 17:12,KG스틸,유가증권,[정정]주주총회소집결의,KG스틸
20250312001491,2025-03-12 17:10,STX엔진,유가증권,주주총회소집결의,STX엔진
20250312001427,2025-03-12 17:10,콜마홀딩스,유가증권,주주총회소집결의,콜마홀딩스
20250312001385,2025-03-12 17:04,이노벡스,코넥스,주주총회소집 결의,이노벡스
20250312001417,2025-03-12 17:00,신라에스지,코스닥,[정정]주주총회소집결의,신라에스지
20250312001262,2025-03-12 17:00,키다리스튜디오,유가증권,주주총회소집결의,키다리스튜디오
20250312001373,2025-03-12 16:59,서원,유가증권,주주총회소집결의,서원
20250312001415,2025-03-12 16:58,소프트센,코스닥,주주총회소집결의,소프트센
20250312001380,2025-03-12 16:58,대성하이텍,코스닥,주주총회소집결의,대성하이텍
20250312001241,2025-03-12 16:58,페이퍼코리아,유가증권,주주총회소집결의,페이퍼코리아
20250312001423,2025-03-12 16:55,E1,유가증권,주주총회소집결의,E1
20250312001387,2025-03-12 16:55,휴맥스,코스닥,주주총회소집결의,휴맥스
20250312001362,2025-03-12 16:53,메가스터디교육,코스닥,주주총회소집결의,메가스터디교육
20250312001392,2025-03-12 16:48,서진시스템,코스닥,주주총회소집결의,서진시스템
20250312001371,2025-03-12 16:47,CJ ENM,코스닥,주주총회소집결의,씨제이이엔엠
20250312001365,2025-03-12 16:47,오성첨단소재,코스닥,주주총회소집결의,오성첨단소재
20250312001364,2025-03-12 16:46,에이엔피,유가증권,주주총회소집결의,에이엔피
20250312001357,2025-03-12 16:46,대성산업,유가증권,주주총회소집결의,대성산업
20250312001317,2025-03-12 16:45,삼진,코스닥,주주총회소집결의,삼진
20250312001287,2025-03-12 16:45,신원종합개발,코스닥,주주총회소집결의,신원종합개발
20250312001195,2025-03-12 16:44,네오리진,코스닥,주주총회소집결의,네오리진
20250312001305,2025-03-12 16:43,에스엠씨지,코스닥,주주총회소집결의,에스엠씨지
20250312001311,2025-03-12 16:41,스코넥,코스닥,[정정]주주총회소집결의,스코넥엔터테인먼트
20250312001250,2025-03-12 16:40,에이비온,코스닥,주주총회소집결의,에이비온
20250312001304,2025-03-12 16:39,크레오에스지,코스닥,주주총회소집결의,크레오에스지
20250312001227,2025-03-12 16:39,팅크웨어,코스닥,주주총회소집결의,팅크웨어
20250312001210,2025-03-12 16:38,덴티스,코스닥,주주총회소집결의,덴티스
20250312001189,2025-03-12 16:37,MDS테크,코스닥,주주총회소집결의,MDS테크
20250312001172,2025-03-12 16:37,제일일렉트릭,코스닥,주주총회소집결의,제일일렉트릭
20250312001167,2025-03-12 16:37,하나기술,코스닥,주주총회소집결의,하나기술
20250312001166,2025-03-12 16:36,GMI벤처,코스닥,주주총회소집결의,지엠아이벤처
20250312001127,2025-03-12 16:36,CJ프레시웨이,코스닥,주주총회소집결의,씨제이프레시웨이
20250312001116,2025-03-12 16:35,보로노이,코스닥,주주총회소집결의,보로노이
20250312001235,2025-03-12 16:33,NPX,코스닥,[정정]주주총회소집결의,엔피엑스
20250312001221,2025-03-12 16:32,아이에스동서,유가증권,주주총회소집결의,아이에스동서
20250312001124,2025-03-12 16:30,모아라이프플러스,코스닥,주주총회소집결의,모아라이프플러스
20250312001218,2025-03-12 16:29,쿠쿠홈시스,유가증권,주주총회소집결의,쿠쿠홈시스
20250312001193,2025-03-12 16:28,코리안리,유가증권,주주총회소집결의,코리안리재보험
20250312001010,2025-03-12 16:28,네오위즈홀딩스,코스닥,주주총회소집결의,네오위즈홀딩스
20250312001187,2025-03-12 16:26,케이씨씨글라스,유가증권,[정정]주주총회소집결의,케이씨씨글라스
20250312001157,2025-03-12 16:24,인선이엔티,코스닥,주주총회소집결의,인선이엔티
20250312001092,2025-03-12 16:18,유니온머티리얼,유가증권,주주총회소집결의,유니온머티리얼
20250312001084,2025-03-12 16:17,뉴온,코스닥,주주총회소집결의,뉴온
20250312001021,2025-03-12 16:17,보라티알,코스닥,주주총회소집결의,보라티알
20250312001065,2025-03-12 16:16,헥토파이낸셜,코스닥,주주총회소집결의,헥토파이낸셜
20250312001086,2025-03-12 16:15,디티앤씨,코스닥,주주총회소집결의,디티앤씨
20250312001114,2025-03-12 16:12,파라다이스,유가증권,주주총회소집결의,파라다이스
20250312001026,2025-03-12 16:08,삼성제약,유가증권,주주총회소집결의,삼성제약
20250312001056,2025-03-12 16:07,GMI벤처,코스닥,[정정]주주총회소집결의,지엠아이벤처
20250312000966,2025-03-12 16:07,뉴프렉스,코스닥,주주총회소집결의,뉴프렉스
20250312000962,2025-03-12 16:06,엔피씨,유가증권,주주총회소집결의,엔피씨
20250312001016,2025-03-12 16:05,엘오티베큠,코스닥,주주총회소집결의,엘오티베큠
20250312001006,2025-03-12 16:05,포스뱅크,코스닥,주주총회소집결의,포스뱅크
20250312000813,2025-03-12 16:02,플레이위드,코스닥,주주총회소집결의,플레이위드코리아
20250312000972,2025-03-12 16:01,NEW,코스닥,주주총회소집결의,넥스트엔터테인먼트월드
20250312000937,2025-03-12 15:59,선도전기,유가증권,주주총회소집결의,선도전기
20250312000863,2025-03-12 15:58,KTcs,유가증권,주주총회소집결의,케이티씨에스
20250312000888,2025-03-12 15:57,세방전지,유가증권,[정정]주주총회소집결의,세방전지
20250312000831,2025-03-12 15:57,까뮤이앤씨,유가증권,주주총회소집결의,까뮤이앤씨
20250312000908,2025-03-12 15:56,비덴트,코스닥,주주총회소집결의,비덴트
20250312000775,2025-03-12 15:54,서울식품공업,유가증권,주주총회소집결의,서울식품공업
20250312000914,2025-03-12 15:52,큐브엔터,코스닥,주주총회소집결의,큐브엔터테인먼트
20250312000872,2025-03-12 15:51,유니트론텍,코스닥,주주총회소집결의,유니트론텍
20250312000864,2025-03-12 15:50,LS,유가증권,주주총회소집결의,LS
20250312000810,2025-03-12 15:49,브이티,코스닥,주주총회소집결의,브이티
20250312000861,2025-03-12 15:46,태광,코스닥,주주총회소집결의,태광
20250312000792,2025-03-12 15:45,위지윅스튜디오,코스닥,주주총회소집결의,위지윅스튜디오
20250312000817,2025-03-12 15:43,네오위즈,코스닥,주주총회소집결의,네오위즈
20250312000779,2025-03-12 15:42,큐캐피탈,코스닥,[정정]주주총회소집결의,큐캐피탈파트너스
20250312000773,2025-03-12 15:41,케이티알파,코스닥,주주총회소집결의,케이티알파
20250312000769,2025-03-12 15:40,티로보틱스,코스닥,주주총회소집결의,티로보틱스
20250312000761,2025-03-12 15:39,텔레칩스,코스닥,주주총회소집결의,텔레칩스
20250312000811,2025-03-12 15:37,에치에프알,코스닥,주주총회소집결의,에치에프알
20250312000790,2025-03-12 15:36,동일제강,유가증권,주주총회소집결의,동일제강
20250312000758,2025-03-12 15:36,키네마스터,코스닥,주주총회소집결의,키네마스터
20250312000762,2025-03-12 15:34,아이스크림미디어,코스닥,주주총회소집결의,아이스크림미디어
20250312000770,2025-03-12 15:33,씨젠,코스닥,주주총회소집결의,씨젠
20250312000717,2025-03-12 15:31,솔본,코스닥,주주총회소집결의,솔본
20250312000729,2025-03-12 15:29,비트플래닛,코스닥,주주총회소집결의,비트플래닛
20250312000703,2025-03-12 15:29,나노씨엠에스,코스닥,주주총회소집결의,나노씨엠에스
20250312000737,2025-03-12 15:27,성문전자,유가증권,[정정]주주총회소집결의,성문전자
20250312000715,2025-03-12 15:27,인피니트헬스케어,코스닥,주주총회소집결의,인피니트헬스케어
20250312000718,2025-03-12 15:22,KH 필룩스,유가증권,주주총회소집결의,케이에이치필룩스
20250312000664,2025-03-12 15:22,헬릭스미스,코스닥,주주총회소집결의,헬릭스미스
20250312000659,2025-03-12 15:21,대한화섬,유가증권,주주총회소집결의,대한화섬
20250312000626,2025-03-12 15:21,헥토이노베이션,코스닥,주주총회소집결의,헥토이노베이션
20250312000691,2025-03-12 15:20,NH농우바이오,코스닥,주주총회소집결의,농업회사법인 엔에이치농우바이오
20250312000687,2025-03-12 15:18,CMG제약,코스닥,주주총회소집결의,CMG제약
20250312000601,2025-03-12 15:18,티움바이오,코스닥,주주총회소집결의,티움바이오
20250312000650,2025-03-12 15:17,삼목에스폼,코스닥,주주총회소집결의,삼목에스폼
20250312000660,2025-03-12 15:14,스톤브릿지벤처스,코스닥,주주총회소집결의,스톤브릿지벤처스
20250312000631,2025-03-12 15:12,신풍,유가증권,주주총회소집결의,신풍
20250312000590,2025-03-12 15:09,차AI헬스케어,유가증권,주주총회소집결의,차AI헬스케어
20250312000632,2025-03-12 15:08,일월지엠엘,코스닥,주주총회소집결의,일월지엠엘
20250312000562,2025-03-12 14:50,아진엑스텍,코스닥,[정정]주주총회소집결의,아진엑스텍
20250312000561,2025-03-12 14:48,케이아이엔엑스,코스닥,주주총회소집결의,케이아이엔엑스
20250312000554,2025-03-12 14:48,웨이브일렉트로,코스닥,주주총회소집결의,웨이브일렉트로닉스
20250312000560,2025-03-12 14:47,아이엘,코스닥,주주총회소집결의,아이엘
20250312000552,2025-03-12 14:46,케이비아이동국실업,유가증권,주주총회소집결의,케이비아이동국실업
20250312000529,2025-03-12 14:39,오픈엣지테크놀로지,코스닥,주주총회소집결의,오픈엣지테크놀로지
20250312000502,2025-03-12 14:33,아이에이,코스닥,[정정]주주총회소집결의,아이에이
20250312000507,2025-03-12 14:29,에이텀,코스닥,[정정]주주총회소집결의,에이텀
20250312000471,2025-03-12 14:28,에스피소프트,코스닥,주주총회소집결의,에스피소프트
20250312000473,2025-03-12 14:23,메디포스트,코스닥,주주총회소집결의,메디포스트
20250312000449,2025-03-12 14:22,SGA솔루션즈,코스닥,주주총회소집결의,에스지에이 솔루션즈
20250312000432,2025-03-12 14:18,엠아이텍,코스닥,주주총회소집결의,엠아이텍
20250312000407,2025-03-12 14:17,제일엠앤에스,코스닥,주주총회소집결의,제일엠앤에스
20250312000423,2025-03-12 14:12,쓰리에이로직스,코스닥,주주총회소집결의,쓰리에이로직스
20250312000421,2025-03-12 14:12,잇츠한불,유가증권,주주총회소집결의,잇츠한불
20250312000410,2025-03-12 14:08,디모아,코스닥,주주총회소집결의,디모아
20250312000401,2025-03-12 14:08,KH 미래물산,코스닥,주주총회소집결의,케이에이치미래물산
20250312000420,2025-03-12 14:07,코아시아,코스닥,주주총회소집결의,코아시아
20250312000395,2025-03-12 13:57,RF머트리얼즈,코스닥,주주총회소집결의,알에프머트리얼즈
20250312000386,2025-03-12 13:56,씨유테크,코스닥,주주총회소집결의,씨유테크
20250312000389,2025-03-12 13:54,마음AI,코스닥,주주총회소집결의,마음에이아이
20250312000382,2025-03-12 13:54,에스에스알,코스닥,주주총회소집결의,에스에스알
20250312000379,2025-03-12 13:53,휴네시온,코스닥,주주총회소집결의,휴네시온
20250312000360,2025-03-12 13:50,에스바이오메딕스,코스닥,주주총회소집결의,에스바이오메딕스
20250312000369,2025-03-12 13:47,솔트룩스,코스닥,주주총회소집결의,솔트룩스
20250312000321,2025-03-12 13:32,한국카본,유가증권,주주총회소집결의,한국카본
20250312000329,2025-03-12 13:31,에이텀,코스닥,주주총회소집결의,에이텀
20250312000316,2025-03-12 13:29,솔루엠,유가증권,주주총회소집결의,솔루엠
20250312000315,2025-03-12 13:29,아이지넷,코스닥,주주총회소집결의,아이지넷
20250312000306,2025-03-12 13:29,지에이이노더스,코넥스,주주총회소집 결의,지에이이노더스
20250312000326,2025-03-12 13:25,한주에이알티,코스닥,주주총회소집결의,한주에이알티
20250312000311,2025-03-12 13:24,제이오,코스닥,주주총회소집결의,제이오
20250312000310,2025-03-12 13:20,엑셀세라퓨틱스,코스닥,주주총회소집결의,엑셀세라퓨틱스
20250312000305,2025-03-12 13:14,인바이오젠,유가증권,주주총회소집결의,인바이오젠
20250312000288,2025-03-12 12:35,마이크로투나노,코스닥,주주총회소집결의,마이크로투나노
20250312000283,2025-03-12 12:15,버킷스튜디오,코스닥,주주총회소집결의,버킷스튜디오
20250312000275,2025-03-12 11:51,KR모터스,유가증권,주주총회소집결의,KR모터스
20250312000263,2025-03-12 11:38,성문전자,유가증권,주주총회소집결의,성문전자
20250312000257,2025-03-12 11:37,동진쎄미켐,코스닥,주주총회소집결의,동진쎄미켐
20250312000254,2025-03-12 11:29,브이씨,코스닥,주주총회소집결의,브이씨
20250312000252,2025-03-12 11:28,우진비앤지,코스닥,주주총회소집결의,우진비앤지
20250312000244,2025-03-12 11:25,GST,코스닥,[정정]주주총회소집결의,글로벌스탠다드테크놀로지
20250312000228,2025-03-12 11:25,경인양행,유가증권,주주총회소집결의,경인양행
20250312000220,2025-03-12 11:11,와이지엔터테인먼트,코스닥,[정정]주주총회소집결의,와이지엔터테인먼트
20250312000194,2025-03-12 11:00,슈어소프트테크,코스닥,주주총회소집결의,슈어소프트테크
20250312000177,2025-03-12 10:49,제이엔비,코스닥,주주총회소집결의,제이엔비
20250312000165,2025-03-12 10:49,조이웍스앤코,코스닥,주주총회소집결의,조이웍스앤코
20250312000142,2025-03-12 10:44,성광벤드,코스닥,주주총회소집결의,성광벤드
20250312000113,2025-03-12 10:42,농심,유가증권,[정정]주주총회소집결의,농심
20250312000146,2025-03-12 10:39,큐엠씨,코넥스,주주총회소집 결의,큐엠씨
20250312000135,2025-03-12 10:32,스타플렉스,코스닥,주주총회소집결의,스타플렉스
20250312000132,2025-03-12 10:31,티피씨글로벌,코스닥,[정정]주주총회소집결의,티피씨
20250312000119,2025-03-12 10:16,서전기전,코스닥,주주총회소집결의,서전기전
20250312000093,2025-03-12 09:59,KBI메탈,코스닥,주주총회소집결의,케이비아이메탈
20250312000086,2025-03-12 09:53,지어소프트,코스닥,주주총회소집결의,지어소프트
20250312000062,2025-03-12 09:29,웨이버스,코스닥,[정정]주주총회소집결의,웨이버스
20250312000004,2025-03-12 07:43,서울바이오시스,코스닥,주주총회소집결의,서울바이오시스
20250311002127,2025-03-11 18:43,아리바이오홀딩스,코스닥,주주총회소집결의,아리바이오홀딩스
20250311002027,2025-03-11 18:17,한송네오텍,코스닥,주주총회소집결의,시스네오텍
20250311002108,2025-03-11 18:15,SK디앤디,유가증권,[정정]주주총회소집결의,SK디앤디
20250311002100,2025-03-11 18:15,씨큐브,코스닥,주주총회소집결의,씨큐브
20250311002102,2025-03-11 18:10,티케이케미칼,코스닥,주주총회소집결의,티케이케미칼
20250311002101,2025-03-11 18:10,동성화인텍,코스닥,주주총회소집결의,동성화인텍
20250311001604,2025-03-11 18:02,에이텍,코스닥,주주총회소집결의,에이텍
20250311002012,2025-03-11 18:01,대한광통신,코스닥,주주총회소집결의,대한광통신
20250311001991,2025-03-11 17:59,한국콜마,유가증권,주주총회소집결의,한국콜마
20250311001972,2025-03-11 17:50,고스트스튜디오,코스닥,주주총회소집결의(임시주주총회),고스트스튜디오
20250311001969,2025-03-11 17:46,영원무역홀딩스,유가증권,주주총회소집결의,영원무역홀딩스
20250311001958,2025-03-11 17:46,네오크레마,코스닥,주주총회소집결의,네오크레마
20250311001914,2025-03-11 17:44,인바이츠바이오코아,코넥스,주주총회소집 결의,인바이츠바이오코아
20250311001957,2025-03-11 17:43,캐리,코스닥,주주총회소집결의,캐리
20250311001996,2025-03-11 17:42,어보브반도체,코스닥,주주총회소집결의,어보브반도체
20250311001978,2025-03-11 17:42,클로봇,코스닥,주주총회소집결의,클로봇
20250311001974,2025-03-11 17:41,엔브이에이치코리아,코스닥,주주총회소집결의,엔브이에이치코리아
20250311001856,2025-03-11 17:41,엔키AX,코스닥,주주총회소집결의,엔키에이엑스
20250311001912,2025-03-11 17:39,리가켐바이오,코스닥,주주총회소집결의,리가켐 바이오사이언스
20250311001905,2025-03-11 17:37,코아시아씨엠,코스닥,주주총회소집결의,코아시아씨엠
20250311001945,2025-03-11 17:35,한국알콜,코스닥,주주총회소집결의,한국알콜산업
20250311001761,2025-03-11 17:32,대호에이엘,유가증권,주주총회소집결의,대호에이엘
20250311001925,2025-03-11 17:31,모아데이타,코스닥,주주총회소집결의,모아데이타
20250311001859,2025-03-11 17:30,롯데손해보험,유가증권,주주총회소집결의,롯데손해보험
20250311001911,2025-03-11 17:29,아우딘퓨쳐스,코스닥,주주총회소집결의,아우딘퓨쳐스
20250311001852,2025-03-11 17:29,바이오스마트,코스닥,주주총회소집결의,바이오스마트
20250311001588,2025-03-11 17:28,큐캐피탈,코스닥,주주총회소집결의,큐캐피탈파트너스
20250311001846,2025-03-11 17:27,삼기에너지솔루션즈,코스닥,주주총회소집결의,삼기에너지솔루션즈
20250311001741,2025-03-11 17:27,코윈로보틱스,코스닥,주주총회소집결의,코윈로보틱스
20250311001855,2025-03-11 17:23,하나마이크론,코스닥,주주총회소집결의,하나마이크론
20250311001771,2025-03-11 17:22,CNT85,코스닥,[정정]주주총회소집결의,씨앤티85
20250311001857,2025-03-11 17:21,영원무역,유가증권,주주총회소집결의,영원무역
20250311001768,2025-03-11 17:20,노드메이슨,코넥스,주주총회소집 결의,노드메이슨
20250311001833,2025-03-11 17:18,비상교육,유가증권,주주총회소집결의,비상교육
20250311001789,2025-03-11 17:16,NICE,유가증권,주주총회소집결의,NICE홀딩스
20250311001702,2025-03-11 17:14,카카오,유가증권,[정정]주주총회소집결의,카카오
20250311001712,2025-03-11 17:13,텔콘RF제약,코스닥,주주총회소집결의,텔콘알에프제약
20250311001696,2025-03-11 17:13,뉴트리,코스닥,주주총회소집결의,뉴트리
20250311001751,2025-03-11 17:09,솔브레인홀딩스,코스닥,주주총회소집결의,솔브레인홀딩스
20250311001687,2025-03-11 17:07,아리바이오LAB,코스닥,주주총회소집결의,아리바이오랩
20250311001647,2025-03-11 17:06,현대엘리베이터,유가증권,주주총회소집결의,현대엘리베이터
20250311001693,2025-03-11 17:03,뷰티스킨,코스닥,주주총회소집결의,뷰티스킨
20250311001644,2025-03-11 17:02,플레이디,코스닥,주주총회소집결의,플레이디
20250311001577,2025-03-11 17:01,대양전기공업,코스닥,주주총회소집결의,대양전기공업
20250311001616,2025-03-11 17:00,크래프톤,유가증권,[정정]주주총회소집결의,크래프톤
20250311001633,2025-03-11 16:59,에이텍모빌리티,코스닥,주주총회소집결의,에이텍모빌리티
20250311001575,2025-03-11 16:59,지노믹트리,코스닥,주주총회소집결의,지노믹트리
20250311001626,2025-03-11 16:58,아미코젠,코스닥,주주총회소집결의,아미코젠
20250311001537,2025-03-11 16:58,머니무브,코넥스,주주총회소집 결의,머니무브
20250311001547,2025-03-11 16:56,상상인,코스닥,주주총회소집결의,상상인
20250311001528,2025-03-11 16:55,신일전자,유가증권,주주총회소집결의,신일전자
20250311001521,2025-03-11 16:52,가온칩스,코스닥,주주총회소집결의,가온칩스
20250311001492,2025-03-11 16:52,현대차증권,유가증권,[정정]주주총회소집결의,현대차증권
20250311001594,2025-03-11 16:49,세진중공업,유가증권,주주총회소집결의,세진중공업
20250311001590,2025-03-11 16:49,하나투어,유가증권,주주총회소집결의,하나투어
20250311001501,2025-03-11 16:49,아난티,코스닥,주주총회소집결의,아난티
20250311001480,2025-03-11 16:49,넥센타이어,유가증권,주주총회소집결의,넥센타이어
20250311001545,2025-03-11 16:48,드래곤플라이,코스닥,[정정]주주총회소집결의,드래곤플라이
20250311001555,2025-03-11 16:46,롯데지주,유가증권,주주총회소집결의,롯데지주
20250311001461,2025-03-11 16:46,상상인증권,유가증권,주주총회소집결의,상상인증권
20250311001485,2025-03-11 16:45,동구바이오제약,코스닥,주주총회소집결의,동구바이오제약
20250311001504,2025-03-11 16:43,엑스페릭스,코스닥,[정정]주주총회소집결의,엑스페릭스
20250311001458,2025-03-11 16:42,HLB바이오스텝,코스닥,주주총회소집결의,에이치엘비바이오스텝
20250311001452,2025-03-11 16:40,플래티어,코스닥,주주총회소집결의,플래티어
20250311001363,2025-03-11 16:39,자비스,코스닥,주주총회소집결의,자비스
20250311001508,2025-03-11 16:38,벨로크,코스닥,주주총회소집결의,벨로크
20250311001449,2025-03-11 16:38,유라테크,코스닥,주주총회소집결의,유라테크
20250311001389,2025-03-11 16:38,넥스트아이,코스닥,주주총회소집결의,넥스트아이
20250311001392,2025-03-11 16:37,광림,코스닥,주주총회소집결의,광림
20250311001394,2025-03-11 16:36,엔솔바이오사이언스,코넥스,주주총회소집 결의,엔솔바이오사이언스
20250311001470,2025-03-11 16:35,서연,유가증권,주주총회소집결의,서연
20250311001324,2025-03-11 16:35,KS인더스트리,코스닥,주주총회소집결의,케이에스인더스트리
20250311001409,2025-03-11 16:32,케이엔더블유,코스닥,주주총회소집결의,케이엔더블유
20250311001408,2025-03-11 16:27,대동,유가증권,주주총회소집결의,대동
20250311001378,2025-03-11 16:27,얼라인드,코스닥,주주총회소집결의,얼라인드제네틱스
20250311001383,2025-03-11 16:23,삼기,코스닥,주주총회소집결의,삼기
20250311001262,2025-03-11 16:22,크레버스,코스닥,주주총회소집결의,크레버스
20250311001317,2025-03-11 16:21,제닉,코스닥,주주총회소집결의,제닉
20250311001368,2025-03-11 16:20,안랩,코스닥,주주총회소집결의,안랩
20250311001349,2025-03-11 16:20,육일씨엔에쓰,코스닥,주주총회소집결의,육일씨엔에쓰
20250311001343,2025-03-11 16:19,APS,코스닥,주주총회소집결의,에이피에스
20250311001302,2025-03-11 16:18,케이바이오랩스,코스닥,주주총회소집결의,케이바이오랩스
20250311001300,2025-03-11 16:18,대림통상,유가증권,주주총회소집결의,대림통상
20250311001281,2025-03-11 16:17,금호타이어,유가증권,주주총회소집결의,금호타이어
20250311001270,2025-03-11 16:17,데브시스터즈,코스닥,주주총회소집결의,데브시스터즈
20250311001236,2025-03-11 16:17,에이원큐브텍,코넥스,[정정]주주총회소집 결의,에이원큐브텍
20250311001327,2025-03-11 16:16,SG,코스닥,주주총회소집결의,에스지이
20250311001284,2025-03-11 16:15,브이원텍,코스닥,주주총회소집결의,브이원텍
20250311001239,2025-03-11 16:15,아이티아이즈,코스닥,주주총회소집결의,아이티아이즈
20250311001290,2025-03-11 16:14,에코플라스틱,코스닥,주주총회소집결의,에코플라스틱
20250311001277,2025-03-11 16:14,한독,유가증권,[정정]주주총회소집결의,한독
20250311001245,2025-03-11 16:14,엑스플러스,코스닥,[정정]주주총회소집결의,엑스플러스
20250311001207,2025-03-11 16:13,티에스아이,코스닥,주주총회소집결의,티에스아이
20250311001117,2025-03-11 16:13,유비쿼스,코스닥,주주총회소집결의,유비쿼스
20250311001291,2025-03-11 16:12,이녹스,코스닥,주주총회소집결의,이녹스
20250311001087,2025-03-11 16:11,유비쿼스홀딩스,코스닥,주주총회소집결의,유비쿼스홀딩스
20250311001247,2025-03-11 16:10,SB성보,유가증권,주주총회소집결의,에스비성보
20250311001261,2025-03-11 16:09,대유,코스닥,주주총회소집결의,대유
20250311001182,2025-03-11 16:09,아이비김영,코스닥,주주총회소집결의,아이비김영
20250311001193,2025-03-11 16:07,오텍,코스닥,주주총회소집결의,오텍
20250311001151,2025-03-11 16:06,시지메드텍,코스닥,주주총회소집결의,시지메드텍
20250311001125,2025-03-11 16:05,한국공항,유가증권,주주총회소집결의,한국공항
20250311001095,2025-03-11 16:05,미래아이앤지,유가증권,주주총회소집결의,미래아이앤지
20250311001213,2025-03-11 16:03,대상홀딩스,유가증권,주주총회소집결의,대상홀딩스
20250311001159,2025-03-11 16:03,아이티엠반도체,코스닥,주주총회소집결의,아이티엠반도체
20250311001131,2025-03-11 16:03,세경하이테크,코스닥,주주총회소집결의,세경하이테크
20250311001200,2025-03-11 16:02,LS네트웍스,유가증권,주주총회소집결의,LS네트웍스
20250311001126,2025-03-11 16:01,SG세계물산,유가증권,주주총회소집결의,SG세계물산
20250311001120,2025-03-11 16:01,메가터치,코스닥,주주총회소집결의,메가터치
20250311001026,2025-03-11 16:00,툴젠,코스닥,주주총회소집결의,툴젠
20250311001121,2025-03-11 15:58,에이에스텍,코스닥,주주총회소집결의,에이에스텍
20250311001070,2025-03-11 15:58,팜젠사이언스,유가증권,주주총회소집결의,팜젠사이언스
20250311001010,2025-03-11 15:58,RF시스템즈,코스닥,주주총회소집결의,알에프시스템즈
20250311001157,2025-03-11 15:57,멤레이비티,코스닥,주주총회소집결의,멤레이비티
20250311001162,2025-03-11 15:56,일정실업,유가증권,[정정]주주총회소집결의,일정실업
20250311001059,2025-03-11 15:52,모베이스전자,코스닥,주주총회소집결의,모베이스전자
20250311001116,2025-03-11 15:50,에이팩트,코스닥,주주총회소집결의,에이팩트
20250311001082,2025-03-11 15:50,서울반도체,코스닥,주주총회소집결의,서울반도체
20250311000992,2025-03-11 15:50,네오셈,코스닥,주주총회소집결의,네오셈
20250311001105,2025-03-11 15:49,포인트모바일,코스닥,[정정]주주총회소집결의,포인트모바일
20250311001054,2025-03-11 15:47,동원산업,유가증권,주주총회소집결의,동원산업
20250311000951,2025-03-11 15:47,아셈스,코스닥,주주총회소집결의,아셈스
20250311001027,2025-03-11 15:45,노바렉스,코스닥,주주총회소집결의,노바렉스
20250311001017,2025-03-11 15:45,티이엠씨,코스닥,주주총회소집결의,티이엠씨
20250311001056,2025-03-11 15:43,예림당,코스닥,주주총회소집결의,예림당
20250311000999,2025-03-11 15:43,루켄테크놀러지스,코넥스,주주총회소집 결의,루켄테크놀러지스
20250311000977,2025-03-11 15:40,바텍,코스닥,주주총회소집결의,바텍
20250311001024,2025-03-11 15:39,앤디포스,코스닥,주주총회소집결의,앤디포스
20250311000985,2025-03-11 15:37,감성코퍼레이션,코스닥,주주총회소집결의,감성코퍼레이션
20250311000964,2025-03-11 15:37,한전기술,유가증권,[정정]주주총회소집결의,한국전력기술
20250311000931,2025-03-11 15:35,한창,유가증권,주주총회소집결의,한창
20250311000920,2025-03-11 15:35,노블엠앤비,코스닥,주주총회소집결의,노블엠앤비
20250311000945,2025-03-11 15:34,BGF에코머티리얼즈,코스닥,주주총회소집결의,비지에프에코머티리얼즈
20250311000922,2025-03-11 15:33,포인트엔지니어링,코스닥,주주총회소집결의,포인트엔지니어링
20250311000963,2025-03-11 15:32,휴온스글로벌,코스닥,주주총회소집결의,휴온스글로벌
20250311000935,2025-03-11 15:32,엘에이티,코넥스,주주총회소집 결의,엘에이티
20250311000915,2025-03-11 15:32,알티캐스트,코스닥,주주총회소집결의,알티캐스트
20250311000946,2025-03-11 15:28,토니모리,유가증권,주주총회소집결의,토니모리
20250311000880,2025-03-11 15:27,올리패스,코스닥,주주총회소집결의,올리패스
20250311000845,2025-03-11 15:27,바이오텐,코넥스,주주총회소집 결의,바이오텐
20250311000810,2025-03-11 15:26,TYM,유가증권,주주총회소집결의,티와이엠
20250311000901,2025-03-11 15:25,티쓰리,코스닥,주주총회소집결의,티쓰리엔터테인먼트
20250311000827,2025-03-11 15:25,신스틸,코스닥,주주총회소집결의,신스틸
20250311000882,2025-03-11 15:20,이스트소프트,코스닥,주주총회소집결의,이스트소프트
20250311000863,2025-03-11 15:20,한빛소프트,코스닥,주주총회소집결의,한빛소프트
20250311000855,2025-03-11 15:20,휴온스,코스닥,주주총회소집결의,휴온스
20250311000861,2025-03-11 15:19,이엠넷,코스닥,주주총회소집결의,이엠넷
20250311000859,2025-03-11 15:17,에스아이리소스,코스닥,주주총회소집결의,에스아이리소스
20250311000784,2025-03-11 15:16,라피치,코넥스,주주총회소집 결의,라피치
20250311000837,2025-03-11 15:13,파두,코스닥,주주총회소집결의,파두
20250311000790,2025-03-11 15:12,볼빅,코넥스,주주총회소집 결의,볼빅
20250311000822,2025-03-11 15:09,화인써키트,코스닥,주주총회소집결의,화인써키트
20250311000796,2025-03-11 15:02,LSK아이로봇,코스닥,주주총회소집결의,엘에스케이아이로봇
20250311000788,2025-03-11 15:02,윙스풋,코스닥,주주총회소집결의,윙스풋
20250311000775,2025-03-11 15:01,HC보광산업,코스닥,주주총회소집결의,에이치씨보광산업
20250311000774,2025-03-11 14:59,현대힘스,코스닥,주주총회소집결의,현대힘스
20250311000773,2025-03-11 14:59,시선AI,코스닥,주주총회소집결의,시선에이아이
20250311000769,2025-03-11 14:59,HK이노엔,코스닥,주주총회소집결의,에이치케이이노엔
20250311000741,2025-03-11 14:59,에피바이오텍,코넥스,주주총회소집 결의,에피바이오텍
20250311000758,2025-03-11 14:58,유에스티,코스닥,주주총회소집결의,유에스티
20250311000757,2025-03-11 14:56,대동기어,코스닥,주주총회소집결의,대동기어
20250311000748,2025-03-11 14:53,비츠로셀,코스닥,주주총회소집결의,비츠로셀
20250311000725,2025-03-11 14:51,디에스엠,코스닥,[정정]주주총회소집결의,디에스엠
20250311000721,2025-03-11 14:50,데이원컴퍼니,코스닥,주주총회소집결의,데이원컴퍼니
20250311000689,2025-03-11 14:50,시공테크,코스닥,주주총회소집결의,시공테크
20250311000745,2025-03-11 14:49,대호특수강,코스닥,주주총회소집결의,대호특수강
20250311000699,2025-03-11 14:49,유성티엔에스,코스닥,[정정]주주총회소집결의,유성티엔에스
20250311000729,2025-03-11 14:47,케이옥션,코스닥,주주총회소집결의,케이옥션
20250311000685,2025-03-11 14:47,제이에스링크,코스닥,주주총회소집결의,제이에스링크
20250311000696,2025-03-11 14:45,서희건설,코스닥,[정정]주주총회소집결의,서희건설
20250311000708,2025-03-11 14:44,명신산업,유가증권,주주총회소집결의,명신산업
20250311000674,2025-03-11 14:42,AJ네트웍스,유가증권,[정정]주주총회소집결의,AJ네트웍스
20250311000651,2025-03-11 14:42,온타이드,유가증권,주주총회소집결의,온타이드
20250311000691,2025-03-11 14:39,HC홈센타,코스닥,주주총회소집결의,에이치씨홈센타
20250311000687,2025-03-11 14:38,원풍물산,코스닥,주주총회소집결의,원풍물산
20250311000657,2025-03-11 14:31,참엔지니어링,유가증권,주주총회소집결의,참엔지니어링
20250311000652,2025-03-11 14:30,우리넷,코스닥,주주총회소집결의,우리넷
20250311000645,2025-03-11 14:28,진시스템,코스닥,주주총회소집결의,진시스템
20250311000637,2025-03-11 14:28,닷밀,코스닥,[정정]주주총회소집결의,닷밀
20250311000638,2025-03-11 14:27,케이엔에스,코스닥,주주총회소집결의,케이엔에스
20250311000635,2025-03-11 14:27,다원넥스뷰,코스닥,주주총회소집결의,다원넥스뷰
20250311000628,2025-03-11 14:27,휴엠앤씨,코스닥,주주총회소집결의,휴엠앤씨
20250311000599,2025-03-11 14:18,태양,코스닥,주주총회소집결의,태양
20250311000556,2025-03-11 14:13,원익,코스닥,주주총회소집결의,원익
20250311000555,2025-03-11 14:13,창해에탄올,코스닥,주주총회소집결의,창해에탄올
20250311000564,2025-03-11 14:09,SK네트웍스,유가증권,주주총회소집결의,SK네트웍스
20250311000539,2025-03-11 14:01,DGI,코스닥,주주총회소집결의,디지아이티엑스
20250311000524,2025-03-11 13:57,지엔씨에너지,코스닥,주주총회소집결의,지엔씨에너지
20250311000506,2025-03-11 13:57,GS,유가증권,주주총회소집결의,GS
20250311000525,2025-03-11 13:56,에이전트AI,코스닥,주주총회소집결의,에이전트에이아이
20250311000511,2025-03-11 13:54,손오공,코스닥,주주총회소집결의,손오공
20250311000502,2025-03-11 13:53,석경에이티,코스닥,주주총회소집결의,석경에이티
20250311000469,2025-03-11 13:52,동원F&B,유가증권,주주총회소집결의,동원F&B
20250311000487,2025-03-11 13:51,엑세스바이오,코스닥,주주총회소집결의,엑세스바이오 인코퍼레이션
20250311000499,2025-03-11 13:50,플럼라인생명과학,코넥스,주주총회소집 결의,플럼라인생명과학
20250311000489,2025-03-11 13:50,아이오케이이엔엠,코스닥,주주총회소집결의,아이오케이이엔엠
20250311000500,2025-03-11 13:48,이미지스,코스닥,[정정]주주총회소집결의,이미지스테크놀로지
20250311000482,2025-03-11 13:48,디지털대성,코스닥,주주총회소집결의,디지털대성
20250311000446,2025-03-11 13:48,팬엔터테인먼트,코스닥,주주총회소집결의,팬엔터테인먼트
20250311000501,2025-03-11 13:46,에쎈테크,코스닥,주주총회소집결의,에쎈테크
20250311000447,2025-03-11 13:45,DH오토넥스,유가증권,[정정]주주총회소집결의,디에이치오토넥스
20250311000481,2025-03-11 13:39,영화테크,코스닥,주주총회소집결의,영화테크
20250311000478,2025-03-11 13:39,승일,코스닥,주주총회소집결의,승일
20250311000456,2025-03-11 13:38,휴메딕스,코스닥,주주총회소집결의,휴메딕스
20250311000438,2025-03-11 13:37,코렌텍,코스닥,주주총회소집결의,코렌텍
20250311000461,2025-03-11 13:36,엔젤로보틱스,코스닥,주주총회소집결의,엔젤로보틱스
20250311000458,2025-03-11 13:33,티이엠씨씨엔에스,코스닥,주주총회소집결의,티이엠씨씨엔에스
20250311000445,2025-03-11 13:29,KBI동양철관,유가증권,주주총회소집결의,케이비아이동양철관
20250311000453,2025-03-11 13:28,유진기업,코스닥,주주총회소집결의,유진기업
20250311000436,2025-03-11 13:23,사토시홀딩스,코스닥,주주총회소집결의,사토시홀딩스
20250311000413,2025-03-11 13:18,에스제이그룹,코스닥,주주총회소집결의,에스제이그룹
20250311000416,2025-03-11 13:17,알멕,코스닥,주주총회소집결의,알멕
20250311000412,2025-03-11 13:16,가비아,코스닥,주주총회소집결의,가비아
20250311000417,2025-03-11 13:13,지엘팜텍,코스닥,주주총회소집결의,지엘팜텍
20250311000409,2025-03-11 13:09,큐리언트,코스닥,주주총회소집결의,큐리언트
20250311000404,2025-03-11 12:57,모비데이즈,코스닥,주주총회소집결의,모비데이즈
20250311000395,2025-03-11 12:36,부국철강,유가증권,주주총회소집결의,부국철강
20250311000372,2025-03-11 12:01,시지트로닉스,코스닥,주주총회소집결의,시지트로닉스
20250311000365,2025-03-11 11:55,파커스,코스닥,주주총회소집결의,파커스
20250311000354,2025-03-11 11:51,현대에이치티,코스닥,주주총회소집결의,현대에이치티
20250311000346,2025-03-11 11:51,케이디켐,코스닥,주주총회소집결의,케이디켐
20250311000353,2025-03-11 11:48,씨티알모빌리티,유가증권,주주총회소집결의,씨티알모빌리티
20250311000322,2025-03-11 11:40,에르코스,코스닥,[정정]주주총회소집결의,에르코스 농업회사법인
20250311000305,2025-03-11 11:36,나라셀라,코스닥,주주총회소집결의,나라셀라
20250311000283,2025-03-11 11:36,동원시스템즈,유가증권,주주총회소집결의,동원시스템즈
20250311000307,2025-03-11 11:29,산돌,코스닥,주주총회소집결의,산돌
20250311000301,2025-03-11 11:28,루멘스바이오스,코스닥,주주총회소집결의,루멘스바이오스
20250311000289,2025-03-11 11:25,엠오티,코스닥,주주총회소집결의,엠오티
20250311000288,2025-03-11 11:23,센서뷰,코스닥,[정정]주주총회소집결의,센서뷰
20250311000234,2025-03-11 11:21,이마트,유가증권,주주총회소집결의,이마트
20250311000232,2025-03-11 11:15,세림B&G,코스닥,주주총회소집결의,세림비앤지
20250311000270,2025-03-11 11:14,디케이앤디,코스닥,주주총회소집결의,디케이앤디
20250311000268,2025-03-11 11:13,조광ILI,코스닥,주주총회소집결의,조광아이엘아이
20250311000260,2025-03-11 11:13,아진산업,코스닥,주주총회소집결의,아진산업
20250311000177,2025-03-11 11:09,한컴라이프케어,유가증권,주주총회소집결의,한컴라이프케어
20250311000235,2025-03-11 11:06,펩트론,코스닥,주주총회소집결의,펩트론
20250311000218,2025-03-11 11:03,넵튠,코스닥,[정정]주주총회소집결의,넵튠
20250311000229,2025-03-11 11:02,한국맥널티,코스닥,[정정]주주총회소집결의,한국맥널티
20250311000227,2025-03-11 11:00,LB인베스트먼트,코스닥,주주총회소집결의,엘비인베스트먼트
20250311000224,2025-03-11 10:58,에코심플렉스,코스닥,주주총회소집결의,에코심플렉스
20250311000181,2025-03-11 10:51,아이씨티케이,코스닥,주주총회소집결의,아이씨티케이
20250311000161,2025-03-11 10:29,GST,코스닥,주주총회소집결의,글로벌스탠다드테크놀로지
20250311000148,2025-03-11 10:24,와이투솔루션,유가증권,주주총회소집결의,와이투솔루션
20250311000144,2025-03-11 10:20,LS에코에너지,유가증권,[정정]주주총회소집결의,엘에스에코에너지
20250311000137,2025-03-11 10:11,에스오에스랩,코스닥,[정정]주주총회소집결의,에스오에스랩
20250311000117,2025-03-11 09:56,남광토건,유가증권,주주총회소집결의,남광토건
20250311000106,2025-03-11 09:32,대동금속,코스닥,주주총회소집결의(정기주주총회),대동금속
20250311000024,2025-03-11 08:07,더블유게임즈,유가증권,주주총회소집결의,더블유게임즈
20250310001474,2025-03-10 18:36,디아이동일,유가증권,주주총회소집결의,디아이동일
20250310001485,2025-03-10 18:30,오에스피,코스닥,주주총회소집결의,오에스피
20250310001478,2025-03-10 18:21,코닉오토메이션,코스닥,주주총회소집결의,코닉오토메이션
20250310001421,2025-03-10 18:07,케스피온,코스닥,주주총회소집결의,케스피온
20250310001280,2025-03-10 18:05,평화산업,유가증권,주주총회소집결의,평화산업
20250310001448,2025-03-10 18:04,CJ CGV,유가증권,주주총회소집결의,씨제이씨지브이
20250310001281,2025-03-10 18:03,평화홀딩스,유가증권,주주총회소집결의,평화홀딩스
20250310001405,2025-03-10 18:02,KB오토시스,코스닥,주주총회소집결의,KB오토시스
20250310001333,2025-03-10 17:58,NICE인프라,코스닥,주주총회소집결의,NICE인프라
20250310001394,2025-03-10 17:53,삼일기업공사,코스닥,주주총회소집결의,삼일기업공사
20250310001349,2025-03-10 17:53,트루엔,코스닥,주주총회소집결의,트루엔
20250310001239,2025-03-10 17:53,DB증권,유가증권,주주총회소집결의,DB증권
20250310001392,2025-03-10 17:52,티플랙스,코스닥,주주총회소집결의,티플랙스
20250310001378,2025-03-10 17:52,라메디텍,코스닥,주주총회소집결의,라메디텍
20250310001359,2025-03-10 17:47,성일하이텍,코스닥,주주총회소집결의,성일하이텍
20250310001335,2025-03-10 17:47,뉴보텍,코스닥,주주총회소집결의,뉴보텍
20250310001342,2025-03-10 17:46,이엔에프테크놀로지,코스닥,주주총회소집결의,이엔에프테크놀로지
20250310001296,2025-03-10 17:44,동양,유가증권,주주총회소집결의,동양
20250310001334,2025-03-10 17:43,케이티,유가증권,주주총회소집결의,케이티
20250310001251,2025-03-10 17:32,시큐브,코스닥,주주총회소집결의,시큐브
20250310001254,2025-03-10 17:29,에어레인,코스닥,[정정]주주총회소집결의,㈜에어레인
20250310001253,2025-03-10 17:29,쿠쿠홀딩스,유가증권,주주총회소집결의,쿠쿠홀딩스
20250310001161,2025-03-10 17:28,한진,유가증권,주주총회소집결의,한진
20250310001213,2025-03-10 17:25,신흥에스이씨,코스닥,주주총회소집결의(정기주주총회),신흥에스이씨
20250310001230,2025-03-10 17:22,대교,유가증권,주주총회소집결의,대교
20250310001160,2025-03-10 17:21,솔브레인,코스닥,주주총회소집결의,솔브레인
20250310001107,2025-03-10 17:21,넵튠,코스닥,주주총회소집결의,넵튠
20250310001082,2025-03-10 17:20,KT나스미디어,코스닥,주주총회소집결의,케이티나스미디어
20250310001099,2025-03-10 17:17,로보티즈,코스닥,주주총회소집결의,로보티즈
20250310001141,2025-03-10 17:12,SOOP,코스닥,주주총회소집결의,숲
20250310001149,2025-03-10 17:11,스피어,코스닥,주주총회소집결의,스피어코퍼레이션
20250310001086,2025-03-10 17:11,신성에스티,코스닥,주주총회소집결의,신성에스티
20250310001095,2025-03-10 17:07,에스트래픽,코스닥,주주총회소집결의,에스트래픽
20250310001111,2025-03-10 17:06,지슨,코넥스,주주총회소집 결의,지슨
20250310000998,2025-03-10 17:06,잉크테크,코스닥,주주총회소집결의,잉크테크
20250310001124,2025-03-10 17:04,콜마비앤에이치,코스닥,주주총회소집결의,콜마비앤에이치
20250310001072,2025-03-10 17:01,부산주공,유가증권,주주총회소집결의,부산주공
20250310001046,2025-03-10 17:00,오르비텍,코스닥,주주총회소집결의,오르비텍
20250310001016,2025-03-10 16:59,원익큐브,코스닥,주주총회소집결의,원익큐브
20250310001026,2025-03-10 16:58,나이벡,코스닥,주주총회소집결의,나이벡
20250310001058,2025-03-10 16:54,엑시콘,코스닥,[정정]주주총회소집결의,엑시콘
20250310000968,2025-03-10 16:53,베노티앤알,코스닥,주주총회소집결의,베노티앤알
20250310001041,2025-03-10 16:49,오스테오닉,코스닥,주주총회소집결의,오스테오닉
20250310001008,2025-03-10 16:49,컴투스엔,코스닥,주주총회소집결의,컴투스엔
20250310000966,2025-03-10 16:48,에쓰씨엔지니어링,유가증권,주주총회소집결의,에쓰씨엔지니어링
20250310000923,2025-03-10 16:48,리메드,코스닥,주주총회소집결의,리메드
20250310000974,2025-03-10 16:47,휴니드테크놀러지스,유가증권,주주총회소집결의,휴니드테크놀러지스
20250310000893,2025-03-10 16:46,KTis,유가증권,주주총회소집결의,케이티아이에스
20250310000970,2025-03-10 16:44,CSA 코스믹,코스닥,[정정]주주총회소집결의,씨에스에이코스믹
20250310000961,2025-03-10 16:44,레이저옵텍,코스닥,주주총회소집결의,레이저옵텍
20250310000958,2025-03-10 16:42,LK삼양,코스닥,주주총회소집결의,엘케이삼양
20250310000927,2025-03-10 16:41,아시아나항공,유가증권,주주총회소집결의,아시아나항공
20250310000908,2025-03-10 16:41,파라텍,코스닥,[정정]주주총회소집결의(임시주주총회),파라텍
20250310000903,2025-03-10 16:41,CJ제일제당,유가증권,주주총회소집결의,CJ제일제당
20250310000870,2025-03-10 16:39,코셋,코넥스,주주총회소집 결의,코셋
20250310000882,2025-03-10 16:37,우리손에프앤지,코스닥,주주총회소집결의,우리손에프앤지 농업회사법인
20250310000913,2025-03-10 16:36,부국증권,유가증권,주주총회소집결의,부국증권
20250310000854,2025-03-10 16:36,DXVX,코스닥,주주총회소집결의,디엑스앤브이엑스
20250310000936,2025-03-10 16:34,KX하이텍,코스닥,주주총회소집결의,케이엑스하이텍
20250310000862,2025-03-10 16:34,엠앤씨솔루션,유가증권,주주총회소집결의,엠앤씨솔루션
20250310000921,2025-03-10 16:33,휴림에이텍,코스닥,[정정]주주총회소집결의,휴림에이텍
20250310000863,2025-03-10 16:33,아시아나IDT,유가증권,주주총회소집결의,아시아나아이디티
20250310000895,2025-03-10 16:29,아이씨디,코스닥,주주총회소집결의,아이씨디
20250310000823,2025-03-10 16:29,BYC,유가증권,주주총회소집결의,BYC
20250310000858,2025-03-10 16:26,그린플러스,코스닥,주주총회소집결의,그린플러스
20250310000869,2025-03-10 16:25,알톤,코스닥,주주총회소집결의,알톤
20250310000853,2025-03-10 16:25,탑머티리얼,코스닥,주주총회소집결의,탑머티리얼
20250310000836,2025-03-10 16:25,정다운,코스닥,주주총회소집결의,정다운
20250310000829,2025-03-10 16:24,스페코,코스닥,[정정]주주총회소집결의,스페코
20250310000849,2025-03-10 16:23,큐로셀,코스닥,주주총회소집결의,큐로셀
20250310000812,2025-03-10 16:22,테크엘,코스닥,주주총회소집결의,테크엘
20250310000751,2025-03-10 16:18,옴니시스템,코스닥,주주총회소집결의,옴니시스템
20250310000816,2025-03-10 16:17,KG모빌리티,유가증권,[정정]주주총회소집결의,케이지모빌리티
20250310000766,2025-03-10 16:14,파라택시스코리아,코스닥,주주총회소집결의,파라택시스 코리아
20250310000706,2025-03-10 16:14,SG&G,코스닥,주주총회소집결의,에스지엔지
20250310000740,2025-03-10 16:13,DSC인베스트먼트,코스닥,주주총회소집결의,디에스씨인베스트먼트
20250310000720,2025-03-10 16:10,세종텔레콤,코스닥,주주총회소집결의,세종텔레콤
20250310000771,2025-03-10 16:08,휴림로봇,코스닥,[정정]주주총회소집결의,휴림로봇
20250310000690,2025-03-10 16:06,유니온,유가증권,주주총회소집결의,유니온
20250310000687,2025-03-10 16:05,레이언스,코스닥,주주총회소집결의,레이언스
20250310000685,2025-03-10 16:04,한전KPS,유가증권,[정정]주주총회소집결의,한전KPS
20250310000588,2025-03-10 15:57,금호에이치티,유가증권,주주총회소집결의,금호에이치티
20250310000640,2025-03-10 15:52,비투엔,코스닥,주주총회소집결의,비투엔
20250310000596,2025-03-10 15:52,현대바이오,코스닥,주주총회소집결의,현대바이오사이언스
20250310000575,2025-03-10 15:47,에스오에스랩,코스닥,주주총회소집결의,에스오에스랩
20250310000610,2025-03-10 15:46,태양금속공업,유가증권,주주총회소집결의,태양금속공업
20250310000622,2025-03-10 15:45,쇼박스,코스닥,주주총회소집결의,쇼박스
20250310000613,2025-03-10 15:44,트윔,코스닥,주주총회소집결의,트윔
20250310000616,2025-03-10 15:42,아이텍,코스닥,주주총회소집결의,아이텍
20250310000564,2025-03-10 15:42,아이스크림에듀,코스닥,주주총회소집결의,아이스크림에듀
20250310000577,2025-03-10 15:41,에이에프더블류,코스닥,주주총회소집결의,에이에프더블류
20250310000605,2025-03-10 15:40,바이오인프라,코스닥,주주총회소집결의,바이오인프라
20250310000591,2025-03-10 15:40,에코볼트,코스닥,주주총회소집결의,에코볼트
20250310000582,2025-03-10 15:40,신성델타테크,코스닥,주주총회소집결의,신성델타테크
20250310000535,2025-03-10 15:39,티엘엔지니어링,코넥스,[정정]주주총회소집 결의,티엘엔지니어링
20250310000574,2025-03-10 15:38,성창기업지주,유가증권,주주총회소집결의,성창기업지주
20250310000556,2025-03-10 15:37,제일연마,유가증권,주주총회소집결의,제일연마공업
20250310000580,2025-03-10 15:35,나이스정보통신,코스닥,주주총회소집결의,나이스정보통신
20250310000494,2025-03-10 15:32,배럴,코스닥,주주총회소집결의,배럴
20250310000483,2025-03-10 15:32,이스트에이드,코스닥,[정정]주주총회소집결의,이스트에이드
20250310000563,2025-03-10 15:30,비츠로시스,코스닥,[정정]주주총회소집결의,비츠로시스
20250310000555,2025-03-10 15:30,SM C&C,코스닥,주주총회소집결의,에스엠컬처앤콘텐츠
20250310000493,2025-03-10 15:30,에이프로,코스닥,주주총회소집결의,에이프로
20250310000558,2025-03-10 15:29,마이크로디지탈,코스닥,주주총회소집결의,마이크로디지탈
20250310000481,2025-03-10 15:29,케어젠,코스닥,주주총회소집결의,케어젠
20250310000548,2025-03-10 15:28,티앤알바이오팹,코스닥,주주총회소집결의,티앤알바이오팹
20250310000526,2025-03-10 15:28,구영테크,코스닥,주주총회소집결의(정기주주총회),구영테크
20250310000546,2025-03-10 15:27,제넥신,코스닥,주주총회소집결의,제넥신
20250310000523,2025-03-10 15:27,LS마린솔루션,코스닥,주주총회소집결의(정기주주총회),엘에스마린솔루션
20250310000475,2025-03-10 15:25,에스디시스템,코스닥,주주총회소집결의(정기주주총회),에스디시스템
20250310000524,2025-03-10 15:22,다날,코스닥,주주총회소집결의,다날
20250310000522,2025-03-10 15:19,위세아이텍,코스닥,주주총회소집결의,위세아이텍
20250310000488,2025-03-10 15:14,에이엠시지,코넥스,주주총회소집 결의,에이엠시지
20250310000480,2025-03-10 15:14,쎄니트,코스닥,주주총회소집결의,쎄니트
20250310000499,2025-03-10 15:11,민테크,코스닥,주주총회소집결의,민테크
20250310000478,2025-03-10 15:08,인지컨트롤스,유가증권,주주총회소집결의,인지컨트롤스
20250310000500,2025-03-10 15:07,위더스제약,코스닥,주주총회소집결의,위더스제약
20250310000464,2025-03-10 15:05,파마리서치,코스닥,주주총회소집결의,파마리서치
20250310000471,2025-03-10 15:00,장원테크,코스닥,[정정]주주총회소집결의,장원테크
20250310000449,2025-03-10 14:59,흥국에프엔비,코스닥,주주총회소집결의,흥국에프엔비
20250310000461,2025-03-10 14:57,케이엔알시스템,코스닥,주주총회소집결의,케이엔알시스템
20250310000448,2025-03-10 14:57,나노엔텍,코스닥,주주총회소집결의,나노엔텍
20250310000463,2025-03-10 14:56,SK증권제13호스팩,코스닥,주주총회소집결의,에스케이증권제13호기업인수목적
20250310000462,2025-03-10 14:55,SK증권제12호스팩,코스닥,주주총회소집결의,에스케이증권제12호기업인수목적
20250310000436,2025-03-10 14:54,에프엔에스테크,코스닥,주주총회소집결의,에프엔에스테크
20250310000425,2025-03-10 14:54,에르코스,코스닥,주주총회소집결의,에르코스 농업회사법인
20250310000443,2025-03-10 14:52,삼익악기,유가증권,주주총회소집결의,삼익악기
20250310000426,2025-03-10 14:49,넥슨게임즈,코스닥,주주총회소집결의,넥슨게임즈
20250310000437,2025-03-10 14:48,이스트에이드,코스닥,주주총회소집결의,이스트에이드
20250310000428,2025-03-10 14:45,파버나인,코스닥,주주총회소집결의,파버나인
20250310000424,2025-03-10 14:41,나인테크,코스닥,주주총회소집결의,나인테크
20250310000397,2025-03-10 14:40,동국산업,코스닥,주주총회소집결의,동국산업
20250310000318,2025-03-10 14:39,골드앤에스,코스닥,[정정]주주총회소집결의,골드앤에스
20250310000393,2025-03-10 14:31,오공,코스닥,주주총회소집결의,오공
20250310000365,2025-03-10 14:26,드림시큐리티,코스닥,주주총회소집결의,드림시큐리티
20250310000363,2025-03-10 14:23,엠플러스,코스닥,주주총회소집결의,엠플러스
20250310000352,2025-03-10 14:21,진영,코스닥,주주총회소집결의,진영
20250310000367,2025-03-10 14:17,디아이티,코스닥,주주총회소집결의,디아이티
20250310000329,2025-03-10 14:09,아나패스,코스닥,주주총회소집결의,아나패스
20250310000314,2025-03-10 14:03,유진테크놀로지,코스닥,주주총회소집결의,유진테크놀로지
20250310000308,2025-03-10 13:59,이노메트리,코스닥,주주총회소집결의,이노메트리
20250310000304,2025-03-10 13:51,삼호개발,유가증권,주주총회소집결의,삼호개발
20250310000312,2025-03-10 13:50,가온전선,유가증권,[정정]주주총회소집결의,가온전선
20250310000301,2025-03-10 13:44,베뉴지,코스닥,주주총회소집결의,베뉴지
20250310000294,2025-03-10 13:41,세동,코스닥,주주총회소집결의,세동
20250310000283,2025-03-10 13:32,휴럼,코스닥,주주총회소집결의,휴럼
20250310000258,2025-03-10 13:30,HDC현대EP,유가증권,주주총회소집결의,에이치디씨현대이피
20250310000277,2025-03-10 13:29,한빛레이저,코스닥,주주총회소집결의,한빛레이저
20250310000247,2025-03-10 13:19,티비에이치글로벌,유가증권,[정정]주주총회소집결의,티비에이치글로벌
20250310000249,2025-03-10 13:17,비올,코스닥,주주총회소집결의,비올메디컬
20250310000246,2025-03-10 13:17,퓨쳐켐,코스닥,주주총회소집결의,퓨쳐켐
20250310000231,2025-03-10 12:50,SK증권제11호스팩,코스닥,주주총회소집결의,에스케이증권제11호기업인수목적
20250310000219,2025-03-10 12:30,명문제약,유가증권,주주총회소집결의,명문제약
20250310000218,2025-03-10 12:27,SK디앤디,유가증권,주주총회소집결의,SK디앤디
20250310000216,2025-03-10 12:13,럭스피아,코넥스,주주총회소집 결의,럭스피아
20250310000200,2025-03-10 11:51,디엔에프,코스닥,주주총회소집결의,디엔에프
20250310000179,2025-03-10 11:34,GH신소재,코스닥,주주총회소집결의,지에이치신소재
20250310000173,2025-03-10 11:33,서산,코스닥,주주총회소집결의,서산
20250310000178,2025-03-10 11:32,클리오,코스닥,주주총회소집결의,클리오
20250310000175,2025-03-10 11:29,컨텍,코스닥,주주총회소집결의,컨텍
20250310000132,2025-03-10 11:24,탈로스,코넥스,주주총회소집 결의,탈로스
20250310000159,2025-03-10 11:20,이베스트스팩6호,코스닥,주주총회소집결의,이베스트기업인수목적6호
20250310000122,2025-03-10 10:44,인탑스,코스닥,주주총회소집결의,인탑스
20250310000118,2025-03-10 10:44,스모트로닉,코스닥,주주총회소집결의,스모트로닉
20250310000071,2025-03-10 09:45,일정실업,유가증권,[정정]주주총회소집결의,일정실업
20250307001475,2025-03-07 18:30,일정실업,유가증권,주주총회소집결의,일정실업
20250307001446,2025-03-07 18:10,SK오션플랜트,유가증권,주주총회소집결의,에스케이오션플랜트
20250307001411,2025-03-07 17:57,원익피앤이,코스닥,주주총회소집결의,원익피앤이
20250307001384,2025-03-07 17:51,DH오토리드,코스닥,[정정]주주총회소집결의,디에이치오토리드
20250307001360,2025-03-07 17:48,넷마블,유가증권,주주총회소집결의,넷마블
20250307001381,2025-03-07 17:47,CJ,유가증권,주주총회소집결의,CJ
20250307001340,2025-03-07 17:45,조이시티,코스닥,주주총회소집결의,조이시티
20250307001307,2025-03-07 17:45,폴라리스AI,코스닥,주주총회소집결의,폴라리스에이아이
20250307001331,2025-03-07 17:44,동방메디컬,코스닥,주주총회소집결의,동방메디컬
20250307001115,2025-03-07 17:40,제노코,코스닥,[정정]주주총회소집결의(임시주주총회),제노코
20250307001295,2025-03-07 17:33,동일기연,코스닥,주주총회소집결의,동일기연
20250307001245,2025-03-07 17:32,남양유업,유가증권,주주총회소집결의,남양유업
20250307001293,2025-03-07 17:30,삼영에스앤씨,코스닥,주주총회소집결의,삼영에스앤씨
20250307001264,2025-03-07 17:28,노브메타파마,코넥스,주주총회소집 결의,노브메타파마
20250307001310,2025-03-07 17:27,SK,유가증권,주주총회소집결의,SK
20250307001263,2025-03-07 17:27,DL이앤씨,유가증권,[정정]주주총회소집결의,디엘이앤씨
20250307001284,2025-03-07 17:25,더라미,코스닥,주주총회소집결의,더라미
20250307000871,2025-03-07 17:25,코츠테크놀로지,코스닥,주주총회소집결의,코츠테크놀로지
20250307001175,2025-03-07 17:24,JYP Ent.,코스닥,주주총회소집결의,제이와이피엔터테인먼트
20250307001167,2025-03-07 17:23,메디톡스,코스닥,주주총회소집결의,메디톡스
20250307001262,2025-03-07 17:22,노을,코스닥,주주총회소집결의,노을
20250307001231,2025-03-07 17:22,영진약품,유가증권,주주총회소집결의,영진약품
20250307001253,2025-03-07 17:16,대주전자재료,코스닥,주주총회소집결의(정기주주총회),대주전자재료
20250307001200,2025-03-07 17:15,강원랜드,유가증권,주주총회소집결의,강원랜드
20250307001162,2025-03-07 17:15,조광피혁,유가증권,주주총회소집결의,조광피혁
20250307001229,2025-03-07 17:13,엔젯,코스닥,주주총회소집결의,엔젯
20250307001094,2025-03-07 17:08,아퓨어스,코넥스,주주총회소집 결의,아퓨어스
20250307001124,2025-03-07 17:06,PKC,유가증권,주주총회소집결의,피케이씨
20250307001132,2025-03-07 17:00,앱토크롬,코스닥,[정정]주주총회소집결의,앱토크롬
20250307001118,2025-03-07 17:00,위지트,코스닥,주주총회소집결의,위지트
20250307001085,2025-03-07 17:00,신풍제약,유가증권,주주총회소집결의,신풍제약
20250307001133,2025-03-07 16:59,위츠,코스닥,[정정]주주총회소집결의,위츠
20250307001130,2025-03-07 16:57,알서포트,코스닥,주주총회소집결의,알서포트
20250307001101,2025-03-07 16:56,메타랩스,유가증권,주주총회소집결의,메타랩스
20250307001091,2025-03-07 16:54,아이로보틱스,코스닥,주주총회소집결의,아이로보틱스
20250307001060,2025-03-07 16:54,서연이화,유가증권,주주총회소집결의,서연이화
20250307001078,2025-03-07 16:51,멕아이씨에스,코스닥,주주총회소집결의,멕아이씨에스
20250307001098,2025-03-07 16:50,제노코,코스닥,[정정]주주총회소집결의,제노코
20250307001004,2025-03-07 16:47,흥국화재,유가증권,주주총회소집결의,흥국화재해상보험
20250307001023,2025-03-07 16:37,이수페타시스,유가증권,주주총회소집결의,이수페타시스
20250307000977,2025-03-07 16:33,코오롱티슈진,코스닥,주주총회소집결의,코오롱티슈진
20250307000979,2025-03-07 16:31,드림인사이트,코스닥,주주총회소집결의,드림인사이트
20250307000967,2025-03-07 16:31,마니커에프앤지,코스닥,주주총회소집결의,마니커에프앤지
20250307000998,2025-03-07 16:28,고려제강,유가증권,주주총회소집결의,고려제강
20250307000978,2025-03-07 16:28,NICE평가정보,유가증권,주주총회소집결의,나이스평가정보
20250307000951,2025-03-07 16:28,고려신용정보,코스닥,주주총회소집결의,고려신용정보
20250307000907,2025-03-07 16:28,밸로프,코스닥,주주총회소집결의,밸로프
20250307000945,2025-03-07 16:27,SDN,코스닥,주주총회소집결의,에스디엔
20250307000995,2025-03-07 16:26,인콘,코스닥,주주총회소집결의,인콘
20250307000959,2025-03-07 16:25,케이프,코스닥,주주총회소집결의,케이프
20250307000914,2025-03-07 16:22,와이엠,코스닥,주주총회소집결의,와이엠
20250307000889,2025-03-07 16:19,씨알푸드,코넥스,주주총회소집 결의,씨알푸드
20250307000941,2025-03-07 16:18,HL홀딩스,유가증권,주주총회소집결의,에이치엘홀딩스
20250307000879,2025-03-07 16:18,펌텍코리아,코스닥,주주총회소집결의,펌텍코리아
20250307000938,2025-03-07 16:17,MIT,코스닥,주주총회소집결의,무궁화인포메이션테크놀로지
20250307000904,2025-03-07 16:17,텔코웨어,유가증권,주주총회소집결의,텔코웨어
20250307000885,2025-03-07 16:17,옵투스제약,코스닥,주주총회소집결의,옵투스제약
20250307000819,2025-03-07 16:17,데이터스트림즈,코넥스,주주총회소집 결의,데이터스트림즈
20250307000900,2025-03-07 16:16,디지캡,코스닥,주주총회소집결의,디지캡
20250307000899,2025-03-07 16:16,오상자이엘,코스닥,주주총회소집결의,오상자이엘
20250307000902,2025-03-07 16:15,에어부산,유가증권,주주총회소집결의,에어부산
20250307000833,2025-03-07 16:14,SK이터닉스,유가증권,주주총회소집결의,SK이터닉스
20250307000878,2025-03-07 16:11,에스와이,코스닥,주주총회소집결의,에스와이
20250307000809,2025-03-07 16:09,LS머트리얼즈,코스닥,[정정]주주총회소집결의,엘에스머트리얼즈
20250307000786,2025-03-07 16:09,마니커,유가증권,주주총회소집결의,마니커
20250307000862,2025-03-07 16:04,포인트모바일,코스닥,주주총회소집결의,포인트모바일
20250307000741,2025-03-07 16:04,에이치엘사이언스,코스닥,주주총회소집결의,에이치엘사이언스
20250307000841,2025-03-07 16:03,넥사다이내믹스,코스닥,주주총회소집결의,넥사다이내믹스
20250307000779,2025-03-07 16:02,동양이엔피,코스닥,주주총회소집결의,동양이엔피
20250307000814,2025-03-07 16:01,KX,코스닥,주주총회소집결의,케이엑스이노베이션
20250307000802,2025-03-07 15:59,와이엠씨,코스닥,주주총회소집결의(정기주주총회),와이엠씨
20250307000781,2025-03-07 15:59,퓨릿,코스닥,주주총회소집결의,퓨릿
20250307000795,2025-03-07 15:57,피엔티엠에스,코스닥,주주총회소집결의,피엔티 엠에스
20250307000754,2025-03-07 15:55,하나머티리얼즈,코스닥,주주총회소집결의,하나머티리얼즈
20250307000761,2025-03-07 15:53,수젠텍,코스닥,주주총회소집결의,수젠텍
20250307000757,2025-03-07 15:52,유일로보틱스,코스닥,[정정]주주총회소집결의,유일로보틱스
20250307000713,2025-03-07 15:52,한신공영,유가증권,주주총회소집결의,한신공영
20250307000686,2025-03-07 15:50,옵티팜,코스닥,주주총회소집결의,옵티팜
20250307000722,2025-03-07 15:47,유니크,코스닥,주주총회소집결의,유니크
20250307000675,2025-03-07 15:46,대현,유가증권,주주총회소집결의,대현
20250307000642,2025-03-07 15:45,인터지스,유가증권,주주총회소집결의,인터지스
20250307000671,2025-03-07 15:43,삼양홀딩스,유가증권,[정정]주주총회소집결의,삼양홀딩스
20250307000699,2025-03-07 15:42,리드코프,코스닥,주주총회소집결의,리드코프
20250307000670,2025-03-07 15:41,한국자산신탁,유가증권,주주총회소집결의,한국자산신탁
20250307000676,2025-03-07 15:38,포니링크,코스닥,주주총회소집결의,포니링크
20250307000659,2025-03-07 15:32,SJG세종,유가증권,주주총회소집결의,에스제이지세종
20250307000636,2025-03-07 15:31,앤로보틱스,코스닥,주주총회소집결의,앤로보틱스
20250307000639,2025-03-07 15:26,아진전자부품,유가증권,주주총회소집결의,아진전자부품
20250307000617,2025-03-07 15:16,삼륭물산,코스닥,주주총회소집결의,삼륭물산
20250307000599,2025-03-07 15:14,코스맥스엔비티,코스닥,주주총회소집결의,코스맥스엔비티
20250307000622,2025-03-07 15:13,국전,코스닥,주주총회소집결의,국전
20250307000592,2025-03-07 15:12,유바이오로직스,코스닥,주주총회소집결의,유바이오로직스
20250307000582,2025-03-07 15:12,HMM,유가증권,주주총회소집결의,에이치엠엠
20250307000597,2025-03-07 15:08,신테카바이오,코스닥,주주총회소집결의,신테카바이오
20250307000583,2025-03-07 15:05,에스에이티,코스닥,주주총회소집결의,에스에이티
20250307000563,2025-03-07 15:02,다원시스,코스닥,주주총회소집결의,다원시스
20250307000555,2025-03-07 14:59,쓰리빌리언,코스닥,주주총회소집결의,쓰리빌리언
20250307000552,2025-03-07 14:56,컴퍼니케이,코스닥,주주총회소집결의,컴퍼니케이파트너스
20250307000527,2025-03-07 14:55,케이엔솔,코스닥,주주총회소집결의,케이엔솔
20250307000548,2025-03-07 14:47,옵티시스,코스닥,주주총회소집결의(정기주주총회),옵티시스
20250307000549,2025-03-07 14:46,제놀루션,코스닥,주주총회소집결의,제놀루션
20250307000531,2025-03-07 14:46,원텍,코스닥,주주총회소집결의,원텍
20250307000547,2025-03-07 14:44,정원엔시스,코스닥,주주총회소집결의,정원엔시스
20250307000526,2025-03-07 14:42,하이즈항공,코스닥,주주총회소집결의,하이즈항공
20250307000513,2025-03-07 14:36,에이치와이티씨,코스닥,주주총회소집결의,에이치와이티씨
20250307000512,2025-03-07 14:36,KG스틸,유가증권,[정정]주주총회소집결의,KG스틸
20250307000502,2025-03-07 14:36,SG글로벌,유가증권,주주총회소집결의,SG글로벌
20250307000491,2025-03-07 14:27,안지오랩,코넥스,주주총회소집 결의,안지오랩
20250307000487,2025-03-07 14:23,에이펙스인텍,코넥스,주주총회소집 결의,에이펙스인텍
20250307000479,2025-03-07 14:17,한국정보인증,코스닥,주주총회소집결의,한국정보인증
20250307000477,2025-03-07 14:12,기가비스,코스닥,[정정]주주총회소집결의,기가비스
20250307000463,2025-03-07 14:10,엔지브이아이,코넥스,주주총회소집 결의,엔지브이아이
20250307000464,2025-03-07 14:07,제이아이테크,코스닥,주주총회소집결의,제이아이테크
20250307000465,2025-03-07 14:05,라온피플,코스닥,주주총회소집결의,라온피플
20250307000461,2025-03-07 14:03,SK증권제10호스팩,코스닥,주주총회소집결의,에스케이증권제10호기업인수목적
20250307000458,2025-03-07 14:03,SK증권제9호스팩,코스닥,주주총회소집결의,에스케이증권제9호기업인수목적
20250307000450,2025-03-07 14:03,신일제약,코스닥,주주총회소집결의,신일제약
20250307000438,2025-03-07 14:03,코스리거글로벌,코스닥,주주총회소집결의,코스리거글로벌
20250307000456,2025-03-07 14:02,SK증권제8호스팩,코스닥,주주총회소집결의,에스케이증권제8호기업인수목적
20250307000441,2025-03-07 13:59,한독크린텍,코스닥,주주총회소집결의,한독크린텍
20250307000303,2025-03-07 13:51,제이티,코스닥,주주총회소집결의,제이티
20250307000299,2025-03-07 13:49,아이쓰리시스템,코스닥,주주총회소집결의,아이쓰리시스템
20250307000435,2025-03-07 13:47,자이언트스텝,코스닥,주주총회소집결의,자이언트스텝
20250307000305,2025-03-07 13:47,팬젠,코스닥,주주총회소집결의,팬젠
20250307000298,2025-03-07 13:37,에스지헬스케어,코스닥,주주총회소집결의,에스지헬스케어
20250307000304,2025-03-07 13:36,오리엔탈정공,코스닥,주주총회소집결의,오리엔탈정공
20250307000294,2025-03-07 13:36,글로벌텍스프리,코스닥,주주총회소집결의,글로벌텍스프리
20250307000288,2025-03-07 13:30,레이,코스닥,주주총회소집결의,레이
20250307000278,2025-03-07 13:26,핀텔,코스닥,주주총회소집결의,핀텔
20250307000270,2025-03-07 13:24,케이엠더블유,코스닥,주주총회소집결의,케이엠더블유
20250307000260,2025-03-07 13:12,중앙에너비스,코스닥,주주총회소집결의,중앙에너비스
20250307000257,2025-03-07 13:00,디오,코스닥,주주총회소집결의,디오
20250307000256,2025-03-07 12:58,라닉스,코스닥,주주총회소집결의,라닉스
20250307000251,2025-03-07 12:53,에코앤드림,코스닥,주주총회소집결의,에코앤드림
20250307000243,2025-03-07 12:08,유틸렉스,코스닥,주주총회소집결의,유틸렉스
20250307000241,2025-03-07 12:05,흥아해운,유가증권,주주총회소집결의,흥아해운
20250307000236,2025-03-07 11:59,동국알앤에스,코스닥,주주총회소집결의,동국알앤에스
20250307000222,2025-03-07 11:42,서한,코스닥,주주총회소집결의,서한
20250307000202,2025-03-07 11:30,자화전자,유가증권,주주총회소집결의,자화전자
20250307000209,2025-03-07 11:28,알체라,코스닥,주주총회소집결의,알체라
20250307000195,2025-03-07 11:28,아스테라시스,코스닥,주주총회소집결의,아스테라시스
20250307000204,2025-03-07 11:27,해성에어로보틱스,코스닥,[정정]주주총회소집결의,해성에어로보틱스
20250307000192,2025-03-07 11:22,엘리비젼,코넥스,주주총회소집 결의,엘리비젼
20250307000174,2025-03-07 11:20,CJ씨푸드,유가증권,주주총회소집결의,CJ씨푸드
20250307000182,2025-03-07 11:19,파마리서치바이오,코넥스,주주총회소집 결의,파마리서치바이오
20250307000168,2025-03-07 11:16,팡스카이,코넥스,주주총회소집 결의,팡스카이
20250307000177,2025-03-07 11:12,보해양조,유가증권,주주총회소집결의,보해양조
20250307000170,2025-03-07 11:08,브레인즈컴퍼니,코스닥,주주총회소집결의,브레인즈컴퍼니
20250307000166,2025-03-07 11:07,넥스틴,코스닥,주주총회소집결의,넥스틴
20250307000163,2025-03-07 11:04,빅텐츠,코스닥,주주총회소집결의,빅토리콘텐츠
20250307000141,2025-03-07 10:54,진코스텍,코넥스,주주총회소집 결의,진코스텍
20250307000144,2025-03-07 10:50,백금T&A,코스닥,주주총회소집결의,백금티앤에이
20250307000143,2025-03-07 10:49,엠게임,코스닥,주주총회소집결의,엠게임
20250307000130,2025-03-07 10:48,알에스오토메이션,코스닥,주주총회소집결의,알에스오토메이션
20250307000129,2025-03-07 10:37,모니터랩,코스닥,[정정]주주총회소집결의,모니터랩
20250307000118,2025-03-07 10:33,뉴인텍,코스닥,주주총회소집결의,뉴인텍
20250307000103,2025-03-07 10:24,엔에프씨,코스닥,주주총회소집결의,엔에프씨
20250307000104,2025-03-07 10:18,이노테나,코스닥,주주총회소집결의,이노테나
20250307000009,2025-03-07 07:43,롯데쇼핑,유가증권,주주총회소집결의,롯데쇼핑
20250307000002,2025-03-07 07:34,PI첨단소재,유가증권,주주총회소집결의,피아이첨단소재
20250306001343,2025-03-06 18:21,대신증권,유가증권,주주총회소집결의,대신증권
20250306001188,2025-03-06 18:17,패션플랫폼,코스닥,주주총회소집결의,패션플랫폼
20250306001312,2025-03-06 18:08,롯데케미칼,유가증권,주주총회소집결의,롯데케미칼
20250306001297,2025-03-06 18:07,큐라켐,코넥스,[정정]주주총회소집 결의,큐라켐
20250306001296,2025-03-06 17:56,와이즈넛,코스닥,주주총회소집결의,와이즈넛
20250306001292,2025-03-06 17:53,CJ대한통운,유가증권,주주총회소집결의,씨제이대한통운
20250306001252,2025-03-06 17:50,삼성공조,유가증권,주주총회소집결의,삼성공조
20250306001280,2025-03-06 17:47,나이스디앤비,코스닥,주주총회소집결의,나이스디앤비
20250306001197,2025-03-06 17:26,엑시온그룹,코스닥,[정정]주주총회소집결의,엑시온그룹
20250306001143,2025-03-06 17:23,금호건설,유가증권,주주총회소집결의,금호건설
20250306001191,2025-03-06 17:22,HLB사이언스,코넥스,주주총회소집 결의,에이치엘비사이언스
20250306001047,2025-03-06 17:22,이렘,코스닥,[정정]주주총회소집결의,이렘
20250306001154,2025-03-06 17:21,더블유씨피,코스닥,주주총회소집결의,더블유씨피
20250306001112,2025-03-06 17:12,BGF리테일,유가증권,주주총회소집결의,비지에프리테일
20250306001124,2025-03-06 17:09,프로브잇,코스닥,[정정]주주총회소집결의(임시주주총회),프로브잇
20250306001106,2025-03-06 17:09,포톤,코스닥,주주총회소집결의,포톤
20250306001030,2025-03-06 17:04,이수앱지스,코스닥,주주총회소집결의,이수앱지스
20250306000971,2025-03-06 16:56,엔젠바이오,코스닥,주주총회소집결의,엔젠바이오
20250306000890,2025-03-06 16:52,나노팀,코스닥,[정정]주주총회소집결의,나노팀
20250306000853,2025-03-06 16:48,아톤,코스닥,주주총회소집결의,아톤
20250306000964,2025-03-06 16:46,NH투자증권,유가증권,주주총회소집결의,엔에이치투자증권
20250306000928,2025-03-06 16:44,BGF,유가증권,주주총회소집결의,비지에프
20250306000951,2025-03-06 16:40,테라젠이텍스,코스닥,주주총회소집결의,테라젠이텍스
20250306000943,2025-03-06 16:37,키이스트,코스닥,주주총회소집결의,키이스트
20250306000914,2025-03-06 16:37,유안타증권,유가증권,주주총회소집결의,유안타증권
20250306000942,2025-03-06 16:36,고바이오랩,코스닥,주주총회소집결의,고바이오랩
20250306000896,2025-03-06 16:36,삼영,유가증권,주주총회소집결의,삼영
20250306000934,2025-03-06 16:35,휴마시스,코스닥,주주총회소집결의,휴마시스
20250306000732,2025-03-06 16:35,코칩,코스닥,[정정]주주총회소집결의,코칩
20250306000985,2025-03-06 16:34,한국정밀기계,코스닥,주주총회소집결의,한국정밀기계
20250306000967,2025-03-06 16:33,동양생명,유가증권,[정정]주주총회소집결의,동양생명보험
20250306000726,2025-03-06 16:33,피씨디렉트,코스닥,주주총회소집결의,피씨디렉트
20250306000891,2025-03-06 16:27,대원산업,코스닥,주주총회소집결의,대원산업
20250306000889,2025-03-06 16:26,티케이지애강,코스닥,주주총회소집결의,티케이지애강
20250306000882,2025-03-06 16:24,대륙제관,코스닥,주주총회소집결의,대륙제관
20250306000919,2025-03-06 16:23,에이치브이엠,코스닥,주주총회소집결의,에이치브이엠
20250306000907,2025-03-06 16:23,진성티이씨,코스닥,주주총회소집결의,진성티이씨
20250306000859,2025-03-06 16:23,유엔젤,유가증권,[정정]주주총회소집결의,유엔젤
20250306000857,2025-03-06 16:21,디아이,유가증권,주주총회소집결의,디아이
20250306000895,2025-03-06 16:19,노루홀딩스,유가증권,주주총회소집결의,노루홀딩스
20250306000865,2025-03-06 16:18,천일고속,유가증권,주주총회소집결의,천일고속
20250306000878,2025-03-06 16:17,삼천리,유가증권,주주총회소집결의,삼천리
20250306000864,2025-03-06 16:15,주연테크,유가증권,주주총회소집결의,주연테크
20250306000838,2025-03-06 16:13,조일알미늄,유가증권,주주총회소집결의,조일알미늄
20250306000840,2025-03-06 16:12,리더스코스메틱,코스닥,주주총회소집결의,리더스코스메틱
20250306000799,2025-03-06 16:11,위메이드맥스,코스닥,주주총회소집결의,위메이드맥스
20250306000821,2025-03-06 16:09,동국홀딩스,유가증권,주주총회소집결의,동국홀딩스
20250306000777,2025-03-06 16:07,세우글로벌,유가증권,주주총회소집결의,세우글로벌
20250306000814,2025-03-06 16:06,일진파워,코스닥,주주총회소집결의,일진파워
20250306000710,2025-03-06 16:05,동부건설,유가증권,주주총회소집결의,동부건설
20250306000788,2025-03-06 16:03,파세코,코스닥,주주총회소집결의,파세코
20250306000779,2025-03-06 16:02,세화피앤씨,코스닥,주주총회소집결의,세화피앤씨
20250306000695,2025-03-06 16:02,롯데렌탈,유가증권,주주총회소집결의,롯데렌탈
20250306000712,2025-03-06 16:01,루닛,코스닥,주주총회소집결의,루닛
20250306000757,2025-03-06 15:58,강동씨앤엘,코스닥,주주총회소집결의,강동씨앤엘
20250306000736,2025-03-06 15:57,디와이에이,유가증권,주주총회소집결의,디와이에이
20250306000705,2025-03-06 15:45,동국S&C,코스닥,주주총회소집결의,동국에스엔씨
20250306000675,2025-03-06 15:43,YBM넷,코스닥,주주총회소집결의,와이비엠넷
20250306000645,2025-03-06 15:42,에스와이스틸텍,코스닥,주주총회소집결의,에스와이스틸텍
20250306000663,2025-03-06 15:41,테고사이언스,코스닥,주주총회소집결의,테고사이언스
20250306000687,2025-03-06 15:38,에이스토리,코스닥,주주총회소집결의,에이스토리
20250306000669,2025-03-06 15:37,나인앤컴퍼니,코스닥,주주총회소집결의(정기주주총회),나인앤컴퍼니
20250306000656,2025-03-06 15:37,성우,코스닥,주주총회소집결의,성우
20250306000668,2025-03-06 15:35,하이트진로홀딩스,유가증권,주주총회소집결의,하이트진로홀딩스
20250306000664,2025-03-06 15:33,한양디지텍,코스닥,[정정]주주총회소집결의,한양디지텍
20250306000605,2025-03-06 15:31,금호석유화학,유가증권,주주총회소집결의,금호석유화학
20250306000646,2025-03-06 15:30,인크로스,코스닥,주주총회소집결의,인크로스
20250306000549,2025-03-06 15:21,화승엔터프라이즈,유가증권,주주총회소집결의,화승엔터프라이즈
20250306000611,2025-03-06 15:16,스튜디오삼익,코스닥,주주총회소집결의,스튜디오삼익
20250306000589,2025-03-06 15:16,에스케이바이오팜,유가증권,주주총회소집결의,에스케이바이오팜
20250306000573,2025-03-06 15:10,대성홀딩스,유가증권,주주총회소집결의,대성홀딩스
20250306000559,2025-03-06 15:09,신영와코루,유가증권,주주총회소집결의,신영와코루
20250306000596,2025-03-06 15:07,NI스틸,유가증권,주주총회소집결의,NI스틸
20250306000587,2025-03-06 15:06,린드먼아시아,코스닥,주주총회소집결의,린드먼아시아인베스트먼트
20250306000552,2025-03-06 15:04,문배철강,유가증권,주주총회소집결의,문배철강
20250306000567,2025-03-06 15:02,오토앤,코스닥,주주총회소집결의,오토앤
20250306000541,2025-03-06 15:02,현대무벡스,코스닥,주주총회소집결의,현대무벡스
20250306000472,2025-03-06 15:02,화일약품,코스닥,주주총회소집결의,화일약품
20250306000421,2025-03-06 14:59,유성기업,유가증권,주주총회소집결의,유성기업
20250306000486,2025-03-06 14:56,케이에스피,코스닥,주주총회소집결의,케이에스피
20250306000530,2025-03-06 14:53,아진엑스텍,코스닥,주주총회소집결의,아진엑스텍
20250306000503,2025-03-06 14:47,앱클론,코스닥,주주총회소집결의,앱클론
20250306000440,2025-03-06 14:36,인텔리안테크,코스닥,주주총회소집결의,인텔리안테크놀로지스
20250306000434,2025-03-06 14:33,썸에이지,코스닥,주주총회소집결의,썸에이지
20250306000431,2025-03-06 14:32,웹스,코스닥,주주총회소집결의,웹스
20250306000406,2025-03-06 14:31,위메이드플레이,코스닥,주주총회소집결의,위메이드플레이
20250306000397,2025-03-06 14:28,OCI홀딩스,유가증권,주주총회소집결의,오씨아이홀딩스
20250306000436,2025-03-06 14:26,KNN,코스닥,주주총회소집결의,케이엔엔
20250306000437,2025-03-06 14:25,하이트진로,유가증권,주주총회소집결의,하이트진로
20250306000383,2025-03-06 14:24,고스트스튜디오,코스닥,주주총회소집결의,고스트스튜디오
20250306000425,2025-03-06 14:23,서연탑메탈,코스닥,주주총회소집결의,서연탑메탈
20250306000401,2025-03-06 14:20,삼화왕관,유가증권,주주총회소집결의,삼화왕관
20250306000382,2025-03-06 14:18,국제약품,유가증권,주주총회소집결의,국제약품
20250306000378,2025-03-06 14:17,태원물산,유가증권,주주총회소집결의,태원물산
20250306000361,2025-03-06 14:17,인트로메딕,코스닥,[정정]주주총회소집결의,인트로메딕
20250306000381,2025-03-06 14:16,화승인더스트리,유가증권,주주총회소집결의,화승인더스트리
20250306000350,2025-03-06 14:16,선바이오,코스닥,주주총회소집결의,선바이오
20250306000380,2025-03-06 14:15,금강공업,유가증권,주주총회소집결의,금강공업
20250306000394,2025-03-06 14:13,미투온,코스닥,주주총회소집결의,미투온
20250306000360,2025-03-06 14:06,큐라켐,코넥스,주주총회소집 결의,큐라켐
20250306000358,2025-03-06 14:03,엠에프씨,코스닥,주주총회소집결의,엠에프씨
20250306000334,2025-03-06 14:02,핑거,코스닥,주주총회소집결의,㈜핑거
20250306000324,2025-03-06 14:00,라온로보틱스,코스닥,주주총회소집결의,라온로보틱스
20250306000354,2025-03-06 13:59,피에스텍,코스닥,주주총회소집결의,피에스텍
20250306000316,2025-03-06 13:52,로보로보,코스닥,주주총회소집결의,로보로보
20250306000301,2025-03-06 13:51,강남제비스코,유가증권,주주총회소집결의,강남제비스코
20250306000317,2025-03-06 13:47,에이원큐브텍,코넥스,주주총회소집 결의,에이원큐브텍
20250306000318,2025-03-06 13:44,코나아이,코스닥,[정정]주주총회소집결의,코나아이
20250306000305,2025-03-06 13:39,에이프릴바이오,코스닥,주주총회소집결의,에이프릴바이오
20250306000300,2025-03-06 13:35,유니온바이오메트릭스,코스닥,주주총회소집결의,유니온바이오메트릭스
20250306000294,2025-03-06 13:31,펨트론,코스닥,주주총회소집결의,펨트론
20250306000296,2025-03-06 13:29,솔루스첨단소재,유가증권,주주총회소집결의,솔루스첨단소재
20250306000287,2025-03-06 13:29,비나텍,코스닥,주주총회소집결의,비나텍
20250306000288,2025-03-06 13:28,이월드,유가증권,주주총회소집결의,이월드
20250306000267,2025-03-06 13:21,세니젠,코스닥,주주총회소집결의,세니젠
20250306000276,2025-03-06 13:17,IBKS제20호스팩,코스닥,주주총회소집결의,아이비케이에스제20호기업인수목적
20250306000275,2025-03-06 13:16,아이퀘스트,코스닥,주주총회소집결의,아이퀘스트
20250306000251,2025-03-06 12:40,모토닉,유가증권,주주총회소집결의,모토닉
20250306000244,2025-03-06 12:25,나노팀,코스닥,주주총회소집결의,나노팀
20250306000243,2025-03-06 12:25,현대공업,코스닥,주주총회소집결의,현대공업
20250306000221,2025-03-06 12:08,동인기연,유가증권,주주총회소집결의,동인기연
20250306000226,2025-03-06 12:01,에넥스,유가증권,주주총회소집결의,에넥스
20250306000208,2025-03-06 11:44,티앤엘,코스닥,[정정]주주총회소집결의,티앤엘
20250306000202,2025-03-06 11:43,와이씨,코스닥,주주총회소집결의,와이씨
20250306000185,2025-03-06 11:29,샘씨엔에스,코스닥,주주총회소집결의(정기주주총회),샘씨엔에스
20250306000180,2025-03-06 11:12,나무가,코스닥,주주총회소집결의,나무가
20250306000166,2025-03-06 11:03,그리티,코스닥,주주총회소집결의,그리티
20250306000145,2025-03-06 10:44,삼성출판사,유가증권,주주총회소집결의,삼성출판사
20250306000127,2025-03-06 10:32,IBKS제21호스팩,코스닥,주주총회소집결의,아이비케이에스제21호기업인수목적
20250306000131,2025-03-06 10:25,윈하이텍,코스닥,주주총회소집결의,윈하이텍
20250306000126,2025-03-06 10:19,유안타제17호스팩,코스닥,주주총회소집결의(정기주주총회),유안타제17호기업인수목적
20250306000103,2025-03-06 10:06,IBKS제23호스팩,코스닥,주주총회소집결의,아이비케이에스제23호기업인수목적
20250306000049,2025-03-06 09:29,한익스프레스,유가증권,[정정]주주총회소집결의,한익스프레스
20250305001279,2025-03-05 19:10,대양금속,유가증권,[정정]주주총회소집결의,대양금속
20250305001271,2025-03-05 18:19,대양금속,유가증권,[정정]주주총회소집결의,대양금속
20250305001204,2025-03-05 18:08,프로젠,코넥스,주주총회소집 결의,프로젠
20250305001230,2025-03-05 18:00,샤페론,코스닥,주주총회소집결의,샤페론
20250305001180,2025-03-05 17:57,S&K폴리텍,코스닥,주주총회소집결의,에스엔케이폴리텍
20250305001216,2025-03-05 17:55,삼미금속,코스닥,주주총회소집 결의,삼미금속
20250305001151,2025-03-05 17:52,이앤에치,코넥스,주주총회소집 결의,이앤에치
20250305001188,2025-03-05 17:46,한국토지신탁,유가증권,주주총회소집결의,한국토지신탁
20250305001186,2025-03-05 17:46,신라젠,코스닥,주주총회소집결의,신라젠
20250305001178,2025-03-05 17:44,천보,코스닥,주주총회소집결의,천보
20250305001165,2025-03-05 17:42,대우건설,유가증권,주주총회소집결의,대우건설
20250305001145,2025-03-05 17:40,특수건설,코스닥,주주총회소집결의,특수건설
20250305001144,2025-03-05 17:39,폴라리스AI파마,코스닥,주주총회소집결의,폴라리스에이아이파마
20250305001147,2025-03-05 17:37,폴라리스우노,코스닥,주주총회소집결의,폴라리스우노
20250305001110,2025-03-05 17:35,전진건설로봇,유가증권,주주총회소집결의,전진건설로봇
20250305001138,2025-03-05 17:28,폴라리스세원,코스닥,주주총회소집결의,폴라리스세원
20250305001106,2025-03-05 17:26,이수스페셜티케미컬,유가증권,주주총회소집결의,이수스페셜티케미컬
20250305001102,2025-03-05 17:26,GS리테일,유가증권,주주총회소집결의,지에스리테일
20250305001043,2025-03-05 17:26,지에프씨생명과학,코스닥,주주총회소집 결의,지에프씨생명과학
20250305001103,2025-03-05 17:23,유진증권,유가증권,주주총회소집결의,유진투자증권
20250305001037,2025-03-05 17:23,SK리츠,유가증권,주주총회소집결의,에스케이위탁관리부동산투자회사
20250305000997,2025-03-05 17:11,롯데칠성음료,유가증권,주주총회소집결의,롯데칠성음료
20250305001020,2025-03-05 17:08,전진바이오팜,코스닥,주주총회소집결의,전진바이오팜
20250305001008,2025-03-05 17:07,한싹,코스닥,주주총회소집결의,한싹
20250305000954,2025-03-05 17:07,세븐브로이맥주,코넥스,주주총회소집 결의,세븐브로이맥주
20250305001000,2025-03-05 17:04,한익스프레스,유가증권,주주총회소집결의,한익스프레스
20250305000953,2025-03-05 17:02,대상,유가증권,주주총회소집결의,대상
20250305000984,2025-03-05 16:59,피엔티,코스닥,주주총회소집결의,피엔티
20250305000975,2025-03-05 16:59,덕산네오룩스,코스닥,주주총회소집결의(정기주주총회),덕산네오룩스
20250305000976,2025-03-05 16:57,제이브이엠,코스닥,주주총회소집결의,제이브이엠
20250305000910,2025-03-05 16:54,엔지켐생명과학,코스닥,주주총회소집결의,엔지켐생명과학
20250305000930,2025-03-05 16:53,덴티움,유가증권,주주총회소집결의,덴티움
20250305000938,2025-03-05 16:51,동국씨엠,유가증권,주주총회소집결의,동국씨엠
20250305000906,2025-03-05 16:48,페니트리움바이오,코스닥,주주총회소집결의,페니트리움바이오사이언스
20250305000821,2025-03-05 16:47,미코,코스닥,주주총회소집결의,미코
20250305000894,2025-03-05 16:46,LX하우시스,유가증권,주주총회소집결의,엘엑스하우시스
20250305000851,2025-03-05 16:46,오로라,코스닥,주주총회소집결의,오로라월드
20250305000907,2025-03-05 16:44,한미약품,유가증권,주주총회소집결의,한미약품
20250305000830,2025-03-05 16:41,HLB,코스닥,주주총회소집결의(정기주주총회),에이치엘비
20250305000883,2025-03-05 16:40,진흥기업,유가증권,주주총회소집결의,진흥기업
20250305000886,2025-03-05 16:39,인카금융서비스,코스닥,주주총회소집결의,인카금융서비스
20250305000877,2025-03-05 16:38,코칩,코스닥,주주총회소집결의,코칩
20250305000797,2025-03-05 16:38,미원상사,유가증권,주주총회소집결의,미원상사
20250305000887,2025-03-05 16:37,SK증권,유가증권,주주총회소집결의,SK증권
20250305000878,2025-03-05 16:36,바이넥스,코스닥,주주총회소집결의,바이넥스
20250305000817,2025-03-05 16:34,한미사이언스,유가증권,주주총회소집결의,한미사이언스
20250305000853,2025-03-05 16:32,삼성생명,유가증권,주주총회소집결의,삼성생명보험
20250305000795,2025-03-05 16:30,미래산업,유가증권,주주총회소집결의,미래산업
20250305000820,2025-03-05 16:29,빌리언스,코스닥,주주총회소집결의,빌리언스
20250305000662,2025-03-05 16:24,HLB테라퓨틱스,코스닥,주주총회소집결의,에이치엘비테라퓨틱스
20250305000770,2025-03-05 16:23,프리시젼바이오,코스닥,주주총회소집결의,프리시젼바이오
20250305000775,2025-03-05 16:22,코데즈컴바인,코스닥,주주총회소집결의,코데즈컴바인
20250305000761,2025-03-05 16:22,엠씨넥스,유가증권,주주총회소집결의,엠씨넥스
20250305000691,2025-03-05 16:22,코스맥스비티아이,유가증권,주주총회소집결의,코스맥스비티아이
20250305000676,2025-03-05 16:21,동양생명,유가증권,주주총회소집결의,동양생명보험
20250305000758,2025-03-05 16:18,경남제약,코스닥,주주총회소집결의,경남제약
20250305000600,2025-03-05 16:15,일진다이아,유가증권,주주총회소집결의,일진다이아몬드
20250305000652,2025-03-05 16:13,대한방직,유가증권,주주총회소집결의,대한방직
20250305000700,2025-03-05 16:12,에스앤디,코스닥,주주총회소집결의,에스앤디
20250305000590,2025-03-05 16:10,GS피앤엘,유가증권,주주총회소집결의,지에스피앤엘
20250305000654,2025-03-05 16:09,이수화학,유가증권,주주총회소집결의,이수화학
20250305000609,2025-03-05 16:08,츌립앤사이언스,코스닥,주주총회소집결의,츌립앤사이언스
20250305000605,2025-03-05 16:04,미원홀딩스,유가증권,주주총회소집결의,미원홀딩스
20250305000618,2025-03-05 16:01,영우디에스피,코스닥,주주총회소집결의,영우디에스피
20250305000566,2025-03-05 15:59,앱튼,코스닥,주주총회소집결의,앱튼
20250305000601,2025-03-05 15:58,롯데웰푸드,유가증권,주주총회소집결의,롯데웰푸드
20250305000535,2025-03-05 15:58,LS티라유텍,코스닥,[정정]주주총회소집결의,엘에스티라유텍
20250305000532,2025-03-05 15:58,HLB이노베이션,코스닥,주주총회소집결의,에이치엘비이노베이션
20250305000562,2025-03-05 15:56,KT지니뮤직,코스닥,주주총회소집결의,케이티지니뮤직
20250305000556,2025-03-05 15:56,이브이첨단소재,코스닥,주주총회소집결의,이브이첨단소재
20250305000524,2025-03-05 15:52,오디텍,코스닥,주주총회소집결의,오디텍
20250305000572,2025-03-05 15:51,코스맥스,유가증권,주주총회소집결의,코스맥스
20250305000553,2025-03-05 15:50,에이프로젠,유가증권,주주총회소집결의,에이프로젠
20250305000505,2025-03-05 15:47,삼영전자공업,유가증권,주주총회소집결의,삼영전자공업
20250305000503,2025-03-05 15:47,청보,코스닥,[정정]주주총회소집결의,청보
20250305000518,2025-03-05 15:42,신라에스지,코스닥,주주총회소집결의,신라에스지
20250305000533,2025-03-05 15:41,비아트론,코스닥,주주총회소집결의,비아트론
20250305000478,2025-03-05 15:38,비트맥스,코스닥,주주총회소집결의,비트맥스
20250305000504,2025-03-05 15:37,토탈소프트,코스닥,주주총회소집결의,토탈소프트뱅크
20250305000466,2025-03-05 15:37,제이엠멀티,코넥스,주주총회소집 결의,제이엠멀티
20250305000499,2025-03-05 15:33,우리로,코스닥,주주총회소집결의,우리로
20250305000500,2025-03-05 15:32,오이솔루션,코스닥,[정정]주주총회소집결의,오이솔루션
20250305000438,2025-03-05 15:29,하이제8호스팩,코스닥,주주총회소집결의,하이제8호기업인수목적
20250305000463,2025-03-05 15:28,라파스,코스닥,[정정]주주총회소집결의,라파스
20250305000436,2025-03-05 15:28,NE능률,코스닥,주주총회소집결의,엔이능률
20250305000442,2025-03-05 15:23,싸이맥스,코스닥,주주총회소집결의,싸이맥스
20250305000414,2025-03-05 15:20,캐스텍코리아,코스닥,[정정]주주총회소집결의,캐스텍코리아
20250305000451,2025-03-05 15:17,미쥬,코넥스,[정정]주주총회소집 결의,미쥬
20250305000399,2025-03-05 15:05,신화인터텍,코스닥,주주총회소집결의,신화인터텍
20250305000389,2025-03-05 14:59,유디엠텍,코스닥,주주총회소집결의,유디엠텍
20250305000388,2025-03-05 14:58,에프앤가이드,코스닥,주주총회소집결의,에프앤가이드
20250305000371,2025-03-05 14:52,일진홀딩스,유가증권,주주총회소집결의,일진홀딩스
20250305000366,2025-03-05 14:50,제일파마홀딩스,유가증권,주주총회소집결의,제일파마홀딩스
20250305000340,2025-03-05 14:50,제일약품,유가증권,주주총회소집결의,제일약품
20250305000344,2025-03-05 14:44,LS증권,코스닥,주주총회소집결의,엘에스증권
20250305000283,2025-03-05 14:39,덕산하이메탈,코스닥,주주총회소집결의(정기주주총회),덕산하이메탈
20250305000331,2025-03-05 14:38,OCI,유가증권,주주총회소집결의,OCI
20250305000356,2025-03-05 14:37,더본코리아,유가증권,주주총회소집결의,더본코리아
20250305000321,2025-03-05 14:31,KG이니시스,코스닥,주주총회소집결의,케이지이니시스
20250305000320,2025-03-05 14:31,미래생명자원,코스닥,주주총회소집결의,미래생명자원
20250305000313,2025-03-05 14:12,유니포인트,코넥스,주주총회소집 결의,유니포인트
20250305000282,2025-03-05 14:09,대명에너지,코스닥,주주총회소집결의,대명에너지
20250305000275,2025-03-05 13:56,일진하이솔루스,유가증권,주주총회소집결의,일진하이솔루스
20250305000254,2025-03-05 13:54,신한서부티엔디리츠,유가증권,주주총회소집결의,신한서부티엔디위탁관리부동산투자회사
20250305000236,2025-03-05 13:50,HLB글로벌,유가증권,주주총회소집결의,에이치엘비글로벌
20250305000253,2025-03-05 13:43,타이거일렉,코스닥,주주총회소집결의,타이거일렉
20250305000252,2025-03-05 13:43,큐알티,코스닥,주주총회소집결의,큐알티
20250305000246,2025-03-05 13:41,한주에이알티,코스닥,[정정]주주총회소집결의,한주에이알티
20250305000243,2025-03-05 13:31,화신정공,코스닥,주주총회소집결의,화신정공
20250305000232,2025-03-05 13:24,아이큐어,코스닥,주주총회소집결의,아이큐어
20250305000225,2025-03-05 13:20,IBKS제24호스팩,코스닥,주주총회소집결의,아이비케이에스제24호기업인수목적
20250305000192,2025-03-05 12:36,미쥬,코넥스,주주총회소집 결의,미쥬
20250305000191,2025-03-05 11:48,화신,유가증권,주주총회소집결의,화신
20250305000188,2025-03-05 11:45,러셀,코스닥,주주총회소집결의,러셀
20250305000180,2025-03-05 11:45,진도,유가증권,주주총회소집결의,진도
20250305000185,2025-03-05 11:43,테크윙,코스닥,주주총회소집결의,테크윙
20250305000148,2025-03-05 11:29,한국가스공사,유가증권,주주총회소집결의,한국가스공사
20250305000163,2025-03-05 11:28,빙그레,유가증권,주주총회소집결의,빙그레
20250305000136,2025-03-05 11:19,탑엔지니어링,코스닥,주주총회소집결의,탑엔지니어링
20250305000142,2025-03-05 11:17,퀀텀레일,코스닥,주주총회소집결의,퀀텀레일
20250305000143,2025-03-05 11:13,IBKS제22호스팩,코스닥,주주총회소집결의,아이비케이에스제22호기업인수목적
20250305000135,2025-03-05 11:10,에스앤더블류,코스닥,[정정]주주총회소집결의,에스앤더블류
20250305000132,2025-03-05 11:10,일진전기,유가증권,주주총회소집결의,일진전기
20250305000126,2025-03-05 11:01,고려산업,유가증권,주주총회소집결의,고려산업
20250305000117,2025-03-05 10:51,모두투어,코스닥,주주총회소집결의,모두투어네트워크
20250305000107,2025-03-05 10:35,네이블,코스닥,주주총회소집결의,네이블
20250305000046,2025-03-05 09:20,EMB,코넥스,주주총회소집 결의,이엠비
20250305000001,2025-03-05 07:36,카카오뱅크,유가증권,주주총회소집결의,카카오뱅크
20250304001141,2025-03-04 18:10,미래에셋생명,유가증권,주주총회소집결의,미래에셋생명보험
20250304001108,2025-03-04 17:49,서울평가정보,코스닥,주주총회소집결의,서울평가정보
20250304001084,2025-03-04 17:48,드림텍,유가증권,주주총회소집결의,드림텍
20250304001078,2025-03-04 17:43,SK케미칼,유가증권,주주총회소집결의,에스케이케미칼
20250304001088,2025-03-04 17:42,씨씨에스,코스닥,주주총회소집결의,씨씨에스충북방송
20250304001073,2025-03-04 17:42,SGC E&C,코스닥,주주총회소집결의,에스지씨이앤씨
20250304001076,2025-03-04 17:41,케이티스카이라이프,유가증권,주주총회소집결의,케이티스카이라이프
20250304001016,2025-03-04 17:39,오상헬스케어,코스닥,주주총회소집결의,오상헬스케어
20250304000992,2025-03-04 17:25,아스플로,코스닥,주주총회소집결의,아스플로
20250304000976,2025-03-04 17:22,제이씨현시스템,코스닥,주주총회소집결의,제이씨현시스템
20250304000989,2025-03-04 17:17,두산테스나,코스닥,주주총회소집결의,두산테스나
20250304000958,2025-03-04 17:16,에이플러스에셋,유가증권,주주총회소집결의,에이플러스에셋어드바이저
20250304000978,2025-03-04 17:15,한성크린텍,코스닥,주주총회소집결의,한성크린텍
20250304000961,2025-03-04 17:15,벽산,유가증권,주주총회소집결의,벽산
20250304000913,2025-03-04 17:14,디와이파워,유가증권,주주총회소집결의,디와이파워
20250304000938,2025-03-04 17:01,이렘,코스닥,[정정]주주총회소집결의,이렘
20250304000924,2025-03-04 17:00,파워넷,코스닥,주주총회소집결의,파워넷
20250304000903,2025-03-04 17:00,지니틱스,코스닥,주주총회소집결의,지니틱스
20250304000923,2025-03-04 16:59,에스텍,코스닥,주주총회소집결의,에스텍
20250304000900,2025-03-04 16:52,MH에탄올,유가증권,주주총회소집결의,MH에탄올
20250304000830,2025-03-04 16:48,메리츠금융지주,유가증권,주주총회소집결의,메리츠금융지주
20250304000785,2025-03-04 16:47,디와이덕양,유가증권,주주총회소집결의,디와이덕양
20250304000810,2025-03-04 16:39,캐프,코스닥,주주총회소집결의,캐프
20250304000740,2025-03-04 16:34,신한지주,유가증권,주주총회소집결의,신한금융지주회사
20250304000727,2025-03-04 16:30,한농화성,유가증권,주주총회소집결의,한농화성
20250304000800,2025-03-04 16:29,하이스틸,유가증권,주주총회소집결의,하이스틸
20250304000783,2025-03-04 16:28,동국제강,유가증권,주주총회소집결의,동국제강
20250304000775,2025-03-04 16:27,네오팜,코스닥,주주총회소집결의,네오팜
20250304000784,2025-03-04 16:25,아이에스티이,코스닥,주주총회소집결의,아이에스티이
20250304000757,2025-03-04 16:25,나노실리칸첨단소재,코스닥,주주총회소집결의,나노실리칸첨단소재
20250304000741,2025-03-04 16:25,기산텔레콤,코스닥,주주총회소집결의,기산텔레콤
20250304000724,2025-03-04 16:23,나노신소재,코스닥,주주총회소집결의,나노신소재
20250304000735,2025-03-04 16:22,아이즈비전,코스닥,주주총회소집결의,아이즈비전
20250304000725,2025-03-04 16:22,삼화네트웍스,코스닥,주주총회소집결의(정기주주총회),삼화네트웍스
20250304000747,2025-03-04 16:20,HLB생명과학,코스닥,주주총회소집결의,에이치엘비생명과학
20250304000744,2025-03-04 16:20,디와이,유가증권,주주총회소집결의,디와이
20250304000623,2025-03-04 16:20,한솔홀딩스,유가증권,주주총회소집결의,한솔홀딩스
20250304000723,2025-03-04 16:16,SGC에너지,유가증권,주주총회소집결의,SGC에너지
20250304000696,2025-03-04 16:14,웰크론,코스닥,주주총회소집결의,웰크론
20250304000683,2025-03-04 16:13,모바일어플라이언스,코스닥,주주총회소집결의,모바일어플라이언스
20250304000636,2025-03-04 16:13,우양,코스닥,[정정]주주총회소집결의,우양
20250304000703,2025-03-04 16:12,티사이언티픽,코스닥,주주총회소집결의,티사이언티픽
20250304000665,2025-03-04 16:12,아스트,코스닥,주주총회소집결의,아스트
20250304000622,2025-03-04 16:11,머큐리,코스닥,주주총회소집결의,머큐리
20250304000652,2025-03-04 16:09,티에스이,코스닥,주주총회소집결의,티에스이
20250304000684,2025-03-04 16:05,엔에스엠,코넥스,주주총회소집 결의,엔에스엠
20250304000680,2025-03-04 16:05,SAMG엔터,코스닥,주주총회소집결의,에스에이엠지엔터테인먼트
20250304000655,2025-03-04 16:04,이랜시스,코스닥,주주총회소집결의,이랜시스
20250304000640,2025-03-04 16:04,한국종합기술,유가증권,주주총회소집결의,한국종합기술
20250304000679,2025-03-04 16:02,피엠티,코스닥,[정정]주주총회소집결의,피엠티
20250304000653,2025-03-04 16:02,국일신동,코스닥,주주총회소집결의(정기주주총회),국일신동
20250304000650,2025-03-04 16:02,한국주강,유가증권,주주총회소집결의,한국주강
20250304000580,2025-03-04 16:02,켐트로스,코스닥,주주총회소집결의,켐트로스
20250304000645,2025-03-04 15:59,쎄노텍,코스닥,주주총회소집결의,쎄노텍
20250304000625,2025-03-04 15:57,SK디스커버리,유가증권,주주총회소집결의,에스케이디스커버리
20250304000603,2025-03-04 15:47,태경비케이,유가증권,[정정]주주총회소집결의,태경비케이
20250304000575,2025-03-04 15:46,피엠티,코스닥,주주총회소집결의,피엠티
20250304000562,2025-03-04 15:44,에이럭스,코스닥,[정정]주주총회소집결의,에이럭스
20250304000567,2025-03-04 15:40,핑거스토리,코스닥,주주총회소집결의(정기주주총회),핑거스토리
20250304000566,2025-03-04 15:39,노루페인트,유가증권,주주총회소집결의,노루페인트
20250304000554,2025-03-04 15:36,엑스게이트,코스닥,주주총회소집결의,엑스게이트
20250304000539,2025-03-04 15:33,깨끗한나라,유가증권,주주총회소집결의,깨끗한나라
20250304000534,2025-03-04 15:31,한일철강,유가증권,주주총회소집결의,한일철강
20250304000499,2025-03-04 15:31,아이크래프트,코스닥,주주총회소집결의,아이크래프트
20250304000536,2025-03-04 15:30,지앤이헬스케어,코넥스,주주총회소집 결의,지앤이헬스케어
20250304000514,2025-03-04 15:27,신진에스엠,코스닥,주주총회소집결의,신진에스엠
20250304000458,2025-03-04 15:26,우진,유가증권,주주총회소집결의,우진
20250304000500,2025-03-04 15:21,KZ정밀,코스닥,주주총회소집결의,케이젯정밀
20250304000470,2025-03-04 15:14,대한뉴팜,코스닥,주주총회소집결의,대한뉴팜
20250304000434,2025-03-04 15:14,한성기업,유가증권,주주총회소집결의,한성기업
20250304000433,2025-03-04 15:13,케이탑리츠,유가증권,주주총회소집결의,케이탑자기관리부동산투자회사
20250304000423,2025-03-04 14:56,셀레믹스,코스닥,주주총회소집결의,셀레믹스
20250304000424,2025-03-04 14:51,디티씨,코스닥,주주총회소집결의,디티씨
20250304000410,2025-03-04 14:50,다이나믹디자인,유가증권,[정정]주주총회소집결의,다이나믹디자인
20250304000390,2025-03-04 14:36,에브리봇,코스닥,주주총회소집결의,에브리봇
20250304000363,2025-03-04 14:33,오픈놀,코스닥,주주총회소집결의,오픈놀
20250304000355,2025-03-04 14:23,아이컴포넌트,코스닥,주주총회소집결의,아이컴포넌트
20250304000338,2025-03-04 14:16,CJ 바이오사이언스,코스닥,주주총회소집결의,씨제이바이오사이언스
20250304000308,2025-03-04 14:16,INVENI,유가증권,주주총회소집결의,INVENI
20250304000320,2025-03-04 14:13,제이케이시냅스,코스닥,[정정]주주총회소집결의(임시주주총회),제이케이시냅스
20250304000302,2025-03-04 14:07,파인텍,코스닥,주주총회소집결의,파인텍
20250304000294,2025-03-04 14:06,파워로직스,코스닥,주주총회소집결의,파워로직스
20250304000304,2025-03-04 14:03,디어유,코스닥,주주총회소집결의(정기주주총회),디어유
20250304000287,2025-03-04 13:52,알파칩스,코스닥,주주총회소집결의(정기주주총회),알파칩스
20250304000278,2025-03-04 13:40,위드텍,코스닥,주주총회소집결의,위드텍
20250304000273,2025-03-04 13:26,무진메디,코넥스,주주총회소집 결의,무진메디
20250304000260,2025-03-04 13:20,플래스크,코스닥,주주총회소집결의(임시주주총회),플래스크
20250304000254,2025-03-04 13:13,링크제니시스,코스닥,[정정]주주총회소집결의,링크제니시스
20250304000244,2025-03-04 12:53,에프에스티,코스닥,주주총회소집결의,에프에스티
20250304000234,2025-03-04 12:35,한국전자홀딩스,유가증권,주주총회소집결의,한국전자홀딩스
20250304000230,2025-03-04 12:26,KEC,유가증권,주주총회소집결의,케이이씨
20250304000221,2025-03-04 12:06,미창석유공업,유가증권,주주총회소집결의,미창석유공업
20250304000202,2025-03-04 11:38,에스피지,코스닥,주주총회소집결의,에스피지
20250304000113,2025-03-04 10:19,알엔투테크놀로지,코스닥,[정정]주주총회소집결의,알엔투테크놀로지
20250228001738,2025-02-28 18:23,금양그린파워,코스닥,[정정]주주총회소집결의,금양그린파워
20250228001747,2025-02-28 17:56,효성화학,유가증권,주주총회소집결의,효성화학
20250228001722,2025-02-28 17:53,드래곤플라이,코스닥,[정정]주주총회소집결의,드래곤플라이
20250228001698,2025-02-28 17:44,한양디지텍,코스닥,주주총회소집결의,한양디지텍
20250228001647,2025-02-28 17:43,제주은행,유가증권,주주총회소집결의,제주은행
20250228001594,2025-02-28 17:41,유나이티드,유가증권,주주총회소집결의,한국유나이티드제약
20250228001646,2025-02-28 17:40,LIG디펜스앤에어로스페이스,유가증권,주주총회소집결의,엘아이지디펜스앤에어로스페이스
20250228001642,2025-02-28 17:36,보성파워텍,코스닥,주주총회소집결의,보성파워텍
20250228001315,2025-02-28 17:36,프럼파스트,코스닥,[정정]주주총회소집결의,프럼파스트
20250228001640,2025-02-28 17:33,우리금융지주,유가증권,주주총회소집결의,우리금융지주
20250228001552,2025-02-28 17:33,하나33호스팩,코스닥,[정정]주주총회소집결의,하나33호기업인수목적
20250228001486,2025-02-28 17:33,한온시스템,유가증권,주주총회소집결의,한온시스템
20250228001603,2025-02-28 17:29,세중,코스닥,주주총회소집결의,세중
20250228001553,2025-02-28 17:28,씨유메디칼,코스닥,주주총회소집결의,씨유메디칼시스템
20250228001523,2025-02-28 17:28,롯데관광개발,유가증권,주주총회소집결의,롯데관광개발
20250228001375,2025-02-28 17:28,카스,코스닥,주주총회소집결의,카스
20250228001585,2025-02-28 17:25,타스컴,코넥스,[정정]주주총회소집 결의,타스컴
20250228001481,2025-02-28 17:21,태림포장,유가증권,주주총회소집결의,태림포장
20250228001559,2025-02-28 17:20,영흥,유가증권,주주총회소집결의,영흥
20250228001542,2025-02-28 17:19,애니플러스,코스닥,주주총회소집결의,애니플러스
20250228001535,2025-02-28 17:18,에스에너지,코스닥,주주총회소집결의,에스에너지
20250228001520,2025-02-28 17:16,넥스틸,유가증권,주주총회소집결의,넥스틸
20250228001504,2025-02-28 17:11,LX홀딩스,유가증권,주주총회소집결의,엘엑스홀딩스
20250228001426,2025-02-28 17:03,바이오니아,코스닥,주주총회소집결의,바이오니아
20250228001446,2025-02-28 16:59,노브랜드,코스닥,[정정]주주총회소집결의,노브랜드
20250228001327,2025-02-28 16:57,금양그린파워,코스닥,주주총회소집결의,금양그린파워
20250228001405,2025-02-28 16:53,대주산업,코스닥,[정정]주주총회소집결의,대주산업
20250228001319,2025-02-28 16:51,본느,코스닥,[정정]주주총회소집결의,본느
20250228001410,2025-02-28 16:50,해성산업,코스닥,주주총회소집결의,해성산업
20250228001395,2025-02-28 16:49,라온텍,코스닥,주주총회소집결의,라온텍
20250228001394,2025-02-28 16:49,야스,코스닥,주주총회소집결의,야스
20250228001287,2025-02-28 16:43,모델솔루션,코스닥,주주총회소집결의,모델솔루션
20250228001317,2025-02-28 16:42,희림,코스닥,주주총회소집결의,희림종합건축사사무소
20250228001285,2025-02-28 16:41,위월드,코넥스,주주총회소집 결의,위월드
20250228001316,2025-02-28 16:40,저스템,코스닥,주주총회소집결의,저스템
20250228001141,2025-02-28 16:39,현대지에프홀딩스,유가증권,주주총회소집결의,현대지에프홀딩스
20250228001200,2025-02-28 16:38,한국철강,유가증권,주주총회소집결의,한국철강
20250228001227,2025-02-28 16:36,유니테크노,코스닥,주주총회소집결의,유니테크노
20250228001241,2025-02-28 16:31,MIT,코스닥,주주총회소집결의(임시주주총회),무궁화인포메이션테크놀로지
20250228001201,2025-02-28 16:27,차이커뮤니케이션,코스닥,주주총회소집결의,차이커뮤니케이션
20250228001159,2025-02-28 16:27,티비씨,코스닥,주주총회소집결의,티비씨
20250228001086,2025-02-28 16:23,KISCO홀딩스,유가증권,주주총회소집결의,KISCO홀딩스
20250228001166,2025-02-28 16:22,와이어블,코스닥,주주총회소집결의(정기주주총회),와이어블
20250228001128,2025-02-28 16:22,크리스에프앤씨,코스닥,주주총회소집결의,크리스에프앤씨
20250228001183,2025-02-28 16:20,매일홀딩스,코스닥,주주총회소집결의,매일홀딩스
20250228001157,2025-02-28 16:19,하나33호스팩,코스닥,[정정]주주총회소집결의,하나33호기업인수목적
20250228001079,2025-02-28 16:16,삼아제약,코스닥,주주총회소집결의,삼아제약
20250228000795,2025-02-28 16:15,투비소프트,코스닥,주주총회소집결의,투비소프트
20250228001060,2025-02-28 16:12,와이즈버즈,코스닥,[정정]주주총회소집결의,와이즈버즈
20250228001076,2025-02-28 16:10,대림바스,유가증권,[정정]주주총회소집결의,대림바스
20250228001048,2025-02-28 16:09,하나금융25호스팩,코스닥,[정정]주주총회소집결의,하나금융25호기업인수목적
20250228001027,2025-02-28 16:06,한국첨단소재,코스닥,주주총회소집결의,한국첨단소재
20250228001008,2025-02-28 16:06,심텍홀딩스,코스닥,주주총회소집결의,심텍홀딩스
20250228001078,2025-02-28 16:05,한중엔시에스,코스닥,[정정]주주총회소집결의,한중엔시에스
20250228000946,2025-02-28 15:59,KC그린홀딩스,유가증권,주주총회소집결의,케이씨그린홀딩스
20250228000973,2025-02-28 15:55,사이냅소프트,코스닥,주주총회소집결의,사이냅소프트
20250228000940,2025-02-28 15:54,일승,코스닥,주주총회소집결의,일승
20250228000896,2025-02-28 15:54,세코닉스,코스닥,주주총회소집결의,세코닉스
20250228000893,2025-02-28 15:54,골드앤에스,코스닥,주주총회소집결의,골드앤에스
20250228000897,2025-02-28 15:49,한국정보통신,코스닥,주주총회소집결의,한국정보통신
20250228000888,2025-02-28 15:49,화성밸브,코스닥,주주총회소집결의,화성밸브
20250228000890,2025-02-28 15:48,DYP,유가증권,주주총회소집결의,디와이피
20250228000859,2025-02-28 15:48,한일사료,코스닥,주주총회소집결의,한일사료
20250228000886,2025-02-28 15:47,딥노이드,코스닥,주주총회소집결의,딥노이드
20250228000753,2025-02-28 15:47,KH 건설,코스닥,주주총회소집결의,케이에이치건설
20250228000855,2025-02-28 15:46,보령,유가증권,주주총회소집결의,보령
20250228000814,2025-02-28 15:44,동방선기,코스닥,주주총회소집결의,동방선기
20250228000791,2025-02-28 15:42,에스씨디,코스닥,주주총회소집결의,에스씨디
20250228000889,2025-02-28 15:41,알루코,유가증권,주주총회소집결의,알루코
20250228000813,2025-02-28 15:35,에이피알,유가증권,주주총회소집결의,에이피알
20250228000785,2025-02-28 15:35,와이랩,코스닥,[정정]주주총회소집결의,와이랩
20250228000832,2025-02-28 15:34,와이즈버즈,코스닥,주주총회소집결의,와이즈버즈
20250228000825,2025-02-28 15:33,성호전자,코스닥,주주총회소집결의,성호전자
20250228000837,2025-02-28 15:31,LB세미콘,코스닥,주주총회소집결의,엘비세미콘
20250228000771,2025-02-28 15:28,웰크론한텍,코스닥,주주총회소집결의,웰크론한텍
20250228000768,2025-02-28 15:28,프롬바이오,코스닥,주주총회소집결의,프롬바이오
20250228000743,2025-02-28 15:28,프럼파스트,코스닥,주주총회소집결의,프럼파스트
20250228000719,2025-02-28 15:28,바이오인프라생명과학,코넥스,주주총회소집 결의,바이오인프라생명과학
20250228000747,2025-02-28 15:25,동서,유가증권,주주총회소집결의,동서
20250228000752,2025-02-28 15:23,아세아시멘트,유가증권,[정정]주주총회소집결의,아세아시멘트
20250228000758,2025-02-28 15:21,하나27호스팩,코스닥,[정정]주주총회소집결의,하나27호기업인수목적
20250228000716,2025-02-28 15:21,한국쉘석유,유가증권,[정정]주주총회소집결의,한국쉘석유
20250228000698,2025-02-28 15:21,하나금융지주,유가증권,주주총회소집결의,하나금융지주
20250228000740,2025-02-28 15:17,에스티팜,코스닥,주주총회소집결의(정기주주총회),에스티팜
20250228000729,2025-02-28 15:14,장원테크,코스닥,주주총회소집결의,장원테크
20250228000673,2025-02-28 15:10,DB손해보험,유가증권,주주총회소집결의,DB손해보험
20250228000681,2025-02-28 15:08,일성건설,유가증권,주주총회소집결의,일성건설
20250228000619,2025-02-28 15:06,우듬지팜,코스닥,주주총회소집결의,농업회사법인 우듬지팜
20250228000659,2025-02-28 14:59,지슨,코스닥,주주총회소집결의,지슨
20250228000584,2025-02-28 14:58,씨앤투스,코스닥,주주총회소집결의,씨앤투스
20250228000606,2025-02-28 14:50,대모,코스닥,주주총회소집결의,대모엔지니어링
20250228000566,2025-02-28 14:47,제이씨케미칼,코스닥,주주총회소집결의,제이씨케미칼
20250228000520,2025-02-28 14:44,이루온,코스닥,주주총회소집결의,이루온
20250228000581,2025-02-28 14:43,우진플라임,유가증권,주주총회소집결의,우진플라임
20250228000562,2025-02-28 14:42,한국전력공사,유가증권,주주총회소집결의,한국전력공사
20250228000544,2025-02-28 14:34,셀비온,코스닥,주주총회소집결의,셀비온
20250228000537,2025-02-28 14:34,씨앤에스링크,코넥스,주주총회소집 결의,씨앤에스링크
20250228000522,2025-02-28 14:33,풍국주정,코스닥,주주총회소집결의,풍국주정공업
20250228000497,2025-02-28 14:32,우양피앤엘,유가증권,주주총회소집결의,우양피앤엘
20250228000496,2025-02-28 14:32,한국석유공업,유가증권,주주총회소집결의,한국석유공업
20250228000483,2025-02-28 14:32,나우코스,코넥스,주주총회소집 결의,나우코스
20250228000429,2025-02-28 14:30,엄지하우스,코넥스,주주총회소집 결의,엄지하우스
20250228000529,2025-02-28 14:27,제이앤티씨,코스닥,주주총회소집결의,제이앤티씨
20250228000383,2025-02-28 14:27,테크트랜스,코넥스,주주총회소집 결의,테크트랜스
20250228000507,2025-02-28 14:23,다올투자증권,유가증권,주주총회소집결의,다올투자증권
20250228000494,2025-02-28 14:21,신도리코,유가증권,[정정]주주총회소집결의,신도리코
20250228000399,2025-02-28 14:13,이랜텍,코스닥,[정정]주주총회소집결의,이랜텍
20250228000393,2025-02-28 14:12,정상제이엘에스,코스닥,주주총회소집결의,정상제이엘에스
20250228000392,2025-02-28 14:12,에이엘티,코스닥,주주총회소집결의,에이엘티
20250228000444,2025-02-28 14:10,환인제약,유가증권,주주총회소집결의,환인제약
20250228000353,2025-02-28 14:07,키움제10호스팩,코스닥,주주총회소집결의,키움제10호기업인수목적
20250228000436,2025-02-28 14:02,에프알텍,코스닥,주주총회소집결의,에프알텍
20250228000385,2025-02-28 14:00,바이오프로테크,코넥스,주주총회소집 결의,바이오프로테크
20250228000403,2025-02-28 13:55,나노,코스닥,주주총회소집결의,나노
20250228000404,2025-02-28 13:52,이상네트웍스,코스닥,주주총회소집결의,이상네트웍스
20250228000380,2025-02-28 13:52,스페코,코스닥,주주총회소집결의,스페코
20250228000389,2025-02-28 13:51,DH오토넥스,유가증권,주주총회소집결의,디에이치오토넥스
20250228000363,2025-02-28 13:43,삼정펄프,유가증권,주주총회소집결의,삼정펄프
20250228000379,2025-02-28 13:40,프로이천,코스닥,주주총회소집결의,프로이천
20250228000376,2025-02-28 13:35,오파스넷,코스닥,주주총회소집결의,오파스넷
20250228000352,2025-02-28 13:33,남해화학,유가증권,[정정]주주총회소집결의,남해화학
20250228000348,2025-02-28 13:32,와이지-원,코스닥,주주총회소집결의,와이지-원
20250228000346,2025-02-28 13:29,DS단석,유가증권,주주총회소집결의,디에스단석
20250228000360,2025-02-28 13:26,비츠로시스,코스닥,주주총회소집결의,비츠로시스
20250228000366,2025-02-28 13:25,뱅크웨어글로벌,코스닥,주주총회소집결의,뱅크웨어글로벌
20250228000304,2025-02-28 12:11,링크제니시스,코스닥,주주총회소집결의,링크제니시스
20250228000291,2025-02-28 11:54,메쎄이상,코스닥,주주총회소집결의,메쎄이상
20250228000281,2025-02-28 11:52,서원인텍,코스닥,주주총회소집결의,서원인텍
20250228000268,2025-02-28 11:38,인스피언,코스닥,주주총회소집결의,인스피언
20250228000253,2025-02-28 11:37,아미노로직스,코스닥,주주총회소집결의,아미노로직스
20250228000237,2025-02-28 11:31,오뚜기,유가증권,주주총회소집결의,오뚜기
20250228000203,2025-02-28 11:03,제이엘케이,코스닥,주주총회소집결의,제이엘케이
20250228000165,2025-02-28 10:53,한국수출포장공업,유가증권,주주총회소집결의,한국수출포장공업
20250228000179,2025-02-28 10:51,코이즈,코스닥,[정정]주주총회소집결의,코이즈
20250228000189,2025-02-28 10:47,블루콤,코스닥,주주총회소집결의,블루콤
20250228000069,2025-02-28 09:34,비엠티,코스닥,주주총회소집결의,비엠티
20250228000002,2025-02-28 07:34,SK텔레콤,유가증권,주주총회소집결의,SK텔레콤
20250227001347,2025-02-27 18:06,엠엑스로보틱스,코스닥,주주총회소집결의,엠엑스로보틱스
20250227001345,2025-02-27 18:04,KC코트렐,유가증권,주주총회소집결의,케이씨코트렐
20250227001333,2025-02-27 18:04,파이오링크,코스닥,주주총회소집결의,파이오링크
20250227001340,2025-02-27 18:02,KG케미칼,유가증권,주주총회소집결의,KG케미칼
20250227001348,2025-02-27 18:00,두산에너빌리티,유가증권,주주총회소집결의,두산에너빌리티
20250227001298,2025-02-27 17:57,파라텍,코스닥,[정정]주주총회소집결의,파라텍
20250227001263,2025-02-27 17:57,KD,코스닥,주주총회소집결의,KD
20250227001219,2025-02-27 17:55,국보,유가증권,[정정]주주총회소집결의,국보
20250227001282,2025-02-27 17:52,성창오토텍,코스닥,주주총회소집결의,성창오토텍
20250227001258,2025-02-27 17:50,시디즈,유가증권,주주총회소집결의,시디즈
20250227001275,2025-02-27 17:48,남해화학,유가증권,주주총회소집결의,남해화학
20250227001202,2025-02-27 17:36,삼천당제약,코스닥,주주총회소집결의,삼천당제약
20250227001160,2025-02-27 17:34,아이티센씨티에스,유가증권,주주총회소집결의,아이티센씨티에스
20250227001201,2025-02-27 17:31,쎌바이오텍,코스닥,주주총회소집결의,쎌바이오텍
20250227001193,2025-02-27 17:30,기업은행,유가증권,주주총회소집결의,중소기업은행
20250227001185,2025-02-27 17:30,유아이엘,코스닥,주주총회소집결의,유아이엘
20250227001133,2025-02-27 17:24,팬스타엔터프라이즈,코스닥,주주총회소집결의,팬스타엔터프라이즈
20250227001105,2025-02-27 17:20,범양건영,유가증권,주주총회소집결의,범양건영
20250227001065,2025-02-27 17:19,효성티앤씨,유가증권,주주총회소집결의,효성티앤씨
20250227001143,2025-02-27 17:17,녹십자홀딩스,유가증권,[정정]주주총회소집결의,녹십자홀딩스
20250227001102,2025-02-27 17:17,롯데이노베이트,유가증권,주주총회소집결의,롯데이노베이트
20250227001146,2025-02-27 17:16,KH바텍,코스닥,주주총회소집결의,케이에이치바텍
20250227001134,2025-02-27 17:14,에스엠,코스닥,주주총회소집결의,에스엠엔터테인먼트
20250227001042,2025-02-27 17:14,한국타이어앤테크놀로지,유가증권,주주총회소집결의,한국타이어앤테크놀로지
20250227001030,2025-02-27 17:14,한국앤컴퍼니,유가증권,주주총회소집결의,한국앤컴퍼니
20250227001153,2025-02-27 17:12,크라운해태홀딩스,유가증권,주주총회소집결의,크라운해태홀딩스
20250227001145,2025-02-27 17:12,동아쏘시오홀딩스,유가증권,주주총회소집결의,동아쏘시오홀딩스
20250227001092,2025-02-27 17:10,대성에너지,유가증권,주주총회소집결의,대성에너지
20250227001094,2025-02-27 17:08,세운메디칼,코스닥,주주총회소집결의,세운메디칼
20250227001108,2025-02-27 17:04,SUN&L,유가증권,주주총회소집결의,선앤엘
20250227001049,2025-02-27 16:56,유진로봇,코스닥,주주총회소집결의,유진로봇
20250227000999,2025-02-27 16:56,효성,유가증권,주주총회소집결의,효성
20250227001036,2025-02-27 16:53,현대차증권,유가증권,주주총회소집결의,현대차증권
20250227001026,2025-02-27 16:51,아이비젼웍스,코스닥,주주총회소집결의,아이비젼웍스
20250227000971,2025-02-27 16:48,핸즈코퍼레이션,유가증권,주주총회소집결의,핸즈코퍼레이션
20250227000965,2025-02-27 16:48,프로브잇,코스닥,[정정]주주총회소집결의(임시주주총회),프로브잇
20250227000981,2025-02-27 16:46,새론오토모티브,유가증권,주주총회소집결의,새론오토모티브
20250227000967,2025-02-27 16:45,비케이홀딩스,코스닥,주주총회소집결의,비케이홀딩스
20250227000935,2025-02-27 16:44,수산세보틱스,유가증권,주주총회소집결의,수산세보틱스
20250227000987,2025-02-27 16:43,대한전선,유가증권,[정정]주주총회소집결의,대한전선
20250227000906,2025-02-27 16:43,두산로보틱스,유가증권,주주총회소집결의,두산로보틱스
20250227000873,2025-02-27 16:40,파트론,코스닥,주주총회소집결의,파트론
20250227000861,2025-02-27 16:38,휴림에이텍,코스닥,[정정]주주총회소집결의,휴림에이텍
20250227000950,2025-02-27 16:36,디와이디,코스닥,주주총회소집결의,디와이디
20250227000924,2025-02-27 16:34,DH오토리드,코스닥,주주총회소집결의,디에이치오토리드
20250227000941,2025-02-27 16:33,인산가,코스닥,주주총회소집결의,인산가
20250227000910,2025-02-27 16:32,아이티센글로벌,코스닥,주주총회소집결의,아이티센글로벌
20250227000915,2025-02-27 16:31,티와이홀딩스,유가증권,주주총회소집결의,티와이홀딩스
20250227000856,2025-02-27 16:31,현대해상,유가증권,주주총회소집결의,현대해상화재보험
20250227000875,2025-02-27 16:30,세이브존I&C,유가증권,주주총회소집결의,세이브존아이앤씨
20250227000874,2025-02-27 16:30,삼성증권,유가증권,주주총회소집결의,삼성증권
20250227000868,2025-02-27 16:29,전방,유가증권,주주총회소집결의,전방
20250227000867,2025-02-27 16:29,에어레인,코스닥,주주총회소집결의,㈜에어레인
20250227000882,2025-02-27 16:28,라이온켐텍,코스닥,주주총회소집결의,라이온켐텍
20250227000808,2025-02-27 16:27,동성제약,유가증권,주주총회소집결의,동성제약
20250227000801,2025-02-27 16:26,부광약품,유가증권,주주총회소집결의,부광약품
20250227000880,2025-02-27 16:22,아리바이오홀딩스,코스닥,[정정]주주총회소집결의(임시주주총회),아리바이오홀딩스
20250227000798,2025-02-27 16:14,SBS,유가증권,주주총회소집결의,SBS
20250227000793,2025-02-27 16:14,스코넥,코스닥,주주총회소집결의,스코넥엔터테인먼트
20250227000761,2025-02-27 16:10,에스티오,코스닥,주주총회소집결의,㈜에스티오
20250227000792,2025-02-27 16:08,한국비엔씨,코스닥,주주총회소집결의,한국비엔씨
20250227000771,2025-02-27 16:07,아이티센피엔에스,코스닥,주주총회소집결의,아이티센피엔에스
20250227000697,2025-02-27 16:05,유니퀘스트,유가증권,주주총회소집결의,유니퀘스트
20250227000688,2025-02-27 16:03,유엔젤,유가증권,주주총회소집결의,유엔젤
20250227000739,2025-02-27 16:02,삼지전자,코스닥,주주총회소집결의,삼지전자
20250227000738,2025-02-27 16:00,제이에스티나,코스닥,주주총회소집결의(정기주주총회),제이에스티나
20250227000706,2025-02-27 15:55,링네트,코스닥,주주총회소집결의(정기주주총회),링네트
20250227000656,2025-02-27 15:55,윈스테크넷,코스닥,주주총회소집결의,윈스테크넷
20250227000648,2025-02-27 15:52,이엘씨,코스닥,주주총회소집결의,이엘씨
20250227000716,2025-02-27 15:50,동방,유가증권,주주총회소집결의,동방
20250227000686,2025-02-27 15:47,사람인,코스닥,주주총회소집결의,사람인
20250227000693,2025-02-27 15:45,인디에프,유가증권,주주총회소집결의,인디에프
20250227000640,2025-02-27 15:43,탑선,코넥스,주주총회소집 결의,탑선
20250227000594,2025-02-27 15:42,HJ중공업,유가증권,주주총회소집결의,에이치제이중공업
20250227000674,2025-02-27 15:41,엑사이엔씨,코스닥,주주총회소집결의,엑사이엔씨
20250227000663,2025-02-27 15:40,인터로조,코스닥,주주총회소집결의,인터로조
20250227000615,2025-02-27 15:39,프로텍,코스닥,주주총회소집결의,프로텍
20250227000623,2025-02-27 15:37,아이티센엔텍,코스닥,주주총회소집결의,아이티센엔텍
20250227000606,2025-02-27 15:36,대원,코스닥,주주총회소집결의,대원
20250227000585,2025-02-27 15:32,원익QnC,코스닥,주주총회소집결의,원익큐엔씨
20250227000607,2025-02-27 15:31,한국컴퓨터,코스닥,주주총회소집결의,한국컴퓨터
20250227000596,2025-02-27 15:27,동우팜투테이블,코스닥,주주총회소집결의,동우팜투테이블
20250227000584,2025-02-27 15:26,국보디자인,코스닥,주주총회소집결의,국보디자인
20250227000562,2025-02-27 15:24,오픈베이스,코스닥,주주총회소집결의,오픈베이스
20250227000530,2025-02-27 15:24,아이에이치큐,유가증권,주주총회소집결의,아이에이치큐
20250227000540,2025-02-27 15:23,태경산업,유가증권,주주총회소집결의,태경산업
20250227000541,2025-02-27 15:17,파라택시스이더리움,코스닥,주주총회소집결의,파라택시스이더리움
20250227000516,2025-02-27 15:11,위즈코프,코스닥,주주총회소집결의,위즈코프
20250227000528,2025-02-27 15:06,제이엠티,코스닥,주주총회소집결의,제이엠티
20250227000503,2025-02-27 15:01,코메론,코스닥,주주총회소집결의,코메론
20250227000349,2025-02-27 15:00,셀바스AI,코스닥,주주총회소집결의,셀바스에이아이
20250227000494,2025-02-27 14:57,PN풍년,코스닥,주주총회소집결의,피엔풍년
20250227000493,2025-02-27 14:57,스틱인베스트먼트,유가증권,주주총회소집결의,스틱인베스트먼트
20250227000477,2025-02-27 14:56,내츄럴엔도텍,코스닥,주주총회소집결의(정기주주총회),내츄럴엔도텍
20250227000456,2025-02-27 14:52,카프로,유가증권,주주총회소집결의,카프로
20250227000459,2025-02-27 14:48,미원에스씨,유가증권,주주총회소집결의,미원스페셜티케미칼
20250227000450,2025-02-27 14:44,와이제이링크,코스닥,주주총회소집결의,와이제이링크
20250227000437,2025-02-27 14:38,진매트릭스,코스닥,주주총회소집결의,진매트릭스
20250227000447,2025-02-27 14:34,네오티스,코스닥,주주총회소집결의,네오티스
20250227000426,2025-02-27 14:28,에스에이엠티,코스닥,[정정]주주총회소집결의,에스에이엠티
20250227000421,2025-02-27 14:28,씨티케이,코스닥,주주총회소집결의,씨티케이
20250227000416,2025-02-27 14:25,이리츠코크렙,유가증권,주주총회소집결의,이리츠코크렙기업구조조정부동산투자회사
20250227000420,2025-02-27 14:24,호전실업,유가증권,주주총회소집결의,호전실업
20250227000346,2025-02-27 14:23,대창단조,유가증권,주주총회소집결의,대창단조
20250227000413,2025-02-27 14:22,삼표시멘트,코스닥,주주총회소집결의,삼표시멘트
20250227000402,2025-02-27 14:19,흥국,코스닥,주주총회소집결의,흥국
20250227000371,2025-02-27 14:12,금화피에스시,코스닥,주주총회소집결의,금화피에스시
20250227000335,2025-02-27 13:47,셀바스헬스케어,코스닥,주주총회소집결의,셀바스헬스케어
20250227000322,2025-02-27 13:46,코어라인소프트,코스닥,주주총회소집결의,코어라인소프트
20250227000327,2025-02-27 13:42,바이오플러스,코스닥,주주총회소집결의,바이오플러스
20250227000317,2025-02-27 13:41,한국큐빅,코스닥,주주총회소집결의,한국큐빅
20250227000312,2025-02-27 13:40,에스엘에스바이오,코스닥,주주총회소집결의,에스엘에스바이오
20250227000300,2025-02-27 13:31,퀄리타스반도체,코스닥,주주총회소집결의,퀄리타스반도체
20250227000289,2025-02-27 13:25,원풍,코스닥,주주총회소집결의,원풍
20250227000284,2025-02-27 13:14,동아에스티,유가증권,주주총회소집결의,동아에스티
20250227000283,2025-02-27 13:01,신원,유가증권,주주총회소집결의,신원
20250227000282,2025-02-27 12:57,티엘비,코스닥,주주총회소집결의,티엘비
20250227000279,2025-02-27 12:35,삼현,코스닥,주주총회소집결의,삼현
20250227000269,2025-02-27 12:29,와이지엔터테인먼트,코스닥,주주총회소집결의,와이지엔터테인먼트
20250227000275,2025-02-27 12:21,YG PLUS,유가증권,주주총회소집결의,와이지플러스
20250227000260,2025-02-27 12:03,레이저쎌,코스닥,주주총회소집결의,레이저쎌
20250227000238,2025-02-27 11:58,서흥,유가증권,주주총회소집결의,서흥
20250227000234,2025-02-27 11:57,부산산업,유가증권,주주총회소집결의,부산산업
20250227000235,2025-02-27 11:28,재영솔루텍,코스닥,주주총회소집결의,재영솔루텍
20250227000233,2025-02-27 11:23,KG파이낸셜,코스닥,주주총회소집결의,케이지파이낸셜
20250227000224,2025-02-27 11:21,한일단조,코스닥,주주총회소집결의,한일단조공업
20250227000217,2025-02-27 11:07,인트로메딕,코스닥,[정정]주주총회소집결의,인트로메딕
20250227000149,2025-02-27 10:49,세명전기,코스닥,주주총회소집결의,세명전기공업
20250227000175,2025-02-27 10:42,오로스테크놀로지,코스닥,[정정]주주총회소집결의,오로스테크놀로지
20250227000104,2025-02-27 09:59,에스폴리텍,코스닥,주주총회소집결의,에스폴리텍
20250227000007,2025-02-27 07:51,SK하이닉스,유가증권,주주총회소집결의,에스케이하이닉스
20250226001319,2025-02-26 18:26,엔케이,유가증권,주주총회소집결의,엔케이
20250226001318,2025-02-26 18:17,씨티씨바이오,코스닥,[정정]주주총회소집결의(임시주주총회),씨티씨바이오
20250226001320,2025-02-26 18:16,동국생명과학,코스닥,주주총회소집결의,동국생명과학
20250226001287,2025-02-26 18:05,바이젠셀,코스닥,주주총회소집결의,바이젠셀
20250226001239,2025-02-26 17:59,iM금융지주,유가증권,주주총회소집결의,아이엠금융지주
20250226001276,2025-02-26 17:57,오스코텍,코스닥,주주총회소집결의,오스코텍
20250226001271,2025-02-26 17:53,한국캐피탈,코스닥,주주총회소집결의,한국캐피탈
20250226001221,2025-02-26 17:47,하나32호스팩,코스닥,주주총회소집결의,하나32호기업인수목적
20250226001197,2025-02-26 17:41,제이알글로벌리츠,유가증권,[정정]주주총회소집결의,제이알글로벌위탁관리부동산투자회사
20250226001113,2025-02-26 17:41,엔피케이,코스닥,주주총회소집결의,엔피케이
20250226001207,2025-02-26 17:40,HS효성첨단소재,유가증권,주주총회소집결의,에이치에스효성첨단소재
20250226001086,2025-02-26 17:40,강스템바이오텍,코스닥,주주총회소집결의,강스템바이오텍
20250226001191,2025-02-26 17:39,HS화성,유가증권,주주총회소집결의,에이치에스화성
20250226001182,2025-02-26 17:39,JK리버스톤리츠,유가증권,[정정]주주총회소집결의,제이케이리버스톤자기관리부동산투자회사
20250226001093,2025-02-26 17:39,원익IPS,코스닥,주주총회소집결의,원익아이피에스
20250226001211,2025-02-26 17:38,KG에코솔루션,코스닥,주주총회소집결의,케이지에코솔루션
20250226001175,2025-02-26 17:38,케어랩스,코스닥,주주총회소집결의,케어랩스
20250226001136,2025-02-26 17:35,황금에스티,유가증권,[정정]주주총회소집결의,황금에스티
20250226001102,2025-02-26 17:34,하나33호스팩,코스닥,주주총회소집결의,하나33호기업인수목적
20250226001137,2025-02-26 17:32,삐아,코스닥,주주총회소집결의,삐아
20250226001056,2025-02-26 17:32,이비테크,코넥스,주주총회소집 결의,이비테크
20250226001149,2025-02-26 17:31,에스프리즘,코스닥,주주총회소집결의(정기주주총회),에스프리즘
20250226001121,2025-02-26 17:27,에스에이엠티,코스닥,주주총회소집결의,에스에이엠티
20250226001031,2025-02-26 17:27,HS효성,유가증권,주주총회소집결의,에이치에스효성
20250226001079,2025-02-26 17:23,티에이치엔,유가증권,주주총회소집결의,티에이치엔
20250226001018,2025-02-26 17:20,휴비스,유가증권,주주총회소집결의,휴비스
20250226000964,2025-02-26 17:13,하나금융25호스팩,코스닥,주주총회소집결의,하나금융25호기업인수목적
20250226000992,2025-02-26 17:10,에스티큐브,코스닥,주주총회소집결의,에스티큐브
20250226000954,2025-02-26 17:07,강원에너지,코스닥,주주총회소집결의,강원에너지
20250226000871,2025-02-26 16:54,하나27호스팩,코스닥,주주총회소집결의,하나27호기업인수목적
20250226000914,2025-02-26 16:52,인포뱅크,코스닥,주주총회소집결의,인포뱅크
20250226000873,2025-02-26 16:51,에스디생명공학,코스닥,주주총회소집결의,에스디생명공학
20250226000802,2025-02-26 16:50,하이드로리튬,코스닥,주주총회소집결의,하이드로리튬
20250226000908,2025-02-26 16:49,범한퓨얼셀,코스닥,주주총회소집결의,범한퓨얼셀
20250226000884,2025-02-26 16:48,효성중공업,유가증권,주주총회소집결의,효성중공업
20250226000900,2025-02-26 16:47,SK이노베이션,유가증권,주주총회소집결의,SK이노베이션
20250226000885,2025-02-26 16:46,JB금융지주,유가증권,주주총회소집결의,JB금융지주
20250226000882,2025-02-26 16:44,해태제과식품,유가증권,주주총회소집결의,해태제과식품
20250226000883,2025-02-26 16:43,지아이에스,코스닥,주주총회소집결의,지아이에스
20250226000804,2025-02-26 16:39,디바이스,코스닥,주주총회소집결의,디바이스
20250226000838,2025-02-26 16:38,뷰웍스,코스닥,주주총회소집결의,뷰웍스
20250226000805,2025-02-26 16:32,오킨스전자,코스닥,주주총회소집결의,오킨스전자
20250226000799,2025-02-26 16:28,톱텍,코스닥,주주총회소집결의,톱텍
20250226000817,2025-02-26 16:27,대신밸런스제15호스팩,코스닥,[정정]주주총회소집결의,대신밸런스제15호기업인수목적
20250226000707,2025-02-26 16:27,오스템,코스닥,주주총회소집결의,오스템
20250226000791,2025-02-26 16:25,제주반도체,코스닥,주주총회소집결의,제주반도체
20250226000688,2025-02-26 16:25,아스타,코스닥,주주총회소집결의,아스타
20250226000748,2025-02-26 16:21,NPX,코스닥,주주총회소집결의,엔피엑스
20250226000769,2025-02-26 16:20,금강철강,코스닥,주주총회소집결의(정기주주총회),금강철강
20250226000759,2025-02-26 16:19,성원에너텍,코스닥,주주총회소집결의,성원에너텍
20250226000696,2025-02-26 16:15,피에이치에이,코스닥,주주총회소집결의,피에이치에이
20250226000698,2025-02-26 16:12,포스코엠텍,코스닥,주주총회소집결의,포스코엠텍
20250226000728,2025-02-26 16:11,엘엠에스,코스닥,주주총회소집결의,엘엠에스
20250226000635,2025-02-26 16:04,티앤엘,코스닥,주주총회소집결의,티앤엘
20250226000703,2025-02-26 16:03,남성,유가증권,주주총회소집결의,남성
20250226000655,2025-02-26 16:03,롯데에너지머티리얼즈,유가증권,주주총회소집결의,롯데에너지머티리얼즈
20250226000639,2025-02-26 16:02,하츠,코스닥,주주총회소집결의,하츠
20250226000670,2025-02-26 15:56,인바이오,코스닥,주주총회소집결의,인바이오
20250226000666,2025-02-26 15:56,인티큐브,코스닥,주주총회소집결의,인티큐브
20250226000618,2025-02-26 15:53,제이스로보틱스,코스닥,주주총회소집결의,제이스로보틱스
20250226000602,2025-02-26 15:49,케이씨티시,유가증권,주주총회소집결의,케이씨티시
20250226000648,2025-02-26 15:46,KB제26호스팩,코스닥,[정정]주주총회소집결의(철회),케이비제26호기업인수목적
20250226000585,2025-02-26 15:46,KB제26호스팩,코스닥,기타 주요경영사항(주주총회소집결의 철회),케이비제26호기업인수목적
20250226000574,2025-02-26 15:45,이랜텍,코스닥,주주총회소집결의,이랜텍
20250226000571,2025-02-26 15:41,디젠스,코스닥,주주총회소집결의,디젠스
20250226000575,2025-02-26 15:40,태영건설,유가증권,주주총회소집결의,태영건설
20250226000597,2025-02-26 15:39,올릭스,코스닥,주주총회소집결의,올릭스
20250226000604,2025-02-26 15:38,무학,유가증권,주주총회소집결의,무학
20250226000577,2025-02-26 15:37,SKC,유가증권,주주총회소집결의,SKC
20250226000572,2025-02-26 15:36,레몬,코스닥,주주총회소집결의(정기주주총회),레몬
20250226000536,2025-02-26 15:35,셀리드,코스닥,주주총회소집결의,셀리드
20250226000559,2025-02-26 15:30,하나31호스팩,코스닥,주주총회소집결의,하나31호기업인수목적
20250226000561,2025-02-26 15:26,엘컴텍,코스닥,주주총회소집결의(정기주주총회),엘컴텍
20250226000541,2025-02-26 15:20,한국쉘석유,유가증권,주주총회소집결의,한국쉘석유
20250226000518,2025-02-26 15:20,케이씨피드,코스닥,주주총회소집결의,케이씨피드
20250226000458,2025-02-26 15:09,비피도,코스닥,주주총회소집결의,비피도
20250226000515,2025-02-26 15:08,HB인베스트먼트,코스닥,주주총회소집결의,에이치비인베스트먼트
20250226000504,2025-02-26 15:04,질경이,코넥스,주주총회소집 결의,질경이
20250226000470,2025-02-26 15:02,모나리자,유가증권,주주총회소집결의,모나리자
20250226000444,2025-02-26 14:53,신라교역,유가증권,[정정]주주총회소집결의,신라교역
20250226000453,2025-02-26 14:49,스맥,코스닥,주주총회소집결의,스맥
20250226000441,2025-02-26 14:49,와이솔,코스닥,주주총회소집결의,와이솔
20250226000455,2025-02-26 14:43,넥센,유가증권,주주총회소집결의,넥센
20250226000428,2025-02-26 14:33,에이치엔에스하이텍,코스닥,주주총회소집결의,에이치엔에스하이텍
20250226000400,2025-02-26 14:21,하나30호스팩,코스닥,주주총회소집결의,하나30호기업인수목적
20250226000395,2025-02-26 14:16,성우하이텍,코스닥,주주총회소집결의,성우하이텍
20250226000389,2025-02-26 14:14,아이앤씨,코스닥,주주총회소집결의,아이앤씨테크놀로지
20250226000362,2025-02-26 14:10,매커스,코스닥,주주총회소집결의,매커스
20250226000313,2025-02-26 14:01,나무AX,코스닥,주주총회소집결의,나무에이엑스
20250226000330,2025-02-26 13:54,대한제강,유가증권,주주총회소집결의,대한제강
20250226000314,2025-02-26 13:48,하나28호스팩,코스닥,주주총회소집결의,하나28호기업인수목적
20250226000323,2025-02-26 13:45,SH에너지화학,유가증권,주주총회소집결의,SH에너지화학
20250226000317,2025-02-26 13:40,하나29호스팩,코스닥,주주총회소집결의,하나29호기업인수목적
20250226000269,2025-02-26 13:35,한국맥널티,코스닥,주주총회소집결의,한국맥널티
20250226000266,2025-02-26 13:24,동남합성,유가증권,주주총회소집결의,동남합성
20250226000267,2025-02-26 13:19,모나미,유가증권,주주총회소집결의,모나미
20250226000231,2025-02-26 12:01,아세아제지,유가증권,주주총회소집결의,아세아제지
20250226000222,2025-02-26 11:46,아세아시멘트,유가증권,주주총회소집결의,아세아시멘트
20250226000196,2025-02-26 11:42,아세아,유가증권,주주총회소집결의,아세아
20250226000207,2025-02-26 11:31,형지I&C,코스닥,주주총회소집결의,형지아이앤씨
20250226000182,2025-02-26 11:20,한중엔시에스,코스닥,주주총회소집결의,한중엔시에스
20250226000173,2025-02-26 11:19,셀바이오휴먼텍,코스닥,주주총회소집결의,셀바이오휴먼텍
20250226000167,2025-02-26 11:04,코스텍시스,코스닥,주주총회소집결의,코스텍시스
20250226000146,2025-02-26 11:01,칩스앤미디어,코스닥,[정정]주주총회소집결의,칩스앤미디어
20250226000111,2025-02-26 10:33,진원생명과학,유가증권,주주총회소집결의,진원생명과학
20250226000080,2025-02-26 09:45,바이오에프디엔씨,코스닥,주주총회소집결의,바이오에프디엔씨
20250225001428,2025-02-25 19:11,대주산업,코스닥,주주총회소집결의,대주산업
20250225001422,2025-02-25 18:58,코엔텍,코스닥,[정정]주주총회소집결의,코엔텍
20250225001409,2025-02-25 18:14,황금에스티,유가증권,[정정]주주총회소집결의,황금에스티
20250225001394,2025-02-25 18:14,한솔피엔에스,유가증권,주주총회소집결의,한솔피엔에스
20250225001407,2025-02-25 18:09,SK바이오사이언스,유가증권,주주총회소집결의,에스케이바이오사이언스
20250225001389,2025-02-25 18:09,유화증권,유가증권,주주총회소집결의,유화증권
20250225001377,2025-02-25 18:08,서희건설,코스닥,주주총회소집결의,서희건설
20250225001364,2025-02-25 18:07,BNK금융지주,유가증권,주주총회소집결의,BNK금융지주
20250225001368,2025-02-25 17:57,유성티엔에스,코스닥,주주총회소집결의,유성티엔에스
20250225001349,2025-02-25 17:57,케이티앤지,유가증권,주주총회소집결의,케이티앤지
20250225001366,2025-02-25 17:56,남화토건,코스닥,주주총회소집결의,남화토건
20250225001320,2025-02-25 17:55,시노펙스,코스닥,주주총회소집결의,시노펙스
20250225001338,2025-02-25 17:50,한진칼,유가증권,주주총회소집결의,한진칼
20250225001344,2025-02-25 17:47,HD한국조선해양,유가증권,주주총회소집결의,에이치디한국조선해양
20250225001278,2025-02-25 17:41,삼립,유가증권,주주총회소집결의,삼립
20250225001291,2025-02-25 17:38,TPC로보틱스,코스닥,주주총회소집결의,티피씨로보틱스
20250225001287,2025-02-25 17:38,스튜디오드래곤,코스닥,주주총회소집결의,스튜디오드래곤
20250225001283,2025-02-25 17:36,황금에스티,유가증권,주주총회소집결의,황금에스티
20250225001279,2025-02-25 17:36,YW,코스닥,주주총회소집결의,와이더블유
20250225001182,2025-02-25 17:35,코리아에프티,코스닥,주주총회소집결의,코리아에프티
20250225001235,2025-02-25 17:34,에코프로비엠,코스닥,주주총회소집결의,에코프로비엠
20250225001214,2025-02-25 17:30,코스텍시스템,코넥스,주주총회소집 결의,코스텍시스템
20250225001229,2025-02-25 17:26,국순당,코스닥,주주총회소집결의,국순당
20250225001217,2025-02-25 17:25,그린리소스,코스닥,[정정]주주총회소집결의,그린리소스
20250225001186,2025-02-25 17:22,싸이토젠,코스닥,[정정]주주총회소집결의(임시주주총회),싸이토젠
20250225001183,2025-02-25 17:21,PS일렉트로닉스,코스닥,주주총회소집결의,피에스일렉트로닉스
20250225001175,2025-02-25 17:19,파루,코스닥,주주총회소집결의,파루
20250225001140,2025-02-25 17:18,코콤,코스닥,주주총회소집결의,코콤
20250225001134,2025-02-25 17:12,종근당,유가증권,주주총회소집결의,종근당
20250225001148,2025-02-25 17:10,제노코,코스닥,주주총회소집결의,제노코
20250225001158,2025-02-25 17:09,에스엘,유가증권,[정정]주주총회소집결의,에스엘
20250225001097,2025-02-25 17:04,코오롱,유가증권,주주총회소집결의,코오롱
20250225001096,2025-02-25 17:03,코오롱글로벌,유가증권,주주총회소집결의,코오롱글로벌
20250225001094,2025-02-25 17:00,한올바이오파마,유가증권,주주총회소집결의,한올바이오파마
20250225001093,2025-02-25 17:00,디와이씨,코스닥,주주총회소집결의,디와이씨
20250225001060,2025-02-25 16:59,종근당홀딩스,유가증권,주주총회소집결의,종근당홀딩스
20250225001081,2025-02-25 16:57,현대코퍼레이션홀딩스,유가증권,주주총회소집결의,현대코퍼레이션홀딩스
20250225001072,2025-02-25 16:57,인텍플러스,코스닥,주주총회소집결의,인텍플러스
20250225001002,2025-02-25 16:57,에코아이,코스닥,주주총회소집결의,에코아이
20250225000999,2025-02-25 16:54,에프엔씨엔터,코스닥,주주총회소집결의,에프엔씨엔터테인먼트
20250225001044,2025-02-25 16:52,윤성에프앤씨,코스닥,주주총회소집결의,윤성에프앤씨
20250225001047,2025-02-25 16:51,우리기술,코스닥,주주총회소집결의,우리기술
20250225000974,2025-02-25 16:51,에스엘,유가증권,주주총회소집결의,에스엘
20250225001005,2025-02-25 16:49,HD현대중공업,유가증권,주주총회소집결의,에이치디현대중공업
20250225000983,2025-02-25 16:49,한국내화,유가증권,주주총회소집결의,한국내화
20250225000991,2025-02-25 16:48,에코프로,코스닥,주주총회소집결의,에코프로
20250225001020,2025-02-25 16:47,코미팜,코스닥,주주총회소집결의,코미팜
20250225000970,2025-02-25 16:47,그린생명과학,코스닥,주주총회소집결의,그린생명과학
20250225000939,2025-02-25 16:46,가온그룹,코스닥,주주총회소집결의,가온그룹
20250225000987,2025-02-25 16:41,한화손해보험,유가증권,주주총회소집결의,한화손해보험
20250225000955,2025-02-25 16:41,미래반도체,코스닥,주주총회소집결의,미래반도체
20250225000931,2025-02-25 16:39,한국항공우주,유가증권,주주총회소집결의,한국항공우주산업
20250225000929,2025-02-25 16:39,엔비티,코스닥,주주총회소집결의(정기주주총회),엔비티
20250225000943,2025-02-25 16:37,셀트리온,유가증권,주주총회소집결의,셀트리온
20250225000936,2025-02-25 16:37,SM Life Design,코스닥,주주총회소집결의,에스엠라이프디자인그룹
20250225000920,2025-02-25 16:37,계룡건설산업,유가증권,주주총회소집결의,계룡건설산업
20250225000875,2025-02-25 16:37,광동헬스바이오,코넥스,주주총회소집 결의,광동헬스바이오
20250225000886,2025-02-25 16:36,두산,유가증권,주주총회소집결의,두산
20250225000922,2025-02-25 16:35,에스제이엠홀딩스,유가증권,주주총회소집결의,에스제이엠홀딩스
20250225000857,2025-02-25 16:34,제노텍,코넥스,주주총회소집 결의,제노텍
20250225000844,2025-02-25 16:30,티에스넥스젠,코스닥,[정정]주주총회소집결의(임시주주총회),티에스넥스젠
20250225000820,2025-02-25 16:29,셀트리온제약,코스닥,주주총회소집결의,셀트리온제약
20250225000887,2025-02-25 16:24,인팩,유가증권,주주총회소집결의,인팩
20250225000819,2025-02-25 16:24,오리콤,코스닥,주주총회소집결의,오리콤
20250225000786,2025-02-25 16:24,램테크놀러지,코스닥,주주총회소집결의,램테크놀러지
20250225000850,2025-02-25 16:23,SIMPAC,유가증권,주주총회소집결의,SIMPAC
20250225000834,2025-02-25 16:23,조광페인트,유가증권,주주총회소집결의,조광페인트
20250225000746,2025-02-25 16:23,선광,코스닥,주주총회소집결의,선광
20250225000760,2025-02-25 16:22,HB테크놀러지,코스닥,주주총회소집결의(정기주주총회),에이치비테크놀러지
20250225000777,2025-02-25 16:19,한화엔진,유가증권,주주총회소집결의,한화엔진
20250225000811,2025-02-25 16:18,동일산업,유가증권,주주총회소집결의,동일산업
20250225000781,2025-02-25 16:17,삼영무역,유가증권,주주총회소집결의,삼영무역
20250225000725,2025-02-25 16:16,퍼스텍,유가증권,주주총회소집결의,퍼스텍
20250225000787,2025-02-25 16:11,하이젠알앤엠,코스닥,주주총회소집결의,하이젠알앤엠
20250225000771,2025-02-25 16:10,심텍,코스닥,주주총회소집결의,심텍
20250225000775,2025-02-25 16:08,두산퓨얼셀,유가증권,주주총회소집결의,두산퓨얼셀
20250225000756,2025-02-25 16:08,경보제약,유가증권,주주총회소집결의,경보제약
20250225000729,2025-02-25 16:08,KG스틸,유가증권,주주총회소집결의,KG스틸
20250225000669,2025-02-25 16:08,마크로젠,코스닥,주주총회소집결의,마크로젠
20250225000751,2025-02-25 16:07,카페24,코스닥,주주총회소집결의,카페24
20250225000679,2025-02-25 16:06,바이오노트,유가증권,주주총회소집결의,바이오노트
20250225000676,2025-02-25 16:03,한화투자증권,유가증권,주주총회소집결의,한화투자증권
20250225000667,2025-02-25 16:01,피앤씨테크,코스닥,주주총회소집결의,피앤씨테크
20250225000658,2025-02-25 15:56,현대백화점,유가증권,주주총회소집결의,현대백화점
20250225000664,2025-02-25 15:53,케이피티유,코스닥,주주총회소집결의,케이피티유
20250225000635,2025-02-25 15:52,진에어,유가증권,주주총회소집결의,진에어
20250225000622,2025-02-25 15:52,금호전기,유가증권,주주총회소집결의,금호전기
20250225000619,2025-02-25 15:52,동아엘텍,코스닥,주주총회소집결의,동아엘텍
20250225000600,2025-02-25 15:49,키움증권,유가증권,주주총회소집결의,키움증권
20250225000542,2025-02-25 15:49,풀무원,유가증권,주주총회소집결의,풀무원
20250225000641,2025-02-25 15:47,푸드웰,코스닥,주주총회소집결의,푸드웰
20250225000647,2025-02-25 15:46,경창산업,코스닥,주주총회소집결의,경창산업
20250225000636,2025-02-25 15:44,뷰노,코스닥,주주총회소집결의,뷰노
20250225000540,2025-02-25 15:43,LX인터내셔널,유가증권,주주총회소집결의,LX인터내셔널
20250225000599,2025-02-25 15:41,HLB제약,코스닥,주주총회소집결의(정기주주총회),에이치엘비제약
20250225000564,2025-02-25 15:41,경동나비엔,유가증권,주주총회소집결의,경동나비엔
20250225000555,2025-02-25 15:40,에스제이엠,유가증권,주주총회소집결의,에스제이엠
20250225000518,2025-02-25 15:39,한화,유가증권,주주총회소집결의,한화
20250225000511,2025-02-25 15:38,롯데정밀화학,유가증권,주주총회소집결의,롯데정밀화학
20250225000597,2025-02-25 15:36,휴림로봇,코스닥,[정정]주주총회소집결의,휴림로봇
20250225000506,2025-02-25 15:21,한진중공업홀딩스,유가증권,주주총회소집결의,한진중공업홀딩스
20250225000486,2025-02-25 15:20,경동도시가스,유가증권,주주총회소집결의,경동도시가스
20250225000529,2025-02-25 15:19,원익머트리얼즈,코스닥,주주총회소집결의,원익머트리얼즈
20250225000522,2025-02-25 15:19,파미셀,유가증권,주주총회소집결의,파미셀
20250225000481,2025-02-25 15:12,한솔로지스틱스,유가증권,주주총회소집결의,한솔로지스틱스
20250225000479,2025-02-25 15:07,유아이디,코스닥,주주총회소집결의,유아이디
20250225000453,2025-02-25 14:58,대웅,유가증권,주주총회소집결의,대웅
20250225000422,2025-02-25 14:56,빅텍,코스닥,주주총회소집결의,빅텍
20250225000436,2025-02-25 14:55,KSS해운,유가증권,주주총회소집결의,케이에스에스 해운
20250225000438,2025-02-25 14:46,태경비케이,유가증권,주주총회소집결의,태경비케이
20250225000426,2025-02-25 14:45,윈팩,코스닥,주주총회소집결의,윈팩
20250225000415,2025-02-25 14:43,대웅제약,유가증권,주주총회소집결의,대웅제약
20250225000395,2025-02-25 14:43,모비스,코스닥,주주총회소집결의,모비스
20250225000412,2025-02-25 14:37,에스디바이오센서,유가증권,주주총회소집결의,에스디바이오센서
20250225000369,2025-02-25 14:37,브리지텍,코스닥,주주총회소집결의,브리지텍
20250225000387,2025-02-25 14:26,SK스퀘어,유가증권,주주총회소집결의,에스케이스퀘어
20250225000393,2025-02-25 14:25,우신시스템,유가증권,주주총회소집결의,우신시스템
20250225000386,2025-02-25 14:25,신라교역,유가증권,주주총회소집결의,신라교역
20250225000388,2025-02-25 14:23,아비코전자,코스닥,주주총회소집결의,아비코전자
20250225000351,2025-02-25 14:21,대성미생물,코스닥,주주총회소집결의,대성미생물연구소
20250225000384,2025-02-25 14:18,이녹스첨단소재,코스닥,주주총회소집결의,이녹스첨단소재
20250225000360,2025-02-25 14:14,코텍,코스닥,주주총회소집결의,코텍
20250225000359,2025-02-25 14:10,고려제약,코스닥,주주총회소집결의,고려제약
20250225000356,2025-02-25 14:10,포메탈,코스닥,주주총회소집결의(정기주주총회),포메탈
20250225000355,2025-02-25 14:10,한국무브넥스,유가증권,주주총회소집결의,한국무브넥스
20250225000339,2025-02-25 14:04,현대리바트,유가증권,주주총회소집결의,현대리바트
20250225000346,2025-02-25 14:03,한국주철관공업,유가증권,주주총회소집결의,한국주철관공업
20250225000324,2025-02-25 14:02,오션스바이오,코넥스,주주총회소집 결의,오션스바이오
20250225000334,2025-02-25 13:53,힘스,코스닥,주주총회소집결의,힘스
20250225000326,2025-02-25 13:53,더존비즈온,유가증권,주주총회소집결의,더존비즈온
20250225000295,2025-02-25 13:42,리노공업,코스닥,주주총회소집결의,리노공업
20250225000297,2025-02-25 13:40,알리코제약,코스닥,주주총회소집결의,알리코제약
20250225000279,2025-02-25 13:31,태웅로직스,코스닥,주주총회소집결의,태웅로직스
20250225000291,2025-02-25 13:30,비씨엔씨,코스닥,주주총회소집결의,비씨엔씨
20250225000278,2025-02-25 13:13,영림원소프트랩,코스닥,주주총회소집결의,영림원소프트랩
20250225000254,2025-02-25 12:26,오리온홀딩스,유가증권,주주총회소집결의,오리온홀딩스
20250225000244,2025-02-25 12:10,오로스테크놀로지,코스닥,주주총회소집결의,오로스테크놀로지
20250225000242,2025-02-25 12:05,종근당바이오,유가증권,주주총회소집결의,종근당바이오
20250225000228,2025-02-25 11:50,듀오백,코스닥,주주총회소집결의,듀오백
20250225000203,2025-02-25 11:33,오리온,유가증권,주주총회소집결의,오리온
20250225000221,2025-02-25 11:32,케일럼,코스닥,주주총회소집결의,케일럼
20250225000217,2025-02-25 11:32,신화콘텍,코스닥,주주총회소집결의,신화콘텍
20250225000193,2025-02-25 11:32,IPARK현대산업개발,유가증권,주주총회소집결의,아이파크현대산업개발
20250225000190,2025-02-25 11:28,토비스,코스닥,주주총회소집결의,토비스
20250225000189,2025-02-25 11:13,대정화금,코스닥,주주총회소집결의,대정화금
20250225000135,2025-02-25 10:32,새로닉스,코스닥,주주총회소집결의,새로닉스
20250225000126,2025-02-25 10:22,대창,유가증권,주주총회소집결의,대창
20250224001216,2025-02-24 18:36,본느,코스닥,주주총회소집결의,본느
20250224001214,2025-02-24 18:33,엑시콘,코스닥,주주총회소집결의,엑시콘
20250224001133,2025-02-24 18:11,큐에스아이,코스닥,주주총회소집결의,큐에스아이
20250224001181,2025-02-24 18:06,HL D&I,유가증권,주주총회소집결의,에이치엘디앤아이한라
20250224001146,2025-02-24 17:58,다우기술,유가증권,주주총회소집결의,다우기술
20250224001118,2025-02-24 17:54,코웨이,유가증권,[정정]주주총회소집결의,코웨이
20250224001010,2025-02-24 17:52,유엑스엔,코넥스,주주총회소집 결의,유엑스엔
20250224001107,2025-02-24 17:51,닷밀,코스닥,주주총회소집결의,닷밀
20250224001092,2025-02-24 17:49,다보링크,코스닥,[정정]주주총회소집결의(임시주주총회),다보링크
20250224001106,2025-02-24 17:48,아모텍,코스닥,주주총회소집결의,아모텍
20250224001123,2025-02-24 17:44,씨이랩,코스닥,주주총회소집결의,씨이랩
20250224001083,2025-02-24 17:41,두올,유가증권,주주총회소집결의,두올
20250224001097,2025-02-24 17:40,와이엔텍,코스닥,주주총회소집결의,와이엔텍
20250224001022,2025-02-24 17:40,카카오게임즈,코스닥,주주총회소집결의,카카오게임즈
20250224001077,2025-02-24 17:37,계양전기,유가증권,주주총회소집결의,계양전기
20250224001059,2025-02-24 17:32,웹케시,코스닥,주주총회소집결의,웹케시
20250224001038,2025-02-24 17:28,동화약품,유가증권,주주총회소집결의,동화약품
20250224000994,2025-02-24 17:28,엘앤에프,유가증권,주주총회소집결의,엘앤에프
20250224001027,2025-02-24 17:25,케이쓰리아이,코스닥,주주총회소집결의,케이쓰리아이
20250224000942,2025-02-24 17:25,농심홀딩스,유가증권,주주총회소집결의,농심홀딩스
20250224001024,2025-02-24 17:23,아이진,코스닥,주주총회소집결의,아이진
20250224001009,2025-02-24 17:20,케이웨더,코스닥,주주총회소집결의,케이웨더
20250224000956,2025-02-24 17:12,에코프로에이치엔,코스닥,주주총회소집결의,에코프로에이치엔
20250224000886,2025-02-24 17:12,해성디에스,유가증권,주주총회소집결의,해성디에스
20250224000973,2025-02-24 17:11,유안타제16호스팩,코스닥,주주총회소집결의,유안타제16호기업인수목적
20250224000964,2025-02-24 17:11,유안타제13호스팩,코스닥,주주총회소집결의,유안타제13호기업인수목적
20250224000934,2025-02-24 17:10,대덕,유가증권,주주총회소집결의,대덕
20250224000913,2025-02-24 17:02,한화에어로스페이스,유가증권,주주총회소집결의,한화에어로스페이스
20250224000899,2025-02-24 17:02,신세계푸드,유가증권,주주총회소집결의,신세계푸드
20250224000854,2025-02-24 17:01,유안타제9호스팩,코스닥,주주총회소집결의,유안타제9호기업인수목적
20250224000889,2025-02-24 16:59,율촌화학,유가증권,주주총회소집결의,율촌화학
20250224000869,2025-02-24 16:55,선익시스템,코스닥,주주총회소집결의,선익시스템
20250224000848,2025-02-24 16:53,피제이메탈,코스닥,주주총회소집결의,피제이메탈
20250224000787,2025-02-24 16:48,와토스코리아,코스닥,주주총회소집결의,와토스코리아
20250224000834,2025-02-24 16:47,세아베스틸지주,유가증권,주주총회소집결의,세아베스틸지주
20250224000815,2025-02-24 16:47,TJ미디어,코스닥,주주총회소집결의,티제이미디어
20250224000794,2025-02-24 16:47,대한유화,유가증권,주주총회소집결의,대한유화
20250224000851,2025-02-24 16:44,한일현대시멘트,유가증권,주주총회소집결의,한일현대시멘트
20250224000843,2025-02-24 16:42,한일시멘트,유가증권,주주총회소집결의,한일시멘트
20250224000832,2025-02-24 16:41,한일홀딩스,유가증권,주주총회소집결의,한일홀딩스
20250224000810,2025-02-24 16:36,이화산업,유가증권,주주총회소집결의,이화산업
20250224000688,2025-02-24 16:34,아이티센코어,코넥스,주주총회소집 결의,아이티센코어
20250224000779,2025-02-24 16:30,대원미디어,코스닥,주주총회소집결의,대원미디어
20250224000749,2025-02-24 16:29,현대홈쇼핑,유가증권,주주총회소집결의,현대홈쇼핑
20250224000674,2025-02-24 16:29,신성이엔지,유가증권,[정정]주주총회소집결의,신성이엔지
20250224000717,2025-02-24 16:28,SK가스,유가증권,주주총회소집결의,SK가스
20250224000689,2025-02-24 16:27,펨토바이오메드,코넥스,주주총회소집 결의,펨토바이오메드
20250224000742,2025-02-24 16:26,HD현대인프라코어,유가증권,주주총회소집결의,에이치디현대인프라코어
20250224000713,2025-02-24 16:25,신송홀딩스,유가증권,주주총회소집결의,신송홀딩스
20250224000765,2025-02-24 16:24,홈캐스트,코스닥,주주총회소집결의,홈캐스트
20250224000698,2025-02-24 16:24,유진스팩10호,코스닥,주주총회소집결의,유진기업인수목적10호
20250224000763,2025-02-24 16:22,아이엠티,코스닥,주주총회소집결의,아이엠티
20250224000722,2025-02-24 16:22,아즈텍WB,코스닥,주주총회소집결의,아즈텍더블유비이
20250224000707,2025-02-24 16:21,한국팩키지,코스닥,주주총회소집결의,한국팩키지
20250224000684,2025-02-24 16:21,대한항공,유가증권,주주총회소집결의,대한항공
20250224000759,2025-02-24 16:20,송원산업,유가증권,주주총회소집결의,송원산업
20250224000711,2025-02-24 16:20,삼보모터스,코스닥,주주총회소집결의,삼보모터스
20250224000663,2025-02-24 16:14,현대코퍼레이션,유가증권,주주총회소집결의,현대코퍼레이션
20250224000656,2025-02-24 16:11,유진스팩9호,코스닥,주주총회소집결의,유진기업인수목적9호
20250224000659,2025-02-24 16:08,슈프리마에이치큐,코스닥,주주총회소집결의,슈프리마에이치큐
20250224000643,2025-02-24 16:06,싸이토젠,코스닥,[정정]주주총회소집결의(임시주주총회),싸이토젠
20250224000620,2025-02-24 16:06,한국제지,유가증권,주주총회소집결의,한국제지
20250224000639,2025-02-24 16:04,ISC,코스닥,주주총회소집결의,아이에스시
20250224000618,2025-02-24 16:03,HD현대,유가증권,주주총회소집결의,에이치디현대
20250224000614,2025-02-24 16:03,경남스틸,코스닥,[정정]주주총회소집결의,경남스틸
20250224000653,2025-02-24 16:00,슈프리마,코스닥,주주총회소집결의,슈프리마
20250224000649,2025-02-24 15:59,이퓨쳐,코스닥,주주총회소집결의,이퓨쳐
20250224000582,2025-02-24 15:58,지앤비에스 에코,코스닥,주주총회소집결의(정기주주총회),지앤비에스 에코
20250224000623,2025-02-24 15:57,서남,코스닥,주주총회소집결의,서남
20250224000590,2025-02-24 15:52,TCC스틸,유가증권,주주총회소집결의,TCC스틸
20250224000581,2025-02-24 15:52,레이크머티리얼즈,코스닥,주주총회소집결의,레이크머티리얼즈
20250224000532,2025-02-24 15:52,현대오토에버,유가증권,주주총회소집결의,현대오토에버
20250224000579,2025-02-24 15:50,태경케미컬,유가증권,주주총회소집결의,태경케미컬
20250224000598,2025-02-24 15:49,라파스,코스닥,주주총회소집결의,라파스
20250224000584,2025-02-24 15:47,이글루,코스닥,주주총회소집결의,이글루코퍼레이션
20250224000519,2025-02-24 15:44,그린케미칼,유가증권,주주총회소집결의,그린케미칼
20250224000545,2025-02-24 15:37,파인디지털,코스닥,주주총회소집결의,파인디지털
20250224000541,2025-02-24 15:33,다스코,유가증권,주주총회소집결의,다스코
20250224000522,2025-02-24 15:32,디지아이,코스닥,주주총회소집결의,디지아이
20250224000505,2025-02-24 15:27,휴스틸,유가증권,주주총회소집결의,휴스틸
20250224000518,2025-02-24 15:23,크린앤사이언스,코스닥,주주총회소집결의,크린앤사이언스
20250224000498,2025-02-24 15:21,원일특강,코스닥,주주총회소집결의,원일특강
20250224000506,2025-02-24 15:20,포스코퓨처엠,유가증권,주주총회소집결의,포스코퓨처엠
20250224000464,2025-02-24 15:16,SHD,유가증권,주주총회소집결의,신화다이나믹스
20250224000493,2025-02-24 15:11,누리플렉스,코스닥,주주총회소집결의,누리플렉스
20250224000488,2025-02-24 15:11,씨피시스템,코스닥,주주총회소집결의,씨피시스템
20250224000473,2025-02-24 15:10,아이센스,코스닥,주주총회소집결의,아이센스
20250224000466,2025-02-24 15:09,대한제당,유가증권,주주총회소집결의,대한제당
20250224000403,2025-02-24 14:55,하이텍팜,코스닥,주주총회소집결의,하이텍팜
20250224000406,2025-02-24 14:41,영화금속,유가증권,주주총회소집결의,영화금속
20250224000399,2025-02-24 14:32,제이엠아이,코스닥,주주총회소집결의,제이엠아이
20250224000391,2025-02-24 14:31,프로티아,코스닥,주주총회소집결의,프로티아
20250224000390,2025-02-24 14:30,진양제약,코스닥,주주총회소집결의,진양제약
20250224000402,2025-02-24 14:29,에스앤더블류,코스닥,주주총회소집결의,에스앤더블류
20250224000348,2025-02-24 14:21,월덱스,코스닥,주주총회소집결의,월덱스
20250224000377,2025-02-24 14:17,액트로,코스닥,주주총회소집결의,액트로
20250224000354,2025-02-24 14:14,에이치케이,코스닥,주주총회소집결의,에이치케이
20250224000343,2025-02-24 14:07,아이빔테크놀로지,코스닥,주주총회소집결의,아이빔테크놀로지
20250224000327,2025-02-24 14:05,애경산업,유가증권,주주총회소집결의,애경산업
20250224000344,2025-02-24 14:03,코위버,코스닥,주주총회소집결의,코위버
20250224000334,2025-02-24 14:02,제룡산업,코스닥,주주총회소집결의,제룡산업
20250224000295,2025-02-24 14:00,코이즈,코스닥,주주총회소집결의,코이즈
20250224000317,2025-02-24 13:50,파이버프로,코스닥,주주총회소집결의,파이버프로
20250224000299,2025-02-24 13:45,대동스틸,코스닥,주주총회소집결의,대동스틸
20250224000296,2025-02-24 13:43,KG모빌리티,유가증권,주주총회소집결의,케이지모빌리티
20250224000310,2025-02-24 13:41,메디젠휴먼케어,코넥스,주주총회소집 결의,메디젠휴먼케어
20250224000304,2025-02-24 13:37,노보믹스,코넥스,주주총회소집 결의,노보믹스
20250224000290,2025-02-24 13:34,나눔테크,코넥스,[정정]주주총회소집 결의,나눔테크
20250224000278,2025-02-24 13:24,아이에이,코스닥,주주총회소집결의,아이에이
20250224000274,2025-02-24 13:12,한컴,코스닥,주주총회소집결의,한컴
20250224000242,2025-02-24 12:14,HD현대마린엔진,유가증권,주주총회소집결의,에이치디현대마린엔진
20250224000226,2025-02-24 11:34,서호전기,코스닥,주주총회소집결의,서호전기
20250224000214,2025-02-24 11:30,HRS,코스닥,주주총회소집결의,에이치알에스
20250224000219,2025-02-24 11:23,제룡전기,코스닥,주주총회소집결의,제룡전기
20250224000193,2025-02-24 11:04,현대제철,유가증권,주주총회소집결의,현대제철
20250224000168,2025-02-24 10:57,유안타제10호스팩,코스닥,주주총회소집결의(정기주주총회),유안타제10호기업인수목적
20250224000182,2025-02-24 10:53,인화정공,코스닥,주주총회소집결의,인화정공
20250224000175,2025-02-24 10:51,유안타제14호스팩,코스닥,주주총회소집결의,유안타제14호기업인수목적
20250221001192,2025-02-21 18:29,NH올원리츠,유가증권,주주총회소집결의,㈜엔에이치올원위탁관리부동산투자회사
20250221001190,2025-02-21 18:17,한컴위드,코스닥,주주총회소집결의,한컴위드
20250221001160,2025-02-21 18:06,디에스케이,코스닥,[정정]주주총회소집결의,디에스케이
20250221001157,2025-02-21 18:03,삼익THK,유가증권,[정정]주주총회소집결의,삼익THK
20250221001123,2025-02-21 17:49,포스코인터내셔널,유가증권,주주총회소집결의,포스코인터내셔널
20250221001109,2025-02-21 17:41,벡트,코스닥,주주총회소집결의,벡트
20250221001018,2025-02-21 17:36,동양고속,유가증권,주주총회소집결의,동양고속
20250221001064,2025-02-21 17:32,SK아이이테크놀로지,유가증권,주주총회소집결의,에스케이아이이테크놀로지
20250221001061,2025-02-21 17:30,F&F,유가증권,주주총회소집결의,에프앤에프
20250221001036,2025-02-21 17:29,삼익THK,유가증권,주주총회소집결의,삼익THK
20250221001028,2025-02-21 17:27,한국피아이엠,코스닥,주주총회소집 결의,한국피아이엠
20250221000976,2025-02-21 17:24,한세예스24홀딩스,유가증권,주주총회소집결의,한세예스24홀딩스
20250221001021,2025-02-21 17:22,지역난방공사,유가증권,주주총회소집결의,한국지역난방공사
20250221001019,2025-02-21 17:21,포스코DX,유가증권,주주총회소집결의,포스코디엑스
20250221001014,2025-02-21 17:21,두산밥캣,유가증권,주주총회소집결의,두산밥캣
20250221000924,2025-02-21 17:14,삼성화재해상보험,유가증권,주주총회소집결의,삼성화재해상보험
20250221000991,2025-02-21 17:13,씨에스베어링,코스닥,[정정]주주총회소집결의(정기주주총회),씨에스베어링
20250221000965,2025-02-21 17:12,AP위성,코스닥,주주총회소집결의,에이피위성
20250221000964,2025-02-21 17:10,F&F 홀딩스,유가증권,주주총회소집결의,에프앤에프홀딩스
20250221000907,2025-02-21 17:08,스마트레이더시스템,코스닥,주주총회소집결의,스마트레이더시스템
20250221000871,2025-02-21 17:08,케이씨씨글라스,유가증권,[정정]주주총회소집결의,케이씨씨글라스
20250221000937,2025-02-21 17:01,대림바스,유가증권,[정정]주주총회소집결의,대림바스
20250221000903,2025-02-21 17:01,태웅,코스닥,주주총회소집결의,태웅
20250221000877,2025-02-21 17:00,서플러스글로벌,코스닥,주주총회소집결의,서플러스글로벌
20250221000875,2025-02-21 16:59,LG생활건강,유가증권,주주총회소집결의,LG생활건강
20250221000889,2025-02-21 16:50,바이오다인,코스닥,주주총회소집결의,바이오다인
20250221000874,2025-02-21 16:50,현대로템,유가증권,주주총회소집결의,현대로템
20250221000873,2025-02-21 16:50,동양에스텍,코스닥,주주총회소집결의,동양에스텍
20250221000867,2025-02-21 16:46,한세엠케이,유가증권,주주총회소집결의,한세엠케이
20250221000858,2025-02-21 16:45,E8,코스닥,주주총회소집결의,이에이트
20250221000797,2025-02-21 16:43,체리부로,코스닥,[정정]주주총회소집결의,체리부로
20250221000805,2025-02-21 16:41,무림SP,코스닥,주주총회소집결의,무림에스피
20250221000790,2025-02-21 16:40,CSA 코스믹,코스닥,주주총회소집결의,씨에스에이코스믹
20250221000826,2025-02-21 16:39,한화생명,유가증권,주주총회소집결의,한화생명보험
20250221000783,2025-02-21 16:37,상아프론테크,코스닥,주주총회소집결의,상아프론테크
20250221000734,2025-02-21 16:37,쏠리드,코스닥,주주총회소집결의,쏠리드
20250221000761,2025-02-21 16:28,KBG,코스닥,주주총회소집결의,케이비지
20250221000770,2025-02-21 16:27,앱토크롬,코스닥,주주총회소집결의,앱토크롬
20250221000717,2025-02-21 16:27,LG,유가증권,주주총회소집결의,LG
20250221000730,2025-02-21 16:25,코나솔,코넥스,주주총회소집 결의,코나솔
20250221000699,2025-02-21 16:23,한국화장품,유가증권,주주총회소집결의,한국화장품
20250221000727,2025-02-21 16:22,무림페이퍼,유가증권,주주총회소집결의,무림페이퍼
20250221000674,2025-02-21 16:21,KPX홀딩스,유가증권,주주총회소집결의,KPX홀딩스
20250221000668,2025-02-21 16:20,신세계I&C,유가증권,주주총회소집결의,신세계아이앤씨
20250221000665,2025-02-21 16:17,HDC,유가증권,주주총회소집결의,에이치디씨
20250221000631,2025-02-21 16:15,한국화장품제조,유가증권,주주총회소집결의,한국화장품제조
20250221000716,2025-02-21 16:13,한화시스템,유가증권,주주총회소집결의,한화시스템
20250221000710,2025-02-21 16:12,한국선재,코스닥,주주총회소집결의,한국선재
20250221000672,2025-02-21 16:10,무림P&P,유가증권,주주총회소집결의,무림피앤피
20250221000676,2025-02-21 16:09,HB솔루션,코스닥,주주총회소집결의,에이치비솔루션
20250221000688,2025-02-21 16:08,아모그린텍,코스닥,주주총회소집결의,아모그린텍
20250221000569,2025-02-21 16:06,KB금융,유가증권,주주총회소집결의,KB금융지주
20250221000643,2025-02-21 16:05,케이씨에스,코스닥,주주총회소집결의,케이씨에스
20250221000641,2025-02-21 16:03,박셀바이오,코스닥,[정정]주주총회소집결의,박셀바이오
20250221000605,2025-02-21 15:57,케이씨티,코스닥,주주총회소집결의,케이씨티
20250221000584,2025-02-21 15:54,HLB파나진,코스닥,주주총회소집결의,에이치엘비파나진
20250221000535,2025-02-21 15:48,남화산업,코스닥,주주총회소집결의,남화산업
20250221000548,2025-02-21 15:39,지에스이,코스닥,주주총회소집결의,지에스이
20250221000452,2025-02-21 15:26,핌스,코스닥,주주총회소집결의,핌스
20250221000482,2025-02-21 15:25,한섬,유가증권,주주총회소집결의,한섬
20250221000500,2025-02-21 15:24,세보엠이씨,코스닥,주주총회소집결의,세보엠이씨
20250221000501,2025-02-21 15:21,신영스팩9호,코스닥,주주총회소집결의,신영해피투모로우제9호기업인수목적
20250221000459,2025-02-21 15:14,한솔제지,유가증권,주주총회소집결의,한솔제지
20250221000464,2025-02-21 15:10,도화엔지니어링,유가증권,주주총회소집결의,도화엔지니어링
20250221000451,2025-02-21 15:10,한화비전,유가증권,주주총회소집결의,한화비전
20250221000465,2025-02-21 15:08,일신바이오,코스닥,주주총회소집결의,일신바이오베이스
20250221000433,2025-02-21 15:05,GS글로벌,유가증권,주주총회소집결의,지에스글로벌
20250221000320,2025-02-21 15:03,로지시스,코스닥,주주총회소집결의,로지시스
20250221000377,2025-02-21 15:02,알엔투테크놀로지,코스닥,[정정]주주총회소집결의,알엔투테크놀로지
20250221000410,2025-02-21 15:01,켐트로닉스,코스닥,주주총회소집결의,켐트로닉스
20250221000271,2025-02-21 14:59,바디텍메드,코스닥,주주총회소집결의,바디텍메드
20250221000408,2025-02-21 14:56,삼일,코스닥,주주총회소집결의,삼일
20250221000401,2025-02-21 14:56,딜리,코스닥,주주총회소집결의,딜리
20250221000366,2025-02-21 14:48,한국가구,코스닥,주주총회소집결의,한국가구
20250221000388,2025-02-21 14:47,조아제약,코스닥,주주총회소집결의,조아제약
20250221000393,2025-02-21 14:44,신영스팩8호,코스닥,주주총회소집결의,신영해피투모로우제8호기업인수목적
20250221000386,2025-02-21 14:42,신영스팩10호,코스닥,주주총회소집결의,신영해피투모로우제10호기업인수목적
20250221000365,2025-02-21 14:42,한네트,코스닥,주주총회소집결의,한네트
20250221000360,2025-02-21 14:42,에이리츠,유가증권,주주총회소집결의,에이자기관리부동산투자회사
20250221000336,2025-02-21 14:36,새빗켐,코스닥,주주총회소집결의,새빗켐
20250221000346,2025-02-21 14:35,현대그린푸드,유가증권,주주총회소집결의,현대그린푸드
20250221000337,2025-02-21 14:35,성도이엔지,코스닥,주주총회소집결의,성도이엔지
20250221000357,2025-02-21 14:34,효성 ITX,유가증권,주주총회소집결의,효성아이티엑스
20250221000327,2025-02-21 14:27,자이에스앤디,유가증권,주주총회소집결의,자이에스앤디
20250221000312,2025-02-21 14:25,CS,코스닥,주주총회소집결의,씨에스
20250221000303,2025-02-21 14:21,한탑,코스닥,주주총회소집결의,한탑
20250221000323,2025-02-21 14:16,인트로메딕,코스닥,[정정]주주총회소집결의,인트로메딕
20250221000256,2025-02-21 14:09,센서뷰,코스닥,주주총회소집결의,센서뷰
20250221000281,2025-02-21 14:07,하나제약,유가증권,주주총회소집결의,하나제약
20250221000282,2025-02-21 14:06,유라클,코스닥,[정정]주주총회소집결의,유라클
20250221000279,2025-02-21 14:03,하이록코리아,코스닥,주주총회소집결의,하이록코리아
20250221000269,2025-02-21 13:58,유안타제12호스팩,코스닥,[정정]주주총회소집결의(정기주주총회),유안타제12호기업인수목적
20250221000241,2025-02-21 13:58,경농,유가증권,주주총회소집결의,경농
20250221000240,2025-02-21 13:57,HDC랩스,유가증권,주주총회소집결의,에이치디씨랩스
20250221000257,2025-02-21 13:52,메디쎄이,코넥스,주주총회소집 결의,메디쎄이
20250221000222,2025-02-21 13:50,한화솔루션,유가증권,[정정]주주총회소집결의,한화솔루션
20250221000245,2025-02-21 13:48,엔에이치스팩26호,코스닥,주주총회소집결의,엔에이치기업인수목적26호
20250221000236,2025-02-21 13:48,엔에이치스팩30호,코스닥,주주총회소집결의,엔에이치기업인수목적30호
20250221000244,2025-02-21 13:42,코아스템켐온,코스닥,주주총회소집결의,코아스템켐온
20250221000229,2025-02-21 13:37,체리부로,코스닥,주주총회소집결의,체리부로
20250221000228,2025-02-21 13:35,씨에스베어링,코스닥,주주총회소집결의(정기주주총회),씨에스베어링
20250221000227,2025-02-21 13:34,유진스팩11호,코스닥,주주총회소집결의,유진기업인수목적11호
20250221000221,2025-02-21 13:23,하나34호스팩,코스닥,주주총회소집결의,하나34호기업인수목적
20250221000200,2025-02-21 13:22,탑런토탈솔루션,코스닥,주주총회소집결의,탑런토탈솔루션
20250221000208,2025-02-21 13:13,모다이노칩,코스닥,주주총회소집결의,모다이노칩
20250221000210,2025-02-21 13:11,동원수산,유가증권,주주총회소집결의,동원수산
20250221000178,2025-02-21 11:40,진바이오텍,코스닥,주주총회소집결의,진바이오텍
20250221000177,2025-02-21 11:38,한양이엔지,코스닥,주주총회소집결의,한양이엔지
20250221000175,2025-02-21 11:32,에스비비테크,코스닥,주주총회소집결의,에스비비테크
20250221000159,2025-02-21 11:25,메디아나,코스닥,주주총회소집결의,메디아나
20250221000141,2025-02-21 11:15,테스,코스닥,주주총회소집결의,테스
20250221000132,2025-02-21 10:56,미래나노텍,코스닥,주주총회소집결의,미래나노텍
20250221000128,2025-02-21 10:50,타이드,코넥스,주주총회소집 결의,타이드
20250221000093,2025-02-21 10:12,비엔케이제2호스팩,코스닥,주주총회소집결의,비엔케이제2호기업인수목적
20250221000089,2025-02-21 10:12,비엔케이제1호스팩,코스닥,주주총회소집결의,비엔케이제1호기업인수목적
20250221000083,2025-02-21 09:54,지투파워,코스닥,주주총회소집결의,지투파워
20250220000922,2025-02-20 18:09,셀피글로벌,코스닥,주주총회소집결의,셀피글로벌
20250220000917,2025-02-20 18:09,제이에스코퍼레이션,유가증권,주주총회소집결의,제이에스코퍼레이션
20250220000916,2025-02-20 18:05,S-Oil,유가증권,주주총회소집결의,S-Oil
20250220000908,2025-02-20 17:56,LG이노텍,유가증권,주주총회소집결의,엘지이노텍
20250220000887,2025-02-20 17:52,아모센스,코스닥,[정정]주주총회소집결의,아모센스
20250220000848,2025-02-20 17:52,쏘카,유가증권,주주총회소집결의,쏘카
20250220000902,2025-02-20 17:50,경동제약,코스닥,주주총회소집결의,경동제약
20250220000880,2025-02-20 17:44,서린바이오,코스닥,주주총회소집결의,서린바이오사이언스
20250220000869,2025-02-20 17:43,삼보판지,코스닥,주주총회소집결의,삼보판지
20250220000845,2025-02-20 17:35,LG유플러스,유가증권,주주총회소집결의,LG유플러스
20250220000786,2025-02-20 17:33,HD현대에너지솔루션,유가증권,주주총회소집결의,에이치디현대에너지솔루션
20250220000790,2025-02-20 17:32,LG씨엔에스,유가증권,주주총회소집결의,엘지씨엔에스
20250220000788,2025-02-20 17:27,삼천리자전거,코스닥,주주총회소집결의,삼천리자전거
20250220000719,2025-02-20 17:21,카카오페이,유가증권,주주총회소집결의,카카오페이
20250220000800,2025-02-20 17:20,안트로젠,코스닥,주주총회소집결의,안트로젠
20250220000765,2025-02-20 17:20,DL,유가증권,주주총회소집결의,디엘
20250220000792,2025-02-20 17:19,포스코스틸리온,유가증권,주주총회소집결의,포스코스틸리온
20250220000691,2025-02-20 17:02,우성,유가증권,주주총회소집결의,우성
20250220000716,2025-02-20 16:57,드래곤플라이,코스닥,[정정]주주총회소집결의,드래곤플라이
20250220000687,2025-02-20 16:57,대한제분,유가증권,주주총회소집결의,대한제분
20250220000701,2025-02-20 16:55,참좋은여행,코스닥,주주총회소집결의,참좋은여행
20250220000684,2025-02-20 16:54,교보증권,유가증권,주주총회소집결의,교보증권
20250220000696,2025-02-20 16:52,한미글로벌,유가증권,주주총회소집결의,한미글로벌건축사사무소
20250220000649,2025-02-20 16:50,미래에셋증권,유가증권,주주총회소집결의,미래에셋증권
20250220000676,2025-02-20 16:46,자람테크놀로지,코스닥,주주총회소집결의,자람테크놀로지
20250220000686,2025-02-20 16:44,랩지노믹스,코스닥,주주총회소집결의,랩지노믹스
20250220000604,2025-02-20 16:42,세방,유가증권,주주총회소집결의,세방
20250220000573,2025-02-20 16:40,삼일제약,유가증권,주주총회소집결의,삼일제약
20250220000512,2025-02-20 16:39,캐스텍코리아,코스닥,[정정]주주총회소집결의,캐스텍코리아
20250220000587,2025-02-20 16:38,성우전자,코스닥,주주총회소집결의,성우전자
20250220000581,2025-02-20 16:36,엘앤케이바이오,코스닥,주주총회소집결의,엘앤케이바이오메드
20250220000606,2025-02-20 16:34,서부T&D,코스닥,주주총회소집결의,서부티엔디
20250220000602,2025-02-20 16:30,카카오,유가증권,주주총회소집결의,카카오
20250220000560,2025-02-20 16:28,한샘,유가증권,주주총회소집결의,한샘
20250220000550,2025-02-20 16:27,DL이앤씨,유가증권,주주총회소집결의,디엘이앤씨
20250220000582,2025-02-20 16:26,현대비앤지스틸,유가증권,주주총회소집결의,현대비앤지스틸
20250220000557,2025-02-20 16:24,풍산홀딩스,유가증권,주주총회소집결의,풍산홀딩스
20250220000516,2025-02-20 16:17,대덕전자,유가증권,주주총회소집결의,대덕전자
20250220000495,2025-02-20 16:10,디앤디플랫폼리츠,유가증권,주주총회소집결의,디앤디플랫폼위탁관리부동산투자회사
20250220000523,2025-02-20 16:09,현대이지웰,코스닥,주주총회소집결의,현대이지웰
20250220000510,2025-02-20 16:09,넥스트칩,코스닥,주주총회소집결의,넥스트칩
20250220000480,2025-02-20 16:08,이노뎁,코스닥,주주총회소집결의,이노뎁
20250220000463,2025-02-20 16:05,GS건설,유가증권,주주총회소집결의,지에스건설
20250220000427,2025-02-20 16:03,티케이지휴켐스,유가증권,주주총회소집결의,티케이지휴켐스
20250220000424,2025-02-20 16:02,KPX케미칼,유가증권,주주총회소집결의,KPX케미칼
20250220000492,2025-02-20 16:01,비스토스,코스닥,주주총회소집결의,비스토스
20250220000485,2025-02-20 16:01,우진엔텍,코스닥,주주총회소집결의,우진엔텍
20250220000406,2025-02-20 16:01,코오롱인더,유가증권,주주총회소집결의,코오롱인더스트리
20250220000458,2025-02-20 15:58,한솔홈데코,유가증권,주주총회소집결의,한솔홈데코
20250220000452,2025-02-20 15:51,타조이엔터테인먼트,코넥스,주주총회소집 결의,타조이엔터테인먼트
20250220000401,2025-02-20 15:51,앤씨앤,코스닥,주주총회소집결의,앤씨앤
20250220000397,2025-02-20 15:45,웨이버스,코스닥,주주총회소집결의,웨이버스
20250220000408,2025-02-20 15:43,웹젠,코스닥,주주총회소집결의,웹젠
20250220000398,2025-02-20 15:39,DN오토모티브,유가증권,주주총회소집결의,디엔오토모티브
20250220000393,2025-02-20 15:36,대한약품,코스닥,주주총회소집결의,대한약품공업
20250220000387,2025-02-20 15:36,삼성스팩8호,코스닥,주주총회소집결의,삼성기업인수목적8호
20250220000366,2025-02-20 15:26,한화솔루션,유가증권,주주총회소집결의,한화솔루션
20250220000365,2025-02-20 15:25,선진뷰티사이언스,코스닥,주주총회소집결의,선진뷰티사이언스
20250220000367,2025-02-20 15:21,풍산,유가증권,주주총회소집결의,풍산
20250220000345,2025-02-20 15:16,한국제13호스팩,코스닥,주주총회소집결의,한국제13호기업인수목적
20250220000342,2025-02-20 15:11,동아지질,유가증권,주주총회소집결의,동아지질
20250220000328,2025-02-20 14:59,오건에코텍,코넥스,주주총회소집 결의,오건에코텍
20250220000317,2025-02-20 14:57,멀티캠퍼스,코스닥,주주총회소집결의,멀티캠퍼스
20250220000326,2025-02-20 14:50,인바디,코스닥,주주총회소집결의,인바디
20250220000325,2025-02-20 14:50,하나26호스팩,코스닥,주주총회소집결의,하나26호기업인수목적
20250220000289,2025-02-20 14:39,HD현대마린솔루션,유가증권,주주총회소집결의,에이치디현대마린솔루션
20250220000273,2025-02-20 14:28,EG,코스닥,주주총회소집결의,이지
20250220000231,2025-02-20 14:02,한켐,코스닥,주주총회소집결의,한켐
20250220000224,2025-02-20 14:00,일성아이에스,유가증권,주주총회소집결의,일성아이에스
20250220000218,2025-02-20 13:49,신성이엔지,유가증권,주주총회소집결의,신성이엔지
20250220000199,2025-02-20 13:47,아모센스,코스닥,주주총회소집결의,아모센스
20250220000169,2025-02-20 12:43,조비,유가증권,주주총회소집결의,조비
20250220000168,2025-02-20 12:43,한국단자공업,유가증권,주주총회소집결의,한국단자공업
20250220000166,2025-02-20 12:42,대원제약,유가증권,주주총회소집결의,대원제약
20250220000158,2025-02-20 12:01,모니터랩,코스닥,주주총회소집결의,모니터랩
20250220000157,2025-02-20 12:00,아이디스,코스닥,주주총회소집결의,아이디스
20250220000153,2025-02-20 11:49,아이디스홀딩스,코스닥,주주총회소집결의,아이디스홀딩스
20250220000142,2025-02-20 11:15,앱코,코스닥,주주총회소집결의,앱코
20250220000125,2025-02-20 10:54,엔에이치스팩24호,코스닥,주주총회소집결의,엔에이치기업인수목적24호
20250220000113,2025-02-20 10:46,지구홀딩스,코스닥,주주총회소집결의,지구홀딩스
20250220000099,2025-02-20 10:25,현대글로비스,유가증권,주주총회소집결의,현대글로비스
20250220000024,2025-02-20 08:24,워트,코스닥,[정정]주주총회소집결의,워트
20250219001109,2025-02-19 18:14,유유제약,유가증권,주주총회소집결의,유유제약
20250219001107,2025-02-19 18:11,서암기계공업,코스닥,주주총회소집결의,서암기계공업
20250219001063,2025-02-19 17:48,POSCO홀딩스,유가증권,[정정]주주총회소집결의,포스코홀딩스
20250219001019,2025-02-19 17:45,현대자동차,유가증권,주주총회소집결의,현대자동차
20250219001012,2025-02-19 17:39,블루산업개발,유가증권,[정정]주주총회소집결의,블루산업개발
20250219001004,2025-02-19 17:35,LS티라유텍,코스닥,주주총회소집결의,엘에스티라유텍
20250219000986,2025-02-19 17:29,SBI인베스트먼트,코스닥,주주총회소집결의,에스비아이인베스트먼트
20250219000949,2025-02-19 17:25,LG헬로비전,유가증권,주주총회소집결의,엘지헬로비전
20250219000970,2025-02-19 17:23,서울옥션,코스닥,주주총회소집결의,서울옥션
20250219000978,2025-02-19 17:22,한화갤러리아,유가증권,주주총회소집결의,한화갤러리아
20250219000977,2025-02-19 17:22,에스앤에스텍,코스닥,주주총회소집결의,에스앤에스텍
20250219000963,2025-02-19 17:20,삼성전기,유가증권,주주총회소집결의,삼성전기
20250219000956,2025-02-19 17:19,사조산업,유가증권,주주총회소집결의,사조산업
20250219000955,2025-02-19 17:19,성신양회,유가증권,주주총회소집결의,성신양회
20250219000959,2025-02-19 17:18,엠로,코스닥,[정정]주주총회소집결의,엠로
20250219000941,2025-02-19 17:16,신세계인터내셔날,유가증권,주주총회소집결의,신세계인터내셔날
20250219000947,2025-02-19 17:14,DB하이텍,유가증권,주주총회소집결의,DB하이텍
20250219000891,2025-02-19 17:09,호텔신라,유가증권,주주총회소집결의,호텔신라
20250219000914,2025-02-19 17:05,시큐레터,코스닥,주주총회소집결의,시큐레터
20250219000879,2025-02-19 17:03,세방전지,유가증권,주주총회소집결의,세방전지
20250219000880,2025-02-19 16:58,신세계,유가증권,주주총회소집결의,신세계
20250219000850,2025-02-19 16:54,화천기공,유가증권,주주총회소집결의,화천기공
20250219000863,2025-02-19 16:51,삼성E&A,유가증권,주주총회소집결의,삼성이앤에이
20250219000787,2025-02-19 16:49,키움제11호스팩,코스닥,주주총회소집결의,키움제11호기업인수목적
20250219000815,2025-02-19 16:44,지누스,유가증권,주주총회소집결의,지누스
20250219000804,2025-02-19 16:43,사조오양,유가증권,주주총회소집결의,사조오양
20250219000820,2025-02-19 16:42,메디안디노스틱,코넥스,주주총회소집 결의,메디안디노스틱
20250219000749,2025-02-19 16:42,동일고무벨트,유가증권,주주총회소집결의,동일고무벨트
20250219000738,2025-02-19 16:41,샘표식품,유가증권,주주총회소집결의,샘표식품
20250219000721,2025-02-19 16:33,코엔텍,코스닥,주주총회소집결의,코엔텍
20250219000757,2025-02-19 16:29,샘표,유가증권,주주총회소집결의,샘표
20250219000740,2025-02-19 16:27,케이아이이,유가증권,주주총회소집결의,케이아이이
20250219000735,2025-02-19 16:27,현대퓨처넷,유가증권,주주총회소집결의,현대퓨처넷
20250219000752,2025-02-19 16:23,엠로,코스닥,주주총회소집결의,엠로
20250219000736,2025-02-19 16:19,하스,코스닥,[정정]주주총회소집결의,하스
20250219000685,2025-02-19 16:19,케이엘넷,코스닥,주주총회소집결의,케이엘넷
20250219000708,2025-02-19 16:17,예스24,코스닥,주주총회소집결의,예스이십사
20250219000634,2025-02-19 16:17,대신밸런스제18호스팩,코스닥,주주총회소집결의,대신밸런스제18호기업인수목적
20250219000664,2025-02-19 16:13,사조대림,유가증권,주주총회소집결의,사조대림
20250219000638,2025-02-19 16:11,롯데하이마트,유가증권,주주총회소집결의,롯데하이마트
20250219000648,2025-02-19 16:10,사조동아원,유가증권,주주총회소집결의,사조동아원
20250219000610,2025-02-19 16:09,에코프로머티,유가증권,주주총회소집결의,에코프로머티리얼즈
20250219000603,2025-02-19 16:06,모헨즈,코스닥,주주총회소집결의,모헨즈
20250219000668,2025-02-19 16:05,TS인베스트먼트,코스닥,주주총회소집결의,티에스인베스트먼트
20250219000607,2025-02-19 15:49,안국약품,코스닥,주주총회소집결의,안국약품
20250219000606,2025-02-19 15:48,하스,코스닥,주주총회소집결의,하스
20250219000594,2025-02-19 15:43,에스알바이오텍,코넥스,주주총회소집 결의,에스알바이오텍
20250219000567,2025-02-19 15:43,바스칸바이오제약,코넥스,주주총회소집 결의,바스칸바이오제약
20250219000546,2025-02-19 15:31,디비금융스팩12호,코스닥,주주총회소집결의,디비금융제12호기업인수목적
20250219000545,2025-02-19 15:31,디비금융제13호스팩,코스닥,주주총회소집결의,디비금융제13호기업인수목적
20250219000529,2025-02-19 15:29,혜인,유가증권,주주총회소집결의,혜인
20250219000547,2025-02-19 15:28,워트,코스닥,주주총회소집결의,워트
20250219000521,2025-02-19 15:25,대신밸런스제14호스팩,코스닥,주주총회소집결의,대신밸런스제14호기업인수목적
20250219000523,2025-02-19 15:23,DB금융스팩11호,코스닥,주주총회소집결의,디비금융제11호기업인수목적
20250219000538,2025-02-19 15:22,한화플러스제4호스팩,코스닥,주주총회소집결의,한화플러스제4호기업인수목적
20250219000516,2025-02-19 15:22,대신밸런스제16호스팩,코스닥,주주총회소집결의,대신밸런스제16호기업인수목적
20250219000524,2025-02-19 15:20,우진아이엔에스,유가증권,주주총회소집결의,우진아이엔에스
20250219000491,2025-02-19 15:15,케이피에프,코스닥,주주총회소집결의,케이피에프
20250219000488,2025-02-19 15:12,대신밸런스제17호스팩,코스닥,주주총회소집결의,대신밸런스제17호기업인수목적
20250219000505,2025-02-19 15:08,이구산업,유가증권,주주총회소집결의,이구산업
20250219000486,2025-02-19 15:04,동방아그로,유가증권,주주총회소집결의,동방아그로
20250219000490,2025-02-19 15:01,에이치시티,코스닥,주주총회소집결의,에이치시티
20250219000477,2025-02-19 15:00,신세계건설,유가증권,주주총회소집결의,신세계건설
20250219000446,2025-02-19 14:57,삼성카드,유가증권,주주총회소집결의,삼성카드
20250219000469,2025-02-19 14:50,대신밸런스제19호스팩,코스닥,주주총회소집결의,대신밸런스제19호기업인수목적
20250219000464,2025-02-19 14:48,유안타제15호스팩,코스닥,주주총회소집결의,유안타제15호기업인수목적
20250219000454,2025-02-19 14:46,유니셈,코스닥,주주총회소집결의(정기주주총회),유니셈
20250219000466,2025-02-19 14:44,한국제12호스팩,코스닥,주주총회소집결의,한국제12호기업인수목적
20250219000437,2025-02-19 14:35,덕신이피씨,코스닥,주주총회소집결의,덕신이피씨
20250219000444,2025-02-19 14:33,대신밸런스제15호스팩,코스닥,주주총회소집결의,대신밸런스제15호기업인수목적
20250219000449,2025-02-19 14:32,비트컴퓨터,코스닥,주주총회소집결의,비트컴퓨터
20250219000448,2025-02-19 14:32,진양산업,유가증권,주주총회소집결의,진양산업
20250219000439,2025-02-19 14:30,동신건설,코스닥,주주총회소집결의,동신건설
20250219000422,2025-02-19 14:24,씨싸이트,코스닥,주주총회소집결의,씨싸이트
20250219000420,2025-02-19 14:16,현대건설,유가증권,주주총회소집결의,현대건설
20250219000394,2025-02-19 14:11,진양홀딩스,유가증권,주주총회소집결의,진양홀딩스
20250219000402,2025-02-19 14:09,라이콤,코스닥,주주총회소집결의,라이콤
20250219000367,2025-02-19 13:45,피코그램,코스닥,주주총회소집결의,피코그램
20250219000270,2025-02-19 11:25,에스티아이,코스닥,주주총회소집결의,에스티아이
20250219000266,2025-02-19 11:17,현우산업,코스닥,주주총회소집결의,현우산업
20250219000139,2025-02-19 11:16,캠시스,코스닥,주주총회소집결의,캠시스
20250219000132,2025-02-19 11:14,지니언스,코스닥,주주총회소집결의,지니언스
20250219000128,2025-02-19 10:59,한국제15호스팩,코스닥,주주총회소집결의,한국제15호기업인수목적
20250219000119,2025-02-19 10:52,흥구석유,코스닥,주주총회소집결의,흥구석유
20250219000114,2025-02-19 10:43,한미반도체,유가증권,주주총회소집결의,한미반도체
20250219000092,2025-02-19 10:11,코오롱ENP,유가증권,주주총회소집결의,코오롱이앤피
20250219000017,2025-02-19 08:21,한국제14호스팩,코스닥,주주총회소집결의,한국제14호기업인수목적
20250218000855,2025-02-18 18:11,쿠콘,코스닥,주주총회소집결의,쿠콘
20250218000845,2025-02-18 18:00,LG디스플레이,유가증권,주주총회소집결의,엘지디스플레이
20250218000805,2025-02-18 17:49,광주신세계,유가증권,주주총회소집결의,광주신세계
20250218000798,2025-02-18 17:41,코오롱모빌리티그룹,유가증권,주주총회소집결의,코오롱모빌리티그룹
20250218000776,2025-02-18 17:41,이노션,유가증권,주주총회소집결의,이노션
20250218000784,2025-02-18 17:32,이노에이엑스,코스닥,주주총회소집결의,이노에이엑스
20250218000723,2025-02-18 17:32,조선내화,유가증권,주주총회소집결의,조선내화
20250218000756,2025-02-18 17:29,타스컴,코넥스,주주총회소집 결의,타스컴
20250218000675,2025-02-18 17:26,후성,유가증권,주주총회소집결의,후성
20250218000728,2025-02-18 17:23,LG전자,유가증권,주주총회소집결의,LG전자
20250218000648,2025-02-18 17:21,코오롱생명과학,코스닥,주주총회소집결의,코오롱생명과학
20250218000655,2025-02-18 17:13,DRB동일,유가증권,주주총회소집결의,디알비동일
20250218000704,2025-02-18 17:09,에이티넘인베스트,코스닥,주주총회소집결의,에이티넘인베스트먼트
20250218000701,2025-02-18 17:09,싸이토젠,코스닥,[정정]주주총회소집결의,싸이토젠
20250218000672,2025-02-18 17:05,HS애드,유가증권,주주총회소집결의,에이치에스애드
20250218000681,2025-02-18 17:03,파인메딕스,코스닥,주주총회소집결의,파인메딕스
20250218000602,2025-02-18 16:56,박셀바이오,코스닥,주주총회소집결의,박셀바이오
20250218000653,2025-02-18 16:51,한화오션,유가증권,주주총회소집결의,한화오션
20250218000596,2025-02-18 16:51,현대에버다임,코스닥,주주총회소집결의,현대에버다임
20250218000592,2025-02-18 16:51,진양화학,유가증권,주주총회소집결의,진양화학
20250218000579,2025-02-18 16:31,HD현대미포,유가증권,주주총회소집결의,에이치디현대미포
20250218000522,2025-02-18 16:19,노브랜드,코스닥,주주총회소집결의,노브랜드
20250218000501,2025-02-18 16:19,사조씨푸드,유가증권,주주총회소집결의,사조씨푸드
20250218000473,2025-02-18 16:09,시알홀딩스,유가증권,주주총회소집결의,시알홀딩스
20250218000487,2025-02-18 16:07,유진테크,코스닥,주주총회소집결의,유진테크
20250218000462,2025-02-18 16:07,삼성에스디에스,유가증권,주주총회소집결의,삼성에스디에스
20250218000476,2025-02-18 16:04,씨에스윈드,유가증권,주주총회소집결의,씨에스윈드
20250218000439,2025-02-18 15:45,HD현대일렉트릭,유가증권,주주총회소집결의,에이치디현대일렉트릭
20250218000426,2025-02-18 15:44,LG에너지솔루션,유가증권,주주총회소집결의,엘지에너지솔루션
20250218000415,2025-02-18 15:38,LX세미콘,유가증권,주주총회소집결의,엘엑스세미콘
20250218000391,2025-02-18 15:33,유니슨,코스닥,주주총회소집결의,유니슨
20250218000371,2025-02-18 15:30,삼아알미늄,유가증권,주주총회소집결의,삼아알미늄
20250218000344,2025-02-18 15:24,덕성,유가증권,주주총회소집결의,덕성
20250218000367,2025-02-18 15:22,디와이피엔에프,코스닥,주주총회소집결의,디와이피엔에프
20250218000334,2025-02-18 15:15,성우테크론,코스닥,주주총회소집결의,성우테크론
20250218000336,2025-02-18 15:03,제이케이시냅스,코스닥,[정정]주주총회소집결의(임시주주총회),제이케이시냅스
20250218000310,2025-02-18 14:37,썬테크,코넥스,주주총회소집 결의,썬테크
20250218000290,2025-02-18 14:32,한솔테크닉스,유가증권,주주총회소집결의,한솔테크닉스
20250218000288,2025-02-18 14:32,진양폴리우레탄,유가증권,주주총회소집결의,진양폴리우레탄
20250218000297,2025-02-18 14:28,상신브레이크,유가증권,주주총회소집결의,상신브레이크
20250218000272,2025-02-18 14:02,현대바이오랜드,코스닥,주주총회소집결의,현대바이오랜드
20250218000269,2025-02-18 14:01,신화프리텍,코스닥,주주총회소집결의,신화프리텍
20250218000235,2025-02-18 13:49,청보,코스닥,[정정]주주총회소집결의,청보
20250218000234,2025-02-18 13:31,제노레이,코스닥,주주총회소집결의,제노레이
20250218000212,2025-02-18 13:23,더콘텐츠온,코넥스,주주총회소집 결의,더콘텐츠온
20250218000208,2025-02-18 13:16,삼영엠텍,코스닥,[정정]주주총회소집결의(정기주주총회),삼영엠텍
20250218000201,2025-02-18 12:45,주성코퍼레이션,유가증권,주주총회소집결의,주성코퍼레이션
20250218000194,2025-02-18 12:06,율촌,코스닥,주주총회소집결의,율촌
20250218000179,2025-02-18 11:21,제일테크노스,코스닥,주주총회소집결의,제일테크노스
20250218000162,2025-02-18 11:06,칩스앤미디어,코스닥,주주총회소집결의,칩스앤미디어
20250218000160,2025-02-18 11:02,삼성전자,유가증권,주주총회소집결의,삼성전자
20250218000145,2025-02-18 10:47,센코,코스닥,주주총회소집결의,센코
20250218000133,2025-02-18 10:30,피델릭스,코스닥,주주총회소집결의,피델릭스
20250218000126,2025-02-18 10:28,대원전선,유가증권,주주총회소집결의,대원전선
20250218000102,2025-02-18 09:56,현대위아,유가증권,[정정]주주총회소집결의,현대위아
20250217001256,2025-02-17 18:37,그린리소스,코스닥,주주총회소집결의,그린리소스
20250217001210,2025-02-17 18:06,에너토크,코스닥,주주총회소집결의,에너토크
20250217001209,2025-02-17 17:55,조흥,유가증권,[정정]주주총회소집결의,조흥
20250217001168,2025-02-17 17:40,위츠,코스닥,주주총회소집결의,위츠
20250217001154,2025-02-17 17:33,엔텔스,코스닥,주주총회소집결의,엔텔스
20250217001136,2025-02-17 17:28,LIG아큐버,코스닥,주주총회소집결의,엘아이지아큐버
20250217001098,2025-02-17 17:27,현대위아,유가증권,주주총회소집결의,현대위아
20250217001099,2025-02-17 17:24,LG화학,유가증권,주주총회소집결의,LG화학
20250217001120,2025-02-17 17:22,엔에이치스팩25호,코스닥,주주총회소집결의,엔에이치기업인수목적25호
20250217001115,2025-02-17 17:22,엔에이치스팩31호,코스닥,주주총회소집결의,엔에이치기업인수목적31호
20250217001109,2025-02-17 17:21,대원화성,유가증권,주주총회소집결의,대원화성
20250217000983,2025-02-17 17:17,조흥,유가증권,주주총회소집결의,조흥
20250217001072,2025-02-17 17:16,한솔아이원스,코스닥,주주총회소집결의,한솔아이원스
20250217001036,2025-02-17 17:11,더네이쳐홀딩스,코스닥,주주총회소집결의,더네이쳐홀딩스
20250217001040,2025-02-17 17:05,대림바스,유가증권,주주총회소집결의,대림바스
20250217000949,2025-02-17 16:42,지아이텍,코스닥,주주총회소집결의,지아이텍
20250217000905,2025-02-17 16:36,광동제약,유가증권,주주총회소집결의,광동제약
20250217000907,2025-02-17 16:27,온코닉테라퓨틱스,코스닥,주주총회소집결의,온코닉테라퓨틱스
20250217000869,2025-02-17 16:17,엔에이치스팩27호,코스닥,주주총회소집결의,엔에이치기업인수목적27호
20250217000812,2025-02-17 16:00,써니전자,유가증권,주주총회소집결의,써니전자
20250217000777,2025-02-17 15:55,HD건설기계,유가증권,주주총회소집결의,에이치디건설기계
20250217000753,2025-02-17 15:47,서울도시가스,유가증권,주주총회소집결의,서울도시가스
20250217000752,2025-02-17 15:42,상신전자,코스닥,주주총회소집결의,상신전자
20250217000690,2025-02-17 15:21,애경케미칼,유가증권,주주총회소집결의,애경케미칼
20250217000707,2025-02-17 15:19,이엘피,코스닥,주주총회소집결의,이엘피
20250217000689,2025-02-17 15:11,삼진제약,유가증권,주주총회소집결의,삼진제약
20250217000681,2025-02-17 15:08,삼성중공업,유가증권,주주총회소집결의,삼성중공업
20250217000683,2025-02-17 15:06,제닉스로보틱스,코스닥,주주총회소집결의,제닉스로보틱스
20250217000619,2025-02-17 14:26,티에스넥스젠,코스닥,[정정]주주총회소집결의(임시주주총회),티에스넥스젠
20250217000548,2025-02-17 13:21,신한제10호스팩,코스닥,주주총회소집결의,신한제10호기업인수목적
20250217000542,2025-02-17 12:35,테이팩스,유가증권,[정정]주주총회소집결의,테이팩스
20250217000392,2025-02-17 10:01,KB제29호스팩,코스닥,주주총회소집결의,케이비제29호기업인수목적
20250214001440,2025-02-14 17:48,아이케이세미콘,코넥스,주주총회소집 결의,아이케이세미콘
20250214001353,2025-02-14 17:27,나눔테크,코넥스,주주총회소집 결의,나눔테크
20250214001232,2025-02-14 17:11,코난테크놀로지,코스닥,주주총회소집결의(정기주주총회),코난테크놀로지
20250214001176,2025-02-14 16:47,에스원,유가증권,주주총회소집결의,에스원
20250214001128,2025-02-14 16:47,카티스,코스닥,주주총회소집결의,카티스
20250214000995,2025-02-14 16:35,싸이토젠,코스닥,[정정]주주총회소집결의,싸이토젠
20250214001053,2025-02-14 16:27,한창제지,유가증권,주주총회소집결의,한창제지
20250214001039,2025-02-14 16:27,비큐AI,코스닥,주주총회소집결의,비큐에이아이
20250214000930,2025-02-14 16:26,AK홀딩스,유가증권,주주총회소집결의,AK홀딩스
20250214000980,2025-02-14 16:13,유안타제12호스팩,코스닥,주주총회소집결의(정기주주총회),유안타제12호기업인수목적
20250214000957,2025-02-14 16:13,예선테크,코스닥,주주총회소집결의,예선테크
20250214000958,2025-02-14 16:10,고영,코스닥,주주총회소집결의(정기주주총회),고영테크놀러지
20250214000843,2025-02-14 15:58,유안타제11호스팩,코스닥,주주총회소집결의(정기주주총회),유안타제11호기업인수목적
20250214000845,2025-02-14 15:49,픽셀플러스,코스닥,주주총회소집결의,픽셀플러스
20250214000737,2025-02-14 15:23,파워풀엑스,코넥스,주주총회소집 결의,파워풀엑스
20250214000776,2025-02-14 15:18,로보스타,코스닥,주주총회소집결의,로보스타
20250214000706,2025-02-14 15:02,세토피아,코스닥,주주총회소집결의,세토피아
20250214000672,2025-02-14 15:01,파인디앤씨,코스닥,주주총회소집결의,파인디앤씨
20250214000648,2025-02-14 14:48,타임기술,코넥스,주주총회소집 결의,타임기술
20250214000674,2025-02-14 14:46,피아이이,코스닥,주주총회소집결의,피아이이
20250214000604,2025-02-14 14:32,데이타솔루션,코스닥,주주총회소집결의,데이타솔루션
20250214000579,2025-02-14 14:16,로체시스템즈,코스닥,주주총회소집결의,로체시스템즈
20250214000569,2025-02-14 14:11,나우IB,코스닥,주주총회소집결의,나우아이비캐피탈
20250214000552,2025-02-14 14:08,제이투케이바이오,코스닥,주주총회소집결의,제이투케이바이오
20250214000349,2025-02-14 11:44,삼성SDI,유가증권,주주총회소집결의,삼성SDI
20250214000241,2025-02-14 11:14,케이사인,코스닥,주주총회소집결의,케이사인
20250214000227,2025-02-14 11:12,크로넥스,코넥스,주주총회소집 결의,크로넥스
20250214000215,2025-02-14 10:48,코스모신소재,유가증권,주주총회소집결의,코스모신소재
20250214000187,2025-02-14 10:31,티엘엔지니어링,코넥스,주주총회소집 결의,티엘엔지니어링
20250214000147,2025-02-14 10:21,파인엠텍,코스닥,[정정]주주총회소집결의,파인엠텍
20250213001417,2025-02-13 18:05,스톰테크,코스닥,주주총회소집결의,스톰테크
20250213001495,2025-02-13 17:57,신한제15호스팩,코스닥,주주총회소집결의,신한제15호기업인수목적
20250213001461,2025-02-13 17:51,파인엠텍,코스닥,주주총회소집결의,파인엠텍
20250213001449,2025-02-13 17:48,신한제14호스팩,코스닥,주주총회소집결의,신한제14호기업인수목적
20250213001401,2025-02-13 17:41,NHN,유가증권,주주총회소집결의,엔에이치엔
20250213001374,2025-02-13 17:40,제이알글로벌리츠,유가증권,주주총회소집결의,제이알글로벌위탁관리부동산투자회사
20250213001397,2025-02-13 17:39,NHN KCP,코스닥,주주총회소집결의,엔에이치엔케이씨피
20250213001394,2025-02-13 17:39,신한제13호스팩,코스닥,주주총회소집결의,신한제13호기업인수목적
20250213001380,2025-02-13 17:36,우원개발,코스닥,주주총회소집결의,우원개발
20250213001299,2025-02-13 17:28,지니너스,코스닥,주주총회소집결의,지니너스
20250213001358,2025-02-13 17:27,삼양홀딩스,유가증권,주주총회소집결의,삼양홀딩스
20250213001340,2025-02-13 17:27,휴림에이텍,코스닥,[정정]주주총회소집결의,휴림에이텍
20250213001332,2025-02-13 17:24,동국제약,코스닥,주주총회소집결의,동국제약
20250213001257,2025-02-13 17:23,신한글로벌액티브리츠,유가증권,주주총회소집결의,신한글로벌액티브위탁관리부동산투자회사
20250213001327,2025-02-13 17:21,코웨이,유가증권,주주총회소집결의,코웨이
20250213001287,2025-02-13 17:18,크라운제과,유가증권,주주총회소집결의,크라운제과
20250213001285,2025-02-13 17:08,리튬포어스,코스닥,주주총회소집결의,리튬포어스
20250213001219,2025-02-13 17:03,캡스톤파트너스,코스닥,주주총회소집결의,캡스톤파트너스
20250213001182,2025-02-13 16:58,한일화학,코스닥,주주총회소집결의,한일화학공업
20250213001220,2025-02-13 16:57,수산아이앤티,코스닥,주주총회소집결의,수산아이앤티
20250213001163,2025-02-13 16:57,삼화콘덴서공업,유가증권,주주총회소집결의,삼화콘덴서공업
20250213001180,2025-02-13 16:55,SV인베스트먼트,코스닥,주주총회소집결의(임시주주총회),에스브이인베스트먼트
20250213001168,2025-02-13 16:52,비씨월드제약,코스닥,주주총회소집결의,비씨월드제약
20250213001119,2025-02-13 16:52,케이씨씨글라스,유가증권,주주총회소집결의,케이씨씨글라스
20250213001105,2025-02-13 16:49,와이바이오로직스,코스닥,주주총회소집결의,와이바이오로직스
20250213001149,2025-02-13 16:47,프로브잇,코스닥,[정정]주주총회소집결의(임시주주총회),프로브잇
20250213001082,2025-02-13 16:44,현대모비스,유가증권,주주총회소집결의,현대모비스
20250213001038,2025-02-13 16:42,인성정보,코스닥,주주총회소집결의,인성정보
20250213000982,2025-02-13 16:42,한국경제TV,코스닥,주주총회소집결의,한국경제티브이
20250213001090,2025-02-13 16:39,피앤에스로보틱스,코스닥,주주총회소집결의,피앤에스로보틱스
20250213001122,2025-02-13 16:38,HPSP,코스닥,주주총회소집결의,에이치피에스피
20250213000961,2025-02-13 16:38,삼양홀딩스,유가증권,주주총회소집결의,삼양홀딩스
20250213001065,2025-02-13 16:33,매일유업,코스닥,주주총회소집결의,매일유업
20250213001017,2025-02-13 16:24,에이치엠씨제7호스팩,코스닥,주주총회소집결의,에이치엠씨아이비제7호기업인수목적
20250213000955,2025-02-13 16:22,삼화전기,유가증권,주주총회소집결의,삼화전기
20250213000931,2025-02-13 16:20,인천도시가스,유가증권,주주총회소집결의,인천도시가스
20250213000832,2025-02-13 16:10,비아이매트릭스,코스닥,주주총회소집결의,비아이매트릭스
20250213000847,2025-02-13 16:08,동원개발,코스닥,주주총회소집결의,동원개발
20250213000899,2025-02-13 16:06,플랜티넷,코스닥,주주총회소집결의,플랜티넷
20250213000857,2025-02-13 16:06,삼진엘앤디,코스닥,주주총회소집결의,삼진엘앤디
20250213000866,2025-02-13 15:57,이닉스,코스닥,주주총회소집결의,이닉스
20250213000792,2025-02-13 15:56,광진실업,코스닥,주주총회소집결의,광진실업
20250213000759,2025-02-13 15:56,토모큐브,코스닥,주주총회소집결의,토모큐브
20250213000842,2025-02-13 15:55,삼성스팩9호,코스닥,주주총회소집결의,삼성기업인수목적9호
20250213000809,2025-02-13 15:54,일신방직,유가증권,주주총회소집결의,일신방직
20250213000776,2025-02-13 15:53,신한제11호스팩,코스닥,주주총회소집결의,신한제11호기업인수목적
20250213000763,2025-02-13 15:53,차AI헬스케어,유가증권,[정정]주주총회소집결의,차AI헬스케어
20250213000735,2025-02-13 15:42,삼화전자공업,유가증권,주주총회소집결의,삼화전자공업
20250213000669,2025-02-13 15:25,KB제31호스팩,코스닥,주주총회소집결의,케이비제31호기업인수목적
20250213000652,2025-02-13 15:11,다이나믹디자인,유가증권,주주총회소집결의,다이나믹디자인
20250213000624,2025-02-13 15:03,에이치엠씨제6호스팩,코스닥,주주총회소집결의,에이치엠씨아이비제6호기업인수목적
20250213000603,2025-02-13 14:53,신한제12호스팩,코스닥,주주총회소집결의,신한제12호기업인수목적
20250213000574,2025-02-13 14:53,KB제30호스팩,코스닥,주주총회소집결의,케이비제30호기업인수목적
20250213000561,2025-02-13 14:53,윌비스,유가증권,주주총회소집결의,윌비스
20250213000571,2025-02-13 14:52,나라엠앤디,코스닥,주주총회소집결의(정기주주총회),나라엠앤디
20250213000551,2025-02-13 14:47,우리기술투자,코스닥,주주총회소집결의,우리기술투자
20250213000566,2025-02-13 14:43,아이디피,코스닥,주주총회소집결의,아이디피
20250213000545,2025-02-13 14:43,미래에셋비전스팩5호,코스닥,주주총회소집결의,미래에셋비전기업인수목적5호
20250213000528,2025-02-13 14:42,디앤디파마텍,코스닥,주주총회소집결의,디앤디파마텍
20250213000515,2025-02-13 14:38,삼현철강,코스닥,주주총회소집결의,삼현철강
20250213000519,2025-02-13 14:33,엔시스,코스닥,주주총회소집결의,엔시스
20250213000509,2025-02-13 14:32,미래에셋비전스팩2호,코스닥,주주총회소집결의,미래에셋비전기업인수목적2호
20250213000455,2025-02-13 14:07,제우스,코스닥,주주총회소집결의,제우스
20250213000420,2025-02-13 14:05,퓨런티어,코스닥,주주총회소집결의,퓨런티어
20250213000352,2025-02-13 14:03,유라클,코스닥,주주총회소집결의,유라클
20250213000406,2025-02-13 14:00,제일기획,유가증권,주주총회소집결의,제일기획
20250213000399,2025-02-13 14:00,엠에스씨,코스닥,주주총회소집결의,엠에스씨
20250213000374,2025-02-13 13:53,티비에이치글로벌,유가증권,주주총회소집결의,티비에이치글로벌
20250213000359,2025-02-13 13:39,KB제28호스팩,코스닥,주주총회소집결의,케이비제28호기업인수목적
20250213000310,2025-02-13 13:25,경남스틸,코스닥,주주총회소집결의,경남스틸
20250213000214,2025-02-13 11:20,삼영엠텍,코스닥,주주총회소집결의,삼영엠텍
20250212001259,2025-02-12 19:06,삼양사,유가증권,주주총회소집결의,삼양사
20250212001249,2025-02-12 18:22,씨엔알리서치,코스닥,주주총회소집결의,씨엔알리서치
20250212001247,2025-02-12 18:18,푸른로보틱스,코스닥,주주총회소집결의,푸른로보틱스
20250212001149,2025-02-12 17:50,한국비티비,코스닥,주주총회소집결의,한국비티비
20250212001147,2025-02-12 17:49,파크시스템스,코스닥,주주총회소집결의,파크시스템스
20250212001157,2025-02-12 17:47,와이랩,코스닥,주주총회소집결의,와이랩
20250212001089,2025-02-12 17:39,파라텍,코스닥,[정정]주주총회소집결의(임시주주총회),파라텍
20250212001022,2025-02-12 17:34,기가레인,코스닥,주주총회소집결의,기가레인
20250212001129,2025-02-12 17:33,빛샘전자,코스닥,[정정]주주총회소집결의,빛샘전자
20250212001049,2025-02-12 17:23,솔트웨어,코스닥,주주총회소집결의,솔트웨어
20250212000995,2025-02-12 17:05,피제이전자,코스닥,주주총회소집결의,피제이전자
20250212000836,2025-02-12 16:58,에스넷,코스닥,주주총회소집결의,에스넷시스템
20250212000933,2025-02-12 16:56,삼성물산,유가증권,주주총회소집결의,삼성물산
20250212000902,2025-02-12 16:56,하림지주,코스닥,주주총회소집결의,하림지주
20250212000925,2025-02-12 16:55,퍼시스,유가증권,주주총회소집결의,퍼시스
20250212000820,2025-02-12 16:55,넥스트바이오메디컬,코스닥,주주총회소집결의,넥스트바이오메디컬
20250212000871,2025-02-12 16:50,백산,유가증권,주주총회소집결의,백산
20250212000851,2025-02-12 16:47,한국전자인증,코스닥,주주총회소집결의,한국전자인증
20250212000810,2025-02-12 16:46,수성웹툰,코스닥,주주총회소집결의,수성웹툰
20250212000889,2025-02-12 16:45,네이처셀,코스닥,주주총회소집결의,네이처셀
20250212000784,2025-02-12 16:19,쌍방울,유가증권,[정정]주주총회소집결의,쌍방울
20250212000753,2025-02-12 16:14,미스토홀딩스,유가증권,주주총회소집결의,미스토홀딩스
20250212000728,2025-02-12 16:08,GKL,유가증권,주주총회소집결의,그랜드코리아레저
20250212000665,2025-02-12 16:03,삼성바이오로직스,유가증권,주주총회소집결의,삼성바이오로직스
20250212000658,2025-02-12 15:59,파수AI,코스닥,주주총회소집결의,파수에이아이
20250212000681,2025-02-12 15:55,대성창투,코스닥,주주총회소집결의,대성창업투자
20250212000652,2025-02-12 15:48,기아,유가증권,주주총회소집결의,기아
20250212000630,2025-02-12 15:45,유한양행,유가증권,주주총회소집결의,유한양행
20250212000582,2025-02-12 15:28,디씨엠,유가증권,주주총회소집결의,디씨엠
20250212000541,2025-02-12 15:08,샌즈랩,코스닥,주주총회소집결의,샌즈랩
20250212000462,2025-02-12 14:40,기가비스,코스닥,주주총회소집결의,기가비스
20250212000450,2025-02-12 14:39,현대약품,유가증권,주주총회소집결의,현대약품
20250212000455,2025-02-12 14:38,대한전선,유가증권,주주총회소집결의,대한전선
20250212000364,2025-02-12 13:58,한창산업,코스닥,주주총회소집결의,한창산업
20250212000320,2025-02-12 13:57,리파인,코스닥,[정정]주주총회소집결의(임시주주총회),리파인
20250212000307,2025-02-12 13:27,코리아나,코스닥,주주총회소집결의,코리아나화장품
20250212000261,2025-02-12 11:51,유니드비티플러스,유가증권,주주총회소집결의,유니드비티플러스
20250212000174,2025-02-12 10:30,빅솔론,코스닥,주주총회소집결의,빅솔론
20250212000002,2025-02-12 07:34,피에스케이,코스닥,주주총회소집결의(정기주주총회),피에스케이
20250211001533,2025-02-11 17:59,한솔케미칼,유가증권,주주총회소집결의,한솔케미칼
20250211001474,2025-02-11 17:58,녹십자홀딩스,유가증권,주주총회소집결의,녹십자홀딩스
20250211001366,2025-02-11 17:58,JW홀딩스,유가증권,주주총회소집결의,JW홀딩스
20250211001512,2025-02-11 17:57,CNT85,코스닥,주주총회소집결의,씨앤티85
20250211001500,2025-02-11 17:55,NC,유가증권,주주총회소집결의,엔씨
20250211001480,2025-02-11 17:47,대원강업,유가증권,주주총회소집결의,대원강업
20250211001353,2025-02-11 17:44,선진,유가증권,주주총회소집결의,선진
20250211001439,2025-02-11 17:38,교보13호스팩,코스닥,주주총회소집결의,교보13호기업인수목적
20250211001415,2025-02-11 17:33,코셈,코스닥,주주총회소집결의,코셈
20250211001425,2025-02-11 17:30,펄어비스,코스닥,주주총회소집결의,펄어비스
20250211001357,2025-02-11 17:22,JW중외제약,유가증권,주주총회소집결의,JW중외제약
20250211001360,2025-02-11 17:21,엑스플러스,코스닥,주주총회소집결의,엑스플러스
20250211001383,2025-02-11 17:16,진로발효,코스닥,주주총회소집결의,진로발효
20250211001342,2025-02-11 17:16,케이씨씨,유가증권,[정정]주주총회소집결의,케이씨씨
20250211001308,2025-02-11 17:11,이미지스,코스닥,주주총회소집결의,이미지스테크놀로지
20250211001275,2025-02-11 17:09,엑스페릭스,코스닥,주주총회소집결의,엑스페릭스
20250211001238,2025-02-11 17:06,이노스페이스,코스닥,주주총회소집결의,이노스페이스
20250211001261,2025-02-11 17:05,아이엠,코스닥,[정정]주주총회소집결의(임시주주총회),아이엠
20250211001175,2025-02-11 16:57,우양,코스닥,[정정]주주총회소집결의,우양
20250211001221,2025-02-11 16:55,대아티아이,코스닥,주주총회소집결의,대아티아이
20250211001196,2025-02-11 16:55,한전KPS,유가증권,주주총회소집결의,한전KPS
20250211001179,2025-02-11 16:55,하림,코스닥,주주총회소집결의,하림
20250211001187,2025-02-11 16:47,파인테크닉스,코스닥,주주총회소집결의,파인테크닉스
20250211001168,2025-02-11 16:41,BF랩스,코스닥,주주총회소집결의(임시주주총회),비에프랩스
20250211001114,2025-02-11 16:34,삼성스팩9호,코스닥,주주총회소집결의,삼성기업인수목적9호
20250211001084,2025-02-11 16:29,프리엠스,코스닥,주주총회소집결의,프리엠스
20250211001046,2025-02-11 16:29,국보,유가증권,주주총회소집결의,국보
20250211000994,2025-02-11 16:18,필에너지,코스닥,주주총회소집결의,필에너지
20250211000990,2025-02-11 16:18,상보,코스닥,주주총회소집결의,상보
20250211000984,2025-02-11 16:17,LF,유가증권,주주총회소집결의,LF
20250211000993,2025-02-11 16:13,KB제26호스팩,코스닥,주주총회소집결의,케이비제26호기업인수목적
20250211000961,2025-02-11 16:13,국보,유가증권,[정정]주주총회소집결의,국보
20250211000974,2025-02-11 16:12,이엠텍,코스닥,주주총회소집결의,이엠텍
20250211000924,2025-02-11 16:12,아바코,코스닥,주주총회소집결의,아바코
20250211000906,2025-02-11 16:12,아하,코넥스,주주총회소집 결의,아하
20250211000955,2025-02-11 16:11,노랑풍선,코스닥,주주총회소집결의,노랑풍선
20250211000973,2025-02-11 16:10,휴림로봇,코스닥,[정정]주주총회소집결의,휴림로봇
20250211000957,2025-02-11 16:07,KB제27호스팩,코스닥,주주총회소집결의,케이비제27호기업인수목적
20250211000867,2025-02-11 16:05,동운아나텍,코스닥,주주총회소집결의,동운아나텍
20250211000888,2025-02-11 16:02,나래나노텍,코스닥,주주총회소집결의,나래나노텍
20250211000864,2025-02-11 16:02,유니테스트,코스닥,주주총회소집결의,유니테스트
20250211000859,2025-02-11 16:02,삼양식품,유가증권,주주총회소집결의,삼양식품
20250211000897,2025-02-11 15:59,KB제25호스팩,코스닥,주주총회소집결의,케이비제25호기업인수목적
20250211000848,2025-02-11 15:56,씨메스로보틱스,코스닥,주주총회소집결의,씨메스로보틱스
20250211000853,2025-02-11 15:54,크래프톤,유가증권,주주총회소집결의,크래프톤
20250211000813,2025-02-11 15:41,팸텍,코스닥,주주총회소집결의,팸텍
20250211000760,2025-02-11 15:41,지씨셀,코스닥,주주총회소집결의(정기주주총회),지씨셀
20250211000698,2025-02-11 15:37,삼양패키징,유가증권,주주총회소집결의,삼양패키징
20250211000772,2025-02-11 15:33,교보14호스팩,코스닥,주주총회소집결의,교보14호기업인수목적
20250211000750,2025-02-11 15:32,디케이락,코스닥,주주총회소집결의,디케이락
20250211000638,2025-02-11 15:25,피에스케이홀딩스,코스닥,주주총회소집결의,피에스케이홀딩스
20250211000706,2025-02-11 15:21,위닉스,코스닥,주주총회소집결의,위닉스
20250211000701,2025-02-11 15:19,빛샘전자,코스닥,주주총회소집결의,빛샘전자
20250211000600,2025-02-11 15:00,이글벳,코스닥,주주총회소집결의,이글벳
20250211000554,2025-02-11 14:57,메카로,코스닥,주주총회소집결의,메카로
20250211000569,2025-02-11 14:43,길교이앤씨,코넥스,주주총회소집 결의,길교이앤씨
20250211000568,2025-02-11 14:41,유일로보틱스,코스닥,주주총회소집결의,유일로보틱스
20250211000530,2025-02-11 14:39,지란지교시큐리티,코스닥,주주총회소집결의,지란지교시큐리티
20250211000548,2025-02-11 14:32,로지스몬,코넥스,주주총회소집 결의,로지스몬
20250211000460,2025-02-11 14:05,케이씨씨,유가증권,주주총회소집결의,케이씨씨
20250211000452,2025-02-11 13:51,팬오션,유가증권,주주총회소집결의,팬오션
20250211000431,2025-02-11 13:46,한국기업평가,코스닥,주주총회소집결의,한국기업평가
20250211000409,2025-02-11 13:39,신도리코,유가증권,주주총회소집결의,신도리코
20250211000312,2025-02-11 11:49,교보16호스팩,코스닥,주주총회소집결의,교보16호기업인수목적
20250211000308,2025-02-11 11:48,티피씨글로벌,코스닥,주주총회소집결의,티피씨
20250211000234,2025-02-11 10:55,예스티,코스닥,주주총회소집결의,예스티
20250211000202,2025-02-11 10:41,웨이비스,코스닥,주주총회소집결의,웨이비스
20250211000203,2025-02-11 10:39,교보17호스팩,코스닥,주주총회소집결의,교보17호기업인수목적
20250211000145,2025-02-11 10:01,교보15호스팩,코스닥,주주총회소집결의,교보15호기업인수목적
20250211000006,2025-02-11 07:34,한전기술,유가증권,주주총회소집결의,한국전력기술
20250211000002,2025-02-11 07:33,한전기술,유가증권,주주총회소집결의,한국전력기술
20250210001598,2025-02-10 18:41,제주항공,유가증권,주주총회소집결의,제주항공
20250210001570,2025-02-10 18:12,삼양케이씨아이,코스닥,주주총회소집결의,삼양케이씨아이
20250210001545,2025-02-10 18:10,싸이토젠,코스닥,[정정]주주총회소집결의,싸이토젠
20250210001559,2025-02-10 18:08,에이럭스,코스닥,주주총회소집결의,에이럭스
20250210001542,2025-02-10 18:06,아이패밀리에스씨,코스닥,주주총회소집결의,아이패밀리에스씨
20250210001529,2025-02-10 18:01,팜스코,유가증권,주주총회소집결의,팜스코
20250210001504,2025-02-10 18:01,우양,코스닥,주주총회소집결의,우양
20250210001531,2025-02-10 17:56,신라섬유,코스닥,주주총회소집결의,신라섬유
20250210001501,2025-02-10 17:55,JW신약,코스닥,주주총회소집결의,제이더블유신약
20250210001454,2025-02-10 17:46,셀레스트라,코스닥,[정정]주주총회소집결의,셀레스트라
20250210001489,2025-02-10 17:45,파로스아이바이오,코스닥,주주총회소집결의,파로스아이바이오
20250210001481,2025-02-10 17:43,녹십자엠에스,코스닥,주주총회소집결의,녹십자엠에스
20250210001470,2025-02-10 17:38,국영지앤엠,코스닥,주주총회소집결의,국영지앤엠
20250210001404,2025-02-10 17:38,JW생명과학,유가증권,주주총회소집결의,제이더블유생명과학
20250210001417,2025-02-10 17:36,녹십자웰빙,코스닥,주주총회소집결의,녹십자웰빙
20250210001309,2025-02-10 17:33,가온전선,유가증권,주주총회소집결의,가온전선
20250210001186,2025-02-10 17:20,한세실업,유가증권,주주총회소집결의,한세실업
20250210001159,2025-02-10 17:19,우주일렉트로,코스닥,주주총회소집결의,우주일렉트로닉스
20250210001241,2025-02-10 17:10,필옵틱스,코스닥,주주총회소집결의,필옵틱스
20250210000954,2025-02-10 16:25,시프트업,유가증권,주주총회소집결의,시프트업
20250210000893,2025-02-10 16:09,레뷰코퍼레이션,코스닥,주주총회소집결의,레뷰코퍼레이션
20250210000852,2025-02-10 15:53,하이비젼시스템,코스닥,주주총회소집결의,하이비젼시스템
20250210000772,2025-02-10 15:35,코아스,유가증권,주주총회소집결의,코아스
20250210000760,2025-02-10 15:33,코스나인,코스닥,[정정]주주총회소집결의(임시주주총회),코스나인
20250210000681,2025-02-10 15:13,쎄트렉아이,코스닥,주주총회소집결의,쎄트렉아이
20250210000696,2025-02-10 15:06,AJ네트웍스,유가증권,주주총회소집결의,AJ네트웍스
20250210000620,2025-02-10 14:42,상상인제4호스팩,코스닥,주주총회소집결의,상상인제4호기업인수목적
20250210000542,2025-02-10 14:10,이노진,코스닥,주주총회소집결의,이노진
20250210000436,2025-02-10 13:21,삼성스팩7호,코스닥,주주총회소집결의,삼성기업인수목적7호
20250210000397,2025-02-10 12:02,ESR켄달스퀘어리츠,유가증권,주주총회소집결의,이에스알켄달스퀘어위탁관리부동산투자회사
20250210000221,2025-02-10 10:50,미래에셋드림스팩1호,코스닥,주주총회소집결의,미래에셋드림기업인수목적1호
20250207001426,2025-02-07 18:12,일동홀딩스,유가증권,주주총회소집결의,일동홀딩스
20250207001300,2025-02-07 17:50,일동제약,유가증권,주주총회소집결의,일동제약
20250207001236,2025-02-07 17:20,쌍방울,유가증권,[정정]주주총회소집결의,쌍방울
20250207001111,2025-02-07 16:54,엘에스일렉트릭,유가증권,주주총회소집결의,엘에스일렉트릭
20250207001066,2025-02-07 16:38,큐렉소,코스닥,주주총회소집결의,큐렉소
20250207001002,2025-02-07 16:31,다보링크,코스닥,[정정]주주총회소집결의(임시주주총회),다보링크
20250207000807,2025-02-07 16:08,GC메디아이,코스닥,주주총회소집결의,GC메디아이
20250207000743,2025-02-07 16:04,녹십자,유가증권,주주총회소집결의,녹십자
20250207000792,2025-02-07 15:59,해성에어로보틱스,코스닥,주주총회소집결의,해성에어로보틱스
20250207000745,2025-02-07 15:50,티디에스팜,코스닥,주주총회소집결의,티디에스팜
20250207000615,2025-02-07 15:33,이크레더블,코스닥,주주총회소집결의,이크레더블
20250207000509,2025-02-07 15:01,코스모화학,유가증권,주주총회소집결의,코스모화학
20250207000507,2025-02-07 15:01,아주IB투자,코스닥,주주총회소집결의,아주아이비투자
20250207000464,2025-02-07 14:45,삼미금속,코스닥,[정정]주주총회소집 결의,삼미금속
20250207000445,2025-02-07 14:43,큐리옥스바이오시스템즈,코스닥,[정정]주주총회소집결의,큐리옥스바이오시스템즈
20250207000459,2025-02-07 14:41,미래에셋비전스팩6호,코스닥,주주총회소집결의,미래에셋비전기업인수목적6호
20250207000391,2025-02-07 14:23,코나아이,코스닥,주주총회소집결의,코나아이
20250207000337,2025-02-07 14:09,한라IMS,코스닥,주주총회소집결의,한라아이엠에스
20250207000360,2025-02-07 14:04,오이솔루션,코스닥,주주총회소집결의,오이솔루션
20250207000189,2025-02-07 11:30,부스타,코스닥,주주총회소집결의,부-스타
20250207000168,2025-02-07 11:18,아미코젠,코스닥,[정정]주주총회소집결의,아미코젠
20250207000117,2025-02-07 10:49,미래에셋비전스팩3호,코스닥,주주총회소집결의,미래에셋비전기업인수목적3호
20250207000113,2025-02-07 10:49,미래에셋비전스팩4호,코스닥,주주총회소집결의,미래에셋비전기업인수목적4호
20250207000002,2025-02-07 07:42,NAVER,유가증권,주주총회소집결의,네이버
20250206001204,2025-02-06 18:25,아모레퍼시픽홀딩스,유가증권,주주총회소집결의,아모레퍼시픽홀딩스
20250206001183,2025-02-06 18:07,아리바이오홀딩스,코스닥,[정정]주주총회소집결의,아리바이오홀딩스
20250206001069,2025-02-06 17:34,세아특수강,유가증권,주주총회소집결의,세아특수강
20250206001032,2025-02-06 17:33,프레스티지바이오로직스,코스닥,주주총회소집결의(임시주주총회),프레스티지바이오로직스
20250206001035,2025-02-06 17:29,DSR,유가증권,주주총회소집결의,DSR
20250206001029,2025-02-06 17:21,케이씨,유가증권,주주총회소집결의,케이씨
20250206001025,2025-02-06 17:20,아모레퍼시픽,유가증권,주주총회소집결의,아모레퍼시픽
20250206000972,2025-02-06 16:59,HL만도,유가증권,주주총회소집결의,에이치엘만도
20250206000951,2025-02-06 16:59,미원화학,유가증권,주주총회소집결의,미원화학
20250206000978,2025-02-06 16:58,푸른저축은행,코스닥,주주총회소집결의,푸른저축은행
20250206000966,2025-02-06 16:57,한주라이트메탈,코스닥,주주총회소집결의,한주라이트메탈
20250206000863,2025-02-06 16:55,더코디,코스닥,[정정]주주총회소집결의(임시주주총회),더코디
20250206000952,2025-02-06 16:54,큐리옥스바이오시스템즈,코스닥,주주총회소집결의,큐리옥스바이오시스템즈
20250206000857,2025-02-06 16:42,GMI벤처,코스닥,[정정]주주총회소집결의(임시주주총회),지엠아이벤처
20250206000649,2025-02-06 16:09,아남전자,유가증권,주주총회소집결의,아남전자
20250206000441,2025-02-06 14:54,중앙백신,코스닥,주주총회소집결의,중앙백신연구소
20250206000437,2025-02-06 14:46,DSR제강,유가증권,[정정]주주총회소집결의,DSR제강
20250206000394,2025-02-06 14:16,세아홀딩스,유가증권,주주총회소집결의,세아홀딩스
20250206000350,2025-02-06 14:01,세진티에스,코스닥,주주총회소집결의,세진티에스
20250206000283,2025-02-06 13:32,삼양엔씨켐,코스닥,주주총회소집결의,삼양엔씨켐
20250206000251,2025-02-06 13:31,미래에셋맵스리츠,유가증권,주주총회소집결의,㈜미래에셋맵스제1호위탁관리부동산투자회사
20250206000230,2025-02-06 12:16,KG모빌리티플랫폼,유가증권,주주총회소집결의,케이지모빌리티플랫폼
20250206000219,2025-02-06 11:54,제이케이시냅스,코스닥,[정정]주주총회소집결의,제이케이시냅스
20250206000214,2025-02-06 11:32,씨씨에스,코스닥,[정정]주주총회소집결의,씨씨에스충북방송
20250206000138,2025-02-06 10:57,알엔투테크놀로지,코스닥,주주총회소집결의,알엔투테크놀로지
20250205001153,2025-02-05 18:50,제이케이시냅스,코스닥,[정정]주주총회소집결의,제이케이시냅스
20250205001133,2025-02-05 18:14,아미코젠,코스닥,[정정]주주총회소집결의,아미코젠
20250205001132,2025-02-05 18:14,압타바이오,코스닥,주주총회소집결의,압타바이오
20250205001107,2025-02-05 18:13,한독,유가증권,주주총회소집결의,한독
20250205001078,2025-02-05 17:48,아미코젠,코스닥,[정정]주주총회소집결의,아미코젠
20250205001050,2025-02-05 17:43,씨씨에스,코스닥,[정정]주주총회소집결의,씨씨에스충북방송
20250205000819,2025-02-05 16:51,LS머트리얼즈,코스닥,주주총회소집결의,엘에스머트리얼즈
20250205000835,2025-02-05 16:49,미스터블루,코스닥,주주총회소집결의,미스터블루
20250205000719,2025-02-05 16:39,POSCO홀딩스,유가증권,주주총회소집결의,포스코홀딩스
20250205000667,2025-02-05 16:28,롯데리츠,유가증권,주주총회소집결의,롯데위탁관리부동산투자회사
20250205000584,2025-02-05 16:25,화천기계,유가증권,주주총회소집결의,화천기계
20250205000660,2025-02-05 16:20,케이씨텍,유가증권,주주총회소집결의,케이씨텍
20250205000613,2025-02-05 16:07,신신제약,코스닥,주주총회소집결의,신신제약
20250205000597,2025-02-05 15:56,차AI헬스케어,유가증권,[정정]주주총회소집결의,차AI헬스케어
20250205000571,2025-02-05 15:48,미래에셋비전스팩7호,코스닥,주주총회소집결의,미래에셋비전기업인수목적7호
20250205000507,2025-02-05 15:38,DSR제강,유가증권,주주총회소집결의,DSR제강
20250205000425,2025-02-05 14:54,세아제강,유가증권,주주총회소집결의,세아제강
20250205000393,2025-02-05 14:52,티씨케이,코스닥,주주총회소집결의,티씨케이
20250205000336,2025-02-05 14:10,유니드,유가증권,주주총회소집결의,유니드
20250205000325,2025-02-05 14:04,한주에이알티,코스닥,주주총회소집결의,한주에이알티
20250205000289,2025-02-05 13:41,퀀타피아,코스닥,[정정]주주총회소집결의(임시주주총회),퀀타피아
20250205000257,2025-02-05 12:34,엠에프엠코리아,코스닥,[정정]주주총회소집결의(임시주주총회),엠에프엠코리아
20250205000171,2025-02-05 11:14,LS에코에너지,유가증권,주주총회소집결의,엘에스에코에너지
20250204001096,2025-02-04 17:19,KS인더스트리,코스닥,[정정]주주총회소집결의(임시주주총회),케이에스인더스트리
20250204000938,2025-02-04 16:42,큐라티스,코스닥,[정정]주주총회소집결의,큐라티스
20250204000711,2025-02-04 15:56,형지글로벌,코스닥,주주총회소집결의(임시주주총회),형지글로벌
20250204000615,2025-02-04 15:41,이렘,코스닥,주주총회소집결의,이렘
20250204000616,2025-02-04 15:34,세아제강지주,유가증권,주주총회소집결의,세아제강지주
20250204000459,2025-02-04 14:25,DB금융스팩11호,코스닥,주주총회소집결의(임시주주총회),디비금융제11호기업인수목적
20250204000315,2025-02-04 10:57,디에스엠,코스닥,주주총회소집결의,디에스엠
20250204000234,2025-02-04 09:27,SNT홀딩스,유가증권,주주총회소집결의,SNT홀딩스
20250204000193,2025-02-04 09:10,SNT모티브,유가증권,주주총회소집결의,SNT모티브
20250204000195,2025-02-04 09:08,SNT에너지,유가증권,주주총회소집결의,SNT에너지
20250204000196,2025-02-04 09:03,SNT다이내믹스,유가증권,주주총회소집결의,SNT다이내믹스
20250203001400,2025-02-03 18:15,테이팩스,유가증권,주주총회소집결의,테이팩스
20250203001379,2025-02-03 18:02,제이오,코스닥,[정정]주주총회소집결의(임시주주총회),제이오
20250203001117,2025-02-03 17:03,JK리버스톤리츠,유가증권,[정정]주주총회소집결의,제이케이리버스톤자기관리부동산투자회사
20250203001086,2025-02-03 16:50,청보,코스닥,주주총회소집결의(정기주주총회),청보
20250203001078,2025-02-03 16:41,아바텍,코스닥,주주총회소집결의,아바텍
20250203000854,2025-02-03 16:03,농심,유가증권,주주총회소집결의,농심
20250203000841,2025-02-03 15:49,삼영이엔씨,코스닥,[정정]주주총회소집결의(임시주주총회),삼영이엔씨
20250203000806,2025-02-03 15:45,인트로메딕,코스닥,주주총회소집결의,인트로메딕
20250203000603,2025-02-03 14:43,SP삼화,유가증권,주주총회소집결의,에스피삼화
20250203000592,2025-02-03 14:34,에이스침대,코스닥,주주총회소집결의,에이스침대
20250131000832,2025-01-31 17:53,주성엔지니어링,코스닥,주주총회소집결의,주성엔지니어링
20250131000267,2025-01-31 13:45,삼원강재,유가증권,주주총회소집결의,삼원강재
20250124001097,2025-01-24 17:37,이미지스,코스닥,[정정]주주총회소집결의(임시주주총회),이미지스테크놀로지
20250124001088,2025-01-24 17:25,BF랩스,코스닥,[정정]주주총회소집결의,비에프랩스
20250124001040,2025-01-24 17:03,제이케이시냅스,코스닥,[정정]주주총회소집결의,제이케이시냅스
20250124000703,2025-01-24 15:44,이엠앤아이,코스닥,[정정]주주총회소집결의(임시주주총회),이엠앤아이
20250124000699,2025-01-24 15:43,티쓰리,코스닥,주주총회소집결의,티쓰리엔터테인먼트
20250124000648,2025-01-24 15:30,국도화학,유가증권,주주총회소집결의,국도화학
20250124000647,2025-01-24 15:29,다보링크,코스닥,[정정]주주총회소집결의(임시주주총회),다보링크
20250124000598,2025-01-24 15:24,아이엠,코스닥,[정정]주주총회소집결의,아이엠
20250124000579,2025-01-24 15:11,에스유앤피,코스닥,[정정]주주총회소집결의(임시주주총회),에스유앤피
20250124000478,2025-01-24 14:36,제노코,코스닥,[정정]주주총회소집결의(임시주주총회),제노코
20250124000433,2025-01-24 14:25,인트로메딕,코스닥,주주총회소집결의(임시주주총회),인트로메딕
20250124000339,2025-01-24 13:55,스튜디오산타클로스,코스닥,[정정]주주총회소집결의(임시주주총회),로아앤코홀딩스
20250124000171,2025-01-24 11:10,코람코더원리츠,유가증권,주주총회소집결의,코람코더원위탁관리부동산투자회사
20250123001094,2025-01-23 17:57,이엠앤아이,코스닥,[정정]주주총회소집결의(임시주주총회),이엠앤아이
20250123000847,2025-01-23 17:21,메디콕스,코스닥,[정정]주주총회소집결의,메디콕스
20250123000644,2025-01-23 16:37,인트로메딕,코스닥,[정정]주주총회소집결의,인트로메딕
20250123000608,2025-01-23 16:36,신테카바이오,코스닥,[정정]주주총회소집결의,신테카바이오
20250123000582,2025-01-23 16:33,아이톡시,코스닥,[정정]주주총회소집결의,아이톡시
20250123000510,2025-01-23 16:02,넥써쓰,코스닥,[정정]주주총회소집결의,넥써쓰
20250123000458,2025-01-23 15:54,캐스텍코리아,코스닥,주주총회소집결의,캐스텍코리아
20250123000304,2025-01-23 14:49,스타코링크,코스닥,[정정]주주총회소집결의(임시주주총회),스타코링크
20250123000167,2025-01-23 11:27,제이오,코스닥,주주총회소집결의(임시주주총회),제이오
20250122000624,2025-01-22 17:15,바이온,코스닥,[정정]주주총회소집결의(임시주주총회),바이온
20250122000506,2025-01-22 16:33,코람코라이프인프라리츠,유가증권,주주총회소집결의,코람코라이프인프라위탁관리부동산투자회사
20250122000339,2025-01-22 16:02,비트맥스,코스닥,[정정]주주총회소집결의(임시주주총회),비트맥스
20250122000391,2025-01-22 16:01,인트론바이오,코스닥,주주총회소집결의,인트론바이오테크놀로지
20250122000302,2025-01-22 15:35,케이이엠텍,코스닥,[정정]주주총회소집결의(임시주주총회),케이이엠텍
20250122000248,2025-01-22 14:56,셀레스트라,코스닥,[정정]주주총회소집결의(임시주주총회),셀레스트라
20250122000128,2025-01-22 11:17,영보화학,유가증권,주주총회소집결의,영보화학
20250121000549,2025-01-21 17:52,엔키AX,코스닥,주주총회소집결의(임시주주총회),엔키에이엑스
20250121000512,2025-01-21 17:43,멤레이비티,코스닥,[정정]주주총회소집결의,멤레이비티
20250121000530,2025-01-21 17:36,KS인더스트리,코스닥,[정정]주주총회소집결의(임시주주총회),케이에스인더스트리
20250121000492,2025-01-21 17:24,싸이토젠,코스닥,주주총회소집결의,싸이토젠
20250121000471,2025-01-21 17:18,NH프라임리츠,유가증권,주주총회소집결의,엔에이치프라임위탁관리부동산투자회사
20250121000356,2025-01-21 16:39,엔에이치스팩29호,코스닥,주주총회소집결의,엔에이치기업인수목적29호
20250121000187,2025-01-21 14:13,DH오토넥스,유가증권,[정정]주주총회소집결의,디에이치오토넥스
20250120000839,2025-01-20 16:53,알티캐스트,코스닥,[정정]주주총회소집결의,알티캐스트
20250120000401,2025-01-20 10:39,에이프로젠바이오로직스,유가증권,주주총회소집결의,에이프로젠바이오로직스
20250117000710,2025-01-17 17:57,아리바이오홀딩스,코스닥,[정정]주주총회소집결의(임시주주총회),아리바이오홀딩스
20250117000679,2025-01-17 17:41,블루산업개발,유가증권,[정정]주주총회소집결의,블루산업개발
20250117000492,2025-01-17 16:38,휴림로봇,코스닥,[정정]주주총회소집결의,휴림로봇
20250117000463,2025-01-17 16:30,파라텍,코스닥,[정정]주주총회소집결의(임시주주총회),파라텍
20250117000420,2025-01-17 16:12,오늘이엔엠,코스닥,[정정]주주총회소집결의(임시주주총회),오늘이엔엠
20250116000475,2025-01-16 17:55,아시아나항공,유가증권,주주총회소집결의,아시아나항공
20250116000442,2025-01-16 17:44,제주은행,유가증권,주주총회소집결의,제주은행
20250116000434,2025-01-16 17:31,디지캡,코스닥,주주총회소집결의(임시주주총회),디지캡
20250116000386,2025-01-16 17:31,티에스넥스젠,코스닥,주주총회소집결의,티에스넥스젠
20250116000366,2025-01-16 16:49,세종메디칼,코스닥,[정정]주주총회소집결의(임시주주총회),세종메디칼
20250116000350,2025-01-16 16:36,휴림에이텍,코스닥,[정정]주주총회소집결의,휴림에이텍
20250116000245,2025-01-16 16:19,대양금속,유가증권,[정정]주주총회소집결의,대양금속
20250116000249,2025-01-16 16:06,케이이엠텍,코스닥,[정정]주주총회소집결의,케이이엠텍
20250116000224,2025-01-16 15:48,리파인,코스닥,[정정]주주총회소집결의(임시주주총회),리파인
20250116000170,2025-01-16 15:08,한송네오텍,코스닥,[정정]주주총회소집결의(임시주주총회),시스네오텍
20250116000132,2025-01-16 14:05,퀀타피아,코스닥,[정정]주주총회소집결의(임시주주총회),퀀타피아
20250115000607,2025-01-15 18:24,대양금속,유가증권,주주총회소집결의,대양금속
20250115000461,2025-01-15 16:49,디에스케이,코스닥,주주총회소집결의,디에스케이
20250115000305,2025-01-15 15:57,JTC,코스닥,주주총회소집결의(임시주주총회),제이티씨
20250114000541,2025-01-14 17:54,디와이디,코스닥,[정정]주주총회소집결의(임시주주총회),디와이디
20250114000412,2025-01-14 16:19,아미코젠,코스닥,[정정]주주총회소집결의,아미코젠
20250113000635,2025-01-13 18:01,아센디오,유가증권,[정정]주주총회소집결의,아센디오
20250113000524,2025-01-13 17:14,티사이언티픽,코스닥,주주총회소집결의(임시주주총회),티사이언티픽
20250110000646,2025-01-10 17:56,세토피아,코스닥,[정정]주주총회소집결의(임시주주총회),세토피아
20250110000468,2025-01-10 16:51,아센디오,유가증권,[정정]주주총회소집결의,아센디오
20250110000451,2025-01-10 16:36,하이퍼코퍼레이션,코스닥,주주총회소집결의,하이퍼코퍼레이션
20250110000386,2025-01-10 16:05,이미지스,코스닥,주주총회소집결의(임시주주총회),이미지스테크놀로지
20250110000302,2025-01-10 15:12,대신밸런스제15호스팩,코스닥,주주총회소집결의(임시주주총회),대신밸런스제15호기업인수목적
20250110000271,2025-01-10 15:04,JK리버스톤리츠,유가증권,[정정]주주총회소집결의,제이케이리버스톤자기관리부동산투자회사
20250110000177,2025-01-10 13:23,한국제14호스팩,코스닥,주주총회소집결의(임시주주총회),한국제14호기업인수목적
20250110000068,2025-01-10 09:51,오건에코텍,코넥스,[정정]주주총회소집 결의,오건에코텍
20250109000697,2025-01-09 17:39,아이톡시,코스닥,주주총회소집결의(임시주주총회),아이톡시
20250109000660,2025-01-09 17:00,다보링크,코스닥,[정정]주주총회소집결의(임시주주총회),다보링크
20250109000640,2025-01-09 16:50,프로브잇,코스닥,주주총회소집결의(임시주주총회),프로브잇
20250109000593,2025-01-09 16:34,더코디,코스닥,[정정]주주총회소집결의(임시주주총회),더코디
20250109000445,2025-01-09 15:56,삼미금속,코스닥,주주총회소집 결의,삼미금속
20250109000474,2025-01-09 15:53,쌍방울,유가증권,[정정]주주총회소집결의,쌍방울
20250109000418,2025-01-09 14:53,SKAI,코스닥,[정정]주주총회소집결의,스카이월드와이드
20250109000413,2025-01-09 14:48,강원에너지,코스닥,[정정]주주총회소집결의,강원에너지
20250109000314,2025-01-09 12:55,국도화학,유가증권,[정정]주주총회소집결의,국도화학
20250108000712,2025-01-08 17:18,엑시온그룹,코스닥,[정정]주주총회소집결의,엑시온그룹
20250108000684,2025-01-08 17:10,스피어,코스닥,[정정]주주총회소집결의,스피어코퍼레이션
20250108000675,2025-01-08 17:04,캐리,코스닥,[정정]주주총회소집결의(임시주주총회),캐리
20250108000624,2025-01-08 16:51,코스나인,코스닥,[정정]주주총회소집결의(임시주주총회),코스나인
20250108000570,2025-01-08 16:48,비투엔,코스닥,[정정]주주총회소집결의,비투엔
20250108000566,2025-01-08 16:29,아미코젠,코스닥,[정정]주주총회소집결의,아미코젠
20250108000442,2025-01-08 15:35,아미코젠,코스닥,주주총회소집결의,아미코젠
20250108000174,2025-01-08 11:33,DH오토넥스,유가증권,[정정]주주총회소집결의,디에이치오토넥스
20250107000573,2025-01-07 17:32,에쓰씨엔지니어링,유가증권,[정정]주주총회소집결의,에쓰씨엔지니어링
20250107000487,2025-01-07 16:52,바이온,코스닥,[정정]주주총회소집결의(임시주주총회),바이온
20250107000402,2025-01-07 16:13,아센디오,유가증권,[정정]주주총회소집결의,아센디오
20250106000606,2025-01-06 17:58,KB스타리츠,유가증권,주주총회소집결의,케이비스타위탁관리부동산투자회사
20250106000600,2025-01-06 17:52,제이케이시냅스,코스닥,[정정]주주총회소집결의,제이케이시냅스
20250106000540,2025-01-06 17:34,큐라티스,코스닥,주주총회소집결의,큐라티스
20250106000563,2025-01-06 17:25,에쓰씨엔지니어링,유가증권,[정정]주주총회소집결의,에쓰씨엔지니어링
20250106000484,2025-01-06 16:51,삼영이엔씨,코스닥,주주총회소집결의(임시주주총회),삼영이엔씨
20250106000127,2025-01-06 13:36,나노실리칸첨단소재,코스닥,[정정]주주총회소집결의(임시주주총회),나노실리칸첨단소재
20250103000743,2025-01-03 17:44,신테카바이오,코스닥,[정정]주주총회소집결의(임시주주총회),신테카바이오
20250102000508,2025-01-02 16:43,세종텔레콤,코스닥,주주총회소집결의(임시주주총회),세종텔레콤
20250102000330,2025-01-02 15:26,엠에프엠코리아,코스닥,주주총회소집결의(임시주주총회),엠에프엠코리아
20250102000183,2025-01-02 13:10,스타코링크,코스닥,주주총회소집결의(임시주주총회),스타코링크
