acptno,dt,corp_name,market,title,submitter
20260331004124,2026-03-31 17:26,피씨엘,코스닥,[정정]주주총회소집공고,피씨엘
20260331003706,2026-03-31 16:56,윙입푸드,코스닥,주주총회소집공고,윙입푸드홀딩스
20260331003109,2026-03-31 16:18,오리엔트바이오,유가증권,주주총회소집공고,오리엔트바이오
20260330002033,2026-03-30 17:12,티에프이,코스닥,[정정]주주총회소집공고,티에프이
20260330001988,2026-03-30 17:05,블루산업개발,유가증권,[정정]주주총회소집공고,블루산업개발
20260330001858,2026-03-30 16:50,엑시온그룹,코스닥,[정정]주주총회소집공고,엑시온그룹
20260330001220,2026-03-30 15:36,강원랜드,유가증권,주주총회소집공고,강원랜드
20260330000489,2026-03-30 12:06,가이아코퍼레이션,코넥스,[정정]주주총회소집공고,가이아코퍼레이션
20260327003005,2026-03-27 17:40,이노뎁,코스닥,[정정]주주총회소집공고,이노뎁
20260327002640,2026-03-27 16:58,엠젠솔루션,코스닥,[정정]주주총회소집공고,엠젠솔루션
20260327002465,2026-03-27 16:44,자연과환경,코스닥,[정정]주주총회소집공고,자연과환경
20260327002239,2026-03-27 16:22,엠엑스온,코스닥,[정정]주주총회소집공고,엠엑스온
20260327001989,2026-03-27 16:02,해성산업,코스닥,[정정]주주총회소집공고,해성산업
20260326003478,2026-03-26 17:59,오름테라퓨틱,코스닥,[정정]주주총회소집공고,오름테라퓨틱
20260326003262,2026-03-26 17:39,루트K,코스닥,[정정]주주총회소집공고,루트케이
20260326003117,2026-03-26 17:27,중앙첨단소재,코스닥,[정정]주주총회소집공고,중앙첨단소재
20260326003060,2026-03-26 17:23,셀레믹스,코스닥,[정정]주주총회소집공고,셀레믹스
20260326001158,2026-03-26 14:48,에스제이켐,코넥스,[정정]주주총회소집공고,에스제이켐
20260326000616,2026-03-26 13:24,산일전기,유가증권,[정정]주주총회소집공고,산일전기
20260326000376,2026-03-26 11:16,이스타코,유가증권,[정정]주주총회소집공고,이스타코
20260325000795,2026-03-25 15:42,대성하이텍,코스닥,[정정]주주총회소집공고,대성하이텍
20260325000515,2026-03-25 14:17,카스,코스닥,[정정]주주총회소집공고,카스
20260325000317,2026-03-25 11:30,DH오토웨어,코스닥,[정정]주주총회소집공고,디에이치오토웨어
20260325000312,2026-03-25 11:25,에이플러스에셋,유가증권,[정정]주주총회소집공고,에이플러스에셋어드바이저
20260325000279,2026-03-25 11:00,세미파이브,코스닥,[정정]주주총회소집공고,세미파이브
20260325000229,2026-03-25 10:34,백금T&A,코스닥,[정정]주주총회소집공고,백금티앤에이
20260325000145,2026-03-25 09:28,남화토건,코스닥,[정정]주주총회소집공고,남화토건
20260324001779,2026-03-25 07:30,사피엔반도체,코스닥,[정정]주주총회소집공고,사피엔반도체
20260324001514,2026-03-24 17:20,씨엠티엑스,코스닥,[정정]주주총회소집공고,씨엠티엑스
20260324000893,2026-03-24 15:35,아이엠지티,코넥스,[정정]주주총회소집공고,아이엠지티
20260324000834,2026-03-24 15:21,코렌텍,코스닥,[정정]주주총회소집공고,코렌텍
20260324000803,2026-03-24 15:15,우리바이오,코스닥,[정정]주주총회소집공고,우리바이오
20260324000761,2026-03-24 15:07,하이로닉,코스닥,[정정]주주총회소집공고,하이로닉
20260324000748,2026-03-24 15:03,우리엔터프라이즈,코스닥,[정정]주주총회소집공고,우리엔터프라이즈
20260324000445,2026-03-24 13:31,자이글,코스닥,[정정]주주총회소집공고,자이글
20260324000384,2026-03-24 12:56,우리이앤엘하루틴,코스닥,[정정]주주총회소집공고,우리이앤엘하루틴
20260324000381,2026-03-24 12:54,아이엠지티,코넥스,[정정]주주총회소집공고,아이엠지티
20260323002601,2026-03-24 07:30,에스피시스템스,코스닥,[정정]주주총회소집공고,에스피시스템스
20260323002561,2026-03-24 07:30,소마젠,코스닥,[정정]주주총회소집공고,소마젠
20260323002534,2026-03-24 07:30,드림씨아이에스,코스닥,[정정]주주총회소집공고,드림씨아이에스
20260323002356,2026-03-23 17:58,나노,코스닥,[정정]주주총회소집공고,나노
20260323002317,2026-03-23 17:54,NICE인프라,코스닥,[정정]주주총회소집공고,NICE인프라
20260323002129,2026-03-23 17:33,티케이케미칼,코스닥,[정정]주주총회소집공고,티케이케미칼
20260323002113,2026-03-23 17:31,팜젠사이언스,유가증권,[정정]주주총회소집공고,팜젠사이언스
20260323002085,2026-03-23 17:29,유니테크노,코스닥,[정정]주주총회소집공고,유니테크노
20260323002062,2026-03-23 17:26,페이퍼코리아,유가증권,[정정]주주총회소집공고,페이퍼코리아
20260323001963,2026-03-23 17:16,동양고속,유가증권,[정정]주주총회소집공고,동양고속
20260323001939,2026-03-23 17:14,코오롱글로벌,유가증권,[정정]주주총회소집공고,코오롱글로벌
20260323001840,2026-03-23 17:06,씨엑스아이,코스닥,주주총회소집공고,씨엑스아이헬스케어테크놀리지그룹리미티드
20260323001780,2026-03-23 17:01,이지스,코스닥,[정정]주주총회소집공고,이지스
20260323001605,2026-03-23 16:43,이수페타시스,유가증권,[정정]주주총회소집공고,이수페타시스
20260323001585,2026-03-23 16:41,KISCO홀딩스,유가증권,[정정]주주총회소집공고,KISCO홀딩스
20260323001584,2026-03-23 16:41,티에이치엔,유가증권,[정정]주주총회소집공고,티에이치엔
20260323001565,2026-03-23 16:39,한국철강,유가증권,[정정]주주총회소집공고,한국철강
20260323001563,2026-03-23 16:39,인팩,유가증권,[정정]주주총회소집공고,인팩
20260323001545,2026-03-23 16:37,태경산업,유가증권,[정정]주주총회소집공고,태경산업
20260323001480,2026-03-23 16:31,미래에셋생명,유가증권,[정정]주주총회소집공고,미래에셋생명보험
20260323001436,2026-03-23 16:26,엔피씨,유가증권,[정정]주주총회소집공고,엔피씨
20260323001341,2026-03-23 16:16,조광피혁,유가증권,[정정]주주총회소집공고,조광피혁
20260323001181,2026-03-23 15:59,NICE,유가증권,[정정]주주총회소집공고,NICE홀딩스
20260323001040,2026-03-23 15:43,엘브이엠씨,유가증권,[정정]주주총회소집공고,엘브이엠씨홀딩스
20260323000961,2026-03-23 15:33,에이엘티,코스닥,[정정]주주총회소집공고,에이엘티
20260323000787,2026-03-23 15:01,싸이토젠,코스닥,[정정]주주총회소집공고,싸이토젠
20260323000709,2026-03-23 14:40,대창단조,유가증권,[정정]주주총회소집공고,대창단조
20260323000591,2026-03-23 14:06,한국무브넥스,유가증권,[정정]주주총회소집공고,한국무브넥스
20260323000576,2026-03-23 14:02,풍전약품,코스닥,[정정]주주총회소집공고,풍전약품
20260323000342,2026-03-23 11:52,SK아이이테크놀로지,유가증권,[정정]주주총회소집공고,에스케이아이이테크놀로지
20260323000319,2026-03-23 11:34,한국특강,유가증권,[정정]주주총회소집공고,한국특강
20260323000170,2026-03-23 10:17,모아데이타,코스닥,[정정]주주총회소집공고,모아데이타
20260323000161,2026-03-23 10:07,주성엔지니어링,코스닥,[정정]주주총회소집공고,주성엔지니어링
20260323000009,2026-03-23 07:42,도이치모터스,코스닥,[정정]주주총회소집공고,도이치모터스
20260320002034,2026-03-23 07:30,티디에스팜,코스닥,[정정]주주총회소집공고,티디에스팜
20260320001998,2026-03-23 07:30,아우딘퓨쳐스,코스닥,[정정]주주총회소집공고,아우딘퓨쳐스
20260320001954,2026-03-23 07:30,한국쉘석유,유가증권,[정정]주주총회소집공고,한국쉘석유
20260320001950,2026-03-23 07:30,피씨엘,코스닥,[정정]주주총회소집공고,피씨엘
20260320001949,2026-03-20 18:00,라파스,코스닥,[정정]주주총회소집공고,라파스
20260320001947,2026-03-20 17:59,아우딘퓨쳐스,코스닥,[정정]주주총회소집공고,아우딘퓨쳐스
20260320001861,2026-03-20 17:43,케이이엠텍,코스닥,[정정]주주총회소집공고,케이이엠텍
20260320001849,2026-03-20 17:39,KR모터스,유가증권,[정정]주주총회소집공고,KR모터스
20260320001766,2026-03-20 17:26,남성,유가증권,[정정]주주총회소집공고,남성
20260320001761,2026-03-20 17:25,씨싸이트,코스닥,[정정]주주총회소집공고,씨싸이트
20260320001555,2026-03-20 16:58,선익시스템,코스닥,[정정]주주총회소집공고,선익시스템
20260320001456,2026-03-20 16:48,액토즈소프트,코스닥,[정정]주주총회소집공고,액토즈소프트
20260320001317,2026-03-20 16:29,헥토파이낸셜,코스닥,[정정]주주총회소집공고,헥토파이낸셜
20260320001234,2026-03-20 16:19,하나기술,코스닥,[정정]주주총회소집공고,하나기술
20260320001183,2026-03-20 16:12,APS이노베이션,코스닥,[정정]주주총회소집공고,APS이노베이션
20260320001114,2026-03-20 16:04,사조씨푸드,유가증권,[정정]주주총회소집공고,사조씨푸드
20260320001082,2026-03-20 16:00,레이저옵텍,코스닥,[정정]주주총회소집공고,레이저옵텍
20260320000916,2026-03-20 15:34,하이로닉,코스닥,[정정]주주총회소집공고,하이로닉
20260320000814,2026-03-20 15:15,포인트엔지니어링,코스닥,[정정]주주총회소집공고,포인트엔지니어링
20260320000807,2026-03-20 15:14,프럼파스트,코스닥,[정정]주주총회소집공고,프럼파스트
20260320000701,2026-03-20 14:49,모나용평,유가증권,[정정]주주총회소집공고,모나용평
20260320000596,2026-03-20 14:16,한화,유가증권,[정정]주주총회소집공고,한화
20260320000450,2026-03-20 13:30,제닉,코스닥,[정정]주주총회소집공고,제닉
20260320000280,2026-03-20 11:01,NICE평가정보,유가증권,[정정]주주총회소집공고,나이스평가정보
20260320000234,2026-03-20 10:41,프로이천,코스닥,[정정]주주총회소집공고,프로이천
20260319002140,2026-03-20 07:30,GS,유가증권,[정정]주주총회소집공고,GS
20260319002101,2026-03-20 07:30,KG이니시스,코스닥,[정정]주주총회소집공고,케이지이니시스
20260319002005,2026-03-19 17:53,동방,유가증권,[정정]주주총회소집공고,동방
20260319002001,2026-03-19 17:52,아톤,코스닥,[정정]주주총회소집공고,아톤
20260319001982,2026-03-19 17:49,이상네트웍스,코스닥,[정정]주주총회소집공고,이상네트웍스
20260319001979,2026-03-19 17:49,대양금속,유가증권,[정정]주주총회소집공고,대양금속
20260319001903,2026-03-19 17:40,케이피티유,코스닥,[정정]주주총회소집공고,케이피티유
20260319001864,2026-03-19 17:34,한국화장품,유가증권,[정정]주주총회소집공고,한국화장품
20260319001863,2026-03-19 17:34,토마토시스템,코스닥,[정정]주주총회소집공고,토마토시스템
20260319001772,2026-03-19 17:25,엔바이오니아,코스닥,[정정]주주총회소집공고,엔바이오니아
20260319001761,2026-03-19 17:24,한국화장품제조,유가증권,[정정]주주총회소집공고,한국화장품제조
20260319001730,2026-03-19 17:20,대원,코스닥,[정정]주주총회소집공고,대원
20260319001691,2026-03-19 17:15,재영솔루텍,코스닥,[정정]주주총회소집공고,재영솔루텍
20260319001688,2026-03-19 17:14,하이드로리튬,코스닥,[정정]주주총회소집공고,하이드로리튬
20260319001653,2026-03-19 17:09,이수스페셜티케미컬,유가증권,[정정]주주총회소집공고,이수스페셜티케미컬
20260319001549,2026-03-19 16:58,이수화학,유가증권,[정정]주주총회소집공고,이수화학
20260319001521,2026-03-19 16:55,스틱인베스트먼트,유가증권,[정정]주주총회소집공고,스틱인베스트먼트
20260319001483,2026-03-19 16:50,솔루엠,유가증권,[정정]주주총회소집공고,솔루엠
20260319001461,2026-03-19 16:48,유니온바이오메트릭스,코스닥,[정정]주주총회소집공고,유니온바이오메트릭스
20260319001238,2026-03-19 16:21,인포뱅크,코스닥,[정정]주주총회소집공고,인포뱅크
20260319001043,2026-03-19 15:58,세방전지,유가증권,[정정]주주총회소집공고,세방전지
20260319000934,2026-03-19 15:42,신라에스지,코스닥,[정정]주주총회소집공고,신라에스지
20260319000926,2026-03-19 15:41,비츠로넥스텍,코스닥,[정정]주주총회소집공고,비츠로넥스텍
20260319000891,2026-03-19 15:37,삼양케이씨아이,코스닥,[정정]주주총회소집공고,삼양케이씨아이
20260319000716,2026-03-19 14:56,스튜디오삼익,코스닥,[정정]주주총회소집공고,스튜디오삼익
20260319000577,2026-03-19 14:26,신라교역,유가증권,[정정]주주총회소집공고,신라교역
20260319000390,2026-03-19 13:34,솔루엠,유가증권,[정정]주주총회소집공고,솔루엠
20260319000313,2026-03-19 12:03,진양제약,코스닥,[정정]주주총회소집공고,진양제약
20260319000302,2026-03-19 11:41,그린리소스,코스닥,[정정]주주총회소집공고,그린리소스
20260319000285,2026-03-19 11:31,성광벤드,코스닥,[정정]주주총회소집공고,성광벤드
20260319000282,2026-03-19 11:29,엔시트론,코스닥,[정정]주주총회소집공고,엔시트론
20260319000264,2026-03-19 11:21,현대리바트,유가증권,[정정]주주총회소집공고,현대리바트
20260319000262,2026-03-19 11:19,온타이드,유가증권,[정정]주주총회소집공고,온타이드
20260319000069,2026-03-19 08:11,하나마이크론,코스닥,[정정]주주총회소집공고,하나마이크론
20260318002513,2026-03-19 07:30,세보엠이씨,코스닥,[정정]주주총회소집공고,세보엠이씨
20260318002484,2026-03-19 07:30,큐로홀딩스,코스닥,[정정]주주총회소집공고,큐로홀딩스
20260318002421,2026-03-19 07:30,이건홀딩스,코스닥,[정정]주주총회소집공고,이건홀딩스
20260318002372,2026-03-19 07:30,이건산업,유가증권,[정정]주주총회소집공고,이건산업
20260318002232,2026-03-18 17:49,이건산업,유가증권,[정정]주주총회소집공고,이건산업
20260318002226,2026-03-18 17:49,동원시스템즈,유가증권,[정정]주주총회소집공고,동원시스템즈
20260318002192,2026-03-18 17:45,지엔코,코스닥,[정정]주주총회소집공고,지엔코
20260318002160,2026-03-18 17:42,케이티스카이라이프,유가증권,[정정]주주총회소집공고,케이티스카이라이프
20260318002157,2026-03-18 17:42,코데즈컴바인,코스닥,[정정]주주총회소집공고,코데즈컴바인
20260318002133,2026-03-18 17:40,코리안리,유가증권,[정정]주주총회소집공고,코리안리재보험
20260318002008,2026-03-18 17:26,써니전자,유가증권,[정정]주주총회소집공고,써니전자
20260318001907,2026-03-18 17:18,시선AI,코스닥,[정정]주주총회소집공고,시선에이아이
20260318001896,2026-03-18 17:18,한컴,코스닥,[정정]주주총회소집공고,한컴
20260318001844,2026-03-18 17:13,태양금속공업,유가증권,[정정]주주총회소집공고,태양금속공업
20260318001794,2026-03-18 17:08,솔브레인홀딩스,코스닥,[정정]주주총회소집공고,솔브레인홀딩스
20260318001661,2026-03-18 16:57,삼보모터스,코스닥,[정정]주주총회소집공고,삼보모터스
20260318001610,2026-03-18 16:52,한창제지,유가증권,[정정]주주총회소집공고,한창제지
20260318001577,2026-03-18 16:48,동원산업,유가증권,[정정]주주총회소집공고,동원산업
20260318001575,2026-03-18 16:48,엠젠솔루션,코스닥,[정정]주주총회소집공고,엠젠솔루션
20260318001521,2026-03-18 16:41,삼양사,유가증권,[정정]주주총회소집공고,삼양사
20260318001417,2026-03-18 16:32,삼양홀딩스,유가증권,[정정]주주총회소집공고,삼양홀딩스
20260318001400,2026-03-18 16:31,인지소프트,코스닥,[정정]주주총회소집공고,인지소프트
20260318001360,2026-03-18 16:26,휴림에이텍,코스닥,[정정]주주총회소집공고,휴림에이텍
20260318001325,2026-03-18 16:23,에스오에스랩,코스닥,[정정]주주총회소집공고,에스오에스랩
20260318001313,2026-03-18 16:22,수산세보틱스,유가증권,[정정]주주총회소집공고,수산세보틱스
20260318001216,2026-03-18 16:11,우신시스템,유가증권,[정정]주주총회소집공고,우신시스템
20260318001157,2026-03-18 16:04,오리온홀딩스,유가증권,[정정]주주총회소집공고,오리온홀딩스
20260318001091,2026-03-18 15:58,다이나믹디자인,유가증권,[정정]주주총회소집공고,다이나믹디자인
20260318001057,2026-03-18 15:53,MDS스피어,유가증권,[정정]주주총회소집공고,MDS스피어
20260318000993,2026-03-18 15:45,신성이엔지,유가증권,[정정]주주총회소집공고,신성이엔지
20260318000983,2026-03-18 15:45,패션플랫폼,코스닥,[정정]주주총회소집공고,패션플랫폼
20260318000932,2026-03-18 15:38,대보마그네틱,코스닥,[정정]주주총회소집공고,대보마그네틱
20260318000916,2026-03-18 15:37,에이치피오,코스닥,[정정]주주총회소집공고,에이치피오
20260318000893,2026-03-18 15:34,보해양조,유가증권,[정정]주주총회소집공고,보해양조
20260318000812,2026-03-18 15:21,오리온,유가증권,[정정]주주총회소집공고,오리온
20260318000772,2026-03-18 15:14,우리산업홀딩스,코스닥,[정정]주주총회소집공고,우리산업홀딩스
20260318000762,2026-03-18 15:12,크레오에스지,코스닥,[정정]주주총회소집공고,크레오에스지
20260318000719,2026-03-18 15:02,산일전기,유가증권,[정정]주주총회소집공고,산일전기
20260318000638,2026-03-18 14:46,민테크,코스닥,[정정]주주총회소집공고,민테크
20260318000609,2026-03-18 14:40,LG헬로비전,유가증권,[정정]주주총회소집공고,엘지헬로비전
20260318000549,2026-03-18 14:27,삼영무역,유가증권,[정정]주주총회소집공고,삼영무역
20260318000443,2026-03-18 14:05,코스맥스,유가증권,[정정]주주총회소집공고,코스맥스
20260318000435,2026-03-18 14:03,DH오토리드,코스닥,[정정]주주총회소집공고,디에이치오토리드
20260318000360,2026-03-18 13:36,파라택시스이더리움,코스닥,[정정]주주총회소집공고,파라택시스이더리움
20260318000356,2026-03-18 13:35,셀레믹스,코스닥,[정정]주주총회소집공고,셀레믹스
20260318000186,2026-03-18 10:55,아미코젠,코스닥,[정정]주주총회소집공고,아미코젠
20260318000154,2026-03-18 10:33,에코마케팅,코스닥,[정정]주주총회소집공고,에코마케팅
20260318000093,2026-03-18 09:22,아스플로,코스닥,[정정]주주총회소집공고,아스플로
20260317001270,2026-03-17 17:54,와이엠텍,코스닥,[정정]주주총회소집공고,와이엠텍
20260317001219,2026-03-17 17:41,흥아해운,유가증권,[정정]주주총회소집공고,흥아해운
20260317001195,2026-03-17 17:33,유바이오로직스,코스닥,[정정]주주총회소집공고,유바이오로직스
20260317001158,2026-03-17 17:26,모다이노칩,코스닥,[정정]주주총회소집공고,모다이노칩
20260317001095,2026-03-17 17:10,HLB파나진,코스닥,[정정]주주총회소집공고,에이치엘비파나진
20260317001064,2026-03-17 17:04,리드코프,코스닥,[정정]주주총회소집공고,리드코프
20260317001051,2026-03-17 17:01,액트로,코스닥,[정정]주주총회소집공고,액트로
20260317001041,2026-03-17 16:59,수성웹툰,코스닥,[정정]주주총회소집공고,수성웹툰
20260317001002,2026-03-17 16:51,아이티엠반도체,코스닥,[정정]주주총회소집공고,아이티엠반도체
20260317001001,2026-03-17 16:51,대한해운,유가증권,[정정]주주총회소집공고,대한해운
20260317000890,2026-03-17 16:34,에스바이오메딕스,코스닥,[정정]주주총회소집공고,에스바이오메딕스
20260317000884,2026-03-17 16:32,화승코퍼레이션,유가증권,[정정]주주총회소집공고,화승코퍼레이션
20260317000792,2026-03-17 16:12,SFA,코스닥,[정정]주주총회소집공고,에스에프에이
20260317000790,2026-03-17 16:12,케이엠제약,코스닥,[정정]주주총회소집공고,케이엠제약
20260317000785,2026-03-17 16:12,KG케미칼,유가증권,[정정]주주총회소집공고,KG케미칼
20260317000779,2026-03-17 16:11,셀레믹스,코스닥,[정정]주주총회소집공고,셀레믹스
20260317000771,2026-03-17 16:10,심텍홀딩스,코스닥,[정정]주주총회소집공고,심텍홀딩스
20260317000718,2026-03-17 15:59,씨알푸드,코넥스,[정정]주주총회소집공고,씨알푸드
20260317000702,2026-03-17 15:55,HL홀딩스,유가증권,[정정]주주총회소집공고,에이치엘홀딩스
20260317000698,2026-03-17 15:55,그린플러스,코스닥,[정정]주주총회소집공고,그린플러스
20260317000642,2026-03-17 15:41,벡트,코스닥,[정정]주주총회소집공고,벡트
20260317000626,2026-03-17 15:35,제일일렉트릭,코스닥,[정정]주주총회소집공고,제일일렉트릭
20260317000611,2026-03-17 15:28,동일산업,유가증권,[정정]주주총회소집공고,동일산업
20260317000606,2026-03-17 15:27,성원에너텍,코스닥,[정정]주주총회소집공고,성원에너텍
20260317000585,2026-03-17 15:20,로젠,코스닥,[정정]주주총회소집공고,로젠
20260317000574,2026-03-17 15:16,삼정펄프,유가증권,[정정]주주총회소집공고,삼정펄프
20260317000527,2026-03-17 14:55,케일럼,코스닥,[정정]주주총회소집공고,케일럼
20260317000520,2026-03-17 14:50,일진디스플,유가증권,[정정]주주총회소집공고,일진디스플레이
20260317000515,2026-03-17 14:46,지아이에스,코스닥,[정정]주주총회소집공고,지아이에스
20260317000485,2026-03-17 14:29,금양,유가증권,[정정]주주총회소집공고,금양
20260317000483,2026-03-17 14:29,NH투자증권,유가증권,[정정]주주총회소집공고,엔에이치투자증권
20260317000481,2026-03-17 14:28,아진전자부품,유가증권,[정정]주주총회소집공고,아진전자부품
20260317000474,2026-03-17 14:25,이오플로우,코스닥,[정정]주주총회소집공고,이오플로우
20260317000473,2026-03-17 14:25,CNT85,코스닥,[정정]주주총회소집공고,씨앤티85
20260317000427,2026-03-17 14:01,갤럭시아에스엠,유가증권,[정정]주주총회소집공고,갤럭시아 에스엠
20260317000408,2026-03-17 13:53,대진첨단소재,코스닥,[정정]주주총회소집공고,대진첨단소재
20260317000400,2026-03-17 13:49,켄코아에어로스페이스,코스닥,[정정]주주총회소집공고,켄코아에어로스페이스
20260317000369,2026-03-17 13:36,삼보산업,코스닥,[정정]주주총회소집공고,삼보산업
20260317000352,2026-03-17 13:21,지엠비코리아,유가증권,[정정]주주총회소집공고,지엠비코리아
20260317000350,2026-03-17 13:21,영우디에스피,코스닥,[정정]주주총회소집공고,영우디에스피
20260317000341,2026-03-17 13:13,일진파워,코스닥,[정정]주주총회소집공고,일진파워
20260317000316,2026-03-17 12:06,삼보산업,코스닥,[정정]주주총회소집공고,삼보산업
20260317000298,2026-03-17 11:26,제너셈,코스닥,[정정]주주총회소집공고,제너셈
20260317000270,2026-03-17 11:05,베셀,코스닥,[정정]주주총회소집공고,베셀
20260317000200,2026-03-17 10:22,카스,코스닥,[정정]주주총회소집공고,카스
20260317000196,2026-03-17 10:21,켐트로스,코스닥,[정정]주주총회소집공고,켐트로스
20260317000183,2026-03-17 10:09,옵트론텍,코스닥,[정정]주주총회소집공고,옵트론텍
20260317000177,2026-03-17 10:02,인지디스플레,코스닥,[정정]주주총회소집공고,인지디스플레이
20260317000170,2026-03-17 09:59,에코마케팅,코스닥,[정정]주주총회소집공고,에코마케팅
20260317000147,2026-03-17 09:45,삼익악기,유가증권,[정정]주주총회소집공고,삼익악기
20260317000142,2026-03-17 09:40,달바글로벌,유가증권,[정정]주주총회소집공고,달바글로벌
20260317000082,2026-03-17 08:55,대호에이엘,유가증권,[정정]주주총회소집공고,대호에이엘
20260317000021,2026-03-17 07:55,다원시스,코스닥,주주총회소집공고,다원시스
20260317000017,2026-03-17 07:43,엔시트론,코스닥,주주총회소집공고,엔시트론
20260317000007,2026-03-17 07:32,메타바이오메드,코스닥,주주총회소집공고,메타바이오메드
20260317000006,2026-03-17 07:32,베셀,코스닥,주주총회소집공고,베셀
20260317000001,2026-03-17 07:30,셀루메드,코스닥,주주총회소집공고,셀루메드
20260316002778,2026-03-17 07:30,인지디스플레,코스닥,주주총회소집공고,인지디스플레이
20260316002775,2026-03-17 07:30,FSN,코스닥,주주총회소집공고,에프에스엔
20260316002774,2026-03-17 07:30,아이엘,코스닥,주주총회소집공고,아이엘
20260316002772,2026-03-17 07:30,자이글,코스닥,[정정]주주총회소집공고,자이글
20260316002768,2026-03-17 07:30,케이이엠텍,코스닥,주주총회소집공고,케이이엠텍
20260316002763,2026-03-17 07:30,엔브이에이치코리아,코스닥,주주총회소집공고,엔브이에이치코리아
20260316002759,2026-03-17 07:30,액토즈소프트,코스닥,주주총회소집공고,액토즈소프트
20260316002745,2026-03-17 07:30,DKME,유가증권,주주총회소집공고,디케이엠이
20260316002743,2026-03-17 07:30,에코마케팅,코스닥,주주총회소집공고,에코마케팅
20260316002738,2026-03-17 07:30,아우토크립트,코스닥,주주총회소집공고,아우토크립트
20260316002736,2026-03-17 07:30,범한퓨얼셀,코스닥,주주총회소집공고,범한퓨얼셀
20260316002705,2026-03-17 07:30,아우딘퓨쳐스,코스닥,주주총회소집공고,아우딘퓨쳐스
20260316002697,2026-03-17 07:30,엠에프씨,코스닥,주주총회소집공고,엠에프씨
20260316002696,2026-03-17 07:30,인벤티지랩,코스닥,주주총회소집공고,인벤티지랩
20260316002680,2026-03-17 07:30,이지바이오,코스닥,주주총회소집공고,이지바이오
20260316002679,2026-03-17 07:30,팜스토리,코스닥,주주총회소집공고,팜스토리
20260316002678,2026-03-17 07:30,제이케이시냅스,코스닥,주주총회소집공고,제이케이시냅스
20260316002676,2026-03-17 07:30,솔루엠,유가증권,주주총회소집공고,솔루엠
20260316002657,2026-03-17 07:30,비츠로테크,코스닥,주주총회소집공고,비츠로테크
20260316002653,2026-03-17 07:30,제일엠앤에스,코스닥,주주총회소집공고,제일엠앤에스
20260316002587,2026-03-17 07:30,글로본,코스닥,주주총회소집공고,글로본
20260316002586,2026-03-17 07:30,글로벌에스엠,코스닥,주주총회소집공고,글로벌에스엠테크리미티드
20260316002579,2026-03-17 07:30,파라택시스코리아,코스닥,주주총회소집공고,파라택시스 코리아
20260316002577,2026-03-17 07:30,에프엔씨엔터,코스닥,[정정]주주총회소집공고,에프엔씨엔터테인먼트
20260316002576,2026-03-17 07:30,리파인,코스닥,주주총회소집공고,리파인
20260316002570,2026-03-17 07:30,카이노스메드,코스닥,주주총회소집공고,카이노스메드
20260316002566,2026-03-17 07:30,이엘씨,코스닥,[정정]주주총회소집공고,이엘씨
20260316002565,2026-03-17 07:30,하이퍼코퍼레이션,코스닥,주주총회소집공고,하이퍼코퍼레이션
20260316002559,2026-03-17 07:30,넥스턴앤롤코리아,코스닥,주주총회소집공고,넥스턴앤롤코리아
20260316002561,2026-03-16 18:00,차바이오텍,코스닥,주주총회소집공고,차바이오텍
20260316002558,2026-03-16 18:00,엔켐,코스닥,주주총회소집공고,엔켐
20260316002553,2026-03-16 18:00,엔투텍,코스닥,주주총회소집공고,엔투텍
20260316002552,2026-03-16 18:00,세원물산,코스닥,주주총회소집공고,세원물산
20260316002551,2026-03-16 18:00,알엔투테크놀로지,코스닥,주주총회소집공고,알엔투테크놀로지
20260316002549,2026-03-16 18:00,창대정밀,코넥스,주주총회소집공고,창대정밀
20260316002548,2026-03-16 18:00,제이오,코스닥,주주총회소집공고,제이오
20260316002546,2026-03-16 17:59,대진첨단소재,코스닥,주주총회소집공고,대진첨단소재
20260316002545,2026-03-16 17:59,와이바이오로직스,코스닥,주주총회소집공고,와이바이오로직스
20260316002543,2026-03-16 17:59,대보마그네틱,코스닥,주주총회소집공고,대보마그네틱
20260316002538,2026-03-16 17:59,솔브레인,코스닥,[정정]주주총회소집공고,솔브레인
20260316002535,2026-03-16 17:59,시큐브,코스닥,주주총회소집공고,시큐브
20260316002531,2026-03-16 17:58,아크솔루션스,코스닥,주주총회소집공고,아크솔루션스
20260316002527,2026-03-16 17:57,자연과환경,코스닥,주주총회소집공고,자연과환경
20260316002525,2026-03-16 17:57,제이스코홀딩스,코스닥,주주총회소집공고,제이스코홀딩스
20260316002522,2026-03-16 17:57,자이글,코스닥,주주총회소집공고,자이글
20260316002521,2026-03-16 17:56,에스팀,코스닥,주주총회소집공고,에스팀
20260316002520,2026-03-16 17:56,바이온,코스닥,주주총회소집공고,바이온
20260316002515,2026-03-16 17:55,체시스,유가증권,[정정]주주총회소집공고,체시스
20260316002511,2026-03-16 17:55,마이크로디지탈,코스닥,주주총회소집공고,마이크로디지탈
20260316002508,2026-03-16 17:54,브이원텍,코스닥,주주총회소집공고,브이원텍
20260316002505,2026-03-16 17:54,화인베스틸,유가증권,[정정]주주총회소집공고,화인베스틸
20260316002502,2026-03-16 17:54,에이에스텍,코스닥,주주총회소집공고,에이에스텍
20260316002493,2026-03-16 17:53,엠에스오토텍,코스닥,주주총회소집공고,엠에스오토텍
20260316002488,2026-03-16 17:53,앱튼,코스닥,주주총회소집공고,앱튼
20260316002482,2026-03-16 17:52,플럼라인생명과학,코넥스,주주총회소집공고,플럼라인생명과학
20260316002478,2026-03-16 17:52,에코캡,코스닥,주주총회소집공고,에코캡
20260316002477,2026-03-16 17:52,피노,코스닥,주주총회소집공고,피노
20260316002476,2026-03-16 17:52,삼진엘앤디,코스닥,주주총회소집공고,삼진엘앤디
20260316002473,2026-03-16 17:51,아즈텍WB,코스닥,주주총회소집공고,아즈텍더블유비이
20260316002472,2026-03-16 17:51,우듬지팜,코스닥,주주총회소집공고,농업회사법인 우듬지팜
20260316002467,2026-03-16 17:51,서진시스템,코스닥,주주총회소집공고,서진시스템
20260316002465,2026-03-16 17:50,셀바이오휴먼텍,코스닥,[정정]주주총회소집공고,셀바이오휴먼텍
20260316002463,2026-03-16 17:50,폴라리스오피스,코스닥,주주총회소집공고,폴라리스오피스
20260316002460,2026-03-16 17:50,인콘,코스닥,주주총회소집공고,인콘
20260316002459,2026-03-16 17:50,코퍼스코리아,코스닥,주주총회소집공고,코퍼스코리아
20260316002450,2026-03-16 17:49,코세스,코스닥,주주총회소집공고,코세스
20260316002449,2026-03-16 17:49,핸즈코퍼레이션,유가증권,주주총회소집공고,핸즈코퍼레이션
20260316002442,2026-03-16 17:49,비츠로넥스텍,코스닥,주주총회소집공고,비츠로넥스텍
20260316002439,2026-03-16 17:48,케이바이오랩스,코스닥,주주총회소집공고,케이바이오랩스
20260316002427,2026-03-16 17:48,SBS,유가증권,[정정]주주총회소집공고,SBS
20260316002421,2026-03-16 17:47,BF랩스,코스닥,주주총회소집공고,비에프랩스
20260316002418,2026-03-16 17:47,피아이이,코스닥,주주총회소집공고,피아이이
20260316002411,2026-03-16 17:46,루트K,코스닥,주주총회소집공고,루트케이
20260316002410,2026-03-16 17:46,켄코아에어로스페이스,코스닥,주주총회소집공고,켄코아에어로스페이스
20260316002407,2026-03-16 17:46,삼영이엔씨,코스닥,주주총회소집공고,삼영이엔씨
20260316002406,2026-03-16 17:46,이지홀딩스,코스닥,주주총회소집공고,이지홀딩스
20260316002402,2026-03-16 17:45,달바글로벌,유가증권,주주총회소집공고,달바글로벌
20260316002387,2026-03-16 17:43,대산F&B,코스닥,주주총회소집공고,대산에프앤비
20260316002380,2026-03-16 17:43,캐리,코스닥,주주총회소집공고,캐리
20260316002378,2026-03-16 17:43,디에이치엑스컴퍼니,코스닥,주주총회소집공고,디에이치엑스컴퍼니
20260316002377,2026-03-16 17:43,싸이버원,코스닥,주주총회소집공고,싸이버원
20260316002375,2026-03-16 17:43,대호에이엘,유가증권,주주총회소집공고,대호에이엘
20260316002368,2026-03-16 17:42,화승알앤에이,유가증권,주주총회소집공고,화승알앤에이
20260316002363,2026-03-16 17:42,케이씨씨,유가증권,[정정]주주총회소집공고,케이씨씨
20260316002357,2026-03-16 17:41,압타바이오,코스닥,주주총회소집공고,압타바이오
20260316002336,2026-03-16 17:39,셀레믹스,코스닥,주주총회소집공고,셀레믹스
20260316002333,2026-03-16 17:39,NICE인프라,코스닥,[정정]주주총회소집공고,NICE인프라
20260316002332,2026-03-16 17:39,아미코젠,코스닥,[정정]주주총회소집공고,아미코젠
20260316002328,2026-03-16 17:38,에이프로젠,유가증권,주주총회소집공고,에이프로젠
20260316002319,2026-03-16 17:37,다원넥스뷰,코스닥,주주총회소집공고,다원넥스뷰
20260316002317,2026-03-16 17:36,휴스틸,유가증권,주주총회소집공고,휴스틸
20260316002312,2026-03-16 17:36,제이에스링크,코스닥,주주총회소집공고,제이에스링크
20260316002302,2026-03-16 17:35,휴온스글로벌,코스닥,주주총회소집공고,휴온스글로벌
20260316002296,2026-03-16 17:34,핑거,코스닥,주주총회소집공고,㈜핑거
20260316002290,2026-03-16 17:34,더코디,코스닥,[정정]주주총회소집공고,더코디
20260316002273,2026-03-16 17:33,형지글로벌,코스닥,주주총회소집공고,형지글로벌
20260316002264,2026-03-16 17:32,플래스크,코스닥,주주총회소집공고,플래스크
20260316002263,2026-03-16 17:32,티피씨글로벌,코스닥,[정정]주주총회소집공고,티피씨
20260316002262,2026-03-16 17:31,에스피시스템스,코스닥,주주총회소집공고,에스피시스템스
20260316002257,2026-03-16 17:31,나노실리칸첨단소재,코스닥,[정정]주주총회소집공고,나노실리칸첨단소재
20260316002254,2026-03-16 17:31,경동인베스트,유가증권,[정정]주주총회소집공고,경동인베스트
20260316002252,2026-03-16 17:31,젝시믹스,코스닥,주주총회소집공고,젝시믹스
20260316002250,2026-03-16 17:31,삼보산업,코스닥,주주총회소집공고,삼보산업
20260316002248,2026-03-16 17:31,에스에스알,코스닥,[정정]주주총회소집공고,에스에스알
20260316002244,2026-03-16 17:30,블루산업개발,유가증권,[정정]주주총회소집공고,블루산업개발
20260316002239,2026-03-16 17:30,콜마바이오텍,코스닥,주주총회소집공고,콜마바이오텍
20260316002237,2026-03-16 17:30,ES큐브,코스닥,주주총회소집공고,ES큐브
20260316002233,2026-03-16 17:29,앤로보틱스,코스닥,주주총회소집공고,앤로보틱스
20260316002226,2026-03-16 17:28,엑시온그룹,코스닥,주주총회소집공고,엑시온그룹
20260316002223,2026-03-16 17:27,머니무브,코넥스,주주총회소집공고,머니무브
20260316002216,2026-03-16 17:27,알피바이오,코스닥,주주총회소집공고,알피바이오
20260316002205,2026-03-16 17:26,SFA반도체,코스닥,주주총회소집공고,에스에프에이반도체
20260316002183,2026-03-16 17:24,유나이티드,유가증권,[정정]주주총회소집공고,한국유나이티드제약
20260316002176,2026-03-16 17:23,다산디엠씨,코스닥,주주총회소집공고,다산디엠씨
20260316002174,2026-03-16 17:23,아미코젠,코스닥,주주총회소집공고,아미코젠
20260316002166,2026-03-16 17:22,다보링크,코스닥,주주총회소집공고,다보링크
20260316002165,2026-03-16 17:22,얼라인드,코스닥,주주총회소집공고,얼라인드제네틱스
20260316002160,2026-03-16 17:22,리튬포어스,코스닥,[정정]주주총회소집공고,리튬포어스
20260316002153,2026-03-16 17:21,바이오니아,코스닥,[정정]주주총회소집공고,바이오니아
20260316002147,2026-03-16 17:21,코나솔,코넥스,주주총회소집공고,코나솔
20260316002143,2026-03-16 17:21,스코넥,코스닥,주주총회소집공고,스코넥엔터테인먼트
20260316002133,2026-03-16 17:20,셀피글로벌,코스닥,주주총회소집공고,셀피글로벌
20260316002123,2026-03-16 17:19,세븐브로이맥주,코넥스,주주총회소집공고,세븐브로이맥주
20260316002115,2026-03-16 17:19,피플바이오,코스닥,주주총회소집공고,피플바이오
20260316002110,2026-03-16 17:18,일승,코스닥,주주총회소집공고,일승
20260316002105,2026-03-16 17:18,큐라티스,코스닥,주주총회소집공고,큐라티스
20260316002102,2026-03-16 17:18,케이엠제약,코스닥,주주총회소집공고,케이엠제약
20260316002096,2026-03-16 17:17,엠플러스,코스닥,[정정]주주총회소집공고,엠플러스
20260316002094,2026-03-16 17:17,DB하이텍,유가증권,[정정]주주총회소집공고,DB하이텍
20260316002081,2026-03-16 17:16,페이퍼코리아,유가증권,주주총회소집공고,페이퍼코리아
20260316002075,2026-03-16 17:15,비보존 제약,코스닥,주주총회소집공고,비보존제약
20260316002067,2026-03-16 17:15,위지트,코스닥,주주총회소집공고,위지트
20260316002059,2026-03-16 17:14,네오리진,코스닥,주주총회소집공고,네오리진
20260316002057,2026-03-16 17:14,골드앤에스,코스닥,주주총회소집공고,골드앤에스
20260316002054,2026-03-16 17:14,아이로보틱스,코스닥,주주총회소집공고,아이로보틱스
20260316002053,2026-03-16 17:14,태경산업,유가증권,주주총회소집공고,태경산업
20260316002048,2026-03-16 17:13,알파AI,코스닥,주주총회소집공고,알파에이아이
20260316002045,2026-03-16 17:13,NICE,유가증권,주주총회소집공고,NICE홀딩스
20260316002044,2026-03-16 17:13,애드바이오텍,코스닥,주주총회소집공고,애드바이오텍
20260316002040,2026-03-16 17:12,LSK아이로봇,코스닥,주주총회소집공고,엘에스케이아이로봇
20260316002036,2026-03-16 17:12,TS트릴리온,코스닥,주주총회소집공고,티에스트릴리온
20260316002035,2026-03-16 17:12,옵티코어,코스닥,주주총회소집공고,옵티코어
20260316002023,2026-03-16 17:11,드래곤플라이,코스닥,주주총회소집공고,드래곤플라이
20260316002018,2026-03-16 17:10,KG케미칼,유가증권,주주총회소집공고,KG케미칼
20260316002017,2026-03-16 17:10,농심,유가증권,[정정]주주총회소집공고,농심
20260316002003,2026-03-16 17:08,DYP,유가증권,주주총회소집공고,디와이피
20260316002000,2026-03-16 17:08,오션인더블유,코스닥,주주총회소집공고,오션인더블유
20260316001999,2026-03-16 17:08,제이앤티씨,코스닥,주주총회소집공고,제이앤티씨
20260316001998,2026-03-16 17:08,블랙야크아이앤씨,코스닥,주주총회소집공고,블랙야크아이앤씨
20260316001985,2026-03-16 17:07,빌리언스,코스닥,주주총회소집공고,빌리언스
20260316001983,2026-03-16 17:06,씨씨에스,코스닥,주주총회소집공고,씨씨에스충북방송
20260316001959,2026-03-16 17:04,CJ씨푸드,유가증권,주주총회소집공고,CJ씨푸드
20260316001951,2026-03-16 17:03,디와이디,코스닥,주주총회소집공고,디와이디
20260316001950,2026-03-16 17:03,노을,코스닥,주주총회소집공고,노을
20260316001946,2026-03-16 17:03,보령,유가증권,주주총회소집공고,보령
20260316001944,2026-03-16 17:02,코오롱,유가증권,주주총회소집공고,코오롱
20260316001942,2026-03-16 17:02,알테오젠,코스닥,주주총회소집공고,알테오젠
20260316001907,2026-03-16 16:59,CSA 코스믹,코스닥,주주총회소집공고,씨에스에이코스믹
20260316001906,2026-03-16 16:59,제일일렉트릭,코스닥,주주총회소집공고,제일일렉트릭
20260316001892,2026-03-16 16:57,한미사이언스,유가증권,주주총회소집공고,한미사이언스
20260316001891,2026-03-16 16:57,유에스티,코스닥,주주총회소집공고,유에스티
20260316001880,2026-03-16 16:55,DB,유가증권,주주총회소집공고,DB Inc.
20260316001876,2026-03-16 16:55,한전기술,유가증권,주주총회소집공고,한국전력기술
20260316001868,2026-03-16 16:54,STX,유가증권,주주총회소집공고,STX
20260316001865,2026-03-16 16:54,노브랜드,코스닥,주주총회소집공고,노브랜드
20260316001861,2026-03-16 16:54,씨앗,코넥스,주주총회소집공고,씨앗
20260316001849,2026-03-16 16:53,THE E&M,코스닥,주주총회소집공고,더이앤엠
20260316001847,2026-03-16 16:53,남선알미늄,유가증권,주주총회소집공고,남선알미늄
20260316001846,2026-03-16 16:52,휴온스,코스닥,주주총회소집공고,휴온스
20260316001810,2026-03-16 16:52,SCL사이언스,코스닥,주주총회소집공고,에스씨엘사이언스
20260316001808,2026-03-16 16:52,모아라이프플러스,코스닥,주주총회소집공고,모아라이프플러스
20260316001801,2026-03-16 16:51,한미약품,유가증권,주주총회소집공고,한미약품
20260316001799,2026-03-16 16:51,뷰웍스,코스닥,주주총회소집공고,뷰웍스
20260316001792,2026-03-16 16:51,웨이브일렉트로,코스닥,주주총회소집공고,웨이브일렉트로닉스
20260316001780,2026-03-16 16:50,KC그린홀딩스,유가증권,주주총회소집공고,케이씨그린홀딩스
20260316001777,2026-03-16 16:50,갤럭시아머니트리,코스닥,주주총회소집공고,갤럭시아머니트리
20260316001770,2026-03-16 16:49,벽산,유가증권,주주총회소집공고,벽산
20260316001767,2026-03-16 16:49,씨앤지하이테크,코스닥,주주총회소집공고,씨앤지하이테크
20260316001764,2026-03-16 16:48,조선선재,유가증권,주주총회소집공고,조선선재
20260316001739,2026-03-16 16:44,해성옵틱스,코스닥,주주총회소집공고,해성옵틱스
20260316001729,2026-03-16 16:43,인포뱅크,코스닥,[정정]주주총회소집공고,인포뱅크
20260316001725,2026-03-16 16:43,한국특강,유가증권,주주총회소집공고,한국특강
20260316001702,2026-03-16 16:41,아이윈,코스닥,주주총회소집공고,아이윈
20260316001692,2026-03-16 16:39,크리스에프앤씨,코스닥,주주총회소집공고,크리스에프앤씨
20260316001677,2026-03-16 16:38,한울반도체,코스닥,주주총회소집공고,한울반도체
20260316001675,2026-03-16 16:38,세중,코스닥,주주총회소집공고,세중
20260316001673,2026-03-16 16:38,SFA넥셀,코스닥,주주총회소집공고,에스에프에이넥셀
20260316001672,2026-03-16 16:38,프롬바이오,코스닥,주주총회소집공고,프롬바이오
20260316001671,2026-03-16 16:38,이엔플러스,유가증권,주주총회소집공고,이엔플러스
20260316001669,2026-03-16 16:37,윌비스,유가증권,주주총회소집공고,윌비스
20260316001668,2026-03-16 16:37,디에스케이,코스닥,주주총회소집공고,디에스케이
20260316001665,2026-03-16 16:37,에스트래픽,코스닥,[정정]주주총회소집공고,에스트래픽
20260316001661,2026-03-16 16:37,이오테크닉스,코스닥,주주총회소집공고,이오테크닉스
20260316001653,2026-03-16 16:36,탑런토탈솔루션,코스닥,[정정]주주총회소집공고,탑런토탈솔루션
20260316001651,2026-03-16 16:35,진코스텍,코넥스,주주총회소집공고,진코스텍
20260316001649,2026-03-16 16:35,CS홀딩스,유가증권,주주총회소집공고,CS 홀딩스
20260316001643,2026-03-16 16:35,휴마시스,코스닥,주주총회소집공고,휴마시스
20260316001635,2026-03-16 16:34,광무,코스닥,주주총회소집공고,광무
20260316001627,2026-03-16 16:33,미트박스,코스닥,주주총회소집공고,미트박스글로벌
20260316001624,2026-03-16 16:33,체리부로,코스닥,주주총회소집공고,체리부로
20260316001622,2026-03-16 16:32,티에프이,코스닥,주주총회소집공고,티에프이
20260316001614,2026-03-16 16:31,드림씨아이에스,코스닥,주주총회소집공고,드림씨아이에스
20260316001609,2026-03-16 16:31,DH오토웨어,코스닥,주주총회소집공고,디에이치오토웨어
20260316001605,2026-03-16 16:30,본시스템즈,코넥스,[정정]주주총회소집공고,본시스템즈
20260316001604,2026-03-16 16:30,그리드위즈,코스닥,주주총회소집공고,그리드위즈
20260316001601,2026-03-16 16:30,미래아이앤지,유가증권,주주총회소집공고,미래아이앤지
20260316001598,2026-03-16 16:30,덕산테코피아,코스닥,주주총회소집공고,덕산테코피아
20260316001597,2026-03-16 16:30,오리콤,코스닥,주주총회소집공고,오리콤
20260316001596,2026-03-16 16:30,블루엠텍,코스닥,주주총회소집공고,블루엠텍
20260316001582,2026-03-16 16:28,케이티,유가증권,[정정]주주총회소집공고,케이티
20260316001569,2026-03-16 16:27,엣지파운드리,코스닥,주주총회소집공고,엣지파운드리
20260316001558,2026-03-16 16:25,스튜디오산타클로스,코스닥,주주총회소집공고,로아앤코홀딩스
20260316001552,2026-03-16 16:24,덕우전자,코스닥,주주총회소집공고,덕우전자
20260316001551,2026-03-16 16:24,이삭엔지니어링,코스닥,주주총회소집공고,이삭엔지니어링
20260316001545,2026-03-16 16:24,인지컨트롤스,유가증권,주주총회소집공고,인지컨트롤스
20260316001543,2026-03-16 16:24,비비안,유가증권,주주총회소집공고,비비안
20260316001537,2026-03-16 16:23,STX엔진,유가증권,주주총회소집공고,STX엔진
20260316001532,2026-03-16 16:22,성원에너텍,코스닥,주주총회소집공고,성원에너텍
20260316001528,2026-03-16 16:21,티케이케미칼,코스닥,주주총회소집공고,티케이케미칼
20260316001527,2026-03-16 16:21,피씨엘,코스닥,주주총회소집공고,피씨엘
20260316001525,2026-03-16 16:21,체시스,유가증권,주주총회소집공고,체시스
20260316001523,2026-03-16 16:21,두산,유가증권,주주총회소집공고,두산
20260316001522,2026-03-16 16:21,JK리버스톤리츠,유가증권,주주총회소집공고,제이케이리버스톤자기관리부동산투자회사
20260316001520,2026-03-16 16:21,다산솔루에타,코스닥,주주총회소집공고,다산솔루에타
20260316001514,2026-03-16 16:20,엔케이,유가증권,주주총회소집공고,엔케이
20260316001504,2026-03-16 16:19,삼일씨엔에스,유가증권,주주총회소집공고,삼일씨엔에스
20260316001499,2026-03-16 16:18,와이엠티,코스닥,주주총회소집공고,와이엠티
20260316001498,2026-03-16 16:18,나노엔텍,코스닥,주주총회소집공고,나노엔텍
20260316001496,2026-03-16 16:17,이원컴포텍,코스닥,주주총회소집공고,이원컴포텍
20260316001468,2026-03-16 16:14,금양그린파워,코스닥,주주총회소집공고,금양그린파워
20260316001466,2026-03-16 16:14,에이치피오,코스닥,주주총회소집공고,에이치피오
20260316001446,2026-03-16 16:13,틸론,코넥스,주주총회소집공고,틸론
20260316001444,2026-03-16 16:12,씨엔플러스,코스닥,주주총회소집공고,씨엔플러스
20260316001442,2026-03-16 16:12,마녀공장,코스닥,주주총회소집공고,마녀공장
20260316001433,2026-03-16 16:12,태광,코스닥,[정정]주주총회소집공고,태광
20260316001429,2026-03-16 16:11,티에이치엔,유가증권,주주총회소집공고,티에이치엔
20260316001428,2026-03-16 16:11,알지노믹스,코스닥,주주총회소집공고,알지노믹스
20260316001423,2026-03-16 16:10,제이알글로벌리츠,유가증권,주주총회소집공고,제이알글로벌위탁관리부동산투자회사
20260316001419,2026-03-16 16:10,대신증권,유가증권,[정정]주주총회소집공고,대신증권
20260316001406,2026-03-16 16:08,플레이위드,코스닥,[정정]주주총회소집공고,플레이위드코리아
20260316001405,2026-03-16 16:08,세진중공업,유가증권,주주총회소집공고,세진중공업
20260316001404,2026-03-16 16:08,이상네트웍스,코스닥,주주총회소집공고,이상네트웍스
20260316001388,2026-03-16 16:07,리브스메드,코스닥,주주총회소집공고,리브스메드
20260316001383,2026-03-16 16:06,DH오토넥스,유가증권,[정정]주주총회소집공고,디에이치오토넥스
20260316001381,2026-03-16 16:06,넥사다이내믹스,코스닥,주주총회소집공고,넥사다이내믹스
20260316001379,2026-03-16 16:06,지슨,코스닥,[정정]주주총회소집공고,지슨
20260316001371,2026-03-16 16:05,강원에너지,코스닥,주주총회소집공고,강원에너지
20260316001366,2026-03-16 16:05,메쎄이상,코스닥,주주총회소집공고,메쎄이상
20260316001356,2026-03-16 16:04,한울소재과학,코스닥,주주총회소집공고,한울소재과학
20260316001355,2026-03-16 16:04,애니플러스,코스닥,주주총회소집공고,애니플러스
20260316001339,2026-03-16 16:02,알비더블유,코스닥,주주총회소집공고,알비더블유
20260316001338,2026-03-16 16:02,아시아경제,코스닥,주주총회소집공고,아시아경제
20260316001331,2026-03-16 16:01,우림피티에스,코스닥,주주총회소집공고,우림피티에스
20260316001328,2026-03-16 16:01,HLB,코스닥,주주총회소집공고,에이치엘비
20260316001324,2026-03-16 16:01,모아데이타,코스닥,주주총회소집공고,모아데이타
20260316001323,2026-03-16 16:01,아이진,코스닥,주주총회소집공고,아이진
20260316001322,2026-03-16 16:01,그린플러스,코스닥,주주총회소집공고,그린플러스
20260316001314,2026-03-16 16:01,아이씨티케이,코스닥,[정정]주주총회소집공고,아이씨티케이
20260316001309,2026-03-16 16:00,현대사료,코스닥,주주총회소집공고,현대사료
20260316001306,2026-03-16 16:00,신진에스엠,코스닥,주주총회소집공고,신진에스엠
20260316001293,2026-03-16 15:58,DH오토리드,코스닥,주주총회소집공고,디에이치오토리드
20260316001280,2026-03-16 15:57,알에스오토메이션,코스닥,[정정]주주총회소집공고,알에스오토메이션
20260316001270,2026-03-16 15:56,SUN&L,유가증권,주주총회소집공고,선앤엘
20260316001269,2026-03-16 15:56,휴젤,코스닥,주주총회소집공고,휴젤
20260316001267,2026-03-16 15:56,스타플렉스,코스닥,주주총회소집공고,스타플렉스
20260316001266,2026-03-16 15:56,글로벌텍스프리,코스닥,주주총회소집공고,글로벌텍스프리
20260316001261,2026-03-16 15:55,하림지주,코스닥,[정정]주주총회소집공고,하림지주
20260316001255,2026-03-16 15:54,대성하이텍,코스닥,주주총회소집공고,대성하이텍
20260316001241,2026-03-16 15:53,푸드나무,코스닥,주주총회소집공고,푸드나무
20260316001222,2026-03-16 15:50,평화홀딩스,유가증권,[정정]주주총회소집공고,평화홀딩스
20260316001219,2026-03-16 15:50,메디콕스,코스닥,[정정]주주총회소집공고,메디콕스
20260316001217,2026-03-16 15:50,이오플로우,코스닥,[정정]주주총회소집공고,이오플로우
20260316001212,2026-03-16 15:50,루켄테크놀러지스,코넥스,주주총회소집공고,루켄테크놀러지스
20260316001209,2026-03-16 15:49,대한방직,유가증권,[정정]주주총회소집공고,대한방직
20260316001208,2026-03-16 15:49,대봉엘에스,코스닥,주주총회소집공고,대봉엘에스
20260316001195,2026-03-16 15:47,해성산업,코스닥,주주총회소집공고,해성산업
20260316001194,2026-03-16 15:47,대양전기공업,코스닥,주주총회소집공고,대양전기공업
20260316001175,2026-03-16 15:43,일진디스플,유가증권,주주총회소집공고,일진디스플레이
20260316001170,2026-03-16 15:43,광명전기,유가증권,주주총회소집공고,광명전기
20260316001169,2026-03-16 15:43,엔케이젠바이오텍코리아,코스닥,주주총회소집공고,엔케이젠바이오텍코리아
20260316001167,2026-03-16 15:43,이브이첨단소재,코스닥,주주총회소집공고,이브이첨단소재
20260316001158,2026-03-16 15:42,태양3C,코넥스,주주총회소집공고,태양3C
20260316001148,2026-03-16 15:41,이엠넷,코스닥,주주총회소집공고,이엠넷
20260316001145,2026-03-16 15:41,넥스틸,유가증권,주주총회소집공고,넥스틸
20260316001144,2026-03-16 15:41,포커스에이아이,코스닥,주주총회소집공고,포커스에이아이
20260316001137,2026-03-16 15:40,동구바이오제약,코스닥,주주총회소집공고,동구바이오제약
20260316001135,2026-03-16 15:39,삼목에스폼,코스닥,주주총회소집공고,삼목에스폼
20260316001130,2026-03-16 15:39,교촌에프앤비,유가증권,주주총회소집공고,교촌에프앤비
20260316001128,2026-03-16 15:38,하림지주,코스닥,주주총회소집공고,하림지주
20260316001123,2026-03-16 15:38,애드포러스,코스닥,주주총회소집공고,애드포러스
20260316001114,2026-03-16 15:37,인지소프트,코스닥,주주총회소집공고,인지소프트
20260316001109,2026-03-16 15:37,태성,코스닥,주주총회소집공고,태성
20260316001102,2026-03-16 15:36,그래피,코스닥,주주총회소집공고,그래피
20260316001098,2026-03-16 15:36,카나프테라퓨틱스,코스닥,주주총회소집공고,카나프테라퓨틱스
20260316001096,2026-03-16 15:35,토박스코리아,코스닥,주주총회소집공고,토박스코리아
20260316001094,2026-03-16 15:35,예선테크,코스닥,주주총회소집공고,예선테크
20260316001083,2026-03-16 15:34,풍원정밀,코스닥,주주총회소집공고,풍원정밀
20260316001082,2026-03-16 15:34,동일스틸럭스,코스닥,주주총회소집공고,동일스틸럭스
20260316001077,2026-03-16 15:34,썸에이지,코스닥,주주총회소집공고,썸에이지
20260316001075,2026-03-16 15:34,노브메타파마,코넥스,주주총회소집공고,노브메타파마
20260316001072,2026-03-16 15:33,비엘팜텍,코스닥,주주총회소집공고,비엘팜텍
20260316001045,2026-03-16 15:30,대화제약,코스닥,주주총회소집공고,대화제약
20260316001037,2026-03-16 15:30,티웨이홀딩스,유가증권,주주총회소집공고,티웨이홀딩스
20260316001035,2026-03-16 15:30,동일제강,유가증권,주주총회소집공고,동일제강
20260316001033,2026-03-16 15:29,한전KPS,유가증권,주주총회소집공고,한전KPS
20260316001026,2026-03-16 15:29,유성티엔에스,코스닥,주주총회소집공고,유성티엔에스
20260316001025,2026-03-16 15:28,조이웍스앤코,코스닥,주주총회소집공고,조이웍스앤코
20260316001021,2026-03-16 15:27,일진파워,코스닥,주주총회소집공고,일진파워
20260316001020,2026-03-16 15:27,대구백화점,유가증권,주주총회소집공고,대구백화점
20260316001019,2026-03-16 15:26,중앙첨단소재,코스닥,주주총회소집공고,중앙첨단소재
20260316001017,2026-03-16 15:26,동방선기,코스닥,주주총회소집공고,동방선기
20260316001016,2026-03-16 15:26,퓨쳐메디신,코넥스,주주총회소집공고,퓨쳐메디신
20260316001014,2026-03-16 15:26,에이스테크,코스닥,주주총회소집공고,에이스테크놀로지
20260316000989,2026-03-16 15:21,화승코퍼레이션,유가증권,주주총회소집공고,화승코퍼레이션
20260316000986,2026-03-16 15:20,위너스일렉,코스닥,주주총회소집공고,위너스일렉
20260316000984,2026-03-16 15:20,이노시뮬레이션,코스닥,주주총회소집공고,이노시뮬레이션
20260316000979,2026-03-16 15:19,아이엠지티,코넥스,주주총회소집공고,아이엠지티
20260316000973,2026-03-16 15:18,카스,코스닥,주주총회소집공고,카스
20260316000964,2026-03-16 15:15,디앤디플랫폼리츠,유가증권,주주총회소집공고,디앤디플랫폼위탁관리부동산투자회사
20260316000951,2026-03-16 15:14,와이엠텍,코스닥,주주총회소집공고,와이엠텍
20260316000930,2026-03-16 15:11,제이아이테크,코스닥,주주총회소집공고,제이아이테크
20260316000927,2026-03-16 15:11,흥국에프엔비,코스닥,주주총회소집공고,흥국에프엔비
20260316000926,2026-03-16 15:10,롤링스톤,코스닥,주주총회소집공고,롤링스톤
20260316000924,2026-03-16 15:10,티에스아이,코스닥,[정정]주주총회소집공고,티에스아이
20260316000911,2026-03-16 15:07,금양,유가증권,주주총회소집공고,금양
20260316000910,2026-03-16 15:07,한국정밀기계,코스닥,주주총회소집공고,한국정밀기계
20260316000908,2026-03-16 15:06,케이알엠,코스닥,주주총회소집공고,케이알엠
20260316000905,2026-03-16 15:06,원준,코스닥,주주총회소집공고,원준
20260316000902,2026-03-16 15:06,진원생명과학,유가증권,주주총회소집공고,진원생명과학
20260316000899,2026-03-16 15:06,유틸렉스,코스닥,주주총회소집공고,유틸렉스
20260316000898,2026-03-16 15:06,이오플로우,코스닥,주주총회소집공고,이오플로우
20260316000887,2026-03-16 15:04,소노스퀘어,코스닥,주주총회소집공고,소노스퀘어
20260316000879,2026-03-16 15:03,피엔에이치테크,코스닥,주주총회소집공고,피엔에이치테크
20260316000863,2026-03-16 15:00,한국가스공사,유가증권,주주총회소집공고,한국가스공사
20260316000862,2026-03-16 15:00,코어라인소프트,코스닥,[정정]주주총회소집공고,코어라인소프트
20260316000843,2026-03-16 14:56,노타,코스닥,주주총회소집공고,노타
20260316000836,2026-03-16 14:55,엔더블유시,코넥스,주주총회소집공고,엔더블유시
20260316000825,2026-03-16 14:54,아퓨어스,코넥스,주주총회소집공고,아퓨어스
20260316000824,2026-03-16 14:54,씨아이테크,유가증권,[정정]주주총회소집공고,씨아이테크
20260316000821,2026-03-16 14:54,극동유화,유가증권,주주총회소집공고,극동유화
20260316000818,2026-03-16 14:53,SFA,코스닥,주주총회소집공고,에스에프에이
20260316000807,2026-03-16 14:51,티비에이치글로벌,유가증권,주주총회소집공고,티비에이치글로벌
20260316000806,2026-03-16 14:51,이화공영,코스닥,주주총회소집공고,이화공영
20260316000805,2026-03-16 14:51,큐엠씨,코넥스,주주총회소집공고,큐엠씨
20260316000804,2026-03-16 14:51,뉴로핏,코스닥,[정정]주주총회소집공고,뉴로핏
20260316000803,2026-03-16 14:51,피엔케이피부임상연구센타,코스닥,주주총회소집공고,피엔케이피부임상연구센타
20260316000801,2026-03-16 14:51,코스나인,코스닥,주주총회소집공고,코스나인
20260316000800,2026-03-16 14:51,SKAI,코스닥,주주총회소집공고,스카이월드와이드
20260316000793,2026-03-16 14:49,솔디펜스,코스닥,주주총회소집공고,솔디펜스
20260316000790,2026-03-16 14:48,미래에셋증권,유가증권,[정정]주주총회소집공고,미래에셋증권
20260316000771,2026-03-16 14:43,비덴트,코스닥,주주총회소집공고,비덴트
20260316000765,2026-03-16 14:43,서희건설,코스닥,주주총회소집공고,서희건설
20260316000759,2026-03-16 14:42,화인베스틸,유가증권,주주총회소집공고,화인베스틸
20260316000757,2026-03-16 14:41,이노인스트루먼트,코스닥,주주총회소집공고,이노인스트루먼트
20260316000753,2026-03-16 14:40,삼양컴텍,코스닥,주주총회소집공고,삼양컴텍
20260316000751,2026-03-16 14:40,HC홈센타,코스닥,주주총회소집공고,에이치씨홈센타
20260316000738,2026-03-16 14:38,SAMG엔터,코스닥,주주총회소집공고,에스에이엠지엔터테인먼트
20260316000722,2026-03-16 14:35,현대에이치티,코스닥,주주총회소집공고,현대에이치티
20260316000721,2026-03-16 14:35,가이아코퍼레이션,코넥스,주주총회소집공고,가이아코퍼레이션
20260316000718,2026-03-16 14:35,버킷스튜디오,코스닥,주주총회소집공고,버킷스튜디오
20260316000714,2026-03-16 14:34,유비씨,코넥스,주주총회소집공고,유비씨
20260316000709,2026-03-16 14:33,아고스,코스닥,주주총회소집공고,아고스
20260316000693,2026-03-16 14:31,인베니아,코스닥,주주총회소집공고,인베니아
20260316000691,2026-03-16 14:31,에이팩트,코스닥,주주총회소집공고,에이팩트
20260316000687,2026-03-16 14:29,아이톡시,코스닥,주주총회소집공고,아이톡시
20260316000683,2026-03-16 14:29,파루,코스닥,주주총회소집공고,파루
20260316000682,2026-03-16 14:28,스타코링크,코스닥,주주총회소집공고,스타코링크
20260316000679,2026-03-16 14:27,옵트론텍,코스닥,주주총회소집공고,옵트론텍
20260316000674,2026-03-16 14:26,엔시스,코스닥,[정정]주주총회소집공고,엔시스
20260316000673,2026-03-16 14:26,아이에스티이,코스닥,주주총회소집공고,아이에스티이
20260316000660,2026-03-16 14:24,메디젠휴먼케어,코넥스,주주총회소집공고,메디젠휴먼케어
20260316000649,2026-03-16 14:22,황금에스티,유가증권,[정정]주주총회소집공고,황금에스티
20260316000638,2026-03-16 14:19,딥노이드,코스닥,[정정]주주총회소집공고,딥노이드
20260316000635,2026-03-16 14:18,코미코,코스닥,주주총회소집공고,코미코
20260316000634,2026-03-16 14:16,HC보광산업,코스닥,주주총회소집공고,에이치씨보광산업
20260316000630,2026-03-16 14:15,아이티센씨티에스,유가증권,주주총회소집공고,아이티센씨티에스
20260316000620,2026-03-16 14:12,알티캐스트,코스닥,[정정]주주총회소집공고,알티캐스트
20260316000618,2026-03-16 14:12,유아이디,코스닥,주주총회소집공고,유아이디
20260316000605,2026-03-16 14:10,인바이오젠,유가증권,주주총회소집공고,인바이오젠
20260316000604,2026-03-16 14:10,바이오비쥬,코스닥,주주총회소집공고,바이오비쥬
20260316000594,2026-03-16 14:07,본느,코스닥,주주총회소집공고,본느
20260316000583,2026-03-16 14:02,아이엠,코스닥,주주총회소집공고,아이엠
20260316000577,2026-03-16 14:01,피엠티,코스닥,주주총회소집공고,피엠티
20260316000575,2026-03-16 14:00,아이오바이오,코넥스,주주총회소집공고,아이오바이오
20260316000574,2026-03-16 13:59,그래디언트,코스닥,주주총회소집공고,그래디언트
20260316000553,2026-03-16 13:54,뉴파워프라즈마,코스닥,주주총회소집공고,뉴파워프라즈마
20260316000549,2026-03-16 13:54,서울평가정보,코스닥,주주총회소집공고,서울평가정보
20260316000538,2026-03-16 13:50,휴엠앤씨,코스닥,주주총회소집공고,휴엠앤씨
20260316000533,2026-03-16 13:50,청담글로벌,코스닥,[정정]주주총회소집공고,청담글로벌
20260316000529,2026-03-16 13:49,테크트랜스,코넥스,주주총회소집공고,테크트랜스
20260316000514,2026-03-16 13:46,팅크웨어,코스닥,[정정]주주총회소집공고,팅크웨어
20260316000509,2026-03-16 13:44,엘브이엠씨,유가증권,주주총회소집공고,엘브이엠씨홀딩스
20260316000504,2026-03-16 13:43,퀀타매트릭스,코스닥,주주총회소집공고,퀀타매트릭스
20260316000499,2026-03-16 13:41,한일화학,코스닥,주주총회소집공고,한일화학공업
20260316000493,2026-03-16 13:41,엔에스컴퍼니,코넥스,주주총회소집공고,엔에스컴퍼니
20260316000490,2026-03-16 13:39,킵스파마,코스닥,[정정]주주총회소집공고,킵스바이오파마
20260316000487,2026-03-16 13:38,포인트모바일,코스닥,주주총회소집공고,포인트모바일
20260316000479,2026-03-16 13:35,아진전자부품,유가증권,주주총회소집공고,아진전자부품
20260316000473,2026-03-16 13:33,유비벨록스,코스닥,[정정]주주총회소집공고,유비벨록스
20260316000472,2026-03-16 13:33,아이티센글로벌,코스닥,주주총회소집공고,아이티센글로벌
20260316000463,2026-03-16 13:31,팬젠,코스닥,주주총회소집공고,팬젠
20260316000453,2026-03-16 13:28,그린광학,코스닥,주주총회소집공고,그린광학
20260316000448,2026-03-16 13:24,탈로스,코넥스,주주총회소집공고,탈로스
20260316000433,2026-03-16 13:18,PN풍년,코스닥,주주총회소집공고,피엔풍년
20260316000428,2026-03-16 13:15,이엠앤아이,코스닥,[정정]주주총회소집공고,이엠앤아이
20260316000426,2026-03-16 13:14,남광토건,유가증권,주주총회소집공고,남광토건
20260316000424,2026-03-16 13:14,수산인더스트리,유가증권,주주총회소집공고,수산인더스트리
20260316000414,2026-03-16 13:09,AK홀딩스,유가증권,주주총회소집공고,AK홀딩스
20260316000411,2026-03-16 13:08,대주이엔티,코넥스,주주총회소집공고,대주이엔티
20260316000404,2026-03-16 13:05,야스,코스닥,주주총회소집공고,야스
20260316000403,2026-03-16 13:04,에스지헬스케어,코스닥,주주총회소집공고,에스지헬스케어
20260316000387,2026-03-16 12:47,지란지교시큐리티,코스닥,주주총회소집공고,지란지교시큐리티
20260316000386,2026-03-16 12:46,수산아이앤티,코스닥,주주총회소집공고,수산아이앤티
20260316000385,2026-03-16 12:43,엄지하우스,코넥스,주주총회소집공고,엄지하우스
20260316000382,2026-03-16 12:42,진시스템,코스닥,주주총회소집공고,진시스템
20260316000376,2026-03-16 12:35,더콘텐츠온,코넥스,주주총회소집공고,더콘텐츠온
20260316000361,2026-03-16 12:13,이엠앤아이,코스닥,주주총회소집공고,이엠앤아이
20260316000360,2026-03-16 12:06,클리오,코스닥,주주총회소집공고,클리오
20260316000358,2026-03-16 12:04,티에스넥스젠,코스닥,주주총회소집공고,티에스넥스젠
20260316000356,2026-03-16 12:01,청담글로벌,코스닥,주주총회소집공고,청담글로벌
20260316000350,2026-03-16 11:56,오르비텍,코스닥,[정정]주주총회소집공고,오르비텍
20260316000349,2026-03-16 11:55,쎄크,코스닥,주주총회소집공고,쎄크
20260316000343,2026-03-16 11:46,아진산업,코스닥,주주총회소집공고,아진산업
20260316000342,2026-03-16 11:45,씨앤씨인터내셔널,코스닥,주주총회소집공고,씨앤씨인터내셔널
20260316000341,2026-03-16 11:44,팅크웨어,코스닥,[정정]주주총회소집공고,팅크웨어
20260316000338,2026-03-16 11:39,노머스,코스닥,[정정]주주총회소집공고,노머스
20260316000320,2026-03-16 11:27,차이커뮤니케이션,코스닥,주주총회소집공고,차이커뮤니케이션
20260316000308,2026-03-16 11:21,신도기연,코스닥,주주총회소집공고,신도기연
20260316000294,2026-03-16 11:15,크레오에스지,코스닥,주주총회소집공고,크레오에스지
20260316000279,2026-03-16 11:11,휴메딕스,코스닥,주주총회소집공고,휴메딕스
20260316000275,2026-03-16 11:08,경동인베스트,유가증권,주주총회소집공고,경동인베스트
20260316000272,2026-03-16 11:06,대한조선,유가증권,주주총회소집공고,대한조선
20260316000266,2026-03-16 11:04,멀티캠퍼스,코스닥,[정정]주주총회소집공고,멀티캠퍼스
20260316000264,2026-03-16 11:04,바이오인프라생명과학,코넥스,주주총회소집공고,바이오인프라생명과학
20260316000250,2026-03-16 10:56,아이케이세미콘,코넥스,주주총회소집공고,아이케이세미콘
20260316000223,2026-03-16 10:43,와이랩,코스닥,주주총회소집공고,와이랩
20260316000221,2026-03-16 10:41,블루탑,코넥스,주주총회소집공고,블루탑
20260316000211,2026-03-16 10:36,더핑크퐁컴퍼니,코스닥,주주총회소집공고,더핑크퐁컴퍼니
20260316000207,2026-03-16 10:33,영흥,유가증권,주주총회소집공고,영흥
20260316000204,2026-03-16 10:32,씨피시스템,코스닥,주주총회소집공고,씨피시스템
20260316000194,2026-03-16 10:27,아진엑스텍,코스닥,주주총회소집공고,아진엑스텍
20260316000190,2026-03-16 10:24,켐트로스,코스닥,주주총회소집공고,켐트로스
20260316000185,2026-03-16 10:21,KC코트렐,유가증권,주주총회소집공고,케이씨코트렐
20260316000184,2026-03-16 10:19,유티아이,코스닥,주주총회소집공고,유티아이
20260316000172,2026-03-16 10:13,원익QnC,코스닥,주주총회소집공고,원익큐엔씨
20260316000170,2026-03-16 10:12,서진오토모티브,코스닥,주주총회소집공고,서진오토모티브
20260316000169,2026-03-16 10:12,황금에스티,유가증권,주주총회소집공고,황금에스티
20260316000159,2026-03-16 10:06,알트,코스닥,주주총회소집공고,알트
20260316000153,2026-03-16 10:04,아스플로,코스닥,주주총회소집공고,아스플로
20260316000136,2026-03-16 09:53,판도라티비,코넥스,주주총회소집공고,판도라티비
20260316000132,2026-03-16 09:50,코메론,코스닥,[정정]주주총회소집공고,코메론
20260316000122,2026-03-16 09:42,한국철강,유가증권,[정정]주주총회소집공고,한국철강
20260316000121,2026-03-16 09:42,원익,코스닥,주주총회소집공고,원익
20260316000094,2026-03-16 09:10,타임기술,코넥스,주주총회소집공고,타임기술
20260316000089,2026-03-16 09:06,현대공업,코스닥,주주총회소집공고,현대공업
20260316000086,2026-03-16 09:05,국영지앤엠,코스닥,[정정]주주총회소집공고,국영지앤엠
20260316000082,2026-03-16 09:01,루트락,코넥스,[정정]주주총회소집공고,루트락
20260316000068,2026-03-16 08:45,에스바이오메딕스,코스닥,주주총회소집공고,에스바이오메딕스
20260313002304,2026-03-16 07:30,삼영엠텍,코스닥,[정정]주주총회소집공고,삼영엠텍
20260313002295,2026-03-16 07:30,블루산업개발,유가증권,주주총회소집공고,블루산업개발
20260313002252,2026-03-16 07:30,아톤,코스닥,주주총회소집공고,아톤
20260313002235,2026-03-16 07:30,팅크웨어,코스닥,[정정]주주총회소집공고,팅크웨어
20260313002204,2026-03-16 07:30,디에이피,코스닥,주주총회소집공고,디에이피
20260313002202,2026-03-16 07:30,엠케이전자,코스닥,주주총회소집공고,엠케이전자
20260313002201,2026-03-16 07:30,디와이피엔에프,코스닥,주주총회소집공고,디와이피엔에프
20260313002199,2026-03-16 07:30,킵스파마,코스닥,주주총회소집공고,킵스바이오파마
20260313002195,2026-03-13 17:58,모나리자,유가증권,[정정]주주총회소집공고,모나리자
20260313002192,2026-03-13 17:58,슈피겐코리아,코스닥,주주총회소집공고,슈피겐코리아
20260313002191,2026-03-13 17:58,웰킵스하이텍,코스닥,주주총회소집공고,웰킵스하이텍
20260313002187,2026-03-13 17:57,노머스,코스닥,주주총회소집공고,노머스
20260313002182,2026-03-13 17:55,CG인바이츠,코스닥,주주총회소집공고,씨지인바이츠
20260313002165,2026-03-13 17:52,수성웹툰,코스닥,[정정]주주총회소집공고,수성웹툰
20260313002160,2026-03-13 17:51,에이프로,코스닥,주주총회소집공고,에이프로
20260313002132,2026-03-13 17:45,유비벨록스,코스닥,[정정]주주총회소집공고,유비벨록스
20260313002125,2026-03-13 17:44,키네마스터,코스닥,주주총회소집공고,키네마스터
20260313002117,2026-03-13 17:43,인피니트헬스케어,코스닥,주주총회소집공고,인피니트헬스케어
20260313002116,2026-03-13 17:43,파라텍,코스닥,주주총회소집공고,파라텍
20260313002106,2026-03-13 17:41,덕양에너젠,코스닥,주주총회소집공고,덕양에너젠
20260313002103,2026-03-13 17:41,선샤인푸드,코스닥,주주총회소집공고,선샤인푸드
20260313002084,2026-03-13 17:37,이뮨온시아,코스닥,주주총회소집공고,이뮨온시아
20260313002082,2026-03-13 17:37,엠아이큐브솔루션,코스닥,주주총회소집공고,엠아이큐브솔루션
20260313002081,2026-03-13 17:37,오스코텍,코스닥,주주총회소집공고,오스코텍
20260313002076,2026-03-13 17:36,상신이디피,코스닥,주주총회소집공고,상신이디피
20260313002061,2026-03-13 17:35,테라뷰,코스닥,주주총회소집공고,테라뷰홀딩스
20260313002052,2026-03-13 17:34,누리플렉스,코스닥,[정정]주주총회소집공고,누리플렉스
20260313002047,2026-03-13 17:33,인바이츠바이오코아,코넥스,주주총회소집공고,인바이츠바이오코아
20260313002041,2026-03-13 17:32,휴림로봇,코스닥,주주총회소집공고,휴림로봇
20260313002035,2026-03-13 17:31,알에프세미,코스닥,주주총회소집공고,알에프세미
20260313002015,2026-03-13 17:28,태광산업,유가증권,[정정]주주총회소집공고,태광산업
20260313001984,2026-03-13 17:24,하나투어,유가증권,[정정]주주총회소집공고,하나투어
20260313001981,2026-03-13 17:24,비비씨,코스닥,주주총회소집공고,비비씨
20260313001974,2026-03-13 17:22,엠엑스온,코스닥,주주총회소집공고,엠엑스온
20260313001967,2026-03-13 17:21,바이오프로테크,코넥스,주주총회소집공고,바이오프로테크
20260313001964,2026-03-13 17:21,케이엔알시스템,코스닥,주주총회소집공고,케이엔알시스템
20260313001945,2026-03-13 17:18,아이엘로보틱스,코넥스,주주총회소집공고,아이엘로보틱스
20260313001926,2026-03-13 17:15,에이엔피,유가증권,[정정]주주총회소집공고,에이엔피
20260313001916,2026-03-13 17:14,성일하이텍,코스닥,주주총회소집공고,성일하이텍
20260313001914,2026-03-13 17:14,이니텍,코스닥,주주총회소집공고,이니텍
20260313001908,2026-03-13 17:13,좋은사람들,코스닥,주주총회소집공고,좋은사람들
20260313001897,2026-03-13 17:12,우리넷,코스닥,[정정]주주총회소집공고,우리넷
20260313001896,2026-03-13 17:12,하이젠알앤엠,코스닥,[정정]주주총회소집공고,하이젠알앤엠
20260313001885,2026-03-13 17:10,쓰리에이로직스,코스닥,주주총회소집공고,쓰리에이로직스
20260313001884,2026-03-13 17:10,하이로닉,코스닥,주주총회소집공고,하이로닉
20260313001882,2026-03-13 17:10,대호특수강,코스닥,[정정]주주총회소집공고,대호특수강
20260313001872,2026-03-13 17:08,버넥트,코스닥,주주총회소집공고,버넥트
20260313001866,2026-03-13 17:07,경동제약,코스닥,주주총회소집공고,경동제약
20260313001843,2026-03-13 17:05,갤럭시아에스엠,유가증권,주주총회소집공고,갤럭시아 에스엠
20260313001838,2026-03-13 17:05,스튜디오미르,코스닥,주주총회소집공고,스튜디오미르
20260313001836,2026-03-13 17:04,제이브이엠,코스닥,주주총회소집공고,제이브이엠
20260313001835,2026-03-13 17:04,넥스트아이,코스닥,주주총회소집공고,넥스트아이
20260313001834,2026-03-13 17:04,에이프로젠바이오로직스,유가증권,주주총회소집공고,에이프로젠바이오로직스
20260313001801,2026-03-13 17:00,뉴보텍,코스닥,주주총회소집공고,뉴보텍
20260313001799,2026-03-13 16:59,오픈베이스,코스닥,[정정]주주총회소집공고,오픈베이스
20260313001792,2026-03-13 16:59,부방,코스닥,주주총회소집공고,부방
20260313001786,2026-03-13 16:58,빛과전자,코스닥,주주총회소집공고,빛과전자
20260313001775,2026-03-13 16:56,지아이에스,코스닥,주주총회소집공고,지아이에스
20260313001756,2026-03-13 16:53,솔본,코스닥,주주총회소집공고,솔본
20260313001755,2026-03-13 16:53,오에스피,코스닥,[정정]주주총회소집공고,오에스피
20260313001754,2026-03-13 16:52,디알텍,코스닥,주주총회소집공고,디알텍
20260313001753,2026-03-13 16:52,레드우즈,코넥스,주주총회소집공고,레드우즈
20260313001749,2026-03-13 16:52,코디,코스닥,주주총회소집공고,코디
20260313001748,2026-03-13 16:51,레인보우로보틱스,코스닥,주주총회소집공고,레인보우로보틱스
20260313001744,2026-03-13 16:51,에이치브이엠,코스닥,주주총회소집공고,에이치브이엠
20260313001721,2026-03-13 16:48,비트맥스,코스닥,[정정]주주총회소집공고,비트맥스
20260313001683,2026-03-13 16:47,소프트센,코스닥,주주총회소집공고,소프트센
20260313001671,2026-03-13 16:45,싸이토젠,코스닥,주주총회소집공고,싸이토젠
20260313001670,2026-03-13 16:45,이지스레지던스리츠,유가증권,주주총회소집공고,이지스레지던스위탁관리부동산투자회사
20260313001663,2026-03-13 16:44,다우데이타,코스닥,주주총회소집공고,다우데이타
20260313001660,2026-03-13 16:43,하나투어,유가증권,[정정]주주총회소집공고,하나투어
20260313001657,2026-03-13 16:43,더라미,코스닥,주주총회소집공고,더라미
20260313001655,2026-03-13 16:43,에이플러스에셋,유가증권,[정정]주주총회소집공고,에이플러스에셋어드바이저
20260313001647,2026-03-13 16:42,아이티켐,코스닥,주주총회소집공고,아이티켐
20260313001641,2026-03-13 16:41,DMS,코스닥,주주총회소집공고,디엠에스
20260313001634,2026-03-13 16:40,NPX,코스닥,주주총회소집공고,엔피엑스
20260313001632,2026-03-13 16:40,오성첨단소재,코스닥,주주총회소집공고,오성첨단소재
20260313001618,2026-03-13 16:38,아로마티카,코스닥,주주총회소집공고,아로마티카
20260313001615,2026-03-13 16:37,컴퍼니케이,코스닥,주주총회소집공고,컴퍼니케이파트너스
20260313001614,2026-03-13 16:37,앱토크롬,코스닥,주주총회소집공고,앱토크롬
20260313001603,2026-03-13 16:35,메지온,코스닥,주주총회소집공고,메지온
20260313001590,2026-03-13 16:33,지에스이,코스닥,주주총회소집공고,지에스이
20260313001581,2026-03-13 16:32,뉴로핏,코스닥,주주총회소집공고,뉴로핏
20260313001564,2026-03-13 16:29,특수건설,코스닥,주주총회소집공고,특수건설
20260313001558,2026-03-13 16:28,MSDI,코스닥,주주총회소집공고,엠에스디아이
20260313001550,2026-03-13 16:27,토니모리,유가증권,주주총회소집공고,토니모리
20260313001549,2026-03-13 16:27,탑선,코넥스,주주총회소집공고,탑선
20260313001544,2026-03-13 16:25,한국제15호스팩,코스닥,주주총회소집공고,한국제15호기업인수목적
20260313001530,2026-03-13 16:24,캐스텍코리아,코스닥,[정정]주주총회소집공고,캐스텍코리아
20260313001525,2026-03-13 16:23,위메이드,코스닥,[정정]주주총회소집공고,위메이드
20260313001515,2026-03-13 16:22,SG세계물산,유가증권,[정정]주주총회소집공고,SG세계물산
20260313001504,2026-03-13 16:21,뉴트리,코스닥,주주총회소집공고,뉴트리
20260313001500,2026-03-13 16:20,대상홀딩스,유가증권,[정정]주주총회소집공고,대상홀딩스
20260313001484,2026-03-13 16:19,루트락,코넥스,주주총회소집공고,루트락
20260313001460,2026-03-13 16:16,졸스,코스닥,[정정]주주총회소집공고,졸스
20260313001457,2026-03-13 16:16,뉴온,코스닥,주주총회소집공고,뉴온
20260313001447,2026-03-13 16:14,아이씨디,코스닥,주주총회소집공고,아이씨디
20260313001441,2026-03-13 16:14,에스엠벡셀,유가증권,주주총회소집공고,에스엠벡셀
20260313001423,2026-03-13 16:12,우양,코스닥,주주총회소집공고,우양
20260313001409,2026-03-13 16:10,나노실리칸첨단소재,코스닥,[정정]주주총회소집공고,나노실리칸첨단소재
20260313001404,2026-03-13 16:10,솔루믹스,코넥스,주주총회소집공고,솔루믹스
20260313001403,2026-03-13 16:10,PKC,유가증권,[정정]주주총회소집공고,피케이씨
20260313001400,2026-03-13 16:09,서울옥션,코스닥,주주총회소집공고,서울옥션
20260313001393,2026-03-13 16:08,톱텍,코스닥,주주총회소집공고,톱텍
20260313001380,2026-03-13 16:06,남해화학,유가증권,[정정]주주총회소집공고,남해화학
20260313001371,2026-03-13 16:05,GH신소재,코스닥,주주총회소집공고,지에이치신소재
20260313001363,2026-03-13 16:04,아가방컴퍼니,코스닥,주주총회소집공고,아가방앤컴퍼니
20260313001357,2026-03-13 16:03,디모아,코스닥,주주총회소집공고,디모아
20260313001354,2026-03-13 16:03,아이티엠반도체,코스닥,주주총회소집공고,아이티엠반도체
20260313001352,2026-03-13 16:03,삼일기업공사,코스닥,주주총회소집공고,삼일기업공사
20260313001342,2026-03-13 16:01,비스토스,코스닥,주주총회소집공고,비스토스
20260313001339,2026-03-13 16:01,젬백스,코스닥,주주총회소집공고,젬백스&카엘
20260313001291,2026-03-13 15:56,씨케이솔루션,유가증권,주주총회소집공고,씨케이솔루션
20260313001286,2026-03-13 15:56,에이리츠,유가증권,주주총회소집공고,에이자기관리부동산투자회사
20260313001285,2026-03-13 15:56,유엑스엔,코넥스,주주총회소집공고,유엑스엔
20260313001279,2026-03-13 15:56,폰드그룹,코스닥,주주총회소집공고,폰드그룹
20260313001267,2026-03-13 15:55,비아이매트릭스,코스닥,주주총회소집공고,비아이매트릭스
20260313001261,2026-03-13 15:53,케이쓰리아이,코스닥,주주총회소집공고,케이쓰리아이
20260313001260,2026-03-13 15:53,오에스피,코스닥,[정정]주주총회소집공고,오에스피
20260313001253,2026-03-13 15:52,린드먼아시아,코스닥,주주총회소집공고,린드먼아시아인베스트먼트
20260313001252,2026-03-13 15:52,대상,유가증권,[정정]주주총회소집공고,대상
20260313001242,2026-03-13 15:50,네오이뮨텍,코스닥,[정정]주주총회소집공고,네오이뮨텍
20260313001238,2026-03-13 15:50,프로젠,코넥스,주주총회소집공고,프로젠
20260313001234,2026-03-13 15:50,DXVX,코스닥,주주총회소집공고,디엑스앤브이엑스
20260313001231,2026-03-13 15:50,유니크,코스닥,주주총회소집공고,유니크
20260313001227,2026-03-13 15:49,엔젠바이오,코스닥,주주총회소집공고,엔젠바이오
20260313001222,2026-03-13 15:49,SGA솔루션즈,코스닥,주주총회소집공고,에스지에이 솔루션즈
20260313001212,2026-03-13 15:49,레몬,코스닥,주주총회소집공고,레몬
20260313001196,2026-03-13 15:46,케이지에이,코스닥,주주총회소집공고,케이지에이
20260313001189,2026-03-13 15:46,한국피아이엠,코스닥,주주총회소집공고,한국피아이엠
20260313001186,2026-03-13 15:46,서플러스글로벌,코스닥,주주총회소집공고,서플러스글로벌
20260313001168,2026-03-13 15:43,원바이오젠,코스닥,주주총회소집공고,원바이오젠
20260313001149,2026-03-13 15:41,이노메트리,코스닥,주주총회소집공고,이노메트리
20260313001143,2026-03-13 15:40,핌스,코스닥,주주총회소집공고,핌스
20260313001132,2026-03-13 15:39,뱅크웨어글로벌,코스닥,주주총회소집공고,뱅크웨어글로벌
20260313001120,2026-03-13 15:38,캡스톤파트너스,코스닥,주주총회소집공고,캡스톤파트너스
20260313001118,2026-03-13 15:37,엑시큐어하이트론,유가증권,주주총회소집공고,엑시큐어하이트론
20260313001109,2026-03-13 15:36,시큐레터,코스닥,[정정]주주총회소집공고,시큐레터
20260313001098,2026-03-13 15:35,코난테크놀로지,코스닥,주주총회소집공고,코난테크놀로지
20260313001096,2026-03-13 15:35,보로노이,코스닥,주주총회소집공고,보로노이
20260313001086,2026-03-13 15:33,테라사이언스,코스닥,주주총회소집공고,테라사이언스
20260313001083,2026-03-13 15:33,바이오텐,코넥스,주주총회소집공고,바이오텐
20260313001079,2026-03-13 15:33,서울전자통신,코스닥,주주총회소집공고,서울전자통신
20260313001072,2026-03-13 15:32,탑런토탈솔루션,코스닥,주주총회소집공고,탑런토탈솔루션
20260313001060,2026-03-13 15:30,에프알텍,코스닥,주주총회소집공고,에프알텍
20260313001041,2026-03-13 15:27,오로라,코스닥,주주총회소집공고,오로라월드
20260313001027,2026-03-13 15:24,KTcs,유가증권,주주총회소집공고,케이티씨에스
20260313001020,2026-03-13 15:22,벡트,코스닥,주주총회소집공고,벡트
20260313001019,2026-03-13 15:22,동운아나텍,코스닥,[정정]주주총회소집공고,동운아나텍
20260313001005,2026-03-13 15:19,KR모터스,유가증권,주주총회소집공고,KR모터스
20260313001000,2026-03-13 15:18,KB제27호스팩,코스닥,주주총회소집공고,케이비제27호기업인수목적
20260313000989,2026-03-13 15:17,나우코스,코넥스,주주총회소집공고,나우코스
20260313000983,2026-03-13 15:16,남성,유가증권,주주총회소집공고,남성
20260313000981,2026-03-13 15:15,쏘닉스,코스닥,주주총회소집공고,쏘닉스
20260313000980,2026-03-13 15:15,지놈앤컴퍼니,코스닥,주주총회소집공고,지놈앤컴퍼니
20260313000978,2026-03-13 15:15,큐로홀딩스,코스닥,주주총회소집공고,큐로홀딩스
20260313000975,2026-03-13 15:15,라온피플,코스닥,주주총회소집공고,라온피플
20260313000966,2026-03-13 15:14,바른손이앤에이,코스닥,주주총회소집공고,바른손이앤에이
20260313000959,2026-03-13 15:14,루미르,코스닥,주주총회소집공고,루미르
20260313000958,2026-03-13 15:14,파버나인,코스닥,주주총회소집공고,파버나인
20260313000952,2026-03-13 15:12,아이엠,코스닥,[정정]주주총회소집공고,아이엠
20260313000948,2026-03-13 15:12,HEM파마,코스닥,[정정]주주총회소집공고,에이치이엠파마
20260313000945,2026-03-13 15:11,바이브컴퍼니,코스닥,주주총회소집공고,바이브컴퍼니
20260313000944,2026-03-13 15:11,아이큐어,코스닥,주주총회소집공고,아이큐어
20260313000914,2026-03-13 15:07,아티스트스튜디오,코스닥,[정정]주주총회소집공고,아티스트스튜디오
20260313000911,2026-03-13 15:06,크로넥스,코넥스,주주총회소집공고,크로넥스
20260313000910,2026-03-13 15:06,패션플랫폼,코스닥,주주총회소집공고,패션플랫폼
20260313000909,2026-03-13 15:06,태양기계,코넥스,주주총회소집공고,태양기계
20260313000898,2026-03-13 15:05,셀로맥스사이언스,코스닥,주주총회소집공고,셀로맥스사이언스
20260313000888,2026-03-13 15:04,우리바이오,코스닥,[정정]주주총회소집공고,우리바이오
20260313000887,2026-03-13 15:04,클래시스,코스닥,주주총회소집공고,클래시스
20260313000883,2026-03-13 15:03,엠젠솔루션,코스닥,주주총회소집공고,엠젠솔루션
20260313000864,2026-03-13 15:00,에스아이리소스,코스닥,주주총회소집공고,에스아이리소스
20260313000859,2026-03-13 14:58,서한,코스닥,주주총회소집공고,서한
20260313000849,2026-03-13 14:57,에이유브랜즈,코스닥,주주총회소집공고,에이유브랜즈
20260313000846,2026-03-13 14:56,유안타제16호스팩,코스닥,주주총회소집공고,유안타제16호기업인수목적
20260313000835,2026-03-13 14:51,아이씨티케이,코스닥,주주총회소집공고,아이씨티케이
20260313000834,2026-03-13 14:51,올리패스,코스닥,주주총회소집공고,올리패스
20260313000828,2026-03-13 14:49,비큐AI,코스닥,주주총회소집공고,비큐에이아이
20260313000825,2026-03-13 14:49,더코디,코스닥,주주총회소집공고,더코디
20260313000820,2026-03-13 14:47,손오공,코스닥,주주총회소집공고,손오공
20260313000812,2026-03-13 14:46,모바일어플라이언스,코스닥,주주총회소집공고,모바일어플라이언스
20260313000809,2026-03-13 14:45,하나제약,유가증권,주주총회소집공고,하나제약
20260313000802,2026-03-13 14:43,브레인즈컴퍼니,코스닥,주주총회소집공고,브레인즈컴퍼니
20260313000794,2026-03-13 14:42,에피소드컴퍼니,코스닥,[정정]주주총회소집공고,에피소드컴퍼니
20260313000785,2026-03-13 14:41,LB세미콘,코스닥,주주총회소집공고,엘비세미콘
20260313000781,2026-03-13 14:39,아이비젼웍스,코스닥,주주총회소집공고,아이비젼웍스
20260313000778,2026-03-13 14:39,다스코,유가증권,[정정]주주총회소집공고,다스코
20260313000777,2026-03-13 14:39,대주전자재료,코스닥,[정정]주주총회소집공고,대주전자재료
20260313000772,2026-03-13 14:38,세미파이브,코스닥,주주총회소집공고,세미파이브
20260313000754,2026-03-13 14:35,HLB제넥스,코스닥,주주총회소집공고,에이치엘비제넥스
20260313000749,2026-03-13 14:34,에스앤더블류,코스닥,주주총회소집공고,에스앤더블류
20260313000746,2026-03-13 14:33,스톰테크,코스닥,주주총회소집공고,스톰테크
20260313000743,2026-03-13 14:32,나노신소재,코스닥,주주총회소집공고,나노신소재
20260313000734,2026-03-13 14:31,이노테크,코스닥,주주총회소집공고,이노테크
20260313000728,2026-03-13 14:30,에피바이오텍,코넥스,주주총회소집공고,에피바이오텍
20260313000714,2026-03-13 14:28,제우스,코스닥,주주총회소집공고,제우스
20260313000710,2026-03-13 14:27,위닉스,코스닥,주주총회소집공고,위닉스
20260313000706,2026-03-13 14:27,코맥스,코스닥,주주총회소집공고,코맥스
20260313000698,2026-03-13 14:25,미창석유공업,유가증권,주주총회소집공고,미창석유공업
20260313000677,2026-03-13 14:20,원티드랩,코스닥,주주총회소집공고,원티드랩
20260313000673,2026-03-13 14:20,제너셈,코스닥,[정정]주주총회소집공고,제너셈
20260313000667,2026-03-13 14:18,디아이씨,유가증권,주주총회소집공고,디아이씨
20260313000660,2026-03-13 14:17,한국쉘석유,유가증권,[정정]주주총회소집공고,한국쉘석유
20260313000648,2026-03-13 14:14,링크드,코스닥,주주총회소집공고,링크드
20260313000646,2026-03-13 14:14,마이크로엔엑스,코넥스,주주총회소집공고,마이크로엔엑스
20260313000644,2026-03-13 14:13,한국미라클피플사,코넥스,주주총회소집공고,한국미라클피플사
20260313000635,2026-03-13 14:09,서원,유가증권,주주총회소집공고,서원
20260313000609,2026-03-13 14:03,삼화전기,유가증권,[정정]주주총회소집공고,삼화전기
20260313000607,2026-03-13 14:02,덱스터,코스닥,주주총회소집공고,덱스터스튜디오
20260313000594,2026-03-13 13:57,대창스틸,코스닥,주주총회소집공고,대창스틸
20260313000592,2026-03-13 13:57,꿈비,코스닥,주주총회소집공고,꿈비
20260313000577,2026-03-13 13:50,샘표식품,유가증권,[정정]주주총회소집공고,샘표식품
20260313000566,2026-03-13 13:48,헬릭스미스,코스닥,[정정]주주총회소집공고,헬릭스미스
20260313000562,2026-03-13 13:47,소마젠,코스닥,주주총회소집공고,소마젠
20260313000561,2026-03-13 13:47,모나용평,유가증권,주주총회소집공고,모나용평
20260313000552,2026-03-13 13:41,리가켐바이오,코스닥,주주총회소집공고,리가켐 바이오사이언스
20260313000551,2026-03-13 13:41,트윔,코스닥,주주총회소집공고,트윔
20260313000545,2026-03-13 13:39,세방,유가증권,[정정]주주총회소집공고,세방
20260313000542,2026-03-13 13:39,에스에이티,코스닥,주주총회소집공고,에스에이티
20260313000526,2026-03-13 13:36,카티스,코스닥,주주총회소집공고,카티스
20260313000524,2026-03-13 13:35,신원종합개발,코스닥,주주총회소집공고,신원종합개발
20260313000521,2026-03-13 13:34,원익머트리얼즈,코스닥,[정정]주주총회소집공고,원익머트리얼즈
20260313000514,2026-03-13 13:31,한화솔루션,유가증권,[정정]주주총회소집공고,한화솔루션
20260313000506,2026-03-13 13:29,오건에코텍,코넥스,주주총회소집공고,오건에코텍
20260313000502,2026-03-13 13:26,싸이닉솔루션,코스닥,주주총회소집공고,싸이닉솔루션
20260313000498,2026-03-13 13:24,시큐레터,코스닥,주주총회소집공고,시큐레터
20260313000485,2026-03-13 13:18,모나미,유가증권,주주총회소집공고,모나미
20260313000478,2026-03-13 13:16,푸드웰,코스닥,주주총회소집공고,푸드웰
20260313000468,2026-03-13 13:14,이글루,코스닥,주주총회소집공고,이글루코퍼레이션
20260313000466,2026-03-13 13:14,안랩,코스닥,주주총회소집공고,안랩
20260313000462,2026-03-13 13:12,질경이,코넥스,주주총회소집공고,질경이
20260313000461,2026-03-13 13:11,미래엔에듀파트너,코넥스,주주총회소집공고,미래엔에듀파트너
20260313000459,2026-03-13 13:10,애니메디솔루션,코넥스,주주총회소집공고,애니메디솔루션
20260313000453,2026-03-13 13:07,오르비텍,코스닥,[정정]주주총회소집공고,오르비텍
20260313000450,2026-03-13 13:05,누보,코스닥,주주총회소집공고,누보
20260313000446,2026-03-13 13:03,강원랜드,유가증권,[정정]주주총회소집공고,강원랜드
20260313000439,2026-03-13 12:56,와이엔텍,코스닥,주주총회소집공고,와이엔텍
20260313000432,2026-03-13 12:41,티엘엔지니어링,코넥스,주주총회소집공고,티엘엔지니어링
20260313000428,2026-03-13 12:39,세보엠이씨,코스닥,[정정]주주총회소집공고,세보엠이씨
20260313000423,2026-03-13 12:28,코메론,코스닥,[정정]주주총회소집공고,코메론
20260313000421,2026-03-13 12:24,프로티나,코스닥,주주총회소집공고,프로티나
20260313000412,2026-03-13 12:07,DH오토넥스,유가증권,주주총회소집공고,디에이치오토넥스
20260313000409,2026-03-13 12:03,비에이치아이,코스닥,주주총회소집공고,비에이치아이
20260313000407,2026-03-13 12:01,크라우드웍스,코스닥,주주총회소집공고,크라우드웍스
20260313000404,2026-03-13 11:58,오비고,코스닥,주주총회소집공고,오비고
20260313000391,2026-03-13 11:47,대한제분,유가증권,[정정]주주총회소집공고,대한제분
20260313000388,2026-03-13 11:46,피에스케이,코스닥,[정정]주주총회소집공고,피에스케이
20260313000387,2026-03-13 11:45,새론오토모티브,유가증권,주주총회소집공고,새론오토모티브
20260313000385,2026-03-13 11:44,삼정펄프,유가증권,주주총회소집공고,삼정펄프
20260313000381,2026-03-13 11:42,제노코,코스닥,[정정]주주총회소집공고,제노코
20260313000378,2026-03-13 11:37,아이엠,코스닥,[정정]주주총회소집공고,아이엠
20260313000373,2026-03-13 11:33,KC산업,코넥스,[정정]주주총회소집공고,케이씨산업
20260313000372,2026-03-13 11:33,펨트론,코스닥,주주총회소집공고,펨트론
20260313000366,2026-03-13 11:28,엔젯,코스닥,주주총회소집공고,엔젯
20260313000356,2026-03-13 11:25,슈프리마에이치큐,코스닥,주주총회소집공고,슈프리마에이치큐
20260313000352,2026-03-13 11:24,아모그린텍,코스닥,[정정]주주총회소집공고,아모그린텍
20260313000345,2026-03-13 11:21,수성웹툰,코스닥,주주총회소집공고,수성웹툰
20260313000338,2026-03-13 11:18,일성건설,유가증권,주주총회소집공고,일성건설
20260313000336,2026-03-13 11:17,이노스페이스,코스닥,[정정]주주총회소집공고,이노스페이스
20260313000329,2026-03-13 11:09,지앤이헬스케어,코넥스,주주총회소집공고,지앤이헬스케어
20260313000317,2026-03-13 11:06,지구홀딩스,코스닥,주주총회소집공고,지구홀딩스
20260313000312,2026-03-13 11:05,로젠,코스닥,주주총회소집공고,로젠
20260313000307,2026-03-13 11:03,예림당,코스닥,주주총회소집공고,예림당
20260313000306,2026-03-13 11:03,미디어젠,코스닥,주주총회소집공고,미디어젠
20260313000304,2026-03-13 11:01,한국기업평가,코스닥,[정정]주주총회소집공고,한국기업평가
20260313000303,2026-03-13 11:00,사피엔반도체,코스닥,주주총회소집공고,사피엔반도체
20260313000295,2026-03-13 10:56,KG모빌리티,유가증권,[정정]주주총회소집공고,케이지모빌리티
20260313000293,2026-03-13 10:55,티엘비,코스닥,주주총회소집공고,티엘비
20260313000287,2026-03-13 10:53,에스에스알,코스닥,주주총회소집공고,에스에스알
20260313000284,2026-03-13 10:52,GKL,유가증권,[정정]주주총회소집공고,그랜드코리아레저
20260313000281,2026-03-13 10:52,쿼드메디슨,코스닥,주주총회소집공고,쿼드메디슨
20260313000272,2026-03-13 10:48,삼진식품,코스닥,주주총회소집공고,삼진식품
20260313000271,2026-03-13 10:48,지어소프트,코스닥,주주총회소집공고,지어소프트
20260313000265,2026-03-13 10:44,SY동아,코스닥,주주총회소집공고,SY동아
20260313000260,2026-03-13 10:42,에스비비테크,코스닥,주주총회소집공고,에스비비테크
20260313000250,2026-03-13 10:40,비엠티,코스닥,주주총회소집공고,비엠티
20260313000245,2026-03-13 10:37,피에스케이,코스닥,주주총회소집공고,피에스케이
20260313000243,2026-03-13 10:36,파인디앤씨,코스닥,주주총회소집공고,파인디앤씨
20260313000239,2026-03-13 10:35,시지메드텍,코스닥,[정정]주주총회소집공고,시지메드텍
20260313000235,2026-03-13 10:32,셀바스헬스케어,코스닥,주주총회소집공고,셀바스헬스케어
20260313000232,2026-03-13 10:31,대원미디어,코스닥,[정정]주주총회소집공고,대원미디어
20260313000231,2026-03-13 10:30,위세아이텍,코스닥,주주총회소집공고,위세아이텍
20260313000227,2026-03-13 10:28,화성밸브,코스닥,주주총회소집공고,화성밸브
20260313000216,2026-03-13 10:17,오파스넷,코스닥,주주총회소집공고,오파스넷
20260313000213,2026-03-13 10:15,토마토시스템,코스닥,[정정]주주총회소집공고,토마토시스템
20260313000211,2026-03-13 10:15,와이어블,코스닥,주주총회소집공고,와이어블
20260313000205,2026-03-13 10:12,파이오링크,코스닥,주주총회소집공고,파이오링크
20260313000198,2026-03-13 10:10,엔시스,코스닥,주주총회소집공고,엔시스
20260313000193,2026-03-13 10:05,삼영엠텍,코스닥,주주총회소집공고,삼영엠텍
20260313000184,2026-03-13 09:56,피에스케이,코스닥,주주총회소집공고,피에스케이
20260313000182,2026-03-13 09:55,아이엠비디엑스,코스닥,주주총회소집공고,아이엠비디엑스
20260313000164,2026-03-13 09:43,한국토지신탁,유가증권,[정정]주주총회소집공고,한국토지신탁
20260313000163,2026-03-13 09:42,에스켐,코스닥,주주총회소집공고,에스켐
20260313000161,2026-03-13 09:42,삼진,코스닥,[정정]주주총회소집공고,삼진
20260313000153,2026-03-13 09:39,레이,코스닥,주주총회소집공고,레이
20260313000146,2026-03-13 09:33,팡스카이,코넥스,주주총회소집공고,팡스카이
20260313000143,2026-03-13 09:31,제일테크노스,코스닥,주주총회소집공고,제일테크노스
20260313000140,2026-03-13 09:28,뉴키즈온,코스닥,[정정]주주총회소집공고,뉴키즈온
20260313000138,2026-03-13 09:27,나인앤컴퍼니,코스닥,주주총회소집공고,나인앤컴퍼니
20260313000133,2026-03-13 09:19,대성창투,코스닥,주주총회소집공고,대성창업투자
20260313000125,2026-03-13 09:12,레이저옵텍,코스닥,주주총회소집공고,레이저옵텍
20260313000116,2026-03-13 09:08,우진아이엔에스,유가증권,주주총회소집공고,우진아이엔에스
20260313000094,2026-03-13 08:46,세운메디칼,코스닥,주주총회소집공고,세운메디칼
20260313000088,2026-03-13 08:42,그리티,코스닥,[정정]주주총회소집공고,그리티
20260313000084,2026-03-13 08:40,피에스케이홀딩스,코스닥,주주총회소집공고,피에스케이홀딩스
20260313000061,2026-03-13 08:31,한싹,코스닥,주주총회소집공고,한싹
20260313000007,2026-03-13 07:48,우리바이오,코스닥,[정정]주주총회소집공고,우리바이오
20260312002488,2026-03-13 07:30,코렌텍,코스닥,주주총회소집공고,코렌텍
20260312002459,2026-03-13 07:30,졸스,코스닥,주주총회소집공고,졸스
20260312002455,2026-03-13 07:30,이지스,코스닥,[정정]주주총회소집공고,이지스
20260312002440,2026-03-13 07:30,인스피언,코스닥,주주총회소집공고,인스피언
20260312002426,2026-03-13 07:30,우리바이오,코스닥,주주총회소집공고,우리바이오
20260312002404,2026-03-13 07:30,한전산업,유가증권,주주총회소집공고,한전산업개발
20260312002390,2026-03-13 07:30,태광산업,유가증권,주주총회소집공고,태광산업
20260312002384,2026-03-12 18:00,대원,코스닥,주주총회소집공고,대원
20260312002383,2026-03-12 18:00,씨엠티엑스,코스닥,주주총회소집공고,씨엠티엑스
20260312002375,2026-03-12 17:59,골프존,코스닥,주주총회소집공고,골프존
20260312002371,2026-03-12 17:59,엠투엔,코스닥,주주총회소집공고,엠투엔
20260312002365,2026-03-12 17:58,골프존홀딩스,코스닥,주주총회소집공고,골프존홀딩스
20260312002358,2026-03-12 17:57,우리엔터프라이즈,코스닥,주주총회소집공고,우리엔터프라이즈
20260312002357,2026-03-12 17:57,에스프리즘,코스닥,주주총회소집공고,에스프리즘
20260312002351,2026-03-12 17:57,바이오스마트,코스닥,주주총회소집공고,바이오스마트
20260312002340,2026-03-12 17:55,동일기연,코스닥,주주총회소집공고,동일기연
20260312002335,2026-03-12 17:55,이지스,코스닥,주주총회소집공고,이지스
20260312002328,2026-03-12 17:53,인스웨이브,코스닥,주주총회소집공고,인스웨이브
20260312002325,2026-03-12 17:53,노랑풍선,코스닥,[정정]주주총회소집공고,노랑풍선
20260312002321,2026-03-12 17:52,비나텍,코스닥,주주총회소집공고,비나텍
20260312002320,2026-03-12 17:52,에코글로우,코스닥,주주총회소집공고,에코글로우
20260312002319,2026-03-12 17:52,노바렉스,코스닥,주주총회소집공고,노바렉스
20260312002317,2026-03-12 17:52,실리콘투,코스닥,[정정]주주총회소집공고,실리콘투
20260312002314,2026-03-12 17:51,티플랙스,코스닥,주주총회소집공고,티플랙스
20260312002312,2026-03-12 17:51,대한제분,유가증권,주주총회소집공고,대한제분
20260312002307,2026-03-12 17:50,우리로,코스닥,주주총회소집공고,우리로
20260312002292,2026-03-12 17:48,에이텍,코스닥,주주총회소집공고,에이텍
20260312002289,2026-03-12 17:48,그린생명과학,코스닥,[정정]주주총회소집공고,그린생명과학
20260312002281,2026-03-12 17:47,유진기업,코스닥,주주총회소집공고,유진기업
20260312002273,2026-03-12 17:45,신테카바이오,코스닥,주주총회소집공고,신테카바이오
20260312002272,2026-03-12 17:45,오름테라퓨틱,코스닥,주주총회소집공고,오름테라퓨틱
20260312002267,2026-03-12 17:45,SK시그넷,코넥스,주주총회소집공고,SK시그넷
20260312002255,2026-03-12 17:43,인터플렉스,코스닥,주주총회소집공고,인터플렉스
20260312002254,2026-03-12 17:42,메가스터디,코스닥,주주총회소집공고,메가스터디
20260312002240,2026-03-12 17:41,나이벡,코스닥,주주총회소집공고,나이벡
20260312002237,2026-03-12 17:41,에이블씨엔씨,유가증권,주주총회소집공고,에이블씨엔씨
20260312002236,2026-03-12 17:40,리드코프,코스닥,[정정]주주총회소집공고,리드코프
20260312002233,2026-03-12 17:40,엘티씨,코스닥,주주총회소집공고,엘티씨
20260312002230,2026-03-12 17:40,씨에스베어링,코스닥,[정정]주주총회소집공고,씨에스베어링
20260312002225,2026-03-12 17:40,앤디포스,코스닥,[정정]주주총회소집공고,앤디포스
20260312002215,2026-03-12 17:39,제이티,코스닥,주주총회소집공고,제이티
20260312002214,2026-03-12 17:39,로지스몬,코넥스,[정정]주주총회소집공고,로지스몬
20260312002210,2026-03-12 17:38,오리온,유가증권,[정정]주주총회소집공고,오리온
20260312002207,2026-03-12 17:38,인선이엔티,코스닥,주주총회소집공고,인선이엔티
20260312002206,2026-03-12 17:38,LS,유가증권,[정정]주주총회소집공고,LS
20260312002201,2026-03-12 17:37,윈팩,코스닥,주주총회소집공고,윈팩
20260312002196,2026-03-12 17:37,한샘,유가증권,주주총회소집공고,한샘
20260312002195,2026-03-12 17:37,라온시큐어,코스닥,주주총회소집공고,라온시큐어
20260312002189,2026-03-12 17:36,iMBC,코스닥,주주총회소집공고,아이엠비씨
20260312002185,2026-03-12 17:36,메디콕스,코스닥,주주총회소집공고,메디콕스
20260312002173,2026-03-12 17:34,엠엑스로보틱스,코스닥,주주총회소집공고,엠엑스로보틱스
20260312002165,2026-03-12 17:34,위메이드,코스닥,주주총회소집공고,위메이드
20260312002160,2026-03-12 17:33,대한광통신,코스닥,주주총회소집공고,대한광통신
20260312002159,2026-03-12 17:33,에프엔씨엔터,코스닥,주주총회소집공고,에프엔씨엔터테인먼트
20260312002157,2026-03-12 17:33,삼진,코스닥,주주총회소집공고,삼진
20260312002154,2026-03-12 17:33,원익홀딩스,코스닥,주주총회소집공고,원익홀딩스
20260312002152,2026-03-12 17:32,에이텀,코스닥,주주총회소집공고,에이텀
20260312002136,2026-03-12 17:31,큐에이드,코스닥,주주총회소집공고,큐에이드
20260312002096,2026-03-12 17:27,시너지이노베이션,코스닥,주주총회소집공고,시너지이노베이션
20260312002092,2026-03-12 17:26,롯데손해보험,유가증권,주주총회소집공고,롯데손해보험
20260312002079,2026-03-12 17:25,이수스페셜티케미컬,유가증권,주주총회소집공고,이수스페셜티케미컬
20260312002074,2026-03-12 17:25,코리안리,유가증권,주주총회소집공고,코리안리재보험
20260312002069,2026-03-12 17:24,유니온바이오메트릭스,코스닥,주주총회소집공고,유니온바이오메트릭스
20260312002068,2026-03-12 17:24,더블유에스아이,코스닥,[정정]주주총회소집공고,더블유에스아이
20260312002059,2026-03-12 17:23,코어라인소프트,코스닥,주주총회소집공고,코어라인소프트
20260312002052,2026-03-12 17:22,한주라이트메탈,코스닥,주주총회소집공고,한주라이트메탈
20260312002049,2026-03-12 17:22,리튬포어스,코스닥,주주총회소집공고,리튬포어스
20260312002047,2026-03-12 17:22,휴니드테크놀러지스,유가증권,주주총회소집공고,휴니드테크놀러지스
20260312002036,2026-03-12 17:20,큐브엔터,코스닥,주주총회소집공고,큐브엔터테인먼트
20260312002028,2026-03-12 17:18,비투엔,코스닥,주주총회소집공고,비투엔
20260312002020,2026-03-12 17:18,에이직랜드,코스닥,주주총회소집공고,에이직랜드
20260312002017,2026-03-12 17:17,플래티어,코스닥,주주총회소집공고,플래티어
20260312001990,2026-03-12 17:13,에스엠국일,코스닥,주주총회소집공고,에스엠국일
20260312001972,2026-03-12 17:12,대현,유가증권,주주총회소집공고,대현
20260312001970,2026-03-12 17:12,삼성공조,유가증권,주주총회소집공고,삼성공조
20260312001969,2026-03-12 17:11,앤디포스,코스닥,주주총회소집공고,앤디포스
20260312001967,2026-03-12 17:11,이수화학,유가증권,주주총회소집공고,이수화학
20260312001962,2026-03-12 17:11,액트로,코스닥,[정정]주주총회소집공고,액트로
20260312001952,2026-03-12 17:09,남양유업,유가증권,주주총회소집공고,남양유업
20260312001947,2026-03-12 17:09,블루콤,코스닥,주주총회소집공고,블루콤
20260312001942,2026-03-12 17:08,성호전자,코스닥,주주총회소집공고,성호전자
20260312001941,2026-03-12 17:08,에치에프알,코스닥,주주총회소집공고,에치에프알
20260312001890,2026-03-12 17:06,에임드바이오,코스닥,주주총회소집공고,에임드바이오
20260312001880,2026-03-12 17:04,한국앤컴퍼니,유가증권,[정정]주주총회소집공고,한국앤컴퍼니
20260312001875,2026-03-12 17:04,M83,코스닥,주주총회소집공고,엠83
20260312001867,2026-03-12 17:03,상지건설,코스닥,주주총회소집공고,상지건설
20260312001866,2026-03-12 17:03,에피소드컴퍼니,코스닥,주주총회소집공고,에피소드컴퍼니
20260312001865,2026-03-12 17:03,KH바텍,코스닥,주주총회소집공고,케이에이치바텍
20260312001849,2026-03-12 17:01,아주IB투자,코스닥,주주총회소집공고,아주아이비투자
20260312001840,2026-03-12 17:00,판타지오,코스닥,주주총회소집공고,판타지오
20260312001836,2026-03-12 17:00,케이티알파,코스닥,[정정]주주총회소집공고,케이티알파
20260312001835,2026-03-12 17:00,강스템바이오텍,코스닥,주주총회소집공고,강스템바이오텍
20260312001834,2026-03-12 17:00,메디앙스,코스닥,주주총회소집공고,메디앙스
20260312001815,2026-03-12 16:58,이지트로닉스,코스닥,주주총회소집공고,이지트로닉스
20260312001811,2026-03-12 16:57,SYTS,유가증권,주주총회소집공고,에스와이티에스
20260312001809,2026-03-12 16:57,대모,코스닥,[정정]주주총회소집공고,대모엔지니어링
20260312001807,2026-03-12 16:57,다산네트웍스,코스닥,주주총회소집공고,다산네트웍스
20260312001796,2026-03-12 16:55,팜젠사이언스,유가증권,주주총회소집공고,팜젠사이언스
20260312001793,2026-03-12 16:55,영원무역홀딩스,유가증권,주주총회소집공고,영원무역홀딩스
20260312001782,2026-03-12 16:54,아시아종묘,코스닥,주주총회소집공고,농업회사법인아시아종묘
20260312001781,2026-03-12 16:54,씨어스,코스닥,주주총회소집공고,씨어스
20260312001779,2026-03-12 16:54,메가엠디,코스닥,주주총회소집공고,메가엠디
20260312001777,2026-03-12 16:53,아이오케이이엔엠,코스닥,주주총회소집공고,아이오케이이엔엠
20260312001775,2026-03-12 16:53,세종메디칼,코스닥,주주총회소집공고,세종메디칼
20260312001769,2026-03-12 16:53,영원무역,유가증권,주주총회소집공고,영원무역
20260312001764,2026-03-12 16:52,블리츠웨이엔터테인먼트,코스닥,주주총회소집공고,블리츠웨이엔터테인먼트
20260312001756,2026-03-12 16:52,에스티오,코스닥,주주총회소집공고,㈜에스티오
20260312001752,2026-03-12 16:51,인텍플러스,코스닥,[정정]주주총회소집공고,인텍플러스
20260312001749,2026-03-12 16:51,매일홀딩스,코스닥,주주총회소집공고,매일홀딩스
20260312001731,2026-03-12 16:49,신대양제지,유가증권,주주총회소집공고,신대양제지
20260312001724,2026-03-12 16:48,오아,코스닥,주주총회소집공고,오아
20260312001718,2026-03-12 16:47,조광피혁,유가증권,주주총회소집공고,조광피혁
20260312001694,2026-03-12 16:45,네오오토,코스닥,주주총회소집공고,네오오토
20260312001692,2026-03-12 16:45,SOOP,코스닥,주주총회소집공고,숲
20260312001685,2026-03-12 16:45,휴림에이텍,코스닥,주주총회소집공고,휴림에이텍
20260312001681,2026-03-12 16:44,KX,코스닥,주주총회소집공고,케이엑스이노베이션
20260312001680,2026-03-12 16:44,케이씨씨글라스,유가증권,[정정]주주총회소집공고,케이씨씨글라스
20260312001669,2026-03-12 16:42,케이엔솔,코스닥,주주총회소집공고,케이엔솔
20260312001667,2026-03-12 16:42,동진쎄미켐,코스닥,주주총회소집공고,동진쎄미켐
20260312001666,2026-03-12 16:42,YTN,코스닥,주주총회소집공고,와이티엔
20260312001665,2026-03-12 16:42,서울제약,코스닥,주주총회소집공고,서울제약
20260312001664,2026-03-12 16:42,매일유업,코스닥,주주총회소집공고,매일유업
20260312001663,2026-03-12 16:42,오늘이엔엠,코스닥,주주총회소집공고,오늘이엔엠
20260312001655,2026-03-12 16:41,뷰티스킨,코스닥,주주총회소집공고,뷰티스킨
20260312001648,2026-03-12 16:41,케이엘넷,코스닥,주주총회소집공고,케이엘넷
20260312001643,2026-03-12 16:40,동화기업,코스닥,주주총회소집공고,동화기업
20260312001630,2026-03-12 16:39,에이비온,코스닥,주주총회소집공고,에이비온
20260312001628,2026-03-12 16:39,성창오토텍,코스닥,주주총회소집공고,성창오토텍
20260312001624,2026-03-12 16:39,대림통상,유가증권,주주총회소집공고,대림통상
20260312001620,2026-03-12 16:39,지슨,코스닥,주주총회소집공고,지슨
20260312001605,2026-03-12 16:38,아이마켓코리아,유가증권,주주총회소집공고,아이마켓코리아
20260312001602,2026-03-12 16:38,디앤씨미디어,코스닥,주주총회소집공고,디앤씨미디어
20260312001594,2026-03-12 16:36,뉴로메카,코스닥,주주총회소집공고,뉴로메카
20260312001593,2026-03-12 16:36,시그네틱스,코스닥,주주총회소집공고,시그네틱스
20260312001583,2026-03-12 16:35,코리아써키트,유가증권,주주총회소집공고,코리아써키트
20260312001569,2026-03-12 16:34,두산에너빌리티,유가증권,주주총회소집공고,두산에너빌리티
20260312001568,2026-03-12 16:34,네오위즈,코스닥,주주총회소집공고,네오위즈
20260312001565,2026-03-12 16:34,한국경제TV,코스닥,주주총회소집공고,한국경제티브이
20260312001563,2026-03-12 16:34,삼영전자공업,유가증권,주주총회소집공고,삼영전자공업
20260312001559,2026-03-12 16:34,한국금융지주,유가증권,주주총회소집공고,한국투자금융지주
20260312001557,2026-03-12 16:34,메디안디노스틱,코넥스,주주총회소집공고,메디안디노스틱
20260312001550,2026-03-12 16:33,삼성전자,유가증권,[정정]주주총회소집공고,삼성전자
20260312001537,2026-03-12 16:32,한국토지신탁,유가증권,[정정]주주총회소집공고,한국토지신탁
20260312001536,2026-03-12 16:32,모베이스,코스닥,주주총회소집공고,모베이스
20260312001534,2026-03-12 16:32,오리엔트정공,코스닥,주주총회소집공고,오리엔트정공
20260312001531,2026-03-12 16:31,티케이지애강,코스닥,주주총회소집공고,티케이지애강
20260312001530,2026-03-12 16:31,에이루트,코스닥,주주총회소집공고,에이루트
20260312001522,2026-03-12 16:30,광전자,유가증권,주주총회소집공고,광전자
20260312001519,2026-03-12 16:30,KISCO홀딩스,유가증권,주주총회소집공고,KISCO홀딩스
20260312001493,2026-03-12 16:27,브이티,코스닥,주주총회소집공고,브이티
20260312001492,2026-03-12 16:27,케이씨티시,유가증권,주주총회소집공고,케이씨티시
20260312001482,2026-03-12 16:25,나라셀라,코스닥,주주총회소집공고,나라셀라
20260312001477,2026-03-12 16:25,이엔셀,코스닥,주주총회소집공고,이엔셀
20260312001468,2026-03-12 16:24,고영,코스닥,주주총회소집공고,고영테크놀러지
20260312001449,2026-03-12 16:22,에프엔에스테크,코스닥,[정정]주주총회소집공고,에프엔에스테크
20260312001448,2026-03-12 16:21,오스테오닉,코스닥,주주총회소집공고,오스테오닉
20260312001441,2026-03-12 16:21,캐스텍코리아,코스닥,주주총회소집공고,캐스텍코리아
20260312001434,2026-03-12 16:20,마이크로컨텍솔,코스닥,주주총회소집공고,마이크로컨텍솔루션
20260312001431,2026-03-12 16:19,대한해운,유가증권,주주총회소집공고,대한해운
20260312001427,2026-03-12 16:19,바이오솔루션,코스닥,주주총회소집공고,바이오솔루션
20260312001425,2026-03-12 16:19,스톤브릿지벤처스,코스닥,주주총회소집공고,스톤브릿지벤처스
20260312001424,2026-03-12 16:19,미래산업,유가증권,주주총회소집공고,미래산업
20260312001419,2026-03-12 16:18,동원개발,코스닥,주주총회소집공고,동원개발
20260312001416,2026-03-12 16:18,대림바스,유가증권,주주총회소집공고,대림바스
20260312001413,2026-03-12 16:18,유니테스트,코스닥,주주총회소집공고,유니테스트
20260312001409,2026-03-12 16:18,삼익THK,유가증권,주주총회소집공고,삼익THK
20260312001405,2026-03-12 16:17,비츠로시스,코스닥,[정정]주주총회소집공고,비츠로시스
20260312001399,2026-03-12 16:17,엔젤로보틱스,코스닥,주주총회소집공고,엔젤로보틱스
20260312001395,2026-03-12 16:16,에스와이,코스닥,주주총회소집공고,에스와이
20260312001393,2026-03-12 16:16,오브젠,코스닥,주주총회소집공고,오브젠
20260312001392,2026-03-12 16:16,TS인베스트먼트,코스닥,주주총회소집공고,티에스인베스트먼트
20260312001391,2026-03-12 16:16,유라클,코스닥,주주총회소집공고,유라클
20260312001390,2026-03-12 16:16,한국철강,유가증권,주주총회소집공고,한국철강
20260312001389,2026-03-12 16:16,휴네시온,코스닥,주주총회소집공고,휴네시온
20260312001376,2026-03-12 16:15,CS,코스닥,주주총회소집공고,씨에스
20260312001371,2026-03-12 16:14,텔코웨어,유가증권,주주총회소집공고,텔코웨어
20260312001369,2026-03-12 16:14,하이비젼시스템,코스닥,주주총회소집공고,하이비젼시스템
20260312001357,2026-03-12 16:13,남해화학,유가증권,[정정]주주총회소집공고,남해화학
20260312001356,2026-03-12 16:13,파인테크닉스,코스닥,주주총회소집공고,파인테크닉스
20260312001355,2026-03-12 16:13,엔피씨,유가증권,주주총회소집공고,엔피씨
20260312001352,2026-03-12 16:12,메디포스트,코스닥,주주총회소집공고,메디포스트
20260312001350,2026-03-12 16:12,아티스트컴퍼니,코스닥,주주총회소집공고,아티스트컴퍼니
20260312001347,2026-03-12 16:12,대한제당,유가증권,[정정]주주총회소집공고,대한제당
20260312001314,2026-03-12 16:09,로킷헬스케어,코스닥,주주총회소집공고,로킷헬스케어
20260312001310,2026-03-12 16:09,도부,코넥스,주주총회소집공고,도부
20260312001309,2026-03-12 16:09,한익스프레스,유가증권,주주총회소집공고,한익스프레스
20260312001306,2026-03-12 16:09,한국내화,유가증권,주주총회소집공고,한국내화
20260312001303,2026-03-12 16:08,엑세스바이오,코스닥,주주총회소집공고,엑세스바이오 인코퍼레이션
20260312001291,2026-03-12 16:07,모델솔루션,코스닥,[정정]주주총회소집공고,모델솔루션
20260312001283,2026-03-12 16:07,HLB펩,코스닥,주주총회소집공고,에이치엘비펩
20260312001282,2026-03-12 16:07,오상자이엘,코스닥,주주총회소집공고,오상자이엘
20260312001277,2026-03-12 16:07,현대사료,코스닥,[정정]주주총회소집공고,현대사료
20260312001272,2026-03-12 16:06,모티브링크,코스닥,주주총회소집공고,모티브링크
20260312001271,2026-03-12 16:06,인포바인,코스닥,주주총회소집공고,인포바인
20260312001253,2026-03-12 16:04,디티앤씨알오,코스닥,주주총회소집공고,디티앤씨알오
20260312001251,2026-03-12 16:04,SBS,유가증권,주주총회소집공고,SBS
20260312001246,2026-03-12 16:04,DSC인베스트먼트,코스닥,주주총회소집공고,디에스씨인베스트먼트
20260312001241,2026-03-12 16:03,알에스오토메이션,코스닥,[정정]주주총회소집공고,알에스오토메이션
20260312001239,2026-03-12 16:03,대양금속,유가증권,주주총회소집공고,대양금속
20260312001225,2026-03-12 16:02,GMI벤처,코스닥,주주총회소집공고,지엠아이벤처
20260312001202,2026-03-12 15:59,원포유,코넥스,주주총회소집공고,원포유
20260312001196,2026-03-12 15:58,가온칩스,코스닥,주주총회소집공고,가온칩스
20260312001186,2026-03-12 15:57,리더스코스메틱,코스닥,주주총회소집공고,리더스코스메틱
20260312001179,2026-03-12 15:56,KX하이텍,코스닥,[정정]주주총회소집공고,케이엑스하이텍
20260312001164,2026-03-12 15:55,티와이홀딩스,유가증권,주주총회소집공고,티와이홀딩스
20260312001162,2026-03-12 15:55,전방,유가증권,[정정]주주총회소집공고,전방
20260312001161,2026-03-12 15:55,에이비엘바이오,코스닥,주주총회소집공고,에이비엘바이오
20260312001150,2026-03-12 15:54,하나투어,유가증권,주주총회소집공고,하나투어
20260312001145,2026-03-12 15:53,대륙제관,코스닥,주주총회소집공고,대륙제관
20260312001131,2026-03-12 15:52,대한과학,코스닥,주주총회소집공고,대한과학
20260312001122,2026-03-12 15:50,대성산업,유가증권,주주총회소집공고,대성산업
20260312001117,2026-03-12 15:50,아미노로직스,코스닥,주주총회소집공고,아미노로직스
20260312001111,2026-03-12 15:49,대창솔루션,코스닥,[정정]주주총회소집공고,대창솔루션
20260312001099,2026-03-12 15:48,KCC건설,코스닥,주주총회소집공고,케이씨씨건설
20260312001096,2026-03-12 15:47,에스오에스랩,코스닥,[정정]주주총회소집공고,에스오에스랩
20260312001095,2026-03-12 15:47,태경비케이,유가증권,주주총회소집공고,태경비케이
20260312001093,2026-03-12 15:46,WISCOM,유가증권,주주총회소집공고,WISCOM
20260312001090,2026-03-12 15:46,그리티,코스닥,주주총회소집공고,그리티
20260312001081,2026-03-12 15:44,PS일렉트로닉스,코스닥,[정정]주주총회소집공고,피에스일렉트로닉스
20260312001072,2026-03-12 15:42,두산밥캣,유가증권,[정정]주주총회소집공고,두산밥캣
20260312001059,2026-03-12 15:40,백산,유가증권,주주총회소집공고,백산
20260312001058,2026-03-12 15:40,유디엠텍,코스닥,주주총회소집공고,유디엠텍
20260312001057,2026-03-12 15:40,케이디켐,코스닥,주주총회소집공고,케이디켐
20260312001053,2026-03-12 15:39,진로발효,코스닥,주주총회소집공고,진로발효
20260312001051,2026-03-12 15:39,토마토시스템,코스닥,주주총회소집공고,토마토시스템
20260312001047,2026-03-12 15:39,잇츠한불,유가증권,주주총회소집공고,잇츠한불
20260312001046,2026-03-12 15:39,엔바이오니아,코스닥,주주총회소집공고,엔바이오니아
20260312001029,2026-03-12 15:37,파수AI,코스닥,주주총회소집공고,파수에이아이
20260312001021,2026-03-12 15:37,오스템,코스닥,주주총회소집공고,오스템
20260312001002,2026-03-12 15:35,에스제이엠홀딩스,유가증권,주주총회소집공고,에스제이엠홀딩스
20260312000999,2026-03-12 15:34,HPSP,코스닥,주주총회소집공고,에이치피에스피
20260312000991,2026-03-12 15:34,자화전자,유가증권,[정정]주주총회소집공고,자화전자
20260312000982,2026-03-12 15:32,슈어소프트테크,코스닥,주주총회소집공고,슈어소프트테크
20260312000980,2026-03-12 15:32,PKC,유가증권,[정정]주주총회소집공고,피케이씨
20260312000977,2026-03-12 15:32,위지윅스튜디오,코스닥,주주총회소집공고,위지윅스튜디오
20260312000973,2026-03-12 15:31,주연테크,유가증권,주주총회소집공고,주연테크
20260312000972,2026-03-12 15:31,메타랩스,유가증권,주주총회소집공고,메타랩스
20260312000970,2026-03-12 15:31,롯데관광개발,유가증권,주주총회소집공고,롯데관광개발
20260312000969,2026-03-12 15:31,네패스,코스닥,[정정]주주총회소집공고,네패스
20260312000953,2026-03-12 15:29,일신석재,유가증권,주주총회소집공고,일신석재
20260312000947,2026-03-12 15:28,비트플래닛,코스닥,주주총회소집공고,비트플래닛
20260312000941,2026-03-12 15:27,레드캡투어,코스닥,주주총회소집공고,레드캡투어
20260312000940,2026-03-12 15:27,모비데이즈,코스닥,주주총회소집공고,모비데이즈
20260312000938,2026-03-12 15:27,오킨스전자,코스닥,주주총회소집공고,오킨스전자
20260312000935,2026-03-12 15:27,모비릭스,코스닥,주주총회소집공고,모비릭스
20260312000928,2026-03-12 15:25,인카금융서비스,코스닥,주주총회소집공고,인카금융서비스
20260312000919,2026-03-12 15:24,알서포트,코스닥,주주총회소집공고,알서포트
20260312000918,2026-03-12 15:24,대영포장,유가증권,주주총회소집공고,대영포장
20260312000917,2026-03-12 15:24,동양파일,코스닥,주주총회소집공고,동양파일
20260312000915,2026-03-12 15:24,DSR,유가증권,주주총회소집공고,DSR
20260312000910,2026-03-12 15:23,한빛레이저,코스닥,[정정]주주총회소집공고,한빛레이저
20260312000902,2026-03-12 15:22,율촌,코스닥,[정정]주주총회소집공고,율촌
20260312000899,2026-03-12 15:21,대창솔루션,코스닥,주주총회소집공고,대창솔루션
20260312000898,2026-03-12 15:21,한켐,코스닥,주주총회소집공고,한켐
20260312000890,2026-03-12 15:19,NH농우바이오,코스닥,주주총회소집공고,농업회사법인 엔에이치농우바이오
20260312000889,2026-03-12 15:19,더블유에스아이,코스닥,주주총회소집공고,더블유에스아이
20260312000887,2026-03-12 15:18,넥센타이어,유가증권,[정정]주주총회소집공고,넥센타이어
20260312000885,2026-03-12 15:18,메디톡스,코스닥,주주총회소집공고,메디톡스
20260312000873,2026-03-12 15:15,윤성에프앤씨,코스닥,주주총회소집공고,윤성에프앤씨
20260312000864,2026-03-12 15:13,유진로봇,코스닥,주주총회소집공고,유진로봇
20260312000861,2026-03-12 15:13,삼현,코스닥,주주총회소집공고,삼현
20260312000860,2026-03-12 15:12,핑거스토리,코스닥,주주총회소집공고,핑거스토리
20260312000834,2026-03-12 15:07,와이씨켐,코스닥,주주총회소집공고,와이씨켐
20260312000825,2026-03-12 15:06,삼성출판사,유가증권,주주총회소집공고,삼성출판사
20260312000821,2026-03-12 15:06,파마리서치바이오,코넥스,주주총회소집공고,파마리서치바이오
20260312000818,2026-03-12 15:05,동방메디컬,코스닥,주주총회소집공고,동방메디컬
20260312000816,2026-03-12 15:05,민테크,코스닥,주주총회소집공고,민테크
20260312000815,2026-03-12 15:05,인포뱅크,코스닥,주주총회소집공고,인포뱅크
20260312000812,2026-03-12 15:04,대성홀딩스,유가증권,주주총회소집공고,대성홀딩스
20260312000808,2026-03-12 15:03,YG PLUS,유가증권,주주총회소집공고,와이지플러스
20260312000798,2026-03-12 15:01,테고사이언스,코스닥,주주총회소집공고,테고사이언스
20260312000796,2026-03-12 15:01,엔피케이,코스닥,주주총회소집공고,엔피케이
20260312000792,2026-03-12 15:00,오텍,코스닥,[정정]주주총회소집공고,오텍
20260312000791,2026-03-12 15:00,바이오톡스텍,코스닥,주주총회소집공고,바이오톡스텍
20260312000788,2026-03-12 15:00,이연제약,유가증권,주주총회소집공고,이연제약
20260312000784,2026-03-12 14:59,에스씨디,코스닥,주주총회소집공고,에스씨디
20260312000771,2026-03-12 14:57,KBI메탈,코스닥,주주총회소집공고,케이비아이메탈
20260312000770,2026-03-12 14:56,케이엠,코스닥,주주총회소집공고,케이엠
20260312000769,2026-03-12 14:56,디바이스,코스닥,주주총회소집공고,디바이스
20260312000767,2026-03-12 14:56,로지스몬,코넥스,주주총회소집공고,로지스몬
20260312000764,2026-03-12 14:55,파마리서치,코스닥,주주총회소집공고,파마리서치
20260312000763,2026-03-12 14:54,제로투세븐,코스닥,주주총회소집공고,제로투세븐
20260312000759,2026-03-12 14:53,큐로셀,코스닥,주주총회소집공고,큐로셀
20260312000758,2026-03-12 14:53,와이제이링크,코스닥,주주총회소집공고,와이제이링크
20260312000751,2026-03-12 14:51,케이옥션,코스닥,주주총회소집공고,케이옥션
20260312000744,2026-03-12 14:50,케이피티유,코스닥,주주총회소집공고,케이피티유
20260312000729,2026-03-12 14:45,서울보증보험,유가증권,주주총회소집공고,서울보증보험
20260312000727,2026-03-12 14:45,노바텍,코스닥,[정정]주주총회소집공고,노바텍
20260312000709,2026-03-12 14:41,에스제이엠,유가증권,주주총회소집공고,에스제이엠
20260312000708,2026-03-12 14:41,오픈엣지테크놀로지,코스닥,주주총회소집공고,오픈엣지테크놀로지
20260312000703,2026-03-12 14:40,KBG,코스닥,주주총회소집공고,케이비지
20260312000699,2026-03-12 14:39,이엠티,코넥스,주주총회소집공고,이엠티
20260312000693,2026-03-12 14:38,비츠로시스,코스닥,[정정]주주총회소집공고,비츠로시스
20260312000689,2026-03-12 14:37,우리이앤엘하루틴,코스닥,주주총회소집공고,우리이앤엘하루틴
20260312000681,2026-03-12 14:35,케이웨더,코스닥,주주총회소집공고,케이웨더
20260312000671,2026-03-12 14:33,동인기연,유가증권,주주총회소집공고,동인기연
20260312000670,2026-03-12 14:32,육일씨엔에쓰,코스닥,주주총회소집공고,육일씨엔에쓰
20260312000665,2026-03-12 14:31,한국전자홀딩스,유가증권,주주총회소집공고,한국전자홀딩스
20260312000663,2026-03-12 14:31,제놀루션,코스닥,주주총회소집공고,제놀루션
20260312000645,2026-03-12 14:27,실리콘투,코스닥,주주총회소집공고,실리콘투
20260312000644,2026-03-12 14:26,한창산업,코스닥,[정정]주주총회소집공고,한창산업
20260312000640,2026-03-12 14:26,에스코넥,코스닥,주주총회소집공고,에스코넥
20260312000623,2026-03-12 14:23,오디텍,코스닥,주주총회소집공고,오디텍
20260312000622,2026-03-12 14:23,미쥬,코넥스,주주총회소집공고,미쥬
20260312000609,2026-03-12 14:19,SH에너지화학,유가증권,주주총회소집공고,SH에너지화학
20260312000606,2026-03-12 14:19,KEC,유가증권,주주총회소집공고,케이이씨
20260312000605,2026-03-12 14:18,피앤에스로보틱스,코스닥,[정정]주주총회소집공고,피앤에스로보틱스
20260312000592,2026-03-12 14:16,우리산업홀딩스,코스닥,주주총회소집공고,우리산업홀딩스
20260312000591,2026-03-12 14:16,서울식품공업,유가증권,[정정]주주총회소집공고,서울식품공업
20260312000588,2026-03-12 14:15,바이오플러스,코스닥,주주총회소집공고,바이오플러스
20260312000579,2026-03-12 14:13,신흥,유가증권,주주총회소집공고,신흥
20260312000571,2026-03-12 14:10,솔트룩스,코스닥,주주총회소집공고,솔트룩스
20260312000565,2026-03-12 14:08,대창단조,유가증권,주주총회소집공고,대창단조
20260312000564,2026-03-12 14:08,SK오션플랜트,유가증권,주주총회소집공고,에스케이오션플랜트
20260312000563,2026-03-12 14:08,한창산업,코스닥,주주총회소집공고,한창산업
20260312000559,2026-03-12 14:06,KB오토시스,코스닥,주주총회소집공고,KB오토시스
20260312000549,2026-03-12 14:05,대한제당,유가증권,주주총회소집공고,대한제당
20260312000541,2026-03-12 14:02,인텔리안테크,코스닥,주주총회소집공고,인텔리안테크놀로지스
20260312000539,2026-03-12 14:02,시디즈,유가증권,주주총회소집공고,시디즈
20260312000535,2026-03-12 14:01,부산주공,유가증권,주주총회소집공고,부산주공
20260312000532,2026-03-12 14:00,에스제이켐,코넥스,주주총회소집공고,에스제이켐
20260312000523,2026-03-12 13:58,영진약품,유가증권,[정정]주주총회소집공고,영진약품
20260312000522,2026-03-12 13:57,아이패밀리에스씨,코스닥,주주총회소집공고,아이패밀리에스씨
20260312000518,2026-03-12 13:56,스튜디오삼익,코스닥,주주총회소집공고,스튜디오삼익
20260312000511,2026-03-12 13:53,유신,코스닥,주주총회소집공고,유신
20260312000507,2026-03-12 13:52,현대차증권,유가증권,[정정]주주총회소집공고,현대차증권
20260312000506,2026-03-12 13:52,이미지스,코스닥,[정정]주주총회소집공고,이미지스테크놀로지
20260312000486,2026-03-12 13:48,우리산업,코스닥,주주총회소집공고,우리산업
20260312000485,2026-03-12 13:47,한국쉘석유,유가증권,주주총회소집공고,한국쉘석유
20260312000477,2026-03-12 13:45,유진스팩10호,코스닥,주주총회소집공고,유진기업인수목적10호
20260312000474,2026-03-12 13:45,키스트론,코스닥,주주총회소집공고,키스트론
20260312000472,2026-03-12 13:45,태원물산,유가증권,주주총회소집공고,태원물산
20260312000464,2026-03-12 13:43,에스에너지,코스닥,주주총회소집공고,에스에너지
20260312000444,2026-03-12 13:39,세경하이테크,코스닥,주주총회소집공고,세경하이테크
20260312000439,2026-03-12 13:38,나라엠앤디,코스닥,주주총회소집공고,나라엠앤디
20260312000438,2026-03-12 13:38,피씨디렉트,코스닥,주주총회소집공고,피씨디렉트
20260312000437,2026-03-12 13:37,STX그린로지스,유가증권,주주총회소집공고,STX 그린 로지스
20260312000435,2026-03-12 13:36,엔비알모션,코스닥,[정정]주주총회소집공고,엔비알모션
20260312000422,2026-03-12 13:33,유비벨록스,코스닥,주주총회소집공고,유비벨록스
20260312000418,2026-03-12 13:32,뉴키즈온,코스닥,주주총회소집공고,뉴키즈온
20260312000414,2026-03-12 13:32,차AI헬스케어,유가증권,주주총회소집공고,차AI헬스케어
20260312000402,2026-03-12 13:30,우원개발,코스닥,주주총회소집공고,우원개발
20260312000395,2026-03-12 13:28,코아시아,코스닥,[정정]주주총회소집공고,코아시아
20260312000394,2026-03-12 13:27,시지메드텍,코스닥,주주총회소집공고,시지메드텍
20260312000392,2026-03-12 13:27,이화산업,유가증권,주주총회소집공고,이화산업
20260312000381,2026-03-12 13:22,링네트,코스닥,주주총회소집공고,링네트
20260312000366,2026-03-12 13:16,소프트캠프,코스닥,주주총회소집공고,소프트캠프
20260312000363,2026-03-12 13:15,에이테크솔루션,코스닥,주주총회소집공고,에이테크솔루션
20260312000361,2026-03-12 13:14,컨텍,코스닥,주주총회소집공고,컨텍
20260312000359,2026-03-12 13:12,태광,코스닥,[정정]주주총회소집공고,태광
20260312000358,2026-03-12 13:12,SIMPAC,유가증권,[정정]주주총회소집공고,SIMPAC
20260312000354,2026-03-12 13:10,힘스,코스닥,주주총회소집공고,힘스
20260312000350,2026-03-12 13:08,인바이오,코스닥,주주총회소집공고,인바이오
20260312000349,2026-03-12 13:07,한국주강,유가증권,주주총회소집공고,한국주강
20260312000348,2026-03-12 13:06,동부건설,유가증권,[정정]주주총회소집공고,동부건설
20260312000341,2026-03-12 12:58,럭스피아,코넥스,[정정]주주총회소집공고,럭스피아
20260312000333,2026-03-12 12:32,프로텍,코스닥,주주총회소집공고,프로텍
20260312000330,2026-03-12 12:18,미래반도체,코스닥,주주총회소집공고,미래반도체
20260312000314,2026-03-12 11:54,마이크로투나노,코스닥,주주총회소집공고,마이크로투나노
20260312000309,2026-03-12 11:51,덕산하이메탈,코스닥,주주총회소집공고,덕산하이메탈
20260312000307,2026-03-12 11:50,와이지엔터테인먼트,코스닥,주주총회소집공고,와이지엔터테인먼트
20260312000306,2026-03-12 11:49,E1,유가증권,주주총회소집공고,E1
20260312000304,2026-03-12 11:49,인디에프,유가증권,주주총회소집공고,인디에프
20260312000297,2026-03-12 11:43,동신건설,코스닥,주주총회소집공고,동신건설
20260312000296,2026-03-12 11:43,아이언디바이스,코스닥,주주총회소집공고,아이언디바이스
20260312000292,2026-03-12 11:34,코스맥스엔비티,코스닥,[정정]주주총회소집공고,코스맥스엔비티
20260312000289,2026-03-12 11:33,네오셈,코스닥,[정정]주주총회소집공고,네오셈
20260312000279,2026-03-12 11:29,HS화성,유가증권,주주총회소집공고,에이치에스화성
20260312000276,2026-03-12 11:28,인터로이드,코넥스,[정정]주주총회소집공고,인터로이드
20260312000271,2026-03-12 11:24,센서뷰,코스닥,주주총회소집공고,센서뷰
20260312000267,2026-03-12 11:23,코윈로보틱스,코스닥,[정정]주주총회소집공고,코윈로보틱스
20260312000263,2026-03-12 11:20,한국정보공학,코스닥,주주총회소집공고,한국정보공학
20260312000261,2026-03-12 11:20,지에이이노더스,코넥스,주주총회소집공고,지에이이노더스
20260312000256,2026-03-12 11:16,자화전자,유가증권,[정정]주주총회소집공고,자화전자
20260312000254,2026-03-12 11:16,천일고속,유가증권,주주총회소집공고,천일고속
20260312000250,2026-03-12 11:15,엠에스씨,코스닥,주주총회소집공고,엠에스씨
20260312000241,2026-03-12 11:11,흥국화재,유가증권,[정정]주주총회소집공고,흥국화재해상보험
20260312000240,2026-03-12 11:11,엠오티,코스닥,[정정]주주총회소집공고,엠오티
20260312000237,2026-03-12 11:11,모니터랩,코스닥,[정정]주주총회소집공고,모니터랩
20260312000236,2026-03-12 11:09,이노뎁,코스닥,[정정]주주총회소집공고,이노뎁
20260312000233,2026-03-12 11:09,경창산업,코스닥,주주총회소집공고,경창산업
20260312000218,2026-03-12 11:02,퍼시스,유가증권,주주총회소집공고,퍼시스
20260312000217,2026-03-12 11:02,유아이엘,코스닥,주주총회소집공고,유아이엘
20260312000216,2026-03-12 11:02,SK케미칼,유가증권,[정정]주주총회소집공고,에스케이케미칼
20260312000213,2026-03-12 11:00,미원홀딩스,유가증권,주주총회소집공고,미원홀딩스
20260312000210,2026-03-12 10:58,한국맥널티,코스닥,주주총회소집공고,한국맥널티
20260312000201,2026-03-12 10:55,한국선재,코스닥,주주총회소집공고,한국선재
20260312000199,2026-03-12 10:55,동운아나텍,코스닥,주주총회소집공고,동운아나텍
20260312000197,2026-03-12 10:53,씨유메디칼,코스닥,[정정]주주총회소집공고,씨유메디칼시스템
20260312000192,2026-03-12 10:51,나래나노텍,코스닥,주주총회소집공고,나래나노텍
20260312000191,2026-03-12 10:50,삼기에너지솔루션즈,코스닥,[정정]주주총회소집공고,삼기에너지솔루션즈
20260312000187,2026-03-12 10:48,대덕,유가증권,주주총회소집공고,대덕
20260312000181,2026-03-12 10:45,한컴라이프케어,유가증권,[정정]주주총회소집공고,한컴라이프케어
20260312000177,2026-03-12 10:42,유니퀘스트,유가증권,주주총회소집공고,유니퀘스트
20260312000173,2026-03-12 10:39,인터로이드,코넥스,[정정]주주총회소집공고,인터로이드
20260312000170,2026-03-12 10:34,헥토파이낸셜,코스닥,주주총회소집공고,헥토파이낸셜
20260312000168,2026-03-12 10:33,이노테나,코스닥,주주총회소집공고,이노테나
20260312000167,2026-03-12 10:33,에이치케이,코스닥,[정정]주주총회소집공고,에이치케이
20260312000161,2026-03-12 10:28,HJ중공업,유가증권,주주총회소집공고,에이치제이중공업
20260312000157,2026-03-12 10:24,툴젠,코스닥,주주총회소집공고,툴젠
20260312000155,2026-03-12 10:23,보라티알,코스닥,주주총회소집공고,보라티알
20260312000150,2026-03-12 10:17,서울식품공업,유가증권,주주총회소집공고,서울식품공업
20260312000148,2026-03-12 10:13,티비씨,코스닥,주주총회소집공고,티비씨
20260312000147,2026-03-12 10:13,피앤에스로보틱스,코스닥,주주총회소집공고,피앤에스로보틱스
20260312000144,2026-03-12 10:12,삼화전자공업,유가증권,주주총회소집공고,삼화전자공업
20260312000140,2026-03-12 10:08,신신제약,코스닥,[정정]주주총회소집공고,신신제약
20260312000136,2026-03-12 10:06,펨토바이오메드,코넥스,주주총회소집공고,펨토바이오메드
20260312000130,2026-03-12 10:05,성우하이텍,코스닥,주주총회소집공고,성우하이텍
20260312000129,2026-03-12 10:04,동우팜투테이블,코스닥,주주총회소집공고,동우팜투테이블
20260312000125,2026-03-12 10:02,삼화전기,유가증권,주주총회소집공고,삼화전기
20260312000124,2026-03-12 10:01,NE능률,코스닥,주주총회소집공고,엔이능률
20260312000120,2026-03-12 09:59,한국무브넥스,유가증권,주주총회소집공고,한국무브넥스
20260312000117,2026-03-12 09:55,엠오티,코스닥,[정정]주주총회소집공고,엠오티
20260312000113,2026-03-12 09:50,아바코,코스닥,[정정]주주총회소집공고,아바코
20260312000105,2026-03-12 09:41,앱코,코스닥,주주총회소집공고,앱코
20260312000094,2026-03-12 09:30,한국제12호스팩,코스닥,주주총회소집공고,한국제12호기업인수목적
20260312000092,2026-03-12 09:28,코스리거글로벌,코스닥,[정정]주주총회소집공고,코스리거글로벌
20260312000087,2026-03-12 09:20,오르비텍,코스닥,[정정]주주총회소집공고,오르비텍
20260312000085,2026-03-12 09:18,한국주철관공업,유가증권,주주총회소집공고,한국주철관공업
20260312000068,2026-03-12 09:02,알멕,코스닥,[정정]주주총회소집공고,알멕
20260312000067,2026-03-12 08:54,고려제강,유가증권,주주총회소집공고,고려제강
20260311002715,2026-03-12 07:30,SK네트웍스,유가증권,[정정]주주총회소집공고,SK네트웍스
20260311002702,2026-03-12 07:30,웅진,유가증권,[정정]주주총회소집공고,웅진
20260311002697,2026-03-12 07:30,비츠로시스,코스닥,주주총회소집공고,비츠로시스
20260311002695,2026-03-12 07:30,코셈,코스닥,주주총회소집공고,코셈
20260311002687,2026-03-12 07:30,아이엠,코스닥,주주총회소집공고,아이엠
20260311002676,2026-03-12 07:30,태광,코스닥,주주총회소집공고,태광
20260311002631,2026-03-12 07:30,멤레이비티,코스닥,주주총회소집공고,멤레이비티
20260311002627,2026-03-11 17:59,인바디,코스닥,주주총회소집공고,인바디
20260311002624,2026-03-11 17:59,티이엠씨,코스닥,주주총회소집공고,티이엠씨
20260311002617,2026-03-11 17:57,스맥,코스닥,주주총회소집공고,스맥
20260311002609,2026-03-11 17:56,계양전기,유가증권,주주총회소집공고,계양전기
20260311002597,2026-03-11 17:54,웅진,유가증권,주주총회소집공고,웅진
20260311002594,2026-03-11 17:54,한국앤컴퍼니,유가증권,주주총회소집공고,한국앤컴퍼니
20260311002588,2026-03-11 17:53,오르비텍,코스닥,주주총회소집공고,오르비텍
20260311002586,2026-03-11 17:53,케이뱅크,유가증권,주주총회소집공고,케이뱅크
20260311002584,2026-03-11 17:53,에이플러스에셋,유가증권,주주총회소집공고,에이플러스에셋어드바이저
20260311002583,2026-03-11 17:52,웅진씽크빅,유가증권,주주총회소집공고,웅진씽크빅
20260311002574,2026-03-11 17:51,어보브반도체,코스닥,주주총회소집공고,어보브반도체
20260311002570,2026-03-11 17:50,베노티앤알,코스닥,주주총회소집공고,베노티앤알
20260311002569,2026-03-11 17:50,아이티센엔텍,코스닥,[정정]주주총회소집공고,아이티센엔텍
20260311002564,2026-03-11 17:49,큐캐피탈,코스닥,주주총회소집공고,큐캐피탈파트너스
20260311002560,2026-03-11 17:49,한세예스24홀딩스,유가증권,주주총회소집공고,한세예스24홀딩스
20260311002559,2026-03-11 17:49,아틀라스링크,코스닥,주주총회소집공고,아틀라스링크
20260311002557,2026-03-11 17:49,코스맥스엔비티,코스닥,주주총회소집공고,코스맥스엔비티
20260311002554,2026-03-11 17:49,예스24,코스닥,주주총회소집공고,예스이십사
20260311002546,2026-03-11 17:48,고바이오랩,코스닥,주주총회소집공고,고바이오랩
20260311002545,2026-03-11 17:48,NH투자증권,유가증권,주주총회소집공고,엔에이치투자증권
20260311002542,2026-03-11 17:47,한국정보인증,코스닥,주주총회소집공고,한국정보인증
20260311002536,2026-03-11 17:47,대한뉴팜,코스닥,[정정]주주총회소집공고,대한뉴팜
20260311002534,2026-03-11 17:47,에스오에스랩,코스닥,주주총회소집공고,에스오에스랩
20260311002532,2026-03-11 17:46,LS,유가증권,주주총회소집공고,LS
20260311002518,2026-03-11 17:44,한세엠케이,유가증권,주주총회소집공고,한세엠케이
20260311002506,2026-03-11 17:43,원풍물산,코스닥,주주총회소집공고,원풍물산
20260311002505,2026-03-11 17:43,덴티스,코스닥,주주총회소집공고,덴티스
20260311002502,2026-03-11 17:43,벨로크,코스닥,주주총회소집공고,벨로크
20260311002494,2026-03-11 17:42,JW중외제약,유가증권,[정정]주주총회소집공고,JW중외제약
20260311002476,2026-03-11 17:40,아이티아이즈,코스닥,주주총회소집공고,아이티아이즈
20260311002473,2026-03-11 17:40,케이티알파,코스닥,주주총회소집공고,케이티알파
20260311002470,2026-03-11 17:39,오텍,코스닥,주주총회소집공고,오텍
20260311002457,2026-03-11 17:38,JW생명과학,유가증권,[정정]주주총회소집공고,제이더블유생명과학
20260311002452,2026-03-11 17:37,우리넷,코스닥,주주총회소집공고,우리넷
20260311002449,2026-03-11 17:37,PS일렉트로닉스,코스닥,주주총회소집공고,피에스일렉트로닉스
20260311002448,2026-03-11 17:37,삼성제약,유가증권,주주총회소집공고,삼성제약
20260311002441,2026-03-11 17:36,일양약품,유가증권,주주총회소집공고,일양약품
20260311002440,2026-03-11 17:36,경남제약,코스닥,주주총회소집공고,경남제약
20260311002437,2026-03-11 17:36,플레이위드,코스닥,주주총회소집공고,플레이위드코리아
20260311002435,2026-03-11 17:35,화천기계,유가증권,주주총회소집공고,화천기계
20260311002433,2026-03-11 17:35,HEM파마,코스닥,주주총회소집공고,에이치이엠파마
20260311002431,2026-03-11 17:35,노바텍,코스닥,주주총회소집공고,노바텍
20260311002430,2026-03-11 17:35,에코플라스틱,코스닥,주주총회소집공고,에코플라스틱
20260311002424,2026-03-11 17:34,유수홀딩스,유가증권,주주총회소집공고,유수홀딩스
20260311002414,2026-03-11 17:34,스피어,코스닥,주주총회소집공고,스피어코퍼레이션
20260311002403,2026-03-11 17:33,KT밀리의서재,코스닥,주주총회소집공고,케이티밀리의서재
20260311002402,2026-03-11 17:33,파워넷,코스닥,주주총회소집공고,파워넷
20260311002401,2026-03-11 17:33,옴니시스템,코스닥,주주총회소집공고,옴니시스템
20260311002398,2026-03-11 17:32,JW홀딩스,유가증권,[정정]주주총회소집공고,JW홀딩스
20260311002396,2026-03-11 17:32,메가스터디교육,코스닥,주주총회소집공고,메가스터디교육
20260311002393,2026-03-11 17:31,네패스,코스닥,주주총회소집공고,네패스
20260311002388,2026-03-11 17:31,한일철강,유가증권,[정정]주주총회소집공고,한일철강
20260311002374,2026-03-11 17:29,폴라리스세원,코스닥,주주총회소집공고,폴라리스세원
20260311002369,2026-03-11 17:29,쿠쿠홈시스,유가증권,주주총회소집공고,쿠쿠홈시스
20260311002366,2026-03-11 17:29,하이딥,코스닥,주주총회소집공고,하이딥
20260311002365,2026-03-11 17:29,한일단조,코스닥,주주총회소집공고,한일단조공업
20260311002356,2026-03-11 17:28,카카오,유가증권,[정정]주주총회소집공고,카카오
20260311002352,2026-03-11 17:27,엔비티,코스닥,주주총회소집공고,엔비티
20260311002346,2026-03-11 17:26,유안타증권,유가증권,[정정]주주총회소집공고,유안타증권
20260311002343,2026-03-11 17:26,지투지바이오,코스닥,주주총회소집공고,지투지바이오
20260311002336,2026-03-11 17:26,아센디오,유가증권,주주총회소집공고,아센디오
20260311002335,2026-03-11 17:26,서울반도체,코스닥,주주총회소집공고,서울반도체
20260311002333,2026-03-11 17:26,데이터스트림즈,코넥스,주주총회소집공고,데이터스트림즈
20260311002331,2026-03-11 17:25,부국증권,유가증권,주주총회소집공고,부국증권
20260311002319,2026-03-11 17:24,코미팜,코스닥,주주총회소집공고,코미팜
20260311002315,2026-03-11 17:24,바이오노트,유가증권,[정정]주주총회소집공고,바이오노트
20260311002314,2026-03-11 17:24,경방,유가증권,주주총회소집공고,경방
20260311002307,2026-03-11 17:23,녹십자,유가증권,주주총회소집공고,녹십자
20260311002305,2026-03-11 17:23,에이럭스,코스닥,주주총회소집공고,에이럭스
20260311002293,2026-03-11 17:22,선익시스템,코스닥,주주총회소집공고,선익시스템
20260311002292,2026-03-11 17:22,GST,코스닥,주주총회소집공고,글로벌스탠다드테크놀로지
20260311002291,2026-03-11 17:22,대원제약,유가증권,[정정]주주총회소집공고,대원제약
20260311002274,2026-03-11 17:21,뉴인텍,코스닥,주주총회소집공고,뉴인텍
20260311002271,2026-03-11 17:20,케이아이엔엑스,코스닥,주주총회소집공고,케이아이엔엑스
20260311002267,2026-03-11 17:20,유니트론텍,코스닥,주주총회소집공고,유니트론텍
20260311002264,2026-03-11 17:20,메리츠금융지주,유가증권,[정정]주주총회소집공고,메리츠금융지주
20260311002261,2026-03-11 17:20,시선AI,코스닥,주주총회소집공고,시선에이아이
20260311002259,2026-03-11 17:19,PKC,유가증권,주주총회소집공고,피케이씨
20260311002254,2026-03-11 17:19,CJ CGV,유가증권,[정정]주주총회소집공고,씨제이씨지브이
20260311002252,2026-03-11 17:19,스튜디오드래곤,코스닥,주주총회소집공고,스튜디오드래곤
20260311002248,2026-03-11 17:19,나우로보틱스,코스닥,주주총회소집공고,나우로보틱스
20260311002239,2026-03-11 17:17,엔키AX,코스닥,주주총회소집공고,엔키에이엑스
20260311002234,2026-03-11 17:17,영우디에스피,코스닥,주주총회소집공고,영우디에스피
20260311002228,2026-03-11 17:16,푸른저축은행,코스닥,주주총회소집공고,푸른저축은행
20260311002219,2026-03-11 17:16,태웅로직스,코스닥,주주총회소집공고,태웅로직스
20260311002215,2026-03-11 17:15,기가레인,코스닥,주주총회소집공고,기가레인
20260311002213,2026-03-11 17:15,한양증권,유가증권,주주총회소집공고,한양증권
20260311002210,2026-03-11 17:15,아이에스동서,유가증권,주주총회소집공고,아이에스동서
20260311002205,2026-03-11 17:14,더블유게임즈,유가증권,주주총회소집공고,더블유게임즈
20260311002202,2026-03-11 17:14,서연,유가증권,주주총회소집공고,서연
20260311002201,2026-03-11 17:14,가비아,코스닥,주주총회소집공고,가비아
20260311002198,2026-03-11 17:14,네오크레마,코스닥,주주총회소집공고,네오크레마
20260311002189,2026-03-11 17:14,에스피소프트,코스닥,주주총회소집공고,에스피소프트
20260311002186,2026-03-11 17:14,MDS스피어,유가증권,주주총회소집공고,MDS스피어
20260311002171,2026-03-11 17:13,크라운해태홀딩스,유가증권,주주총회소집공고,크라운해태홀딩스
20260311002166,2026-03-11 17:12,현대글로비스,유가증권,[정정]주주총회소집공고,현대글로비스
20260311002157,2026-03-11 17:12,티움바이오,코스닥,주주총회소집공고,티움바이오
20260311002137,2026-03-11 17:10,금강철강,코스닥,주주총회소집공고,금강철강
20260311002135,2026-03-11 17:10,아이티센엔텍,코스닥,주주총회소집공고,아이티센엔텍
20260311002092,2026-03-11 17:07,크라운제과,유가증권,주주총회소집공고,크라운제과
20260311002088,2026-03-11 17:07,미래컴퍼니,코스닥,주주총회소집공고,미래컴퍼니
20260311002087,2026-03-11 17:07,현대바이오,코스닥,[정정]주주총회소집공고,현대바이오사이언스
20260311002086,2026-03-11 17:07,도이치모터스,코스닥,주주총회소집공고,도이치모터스
20260311002075,2026-03-11 17:06,성창기업지주,유가증권,주주총회소집공고,성창기업지주
20260311002043,2026-03-11 17:06,큐리언트,코스닥,주주총회소집공고,큐리언트
20260311002042,2026-03-11 17:06,티엔엔터테인먼트,코스닥,주주총회소집공고,티엔엔터테인먼트
20260311002038,2026-03-11 17:05,누리플랜,코스닥,주주총회소집공고,누리플랜
20260311002036,2026-03-11 17:05,휴맥스홀딩스,코스닥,주주총회소집공고,휴맥스홀딩스
20260311002035,2026-03-11 17:05,아이앤씨,코스닥,[정정]주주총회소집공고,아이앤씨테크놀로지
20260311002032,2026-03-11 17:05,두산퓨얼셀,유가증권,주주총회소집공고,두산퓨얼셀
20260311002020,2026-03-11 17:04,인투셀,코스닥,주주총회소집공고,인투셀
20260311002011,2026-03-11 17:03,화인써키트,코스닥,주주총회소집공고,화인써키트
20260311002006,2026-03-11 17:02,다우기술,유가증권,주주총회소집공고,다우기술
20260311002004,2026-03-11 17:02,서암기계공업,코스닥,주주총회소집공고,서암기계공업
20260311002001,2026-03-11 17:02,코스맥스비티아이,유가증권,주주총회소집공고,코스맥스비티아이
20260311001986,2026-03-11 17:01,아이즈비전,코스닥,주주총회소집공고,아이즈비전
20260311001983,2026-03-11 17:01,드림시큐리티,코스닥,주주총회소집공고,드림시큐리티
20260311001981,2026-03-11 17:00,코윈로보틱스,코스닥,주주총회소집공고,코윈로보틱스
20260311001976,2026-03-11 17:00,동양이엔피,코스닥,주주총회소집공고,동양이엔피
20260311001960,2026-03-11 16:59,한울앤제주,코스닥,주주총회소집공고,한울앤제주
20260311001954,2026-03-11 16:58,엑셀세라퓨틱스,코스닥,주주총회소집공고,엑셀세라퓨틱스
20260311001949,2026-03-11 16:58,인터로이드,코넥스,주주총회소집공고,인터로이드
20260311001947,2026-03-11 16:57,와이즈넛,코스닥,주주총회소집공고,와이즈넛
20260311001945,2026-03-11 16:57,씨싸이트,코스닥,주주총회소집공고,씨싸이트
20260311001944,2026-03-11 16:57,금호타이어,유가증권,주주총회소집공고,금호타이어
20260311001942,2026-03-11 16:57,쇼박스,코스닥,주주총회소집공고,쇼박스
20260311001935,2026-03-11 16:56,KG이니시스,코스닥,주주총회소집공고,케이지이니시스
20260311001918,2026-03-11 16:55,볼빅,코넥스,주주총회소집공고,볼빅
20260311001913,2026-03-11 16:54,아이티센피엔에스,코스닥,주주총회소집공고,아이티센피엔에스
20260311001887,2026-03-11 16:52,덕산네오룩스,코스닥,주주총회소집공고,덕산네오룩스
20260311001884,2026-03-11 16:51,씨유메디칼,코스닥,주주총회소집공고,씨유메디칼시스템
20260311001883,2026-03-11 16:51,더존비즈온,유가증권,주주총회소집공고,더존비즈온
20260311001876,2026-03-11 16:50,코콤,코스닥,주주총회소집공고,코콤
20260311001871,2026-03-11 16:50,엑스게이트,코스닥,주주총회소집공고,엑스게이트
20260311001865,2026-03-11 16:49,드림인사이트,코스닥,주주총회소집공고,드림인사이트
20260311001857,2026-03-11 16:48,씨유테크,코스닥,주주총회소집공고,씨유테크
20260311001856,2026-03-11 16:48,나라스페이스테크놀로지,코스닥,주주총회소집공고,나라스페이스테크놀로지
20260311001854,2026-03-11 16:48,삼보모터스,코스닥,주주총회소집공고,삼보모터스
20260311001850,2026-03-11 16:48,KX하이텍,코스닥,주주총회소집공고,케이엑스하이텍
20260311001846,2026-03-11 16:47,이렘,코스닥,주주총회소집공고,이렘
20260311001841,2026-03-11 16:47,감성코퍼레이션,코스닥,주주총회소집공고,감성코퍼레이션
20260311001840,2026-03-11 16:47,SB성보,유가증권,주주총회소집공고,에스비성보
20260311001839,2026-03-11 16:47,우성머티리얼스,유가증권,주주총회소집공고,우성머티리얼스
20260311001837,2026-03-11 16:47,타이드,코넥스,주주총회소집공고,타이드
20260311001834,2026-03-11 16:46,에이텍모빌리티,코스닥,주주총회소집공고,에이텍모빌리티
20260311001832,2026-03-11 16:46,팬스타엔터프라이즈,코스닥,주주총회소집공고,팬스타엔터프라이즈
20260311001829,2026-03-11 16:46,에코심플렉스,코스닥,주주총회소집공고,에코심플렉스
20260311001826,2026-03-11 16:46,켈스,코넥스,주주총회소집공고,켈스
20260311001821,2026-03-11 16:45,모베이스전자,코스닥,[정정]주주총회소집공고,모베이스전자
20260311001811,2026-03-11 16:45,아센디오,유가증권,주주총회소집공고,아센디오
20260311001801,2026-03-11 16:44,제너셈,코스닥,주주총회소집공고,제너셈
20260311001793,2026-03-11 16:42,세림B&G,코스닥,주주총회소집공고,세림비앤지
20260311001791,2026-03-11 16:42,성도이엔지,코스닥,주주총회소집공고,성도이엔지
20260311001785,2026-03-11 16:42,HLB생명과학,코스닥,주주총회소집공고,에이치엘비생명과학
20260311001784,2026-03-11 16:42,한온시스템,유가증권,주주총회소집공고,한온시스템
20260311001783,2026-03-11 16:41,엔솔바이오사이언스,코넥스,주주총회소집공고,엔솔바이오사이언스
20260311001779,2026-03-11 16:40,참엔지니어링,유가증권,주주총회소집공고,참엔지니어링
20260311001776,2026-03-11 16:40,인텍플러스,코스닥,주주총회소집공고,인텍플러스
20260311001774,2026-03-11 16:40,티사이언티픽,코스닥,주주총회소집공고,티사이언티픽
20260311001773,2026-03-11 16:40,DB증권,유가증권,주주총회소집공고,DB증권
20260311001771,2026-03-11 16:40,한국타이어앤테크놀로지,유가증권,[정정]주주총회소집공고,한국타이어앤테크놀로지
20260311001769,2026-03-11 16:40,사조동아원,유가증권,주주총회소집공고,사조동아원
20260311001768,2026-03-11 16:39,엔지켐생명과학,코스닥,주주총회소집공고,엔지켐생명과학
20260311001765,2026-03-11 16:39,머큐리,코스닥,주주총회소집공고,머큐리
20260311001762,2026-03-11 16:39,국순당,코스닥,주주총회소집공고,국순당
20260311001759,2026-03-11 16:39,푸른로보틱스,코스닥,주주총회소집공고,푸른로보틱스
20260311001758,2026-03-11 16:39,동양,유가증권,주주총회소집공고,동양
20260311001749,2026-03-11 16:37,한국파마,코스닥,주주총회소집공고,한국파마
20260311001732,2026-03-11 16:36,나무AX,코스닥,주주총회소집공고,나무에이엑스
20260311001704,2026-03-11 16:33,태영건설,유가증권,주주총회소집공고,태영건설
20260311001695,2026-03-11 16:32,노랑풍선,코스닥,주주총회소집공고,노랑풍선
20260311001691,2026-03-11 16:32,엘에이티,코넥스,주주총회소집공고,엘에이티
20260311001688,2026-03-11 16:32,디젠스,코스닥,주주총회소집공고,디젠스
20260311001686,2026-03-11 16:32,코아시아씨엠,코스닥,주주총회소집공고,코아시아씨엠
20260311001679,2026-03-11 16:31,티엑스알로보틱스,코스닥,주주총회소집공고,티엑스알로보틱스
20260311001676,2026-03-11 16:31,코스메카코리아,코스닥,주주총회소집공고,코스메카코리아
20260311001668,2026-03-11 16:30,코칩,코스닥,주주총회소집공고,코칩
20260311001665,2026-03-11 16:30,DSR제강,유가증권,주주총회소집공고,DSR제강
20260311001663,2026-03-11 16:30,코스맥스,유가증권,주주총회소집공고,코스맥스
20260311001661,2026-03-11 16:30,기업은행,유가증권,주주총회소집공고,중소기업은행
20260311001657,2026-03-11 16:30,현대무벡스,코스닥,주주총회소집공고,현대무벡스
20260311001652,2026-03-11 16:29,아리바이오홀딩스,코스닥,주주총회소집공고,아리바이오홀딩스
20260311001651,2026-03-11 16:29,NICE인프라,코스닥,주주총회소집공고,NICE인프라
20260311001645,2026-03-11 16:28,한중엔시에스,코스닥,주주총회소집공고,한중엔시에스
20260311001636,2026-03-11 16:28,웹스,코스닥,[정정]주주총회소집공고,웹스
20260311001635,2026-03-11 16:28,SHD,유가증권,주주총회소집공고,신화다이나믹스
20260311001626,2026-03-11 16:27,흥국화재,유가증권,주주총회소집공고,흥국화재해상보험
20260311001621,2026-03-11 16:26,넵튠,코스닥,주주총회소집공고,넵튠
20260311001620,2026-03-11 16:25,TYM,유가증권,주주총회소집공고,티와이엠
20260311001606,2026-03-11 16:24,더블유씨피,코스닥,주주총회소집공고,더블유씨피
20260311001605,2026-03-11 16:24,솔브레인홀딩스,코스닥,주주총회소집공고,솔브레인홀딩스
20260311001602,2026-03-11 16:24,아이스크림에듀,코스닥,주주총회소집공고,아이스크림에듀
20260311001600,2026-03-11 16:23,한성크린텍,코스닥,주주총회소집공고,한성크린텍
20260311001593,2026-03-11 16:23,율촌,코스닥,주주총회소집공고,율촌
20260311001589,2026-03-11 16:23,한빛레이저,코스닥,주주총회소집공고,한빛레이저
20260311001586,2026-03-11 16:22,아이앤씨,코스닥,[정정]주주총회소집공고,아이앤씨테크놀로지
20260311001582,2026-03-11 16:22,아바코,코스닥,주주총회소집공고,아바코
20260311001570,2026-03-11 16:21,엘디티,코스닥,주주총회소집공고,엘디티
20260311001569,2026-03-11 16:21,한텍,코스닥,[정정]주주총회소집공고,한텍
20260311001565,2026-03-11 16:20,바텍,코스닥,주주총회소집공고,바텍
20260311001557,2026-03-11 16:20,에스엠씨지,코스닥,주주총회소집공고,에스엠씨지
20260311001556,2026-03-11 16:20,성우,코스닥,주주총회소집공고,성우
20260311001552,2026-03-11 16:20,펌텍코리아,코스닥,[정정]주주총회소집공고,펌텍코리아
20260311001551,2026-03-11 16:20,삼양식품,유가증권,주주총회소집공고,삼양식품
20260311001544,2026-03-11 16:19,이녹스,코스닥,주주총회소집공고,이녹스
20260311001541,2026-03-11 16:18,초록뱀미디어,코스닥,주주총회소집공고,초록뱀미디어
20260311001531,2026-03-11 16:17,아이앤씨,코스닥,주주총회소집공고,아이앤씨테크놀로지
20260311001520,2026-03-11 16:16,창해에탄올,코스닥,[정정]주주총회소집공고,창해에탄올
20260311001515,2026-03-11 16:15,KTis,유가증권,주주총회소집공고,케이티아이에스
20260311001510,2026-03-11 16:15,선광,코스닥,주주총회소집공고,선광
20260311001509,2026-03-11 16:15,전진건설로봇,유가증권,주주총회소집공고,전진건설로봇
20260311001508,2026-03-11 16:14,지노믹트리,코스닥,주주총회소집공고,지노믹트리
20260311001498,2026-03-11 16:13,메가터치,코스닥,주주총회소집공고,메가터치
20260311001493,2026-03-11 16:13,씨에스베어링,코스닥,주주총회소집공고,씨에스베어링
20260311001486,2026-03-11 16:12,창해에탄올,코스닥,[정정]주주총회소집공고,창해에탄올
20260311001468,2026-03-11 16:10,APS,코스닥,주주총회소집공고,에이피에스
20260311001467,2026-03-11 16:10,원익피앤이,코스닥,주주총회소집공고,원익피앤이
20260311001460,2026-03-11 16:09,아셈스,코스닥,주주총회소집공고,아셈스
20260311001459,2026-03-11 16:09,계룡건설산업,유가증권,주주총회소집공고,계룡건설산업
20260311001456,2026-03-11 16:09,HMM,유가증권,주주총회소집공고,에이치엠엠
20260311001454,2026-03-11 16:09,에코볼트,코스닥,주주총회소집공고,에코볼트
20260311001448,2026-03-11 16:07,오상헬스케어,코스닥,주주총회소집공고,오상헬스케어
20260311001446,2026-03-11 16:07,에스와이스틸텍,코스닥,주주총회소집공고,에스와이스틸텍
20260311001441,2026-03-11 16:07,웹스,코스닥,주주총회소집공고,웹스
20260311001440,2026-03-11 16:07,에스엘,유가증권,주주총회소집공고,에스엘
20260311001439,2026-03-11 16:07,엠앤씨솔루션,유가증권,주주총회소집공고,엠앤씨솔루션
20260311001423,2026-03-11 16:06,넷마블,유가증권,주주총회소집공고,넷마블
20260311001421,2026-03-11 16:05,윙스풋,코스닥,주주총회소집공고,윙스풋
20260311001419,2026-03-11 16:05,금호에이치티,유가증권,주주총회소집공고,금호에이치티
20260311001409,2026-03-11 16:05,TPC로보틱스,코스닥,주주총회소집공고,티피씨로보틱스
20260311001406,2026-03-11 16:04,한국비티비,코스닥,주주총회소집공고,한국비티비
20260311001404,2026-03-11 16:04,모베이스전자,코스닥,주주총회소집공고,모베이스전자
20260311001402,2026-03-11 16:04,아이에이,코스닥,[정정]주주총회소집공고,아이에이
20260311001398,2026-03-11 16:04,CJ프레시웨이,코스닥,주주총회소집공고,씨제이프레시웨이
20260311001393,2026-03-11 16:03,녹십자홀딩스,유가증권,주주총회소집공고,녹십자홀딩스
20260311001386,2026-03-11 16:02,지엔코,코스닥,주주총회소집공고,지엔코
20260311001382,2026-03-11 16:02,KS인더스트리,코스닥,주주총회소집공고,케이에스인더스트리
20260311001373,2026-03-11 16:00,올릭스,코스닥,주주총회소집공고,올릭스
20260311001368,2026-03-11 16:00,코츠테크놀로지,코스닥,주주총회소집공고,코츠테크놀로지
20260311001361,2026-03-11 16:00,오에스피,코스닥,주주총회소집공고,오에스피
20260311001359,2026-03-11 15:59,동양에스텍,코스닥,주주총회소집공고,동양에스텍
20260311001356,2026-03-11 15:59,한솔홀딩스,유가증권,[정정]주주총회소집공고,한솔홀딩스
20260311001344,2026-03-11 15:57,휴맥스,코스닥,주주총회소집공고,휴맥스
20260311001338,2026-03-11 15:56,팸텍,코스닥,주주총회소집공고,팸텍
20260311001337,2026-03-11 15:56,씨젠,코스닥,주주총회소집공고,씨젠
20260311001336,2026-03-11 15:56,창해에탄올,코스닥,[정정]주주총회소집공고,창해에탄올
20260311001335,2026-03-11 15:56,동남합성,유가증권,주주총회소집공고,동남합성
20260311001334,2026-03-11 15:56,LIG아큐버,코스닥,주주총회소집공고,엘아이지아큐버
20260311001333,2026-03-11 15:56,동일금속,코스닥,주주총회소집공고,동일금속
20260311001318,2026-03-11 15:54,코오롱생명과학,코스닥,주주총회소집공고,코오롱생명과학
20260311001317,2026-03-11 15:54,산돌,코스닥,[정정]주주총회소집공고,산돌
20260311001316,2026-03-11 15:54,대한방직,유가증권,주주총회소집공고,대한방직
20260311001314,2026-03-11 15:54,BYC,유가증권,주주총회소집공고,BYC
20260311001303,2026-03-11 15:53,피제이메탈,코스닥,주주총회소집공고,피제이메탈
20260311001302,2026-03-11 15:52,사조산업,유가증권,주주총회소집공고,사조산업
20260311001300,2026-03-11 15:52,케일럼,코스닥,주주총회소집공고,케일럼
20260311001298,2026-03-11 15:52,SIMPAC,유가증권,주주총회소집공고,SIMPAC
20260311001295,2026-03-11 15:52,일지테크,코스닥,주주총회소집공고,일지테크
20260311001286,2026-03-11 15:51,종근당,유가증권,주주총회소집공고,종근당
20260311001281,2026-03-11 15:50,우진비앤지,코스닥,주주총회소집공고,우진비앤지
20260311001274,2026-03-11 15:50,티에스아이,코스닥,주주총회소집공고,티에스아이
20260311001269,2026-03-11 15:49,국보디자인,코스닥,주주총회소집공고,국보디자인
20260311001264,2026-03-11 15:48,모델솔루션,코스닥,주주총회소집공고,모델솔루션
20260311001257,2026-03-11 15:47,팜스빌,코스닥,주주총회소집공고,팜스빌
20260311001249,2026-03-11 15:46,동국홀딩스,유가증권,주주총회소집공고,동국홀딩스
20260311001244,2026-03-11 15:45,신영스팩11호,코스닥,주주총회소집공고,신영해피투모로우제11호기업인수목적
20260311001241,2026-03-11 15:45,유진테크,코스닥,주주총회소집공고,유진테크
20260311001239,2026-03-11 15:45,씨에스윈드,유가증권,주주총회소집공고,씨에스윈드
20260311001238,2026-03-11 15:44,대주산업,코스닥,주주총회소집공고,대주산업
20260311001236,2026-03-11 15:44,비씨월드제약,코스닥,주주총회소집공고,비씨월드제약
20260311001235,2026-03-11 15:44,아주스틸,유가증권,주주총회소집공고,아주스틸
20260311001233,2026-03-11 15:44,케이씨티,코스닥,주주총회소집공고,케이씨티
20260311001224,2026-03-11 15:42,제넥신,코스닥,주주총회소집공고,제넥신
20260311001214,2026-03-11 15:41,신영스팩10호,코스닥,주주총회소집공고,신영해피투모로우제10호기업인수목적
20260311001210,2026-03-11 15:40,이녹스첨단소재,코스닥,[정정]주주총회소집공고,이녹스첨단소재
20260311001209,2026-03-11 15:40,에스투더블유,코스닥,주주총회소집공고,에스투더블유
20260311001208,2026-03-11 15:40,아스트,코스닥,주주총회소집공고,아스트
20260311001207,2026-03-11 15:40,대주전자재료,코스닥,주주총회소집공고,대주전자재료
20260311001203,2026-03-11 15:40,NHN벅스,코스닥,주주총회소집공고,엔에이치엔벅스
20260311001194,2026-03-11 15:38,베뉴지,코스닥,주주총회소집공고,베뉴지
20260311001192,2026-03-11 15:38,한신공영,유가증권,주주총회소집공고,한신공영
20260311001189,2026-03-11 15:38,영화테크,코스닥,주주총회소집공고,영화테크
20260311001177,2026-03-11 15:36,에스제이그룹,코스닥,주주총회소집공고,에스제이그룹
20260311001175,2026-03-11 15:36,대호특수강,코스닥,주주총회소집공고,대호특수강
20260311001166,2026-03-11 15:35,스마트레이더시스템,코스닥,주주총회소집공고,스마트레이더시스템
20260311001165,2026-03-11 15:35,신신제약,코스닥,주주총회소집공고,신신제약
20260311001164,2026-03-11 15:35,링크솔루션,코스닥,주주총회소집공고,링크솔루션
20260311001160,2026-03-11 15:35,위더스제약,코스닥,주주총회소집공고,위더스제약
20260311001154,2026-03-11 15:34,바이젠셀,코스닥,주주총회소집공고,바이젠셀
20260311001150,2026-03-11 15:34,파로스아이바이오,코스닥,주주총회소집공고,파로스아이바이오
20260311001143,2026-03-11 15:33,창해에탄올,코스닥,주주총회소집공고,창해에탄올
20260311001138,2026-03-11 15:32,셀바이오휴먼텍,코스닥,주주총회소집공고,셀바이오휴먼텍
20260311001137,2026-03-11 15:32,이베스트스팩6호,코스닥,주주총회소집공고,이베스트기업인수목적6호
20260311001134,2026-03-11 15:32,LK삼양,코스닥,주주총회소집공고,엘케이삼양
20260311001131,2026-03-11 15:32,오픈베이스,코스닥,주주총회소집공고,오픈베이스
20260311001121,2026-03-11 15:31,HL만도,유가증권,주주총회소집공고,에이치엘만도
20260311001107,2026-03-11 15:30,퀀텀레일,코스닥,주주총회소집공고,퀀텀레일
20260311001104,2026-03-11 15:29,엘에스스팩1호,코스닥,주주총회소집공고,엘에스기업인수목적1호
20260311001101,2026-03-11 15:29,CMG제약,코스닥,주주총회소집공고,CMG제약
20260311001100,2026-03-11 15:29,서울도시가스,유가증권,주주총회소집공고,서울도시가스
20260311001098,2026-03-11 15:28,뉴프렉스,코스닥,주주총회소집공고,뉴프렉스
20260311001097,2026-03-11 15:28,케이티스카이라이프,유가증권,주주총회소집공고,케이티스카이라이프
20260311001096,2026-03-11 15:28,HLB바이오스텝,코스닥,주주총회소집공고,에이치엘비바이오스텝
20260311001088,2026-03-11 15:26,디엔에프,코스닥,주주총회소집공고,디엔에프
20260311001080,2026-03-11 15:25,HL홀딩스,유가증권,주주총회소집공고,에이치엘홀딩스
20260311001078,2026-03-11 15:25,온타이드,유가증권,주주총회소집공고,온타이드
20260311001070,2026-03-11 15:23,넥써쓰,코스닥,주주총회소집공고,넥써쓰
20260311001067,2026-03-11 15:23,제이스로보틱스,코스닥,주주총회소집공고,제이스로보틱스
20260311001066,2026-03-11 15:23,대한뉴팜,코스닥,주주총회소집공고,대한뉴팜
20260311001061,2026-03-11 15:22,헬릭스미스,코스닥,주주총회소집공고,헬릭스미스
20260311001058,2026-03-11 15:22,더즌,코스닥,주주총회소집공고,더즌
20260311001050,2026-03-11 15:21,밸로프,코스닥,주주총회소집공고,밸로프
20260311001048,2026-03-11 15:21,케이엔제이,코스닥,주주총회소집공고,케이엔제이
20260311001042,2026-03-11 15:20,삼기,코스닥,주주총회소집공고,삼기
20260311001035,2026-03-11 15:18,헥토이노베이션,코스닥,주주총회소집공고,헥토이노베이션
20260311001024,2026-03-11 15:17,프로이천,코스닥,[정정]주주총회소집공고,프로이천
20260311001022,2026-03-11 15:16,동원산업,유가증권,주주총회소집공고,동원산업
20260311001016,2026-03-11 15:15,라이콤,코스닥,주주총회소집공고,라이콤
20260311001010,2026-03-11 15:14,멕아이씨에스,코스닥,[정정]주주총회소집공고,멕아이씨에스
20260311001000,2026-03-11 15:12,삼화네트웍스,코스닥,주주총회소집공고,삼화네트웍스
20260311000989,2026-03-11 15:11,유바이오로직스,코스닥,주주총회소집공고,유바이오로직스
20260311000987,2026-03-11 15:10,오가노이드사이언스,코스닥,주주총회소집공고,오가노이드사이언스
20260311000982,2026-03-11 15:10,하이트진로홀딩스,유가증권,주주총회소집공고,하이트진로홀딩스
20260311000981,2026-03-11 15:10,금호석유화학,유가증권,주주총회소집공고,금호석유화학
20260311000979,2026-03-11 15:09,빅텐츠,코스닥,주주총회소집공고,빅토리콘텐츠
20260311000974,2026-03-11 15:08,이비테크,코넥스,주주총회소집공고,이비테크
20260311000965,2026-03-11 15:06,싸이맥스,코스닥,주주총회소집공고,싸이맥스
20260311000960,2026-03-11 15:05,위즈코프,코스닥,주주총회소집공고,위즈코프
20260311000959,2026-03-11 15:05,에넥스,유가증권,주주총회소집공고,에넥스
20260311000958,2026-03-11 15:05,한국콜마,유가증권,주주총회소집공고,한국콜마
20260311000956,2026-03-11 15:04,피앤씨테크,코스닥,주주총회소집공고,피앤씨테크
20260311000952,2026-03-11 15:04,파두,코스닥,주주총회소집공고,파두
20260311000950,2026-03-11 15:04,아스타,코스닥,주주총회소집공고,아스타
20260311000946,2026-03-11 15:03,유진테크놀로지,코스닥,[정정]주주총회소집공고,유진테크놀로지
20260311000942,2026-03-11 15:03,아티스트스튜디오,코스닥,주주총회소집공고,아티스트스튜디오
20260311000941,2026-03-11 15:03,제주항공,유가증권,주주총회소집공고,제주항공
20260311000940,2026-03-11 15:03,신도리코,유가증권,주주총회소집공고,신도리코
20260311000936,2026-03-11 15:02,금호전기,유가증권,주주총회소집공고,금호전기
20260311000931,2026-03-11 15:01,이스타코,유가증권,[정정]주주총회소집공고,이스타코
20260311000918,2026-03-11 14:58,이랜시스,코스닥,주주총회소집공고,이랜시스
20260311000913,2026-03-11 14:57,아나패스,코스닥,주주총회소집공고,아나패스
20260311000906,2026-03-11 14:56,삼기에너지솔루션즈,코스닥,주주총회소집공고,삼기에너지솔루션즈
20260311000902,2026-03-11 14:55,KG에코솔루션,코스닥,주주총회소집공고,케이지에코솔루션
20260311000897,2026-03-11 14:53,큐알티,코스닥,주주총회소집공고,큐알티
20260311000879,2026-03-11 14:51,선도전기,유가증권,주주총회소집공고,선도전기
20260311000874,2026-03-11 14:50,제테마,코스닥,주주총회소집공고,제테마
20260311000872,2026-03-11 14:50,옵티시스,코스닥,주주총회소집공고,옵티시스
20260311000870,2026-03-11 14:49,제이엠멀티,코넥스,주주총회소집공고,제이엠멀티
20260311000868,2026-03-11 14:49,마음AI,코스닥,주주총회소집공고,마음에이아이
20260311000867,2026-03-11 14:49,신일전자,유가증권,주주총회소집공고,신일전자
20260311000865,2026-03-11 14:48,빙그레,유가증권,주주총회소집공고,빙그레
20260311000859,2026-03-11 14:47,대명에너지,코스닥,주주총회소집공고,대명에너지
20260311000849,2026-03-11 14:46,하이즈항공,코스닥,주주총회소집공고,하이즈항공
20260311000848,2026-03-11 14:46,대림제지,코스닥,주주총회소집공고,대림제지
20260311000845,2026-03-11 14:45,대모,코스닥,주주총회소집공고,대모엔지니어링
20260311000843,2026-03-11 14:45,신스틸,코스닥,주주총회소집공고,신스틸
20260311000840,2026-03-11 14:43,한국토지신탁,유가증권,주주총회소집공고,한국토지신탁
20260311000835,2026-03-11 14:42,한국종합기술,유가증권,주주총회소집공고,한국종합기술
20260311000834,2026-03-11 14:42,농심홀딩스,유가증권,주주총회소집공고,농심홀딩스
20260311000831,2026-03-11 14:42,모두투어,코스닥,주주총회소집공고,모두투어네트워크
20260311000828,2026-03-11 14:41,라온로보틱스,코스닥,주주총회소집공고,라온로보틱스
20260311000822,2026-03-11 14:40,자비스,코스닥,주주총회소집공고,자비스
20260311000817,2026-03-11 14:38,알루코,유가증권,주주총회소집공고,알루코
20260311000807,2026-03-11 14:36,유진스팩11호,코스닥,주주총회소집공고,유진기업인수목적11호
20260311000804,2026-03-11 14:35,한국팩키지,코스닥,주주총회소집공고,한국팩키지
20260311000803,2026-03-11 14:35,파커스,코스닥,주주총회소집공고,파커스
20260311000799,2026-03-11 14:33,현대바이오,코스닥,주주총회소집공고,현대바이오사이언스
20260311000796,2026-03-11 14:32,유성기업,유가증권,주주총회소집공고,유성기업
20260311000795,2026-03-11 14:32,SG&G,코스닥,주주총회소집공고,에스지엔지
20260311000794,2026-03-11 14:32,브리지텍,코스닥,주주총회소집공고,브리지텍
20260311000783,2026-03-11 14:29,엔알비,코스닥,주주총회소집공고,엔알비
20260311000768,2026-03-11 14:26,에이치와이티씨,코스닥,주주총회소집공고,에이치와이티씨
20260311000766,2026-03-11 14:26,하나마이크론,코스닥,주주총회소집공고,하나마이크론
20260311000764,2026-03-11 14:26,큐라클,코스닥,주주총회소집공고,큐라클
20260311000759,2026-03-11 14:25,노드메이슨,코넥스,주주총회소집공고,노드메이슨
20260311000753,2026-03-11 14:23,유니온머티리얼,유가증권,주주총회소집공고,유니온머티리얼
20260311000751,2026-03-11 14:23,알멕,코스닥,[정정]주주총회소집공고,알멕
20260311000748,2026-03-11 14:23,지엘팜텍,코스닥,주주총회소집공고,지엘팜텍
20260311000734,2026-03-11 14:19,일성아이에스,유가증권,주주총회소집공고,일성아이에스
20260311000727,2026-03-11 14:17,바디텍메드,코스닥,[정정]주주총회소집공고,바디텍메드
20260311000715,2026-03-11 14:12,까뮤이앤씨,유가증권,주주총회소집공고,까뮤이앤씨
20260311000710,2026-03-11 14:11,LB인베스트먼트,코스닥,주주총회소집공고,엘비인베스트먼트
20260311000705,2026-03-11 14:10,네패스아크,코스닥,주주총회소집공고,네패스아크
20260311000698,2026-03-11 14:09,엑셈,코스닥,주주총회소집공고,엑셈
20260311000697,2026-03-11 14:09,네오티스,코스닥,주주총회소집공고,네오티스
20260311000696,2026-03-11 14:09,SK증권제13호스팩,코스닥,주주총회소집공고,에스케이증권제13호기업인수목적
20260311000695,2026-03-11 14:09,아크릴,코스닥,주주총회소집공고,아크릴
20260311000694,2026-03-11 14:09,하스,코스닥,주주총회소집공고,하스
20260311000690,2026-03-11 14:08,HT로보틱스,코스닥,주주총회소집공고,에이치티로보틱스
20260311000679,2026-03-11 14:07,닷밀,코스닥,주주총회소집공고,닷밀
20260311000675,2026-03-11 14:06,서부T&D,코스닥,주주총회소집공고,서부티엔디
20260311000674,2026-03-11 14:06,디티앤씨,코스닥,주주총회소집공고,디티앤씨
20260311000671,2026-03-11 14:05,대창,유가증권,주주총회소집공고,대창
20260311000667,2026-03-11 14:04,하이트진로,유가증권,주주총회소집공고,하이트진로
20260311000666,2026-03-11 14:04,모토닉,유가증권,주주총회소집공고,모토닉
20260311000658,2026-03-11 14:01,대성에너지,유가증권,주주총회소집공고,대성에너지
20260311000657,2026-03-11 14:00,원림,유가증권,주주총회소집공고,원림
20260311000656,2026-03-11 14:00,씨큐브,코스닥,주주총회소집공고,씨큐브
20260311000650,2026-03-11 14:00,흥국,코스닥,주주총회소집공고,흥국
20260311000648,2026-03-11 13:58,일월지엠엘,코스닥,주주총회소집공고,일월지엠엘
20260311000647,2026-03-11 13:58,와이솔,코스닥,주주총회소집공고,와이솔
20260311000643,2026-03-11 13:57,알멕,코스닥,주주총회소집공고,알멕
20260311000641,2026-03-11 13:57,대상,유가증권,[정정]주주총회소집공고,대상
20260311000640,2026-03-11 13:55,SK증권제11호스팩,코스닥,주주총회소집공고,에스케이증권제11호기업인수목적
20260311000638,2026-03-11 13:55,코이즈,코스닥,주주총회소집공고,코이즈
20260311000637,2026-03-11 13:55,경농,유가증권,주주총회소집공고,경농
20260311000636,2026-03-11 13:54,명신산업,유가증권,주주총회소집공고,명신산업
20260311000632,2026-03-11 13:53,한네트,코스닥,주주총회소집공고,한네트
20260311000631,2026-03-11 13:53,아이엠티,코스닥,주주총회소집공고,아이엠티
20260311000623,2026-03-11 13:51,산돌,코스닥,주주총회소집공고,산돌
20260311000617,2026-03-11 13:50,삼일제약,유가증권,주주총회소집공고,삼일제약
20260311000616,2026-03-11 13:50,디비금융제14호스팩,코스닥,주주총회소집공고,디비금융제14호기업인수목적
20260311000610,2026-03-11 13:49,애경산업,유가증권,주주총회소집공고,애경산업
20260311000605,2026-03-11 13:48,삼일,코스닥,주주총회소집공고,삼일
20260311000597,2026-03-11 13:46,세보엠이씨,코스닥,주주총회소집공고,세보엠이씨
20260311000593,2026-03-11 13:45,SK증권제12호스팩,코스닥,주주총회소집공고,에스케이증권제12호기업인수목적
20260311000591,2026-03-11 13:44,코텍,코스닥,주주총회소집공고,코텍
20260311000577,2026-03-11 13:41,디케이앤디,코스닥,주주총회소집공고,디케이앤디
20260311000576,2026-03-11 13:41,앤씨앤,코스닥,주주총회소집공고,앤씨앤
20260311000573,2026-03-11 13:41,바이오포트,코스닥,주주총회소집공고,바이오포트코리아
20260311000571,2026-03-11 13:40,아난티,코스닥,주주총회소집공고,아난티
20260311000564,2026-03-11 13:38,교보증권,유가증권,주주총회소집공고,교보증권
20260311000550,2026-03-11 13:35,나노실리칸첨단소재,코스닥,주주총회소집공고,나노실리칸첨단소재
20260311000547,2026-03-11 13:35,뉴엔AI,코스닥,주주총회소집공고,뉴엔에이아이
20260311000545,2026-03-11 13:35,카페24,코스닥,주주총회소집공고,카페24
20260311000544,2026-03-11 13:35,디비금융스팩12호,코스닥,주주총회소집공고,디비금융제12호기업인수목적
20260311000536,2026-03-11 13:34,KBI동양철관,유가증권,주주총회소집공고,케이비아이동양철관
20260311000533,2026-03-11 13:33,인화정공,코스닥,[정정]주주총회소집공고,인화정공
20260311000528,2026-03-11 13:31,디비금융제13호스팩,코스닥,주주총회소집공고,디비금융제13호기업인수목적
20260311000525,2026-03-11 13:31,서전기전,코스닥,주주총회소집공고,서전기전
20260311000515,2026-03-11 13:29,명문제약,유가증권,주주총회소집공고,명문제약
20260311000513,2026-03-11 13:28,에이치엠넥스,코스닥,주주총회소집공고,에이치엠넥스
20260311000508,2026-03-11 13:27,이스타코,유가증권,주주총회소집공고,이스타코
20260311000507,2026-03-11 13:26,KSS해운,유가증권,주주총회소집공고,케이에스에스 해운
20260311000502,2026-03-11 13:25,대동금속,코스닥,주주총회소집공고,대동금속
20260311000501,2026-03-11 13:25,모헨즈,코스닥,주주총회소집공고,모헨즈
20260311000500,2026-03-11 13:24,부국철강,유가증권,주주총회소집공고,부국철강
20260311000485,2026-03-11 13:19,케이엠더블유,코스닥,주주총회소집공고,케이엠더블유
20260311000484,2026-03-11 13:18,HB인베스트먼트,코스닥,주주총회소집공고,에이치비인베스트먼트
20260311000483,2026-03-11 13:17,대동스틸,코스닥,주주총회소집공고,대동스틸
20260311000481,2026-03-11 13:17,대한전선,유가증권,주주총회소집공고,대한전선
20260311000476,2026-03-11 13:13,웨이버스,코스닥,주주총회소집공고,웨이버스
20260311000468,2026-03-11 13:11,아이빔테크놀로지,코스닥,주주총회소집공고,아이빔테크놀로지
20260311000465,2026-03-11 13:09,포스코엠텍,코스닥,주주총회소집공고,포스코엠텍
20260311000464,2026-03-11 13:09,그린생명과학,코스닥,주주총회소집공고,그린생명과학
20260311000462,2026-03-11 13:08,미래생명자원,코스닥,주주총회소집공고,미래생명자원
20260311000457,2026-03-11 13:07,새빗켐,코스닥,주주총회소집공고,새빗켐
20260311000447,2026-03-11 13:02,대원화성,유가증권,주주총회소집공고,대원화성
20260311000446,2026-03-11 13:02,한국기업평가,코스닥,[정정]주주총회소집공고,한국기업평가
20260311000445,2026-03-11 13:02,우신시스템,유가증권,주주총회소집공고,우신시스템
20260311000436,2026-03-11 12:51,안지오랩,코넥스,주주총회소집공고,안지오랩
20260311000426,2026-03-11 12:43,아이티센코어,코넥스,주주총회소집공고,아이티센코어
20260311000421,2026-03-11 12:35,컴투스홀딩스,코스닥,주주총회소집공고,컴투스홀딩스
20260311000412,2026-03-11 12:15,가온그룹,코스닥,[정정]주주총회소집공고,가온그룹
20260311000409,2026-03-11 12:10,넥센,유가증권,주주총회소집공고,넥센
20260311000406,2026-03-11 12:02,동화약품,유가증권,[정정]주주총회소집공고,동화약품
20260311000404,2026-03-11 12:01,새로닉스,코스닥,주주총회소집공고,새로닉스
20260311000397,2026-03-11 11:55,디에스엠,코스닥,주주총회소집공고,디에스엠
20260311000394,2026-03-11 11:48,이성씨엔아이,코넥스,주주총회소집공고,이성씨엔아이
20260311000393,2026-03-11 11:47,동화약품,유가증권,주주총회소집공고,동화약품
20260311000387,2026-03-11 11:41,타조이엔터테인먼트,코넥스,주주총회소집공고,타조이엔터테인먼트
20260311000385,2026-03-11 11:40,프리엠스,코스닥,주주총회소집공고,프리엠스
20260311000383,2026-03-11 11:38,석경에이티,코스닥,주주총회소집공고,석경에이티
20260311000381,2026-03-11 11:36,에너토크,코스닥,주주총회소집공고,에너토크
20260311000380,2026-03-11 11:36,아이퀘스트,코스닥,주주총회소집공고,아이퀘스트
20260311000378,2026-03-11 11:35,매커스,코스닥,주주총회소집공고,매커스
20260311000374,2026-03-11 11:33,풍국주정,코스닥,주주총회소집공고,풍국주정공업
20260311000367,2026-03-11 11:28,아이센스,코스닥,주주총회소집공고,아이센스
20260311000366,2026-03-11 11:28,엠오티,코스닥,주주총회소집공고,엠오티
20260311000364,2026-03-11 11:24,남화토건,코스닥,주주총회소집공고,남화토건
20260311000363,2026-03-11 11:24,삼아제약,코스닥,주주총회소집공고,삼아제약
20260311000356,2026-03-11 11:23,탑엔지니어링,코스닥,주주총회소집공고,탑엔지니어링
20260311000355,2026-03-11 11:22,엠아이텍,코스닥,주주총회소집공고,엠아이텍
20260311000354,2026-03-11 11:22,한화플러스제4호스팩,코스닥,주주총회소집공고,한화플러스제4호기업인수목적
20260311000352,2026-03-11 11:22,신풍,유가증권,주주총회소집공고,신풍
20260311000348,2026-03-11 11:20,에코프로,코스닥,[정정]주주총회소집공고,에코프로
20260311000342,2026-03-11 11:17,유니드비티플러스,유가증권,주주총회소집공고,유니드비티플러스
20260311000334,2026-03-11 11:13,바디텍메드,코스닥,주주총회소집공고,바디텍메드
20260311000330,2026-03-11 11:11,원익머트리얼즈,코스닥,주주총회소집공고,원익머트리얼즈
20260311000323,2026-03-11 11:09,나눔테크,코넥스,주주총회소집공고,나눔테크
20260311000322,2026-03-11 11:08,경인양행,유가증권,주주총회소집공고,경인양행
20260311000321,2026-03-11 11:07,한화,유가증권,주주총회소집공고,한화
20260311000319,2026-03-11 11:07,이퓨쳐,코스닥,주주총회소집공고,이퓨쳐
20260311000312,2026-03-11 11:03,이미지스,코스닥,주주총회소집공고,이미지스테크놀로지
20260311000307,2026-03-11 11:01,지역난방공사,유가증권,[정정]주주총회소집공고,한국지역난방공사
20260311000306,2026-03-11 11:01,디지털대성,코스닥,주주총회소집공고,디지털대성
20260311000304,2026-03-11 11:00,한컴라이프케어,유가증권,[정정]주주총회소집공고,한컴라이프케어
20260311000302,2026-03-11 10:59,와이투솔루션,유가증권,주주총회소집공고,와이투솔루션
20260311000301,2026-03-11 10:59,두올,유가증권,주주총회소집공고,두올
20260311000300,2026-03-11 10:59,액스비스,코스닥,주주총회소집공고,액스비스
20260311000293,2026-03-11 10:55,진영,코스닥,주주총회소집공고,진영
20260311000292,2026-03-11 10:54,이닉스,코스닥,주주총회소집공고,이닉스
20260311000275,2026-03-11 10:48,애경케미칼,유가증권,[정정]주주총회소집공고,애경케미칼
20260311000271,2026-03-11 10:46,비에이치,유가증권,주주총회소집공고,비에이치
20260311000269,2026-03-11 10:45,SBI인베스트먼트,코스닥,주주총회소집공고,에스비아이인베스트먼트
20260311000267,2026-03-11 10:44,SK증권제10호스팩,코스닥,주주총회소집공고,에스케이증권제10호기업인수목적
20260311000266,2026-03-11 10:44,혜인,유가증권,[정정]주주총회소집공고,혜인
20260311000260,2026-03-11 10:42,디케이티,코스닥,주주총회소집공고,디케이티
20260311000256,2026-03-11 10:40,현대힘스,코스닥,주주총회소집공고,현대힘스
20260311000255,2026-03-11 10:40,피코그램,코스닥,주주총회소집공고,피코그램
20260311000254,2026-03-11 10:40,케이씨에스,코스닥,주주총회소집공고,케이씨에스
20260311000253,2026-03-11 10:40,엔비알모션,코스닥,주주총회소집공고,엔비알모션
20260311000249,2026-03-11 10:37,이엘피,코스닥,주주총회소집공고,이엘피
20260311000247,2026-03-11 10:36,로지시스,코스닥,주주총회소집공고,로지시스
20260311000235,2026-03-11 10:29,기가비스,코스닥,주주총회소집공고,기가비스
20260311000232,2026-03-11 10:27,제일연마,유가증권,주주총회소집공고,제일연마공업
20260311000230,2026-03-11 10:27,이노에이엑스,코스닥,주주총회소집공고,이노에이엑스
20260311000219,2026-03-11 10:22,조비,유가증권,주주총회소집공고,조비
20260311000217,2026-03-11 10:21,이건홀딩스,코스닥,주주총회소집공고,이건홀딩스
20260311000213,2026-03-11 10:19,이건산업,유가증권,주주총회소집공고,이건산업
20260311000210,2026-03-11 10:19,KG모빌리티플랫폼,유가증권,주주총회소집공고,케이지모빌리티플랫폼
20260311000205,2026-03-11 10:16,러셀,코스닥,주주총회소집공고,러셀
20260311000197,2026-03-11 10:14,혜인,유가증권,주주총회소집공고,혜인
20260311000192,2026-03-11 10:13,타이거일렉,코스닥,주주총회소집공고,타이거일렉
20260311000191,2026-03-11 10:11,바이오에프디엔씨,코스닥,주주총회소집공고,바이오에프디엔씨
20260311000188,2026-03-11 10:09,원일티엔아이,코스닥,주주총회소집공고,원일티엔아이
20260311000180,2026-03-11 10:05,동아지질,유가증권,주주총회소집공고,동아지질
20260311000178,2026-03-11 10:04,한국기업평가,코스닥,주주총회소집공고,한국기업평가
20260311000176,2026-03-11 10:04,한화플러스제5호스팩,코스닥,주주총회소집공고,한화플러스제5호기업인수목적
20260311000168,2026-03-11 09:54,코데즈컴바인,코스닥,주주총회소집공고,코데즈컴바인
20260311000158,2026-03-11 09:44,프로티아,코스닥,주주총회소집공고,프로티아
20260311000156,2026-03-11 09:44,파인엠텍,코스닥,주주총회소집공고,파인엠텍
20260311000155,2026-03-11 09:41,리노공업,코스닥,주주총회소집공고,리노공업
20260311000154,2026-03-11 09:40,바스칸바이오제약,코넥스,주주총회소집공고,바스칸바이오제약
20260311000146,2026-03-11 09:36,브이씨,코스닥,주주총회소집공고,브이씨
20260311000143,2026-03-11 09:35,와이씨,코스닥,주주총회소집공고,와이씨
20260311000142,2026-03-11 09:35,와토스코리아,코스닥,주주총회소집공고,와토스코리아
20260311000140,2026-03-11 09:33,더테크놀로지,코스닥,[정정]주주총회소집공고,더 테크놀로지
20260311000135,2026-03-11 09:29,썬테크,코넥스,주주총회소집공고,썬테크
20260311000132,2026-03-11 09:27,파이버프로,코스닥,주주총회소집공고,파이버프로
20260311000128,2026-03-11 09:25,레이크머티리얼즈,코스닥,주주총회소집공고,레이크머티리얼즈
20260311000127,2026-03-11 09:25,누리플렉스,코스닥,주주총회소집공고,누리플렉스
20260311000120,2026-03-11 09:19,피에이치에이,코스닥,주주총회소집공고,피에이치에이
20260311000119,2026-03-11 09:18,비아트론,코스닥,[정정]주주총회소집공고,비아트론
20260311000112,2026-03-11 09:16,제이투케이바이오,코스닥,주주총회소집공고,제이투케이바이오
20260311000110,2026-03-11 09:15,SG글로벌,유가증권,주주총회소집공고,SG글로벌
20260311000105,2026-03-11 09:12,제이에스코퍼레이션,유가증권,주주총회소집공고,제이에스코퍼레이션
20260311000103,2026-03-11 09:11,심플랫폼,코스닥,주주총회소집공고,심플랫폼
20260311000101,2026-03-11 09:09,태웅,코스닥,주주총회소집공고,태웅
20260311000096,2026-03-11 09:07,에스피지,코스닥,주주총회소집공고,에스피지
20260311000095,2026-03-11 09:07,한국제13호스팩,코스닥,주주총회소집공고,한국제13호기업인수목적
20260311000094,2026-03-11 09:06,ISC,코스닥,주주총회소집공고,아이에스시
20260311000080,2026-03-11 08:56,한텍,코스닥,주주총회소집공고,한텍
20260311000073,2026-03-11 08:46,진성티이씨,코스닥,주주총회소집공고,진성티이씨
20260311000072,2026-03-11 08:45,엑사이엔씨,코스닥,주주총회소집공고,엑사이엔씨
20260311000071,2026-03-11 08:43,제이엠티,코스닥,주주총회소집공고,제이엠티
20260310001968,2026-03-11 07:30,콜마홀딩스,유가증권,주주총회소집공고,콜마홀딩스
20260310001963,2026-03-10 17:59,한독,유가증권,[정정]주주총회소집공고,한독
20260310001938,2026-03-10 17:55,콜마홀딩스,유가증권,주주총회소집공고,콜마홀딩스
20260310001930,2026-03-10 17:53,원익큐브,코스닥,주주총회소집공고,원익큐브
20260310001927,2026-03-10 17:53,하이브,유가증권,주주총회소집공고,하이브
20260310001926,2026-03-10 17:53,케이티,유가증권,주주총회소집공고,케이티
20260310001925,2026-03-10 17:53,영풍,유가증권,주주총회소집공고,영풍
20260310001920,2026-03-10 17:52,산일전기,유가증권,주주총회소집공고,산일전기
20260310001918,2026-03-10 17:51,케이엔에스,코스닥,주주총회소집공고,케이엔에스
20260310001909,2026-03-10 17:50,아리바이오LAB,코스닥,주주총회소집공고,아리바이오랩
20260310001907,2026-03-10 17:49,시프트업,유가증권,[정정]주주총회소집공고,시프트업
20260310001885,2026-03-10 17:45,제이엔케이글로벌,코스닥,주주총회소집공고,제이엔케이글로벌
20260310001874,2026-03-10 17:41,지에프아이,코스닥,[정정]주주총회소집공고,지에프아이
20260310001863,2026-03-10 17:39,유라테크,코스닥,주주총회소집공고,유라테크
20260310001857,2026-03-10 17:38,신풍제약,유가증권,주주총회소집공고,신풍제약
20260310001852,2026-03-10 17:36,한솔케미칼,유가증권,[정정]주주총회소집공고,한솔케미칼
20260310001849,2026-03-10 17:35,EMB,코넥스,주주총회소집공고,이엠비
20260310001842,2026-03-10 17:34,이마트,유가증권,[정정]주주총회소집공고,이마트
20260310001839,2026-03-10 17:33,램테크놀러지,코스닥,주주총회소집공고,램테크놀러지
20260310001830,2026-03-10 17:32,서연이화,유가증권,주주총회소집공고,서연이화
20260310001815,2026-03-10 17:30,국전,코스닥,주주총회소집공고,국전
20260310001814,2026-03-10 17:30,두산테스나,코스닥,주주총회소집공고,두산테스나
20260310001811,2026-03-10 17:29,컴투스,코스닥,주주총회소집공고,컴투스
20260310001777,2026-03-10 17:24,TP,유가증권,주주총회소집공고,티피
20260310001776,2026-03-10 17:24,팬엔터테인먼트,코스닥,[정정]주주총회소집공고,팬엔터테인먼트
20260310001773,2026-03-10 17:24,저스템,코스닥,주주총회소집공고,저스템
20260310001769,2026-03-10 17:24,제이씨현시스템,코스닥,주주총회소집공고,제이씨현시스템
20260310001762,2026-03-10 17:23,테라젠이텍스,코스닥,주주총회소집공고,테라젠이텍스
20260310001758,2026-03-10 17:23,CJ제일제당,유가증권,[정정]주주총회소집공고,CJ제일제당
20260310001754,2026-03-10 17:22,iM금융지주,유가증권,주주총회소집공고,아이엠금융지주
20260310001746,2026-03-10 17:20,다날,코스닥,주주총회소집공고,다날
20260310001714,2026-03-10 17:14,씨티씨바이오,코스닥,주주총회소집공고,씨티씨바이오
20260310001704,2026-03-10 17:13,네오이뮨텍,코스닥,주주총회소집공고,네오이뮨텍
20260310001702,2026-03-10 17:12,CNT85,코스닥,주주총회소집공고,씨앤티85
20260310001701,2026-03-10 17:12,파크시스템스,코스닥,주주총회소집공고,파크시스템스
20260310001685,2026-03-10 17:10,유진테크놀로지,코스닥,[정정]주주총회소집공고,유진테크놀로지
20260310001676,2026-03-10 17:09,엔지브이아이,코넥스,주주총회소집공고,엔지브이아이
20260310001674,2026-03-10 17:09,컴투스엔,코스닥,주주총회소집공고,컴투스엔
20260310001667,2026-03-10 17:08,넥센타이어,유가증권,주주총회소집공고,넥센타이어
20260310001643,2026-03-10 17:05,알에프텍,코스닥,주주총회소집공고,알에프텍
20260310001641,2026-03-10 17:05,삼표시멘트,코스닥,[정정]주주총회소집공고,삼표시멘트
20260310001638,2026-03-10 17:04,CJ ENM,코스닥,주주총회소집공고,씨제이이엔엠
20260310001637,2026-03-10 17:04,씨앤투스,코스닥,주주총회소집공고,씨앤투스
20260310001632,2026-03-10 17:02,바이오인프라,코스닥,주주총회소집공고,바이오인프라
20260310001629,2026-03-10 17:01,RF시스템즈,코스닥,주주총회소집공고,알에프시스템즈
20260310001592,2026-03-10 16:55,디와이에이,유가증권,주주총회소집공고,디와이에이
20260310001580,2026-03-10 16:53,네오셈,코스닥,주주총회소집공고,네오셈
20260310001569,2026-03-10 16:51,SM C&C,코스닥,주주총회소집공고,에스엠컬처앤콘텐츠
20260310001568,2026-03-10 16:51,동원시스템즈,유가증권,주주총회소집공고,동원시스템즈
20260310001567,2026-03-10 16:51,월덱스,코스닥,주주총회소집공고,월덱스
20260310001561,2026-03-10 16:50,대동,유가증권,주주총회소집공고,대동
20260310001541,2026-03-10 16:47,RFHIC,코스닥,[정정]주주총회소집공고,알에프에이치아이씨
20260310001537,2026-03-10 16:47,하이스틸,유가증권,[정정]주주총회소집공고,하이스틸
20260310001535,2026-03-10 16:47,펌텍코리아,코스닥,주주총회소집공고,펌텍코리아
20260310001514,2026-03-10 16:45,나이스디앤비,코스닥,주주총회소집공고,나이스디앤비
20260310001508,2026-03-10 16:45,엘케이켐,코스닥,주주총회소집공고,엘케이켐
20260310001507,2026-03-10 16:45,엘앤씨바이오,코스닥,주주총회소집공고,엘앤씨바이오
20260310001505,2026-03-10 16:45,토탈소프트,코스닥,주주총회소집공고,토탈소프트뱅크
20260310001498,2026-03-10 16:44,상상인,코스닥,주주총회소집공고,상상인
20260310001493,2026-03-10 16:42,바이오노트,유가증권,주주총회소집공고,바이오노트
20260310001491,2026-03-10 16:42,한컴라이프케어,유가증권,주주총회소집공고,한컴라이프케어
20260310001489,2026-03-10 16:42,미투온,코스닥,[정정]주주총회소집공고,미투온
20260310001485,2026-03-10 16:41,한주에이알티,코스닥,주주총회소집공고,한주에이알티
20260310001478,2026-03-10 16:41,프리시젼바이오,코스닥,주주총회소집공고,프리시젼바이오
20260310001468,2026-03-10 16:39,서린바이오,코스닥,주주총회소집공고,서린바이오사이언스
20260310001465,2026-03-10 16:39,엘엠에스,코스닥,주주총회소집공고,엘엠에스
20260310001443,2026-03-10 16:36,포니링크,코스닥,주주총회소집공고,포니링크
20260310001442,2026-03-10 16:36,사토시홀딩스,코스닥,[정정]주주총회소집공고,사토시홀딩스
20260310001435,2026-03-10 16:35,SK디앤디,유가증권,[정정]주주총회소집공고,SK디앤디
20260310001434,2026-03-10 16:34,엠씨넥스,유가증권,주주총회소집공고,엠씨넥스
20260310001413,2026-03-10 16:32,HLB제약,코스닥,주주총회소집공고,에이치엘비제약
20260310001411,2026-03-10 16:31,쎄니트,코스닥,주주총회소집공고,쎄니트
20260310001400,2026-03-10 16:30,사람인,코스닥,주주총회소집공고,사람인
20260310001395,2026-03-10 16:29,더본코리아,유가증권,주주총회소집공고,더본코리아
20260310001390,2026-03-10 16:28,현대엘리베이터,유가증권,주주총회소집공고,현대엘리베이터
20260310001387,2026-03-10 16:28,SK,유가증권,주주총회소집공고,SK
20260310001382,2026-03-10 16:27,메리츠제1호스팩,코스닥,주주총회소집공고,메리츠제1호기업인수목적
20260310001369,2026-03-10 16:26,티이엠씨씨엔에스,코스닥,[정정]주주총회소집공고,티이엠씨씨엔에스
20260310001364,2026-03-10 16:26,JYP Ent.,코스닥,주주총회소집공고,제이와이피엔터테인먼트
20260310001363,2026-03-10 16:26,신성델타테크,코스닥,주주총회소집공고,신성델타테크
20260310001350,2026-03-10 16:24,RF머트리얼즈,코스닥,주주총회소집공고,알에프머트리얼즈
20260310001340,2026-03-10 16:22,KC산업,코넥스,주주총회소집공고,케이씨산업
20260310001336,2026-03-10 16:21,인탑스,코스닥,주주총회소집공고,인탑스
20260310001334,2026-03-10 16:21,웰크론한텍,코스닥,주주총회소집공고,웰크론한텍
20260310001314,2026-03-10 16:18,펩트론,코스닥,[정정]주주총회소집공고,펩트론
20260310001312,2026-03-10 16:18,코닉오토메이션,코스닥,주주총회소집공고,코닉오토메이션
20260310001299,2026-03-10 16:16,넥슨게임즈,코스닥,주주총회소집공고,넥슨게임즈
20260310001290,2026-03-10 16:15,한국전력공사,유가증권,주주총회소집공고,한국전력공사
20260310001287,2026-03-10 16:15,엘오티베큠,코스닥,주주총회소집공고,엘오티베큠
20260310001272,2026-03-10 16:13,메타케어,유가증권,주주총회소집공고,메타케어
20260310001263,2026-03-10 16:12,에스에이엠티,코스닥,주주총회소집공고,에스에이엠티
20260310001250,2026-03-10 16:11,AJ네트웍스,유가증권,주주총회소집공고,AJ네트웍스
20260310001244,2026-03-10 16:10,심텍홀딩스,코스닥,주주총회소집공고,심텍홀딩스
20260310001242,2026-03-10 16:10,삼화콘덴서공업,유가증권,주주총회소집공고,삼화콘덴서공업
20260310001241,2026-03-10 16:09,RFHIC,코스닥,주주총회소집공고,알에프에이치아이씨
20260310001239,2026-03-10 16:09,농심,유가증권,[정정]주주총회소집공고,농심
20260310001237,2026-03-10 16:09,코오롱ENP,유가증권,주주총회소집공고,코오롱이앤피
20260310001257,2026-03-10 16:08,태림포장,유가증권,주주총회소집공고,태림포장
20260310001229,2026-03-10 16:08,에이아이코리아,코스닥,주주총회소집공고,에이아이코리아
20260310001224,2026-03-10 16:08,DGI,코스닥,주주총회소집공고,디지아이티엑스
20260310001223,2026-03-10 16:08,상상인증권,유가증권,주주총회소집공고,상상인증권
20260310001221,2026-03-10 16:08,삼천당제약,코스닥,주주총회소집공고,삼천당제약
20260310001212,2026-03-10 16:07,삼지전자,코스닥,주주총회소집공고,삼지전자
20260310001207,2026-03-10 16:06,필옵틱스,코스닥,주주총회소집공고,필옵틱스
20260310001193,2026-03-10 16:04,코리아에프티,코스닥,주주총회소집공고,코리아에프티
20260310001187,2026-03-10 16:03,한컴위드,코스닥,주주총회소집공고,한컴위드
20260310001186,2026-03-10 16:03,엑스플러스,코스닥,주주총회소집공고,엑스플러스
20260310001183,2026-03-10 16:02,라메디텍,코스닥,주주총회소집공고,라메디텍
20260310001171,2026-03-10 16:01,동양고속,유가증권,주주총회소집공고,동양고속
20260310001154,2026-03-10 15:59,텔레칩스,코스닥,주주총회소집공고,텔레칩스
20260310001153,2026-03-10 15:58,포톤,코스닥,주주총회소집공고,포톤
20260310001137,2026-03-10 15:56,신흥에스이씨,코스닥,주주총회소집공고,신흥에스이씨
20260310001114,2026-03-10 15:53,심텍,코스닥,주주총회소집공고,심텍
20260310001103,2026-03-10 15:49,지엠비코리아,유가증권,[정정]주주총회소집공고,지엠비코리아
20260310001097,2026-03-10 15:49,대한화섬,유가증권,주주총회소집공고,대한화섬
20260310001081,2026-03-10 15:46,HLB파나진,코스닥,주주총회소집공고,에이치엘비파나진
20260310001078,2026-03-10 15:45,지니틱스,코스닥,주주총회소집공고,지니틱스
20260310001064,2026-03-10 15:43,샤페론,코스닥,주주총회소집공고,샤페론
20260310001061,2026-03-10 15:43,에이프릴바이오,코스닥,주주총회소집공고,에이프릴바이오
20260310001054,2026-03-10 15:41,시지트로닉스,코스닥,주주총회소집공고,시지트로닉스
20260310001047,2026-03-10 15:40,넥스트칩,코스닥,주주총회소집공고,넥스트칩
20260310001037,2026-03-10 15:38,티피씨글로벌,코스닥,주주총회소집공고,티피씨
20260310001029,2026-03-10 15:37,대상홀딩스,유가증권,[정정]주주총회소집공고,대상홀딩스
20260310001024,2026-03-10 15:36,한성기업,유가증권,주주총회소집공고,한성기업
20260310001021,2026-03-10 15:36,HK이노엔,코스닥,주주총회소집공고,에이치케이이노엔
20260310001009,2026-03-10 15:33,GS,유가증권,주주총회소집공고,GS
20260310001008,2026-03-10 15:32,지엔씨에너지,코스닥,주주총회소집공고,지엔씨에너지
20260310001006,2026-03-10 15:32,사토시홀딩스,코스닥,주주총회소집공고,사토시홀딩스
20260310001004,2026-03-10 15:32,한선엔지니어링,코스닥,주주총회소집공고,한선엔지니어링
20260310000995,2026-03-10 15:30,서울바이오시스,코스닥,주주총회소집공고,서울바이오시스
20260310000984,2026-03-10 15:27,신화콘텍,코스닥,주주총회소집공고,신화콘텍
20260310000978,2026-03-10 15:25,에쓰씨엔지니어링,유가증권,주주총회소집공고,에쓰씨엔지니어링
20260310000967,2026-03-10 15:20,에르코스,코스닥,주주총회소집공고,에르코스 농업회사법인
20260310000959,2026-03-10 15:17,DRB동일,유가증권,주주총회소집공고,디알비동일
20260310000958,2026-03-10 15:17,아모텍,코스닥,주주총회소집공고,아모텍
20260310000953,2026-03-10 15:16,코스리거글로벌,코스닥,주주총회소집공고,코스리거글로벌
20260310000941,2026-03-10 15:14,동일고무벨트,유가증권,주주총회소집공고,동일고무벨트
20260310000932,2026-03-10 15:12,남화산업,코스닥,[정정]주주총회소집공고,남화산업
20260310000925,2026-03-10 15:11,아모센스,코스닥,[정정]주주총회소집공고,아모센스
20260310000908,2026-03-10 15:06,티디에스팜,코스닥,주주총회소집공고,티디에스팜
20260310000907,2026-03-10 15:06,오이솔루션,코스닥,주주총회소집공고,오이솔루션
20260310000889,2026-03-10 15:01,듀오백,코스닥,주주총회소집공고,듀오백
20260310000878,2026-03-10 14:57,디와이씨,코스닥,주주총회소집공고,디와이씨
20260310000876,2026-03-10 14:57,NC,유가증권,[정정]주주총회소집공고,엔씨
20260310000866,2026-03-10 14:54,지투파워,코스닥,주주총회소집공고,지투파워
20260310000864,2026-03-10 14:53,유진테크놀로지,코스닥,[정정]주주총회소집공고,유진테크놀로지
20260310000863,2026-03-10 14:53,원텍,코스닥,주주총회소집공고,원텍
20260310000860,2026-03-10 14:52,대상홀딩스,유가증권,주주총회소집공고,대상홀딩스
20260310000859,2026-03-10 14:52,팅크웨어,코스닥,주주총회소집공고,팅크웨어
20260310000857,2026-03-10 14:51,티앤엘,코스닥,주주총회소집공고,티앤엘
20260310000853,2026-03-10 14:50,케이비아이동국실업,유가증권,주주총회소집공고,케이비아이동국실업
20260310000849,2026-03-10 14:49,듀켐바이오,코스닥,주주총회소집공고,듀켐바이오
20260310000847,2026-03-10 14:49,신일제약,코스닥,주주총회소집공고,신일제약
20260310000844,2026-03-10 14:48,큐라켐,코넥스,주주총회소집공고,큐라켐
20260310000839,2026-03-10 14:47,팬엔터테인먼트,코스닥,주주총회소집공고,팬엔터테인먼트
20260310000820,2026-03-10 14:43,성광벤드,코스닥,주주총회소집공고,성광벤드
20260310000807,2026-03-10 14:41,유진테크놀로지,코스닥,주주총회소집공고,유진테크놀로지
20260310000806,2026-03-10 14:41,액트로,코스닥,주주총회소집공고,액트로
20260310000795,2026-03-10 14:38,그린리소스,코스닥,[정정]주주총회소집공고,그린리소스
20260310000794,2026-03-10 14:37,OCI홀딩스,유가증권,주주총회소집공고,오씨아이홀딩스
20260310000791,2026-03-10 14:36,SK디앤디,유가증권,주주총회소집공고,SK디앤디
20260310000790,2026-03-10 14:35,드림어스컴퍼니,코스닥,주주총회소집공고,드림어스컴퍼니
20260310000780,2026-03-10 14:32,타스컴,코넥스,주주총회소집공고,타스컴
20260310000777,2026-03-10 14:31,대한제강,유가증권,[정정]주주총회소집공고,대한제강
20260310000769,2026-03-10 14:29,리메드,코스닥,주주총회소집공고,리메드
20260310000748,2026-03-10 14:24,더네이쳐홀딩스,코스닥,[정정]주주총회소집공고,더네이쳐홀딩스
20260310000747,2026-03-10 14:23,다이나믹솔루션,코스닥,주주총회소집공고,다이나믹솔루션
20260310000745,2026-03-10 14:23,아이씨에이치,코스닥,주주총회소집공고,아이씨에이치
20260310000722,2026-03-10 14:17,신라교역,유가증권,주주총회소집공고,신라교역
20260310000721,2026-03-10 14:17,엘에스일렉트릭,유가증권,[정정]주주총회소집공고,엘에스일렉트릭
20260310000709,2026-03-10 14:12,제노코,코스닥,주주총회소집공고,제노코
20260310000697,2026-03-10 14:09,IPARK현대산업개발,유가증권,[정정]주주총회소집공고,아이파크현대산업개발
20260310000695,2026-03-10 14:09,지엠비코리아,유가증권,주주총회소집공고,지엠비코리아
20260310000690,2026-03-10 14:08,옵투스제약,코스닥,[정정]주주총회소집공고,옵투스제약
20260310000671,2026-03-10 14:04,비츠로셀,코스닥,주주총회소집공고,비츠로셀
20260310000665,2026-03-10 14:03,SDN,코스닥,주주총회소집공고,에스디엔
20260310000663,2026-03-10 14:02,로체시스템즈,코스닥,주주총회소집공고,로체시스템즈
20260310000651,2026-03-10 13:58,파인메딕스,코스닥,주주총회소집공고,파인메딕스
20260310000650,2026-03-10 13:58,유유제약,유가증권,주주총회소집공고,유유제약
20260310000634,2026-03-10 13:52,이글벳,코스닥,주주총회소집공고,이글벳
20260310000632,2026-03-10 13:51,아모그린텍,코스닥,주주총회소집공고,아모그린텍
20260310000631,2026-03-10 13:51,제이피아이헬스케어,코스닥,주주총회소집공고,제이피아이헬스케어
20260310000624,2026-03-10 13:49,디아이티,코스닥,주주총회소집공고,디아이티
20260310000622,2026-03-10 13:48,센코,코스닥,주주총회소집공고,센코
20260310000608,2026-03-10 13:42,에이치케이,코스닥,주주총회소집공고,에이치케이
20260310000603,2026-03-10 13:40,에이에프더블류,코스닥,주주총회소집공고,에이에프더블류
20260310000601,2026-03-10 13:39,세나테크놀로지,코스닥,주주총회소집공고,세나테크놀로지
20260310000597,2026-03-10 13:37,라파스,코스닥,주주총회소집공고,라파스
20260310000592,2026-03-10 13:33,기산텔레콤,코스닥,주주총회소집공고,기산텔레콤
20260310000591,2026-03-10 13:32,대신밸런스제16호스팩,코스닥,주주총회소집공고,대신밸런스제16호기업인수목적
20260310000579,2026-03-10 13:25,디와이덕양,유가증권,주주총회소집공고,디와이덕양
20260310000577,2026-03-10 13:24,자람테크놀로지,코스닥,주주총회소집공고,자람테크놀로지
20260310000571,2026-03-10 13:22,씨엔알리서치,코스닥,주주총회소집공고,씨엔알리서치
20260310000564,2026-03-10 13:15,한컴,코스닥,주주총회소집공고,한컴
20260310000552,2026-03-10 13:08,성문전자,유가증권,주주총회소집공고,성문전자
20260310000538,2026-03-10 12:57,에스넷,코스닥,주주총회소집공고,에스넷시스템
20260310000531,2026-03-10 12:48,씨티알모빌리티,유가증권,주주총회소집공고,씨티알모빌리티
20260310000525,2026-03-10 12:37,선진뷰티사이언스,코스닥,주주총회소집공고,선진뷰티사이언스
20260310000521,2026-03-10 12:35,셀리드,코스닥,주주총회소집공고,셀리드
20260310000510,2026-03-10 12:06,키다리스튜디오,유가증권,주주총회소집공고,키다리스튜디오
20260310000506,2026-03-10 12:00,아이비김영,코스닥,주주총회소집공고,아이비김영
20260310000503,2026-03-10 11:58,코스텍시스템,코넥스,주주총회소집공고,코스텍시스템
20260310000498,2026-03-10 11:50,지오엘리먼트,코스닥,주주총회소집공고,지오엘리먼트
20260310000490,2026-03-10 11:43,대정화금,코스닥,주주총회소집공고,대정화금
20260310000488,2026-03-10 11:40,나노팀,코스닥,[정정]주주총회소집공고,나노팀
20260310000476,2026-03-10 11:32,세우글로벌,유가증권,주주총회소집공고,세우글로벌
20260310000465,2026-03-10 11:26,이노진,코스닥,주주총회소집공고,이노진
20260310000462,2026-03-10 11:24,이화공영,코스닥,주주총회소집공고,이화공영
20260310000461,2026-03-10 11:22,에코앤드림,코스닥,주주총회소집공고,에코앤드림
20260310000459,2026-03-10 11:20,한창,유가증권,주주총회소집공고,한창
20260310000457,2026-03-10 11:20,피에스텍,코스닥,주주총회소집공고,피에스텍
20260310000435,2026-03-10 11:07,에코아이,코스닥,주주총회소집공고,에코아이
20260310000426,2026-03-10 11:00,더네이쳐홀딩스,코스닥,주주총회소집공고,더네이쳐홀딩스
20260310000422,2026-03-10 10:58,케이피에프,코스닥,주주총회소집공고,케이피에프
20260310000419,2026-03-10 10:56,픽셀플러스,코스닥,[정정]주주총회소집공고,픽셀플러스
20260310000409,2026-03-10 10:50,삼성스팩10호,코스닥,[정정]주주총회소집공고,삼성기업인수목적10호
20260310000399,2026-03-10 10:46,플라즈맵,코스닥,주주총회소집공고,플라즈맵
20260310000391,2026-03-10 10:38,대신밸런스제17호스팩,코스닥,주주총회소집공고,대신밸런스제17호기업인수목적
20260310000389,2026-03-10 10:36,쎌바이오텍,코스닥,주주총회소집공고,쎌바이오텍
20260310000388,2026-03-10 10:35,파워로직스,코스닥,주주총회소집공고,파워로직스
20260310000383,2026-03-10 10:29,에스엘에스바이오,코스닥,주주총회소집공고,에스엘에스바이오
20260310000375,2026-03-10 10:22,케스피온,코스닥,주주총회소집공고,케스피온
20260310000365,2026-03-10 10:19,HRS,코스닥,주주총회소집공고,에이치알에스
20260310000362,2026-03-10 10:18,롯데렌탈,유가증권,주주총회소집공고,롯데렌탈
20260310000360,2026-03-10 10:14,인화정공,코스닥,주주총회소집공고,인화정공
20260310000354,2026-03-10 10:10,코아스,유가증권,주주총회소집공고,코아스
20260310000345,2026-03-10 10:04,보락,유가증권,주주총회소집공고,보락
20260310000333,2026-03-10 09:56,샘씨엔에스,코스닥,주주총회소집공고,샘씨엔에스
20260310000332,2026-03-10 09:54,영림원소프트랩,코스닥,주주총회소집공고,영림원소프트랩
20260310000307,2026-03-10 09:35,삼륭물산,코스닥,주주총회소집공고,삼륭물산
20260310000303,2026-03-10 09:31,에프에스티,코스닥,주주총회소집공고,에프에스티
20260310000300,2026-03-10 09:27,유일로보틱스,코스닥,주주총회소집공고,유일로보틱스
20260310000295,2026-03-10 09:19,NH올원리츠,유가증권,[정정]주주총회소집공고,㈜엔에이치올원위탁관리부동산투자회사
20260310000291,2026-03-10 09:17,예스티,코스닥,주주총회소집공고,예스티
20260310000286,2026-03-10 09:16,그린케미칼,유가증권,주주총회소집공고,그린케미칼
20260310000283,2026-03-10 09:15,엠디바이스,코스닥,[정정]주주총회소집공고,엠디바이스
20260310000276,2026-03-10 09:10,토모큐브,코스닥,주주총회소집공고,토모큐브
20260310000271,2026-03-10 09:08,자화전자,유가증권,주주총회소집공고,자화전자
20260310000261,2026-03-10 09:02,제이엠아이,코스닥,주주총회소집공고,제이엠아이
20260310000014,2026-03-10 07:47,폴라리스우노,코스닥,[정정]주주총회소집공고,폴라리스우노
20260309001653,2026-03-10 07:30,씨메스로보틱스,코스닥,[정정]주주총회소집공고,씨메스로보틱스
20260309001618,2026-03-10 07:30,그린리소스,코스닥,주주총회소집공고,그린리소스
20260309001576,2026-03-09 18:00,나이스정보통신,코스닥,주주총회소집공고,나이스정보통신
20260309001621,2026-03-09 17:59,알티캐스트,코스닥,주주총회소집공고,알티캐스트
20260309001571,2026-03-09 17:59,디지캡,코스닥,주주총회소집공고,디지캡
20260309001569,2026-03-09 17:58,SK네트웍스,유가증권,주주총회소집공고,SK네트웍스
20260309001563,2026-03-09 17:57,동국씨엠,유가증권,주주총회소집공고,동국씨엠
20260309001558,2026-03-09 17:56,세종텔레콤,코스닥,주주총회소집공고,세종텔레콤
20260309001551,2026-03-09 17:53,한진,유가증권,주주총회소집공고,한진
20260309001545,2026-03-09 17:51,티이엠씨씨엔에스,코스닥,주주총회소집공고,티이엠씨씨엔에스
20260309001526,2026-03-09 17:45,폴라리스AI,코스닥,주주총회소집공고,폴라리스에이아이
20260309001523,2026-03-09 17:45,쿠쿠홀딩스,유가증권,주주총회소집공고,쿠쿠홀딩스
20260309001521,2026-03-09 17:44,CJ,유가증권,주주총회소집공고,CJ
20260309001520,2026-03-09 17:44,솔브레인,코스닥,주주총회소집공고,솔브레인
20260309001516,2026-03-09 17:43,레뷰코퍼레이션,코스닥,주주총회소집공고,레뷰코퍼레이션
20260309001515,2026-03-09 17:43,더테크놀로지,코스닥,주주총회소집공고,더 테크놀로지
20260309001511,2026-03-09 17:42,구영테크,코스닥,주주총회소집공고,구영테크
20260309001498,2026-03-09 17:39,케이씨씨,유가증권,[정정]주주총회소집공고,케이씨씨
20260309001494,2026-03-09 17:38,이노스페이스,코스닥,주주총회소집공고,이노스페이스
20260309001488,2026-03-09 17:37,한화에어로스페이스,유가증권,[정정]주주총회소집공고,한화에어로스페이스
20260309001487,2026-03-09 17:37,폴라리스우노,코스닥,주주총회소집공고,폴라리스우노
20260309001456,2026-03-09 17:32,조이시티,코스닥,주주총회소집공고,조이시티
20260309001455,2026-03-09 17:32,동성케미컬,유가증권,주주총회소집공고,동성케미컬
20260309001446,2026-03-09 17:30,인산가,코스닥,주주총회소집공고,인산가
20260309001439,2026-03-09 17:29,케이피엠테크,코스닥,주주총회소집공고,케이피엠테크
20260309001436,2026-03-09 17:28,배럴,코스닥,주주총회소집공고,배럴
20260309001431,2026-03-09 17:28,한화생명,유가증권,주주총회소집공고,한화생명보험
20260309001429,2026-03-09 17:28,씨메스로보틱스,코스닥,주주총회소집공고,씨메스로보틱스
20260309001424,2026-03-09 17:27,CJ CGV,유가증권,주주총회소집공고,씨제이씨지브이
20260309001394,2026-03-09 17:23,LS증권,코스닥,[정정]주주총회소집공고,엘에스증권
20260309001391,2026-03-09 17:22,디와이파워,유가증권,주주총회소집공고,디와이파워
20260309001388,2026-03-09 17:21,리드코프,코스닥,[정정]주주총회소집공고,리드코프
20260309001376,2026-03-09 17:19,태양금속공업,유가증권,주주총회소집공고,태양금속공업
20260309001369,2026-03-09 17:18,롯데지주,유가증권,주주총회소집공고,롯데지주
20260309001368,2026-03-09 17:18,에이스침대,코스닥,주주총회소집공고,에이스침대
20260309001363,2026-03-09 17:17,페스카로,코스닥,주주총회소집공고,페스카로
20260309001361,2026-03-09 17:17,탑머티리얼,코스닥,주주총회소집공고,탑머티리얼
20260309001360,2026-03-09 17:17,CJ제일제당,유가증권,주주총회소집공고,CJ제일제당
20260309001357,2026-03-09 17:16,쎄노텍,코스닥,주주총회소집공고,쎄노텍
20260309001351,2026-03-09 17:15,고려신용정보,코스닥,주주총회소집공고,고려신용정보
20260309001350,2026-03-09 17:15,한화엔진,유가증권,[정정]주주총회소집공고,한화엔진
20260309001338,2026-03-09 17:13,우리손에프앤지,코스닥,주주총회소집공고,우리손에프앤지 농업회사법인
20260309001328,2026-03-09 17:12,녹십자웰빙,코스닥,주주총회소집공고,녹십자웰빙
20260309001315,2026-03-09 17:10,녹십자엠에스,코스닥,[정정]주주총회소집공고,녹십자엠에스
20260309001309,2026-03-09 17:09,NH올원리츠,유가증권,주주총회소집공고,㈜엔에이치올원위탁관리부동산투자회사
20260309001296,2026-03-09 17:07,지니너스,코스닥,주주총회소집공고,지니너스
20260309001293,2026-03-09 17:07,에스알바이오텍,코넥스,주주총회소집공고,에스알바이오텍
20260309001291,2026-03-09 17:06,태양,코스닥,주주총회소집공고,태양
20260309001283,2026-03-09 17:05,엠플러스,코스닥,[정정]주주총회소집공고,엠플러스
20260309001262,2026-03-09 17:02,삼표시멘트,코스닥,주주총회소집공고,삼표시멘트
20260309001259,2026-03-09 17:02,효성티앤씨,유가증권,[정정]주주총회소집공고,효성티앤씨
20260309001246,2026-03-09 17:00,무진메디,코넥스,주주총회소집공고,무진메디
20260309001235,2026-03-09 16:59,아이스크림미디어,코스닥,주주총회소집공고,아이스크림미디어
20260309001228,2026-03-09 16:58,디와이,유가증권,주주총회소집공고,디와이
20260309001219,2026-03-09 16:56,대신밸런스제19호스팩,코스닥,주주총회소집공고,대신밸런스제19호기업인수목적
20260309001212,2026-03-09 16:55,부광약품,유가증권,주주총회소집공고,부광약품
20260309001203,2026-03-09 16:53,대성미생물,코스닥,주주총회소집공고,대성미생물연구소
20260309001202,2026-03-09 16:53,알파칩스,코스닥,주주총회소집공고,알파칩스
20260309001191,2026-03-09 16:51,알톤,코스닥,주주총회소집공고,알톤
20260309001186,2026-03-09 16:50,CJ대한통운,유가증권,주주총회소집공고,씨제이대한통운
20260309001171,2026-03-09 16:49,에이원큐브텍,코넥스,주주총회소집공고,에이원큐브텍
20260309001168,2026-03-09 16:48,넥스틴,코스닥,주주총회소집공고,넥스틴
20260309001167,2026-03-09 16:48,대신증권,유가증권,주주총회소집공고,대신증권
20260309001164,2026-03-09 16:47,키이스트,코스닥,주주총회소집공고,키이스트
20260309001158,2026-03-09 16:46,에이치시티,코스닥,주주총회소집공고,에이치시티
20260309001137,2026-03-09 16:41,우양피앤엘,유가증권,주주총회소집공고,우양피앤엘
20260309001130,2026-03-09 16:38,빛샘전자,코스닥,[정정]주주총회소집공고,빛샘전자
20260309001124,2026-03-09 16:37,크래프톤,유가증권,[정정]주주총회소집공고,크래프톤
20260309001121,2026-03-09 16:37,라온텍,코스닥,주주총회소집공고,라온텍
20260309001120,2026-03-09 16:36,국일신동,코스닥,주주총회소집공고,국일신동
20260309001119,2026-03-09 16:36,유니테크노,코스닥,주주총회소집공고,유니테크노
20260309001110,2026-03-09 16:35,전진바이오팜,코스닥,주주총회소집공고,전진바이오팜
20260309001109,2026-03-09 16:35,백금T&A,코스닥,[정정]주주총회소집공고,백금티앤에이
20260309001104,2026-03-09 16:35,에이전트AI,코스닥,주주총회소집공고,에이전트에이아이
20260309001097,2026-03-09 16:34,티로보틱스,코스닥,주주총회소집공고,티로보틱스
20260309001094,2026-03-09 16:34,케어젠,코스닥,주주총회소집공고,케어젠
20260309001091,2026-03-09 16:33,잉크테크,코스닥,주주총회소집공고,잉크테크
20260309001089,2026-03-09 16:33,포바이포,코스닥,주주총회소집공고,포바이포
20260309001080,2026-03-09 16:30,슈프리마,코스닥,주주총회소집공고,슈프리마
20260309001067,2026-03-09 16:28,레이언스,코스닥,주주총회소집공고,레이언스
20260309001063,2026-03-09 16:27,삼호개발,유가증권,주주총회소집공고,삼호개발
20260309001059,2026-03-09 16:27,SJG세종,유가증권,주주총회소집공고,에스제이지세종
20260309001054,2026-03-09 16:27,KG스틸,유가증권,[정정]주주총회소집공고,KG스틸
20260309001049,2026-03-09 16:26,KNN,코스닥,주주총회소집공고,케이엔엔
20260309001044,2026-03-09 16:25,필에너지,코스닥,주주총회소집공고,필에너지
20260309001043,2026-03-09 16:25,에스디시스템,코스닥,[정정]주주총회소집공고,에스디시스템
20260309001040,2026-03-09 16:24,에스트래픽,코스닥,주주총회소집공고,에스트래픽
20260309001025,2026-03-09 16:24,승일,코스닥,주주총회소집공고,승일
20260309001024,2026-03-09 16:24,펩트론,코스닥,주주총회소집공고,펩트론
20260309001019,2026-03-09 16:22,젠큐릭스,코스닥,주주총회소집공고,젠큐릭스
20260309001007,2026-03-09 16:21,큐리오시스,코스닥,주주총회소집공고,큐리오시스
20260309001003,2026-03-09 16:21,시공테크,코스닥,주주총회소집공고,시공테크
20260309001000,2026-03-09 16:20,신화프리텍,코스닥,주주총회소집공고,신화프리텍
20260309000991,2026-03-09 16:18,대교,유가증권,주주총회소집공고,대교
20260309000983,2026-03-09 16:17,제이씨케미칼,코스닥,[정정]주주총회소집공고,제이씨케미칼
20260309000978,2026-03-09 16:16,NEW,코스닥,주주총회소집공고,넥스트엔터테인먼트월드
20260309000975,2026-03-09 16:15,천보,코스닥,주주총회소집공고,천보
20260309000974,2026-03-09 16:15,티씨머티리얼즈,코스닥,주주총회소집공고,티씨머티리얼즈
20260309000971,2026-03-09 16:15,중앙백신,코스닥,주주총회소집공고,중앙백신연구소
20260309000955,2026-03-09 16:12,원익IPS,코스닥,주주총회소집공고,원익아이피에스
20260309000953,2026-03-09 16:12,아모센스,코스닥,주주총회소집공고,아모센스
20260309000952,2026-03-09 16:12,비트맥스,코스닥,주주총회소집공고,비트맥스
20260309000949,2026-03-09 16:12,드림텍,유가증권,[정정]주주총회소집공고,드림텍
20260309000928,2026-03-09 16:08,율촌화학,유가증권,주주총회소집공고,율촌화학
20260309000925,2026-03-09 16:08,하츠,코스닥,주주총회소집공고,하츠
20260309000919,2026-03-09 16:07,정다운,코스닥,주주총회소집공고,정다운
20260309000912,2026-03-09 16:07,지씨지놈,코스닥,주주총회소집공고,지씨지놈
20260309000900,2026-03-09 16:05,다스코,유가증권,주주총회소집공고,다스코
20260309000897,2026-03-09 16:04,제닉,코스닥,주주총회소집공고,제닉
20260309000895,2026-03-09 16:04,KT나스미디어,코스닥,주주총회소집공고,케이티나스미디어
20260309000883,2026-03-09 16:02,미래에셋생명,유가증권,[정정]주주총회소집공고,미래에셋생명보험
20260309000872,2026-03-09 16:00,에이치엘사이언스,코스닥,주주총회소집공고,에이치엘사이언스
20260309000860,2026-03-09 15:59,지아이텍,코스닥,주주총회소집공고,지아이텍
20260309000853,2026-03-09 15:58,한독크린텍,코스닥,주주총회소집공고,한독크린텍
20260309000845,2026-03-09 15:57,위메이드맥스,코스닥,주주총회소집공고,위메이드맥스
20260309000843,2026-03-09 15:57,BNK금융지주,유가증권,주주총회소집공고,BNK금융지주
20260309000837,2026-03-09 15:56,신성에스티,코스닥,주주총회소집공고,신성에스티
20260309000832,2026-03-09 15:55,에스디시스템,코스닥,주주총회소집공고,에스디시스템
20260309000829,2026-03-09 15:55,하나36호스팩,코스닥,주주총회소집공고,하나36호기업인수목적
20260309000821,2026-03-09 15:54,상아프론테크,코스닥,주주총회소집공고,상아프론테크
20260309000819,2026-03-09 15:54,지씨셀,코스닥,주주총회소집공고,지씨셀
20260309000814,2026-03-09 15:53,세동,코스닥,주주총회소집공고,세동
20260309000805,2026-03-09 15:52,지니언스,코스닥,주주총회소집공고,지니언스
20260309000800,2026-03-09 15:50,화일약품,코스닥,주주총회소집공고,화일약품
20260309000795,2026-03-09 15:49,정원엔시스,코스닥,주주총회소집공고,정원엔시스
20260309000783,2026-03-09 15:47,이엔에프테크놀로지,코스닥,주주총회소집공고,이엔에프테크놀로지
20260309000777,2026-03-09 15:47,SG세계물산,유가증권,주주총회소집공고,SG세계물산
20260309000776,2026-03-09 15:47,GC메디아이,코스닥,주주총회소집공고,GC메디아이
20260309000773,2026-03-09 15:46,희림,코스닥,주주총회소집공고,희림종합건축사사무소
20260309000765,2026-03-09 15:45,엑시콘,코스닥,주주총회소집공고,엑시콘
20260309000763,2026-03-09 15:44,데브시스터즈,코스닥,주주총회소집공고,데브시스터즈
20260309000762,2026-03-09 15:44,와이지-원,코스닥,주주총회소집공고,와이지-원
20260309000760,2026-03-09 15:44,녹십자엠에스,코스닥,주주총회소집공고,녹십자엠에스
20260309000745,2026-03-09 15:40,쓰리빌리언,코스닥,주주총회소집공고,쓰리빌리언
20260309000738,2026-03-09 15:39,루닛,코스닥,[정정]주주총회소집공고,루닛
20260309000734,2026-03-09 15:38,파라택시스이더리움,코스닥,주주총회소집공고,파라택시스이더리움
20260309000727,2026-03-09 15:37,유니온,유가증권,주주총회소집공고,유니온
20260309000726,2026-03-09 15:37,윈하이텍,코스닥,주주총회소집공고,윈하이텍
20260309000716,2026-03-09 15:35,네오팜,코스닥,주주총회소집공고,네오팜
20260309000714,2026-03-09 15:35,아하,코넥스,주주총회소집공고,아하
20260309000706,2026-03-09 15:34,국영지앤엠,코스닥,주주총회소집공고,국영지앤엠
20260309000686,2026-03-09 15:31,픽셀플러스,코스닥,주주총회소집공고,픽셀플러스
20260309000685,2026-03-09 15:31,한양디지텍,코스닥,주주총회소집공고,한양디지텍
20260309000680,2026-03-09 15:30,에프엔에스테크,코스닥,[정정]주주총회소집공고,에프엔에스테크
20260309000675,2026-03-09 15:29,아모레퍼시픽홀딩스,유가증권,[정정]주주총회소집공고,아모레퍼시픽홀딩스
20260309000661,2026-03-09 15:27,메디쎄이,코넥스,주주총회소집공고,메디쎄이
20260309000658,2026-03-09 15:25,아모레퍼시픽,유가증권,[정정]주주총회소집공고,아모레퍼시픽
20260309000652,2026-03-09 15:23,에스디생명공학,코스닥,주주총회소집공고,에스디생명공학
20260309000651,2026-03-09 15:22,오공,코스닥,주주총회소집공고,오공
20260309000649,2026-03-09 15:22,대원미디어,코스닥,주주총회소집공고,대원미디어
20260309000638,2026-03-09 15:20,빛샘전자,코스닥,주주총회소집공고,빛샘전자
20260309000623,2026-03-09 15:15,포인트엔지니어링,코스닥,주주총회소집공고,포인트엔지니어링
20260309000622,2026-03-09 15:15,피엔티엠에스,코스닥,주주총회소집공고,피엔티 엠에스
20260309000620,2026-03-09 15:13,동아엘텍,코스닥,주주총회소집공고,동아엘텍
20260309000612,2026-03-09 15:11,풍전약품,코스닥,주주총회소집공고,풍전약품
20260309000610,2026-03-09 15:10,에프엔에스테크,코스닥,주주총회소집공고,에프엔에스테크
20260309000590,2026-03-09 15:03,이노뎁,코스닥,[정정]주주총회소집공고,이노뎁
20260309000582,2026-03-09 15:00,엠플러스,코스닥,주주총회소집공고,엠플러스
20260309000579,2026-03-09 14:59,아이지넷,코스닥,주주총회소집공고,아이지넷
20260309000574,2026-03-09 14:58,선바이오,코스닥,주주총회소집공고,선바이오
20260309000569,2026-03-09 14:55,에쎈테크,코스닥,주주총회소집공고,에쎈테크
20260309000559,2026-03-09 14:54,코위버,코스닥,주주총회소집공고,코위버
20260309000554,2026-03-09 14:52,하이젠알앤엠,코스닥,주주총회소집공고,하이젠알앤엠
20260309000536,2026-03-09 14:46,엘리비젼,코넥스,주주총회소집공고,엘리비젼
20260309000526,2026-03-09 14:42,테크엘,코스닥,주주총회소집공고,테크엘
20260309000521,2026-03-09 14:40,SK이터닉스,유가증권,주주총회소집공고,SK이터닉스
20260309000520,2026-03-09 14:40,웨이비스,코스닥,주주총회소집공고,웨이비스
20260309000513,2026-03-09 14:38,케어랩스,코스닥,주주총회소집공고,케어랩스
20260309000510,2026-03-09 14:37,이랜텍,코스닥,주주총회소집공고,이랜텍
20260309000493,2026-03-09 14:30,제일파마홀딩스,유가증권,주주총회소집공고,제일파마홀딩스
20260309000484,2026-03-09 14:24,워트,코스닥,주주총회소집공고,워트
20260309000479,2026-03-09 14:22,한국전자인증,코스닥,[정정]주주총회소집공고,한국전자인증
20260309000472,2026-03-09 14:19,에프앤가이드,코스닥,주주총회소집공고,에프앤가이드
20260309000471,2026-03-09 14:19,위메이드플레이,코스닥,주주총회소집공고,위메이드플레이
20260309000461,2026-03-09 14:15,제일약품,유가증권,주주총회소집공고,제일약품
20260309000458,2026-03-09 14:14,진도,유가증권,주주총회소집공고,진도
20260309000455,2026-03-09 14:13,디오,코스닥,주주총회소집공고,디오
20260309000443,2026-03-09 14:08,AP시스템,코스닥,주주총회소집공고,에이피시스템
20260309000433,2026-03-09 14:04,제이엔비,코스닥,주주총회소집공고,제이엔비
20260309000429,2026-03-09 14:02,이스트에이드,코스닥,주주총회소집공고,이스트에이드
20260309000425,2026-03-09 14:02,알에스오토메이션,코스닥,[정정]주주총회소집공고,알에스오토메이션
20260309000421,2026-03-09 14:00,우주일렉트로,코스닥,주주총회소집공고,우주일렉트로닉스
20260309000402,2026-03-09 13:50,엔에이치스팩30호,코스닥,주주총회소집공고,엔에이치기업인수목적30호
20260309000399,2026-03-09 13:49,휴비츠,코스닥,주주총회소집공고,휴비츠
20260309000396,2026-03-09 13:47,삼화왕관,유가증권,주주총회소집공고,삼화왕관
20260309000395,2026-03-09 13:47,에이펙스인텍,코넥스,주주총회소집공고,에이펙스인텍
20260309000392,2026-03-09 13:44,SM Life Design,코스닥,주주총회소집공고,에스엠라이프디자인그룹
20260309000381,2026-03-09 13:37,LS마린솔루션,코스닥,주주총회소집공고,엘에스마린솔루션
20260309000377,2026-03-09 13:35,피제이전자,코스닥,주주총회소집공고,피제이전자
20260309000362,2026-03-09 13:29,에스텍,코스닥,주주총회소집공고,에스텍
20260309000361,2026-03-09 13:29,YW,코스닥,주주총회소집공고,와이더블유
20260309000345,2026-03-09 13:19,영화금속,유가증권,주주총회소집공고,영화금속
20260309000316,2026-03-09 12:05,한라IMS,코스닥,주주총회소집공고,한라아이엠에스
20260309000310,2026-03-09 11:53,디어유,코스닥,주주총회소집공고,디어유
20260309000309,2026-03-09 11:53,삼립,유가증권,[정정]주주총회소집공고,삼립
20260309000306,2026-03-09 11:50,가온전선,유가증권,[정정]주주총회소집공고,가온전선
20260309000291,2026-03-09 11:35,프리티,유가증권,[정정]주주총회소집공고,프리티
20260309000285,2026-03-09 11:31,덴티움,유가증권,[정정]주주총회소집공고,덴티움
20260309000283,2026-03-09 11:30,퓨쳐켐,코스닥,주주총회소집공고,퓨쳐켐
20260309000275,2026-03-09 11:22,남화산업,코스닥,주주총회소집공고,남화산업
20260309000272,2026-03-09 11:19,오픈놀,코스닥,주주총회소집공고,오픈놀
20260309000267,2026-03-09 11:15,화신,유가증권,주주총회소집공고,화신
20260309000266,2026-03-09 11:13,유니포인트,코넥스,주주총회소집공고,유니포인트
20260309000265,2026-03-09 11:12,아비코전자,코스닥,주주총회소집공고,아비코전자
20260309000260,2026-03-09 11:10,화신정공,코스닥,주주총회소집공고,화신정공
20260309000240,2026-03-09 11:00,삼보판지,코스닥,주주총회소집공고,삼보판지
20260309000229,2026-03-09 10:48,제룡산업,코스닥,주주총회소집공고,제룡산업
20260309000225,2026-03-09 10:46,제룡전기,코스닥,주주총회소집공고,제룡전기
20260309000221,2026-03-09 10:44,칩스앤미디어,코스닥,주주총회소집공고,칩스앤미디어
20260309000206,2026-03-09 10:33,디케이락,코스닥,주주총회소집공고,디케이락
20260309000188,2026-03-09 10:25,휴럼,코스닥,주주총회소집공고,휴럼
20260309000182,2026-03-09 10:17,메디아나,코스닥,[정정]주주총회소집공고,메디아나
20260309000180,2026-03-09 10:13,명인제약,유가증권,주주총회소집공고,명인제약
20260309000179,2026-03-09 10:13,코셋,코넥스,주주총회소집공고,코셋
20260309000117,2026-03-09 09:15,로보스타,코스닥,[정정]주주총회소집공고,로보스타
20260309000109,2026-03-09 09:08,KG파이낸셜,코스닥,주주총회소집공고,케이지파이낸셜
20260309000104,2026-03-09 09:03,나무가,코스닥,주주총회소집공고,나무가
20260309000079,2026-03-09 08:59,에브리봇,코스닥,주주총회소집공고,에브리봇
20260309000076,2026-03-09 08:45,에스폴리텍,코스닥,주주총회소집공고,에스폴리텍
20260309000051,2026-03-09 08:24,유진스팩12호,코스닥,주주총회소집공고,유진기업인수목적12호
20260306001728,2026-03-09 07:30,씨알푸드,코넥스,주주총회소집공고,씨알푸드
20260306001696,2026-03-09 07:30,제이씨케미칼,코스닥,주주총회소집공고,제이씨케미칼
20260306001692,2026-03-09 07:30,리드코프,코스닥,[정정]주주총회소집공고,리드코프
20260306001687,2026-03-06 17:59,큐에스아이,코스닥,[정정]주주총회소집공고,큐에스아이
20260306001679,2026-03-06 17:57,에이디테크놀로지,코스닥,주주총회소집공고,에이디테크놀로지
20260306001654,2026-03-06 17:49,폴라리스AI핸디,코스닥,주주총회소집공고,폴라리스에이아이핸디
20260306001619,2026-03-06 17:39,폴라리스AI파마,코스닥,주주총회소집공고,폴라리스에이아이파마
20260306001603,2026-03-06 17:36,아시아나IDT,유가증권,주주총회소집공고,아시아나아이디티
20260306001591,2026-03-06 17:32,하나머티리얼즈,코스닥,주주총회소집공고,하나머티리얼즈
20260306001588,2026-03-06 17:32,리드코프,코스닥,주주총회소집공고,리드코프
20260306001584,2026-03-06 17:31,일정실업,유가증권,[정정]주주총회소집공고,일정실업
20260306001583,2026-03-06 17:31,와이엠,코스닥,주주총회소집공고,와이엠
20260306001556,2026-03-06 17:25,마니커,유가증권,주주총회소집공고,마니커
20260306001555,2026-03-06 17:25,사조씨푸드,유가증권,[정정]주주총회소집공고,사조씨푸드
20260306001543,2026-03-06 17:23,소프트센,코스닥,주주총회소집공고,소프트센
20260306001532,2026-03-06 17:19,한국전자인증,코스닥,주주총회소집공고,한국전자인증
20260306001511,2026-03-06 17:15,LS네트웍스,유가증권,주주총회소집공고,LS네트웍스
20260306001504,2026-03-06 17:14,온코닉테라퓨틱스,코스닥,주주총회소집공고,온코닉테라퓨틱스
20260306001498,2026-03-06 17:12,신화인터텍,코스닥,주주총회소집공고,신화인터텍
20260306001497,2026-03-06 17:12,온코크로스,코스닥,[정정]주주총회소집공고,온코크로스
20260306001496,2026-03-06 17:11,삼영에스앤씨,코스닥,주주총회소집공고,삼영에스앤씨
20260306001490,2026-03-06 17:11,지에프씨생명과학,코스닥,주주총회소집공고,지에프씨생명과학
20260306001481,2026-03-06 17:09,나노팀,코스닥,주주총회소집공고,나노팀
20260306001480,2026-03-06 17:09,카카오게임즈,코스닥,주주총회소집공고,카카오게임즈
20260306001470,2026-03-06 17:07,쿠콘,코스닥,주주총회소집공고,쿠콘
20260306001453,2026-03-06 17:05,대동기어,코스닥,주주총회소집공고,대동기어
20260306001450,2026-03-06 17:05,한국캐피탈,코스닥,주주총회소집공고,한국캐피탈
20260306001447,2026-03-06 17:04,웹케시,코스닥,주주총회소집공고,웹케시
20260306001439,2026-03-06 17:03,에스케이바이오팜,유가증권,주주총회소집공고,에스케이바이오팜
20260306001434,2026-03-06 17:01,콜마비앤에이치,코스닥,주주총회소집공고,콜마비앤에이치
20260306001433,2026-03-06 17:01,아이크래프트,코스닥,주주총회소집공고,아이크래프트
20260306001432,2026-03-06 17:01,메드팩토,코스닥,주주총회소집공고,메드팩토
20260306001403,2026-03-06 16:54,KB금융,유가증권,주주총회소집공고,KB금융지주
20260306001401,2026-03-06 16:54,아이텍,코스닥,주주총회소집공고,아이텍
20260306001400,2026-03-06 16:54,마니커에프앤지,코스닥,주주총회소집공고,마니커에프앤지
20260306001399,2026-03-06 16:54,삼천리자전거,코스닥,[정정]주주총회소집공고,삼천리자전거
20260306001390,2026-03-06 16:52,츌립앤사이언스,코스닥,주주총회소집공고,츌립앤사이언스
20260306001382,2026-03-06 16:51,LX하우시스,유가증권,주주총회소집공고,엘엑스하우시스
20260306001372,2026-03-06 16:49,럭스피아,코넥스,주주총회소집공고,럭스피아
20260306001366,2026-03-06 16:47,로보티즈,코스닥,주주총회소집공고,로보티즈
20260306001362,2026-03-06 16:46,동국산업,코스닥,주주총회소집공고,동국산업
20260306001360,2026-03-06 16:45,엠디바이스,코스닥,주주총회소집공고,엠디바이스
20260306001357,2026-03-06 16:44,현대차증권,유가증권,주주총회소집공고,현대차증권
20260306001341,2026-03-06 16:40,바이오다인,코스닥,주주총회소집공고,바이오다인
20260306001332,2026-03-06 16:38,세아제강지주,유가증권,주주총회소집공고,세아제강지주
20260306001326,2026-03-06 16:37,웰크론,코스닥,주주총회소집공고,웰크론
20260306001297,2026-03-06 16:31,KT지니뮤직,코스닥,주주총회소집공고,케이티지니뮤직
20260306001284,2026-03-06 16:30,포메탈,코스닥,주주총회소집공고,포메탈
20260306001281,2026-03-06 16:30,해성에어로보틱스,코스닥,주주총회소집공고,해성에어로보틱스
20260306001252,2026-03-06 16:25,쎄트렉아이,코스닥,주주총회소집공고,쎄트렉아이
20260306001248,2026-03-06 16:24,에코프로비엠,코스닥,주주총회소집공고,에코프로비엠
20260306001243,2026-03-06 16:24,플랜티넷,코스닥,주주총회소집공고,플랜티넷
20260306001236,2026-03-06 16:22,아이쓰리시스템,코스닥,주주총회소집공고,아이쓰리시스템
20260306001235,2026-03-06 16:22,성신양회,유가증권,주주총회소집공고,성신양회
20260306001212,2026-03-06 16:18,제노레이,코스닥,주주총회소집공고,제노레이
20260306001211,2026-03-06 16:18,나우IB,코스닥,주주총회소집공고,나우아이비캐피탈
20260306001207,2026-03-06 16:17,광동헬스바이오,코넥스,주주총회소집공고,광동헬스바이오
20260306001202,2026-03-06 16:16,OCI,유가증권,주주총회소집공고,OCI
20260306001182,2026-03-06 16:12,비상교육,유가증권,주주총회소집공고,비상교육
20260306001175,2026-03-06 16:12,덕성,유가증권,주주총회소집공고,덕성
20260306001152,2026-03-06 16:09,미래에셋벤처투자,코스닥,주주총회소집공고,미래에셋벤처투자
20260306001149,2026-03-06 16:08,한국화장품제조,유가증권,주주총회소집공고,한국화장품제조
20260306001121,2026-03-06 16:03,코오롱티슈진,코스닥,주주총회소집공고,코오롱티슈진
20260306001120,2026-03-06 16:03,딜리,코스닥,주주총회소집공고,딜리
20260306001107,2026-03-06 16:01,HS효성첨단소재,유가증권,[정정]주주총회소집공고,에이치에스효성첨단소재
20260306001094,2026-03-06 15:59,랩지노믹스,코스닥,주주총회소집공고,랩지노믹스
20260306001089,2026-03-06 15:58,한국화장품,유가증권,주주총회소집공고,한국화장품
20260306001069,2026-03-06 15:56,오토앤,코스닥,주주총회소집공고,오토앤
20260306001056,2026-03-06 15:53,MDS테크,코스닥,주주총회소집공고,MDS테크
20260306001048,2026-03-06 15:52,인성정보,코스닥,주주총회소집공고,인성정보
20260306001026,2026-03-06 15:49,옵티팜,코스닥,주주총회소집공고,옵티팜
20260306001022,2026-03-06 15:48,태경케미컬,유가증권,주주총회소집공고,태경케미컬
20260306001017,2026-03-06 15:48,잉글우드랩,코스닥,주주총회소집공고,잉글우드랩
20260306001007,2026-03-06 15:47,제이엘케이,코스닥,주주총회소집공고,제이엘케이
20260306001004,2026-03-06 15:46,신한서부티엔디리츠,유가증권,[정정]주주총회소집공고,신한서부티엔디위탁관리부동산투자회사
20260306001002,2026-03-06 15:46,우진플라임,유가증권,주주총회소집공고,우진플라임
20260306000998,2026-03-06 15:45,이엠텍,코스닥,주주총회소집공고,이엠텍
20260306000995,2026-03-06 15:45,모트렉스,코스닥,주주총회소집공고,모트렉스
20260306000994,2026-03-06 15:45,대한약품,코스닥,주주총회소집공고,대한약품공업
20260306000965,2026-03-06 15:41,씨아이테크,유가증권,주주총회소집공고,씨아이테크
20260306000936,2026-03-06 15:37,엑스페릭스,코스닥,주주총회소집공고,엑스페릭스
20260306000931,2026-03-06 15:37,자이언트스텝,코스닥,주주총회소집공고,자이언트스텝
20260306000925,2026-03-06 15:36,원일특강,코스닥,주주총회소집공고,원일특강
20260306000912,2026-03-06 15:34,이엘씨,코스닥,주주총회소집공고,이엘씨
20260306000909,2026-03-06 15:33,이오플로우,코스닥,[정정]주주총회소집공고,이오플로우
20260306000898,2026-03-06 15:32,SK케미칼,유가증권,주주총회소집공고,에스케이케미칼
20260306000876,2026-03-06 15:28,키움제11호스팩,코스닥,주주총회소집공고,키움제11호기업인수목적
20260306000869,2026-03-06 15:26,유안타제17호스팩,코스닥,주주총회소집공고,유안타제17호기업인수목적
20260306000859,2026-03-06 15:24,한국항공우주,유가증권,[정정]주주총회소집공고,한국항공우주산업
20260306000855,2026-03-06 15:22,주성엔지니어링,코스닥,[정정]주주총회소집공고,주성엔지니어링
20260306000850,2026-03-06 15:21,한국자산신탁,유가증권,주주총회소집공고,한국자산신탁
20260306000847,2026-03-06 15:20,핀텔,코스닥,주주총회소집공고,핀텔
20260306000843,2026-03-06 15:19,애경케미칼,유가증권,[정정]주주총회소집공고,애경케미칼
20260306000840,2026-03-06 15:19,강동씨앤엘,코스닥,주주총회소집공고,강동씨앤엘
20260306000826,2026-03-06 15:15,한화비전,유가증권,[정정]주주총회소집공고,한화비전
20260306000811,2026-03-06 15:09,TJ미디어,코스닥,주주총회소집공고,티제이미디어
20260306000807,2026-03-06 15:08,사이냅소프트,코스닥,주주총회소집공고,사이냅소프트
20260306000784,2026-03-06 14:59,한양이엔지,코스닥,[정정]주주총회소집공고,한양이엔지
20260306000764,2026-03-06 14:53,세진티에스,코스닥,주주총회소집공고,세진티에스
20260306000759,2026-03-06 14:51,프럼파스트,코스닥,주주총회소집공고,프럼파스트
20260306000756,2026-03-06 14:51,깨끗한나라,유가증권,주주총회소집공고,깨끗한나라
20260306000750,2026-03-06 14:50,덴티움,유가증권,[정정]주주총회소집공고,덴티움
20260306000741,2026-03-06 14:47,와이즈버즈,코스닥,주주총회소집공고,와이즈버즈
20260306000729,2026-03-06 14:45,위츠,코스닥,주주총회소집공고,위츠
20260306000702,2026-03-06 14:36,엠게임,코스닥,주주총회소집공고,엠게임
20260306000696,2026-03-06 14:33,큐에스아이,코스닥,주주총회소집공고,큐에스아이
20260306000685,2026-03-06 14:29,동국알앤에스,코스닥,주주총회소집공고,동국알앤에스
20260306000679,2026-03-06 14:27,원풍,코스닥,[정정]주주총회소집공고,원풍
20260306000658,2026-03-06 14:21,딥노이드,코스닥,주주총회소집공고,딥노이드
20260306000644,2026-03-06 14:17,로보로보,코스닥,주주총회소집공고,로보로보
20260306000611,2026-03-06 14:08,한농화성,유가증권,주주총회소집공고,한농화성
20260306000600,2026-03-06 14:04,위드텍,코스닥,주주총회소집공고,위드텍
20260306000588,2026-03-06 13:59,오리엔탈정공,코스닥,주주총회소집공고,오리엔탈정공
20260306000574,2026-03-06 13:54,디지틀조선,코스닥,주주총회소집공고,디지틀조선일보
20260306000552,2026-03-06 13:48,멕아이씨에스,코스닥,주주총회소집공고,멕아이씨에스
20260306000541,2026-03-06 13:43,알에스오토메이션,코스닥,주주총회소집공고,알에스오토메이션
20260306000532,2026-03-06 13:40,큐렉소,코스닥,주주총회소집공고,큐렉소
20260306000530,2026-03-06 13:39,코메론,코스닥,주주총회소집공고,코메론
20260306000526,2026-03-06 13:39,유안타제11호스팩,코스닥,주주총회소집공고,유안타제11호기업인수목적
20260306000519,2026-03-06 13:36,유안타제15호스팩,코스닥,주주총회소집공고,유안타제15호기업인수목적
20260306000513,2026-03-06 13:32,정상제이엘에스,코스닥,주주총회소집공고,정상제이엘에스
20260306000488,2026-03-06 13:21,LX인터내셔널,유가증권,[정정]주주총회소집공고,LX인터내셔널
20260306000478,2026-03-06 13:19,미원상사,유가증권,주주총회소집공고,미원상사
20260306000469,2026-03-06 13:16,IBKS제25호스팩,코스닥,주주총회소집공고,아이비케이에스제25호기업인수목적
20260306000463,2026-03-06 13:13,화천기공,유가증권,주주총회소집공고,화천기공
20260306000446,2026-03-06 13:06,동국제강,유가증권,주주총회소집공고,동국제강
20260306000438,2026-03-06 13:03,IBKS제23호스팩,코스닥,주주총회소집공고,아이비케이에스제23호기업인수목적
20260306000428,2026-03-06 12:51,한화시스템,유가증권,[정정]주주총회소집공고,한화시스템
20260306000427,2026-03-06 12:50,위월드,코넥스,주주총회소집공고,위월드
20260306000418,2026-03-06 12:37,광진실업,코스닥,주주총회소집공고,광진실업
20260306000411,2026-03-06 12:18,삼익제약,코스닥,주주총회소집공고,삼익제약
20260306000399,2026-03-06 11:53,라이온켐텍,코스닥,주주총회소집공고,라이온켐텍
20260306000395,2026-03-06 11:44,세명전기,코스닥,주주총회소집공고,세명전기공업
20260306000393,2026-03-06 11:42,링크제니시스,코스닥,주주총회소집공고,링크제니시스
20260306000379,2026-03-06 11:29,디티씨,코스닥,주주총회소집공고,디티씨
20260306000371,2026-03-06 11:21,엘앤에프,유가증권,주주총회소집공고,엘앤에프
20260306000370,2026-03-06 11:20,넥스트바이오메디컬,코스닥,주주총회소집공고,넥스트바이오메디컬
20260306000368,2026-03-06 11:20,한진중공업홀딩스,유가증권,주주총회소집공고,한진중공업홀딩스
20260306000322,2026-03-06 10:46,엔에프씨,코스닥,주주총회소집공고,엔에프씨
20260306000319,2026-03-06 10:43,샘표,유가증권,주주총회소집공고,샘표
20260306000308,2026-03-06 10:37,원풍,코스닥,주주총회소집공고,원풍
20260306000307,2026-03-06 10:35,프리티,유가증권,[정정]주주총회소집공고,프리티
20260306000305,2026-03-06 10:35,본시스템즈,코넥스,주주총회소집공고,본시스템즈
20260306000291,2026-03-06 10:27,성우테크론,코스닥,주주총회소집공고,성우테크론
20260306000282,2026-03-06 10:23,한국큐빅,코스닥,주주총회소집공고,한국큐빅
20260306000263,2026-03-06 10:12,NICE평가정보,유가증권,주주총회소집공고,나이스평가정보
20260306000261,2026-03-06 10:10,강남제비스코,유가증권,주주총회소집공고,강남제비스코
20260306000256,2026-03-06 10:08,샌즈랩,코스닥,주주총회소집공고,샌즈랩
20260306000255,2026-03-06 10:08,현우산업,코스닥,주주총회소집공고,현우산업
20260306000254,2026-03-06 10:07,오로스테크놀로지,코스닥,주주총회소집공고,오로스테크놀로지
20260306000241,2026-03-06 09:56,씨앤에스링크,코넥스,주주총회소집공고,씨앤에스링크
20260306000228,2026-03-06 09:49,모다이노칩,코스닥,주주총회소집공고,모다이노칩
20260306000201,2026-03-06 09:32,샘표식품,유가증권,주주총회소집공고,샘표식품
20260306000178,2026-03-06 09:18,부산산업,유가증권,주주총회소집공고,부산산업
20260306000166,2026-03-06 09:06,키움제10호스팩,코스닥,주주총회소집공고,키움제10호기업인수목적
20260306000005,2026-03-06 07:45,셀트리온,유가증권,[정정]주주총회소집공고,셀트리온
20260305001911,2026-03-06 07:30,HLB이노베이션,코스닥,주주총회소집공고,에이치엘비이노베이션
20260305001903,2026-03-06 07:30,크레버스,코스닥,주주총회소집공고,크레버스
20260305001884,2026-03-05 17:59,하나34호스팩,코스닥,주주총회소집공고,하나34호기업인수목적
20260305001871,2026-03-05 17:56,한세실업,유가증권,[정정]주주총회소집공고,한세실업
20260305001857,2026-03-05 17:53,한빛소프트,코스닥,[정정]주주총회소집공고,한빛소프트
20260305001856,2026-03-05 17:53,대덕전자,유가증권,[정정]주주총회소집공고,대덕전자
20260305001853,2026-03-05 17:53,고려아연,유가증권,[정정]주주총회소집공고,고려아연
20260305001829,2026-03-05 17:49,아바텍,코스닥,주주총회소집공고,아바텍
20260305001823,2026-03-05 17:48,삼천리자전거,코스닥,주주총회소집공고,삼천리자전거
20260305001819,2026-03-05 17:46,동성화인텍,코스닥,주주총회소집공고,동성화인텍
20260305001818,2026-03-05 17:46,한빛소프트,코스닥,[정정]주주총회소집공고,한빛소프트
20260305001808,2026-03-05 17:43,금호건설,유가증권,주주총회소집공고,금호건설
20260305001805,2026-03-05 17:43,롯데쇼핑,유가증권,주주총회소집공고,롯데쇼핑
20260305001804,2026-03-05 17:43,HS효성첨단소재,유가증권,주주총회소집공고,에이치에스효성첨단소재
20260305001782,2026-03-05 17:39,참좋은여행,코스닥,주주총회소집공고,참좋은여행
20260305001776,2026-03-05 17:39,인크로스,코스닥,주주총회소집공고,인크로스
20260305001761,2026-03-05 17:36,고스트스튜디오,코스닥,주주총회소집공고,고스트스튜디오
20260305001746,2026-03-05 17:34,한국카본,유가증권,[정정]주주총회소집공고,한국카본
20260305001745,2026-03-05 17:33,HS효성,유가증권,주주총회소집공고,에이치에스효성
20260305001741,2026-03-05 17:32,덕신이피씨,코스닥,[정정]주주총회소집공고,덕신이피씨
20260305001738,2026-03-05 17:32,하나35호스팩,코스닥,주주총회소집공고,하나35호기업인수목적
20260305001736,2026-03-05 17:32,메리츠금융지주,유가증권,주주총회소집공고,메리츠금융지주
20260305001727,2026-03-05 17:29,보성파워텍,코스닥,주주총회소집공고,보성파워텍
20260305001726,2026-03-05 17:29,유진증권,유가증권,주주총회소집공고,유진투자증권
20260305001713,2026-03-05 17:26,주성엔지니어링,코스닥,주주총회소집공고,주성엔지니어링
20260305001706,2026-03-05 17:24,보해양조,유가증권,[정정]주주총회소집공고,보해양조
20260305001705,2026-03-05 17:24,바이오니아,코스닥,[정정]주주총회소집공고,바이오니아
20260305001672,2026-03-05 17:18,JW신약,코스닥,주주총회소집공고,제이더블유신약
20260305001667,2026-03-05 17:17,미투온,코스닥,주주총회소집공고,미투온
20260305001664,2026-03-05 17:17,하나31호스팩,코스닥,주주총회소집공고,하나31호기업인수목적
20260305001658,2026-03-05 17:16,보해양조,유가증권,주주총회소집공고,보해양조
20260305001657,2026-03-05 17:16,케이탑리츠,유가증권,[정정]주주총회소집공고,케이탑자기관리부동산투자회사
20260305001655,2026-03-05 17:15,유니셈,코스닥,주주총회소집공고,유니셈
20260305001649,2026-03-05 17:14,하나30호스팩,코스닥,주주총회소집공고,하나30호기업인수목적
20260305001630,2026-03-05 17:11,동국제약,코스닥,주주총회소집공고,동국제약
20260305001613,2026-03-05 17:09,SK텔레콤,유가증권,[정정]주주총회소집공고,SK텔레콤
20260305001607,2026-03-05 17:09,후성,유가증권,주주총회소집공고,후성
20260305001596,2026-03-05 17:07,SK증권,유가증권,[정정]주주총회소집공고,SK증권
20260305001585,2026-03-05 17:04,사조대림,유가증권,주주총회소집공고,사조대림
20260305001579,2026-03-05 17:03,케이탑리츠,유가증권,[정정]주주총회소집공고,케이탑자기관리부동산투자회사
20260305001569,2026-03-05 17:01,현대자동차,유가증권,[정정]주주총회소집공고,현대자동차
20260305001558,2026-03-05 17:00,에이치엠씨제7호스팩,코스닥,주주총회소집공고,에이치엠씨아이비제7호기업인수목적
20260305001557,2026-03-05 17:00,동국생명과학,코스닥,주주총회소집공고,동국생명과학
20260305001538,2026-03-05 16:56,온코크로스,코스닥,주주총회소집공고,온코크로스
20260305001533,2026-03-05 16:55,디아이,유가증권,주주총회소집공고,디아이
20260305001531,2026-03-05 16:55,하나33호스팩,코스닥,주주총회소집공고,하나33호기업인수목적
20260305001528,2026-03-05 16:55,SK아이이테크놀로지,유가증권,주주총회소집공고,에스케이아이이테크놀로지
20260305001501,2026-03-05 16:54,유안타증권,유가증권,주주총회소집공고,유안타증권
20260305001492,2026-03-05 16:52,화승엔터프라이즈,유가증권,[정정]주주총회소집공고,화승엔터프라이즈
20260305001480,2026-03-05 16:50,진양제약,코스닥,주주총회소집공고,진양제약
20260305001471,2026-03-05 16:49,로보스타,코스닥,주주총회소집공고,로보스타
20260305001435,2026-03-05 16:43,이수앱지스,코스닥,주주총회소집공고,이수앱지스
20260305001434,2026-03-05 16:43,DN오토모티브,유가증권,주주총회소집공고,디엔오토모티브
20260305001420,2026-03-05 16:40,디알젬,코스닥,주주총회소집공고,디알젬
20260305001378,2026-03-05 16:32,화승인더스트리,유가증권,[정정]주주총회소집공고,화승인더스트리
20260305001360,2026-03-05 16:30,프리티,유가증권,주주총회소집공고,프리티
20260305001357,2026-03-05 16:30,디아이동일,유가증권,주주총회소집공고,디아이동일
20260305001347,2026-03-05 16:28,케이아이이,유가증권,[정정]주주총회소집공고,케이아이이
20260305001339,2026-03-05 16:27,S&K폴리텍,코스닥,주주총회소집공고,에스엔케이폴리텍
20260305001299,2026-03-05 16:18,한미반도체,유가증권,주주총회소집공고,한미반도체
20260305001287,2026-03-05 16:16,SK하이닉스,유가증권,[정정]주주총회소집공고,에스케이하이닉스
20260305001272,2026-03-05 16:14,동부건설,유가증권,주주총회소집공고,동부건설
20260305001262,2026-03-05 16:12,대원산업,코스닥,주주총회소집공고,대원산업
20260305001250,2026-03-05 16:11,성우전자,코스닥,주주총회소집공고,성우전자
20260305001246,2026-03-05 16:10,한일사료,코스닥,주주총회소집공고,한일사료
20260305001245,2026-03-05 16:10,이노뎁,코스닥,주주총회소집공고,이노뎁
20260305001244,2026-03-05 16:10,에이치엠씨제6호스팩,코스닥,주주총회소집공고,에이치엠씨아이비제6호기업인수목적
20260305001241,2026-03-05 16:09,엔에이치스팩31호,코스닥,주주총회소집공고,엔에이치기업인수목적31호
20260305001233,2026-03-05 16:09,도우인시스,코스닥,주주총회소집공고,도우인시스
20260305001220,2026-03-05 16:05,노루홀딩스,유가증권,주주총회소집공고,노루홀딩스
20260305001212,2026-03-05 16:04,KPX홀딩스,유가증권,주주총회소집공고,KPX홀딩스
20260305001211,2026-03-05 16:04,CJ 바이오사이언스,코스닥,주주총회소집공고,씨제이바이오사이언스
20260305001202,2026-03-05 16:03,하나32호스팩,코스닥,주주총회소집공고,하나32호기업인수목적
20260305001196,2026-03-05 16:02,이월드,유가증권,주주총회소집공고,이월드
20260305001189,2026-03-05 16:01,우성,유가증권,주주총회소집공고,우성
20260305001174,2026-03-05 15:59,삼성바이오로직스,유가증권,[정정]주주총회소집공고,삼성바이오로직스
20260305001165,2026-03-05 15:57,한화솔루션,유가증권,[정정]주주총회소집공고,한화솔루션
20260305001162,2026-03-05 15:57,한일철강,유가증권,주주총회소집공고,한일철강
20260305001133,2026-03-05 15:51,에스앤디,코스닥,주주총회소집공고,에스앤디
20260305001130,2026-03-05 15:50,대원강업,유가증권,[정정]주주총회소집공고,대원강업
20260305001114,2026-03-05 15:47,윈스테크넷,코스닥,주주총회소집공고,윈스테크넷
20260305001109,2026-03-05 15:46,네오위즈홀딩스,코스닥,주주총회소집공고,네오위즈홀딩스
20260305001106,2026-03-05 15:45,퍼스텍,유가증권,주주총회소집공고,퍼스텍
20260305001100,2026-03-05 15:44,삼천리,유가증권,주주총회소집공고,삼천리
20260305001098,2026-03-05 15:44,JB금융지주,유가증권,주주총회소집공고,JB금융지주
20260305001093,2026-03-05 15:43,퓨릿,코스닥,주주총회소집공고,퓨릿
20260305001089,2026-03-05 15:42,KPX케미칼,유가증권,주주총회소집공고,KPX케미칼
20260305001065,2026-03-05 15:38,동국S&C,코스닥,주주총회소집공고,동국에스엔씨
20260305001062,2026-03-05 15:38,서연탑메탈,코스닥,주주총회소집공고,서연탑메탈
20260305001051,2026-03-05 15:37,모비스,코스닥,주주총회소집공고,모비스
20260305001040,2026-03-05 15:33,금화피에스시,코스닥,주주총회소집공고,금화피에스시
20260305001036,2026-03-05 15:33,케이탑리츠,유가증권,주주총회소집공고,케이탑자기관리부동산투자회사
20260305001016,2026-03-05 15:30,티쓰리,코스닥,주주총회소집공고,티쓰리엔터테인먼트
20260305001002,2026-03-05 15:28,나노씨엠에스,코스닥,주주총회소집공고,나노씨엠에스
20260305001001,2026-03-05 15:28,세화피앤씨,코스닥,주주총회소집공고,세화피앤씨
20260305000986,2026-03-05 15:25,한빛소프트,코스닥,주주총회소집공고,한빛소프트
20260305000983,2026-03-05 15:24,아스테라시스,코스닥,[정정]주주총회소집공고,아스테라시스
20260305000981,2026-03-05 15:24,아남전자,유가증권,주주총회소집공고,아남전자
20260305000967,2026-03-05 15:21,지아이이노베이션,코스닥,주주총회소집공고,지아이이노베이션
20260305000963,2026-03-05 15:19,한신기계공업,유가증권,주주총회소집공고,한신기계공업
20260305000955,2026-03-05 15:17,동양생명,유가증권,주주총회소집공고,동양생명보험
20260305000925,2026-03-05 15:06,동방,유가증권,주주총회소집공고,동방
20260305000912,2026-03-05 15:03,아이에이,코스닥,주주총회소집공고,아이에이
20260305000898,2026-03-05 14:57,솔루스첨단소재,유가증권,주주총회소집공고,솔루스첨단소재
20260305000856,2026-03-05 14:47,인터지스,유가증권,주주총회소집공고,인터지스
20260305000854,2026-03-05 14:47,에어레인,코스닥,주주총회소집공고,㈜에어레인
20260305000844,2026-03-05 14:44,NAVER,유가증권,[정정]주주총회소집공고,네이버
20260305000838,2026-03-05 14:41,이크레더블,코스닥,주주총회소집공고,이크레더블
20260305000802,2026-03-05 14:28,NI스틸,유가증권,주주총회소집공고,NI스틸
20260305000800,2026-03-05 14:27,문배철강,유가증권,주주총회소집공고,문배철강
20260305000788,2026-03-05 14:24,네이블,코스닥,[정정]주주총회소집공고,네이블
20260305000772,2026-03-05 14:18,IBKS제24호스팩,코스닥,주주총회소집공고,아이비케이에스제24호기업인수목적
20260305000743,2026-03-05 14:15,조일알미늄,유가증권,주주총회소집공고,조일알미늄
20260305000698,2026-03-05 14:12,케이에스피,코스닥,주주총회소집공고,케이에스피
20260305000696,2026-03-05 14:11,금강공업,유가증권,주주총회소집공고,금강공업
20260305000674,2026-03-05 14:04,롯데웰푸드,유가증권,주주총회소집공고,롯데웰푸드
20260305000639,2026-03-05 13:47,YBM넷,코스닥,주주총회소집공고,와이비엠넷
20260305000634,2026-03-05 13:45,메디아나,코스닥,주주총회소집공고,메디아나
20260305000626,2026-03-05 13:41,교보19호스팩,코스닥,주주총회소집공고,교보19호기업인수목적
20260305000623,2026-03-05 13:40,삼성스팩12호,코스닥,주주총회소집공고,삼성기업인수목적12호
20260305000599,2026-03-05 13:32,미래에셋비전스팩6호,코스닥,주주총회소집공고,미래에셋비전기업인수목적6호
20260305000588,2026-03-05 13:28,에스앤에스텍,코스닥,주주총회소집공고,에스앤에스텍
20260305000573,2026-03-05 13:22,대한제강,유가증권,주주총회소집공고,대한제강
20260305000555,2026-03-05 13:06,데이원컴퍼니,코스닥,주주총회소집공고,데이원컴퍼니
20260305000554,2026-03-05 13:05,삐아,코스닥,주주총회소집공고,삐아
20260305000551,2026-03-05 13:04,MH에탄올,유가증권,주주총회소집공고,MH에탄올
20260305000540,2026-03-05 12:56,동서,유가증권,[정정]주주총회소집공고,동서
20260305000530,2026-03-05 12:29,에스티아이,코스닥,주주총회소집공고,에스티아이
20260305000526,2026-03-05 12:24,메카로,코스닥,주주총회소집공고,메카로
20260305000516,2026-03-05 12:10,PI첨단소재,유가증권,[정정]주주총회소집공고,피아이첨단소재
20260305000488,2026-03-05 11:42,하이록코리아,코스닥,주주총회소집공고,하이록코리아
20260305000484,2026-03-05 11:38,서산,코스닥,주주총회소집공고,서산
20260305000472,2026-03-05 11:34,청보,코스닥,주주총회소집공고,청보
20260305000470,2026-03-05 11:33,우양에이치씨,코스닥,주주총회소집공고,우양에이치씨
20260305000462,2026-03-05 11:27,토비스,코스닥,주주총회소집공고,토비스
20260305000448,2026-03-05 11:16,영진약품,유가증권,주주총회소집공고,영진약품
20260305000439,2026-03-05 11:14,파세코,코스닥,주주총회소집공고,파세코
20260305000437,2026-03-05 11:13,티에스이,코스닥,주주총회소집공고,티에스이
20260305000433,2026-03-05 11:10,미코,코스닥,주주총회소집공고,미코
20260305000432,2026-03-05 11:09,롯데케미칼,유가증권,주주총회소집공고,롯데케미칼
20260305000399,2026-03-05 10:36,동서,유가증권,주주총회소집공고,동서
20260305000373,2026-03-05 10:19,부스타,코스닥,주주총회소집공고,부-스타
20260305000372,2026-03-05 10:19,트루엔,코스닥,주주총회소집공고,트루엔
20260305000363,2026-03-05 10:14,내츄럴엔도텍,코스닥,주주총회소집공고,내츄럴엔도텍
20260305000321,2026-03-05 09:47,셀바스AI,코스닥,[정정]주주총회소집공고,셀바스에이아이
20260305000311,2026-03-05 09:38,모니터랩,코스닥,주주총회소집공고,모니터랩
20260305000272,2026-03-05 09:18,동원수산,유가증권,주주총회소집공고,동원수산
20260305000270,2026-03-05 09:17,흥구석유,코스닥,주주총회소집공고,흥구석유
20260305000242,2026-03-05 09:07,와이엠씨,코스닥,[정정]주주총회소집공고,와이엠씨
20260305000183,2026-03-05 09:00,아스테라시스,코스닥,주주총회소집공고,아스테라시스
20260305000016,2026-03-05 07:48,카카오뱅크,유가증권,주주총회소집공고,카카오뱅크
20260304001735,2026-03-05 07:30,바이오니아,코스닥,[정정]주주총회소집공고,바이오니아
20260304001690,2026-03-05 07:30,덕신이피씨,코스닥,[정정]주주총회소집공고,덕신이피씨
20260304001713,2026-03-04 17:59,교보17호스팩,코스닥,주주총회소집공고,교보17호기업인수목적
20260304001687,2026-03-04 17:59,신라젠,코스닥,주주총회소집공고,신라젠
20260304001671,2026-03-04 17:54,미래에셋생명,유가증권,주주총회소집공고,미래에셋생명보험
20260304001644,2026-03-04 17:48,롯데칠성음료,유가증권,주주총회소집공고,롯데칠성음료
20260304001626,2026-03-04 17:42,대덕전자,유가증권,주주총회소집공고,대덕전자
20260304001590,2026-03-04 17:36,케이씨텍,유가증권,[정정]주주총회소집공고,케이씨텍
20260304001587,2026-03-04 17:35,한화오션,유가증권,[정정]주주총회소집공고,한화오션
20260304001568,2026-03-04 17:31,라닉스,코스닥,[정정]주주총회소집공고,라닉스
20260304001562,2026-03-04 17:29,대우건설,유가증권,주주총회소집공고,대우건설
20260304001555,2026-03-04 17:28,SK증권,유가증권,주주총회소집공고,SK증권
20260304001533,2026-03-04 17:23,바이넥스,코스닥,주주총회소집공고,바이넥스
20260304001527,2026-03-04 17:22,덴티움,유가증권,주주총회소집공고,덴티움
20260304001512,2026-03-04 17:19,KB제33호스팩,코스닥,주주총회소집공고,케이비제33호기업인수목적
20260304001496,2026-03-04 17:14,한미글로벌,유가증권,주주총회소집공고,한미글로벌건축사사무소
20260304001490,2026-03-04 17:13,케이씨,유가증권,[정정]주주총회소집공고,케이씨
20260304001453,2026-03-04 17:05,신한서부티엔디리츠,유가증권,주주총회소집공고,신한서부티엔디위탁관리부동산투자회사
20260304001450,2026-03-04 17:04,라피치,코넥스,주주총회소집공고,라피치
20260304001449,2026-03-04 17:04,GS리테일,유가증권,주주총회소집공고,지에스리테일
20260304001435,2026-03-04 17:01,텔콘RF제약,코스닥,주주총회소집공고,텔콘알에프제약
20260304001427,2026-03-04 17:00,미원에스씨,유가증권,주주총회소집공고,미원스페셜티케미칼
20260304001409,2026-03-04 16:57,옵투스제약,코스닥,주주총회소집공고,옵투스제약
20260304001389,2026-03-04 16:53,한국카본,유가증권,주주총회소집공고,한국카본
20260304001366,2026-03-04 16:49,미래에셋증권,유가증권,주주총회소집공고,미래에셋증권
20260304001355,2026-03-04 16:46,형지I&C,코스닥,[정정]주주총회소집공고,형지아이앤씨
20260304001339,2026-03-04 16:43,TCC스틸,유가증권,주주총회소집공고,TCC스틸
20260304001322,2026-03-04 16:40,교보15호스팩,코스닥,주주총회소집공고,교보15호기업인수목적
20260304001295,2026-03-04 16:35,아세아,유가증권,주주총회소집공고,아세아
20260304001289,2026-03-04 16:33,에이스토리,코스닥,주주총회소집공고,에이스토리
20260304001287,2026-03-04 16:33,인트론바이오,코스닥,주주총회소집공고,인트론바이오테크놀로지
20260304001283,2026-03-04 16:32,KZ정밀,코스닥,주주총회소집공고,케이젯정밀
20260304001278,2026-03-04 16:32,SK리츠,유가증권,주주총회소집공고,에스케이위탁관리부동산투자회사
20260304001264,2026-03-04 16:30,플리토,코스닥,주주총회소집공고,플리토
20260304001204,2026-03-04 16:20,와이엠씨,코스닥,주주총회소집공고,와이엠씨
20260304001202,2026-03-04 16:20,노루페인트,유가증권,주주총회소집공고,노루페인트
20260304001200,2026-03-04 16:19,플레이디,코스닥,주주총회소집공고,플레이디
20260304001199,2026-03-04 16:19,에스디바이오센서,유가증권,[정정]주주총회소집공고,에스디바이오센서
20260304001195,2026-03-04 16:18,큐리옥스바이오시스템즈,코스닥,주주총회소집공고,큐리옥스바이오시스템즈
20260304001186,2026-03-04 16:16,SK디스커버리,유가증권,주주총회소집공고,에스케이디스커버리
20260304001168,2026-03-04 16:12,삼미금속,코스닥,주주총회소집공고,삼미금속
20260304001162,2026-03-04 16:11,비씨엔씨,코스닥,[정정]주주총회소집공고,비씨엔씨
20260304001156,2026-03-04 16:10,KB제32호스팩,코스닥,주주총회소집공고,케이비제32호기업인수목적
20260304001125,2026-03-04 16:06,아세아제지,유가증권,주주총회소집공고,아세아제지
20260304001113,2026-03-04 16:03,에어부산,유가증권,주주총회소집공고,에어부산
20260304001109,2026-03-04 16:02,데이타솔루션,코스닥,주주총회소집공고,데이타솔루션
20260304001099,2026-03-04 16:01,아세아시멘트,유가증권,주주총회소집공고,아세아시멘트
20260304001094,2026-03-04 16:00,바이오니아,코스닥,주주총회소집공고,바이오니아
20260304001092,2026-03-04 16:00,진흥기업,유가증권,주주총회소집공고,진흥기업
20260304001087,2026-03-04 16:00,캐프,코스닥,주주총회소집공고,캐프
20260304001080,2026-03-04 15:58,미래에셋비전스팩7호,코스닥,주주총회소집공고,미래에셋비전기업인수목적7호
20260304001067,2026-03-04 15:55,비아트론,코스닥,주주총회소집공고,비아트론
20260304001062,2026-03-04 15:55,일진다이아,유가증권,주주총회소집공고,일진다이아몬드
20260304001060,2026-03-04 15:54,루닛,코스닥,주주총회소집공고,루닛
20260304001050,2026-03-04 15:53,알체라,코스닥,주주총회소집공고,알체라
20260304001037,2026-03-04 15:51,제노텍,코넥스,주주총회소집공고,제노텍
20260304001009,2026-03-04 15:43,코아스템켐온,코스닥,주주총회소집공고,코아스템켐온
20260304001008,2026-03-04 15:43,비씨엔씨,코스닥,주주총회소집공고,비씨엔씨
20260304001004,2026-03-04 15:43,퓨런티어,코스닥,주주총회소집공고,퓨런티어
20260304000981,2026-03-04 15:35,교보16호스팩,코스닥,주주총회소집공고,교보16호기업인수목적
20260304000980,2026-03-04 15:35,이리츠코크렙,유가증권,주주총회소집공고,이리츠코크렙기업구조조정부동산투자회사
20260304000978,2026-03-04 15:34,KB제30호스팩,코스닥,주주총회소집공고,케이비제30호기업인수목적
20260304000964,2026-03-04 15:31,하나기술,코스닥,주주총회소집공고,하나기술
20260304000960,2026-03-04 15:28,형지I&C,코스닥,주주총회소집공고,형지아이앤씨
20260304000951,2026-03-04 15:24,서호전기,코스닥,주주총회소집공고,서호전기
20260304000938,2026-03-04 15:18,삼양케이씨아이,코스닥,[정정]주주총회소집공고,삼양케이씨아이
20260304000924,2026-03-04 15:13,SKC,유가증권,[정정]주주총회소집공고,SKC
20260304000921,2026-03-04 15:13,삼성스팩10호,코스닥,주주총회소집공고,삼성기업인수목적10호
20260304000913,2026-03-04 15:11,엔텔스,코스닥,주주총회소집공고,엔텔스
20260304000895,2026-03-04 15:03,파트론,코스닥,주주총회소집공고,파트론
20260304000893,2026-03-04 15:03,LS증권,코스닥,주주총회소집공고,엘에스증권
20260304000880,2026-03-04 14:59,케이엔더블유,코스닥,주주총회소집공고,케이엔더블유
20260304000868,2026-03-04 14:53,APS이노베이션,코스닥,주주총회소집공고,APS이노베이션
20260304000864,2026-03-04 14:51,비케이홀딩스,코스닥,주주총회소집공고,비케이홀딩스
20260304000853,2026-03-04 14:47,라닉스,코스닥,주주총회소집공고,라닉스
20260304000841,2026-03-04 14:43,송원산업,유가증권,주주총회소집공고,송원산업
20260304000830,2026-03-04 14:38,스모트로닉,코스닥,주주총회소집공고,스모트로닉
20260304000808,2026-03-04 14:30,신한제12호스팩,코스닥,주주총회소집공고,신한제12호기업인수목적
20260304000797,2026-03-04 14:27,DS단석,유가증권,[정정]주주총회소집공고,디에스단석
20260304000794,2026-03-04 14:26,한국정보통신,코스닥,주주총회소집공고,한국정보통신
20260304000768,2026-03-04 14:16,피엔티,코스닥,주주총회소집공고,피엔티
20260304000764,2026-03-04 14:14,신한제15호스팩,코스닥,주주총회소집공고,신한제15호기업인수목적
20260304000761,2026-03-04 14:14,신한제16호스팩,코스닥,주주총회소집공고,신한제16호기업인수목적
20260304000747,2026-03-04 14:10,중앙에너비스,코스닥,주주총회소집공고,중앙에너비스
20260304000746,2026-03-04 14:10,빅텍,코스닥,주주총회소집공고,빅텍
20260304000745,2026-03-04 14:09,교보18호스팩,코스닥,주주총회소집공고,교보18호기업인수목적
20260304000744,2026-03-04 14:08,HB테크놀러지,코스닥,주주총회소집공고,에이치비테크놀러지
20260304000723,2026-03-04 14:05,하이텍팜,코스닥,주주총회소집공고,하이텍팜
20260304000713,2026-03-04 14:02,키움히어로제1호스팩,코스닥,[정정]주주총회소집공고,키움히어로제1호기업인수목적
20260304000712,2026-03-04 14:01,신한제13호스팩,코스닥,주주총회소집공고,신한제13호기업인수목적
20260304000693,2026-03-04 13:54,환인제약,유가증권,주주총회소집공고,환인제약
20260304000684,2026-03-04 13:49,미스터블루,코스닥,주주총회소집공고,미스터블루
20260304000679,2026-03-04 13:47,일진하이솔루스,유가증권,주주총회소집공고,일진하이솔루스
20260304000678,2026-03-04 13:46,일진홀딩스,유가증권,주주총회소집공고,일진홀딩스
20260304000661,2026-03-04 13:36,키움히어로제1호스팩,코스닥,주주총회소집공고,키움히어로제1호기업인수목적
20260304000648,2026-03-04 13:25,오가닉티코스메틱,코스닥,주주총회소집공고,오가닉티코스메틱스홀딩스컴퍼니리미티드
20260304000644,2026-03-04 13:25,네이블,코스닥,주주총회소집공고,네이블
20260304000641,2026-03-04 13:22,엔에이치스팩29호,코스닥,주주총회소집공고,엔에이치기업인수목적29호
20260304000630,2026-03-04 13:18,엔에이치스팩32호,코스닥,주주총회소집공고,엔에이치기업인수목적32호
20260304000626,2026-03-04 13:17,삼현철강,코스닥,주주총회소집공고,삼현철강
20260304000611,2026-03-04 13:10,케이사인,코스닥,주주총회소집공고,케이사인
20260304000609,2026-03-04 13:08,엔에이치스팩30호,코스닥,주주총회소집공고,엔에이치기업인수목적30호
20260304000523,2026-03-04 12:02,우진,유가증권,주주총회소집공고,우진
20260304000497,2026-03-04 11:54,피델릭스,코스닥,주주총회소집공고,피델릭스
20260304000446,2026-03-04 11:20,GS피앤엘,유가증권,주주총회소집공고,지에스피앤엘
20260304000419,2026-03-04 11:12,디씨엠,유가증권,주주총회소집공고,디씨엠
20260304000367,2026-03-04 10:53,우진엔텍,코스닥,주주총회소집공고,우진엔텍
20260304000361,2026-03-04 10:48,테크윙,코스닥,주주총회소집공고,테크윙
20260304000359,2026-03-04 10:47,일진전기,유가증권,주주총회소집공고,일진전기
20260304000351,2026-03-04 10:41,미래에셋비전스팩10호,코스닥,주주총회소집공고,미래에셋비전기업인수목적10호
20260304000349,2026-03-04 10:40,AP위성,코스닥,[정정]주주총회소집공고,에이피위성
20260304000348,2026-03-04 10:40,유니드,유가증권,주주총회소집공고,유니드
20260304000343,2026-03-04 10:39,삼성스팩11호,코스닥,주주총회소집공고,삼성기업인수목적11호
20260304000338,2026-03-04 10:36,LS티라유텍,코스닥,주주총회소집공고,엘에스티라유텍
20260304000320,2026-03-04 10:27,KB제31호스팩,코스닥,주주총회소집공고,케이비제31호기업인수목적
20260304000318,2026-03-04 10:26,한국컴퓨터,코스닥,주주총회소집공고,한국컴퓨터
20260304000305,2026-03-04 10:22,세코닉스,코스닥,주주총회소집공고,세코닉스
20260304000297,2026-03-04 10:17,고려산업,유가증권,주주총회소집공고,고려산업
20260304000289,2026-03-04 10:12,신한제14호스팩,코스닥,주주총회소집공고,신한제14호기업인수목적
20260304000288,2026-03-04 10:10,미래나노텍,코스닥,주주총회소집공고,미래나노텍
20260304000286,2026-03-04 10:09,브이엠,코스닥,[정정]주주총회소집공고,브이엠
20260304000223,2026-03-04 09:19,KB제29호스팩,코스닥,주주총회소집공고,케이비제29호기업인수목적
20260304000176,2026-03-04 09:04,신한제11호스팩,코스닥,주주총회소집공고,신한제11호기업인수목적
20260304000012,2026-03-04 07:52,PI첨단소재,유가증권,주주총회소집공고,피아이첨단소재
20260303001399,2026-03-03 17:57,알리코제약,코스닥,[정정]주주총회소집공고,알리코제약
20260303001391,2026-03-03 17:56,다올투자증권,유가증권,주주총회소집공고,다올투자증권
20260303001386,2026-03-03 17:55,레이저쎌,코스닥,주주총회소집공고,레이저쎌
20260303001362,2026-03-03 17:50,신한지주,유가증권,주주총회소집공고,신한금융지주회사
20260303001340,2026-03-03 17:44,SGC E&C,코스닥,주주총회소집공고,에스지씨이앤씨
20260303001316,2026-03-03 17:37,백금T&A,코스닥,주주총회소집공고,백금티앤에이
20260303001276,2026-03-03 17:28,덕신이피씨,코스닥,주주총회소집공고,덕신이피씨
20260303001244,2026-03-03 17:21,롯데에너지머티리얼즈,유가증권,주주총회소집공고,롯데에너지머티리얼즈
20260303001221,2026-03-03 17:16,현대해상,유가증권,주주총회소집공고,현대해상화재보험
20260303001206,2026-03-03 17:13,한전기술,유가증권,주주총회소집공고,한국전력기술
20260303001205,2026-03-03 17:13,SGC에너지,유가증권,주주총회소집공고,SGC에너지
20260303001193,2026-03-03 17:12,지에프아이,코스닥,주주총회소집공고,지에프아이
20260303001183,2026-03-03 17:10,기아,유가증권,[정정]주주총회소집공고,기아
20260303001124,2026-03-03 17:00,박셀바이오,코스닥,주주총회소집공고,박셀바이오
20260303001116,2026-03-03 16:59,유비쿼스,코스닥,주주총회소집공고,유비쿼스
20260303001110,2026-03-03 16:58,호텔신라,유가증권,[정정]주주총회소집공고,호텔신라
20260303001104,2026-03-03 16:57,롯데리츠,유가증권,주주총회소집공고,롯데위탁관리부동산투자회사
20260303001091,2026-03-03 16:54,우리기술,코스닥,주주총회소집공고,우리기술
20260303001090,2026-03-03 16:54,한솔홈데코,유가증권,주주총회소집공고,한솔홈데코
20260303001069,2026-03-03 16:49,이스트소프트,코스닥,주주총회소집공고,이스트소프트
20260303001042,2026-03-03 16:45,이루온,코스닥,주주총회소집공고,이루온
20260303001014,2026-03-03 16:41,DB손해보험,유가증권,[정정]주주총회소집공고,DB손해보험
20260303001010,2026-03-03 16:40,진바이오텍,코스닥,주주총회소집공고,진바이오텍
20260303000953,2026-03-03 16:35,하이스틸,유가증권,주주총회소집공고,하이스틸
20260303000948,2026-03-03 16:33,안트로젠,코스닥,[정정]주주총회소집공고,안트로젠
20260303000934,2026-03-03 16:30,코스텍시스,코스닥,주주총회소집공고,코스텍시스
20260303000932,2026-03-03 16:29,사조씨푸드,유가증권,주주총회소집공고,사조씨푸드
20260303000910,2026-03-03 16:24,루멘스바이오스,코스닥,주주총회소집공고,루멘스바이오스
20260303000863,2026-03-03 16:18,뷰노,코스닥,주주총회소집공고,뷰노
20260303000858,2026-03-03 16:18,삼성화재해상보험,유가증권,[정정]주주총회소집공고,삼성화재해상보험
20260303000834,2026-03-03 16:12,엠로,코스닥,주주총회소집공고,엠로
20260303000825,2026-03-03 16:11,솔트웨어,코스닥,주주총회소집공고,솔트웨어
20260303000781,2026-03-03 16:03,한라캐스트,코스닥,[정정]주주총회소집공고,한라캐스트
20260303000776,2026-03-03 16:02,엘컴텍,코스닥,주주총회소집공고,엘컴텍
20260303000764,2026-03-03 16:00,디앤디파마텍,코스닥,주주총회소집공고,디앤디파마텍
20260303000729,2026-03-03 15:53,팬오션,유가증권,[정정]주주총회소집공고,팬오션
20260303000700,2026-03-03 15:48,웹젠,코스닥,주주총회소집공고,웹젠
20260303000693,2026-03-03 15:46,오션스바이오,코넥스,주주총회소집공고,오션스바이오
20260303000675,2026-03-03 15:42,에스티팜,코스닥,주주총회소집공고,에스티팜
20260303000644,2026-03-03 15:37,한국수출포장공업,유가증권,주주총회소집공고,한국수출포장공업
20260303000636,2026-03-03 15:35,상상인제4호스팩,코스닥,주주총회소집공고,상상인제4호기업인수목적
20260303000634,2026-03-03 15:35,한라캐스트,코스닥,주주총회소집공고,한라캐스트
20260303000606,2026-03-03 15:27,서원인텍,코스닥,주주총회소집공고,서원인텍
20260303000585,2026-03-03 15:20,안트로젠,코스닥,주주총회소집공고,안트로젠
20260303000541,2026-03-03 15:06,제닉스로보틱스,코스닥,[정정]주주총회소집공고,제닉스로보틱스
20260303000479,2026-03-03 14:48,티앤알바이오팹,코스닥,주주총회소집공고,티앤알바이오팹
20260303000475,2026-03-03 14:45,한국항공우주,유가증권,주주총회소집공고,한국항공우주산업
20260303000469,2026-03-03 14:40,케이씨피드,코스닥,주주총회소집공고,케이씨피드
20260303000413,2026-03-03 14:17,영보화학,유가증권,주주총회소집공고,영보화학
20260303000402,2026-03-03 14:13,파인텍,코스닥,주주총회소집공고,파인텍
20260303000373,2026-03-03 14:00,비피도,코스닥,주주총회소집공고,비피도
20260303000338,2026-03-03 13:41,유비쿼스홀딩스,코스닥,주주총회소집공고,유비쿼스홀딩스
20260303000328,2026-03-03 13:35,AP위성,코스닥,[정정]주주총회소집공고,에이피위성
20260303000295,2026-03-03 13:13,에이티넘인베스트,코스닥,주주총회소집공고,에이티넘인베스트먼트
20260303000120,2026-03-03 09:23,비트컴퓨터,코스닥,주주총회소집공고,비트컴퓨터
20260227002145,2026-03-03 07:30,KD,코스닥,주주총회소집공고,KD
20260227002110,2026-02-27 17:59,유니켐,유가증권,주주총회소집공고,유니켐
20260227002106,2026-02-27 17:58,SK이노베이션,유가증권,주주총회소집공고,SK이노베이션
20260227002105,2026-02-27 17:58,나인테크,코스닥,주주총회소집공고,나인테크
20260227002082,2026-02-27 17:53,시노펙스,코스닥,주주총회소집공고,시노펙스
20260227002074,2026-02-27 17:52,에스엠,코스닥,주주총회소집공고,에스엠엔터테인먼트
20260227002070,2026-02-27 17:51,트리니티항공,유가증권,주주총회소집공고,트리니티항공
20260227002043,2026-02-27 17:45,에이엔피,유가증권,주주총회소집공고,에이엔피
20260227002027,2026-02-27 17:43,씨티케이,코스닥,주주총회소집공고,씨티케이
20260227002017,2026-02-27 17:41,DB손해보험,유가증권,주주총회소집공고,DB손해보험
20260227001977,2026-02-27 17:34,SK가스,유가증권,주주총회소집공고,SK가스
20260227001974,2026-02-27 17:33,미래에셋비전스팩8호,코스닥,주주총회소집공고,미래에셋비전기업인수목적8호
20260227001971,2026-02-27 17:33,삼성물산,유가증권,[정정]주주총회소집공고,삼성물산
20260227001953,2026-02-27 17:30,풀무원,유가증권,주주총회소집공고,풀무원
20260227001901,2026-02-27 17:21,SG,코스닥,주주총회소집공고,에스지이
20260227001889,2026-02-27 17:19,코아시아,코스닥,주주총회소집공고,코아시아
20260227001876,2026-02-27 17:16,수산세보틱스,유가증권,주주총회소집공고,수산세보틱스
20260227001842,2026-02-27 17:11,케이프,코스닥,주주총회소집공고,케이프
20260227001837,2026-02-27 17:10,유나이티드,유가증권,주주총회소집공고,한국유나이티드제약
20260227001836,2026-02-27 17:10,삼영,유가증권,주주총회소집공고,삼영
20260227001825,2026-02-27 17:07,선진,유가증권,주주총회소집공고,선진
20260227001816,2026-02-27 17:06,한국첨단소재,코스닥,주주총회소집공고,한국첨단소재
20260227001724,2026-02-27 16:57,현대모비스,유가증권,[정정]주주총회소집공고,현대모비스
20260227001683,2026-02-27 16:53,인팩,유가증권,주주총회소집공고,인팩
20260227001675,2026-02-27 16:51,우리금융지주,유가증권,주주총회소집공고,우리금융지주
20260227001658,2026-02-27 16:49,세방,유가증권,주주총회소집공고,세방
20260227001556,2026-02-27 16:33,현대사료,코스닥,주주총회소집공고,현대사료
20260227001516,2026-02-27 16:28,AP위성,코스닥,주주총회소집공고,에이피위성
20260227001496,2026-02-27 16:25,하나금융지주,유가증권,주주총회소집공고,하나금융지주
20260227001469,2026-02-27 16:22,남해화학,유가증권,[정정]주주총회소집공고,남해화학
20260227001463,2026-02-27 16:21,에코볼트,코스닥,주주총회소집공고,에코볼트
20260227001450,2026-02-27 16:19,삼양홀딩스,유가증권,주주총회소집공고,삼양홀딩스
20260227001435,2026-02-27 16:17,안국약품,코스닥,[정정]주주총회소집공고,안국약품
20260227001415,2026-02-27 16:14,수젠텍,코스닥,주주총회소집공고,수젠텍
20260227001390,2026-02-27 16:11,삼익악기,유가증권,주주총회소집공고,삼익악기
20260227001384,2026-02-27 16:09,LS머트리얼즈,코스닥,주주총회소집공고,엘에스머트리얼즈
20260227001357,2026-02-27 16:06,셀비온,코스닥,주주총회소집공고,셀비온
20260227001333,2026-02-27 16:03,한탑,코스닥,[정정]주주총회소집공고,한탑
20260227001332,2026-02-27 16:03,한국가구,코스닥,주주총회소집공고,한국가구
20260227001327,2026-02-27 16:02,신라섬유,코스닥,주주총회소집공고,신라섬유
20260227001323,2026-02-27 16:02,DS단석,유가증권,주주총회소집공고,디에스단석
20260227001311,2026-02-27 16:00,세니젠,코스닥,주주총회소집공고,세니젠
20260227001241,2026-02-27 15:51,일정실업,유가증권,주주총회소집공고,일정실업
20260227001175,2026-02-27 15:41,한화비전,유가증권,[정정]주주총회소집공고,한화비전
20260227001169,2026-02-27 15:39,엘앤케이바이오,코스닥,주주총회소집공고,엘앤케이바이오메드
20260227001159,2026-02-27 15:37,한국비엔씨,코스닥,주주총회소집공고,한국비엔씨
20260227001145,2026-02-27 15:33,유엔젤,유가증권,[정정]주주총회소집공고,유엔젤
20260227001130,2026-02-27 15:31,삼성에피스홀딩스,유가증권,[정정]주주총회소집공고,삼성에피스홀딩스
20260227001106,2026-02-27 15:27,다이나믹디자인,유가증권,주주총회소집공고,다이나믹디자인
20260227001093,2026-02-27 15:25,S-Oil,유가증권,주주총회소집공고,S-Oil
20260227001087,2026-02-27 15:24,모나리자,유가증권,주주총회소집공고,모나리자
20260227001055,2026-02-27 15:18,가온그룹,코스닥,주주총회소집공고,가온그룹
20260227001053,2026-02-27 15:18,SK스퀘어,유가증권,[정정]주주총회소집공고,에스케이스퀘어
20260227001047,2026-02-27 15:18,테스,코스닥,주주총회소집공고,테스
20260227000968,2026-02-27 15:00,LIG디펜스앤에어로스페이스,유가증권,주주총회소집공고,엘아이지디펜스앤에어로스페이스
20260227000887,2026-02-27 14:58,디지아이,코스닥,주주총회소집공고,디지아이
20260227000760,2026-02-27 14:54,강원랜드,유가증권,주주총회소집공고,강원랜드
20260227000697,2026-02-27 14:37,투비소프트,코스닥,주주총회소집공고,투비소프트
20260227000694,2026-02-27 14:36,앱클론,코스닥,주주총회소집공고,앱클론
20260227000677,2026-02-27 14:33,HD현대중공업,유가증권,주주총회소집공고,에이치디현대중공업
20260227000675,2026-02-27 14:32,휴비스,유가증권,주주총회소집공고,휴비스
20260227000546,2026-02-27 13:55,도화엔지니어링,유가증권,주주총회소집공고,도화엔지니어링
20260227000437,2026-02-27 13:23,에이엘티,코스닥,주주총회소집공고,에이엘티
20260227000431,2026-02-27 13:21,켐트로닉스,코스닥,주주총회소집공고,켐트로닉스
20260227000424,2026-02-27 13:18,이오플로우,코스닥,[정정]주주총회소집공고,이오플로우
20260227000383,2026-02-27 12:21,셀바스AI,코스닥,주주총회소집공고,셀바스에이아이
20260227000375,2026-02-27 12:14,크린앤사이언스,코스닥,주주총회소집공고,크린앤사이언스
20260227000364,2026-02-27 12:08,에이피알,유가증권,주주총회소집공고,에이피알
20260227000327,2026-02-27 11:28,일신바이오,코스닥,주주총회소집공고,일신바이오베이스
20260227000257,2026-02-27 10:48,에이치엔에스하이텍,코스닥,주주총회소집공고,에이치엔에스하이텍
20260227000190,2026-02-27 10:14,비엔케이제3호스팩,코스닥,주주총회소집공고,비엔케이제3호기업인수목적
20260227000185,2026-02-27 10:13,팜스코,유가증권,주주총회소집공고,팜스코
20260227000182,2026-02-27 10:12,미래에셋비전스팩11호,코스닥,주주총회소집공고,미래에셋비전기업인수목적11호
20260227000097,2026-02-27 09:09,아이컴포넌트,코스닥,주주총회소집공고,아이컴포넌트
20260226001740,2026-02-27 07:30,스틱인베스트먼트,유가증권,주주총회소집공고,스틱인베스트먼트
20260226001648,2026-02-26 17:48,두산밥캣,유가증권,주주총회소집공고,두산밥캣
20260226001635,2026-02-26 17:44,남해화학,유가증권,주주총회소집공고,남해화학
20260226001581,2026-02-26 17:36,제주반도체,코스닥,[정정]주주총회소집공고,제주반도체
20260226001572,2026-02-26 17:34,호전실업,유가증권,주주총회소집공고,호전실업
20260226001564,2026-02-26 17:32,제주은행,유가증권,주주총회소집공고,제주은행
20260226001496,2026-02-26 17:22,셀레믹스,코스닥,주주총회소집공고,셀레믹스
20260226001479,2026-02-26 17:18,국도화학,유가증권,주주총회소집공고,국도화학
20260226001457,2026-02-26 17:13,롯데하이마트,유가증권,[정정]주주총회소집공고,롯데하이마트
20260226001441,2026-02-26 17:10,HD현대,유가증권,주주총회소집공고,에이치디현대
20260226001378,2026-02-26 17:00,코오롱글로벌,유가증권,주주총회소집공고,코오롱글로벌
20260226001376,2026-02-26 17:00,퀄리타스반도체,코스닥,주주총회소집공고,퀄리타스반도체
20260226001374,2026-02-26 16:59,HLB테라퓨틱스,코스닥,주주총회소집공고,에이치엘비테라퓨틱스
20260226001331,2026-02-26 16:55,쏠리드,코스닥,주주총회소집공고,쏠리드
20260226001322,2026-02-26 16:53,현대지에프홀딩스,유가증권,주주총회소집공고,현대지에프홀딩스
20260226001314,2026-02-26 16:50,서흥,유가증권,주주총회소집공고,서흥
20260226001284,2026-02-26 16:46,GS글로벌,유가증권,주주총회소집공고,지에스글로벌
20260226001246,2026-02-26 16:40,삼성E&A,유가증권,[정정]주주총회소집공고,삼성이앤에이
20260226001241,2026-02-26 16:39,안국약품,코스닥,주주총회소집공고,안국약품
20260226001226,2026-02-26 16:36,HD한국조선해양,유가증권,주주총회소집공고,에이치디한국조선해양
20260226001216,2026-02-26 16:34,카프로,유가증권,주주총회소집공고,카프로
20260226001209,2026-02-26 16:32,포스뱅크,코스닥,주주총회소집공고,포스뱅크
20260226001127,2026-02-26 16:20,신원,유가증권,주주총회소집공고,신원
20260226001122,2026-02-26 16:20,이수페타시스,유가증권,주주총회소집공고,이수페타시스
20260226001097,2026-02-26 16:16,케이씨씨글라스,유가증권,주주총회소집공고,케이씨씨글라스
20260226001029,2026-02-26 16:11,HD현대에너지솔루션,유가증권,[정정]주주총회소집공고,에이치디현대에너지솔루션
20260226000931,2026-02-26 15:59,코오롱인더,유가증권,주주총회소집공고,코오롱인더스트리
20260226000909,2026-02-26 15:56,한국석유공업,유가증권,주주총회소집공고,한국석유공업
20260226000887,2026-02-26 15:54,세이브존I&C,유가증권,주주총회소집공고,세이브존아이앤씨
20260226000883,2026-02-26 15:53,펄어비스,코스닥,주주총회소집공고,펄어비스
20260226000875,2026-02-26 15:51,전방,유가증권,주주총회소집공고,전방
20260226000838,2026-02-26 15:46,삼성에스디에스,유가증권,[정정]주주총회소집공고,삼성에스디에스
20260226000824,2026-02-26 15:43,HLB글로벌,유가증권,주주총회소집공고,에이치엘비글로벌
20260226000772,2026-02-26 15:35,LF,유가증권,[정정]주주총회소집공고,LF
20260226000728,2026-02-26 15:29,씨이랩,코스닥,주주총회소집공고,씨이랩
20260226000688,2026-02-26 15:20,미래에셋비전스팩5호,코스닥,주주총회소집공고,미래에셋비전기업인수목적5호
20260226000672,2026-02-26 15:16,이오플로우,코스닥,[정정]주주총회소집공고,이오플로우
20260226000651,2026-02-26 15:10,아이디피,코스닥,주주총회소집공고,아이디피
20260226000641,2026-02-26 15:05,유엔젤,유가증권,주주총회소집공고,유엔젤
20260226000578,2026-02-26 14:44,재영솔루텍,코스닥,주주총회소집공고,재영솔루텍
20260226000569,2026-02-26 14:42,아이디스홀딩스,코스닥,주주총회소집공고,아이디스홀딩스
20260226000565,2026-02-26 14:40,아이디스,코스닥,주주총회소집공고,아이디스
20260226000482,2026-02-26 14:05,한양이엔지,코스닥,주주총회소집공고,한양이엔지
20260226000373,2026-02-26 13:18,현대로템,유가증권,주주총회소집공고,현대로템
20260226000368,2026-02-26 13:15,제주반도체,코스닥,주주총회소집공고,제주반도체
20260226000350,2026-02-26 13:03,이오플로우,코스닥,주주총회소집공고,이오플로우
20260226000315,2026-02-26 11:58,EG,코스닥,주주총회소집공고,이지
20260226000232,2026-02-26 11:02,제닉스로보틱스,코스닥,[정정]주주총회소집공고,제닉스로보틱스
20260226000212,2026-02-26 10:51,팬오션,유가증권,주주총회소집공고,팬오션
20260226000155,2026-02-26 10:08,제닉스로보틱스,코스닥,주주총회소집공고,제닉스로보틱스
20260226000137,2026-02-26 10:00,알리코제약,코스닥,주주총회소집공고,알리코제약
20260226000111,2026-02-26 09:42,에스엔시스,코스닥,주주총회소집공고,에스엔시스
20260225002165,2026-02-26 07:30,대상,유가증권,주주총회소집공고,대상
20260225002018,2026-02-26 07:30,에코프로머티,유가증권,주주총회소집공고,에코프로머티리얼즈
20260225002010,2026-02-26 07:30,대웅제약,유가증권,주주총회소집공고,대웅제약
20260225002006,2026-02-26 07:30,대웅,유가증권,주주총회소집공고,대웅
20260225001998,2026-02-26 07:30,KG모빌리티,유가증권,주주총회소집공고,케이지모빌리티
20260225001961,2026-02-25 17:56,신성이엔지,유가증권,[정정]주주총회소집공고,신성이엔지
20260225001948,2026-02-25 17:54,시프트업,유가증권,주주총회소집공고,시프트업
20260225001947,2026-02-25 17:54,DL,유가증권,주주총회소집공고,디엘
20260225001940,2026-02-25 17:52,코나아이,코스닥,주주총회소집공고,코나아이
20260225001928,2026-02-25 17:50,한올바이오파마,유가증권,주주총회소집공고,한올바이오파마
20260225001915,2026-02-25 17:48,JW중외제약,유가증권,주주총회소집공고,JW중외제약
20260225001912,2026-02-25 17:48,IPARK현대산업개발,유가증권,주주총회소집공고,아이파크현대산업개발
20260225001911,2026-02-25 17:47,JW생명과학,유가증권,주주총회소집공고,제이더블유생명과학
20260225001908,2026-02-25 17:47,광동제약,유가증권,주주총회소집공고,광동제약
20260225001900,2026-02-25 17:46,효성티앤씨,유가증권,주주총회소집공고,효성티앤씨
20260225001895,2026-02-25 17:44,JW홀딩스,유가증권,주주총회소집공고,JW홀딩스
20260225001889,2026-02-25 17:44,케이티앤지,유가증권,주주총회소집공고,케이티앤지
20260225001883,2026-02-25 17:42,한일시멘트,유가증권,주주총회소집공고,한일시멘트
20260225001880,2026-02-25 17:42,SK하이닉스,유가증권,주주총회소집공고,에스케이하이닉스
20260225001867,2026-02-25 17:39,롯데정밀화학,유가증권,주주총회소집공고,롯데정밀화학
20260225001846,2026-02-25 17:36,SK텔레콤,유가증권,주주총회소집공고,SK텔레콤
20260225001843,2026-02-25 17:36,두산로보틱스,유가증권,주주총회소집공고,두산로보틱스
20260225001840,2026-02-25 17:35,NHN,유가증권,주주총회소집공고,엔에이치엔
20260225001833,2026-02-25 17:34,현대홈쇼핑,유가증권,주주총회소집공고,현대홈쇼핑
20260225001797,2026-02-25 17:30,해성디에스,유가증권,주주총회소집공고,해성디에스
20260225001789,2026-02-25 17:28,해태제과식품,유가증권,주주총회소집공고,해태제과식품
20260225001787,2026-02-25 17:28,코스모화학,유가증권,주주총회소집공고,코스모화학
20260225001754,2026-02-25 17:24,삼양사,유가증권,주주총회소집공고,삼양사
20260225001741,2026-02-25 17:21,파미셀,유가증권,주주총회소집공고,파미셀
20260225001686,2026-02-25 17:16,효성화학,유가증권,주주총회소집공고,효성화학
20260225001683,2026-02-25 17:16,현대백화점,유가증권,[정정]주주총회소집공고,현대백화점
20260225001676,2026-02-25 17:14,효성중공업,유가증권,주주총회소집공고,효성중공업
20260225001671,2026-02-25 17:13,한일홀딩스,유가증권,주주총회소집공고,한일홀딩스
20260225001663,2026-02-25 17:12,고려아연,유가증권,[정정]주주총회소집공고,고려아연
20260225001662,2026-02-25 17:12,현대자동차,유가증권,주주총회소집공고,현대자동차
20260225001646,2026-02-25 17:10,티케이지휴켐스,유가증권,주주총회소집공고,티케이지휴켐스
20260225001636,2026-02-25 17:09,광주신세계,유가증권,주주총회소집공고,광주신세계
20260225001634,2026-02-25 17:09,한국타이어앤테크놀로지,유가증권,주주총회소집공고,한국타이어앤테크놀로지
20260225001628,2026-02-25 17:09,한세실업,유가증권,주주총회소집공고,한세실업
20260225001626,2026-02-25 17:09,유화증권,유가증권,주주총회소집공고,유화증권
20260225001617,2026-02-25 17:08,LG,유가증권,주주총회소집공고,LG
20260225001610,2026-02-25 17:07,무학,유가증권,주주총회소집공고,무학
20260225001597,2026-02-25 17:05,효성,유가증권,주주총회소집공고,효성
20260225001570,2026-02-25 17:01,한진칼,유가증권,주주총회소집공고,한진칼
20260225001555,2026-02-25 16:58,한국제지,유가증권,주주총회소집공고,한국제지
20260225001536,2026-02-25 16:57,삼성바이오로직스,유가증권,[정정]주주총회소집공고,삼성바이오로직스
20260225001534,2026-02-25 16:56,세아홀딩스,유가증권,주주총회소집공고,세아홀딩스
20260225001515,2026-02-25 16:54,한국항공우주,유가증권,주주총회소집공고,한국항공우주산업
20260225001488,2026-02-25 16:51,HL D&I,유가증권,주주총회소집공고,에이치엘디앤아이한라
20260225001482,2026-02-25 16:51,흥아해운,유가증권,주주총회소집공고,흥아해운
20260225001459,2026-02-25 16:47,HD건설기계,유가증권,[정정]주주총회소집공고,에이치디건설기계
20260225001455,2026-02-25 16:46,경보제약,유가증권,주주총회소집공고,경보제약
20260225001454,2026-02-25 16:46,경동나비엔,유가증권,주주총회소집공고,경동나비엔
20260225001451,2026-02-25 16:46,에코마케팅,코스닥,[정정]주주총회소집공고,에코마케팅
20260225001450,2026-02-25 16:46,진매트릭스,코스닥,주주총회소집공고,진매트릭스
20260225001442,2026-02-25 16:45,대원강업,유가증권,주주총회소집공고,대원강업
20260225001423,2026-02-25 16:42,한솔홀딩스,유가증권,주주총회소집공고,한솔홀딩스
20260225001420,2026-02-25 16:41,하이드로리튬,코스닥,주주총회소집공고,하이드로리튬
20260225001416,2026-02-25 16:41,E8,코스닥,주주총회소집공고,이에이트
20260225001407,2026-02-25 16:40,LF,유가증권,주주총회소집공고,LF
20260225001398,2026-02-25 16:39,BGF,유가증권,주주총회소집공고,비지에프
20260225001332,2026-02-25 16:33,포스코DX,유가증권,주주총회소집공고,포스코디엑스
20260225001316,2026-02-25 16:31,키움증권,유가증권,주주총회소집공고,키움증권
20260225001312,2026-02-25 16:31,현대제철,유가증권,주주총회소집공고,현대제철
20260225001305,2026-02-25 16:30,BGF리테일,유가증권,주주총회소집공고,비지에프리테일
20260225001298,2026-02-25 16:30,에스티큐브,코스닥,[정정]주주총회소집공고,에스티큐브
20260225001297,2026-02-25 16:29,한화손해보험,유가증권,[정정]주주총회소집공고,한화손해보험
20260225001289,2026-02-25 16:28,삼영무역,유가증권,주주총회소집공고,삼영무역
20260225001280,2026-02-25 16:27,티엠씨,유가증권,주주총회소집공고,티엠씨
20260225001256,2026-02-25 16:24,사조오양,유가증권,주주총회소집공고,사조오양
20260225001231,2026-02-25 16:21,시알홀딩스,유가증권,[정정]주주총회소집공고,시알홀딩스
20260225001196,2026-02-25 16:16,롯데하이마트,유가증권,주주총회소집공고,롯데하이마트
20260225001190,2026-02-25 16:15,일동홀딩스,유가증권,주주총회소집공고,일동홀딩스
20260225001160,2026-02-25 16:12,진에어,유가증권,주주총회소집공고,진에어
20260225001158,2026-02-25 16:12,미스토홀딩스,유가증권,주주총회소집공고,미스토홀딩스
20260225001144,2026-02-25 16:10,케이씨씨,유가증권,주주총회소집공고,케이씨씨
20260225001140,2026-02-25 16:09,조선내화,유가증권,주주총회소집공고,조선내화
20260225001139,2026-02-25 16:09,국제약품,유가증권,주주총회소집공고,국제약품
20260225001129,2026-02-25 16:08,대원제약,유가증권,주주총회소집공고,대원제약
20260225001128,2026-02-25 16:08,동아에스티,유가증권,주주총회소집공고,동아에스티
20260225001094,2026-02-25 16:03,하림,코스닥,주주총회소집공고,하림
20260225001093,2026-02-25 16:03,한창제지,유가증권,주주총회소집공고,한창제지
20260225001077,2026-02-25 16:01,현대퓨처넷,유가증권,주주총회소집공고,현대퓨처넷
20260225001069,2026-02-25 16:00,콘텐트리중앙,유가증권,주주총회소집공고,콘텐트리중앙
20260225001061,2026-02-25 16:00,동아쏘시오홀딩스,유가증권,주주총회소집공고,동아쏘시오홀딩스
20260225001060,2026-02-25 15:59,일동제약,유가증권,주주총회소집공고,일동제약
20260225001043,2026-02-25 15:58,마크로젠,코스닥,주주총회소집공고,마크로젠
20260225000977,2026-02-25 15:48,HB솔루션,코스닥,주주총회소집공고,에이치비솔루션
20260225000962,2026-02-25 15:46,하이퍼코퍼레이션,코스닥,주주총회소집공고,하이퍼코퍼레이션
20260225000934,2026-02-25 15:42,에스디바이오센서,유가증권,주주총회소집공고,에스디바이오센서
20260225000904,2026-02-25 15:37,현대백화점,유가증권,주주총회소집공고,현대백화점
20260225000878,2026-02-25 15:34,진양산업,유가증권,주주총회소집공고,진양산업
20260225000846,2026-02-25 15:28,BGF에코머티리얼즈,코스닥,주주총회소집공고,비지에프에코머티리얼즈
20260225000842,2026-02-25 15:28,이녹스첨단소재,코스닥,주주총회소집공고,이녹스첨단소재
20260225000812,2026-02-25 15:21,종근당바이오,유가증권,주주총회소집공고,종근당바이오
20260225000811,2026-02-25 15:20,현대이지웰,코스닥,주주총회소집공고,현대이지웰
20260225000808,2026-02-25 15:20,NHN KCP,코스닥,주주총회소집공고,엔에이치엔케이씨피
20260225000799,2026-02-25 15:18,상신브레이크,유가증권,주주총회소집공고,상신브레이크
20260225000796,2026-02-25 15:17,신세계푸드,유가증권,주주총회소집공고,신세계푸드
20260225000773,2026-02-25 15:11,지역난방공사,유가증권,주주총회소집공고,한국지역난방공사
20260225000758,2026-02-25 15:07,시알홀딩스,유가증권,주주총회소집공고,시알홀딩스
20260225000729,2026-02-25 15:00,현대위아,유가증권,주주총회소집공고,현대위아
20260225000681,2026-02-25 14:51,현대오토에버,유가증권,주주총회소집공고,현대오토에버
20260225000662,2026-02-25 14:46,오리온홀딩스,유가증권,주주총회소집공고,오리온홀딩스
20260225000661,2026-02-25 14:46,종근당홀딩스,유가증권,주주총회소집공고,종근당홀딩스
20260225000657,2026-02-25 14:45,오리온,유가증권,주주총회소집공고,오리온
20260225000653,2026-02-25 14:43,쏘카,유가증권,주주총회소집공고,쏘카
20260225000629,2026-02-25 14:37,프로이천,코스닥,주주총회소집공고,프로이천
20260225000579,2026-02-25 14:24,주성코퍼레이션,유가증권,주주총회소집공고,주성코퍼레이션
20260225000574,2026-02-25 14:22,서남,코스닥,주주총회소집공고,서남
20260225000543,2026-02-25 14:13,한독,유가증권,주주총회소집공고,한독
20260225000524,2026-02-25 14:06,엘에스일렉트릭,유가증권,[정정]주주총회소집공고,엘에스일렉트릭
20260225000519,2026-02-25 14:05,이노션,유가증권,주주총회소집공고,이노션
20260225000505,2026-02-25 14:01,조아제약,코스닥,주주총회소집공고,조아제약
20260225000456,2026-02-25 13:49,이마트,유가증권,주주총회소집공고,이마트
20260225000447,2026-02-25 13:46,엘에스일렉트릭,유가증권,주주총회소집공고,엘에스일렉트릭
20260225000438,2026-02-25 13:43,한화엔진,유가증권,주주총회소집공고,한화엔진
20260225000337,2026-02-25 12:06,일신방직,유가증권,[정정]주주총회소집공고,일신방직
20260225000335,2026-02-25 11:59,삼성전자,유가증권,[정정]주주총회소집공고,삼성전자
20260225000332,2026-02-25 11:54,KG스틸,유가증권,[정정]주주총회소집공고,KG스틸
20260225000322,2026-02-25 11:45,드림텍,유가증권,주주총회소집공고,드림텍
20260225000267,2026-02-25 11:12,일신방직,유가증권,주주총회소집공고,일신방직
20260225000249,2026-02-25 11:04,오뚜기,유가증권,주주총회소집공고,오뚜기
20260225000234,2026-02-25 10:56,삼아알미늄,유가증권,주주총회소집공고,삼아알미늄
20260225000194,2026-02-25 10:32,고려제약,코스닥,주주총회소집공고,고려제약
20260225000173,2026-02-25 10:18,GKL,유가증권,주주총회소집공고,그랜드코리아레저
20260224001385,2026-02-25 07:30,한솔케미칼,유가증권,주주총회소집공고,한솔케미칼
20260224001344,2026-02-24 17:58,에코프로,코스닥,주주총회소집공고,에코프로
20260224001342,2026-02-24 17:58,포스코퓨처엠,유가증권,주주총회소집공고,포스코퓨처엠
20260224001312,2026-02-24 17:46,카카오,유가증권,주주총회소집공고,카카오
20260224001311,2026-02-24 17:46,HDC랩스,유가증권,[정정]주주총회소집공고,에이치디씨랩스
20260224001280,2026-02-24 17:40,DL이앤씨,유가증권,주주총회소집공고,디엘이앤씨
20260224001278,2026-02-24 17:39,SK스퀘어,유가증권,주주총회소집공고,에스케이스퀘어
20260224001277,2026-02-24 17:39,조광페인트,유가증권,주주총회소집공고,조광페인트
20260224001258,2026-02-24 17:34,LG화학,유가증권,주주총회소집공고,LG화학
20260224001226,2026-02-24 17:26,한화투자증권,유가증권,주주총회소집공고,한화투자증권
20260224001222,2026-02-24 17:25,현대코퍼레이션홀딩스,유가증권,주주총회소집공고,현대코퍼레이션홀딩스
20260224001185,2026-02-24 17:20,F&F 홀딩스,유가증권,주주총회소집공고,에프앤에프홀딩스
20260224001181,2026-02-24 17:18,신송홀딩스,유가증권,주주총회소집공고,신송홀딩스
20260224001177,2026-02-24 17:17,현대코퍼레이션,유가증권,주주총회소집공고,현대코퍼레이션
20260224001167,2026-02-24 17:15,세방전지,유가증권,주주총회소집공고,세방전지
20260224001159,2026-02-24 17:14,홈캐스트,코스닥,주주총회소집공고,홈캐스트
20260224001117,2026-02-24 17:06,한국공항,유가증권,주주총회소집공고,한국공항
20260224001083,2026-02-24 17:03,HDC,유가증권,주주총회소집공고,에이치디씨
20260224001075,2026-02-24 17:03,한화손해보험,유가증권,주주총회소집공고,한화손해보험
20260224001052,2026-02-24 17:00,한화갤러리아,유가증권,주주총회소집공고,한화갤러리아
20260224001021,2026-02-24 16:55,코웨이,유가증권,주주총회소집공고,코웨이
20260224001011,2026-02-24 16:53,F&F,유가증권,주주총회소집공고,에프앤에프
20260224001006,2026-02-24 16:52,LX홀딩스,유가증권,주주총회소집공고,엘엑스홀딩스
20260224001005,2026-02-24 16:52,포스코인터내셔널,유가증권,주주총회소집공고,포스코인터내셔널
20260224000960,2026-02-24 16:43,LX인터내셔널,유가증권,주주총회소집공고,LX인터내셔널
20260224000944,2026-02-24 16:38,한국알콜,코스닥,주주총회소집공고,한국알콜산업
20260224000888,2026-02-24 16:28,LX세미콘,유가증권,주주총회소집공고,엘엑스세미콘
20260224000883,2026-02-24 16:28,롯데이노베이트,유가증권,주주총회소집공고,롯데이노베이트
20260224000869,2026-02-24 16:24,유니슨,코스닥,주주총회소집공고,유니슨
20260224000858,2026-02-24 16:21,HD건설기계,유가증권,주주총회소집공고,에이치디건설기계
20260224000851,2026-02-24 16:19,현대건설,유가증권,주주총회소집공고,현대건설
20260224000819,2026-02-24 16:14,에스티큐브,코스닥,주주총회소집공고,에스티큐브
20260224000790,2026-02-24 16:08,미원화학,유가증권,주주총회소집공고,미원화학
20260224000789,2026-02-24 16:08,대한항공,유가증권,주주총회소집공고,대한항공
20260224000744,2026-02-24 15:59,캠시스,코스닥,주주총회소집공고,캠시스
20260224000700,2026-02-24 15:49,NAVER,유가증권,[정정]주주총회소집공고,네이버
20260224000696,2026-02-24 15:49,파라다이스,유가증권,주주총회소집공고,파라다이스
20260224000651,2026-02-24 15:39,동일산업,유가증권,주주총회소집공고,동일산업
20260224000637,2026-02-24 15:35,신세계I&C,유가증권,주주총회소집공고,신세계아이앤씨
20260224000578,2026-02-24 15:14,LS에코에너지,유가증권,주주총회소집공고,엘에스에코에너지
20260224000544,2026-02-24 15:00,LG이노텍,유가증권,주주총회소집공고,엘지이노텍
20260224000529,2026-02-24 14:55,아모레퍼시픽홀딩스,유가증권,주주총회소집공고,아모레퍼시픽홀딩스
20260224000487,2026-02-24 14:35,아모레퍼시픽,유가증권,주주총회소집공고,아모레퍼시픽
20260224000436,2026-02-24 14:10,클로봇,코스닥,[정정]주주총회소집공고,클로봇
20260224000395,2026-02-24 13:47,무림P&P,유가증권,[정정]주주총회소집공고,무림피앤피
20260224000390,2026-02-24 13:44,티씨케이,코스닥,주주총회소집공고,티씨케이
20260224000329,2026-02-24 13:16,현대그린푸드,유가증권,[정정]주주총회소집공고,현대그린푸드
20260224000297,2026-02-24 12:20,미래에셋비전스팩9호,코스닥,주주총회소집공고,미래에셋비전기업인수목적9호
20260224000277,2026-02-24 11:43,인터로조,코스닥,주주총회소집공고,인터로조
20260224000262,2026-02-24 11:31,클로봇,코스닥,[정정]주주총회소집공고,클로봇
20260224000241,2026-02-24 11:11,클로봇,코스닥,[정정]주주총회소집공고,클로봇
20260224000202,2026-02-24 10:38,나노,코스닥,주주총회소집공고,나노
20260223001328,2026-02-23 17:57,고려아연,유가증권,주주총회소집공고,고려아연
20260223001313,2026-02-23 17:54,SKC,유가증권,주주총회소집공고,SKC
20260223001299,2026-02-23 17:49,에코프로에이치엔,코스닥,주주총회소집공고,에코프로에이치엔
20260223001275,2026-02-23 17:44,GS건설,유가증권,주주총회소집공고,지에스건설
20260223001274,2026-02-23 17:44,테이팩스,유가증권,주주총회소집공고,테이팩스
20260223001243,2026-02-23 17:37,한화에어로스페이스,유가증권,주주총회소집공고,한화에어로스페이스
20260223001222,2026-02-23 17:34,삼성증권,유가증권,주주총회소집공고,삼성증권
20260223001214,2026-02-23 17:33,KG스틸,유가증권,주주총회소집공고,KG스틸
20260223001185,2026-02-23 17:25,한화비전,유가증권,주주총회소집공고,한화비전
20260223001184,2026-02-23 17:25,브이엠,코스닥,주주총회소집공고,브이엠
20260223001178,2026-02-23 17:24,LG헬로비전,유가증권,주주총회소집공고,엘지헬로비전
20260223001156,2026-02-23 17:20,삼립,유가증권,주주총회소집공고,삼립
20260223001138,2026-02-23 17:16,HD현대마린엔진,유가증권,주주총회소집공고,에이치디현대마린엔진
20260223001130,2026-02-23 17:15,인티큐브,코스닥,주주총회소집공고,인티큐브
20260223001090,2026-02-23 17:14,신세계인터내셔날,유가증권,주주총회소집공고,신세계인터내셔날
20260223001049,2026-02-23 17:06,크래프톤,유가증권,주주총회소집공고,크래프톤
20260223001047,2026-02-23 17:06,현대비앤지스틸,유가증권,주주총회소집공고,현대비앤지스틸
20260223001045,2026-02-23 17:06,LG생활건강,유가증권,주주총회소집공고,LG생활건강
20260223001025,2026-02-23 17:02,NC,유가증권,주주총회소집공고,엔씨
20260223001013,2026-02-23 16:59,세아베스틸지주,유가증권,주주총회소집공고,세아베스틸지주
20260223000995,2026-02-23 16:54,아시아나항공,유가증권,주주총회소집공고,아시아나항공
20260223000962,2026-02-23 16:47,DB하이텍,유가증권,주주총회소집공고,DB하이텍
20260223000958,2026-02-23 16:46,한화솔루션,유가증권,주주총회소집공고,한화솔루션
20260223000952,2026-02-23 16:45,대한유화,유가증권,주주총회소집공고,대한유화
20260223000945,2026-02-23 16:44,평화홀딩스,유가증권,주주총회소집공고,평화홀딩스
20260223000939,2026-02-23 16:43,평화산업,유가증권,주주총회소집공고,평화산업
20260223000919,2026-02-23 16:40,LG유플러스,유가증권,주주총회소집공고,LG유플러스
20260223000897,2026-02-23 16:34,경동도시가스,유가증권,주주총회소집공고,경동도시가스
20260223000890,2026-02-23 16:33,클로봇,코스닥,주주총회소집공고,클로봇
20260223000887,2026-02-23 16:32,인천도시가스,유가증권,주주총회소집공고,인천도시가스
20260223000858,2026-02-23 16:24,빅솔론,코스닥,주주총회소집공고,빅솔론
20260223000844,2026-02-23 16:21,케이씨,유가증권,주주총회소집공고,케이씨
20260223000833,2026-02-23 16:19,신세계,유가증권,주주총회소집공고,신세계
20260223000811,2026-02-23 16:16,경남스틸,코스닥,주주총회소집공고,경남스틸
20260223000806,2026-02-23 16:15,자이에스앤디,유가증권,주주총회소집공고,자이에스앤디
20260223000789,2026-02-23 16:11,HDC랩스,유가증권,주주총회소집공고,에이치디씨랩스
20260223000740,2026-02-23 16:02,애경케미칼,유가증권,주주총회소집공고,애경케미칼
20260223000721,2026-02-23 15:59,삼진제약,유가증권,주주총회소집공고,삼진제약
20260223000679,2026-02-23 15:50,한섬,유가증권,주주총회소집공고,한섬
20260223000646,2026-02-23 15:43,효성 ITX,유가증권,주주총회소집공고,효성아이티엑스
20260223000638,2026-02-23 15:40,HD현대일렉트릭,유가증권,주주총회소집공고,에이치디현대일렉트릭
20260223000635,2026-02-23 15:39,가온전선,유가증권,주주총회소집공고,가온전선
20260223000587,2026-02-23 15:26,HDC현대EP,유가증권,주주총회소집공고,에이치디씨현대이피
20260223000584,2026-02-23 15:26,INVENI,유가증권,주주총회소집공고,INVENI
20260223000559,2026-02-23 15:16,삼원강재,유가증권,주주총회소집공고,삼원강재
20260223000554,2026-02-23 15:15,현대리바트,유가증권,주주총회소집공고,현대리바트
20260223000500,2026-02-23 14:54,화승엔터프라이즈,유가증권,주주총회소집공고,화승엔터프라이즈
20260223000493,2026-02-23 14:51,HD현대마린솔루션,유가증권,주주총회소집공고,에이치디현대마린솔루션
20260223000421,2026-02-23 14:17,화승인더스트리,유가증권,주주총회소집공고,화승인더스트리
20260223000419,2026-02-23 14:16,진양홀딩스,유가증권,주주총회소집공고,진양홀딩스
20260223000394,2026-02-23 14:06,상보,코스닥,[정정]주주총회소집공고,상보
20260223000384,2026-02-23 14:01,SP삼화,유가증권,주주총회소집공고,에스피삼화
20260223000380,2026-02-23 13:59,포스코스틸리온,유가증권,주주총회소집공고,포스코스틸리온
20260223000339,2026-02-23 13:34,스페코,코스닥,주주총회소집공고,스페코
20260223000337,2026-02-23 13:30,무림SP,코스닥,[정정]주주총회소집공고,무림에스피
20260223000324,2026-02-23 13:22,삼양엔씨켐,코스닥,[정정]주주총회소집공고,삼양엔씨켐
20260223000284,2026-02-23 12:00,이구산업,유가증권,주주총회소집공고,이구산업
20260223000250,2026-02-23 11:12,LG씨엔에스,유가증권,주주총회소집공고,엘지씨엔에스
20260223000248,2026-02-23 11:10,코스모신소재,유가증권,주주총회소집공고,코스모신소재
20260223000247,2026-02-23 11:09,대원전선,유가증권,주주총회소집공고,대원전선
20260220001245,2026-02-20 17:59,무림SP,코스닥,주주총회소집공고,무림에스피
20260220001227,2026-02-20 17:59,무림페이퍼,유가증권,주주총회소집공고,무림페이퍼
20260220001209,2026-02-20 17:52,무림P&P,유가증권,주주총회소집공고,무림피앤피
20260220001203,2026-02-20 17:51,SK바이오사이언스,유가증권,주주총회소집공고,에스케이바이오사이언스
20260220001143,2026-02-20 17:36,제일바이오,코스닥,주주총회소집공고,제일바이오
20260220001132,2026-02-20 17:35,HD현대에너지솔루션,유가증권,주주총회소집공고,에이치디현대에너지솔루션
20260220001022,2026-02-20 17:05,한화시스템,유가증권,주주총회소집공고,한화시스템
20260220000968,2026-02-20 16:54,카카오페이,유가증권,주주총회소집공고,카카오페이
20260220000966,2026-02-20 16:54,현대그린푸드,유가증권,주주총회소집공고,현대그린푸드
20260220000956,2026-02-20 16:50,한솔로지스틱스,유가증권,주주총회소집공고,한솔로지스틱스
20260220000945,2026-02-20 16:48,한솔제지,유가증권,주주총회소집공고,한솔제지
20260220000924,2026-02-20 16:41,현대에버다임,코스닥,주주총회소집공고,현대에버다임
20260220000919,2026-02-20 16:39,한탑,코스닥,주주총회소집공고,한탑
20260220000888,2026-02-20 16:32,에코마케팅,코스닥,주주총회소집공고,에코마케팅
20260220000828,2026-02-20 16:19,지누스,유가증권,주주총회소집공고,지누스
20260220000792,2026-02-20 16:11,삼양바이오팜,유가증권,주주총회소집공고,삼양바이오팜
20260220000682,2026-02-20 15:43,삼양패키징,유가증권,주주총회소집공고,삼양패키징
20260220000673,2026-02-20 15:42,솔본,코스닥,주주총회소집공고,솔본
20260220000655,2026-02-20 15:38,NAVER,유가증권,주주총회소집공고,네이버
20260220000636,2026-02-20 15:34,상신전자,코스닥,주주총회소집공고,상신전자
20260220000577,2026-02-20 15:18,삼양엔씨켐,코스닥,주주총회소집공고,삼양엔씨켐
20260220000535,2026-02-20 15:03,신성이엔지,유가증권,주주총회소집공고,신성이엔지
20260220000460,2026-02-20 14:25,케이씨텍,유가증권,주주총회소집공고,케이씨텍
20260220000452,2026-02-20 14:22,진양폴리우레탄,유가증권,주주총회소집공고,진양폴리우레탄
20260220000388,2026-02-20 13:52,자이글,코스닥,주주총회소집공고,자이글
20260220000369,2026-02-20 13:45,삼양케이씨아이,코스닥,주주총회소집공고,삼양케이씨아이
20260220000346,2026-02-20 13:34,우리기술투자,코스닥,주주총회소집공고,우리기술투자
20260220000245,2026-02-20 11:12,미래에셋비전스팩4호,코스닥,주주총회소집공고,미래에셋비전기업인수목적4호
20260220000212,2026-02-20 10:52,진양화학,유가증권,주주총회소집공고,진양화학
20260220000190,2026-02-20 10:33,삼성에피스홀딩스,유가증권,[정정]주주총회소집공고,삼성에피스홀딩스
20260220000052,2026-02-20 08:27,페니트리움바이오,코스닥,[정정]주주총회소집공고,페니트리움바이오사이언스
20260219000988,2026-02-19 17:57,삼성생명,유가증권,주주총회소집공고,삼성생명보험
20260219000987,2026-02-19 17:57,POSCO홀딩스,유가증권,주주총회소집공고,포스코홀딩스
20260219000958,2026-02-19 17:41,네이처셀,코스닥,주주총회소집공고,네이처셀
20260219000950,2026-02-19 17:38,삼성화재해상보험,유가증권,주주총회소집공고,삼성화재해상보험
20260219000916,2026-02-19 17:27,삼성SDI,유가증권,주주총회소집공고,삼성SDI
20260219000914,2026-02-19 17:26,풍산홀딩스,유가증권,주주총회소집공고,풍산홀딩스
20260219000890,2026-02-19 17:20,삼성카드,유가증권,주주총회소집공고,삼성카드
20260219000875,2026-02-19 17:18,풍산,유가증권,주주총회소집공고,풍산
20260219000793,2026-02-19 17:05,페니트리움바이오,코스닥,주주총회소집공고,페니트리움바이오사이언스
20260219000791,2026-02-19 17:04,상보,코스닥,주주총회소집공고,상보
20260219000696,2026-02-19 16:45,현대바이오랜드,코스닥,주주총회소집공고,현대바이오랜드
20260219000603,2026-02-19 16:18,신영와코루,유가증권,주주총회소집공고,신영와코루
20260219000557,2026-02-19 16:01,파인디지털,코스닥,주주총회소집공고,파인디지털
20260219000549,2026-02-19 15:58,신라에스지,코스닥,주주총회소집공고,신라에스지
20260219000537,2026-02-19 15:55,대호에이엘,유가증권,주주총회소집공고,대호에이엘
20260219000482,2026-02-19 15:38,농심,유가증권,주주총회소집공고,농심
20260219000479,2026-02-19 15:37,동방아그로,유가증권,주주총회소집공고,동방아그로
20260219000462,2026-02-19 15:31,조흥,유가증권,주주총회소집공고,조흥
20260219000404,2026-02-19 14:57,삼성에피스홀딩스,유가증권,주주총회소집공고,삼성에피스홀딩스
20260219000250,2026-02-19 11:56,코리아나,코스닥,주주총회소집공고,코리아나화장품
20260219000085,2026-02-19 09:01,삼성물산,유가증권,주주총회소집공고,삼성물산
20260213002075,2026-02-13 17:58,디에이테크놀로지,코스닥,주주총회소집공고,디에이테크놀로지
20260213002011,2026-02-13 17:31,LG디스플레이,유가증권,주주총회소집공고,엘지디스플레이
20260213001900,2026-02-13 17:03,한화오션,유가증권,주주총회소집공고,한화오션
20260213001650,2026-02-13 16:21,삼성에스디에스,유가증권,주주총회소집공고,삼성에스디에스
20260213001632,2026-02-13 16:17,HS애드,유가증권,주주총회소집공고,에이치에스애드
20260213001604,2026-02-13 16:11,호텔신라,유가증권,주주총회소집공고,호텔신라
20260213001583,2026-02-13 16:08,케이아이이,유가증권,주주총회소집공고,케이아이이
20260213001582,2026-02-13 16:08,써니전자,유가증권,주주총회소집공고,써니전자
20260213001435,2026-02-13 15:49,삼성중공업,유가증권,주주총회소집공고,삼성중공업
20260213001301,2026-02-13 15:33,멀티캠퍼스,코스닥,주주총회소집공고,멀티캠퍼스
20260213001159,2026-02-13 15:10,제일기획,유가증권,주주총회소집공고,제일기획
20260213001143,2026-02-13 15:07,현대글로비스,유가증권,주주총회소집공고,현대글로비스
20260213001136,2026-02-13 15:05,LG에너지솔루션,유가증권,주주총회소집공고,엘지에너지솔루션
20260213001133,2026-02-13 15:05,유한양행,유가증권,주주총회소집공고,유한양행
20260213001107,2026-02-13 14:58,빅텐츠,코스닥,주주총회소집공고,빅토리콘텐츠
20260213001034,2026-02-13 14:41,오아,코스닥,주주총회소집공고,오아
20260213000844,2026-02-13 13:59,한솔테크닉스,유가증권,주주총회소집공고,한솔테크닉스
20260213000806,2026-02-13 13:50,지앤비에스 에코,코스닥,주주총회소집공고,지앤비에스 에코
20260213000775,2026-02-13 13:44,LG전자,유가증권,주주총회소집공고,LG전자
20260213000470,2026-02-13 11:14,삼성전자,유가증권,주주총회소집공고,삼성전자
20260213000355,2026-02-13 10:36,세아제강,유가증권,주주총회소집공고,세아제강
20260213000259,2026-02-13 09:58,셀트리온제약,코스닥,주주총회소집공고,셀트리온제약
20260212001483,2026-02-12 17:45,삼성전기,유가증권,주주총회소집공고,삼성전기
20260212001311,2026-02-12 17:14,SNT에너지,유가증권,[정정]주주총회소집공고,SNT에너지
20260212001273,2026-02-12 17:06,비덴트,코스닥,[정정]주주총회소집공고,비덴트
20260212001106,2026-02-12 16:35,제이에스티나,코스닥,주주총회소집공고,제이에스티나
20260212000896,2026-02-12 15:59,기아,유가증권,주주총회소집공고,기아
20260212000876,2026-02-12 15:56,한울앤제주,코스닥,주주총회소집공고,한울앤제주
20260212000846,2026-02-12 15:53,글로벌텍스프리,코스닥,주주총회소집공고,글로벌텍스프리
20260212000844,2026-02-12 15:53,비덴트,코스닥,주주총회소집공고,비덴트
20260212000754,2026-02-12 15:35,한국단자공업,유가증권,주주총회소집공고,한국단자공업
20260212000749,2026-02-12 15:34,삼성E&A,유가증권,주주총회소집공고,삼성이앤에이
20260212000742,2026-02-12 15:32,삼성바이오로직스,유가증권,[정정]주주총회소집공고,삼성바이오로직스
20260212000714,2026-02-12 15:27,버킷스튜디오,코스닥,주주총회소집공고,버킷스튜디오
20260212000609,2026-02-12 14:58,인바이오젠,유가증권,주주총회소집공고,인바이오젠
20260212000585,2026-02-12 14:49,한솔아이원스,코스닥,주주총회소집공고,한솔아이원스
20260212000314,2026-02-12 11:47,셀트리온,유가증권,주주총회소집공고,셀트리온
20260212000197,2026-02-12 10:30,SNT모티브,유가증권,주주총회소집공고,SNT모티브
20260212000195,2026-02-12 10:29,SNT에너지,유가증권,주주총회소집공고,SNT에너지
20260212000192,2026-02-12 10:26,SNT다이내믹스,유가증권,주주총회소집공고,SNT다이내믹스
20260212000189,2026-02-12 10:24,SNT홀딩스,유가증권,주주총회소집공고,SNT홀딩스
20260211001161,2026-02-11 16:16,케이이엠텍,코스닥,주주총회소집공고,케이이엠텍
20260211001156,2026-02-11 16:16,ESR켄달스퀘어리츠,유가증권,주주총회소집공고,이에스알켄달스퀘어위탁관리부동산투자회사
20260211001123,2026-02-11 16:12,비투엔,코스닥,주주총회소집공고,비투엔
20260211000937,2026-02-11 15:45,삼성바이오로직스,유가증권,주주총회소집공고,삼성바이오로직스
20260211000794,2026-02-11 15:12,대아티아이,코스닥,주주총회소집공고,대아티아이
20260211000704,2026-02-11 14:49,지니틱스,코스닥,주주총회소집공고,지니틱스
20260210001113,2026-02-10 16:55,현대모비스,유가증권,주주총회소집공고,현대모비스
20260210000486,2026-02-10 14:19,코람코라이프인프라리츠,유가증권,주주총회소집공고,코람코라이프인프라위탁관리부동산투자회사
20260209001857,2026-02-10 07:30,이니텍,코스닥,[정정]주주총회소집공고,이니텍
20260209001746,2026-02-09 17:54,이니텍,코스닥,주주총회소집공고,이니텍
20260209001404,2026-02-09 16:46,엑시온그룹,코스닥,주주총회소집공고,엑시온그룹
20260209001084,2026-02-09 15:52,현대약품,유가증권,주주총회소집공고,현대약품
20260209001075,2026-02-09 15:49,신한글로벌액티브리츠,유가증권,주주총회소집공고,신한글로벌액티브위탁관리부동산투자회사
20260209000670,2026-02-09 14:00,코람코더원리츠,유가증권,주주총회소집공고,코람코더원위탁관리부동산투자회사
20260209000245,2026-02-09 10:05,미래에셋맵스리츠,유가증권,주주총회소집공고,㈜미래에셋맵스제1호위탁관리부동산투자회사
20260209000123,2026-02-09 09:15,DH오토웨어,코스닥,주주총회소집공고,디에이치오토웨어
20260206002651,2026-02-06 17:28,에스원,유가증권,주주총회소집공고,에스원
20260206002587,2026-02-06 17:17,인크레더블버즈,코스닥,주주총회소집공고,인크레더블버즈
20260206002512,2026-02-06 17:05,DKME,유가증권,주주총회소집공고,디케이엠이
20260206001790,2026-02-06 15:47,오성첨단소재,코스닥,[정정]주주총회소집공고,오성첨단소재
20260206001537,2026-02-06 15:22,오성첨단소재,코스닥,주주총회소집공고,오성첨단소재
20260205001040,2026-02-05 17:09,퀀텀레일,코스닥,주주총회소집공고,퀀텀레일
20260205000998,2026-02-05 16:58,NPX,코스닥,[정정]주주총회소집공고,엔피엑스
20260205000829,2026-02-05 16:25,로지스몬,코넥스,[정정]주주총회소집공고,로지스몬
20260205000795,2026-02-05 16:17,로지스몬,코넥스,주주총회소집공고,로지스몬
20260205000663,2026-02-05 15:46,GMI벤처,코스닥,주주총회소집공고,지엠아이벤처
20260204000958,2026-02-04 16:34,CSA 코스믹,코스닥,주주총회소집공고,씨에스에이코스믹
20260204000866,2026-02-04 16:16,NH프라임리츠,유가증권,주주총회소집공고,엔에이치프라임위탁관리부동산투자회사
20260204000132,2026-02-04 09:31,삼성FN리츠,유가증권,주주총회소집공고,삼성에프엔위탁관리부동산투자회사
20260203001144,2026-02-03 17:45,대진첨단소재,코스닥,[정정]주주총회소집공고,대진첨단소재
20260130000884,2026-01-30 16:12,오늘이엔엠,코스닥,[정정]주주총회소집공고,오늘이엔엠
20260129000291,2026-01-29 13:11,코오롱ENP,유가증권,주주총회소집공고,코오롱이앤피
20260128000918,2026-01-28 17:35,모바일어플라이언스,코스닥,주주총회소집공고,모바일어플라이언스
20260128000833,2026-01-28 16:58,푸드나무,코스닥,[정정]주주총회소집공고,푸드나무
20260128000457,2026-01-28 15:10,대신밸류리츠,유가증권,주주총회소집공고,대신밸류리츠위탁관리부동산투자회사
20260128000382,2026-01-28 14:23,한전산업,유가증권,주주총회소집공고,한전산업개발
20260127000625,2026-01-27 16:36,제이케이시냅스,코스닥,주주총회소집공고,제이케이시냅스
20260127000245,2026-01-27 13:20,오텍,코스닥,주주총회소집공고,오텍
20260126001137,2026-01-26 17:56,KS인더스트리,코스닥,[정정]주주총회소집공고,케이에스인더스트리
20260126000871,2026-01-26 16:26,인산가,코스닥,주주총회소집공고,인산가
20260123000427,2026-01-23 15:41,푸드나무,코스닥,[정정]주주총회소집공고,푸드나무
20260123000349,2026-01-23 14:55,헝셩그룹,코스닥,[정정]주주총회소집공고,헝셩그룹유한회사
20260123000337,2026-01-23 14:45,만호제강,유가증권,[정정]주주총회소집공고,만호제강
20260123000092,2026-01-23 09:47,비엔케이제2호스팩,코스닥,주주총회소집공고,비엔케이제2호기업인수목적
20260122000759,2026-01-23 07:30,푸드나무,코스닥,주주총회소집공고,푸드나무
20260122000737,2026-01-22 17:48,크라우드웍스,코스닥,주주총회소집공고,크라우드웍스
20260122000685,2026-01-22 17:21,만호제강,유가증권,주주총회소집공고,만호제강
20260122000628,2026-01-22 17:04,NPX,코스닥,주주총회소집공고,엔피엑스
20260120000638,2026-01-20 16:53,코맥스,코스닥,주주총회소집공고,코맥스
20260120000627,2026-01-20 16:48,에쓰씨엔지니어링,유가증권,주주총회소집공고,에쓰씨엔지니어링
20260120000460,2026-01-20 16:00,대진첨단소재,코스닥,주주총회소집공고,대진첨단소재
20260120000376,2026-01-20 15:21,강원에너지,코스닥,주주총회소집공고,강원에너지
20260116000511,2026-01-16 15:13,유틸렉스,코스닥,[정정]주주총회소집공고,유틸렉스
20260115000638,2026-01-15 17:31,아이톡시,코스닥,주주총회소집공고,아이톡시
20260115000538,2026-01-15 16:59,오늘이엔엠,코스닥,주주총회소집공고,오늘이엔엠
20260115000431,2026-01-15 16:28,대양금속,유가증권,주주총회소집공고,대양금속
20260115000268,2026-01-15 15:32,골드앤에스,코스닥,주주총회소집공고,골드앤에스
20260114000447,2026-01-14 16:38,윌비스,유가증권,주주총회소집공고,윌비스
20260114000402,2026-01-14 16:17,디에이치엑스컴퍼니,코스닥,[정정]주주총회소집공고,디에이치엑스컴퍼니
20260114000243,2026-01-14 14:57,이월드,유가증권,주주총회소집공고,이월드
20260113000608,2026-01-13 17:27,코퍼스코리아,코스닥,주주총회소집공고,코퍼스코리아
20260113000455,2026-01-13 16:13,금양그린파워,코스닥,주주총회소집공고,금양그린파워
20260112000610,2026-01-12 17:49,모비스,코스닥,주주총회소집공고,모비스
20260112000379,2026-01-12 16:11,KS인더스트리,코스닥,주주총회소집공고,케이에스인더스트리
20260112000260,2026-01-12 15:01,엔에스엠,코넥스,주주총회소집공고,엔에스엠
20260109000481,2026-01-09 16:13,MSDI,코스닥,주주총회소집공고,엠에스디아이
20260109000403,2026-01-09 15:42,헝셩그룹,코스닥,주주총회소집공고,헝셩그룹유한회사
20260108000290,2026-01-08 14:45,시큐레터,코스닥,주주총회소집공고,시큐레터
20260108000259,2026-01-08 14:13,서울보증보험,유가증권,주주총회소집공고,서울보증보험
20260108000168,2026-01-08 13:05,인트로메딕,코스닥,주주총회소집공고,인트로메딕
20260107000496,2026-01-07 15:43,다보링크,코스닥,주주총회소집공고,다보링크
20260106000602,2026-01-06 17:04,프레스티지바이오파마,유가증권,주주총회소집공고,프레스티지바이오파마
20260106000440,2026-01-06 16:11,한주에이알티,코스닥,주주총회소집공고,한주에이알티
20260105000599,2026-01-05 16:59,루트K,코스닥,[정정]주주총회소집공고,루트케이
20260102000274,2026-01-02 13:22,신한제14호스팩,코스닥,주주총회소집공고,신한제14호기업인수목적
