acptno,dt,corp_name,market,title,submitter
20260331004702,2026-03-31 18:57,수성웹툰,코스닥,[정정]주주총회소집결의(임시주주총회),수성웹툰
20260331004478,2026-03-31 18:01,쓰리에이로직스,코스닥,주주총회소집결의(임시주주총회),쓰리에이로직스
20260331003855,2026-03-31 17:24,에코심플렉스,코스닥,주주총회소집결의(임시주주총회),에코심플렉스
20260331003712,2026-03-31 17:13,한전기술,유가증권,[정정]주주총회소집결의,한국전력기술
20260331003660,2026-03-31 17:06,TS인베스트먼트,코스닥,주주총회소집결의(임시주주총회),티에스인베스트먼트
20260331002963,2026-03-31 16:27,코스나인,코스닥,[정정]주주총회소집결의,코스나인
20260331002770,2026-03-31 16:03,퓨쳐메디신,코넥스,주주총회소집 결의,퓨쳐메디신
20260331002660,2026-03-31 15:53,오리엔트바이오,유가증권,주주총회소집결의,오리엔트바이오
20260331001609,2026-03-31 15:02,기가레인,코스닥,주주총회소집결의,기가레인
20260331000549,2026-03-31 11:17,삼성FN리츠,유가증권,주주총회소집결의,삼성에프엔위탁관리부동산투자회사
20260330001916,2026-03-30 17:13,로스웰,코스닥,주주총회소집결의,로스웰인터내셔널유한회사
20260330001871,2026-03-30 17:07,티에프이,코스닥,[정정]주주총회소집결의,티에프이
20260330001758,2026-03-30 16:52,아이로보틱스,코스닥,주주총회소집결의(임시주주총회),아이로보틱스
20260330001357,2026-03-30 16:41,빅텐츠,코스닥,주주총회소집결의,빅토리콘텐츠
20260330001269,2026-03-30 16:31,빛과전자,코스닥,주주총회소집결의,빛과전자
20260330001310,2026-03-30 16:06,윙입푸드,코스닥,주주총회소집결의,윙입푸드홀딩스
20260330001315,2026-03-30 15:50,HMM,유가증권,주주총회소집결의,에이치엠엠
20260330000696,2026-03-30 14:28,선샤인푸드,코스닥,[정정]주주총회소집결의(임시주주총회),선샤인푸드
20260330000709,2026-03-30 14:09,화인써키트,코스닥,주주총회소집결의(임시주주총회),화인써키트
20260327003220,2026-03-27 18:31,셀루메드,코스닥,[정정]주주총회소집결의(임시주주총회),셀루메드
20260327003306,2026-03-27 18:28,인크레더블버즈,코스닥,주주총회소집결의,인크레더블버즈
20260327003082,2026-03-27 18:27,아리바이오홀딩스,코스닥,[정정]주주총회소집결의,아리바이오홀딩스
20260327002946,2026-03-27 17:38,YTN,코스닥,주주총회소집결의(임시주주총회),와이티엔
20260327002429,2026-03-27 16:47,비츠로시스,코스닥,[정정]주주총회소집결의(임시주주총회),비츠로시스
20260327002106,2026-03-27 16:24,광명전기,유가증권,[정정]주주총회소집결의,광명전기
20260327001865,2026-03-27 16:09,엠엑스온,코스닥,[정정]주주총회소집결의,엠엑스온
20260327001711,2026-03-27 15:51,소노스퀘어,코스닥,주주총회소집결의(임시주주총회),소노스퀘어
20260327000936,2026-03-27 14:11,파이버프로,코스닥,주주총회소집결의(임시주주총회),파이버프로
20260327000314,2026-03-27 10:48,로보로보,코스닥,주주총회소집결의,로보로보
20260326003023,2026-03-26 18:22,다이나믹솔루션,코스닥,주주총회소집결의(임시주주총회),다이나믹솔루션
20260326002755,2026-03-26 17:58,롯데케미칼,유가증권,주주총회소집결의,롯데케미칼
20260326003254,2026-03-26 17:55,오름테라퓨틱,코스닥,[정정]주주총회소집결의,오름테라퓨틱
20260326003183,2026-03-26 17:46,에스디시스템,코스닥,주주총회소집결의,에스디시스템
20260326003280,2026-03-26 17:42,중앙첨단소재,코스닥,[정정]주주총회소집결의,중앙첨단소재
20260326002191,2026-03-26 16:47,예스24,코스닥,[정정]주주총회소집결의,예스이십사
20260326001513,2026-03-26 15:41,HL만도,유가증권,[정정]주주총회소집결의,에이치엘만도
20260326000834,2026-03-26 14:29,액트로,코스닥,[정정]주주총회소집결의,액트로
20260326000729,2026-03-26 14:06,핀텔,코스닥,[정정]주주총회소집결의(임시주주총회-철회),핀텔
20260325001024,2026-03-25 16:28,메이슨캐피탈,코스닥,주주총회소집결의,메이슨캐피탈
20260325001003,2026-03-25 16:26,씨엔알리서치,코스닥,주주총회소집결의(임시주주총회),씨엔알리서치
20260325000701,2026-03-25 15:34,대성하이텍,코스닥,[정정]주주총회소집결의,대성하이텍
20260325000292,2026-03-25 11:46,태양,코스닥,[정정]주주총회소집결의,태양
20260325000255,2026-03-25 11:06,에코심플렉스,코스닥,[정정]주주총회소집결의,에코심플렉스
20260324001694,2026-03-24 17:58,오리온홀딩스,유가증권,[정정]주주총회소집결의,오리온홀딩스
20260324001431,2026-03-24 17:19,씨엠티엑스,코스닥,[정정]주주총회소집결의,씨엠티엑스
20260324001304,2026-03-24 16:47,아시아나IDT,유가증권,[정정]주주총회소집결의,아시아나아이디티
20260324000906,2026-03-24 15:44,코렌텍,코스닥,[정정]주주총회소집결의,코렌텍
20260324000739,2026-03-24 15:03,하이로닉,코스닥,[정정]주주총회소집결의,하이로닉
20260324000644,2026-03-24 14:57,우리바이오,코스닥,[정정]주주총회소집결의,우리바이오
20260324000461,2026-03-24 13:56,우리엔터프라이즈,코스닥,[정정]주주총회소집결의,우리엔터프라이즈
20260324000011,2026-03-24 07:32,강원랜드,유가증권,주주총회소집결의,강원랜드
20260323002404,2026-03-23 18:25,씨엑스아이,코스닥,[정정]주주총회소집결의,씨엑스아이헬스케어테크놀리지그룹리미티드
20260323002268,2026-03-23 18:04,수성웹툰,코스닥,주주총회소집결의(임시주주총회),수성웹툰
20260323002243,2026-03-23 17:56,나노,코스닥,[정정]주주총회소집결의,나노
20260323001896,2026-03-23 17:29,아퓨어스,코넥스,[정정]주주총회소집 결의,아퓨어스
20260323001802,2026-03-23 17:25,페이퍼코리아,유가증권,[정정]주주총회소집결의,페이퍼코리아
20260323001877,2026-03-23 17:15,동양고속,유가증권,[정정]주주총회소집결의,동양고속
20260323001708,2026-03-23 17:12,코오롱글로벌,유가증권,[정정]주주총회소집결의,코오롱글로벌
20260323001733,2026-03-23 17:08,미래에셋생명,유가증권,[정정]주주총회소집결의,미래에셋생명보험
20260323001457,2026-03-23 16:35,이수페타시스,유가증권,[정정]주주총회소집결의,이수페타시스
20260323001011,2026-03-23 15:49,조광피혁,유가증권,[정정]주주총회소집결의,조광피혁
20260323000986,2026-03-23 15:46,KISCO홀딩스,유가증권,[정정]주주총회소집결의,KISCO홀딩스
20260323000965,2026-03-23 15:46,한국철강,유가증권,[정정]주주총회소집결의,한국철강
20260323000673,2026-03-23 14:53,대창단조,유가증권,[정정]주주총회소집결의,대창단조
20260323000547,2026-03-23 14:04,한국무브넥스,유가증권,[정정]주주총회소집결의,한국무브넥스
20260323000514,2026-03-23 13:55,플래스크,코스닥,주주총회소집결의(임시주주총회),플래스크
20260323000442,2026-03-23 13:26,골드앤에스,코스닥,주주총회소집결의(임시주주총회),골드앤에스
20260323000306,2026-03-23 11:33,SK아이이테크놀로지,유가증권,[정정]주주총회소집결의,에스케이아이이테크놀로지
20260323000277,2026-03-23 11:29,한국특강,유가증권,[정정]주주총회소집결의,한국특강
20260323000154,2026-03-23 10:24,에이에스텍,코스닥,[정정]주주총회소집결의,에이에스텍
20260320002049,2026-03-20 18:59,아우딘퓨쳐스,코스닥,[정정]주주총회소집결의,아우딘퓨쳐스
20260320001762,2026-03-20 17:42,케이이엠텍,코스닥,[정정]주주총회소집결의,케이이엠텍
20260320001498,2026-03-20 17:15,한국첨단소재,코스닥,주주총회소집결의(임시주주총회),한국첨단소재
20260320001312,2026-03-20 17:14,씨싸이트,코스닥,[정정]주주총회소집결의,씨싸이트
20260320001308,2026-03-20 16:32,진원생명과학,유가증권,주주총회소집결의,진원생명과학
20260320000670,2026-03-20 14:51,프럼파스트,코스닥,[정정]주주총회소집결의,프럼파스트
20260320000629,2026-03-20 14:35,한국종합기술,유가증권,[정정]주주총회소집결의,한국종합기술
20260320000421,2026-03-20 13:19,한진중공업홀딩스,유가증권,[정정]주주총회소집결의,한진중공업홀딩스
20260320000263,2026-03-20 11:00,NICE평가정보,유가증권,[정정]주주총회소집결의,나이스평가정보
20260319002000,2026-03-19 17:55,NPX,코스닥,[정정]주주총회소집결의(임시주주총회),엔피엑스
20260319001971,2026-03-19 17:52,동방,유가증권,[정정]주주총회소집결의,동방
20260319001841,2026-03-19 17:48,대양금속,유가증권,[정정]주주총회소집결의,대양금속
20260319001695,2026-03-19 17:32,한국화장품,유가증권,[정정]주주총회소집결의,한국화장품
20260319001548,2026-03-19 17:14,한국화장품제조,유가증권,[정정]주주총회소집결의,한국화장품제조
20260319001525,2026-03-19 17:08,이수스페셜티케미컬,유가증권,[정정]주주총회소집결의,이수스페셜티케미컬
20260319001338,2026-03-19 16:53,이수화학,유가증권,[정정]주주총회소집결의,이수화학
20260319001420,2026-03-19 16:50,스틱인베스트먼트,유가증권,[정정]주주총회소집결의,스틱인베스트먼트
20260319000950,2026-03-19 15:52,세방전지,유가증권,[정정]주주총회소집결의,세방전지
20260319000562,2026-03-19 14:46,엔켐,코스닥,[정정]주주총회소집결의,엔켐
20260319000557,2026-03-19 14:23,신라교역,유가증권,[정정]주주총회소집결의,신라교역
20260319000463,2026-03-19 14:10,신라에스지,코스닥,[정정]주주총회소집결의,신라에스지
20260319000019,2026-03-19 07:47,아리바이오LAB,코스닥,주주총회소집결의(임시주주총회),아리바이오랩
20260318002229,2026-03-18 18:31,세보엠이씨,코스닥,[정정]주주총회소집결의,세보엠이씨
20260318002293,2026-03-18 18:25,지엔코,코스닥,[정정]주주총회소집결의,지엔코
20260318002030,2026-03-18 18:08,한솔아이원스,코스닥,주주총회소집결의,한솔아이원스
20260318002067,2026-03-18 17:37,케이티스카이라이프,유가증권,[정정]주주총회소집결의,케이티스카이라이프
20260318001781,2026-03-18 17:24,엑시온그룹,코스닥,주주총회소집결의(임시주주총회),엑시온그룹
20260318001885,2026-03-18 17:22,써니전자,유가증권,[정정]주주총회소집결의,써니전자
20260318001743,2026-03-18 17:09,시선AI,코스닥,[정정]주주총회소집결의,시선에이아이
20260318001397,2026-03-18 16:40,셀레믹스,코스닥,[정정]주주총회소집결의,셀레믹스
20260318001020,2026-03-18 16:08,우신시스템,유가증권,[정정]주주총회소집결의,우신시스템
20260318001042,2026-03-18 15:59,테라사이언스,코스닥,[정정]주주총회소집결의,테라사이언스
20260318000871,2026-03-18 15:35,신성이엔지,유가증권,[정정]주주총회소집결의,신성이엔지
20260318000770,2026-03-18 15:16,창대정밀,코넥스,[정정]주주총회소집 결의,창대정밀
20260318000393,2026-03-18 14:12,컬러레이,코스닥,주주총회소집결의,컬러레이홀딩스
20260318000364,2026-03-18 13:38,조이웍스앤코,코스닥,[정정]주주총회소집결의,조이웍스앤코
20260317001316,2026-03-17 18:16,셀레믹스,코스닥,[정정]주주총회소집결의,셀레믹스
20260317001214,2026-03-17 17:58,인지디스플레,코스닥,[정정]주주총회소집결의,인지디스플레이
20260317001211,2026-03-17 17:55,모다이노칩,코스닥,[정정]주주총회소집결의,모다이노칩
20260317001070,2026-03-17 17:10,라온시큐어,코스닥,[정정]주주총회소집결의,라온시큐어
20260317000722,2026-03-17 16:04,대호에이엘,유가증권,주주총회소집결의,대호에이엘
20260317000470,2026-03-17 14:40,동일산업,유가증권,[정정]주주총회소집결의,동일산업
20260317000409,2026-03-17 14:22,금양,유가증권,[정정]주주총회소집결의,금양
20260317000357,2026-03-17 13:47,콜마바이오텍,코스닥,[정정]주주총회소집결의,콜마바이오텍
20260317000354,2026-03-17 13:43,무학,유가증권,[정정]주주총회소집결의,무학
20260317000214,2026-03-17 10:35,솔루엠,유가증권,[정정]주주총회소집결의,솔루엠
20260317000134,2026-03-17 09:38,콜마바이오텍,코스닥,[정정]주주총회소집결의,콜마바이오텍
20260317000094,2026-03-17 09:17,SFA넥셀,코스닥,[정정]주주총회소집결의,에스에프에이넥셀
20260317000015,2026-03-17 07:43,엔시트론,코스닥,주주총회소집결의,엔시트론
20260316002804,2026-03-16 19:52,셀루메드,코스닥,[정정]주주총회소집결의(임시주주총회)),셀루메드
20260316002803,2026-03-16 19:51,셀루메드,코스닥,주주총회소집결의,셀루메드
20260316002807,2026-03-16 19:41,인지디스플레,코스닥,[정정]주주총회소집결의,인지디스플레이
20260316002789,2026-03-16 19:16,베셀,코스닥,주주총회소집결의,베셀
20260316002784,2026-03-16 19:08,엠에프씨,코스닥,[정정]주주총회소집결의,엠에프씨
20260316002755,2026-03-16 19:08,선샤인푸드,코스닥,[정정]주주총회소집결의,선샤인푸드
20260316002781,2026-03-16 19:07,알엔투테크놀로지,코스닥,주주총회소집결의,알엔투테크놀로지
20260316002776,2026-03-16 19:03,다원시스,코스닥,주주총회소집결의,다원시스
20260316002782,2026-03-16 19:01,DKME,유가증권,주주총회소집결의,디케이엠이
20260316002727,2026-03-16 18:53,인지디스플레,코스닥,주주총회소집결의,인지디스플레이
20260316002612,2026-03-16 18:48,브이원텍,코스닥,주주총회소집결의,브이원텍
20260316002360,2026-03-16 18:48,엔브이에이치코리아,코스닥,주주총회소집결의,엔브이에이치코리아
20260316002662,2026-03-16 18:47,바이온,코스닥,주주총회소집결의,바이온
20260316002752,2026-03-16 18:46,FSN,코스닥,주주총회소집결의,에프에스엔
20260316002699,2026-03-16 18:46,액토즈소프트,코스닥,주주총회소집결의,액토즈소프트
20260316002496,2026-03-16 18:46,엔켐,코스닥,주주총회소집결의,엔켐
20260316002730,2026-03-16 18:45,케이이엠텍,코스닥,주주총회소집결의,케이이엠텍
20260316002713,2026-03-16 18:41,DKME,유가증권,주주총회소집결의,디케이엠이
20260316002711,2026-03-16 18:40,에스팀,코스닥,주주총회소집결의,에스팀
20260316002726,2026-03-16 18:38,창대정밀,코넥스,[정정]주주총회소집 결의,창대정밀
20260316002675,2026-03-16 18:38,에코마케팅,코스닥,주주총회소집결의,에코마케팅
20260316002721,2026-03-16 18:35,범한퓨얼셀,코스닥,주주총회소집결의,범한퓨얼셀
20260316002717,2026-03-16 18:34,아우토크립트,코스닥,주주총회소집결의,아우토크립트
20260316002654,2026-03-16 18:24,아우딘퓨쳐스,코스닥,주주총회소집결의,아우딘퓨쳐스
20260316002584,2026-03-16 18:23,엠에스오토텍,코스닥,주주총회소집결의,엠에스오토텍
20260316002575,2026-03-16 18:22,인벤티지랩,코스닥,주주총회소집결의,인벤티지랩
20260316002485,2026-03-16 18:19,셀레믹스,코스닥,주주총회소집결의,셀레믹스
20260316002621,2026-03-16 18:18,엠에프씨,코스닥,주주총회소집결의,엠에프씨
20260316002616,2026-03-16 18:18,아이엘,코스닥,주주총회소집결의,아이엘
20260316002391,2026-03-16 18:17,제이스코홀딩스,코스닥,주주총회소집결의,제이스코홀딩스
20260316002362,2026-03-16 18:17,글로본,코스닥,[정정]주주총회소집결의,글로본
20260316002480,2026-03-16 18:16,이지바이오,코스닥,주주총회소집결의,이지바이오
20260316002356,2026-03-16 18:16,팜스토리,코스닥,주주총회소집결의,팜스토리
20260316002461,2026-03-16 18:15,시큐브,코스닥,주주총회소집결의,시큐브
20260316002330,2026-03-16 18:15,에코캡,코스닥,주주총회소집결의,에코캡
20260316002284,2026-03-16 18:14,차바이오텍,코스닥,주주총회소집결의,차바이오텍
20260316002562,2026-03-16 18:12,드래곤플라이,코스닥,주주총회소집결의,드래곤플라이
20260316002431,2026-03-16 18:12,앤로보틱스,코스닥,주주총회소집결의,앤로보틱스
20260316002229,2026-03-16 18:11,아크솔루션스,코스닥,주주총회소집결의,아크솔루션스
20260316002370,2026-03-16 18:08,코퍼스코리아,코스닥,주주총회소집결의,코퍼스코리아
20260316002581,2026-03-16 18:06,솔루엠,유가증권,주주총회소집결의,솔루엠
20260316002499,2026-03-16 18:06,파라택시스코리아,코스닥,주주총회소집결의,파라택시스 코리아
20260316002283,2026-03-16 18:06,삐아,코스닥,주주총회소집결의(임시주주총회),삐아
20260316002241,2026-03-16 18:04,대보마그네틱,코스닥,주주총회소집결의,대보마그네틱
20260316002137,2026-03-16 18:03,대진첨단소재,코스닥,주주총회소집결의,대진첨단소재
20260316002235,2026-03-16 18:01,서진시스템,코스닥,주주총회소집결의,서진시스템
20260316002481,2026-03-16 18:00,블루산업개발,유가증권,[정정]주주총회소집결의,블루산업개발
20260316002510,2026-03-16 17:59,와이바이오로직스,코스닥,주주총회소집결의,와이바이오로직스
20260316002458,2026-03-16 17:59,세원물산,코스닥,주주총회소집결의,세원물산
20260316002438,2026-03-16 17:58,나노실리칸첨단소재,코스닥,[정정]주주총회소집결의,나노실리칸첨단소재
20260316002280,2026-03-16 17:58,비츠로테크,코스닥,주주총회소집결의,비츠로테크
20260316002440,2026-03-16 17:57,하이퍼코퍼레이션,코스닥,주주총회소집결의,하이퍼코퍼레이션
20260316002415,2026-03-16 17:56,화인베스틸,유가증권,[정정]주주총회소집결의,화인베스틸
20260316002349,2026-03-16 17:56,켄코아에어로스페이스,코스닥,주주총회소집결의,켄코아에어로스페이스
20260316002339,2026-03-16 17:56,리파인,코스닥,주주총회소집결의,리파인
20260316002245,2026-03-16 17:56,엔투텍,코스닥,주주총회소집결의,엔투텍
20260316002186,2026-03-16 17:56,카이노스메드,코스닥,주주총회소집결의,카이노스메드
20260316002113,2026-03-16 17:55,자연과환경,코스닥,주주총회소집결의,자연과환경
20260316002151,2026-03-16 17:54,앱튼,코스닥,주주총회소집결의,앱튼
20260316001903,2026-03-16 17:54,넥스턴앤롤코리아,코스닥,주주총회소집결의,넥스턴앤롤코리아
20260316002180,2026-03-16 17:52,콜마바이오텍,코스닥,주주총회소집결의,콜마바이오텍
20260316002232,2026-03-16 17:51,엘브이엠씨,유가증권,주주총회소집결의,엘브이엠씨홀딩스
20260316002171,2026-03-16 17:51,메타바이오메드,코스닥,주주총회소집결의,메타바이오메드
20260316002108,2026-03-16 17:51,다보링크,코스닥,[정정]주주총회소집결의,다보링크
20260316002428,2026-03-16 17:50,자이글,코스닥,[정정]주주총회소집결의,자이글
20260316002138,2026-03-16 17:49,폴라리스오피스,코스닥,주주총회소집결의,폴라리스오피스
20260316002343,2026-03-16 17:48,피노,코스닥,주주총회소집결의,피노
20260316002129,2026-03-16 17:48,삼보산업,코스닥,주주총회소집결의,삼보산업
20260316002384,2026-03-16 17:47,인콘,코스닥,[정정]주주총회소집결의,인콘
20260316002366,2026-03-16 17:46,플럼라인생명과학,코넥스,주주총회소집 결의,플럼라인생명과학
20260316001902,2026-03-16 17:46,피아이이,코스닥,[정정]주주총회소집결의,피아이이
20260316001926,2026-03-16 17:45,이지홀딩스,코스닥,주주총회소집결의,이지홀딩스
20260316001897,2026-03-16 17:45,BF랩스,코스닥,주주총회소집결의,비에프랩스
20260316002199,2026-03-16 17:43,케이씨씨,유가증권,[정정]주주총회소집결의,케이씨씨
20260316001869,2026-03-16 17:43,다원넥스뷰,코스닥,주주총회소집결의,다원넥스뷰
20260316002327,2026-03-16 17:42,케이바이오랩스,코스닥,[정정]주주총회소집결의,케이바이오랩스
20260316002301,2026-03-16 17:42,세븐브로이맥주,코넥스,주주총회소집 결의,세븐브로이맥주
20260316002208,2026-03-16 17:42,화승알앤에이,유가증권,주주총회소집결의,화승알앤에이
20260316002065,2026-03-16 17:41,싸이버원,코스닥,주주총회소집결의,싸이버원
20260316001901,2026-03-16 17:41,에이에스텍,코스닥,주주총회소집결의,에이에스텍
20260316002069,2026-03-16 17:40,캐리,코스닥,주주총회소집결의,캐리
20260316002158,2026-03-16 17:38,SK바이오사이언스,유가증권,[정정]주주총회소집결의,에스케이바이오사이언스
20260316001862,2026-03-16 17:38,코세스,코스닥,주주총회소집결의,코세스
20260316002236,2026-03-16 17:37,비츠로넥스텍,코스닥,주주총회소집결의,비츠로넥스텍
20260316002084,2026-03-16 17:36,유나이티드,유가증권,[정정]주주총회소집결의,한국유나이티드제약
20260316002012,2026-03-16 17:34,에이프로젠,유가증권,[정정]주주총회소집결의,에이프로젠
20260316001783,2026-03-16 17:34,NICE인프라,코스닥,[정정]주주총회소집결의,NICE인프라
20260316002224,2026-03-16 17:33,핑거,코스닥,주주총회소집결의,㈜핑거
20260316001760,2026-03-16 17:30,루트K,코스닥,주주총회소집결의,루트케이
20260316002191,2026-03-16 17:28,글로벌에스엠,코스닥,주주총회소집결의,글로벌에스엠테크리미티드
20260316001989,2026-03-16 17:28,ES큐브,코스닥,주주총회소집결의,ES큐브
20260316001968,2026-03-16 17:27,KTcs,유가증권,[정정]주주총회소집결의,케이티씨에스
20260316002079,2026-03-16 17:26,피플바이오,코스닥,주주총회소집결의,피플바이오
20260316002033,2026-03-16 17:22,젝시믹스,코스닥,주주총회소집결의,젝시믹스
20260316002090,2026-03-16 17:21,리튬포어스,코스닥,[정정]주주총회소집결의,리튬포어스
20260316002089,2026-03-16 17:21,알피바이오,코스닥,주주총회소집결의,알피바이오
20260316002049,2026-03-16 17:21,조선선재,유가증권,주주총회소집결의,조선선재
20260316001963,2026-03-16 17:20,제이에스링크,코스닥,주주총회소집결의,제이에스링크
20260316001700,2026-03-16 17:20,더코디,코스닥,[정정]주주총회소집결의,더코디
20260316002041,2026-03-16 17:19,CS홀딩스,유가증권,주주총회소집결의,CS 홀딩스
20260316001964,2026-03-16 17:18,머니무브,코넥스,주주총회소집 결의,머니무브
20260316001922,2026-03-16 17:17,일승,코스닥,주주총회소집결의,일승
20260316001758,2026-03-16 17:16,스코넥,코스닥,주주총회소집결의,스코넥엔터테인먼트
20260316001971,2026-03-16 17:15,자이글,코스닥,주주총회소집결의,자이글
20260316001751,2026-03-16 17:15,유에스티,코스닥,주주총회소집결의,유에스티
20260316001684,2026-03-16 17:15,케이엠제약,코스닥,주주총회소집결의,케이엠제약
20260316001889,2026-03-16 17:14,비보존 제약,코스닥,주주총회소집결의,비보존제약
20260316001855,2026-03-16 17:14,셀피글로벌,코스닥,주주총회소집결의,셀피글로벌
20260316001867,2026-03-16 17:13,다산디엠씨,코스닥,주주총회소집결의,다산디엠씨
20260316001990,2026-03-16 17:12,플래스크,코스닥,주주총회소집결의,플래스크
20260316001682,2026-03-16 17:12,아이로보틱스,코스닥,주주총회소집결의,아이로보틱스
20260316001678,2026-03-16 17:12,제일엠앤에스,코스닥,주주총회소집결의,제일엠앤에스
20260316001923,2026-03-16 17:11,대산F&B,코스닥,주주총회소집결의,대산에프앤비
20260316001888,2026-03-16 17:11,옵티코어,코스닥,주주총회소집결의,옵티코어
20260316001628,2026-03-16 17:11,LSK아이로봇,코스닥,주주총회소집결의,엘에스케이아이로봇
20260316001720,2026-03-16 17:10,네오리진,코스닥,주주총회소집결의,네오리진
20260316001340,2026-03-16 17:10,에스피시스템스,코스닥,주주총회소집결의,에스피시스템스
20260316001961,2026-03-16 17:09,STX,유가증권,주주총회소집결의,STX
20260316001890,2026-03-16 17:09,엔더블유시,코넥스,주주총회소집 결의,엔더블유시
20260316001791,2026-03-16 17:09,KG케미칼,유가증권,[정정]주주총회소집결의,KG케미칼
20260316001681,2026-03-16 17:09,SFA반도체,코스닥,주주총회소집결의,에스에프에이반도체
20260316001623,2026-03-16 17:09,TS트릴리온,코스닥,주주총회소집결의,티에스트릴리온
20260316001610,2026-03-16 17:08,해성옵틱스,코스닥,주주총회소집결의,해성옵틱스
20260316001713,2026-03-16 17:07,큐라티스,코스닥,[정정]주주총회소집결의,큐라티스
20260316001679,2026-03-16 17:07,애드바이오텍,코스닥,주주총회소집결의,애드바이오텍
20260316001911,2026-03-16 17:06,CJ씨푸드,유가증권,주주총회소집결의,CJ씨푸드
20260316001798,2026-03-16 17:04,씨씨에스,코스닥,주주총회소집결의,씨씨에스충북방송
20260316001788,2026-03-16 17:04,페이퍼코리아,유가증권,주주총회소집결의,페이퍼코리아
20260316001755,2026-03-16 17:04,빌리언스,코스닥,[정정]주주총회소집결의,빌리언스
20260316001689,2026-03-16 17:03,NICE,유가증권,주주총회소집결의,NICE홀딩스
20260316001593,2026-03-16 17:03,오션인더블유,코스닥,주주총회소집결의,오션인더블유
20260316001554,2026-03-16 17:00,광명전기,유가증권,주주총회소집결의,광명전기
20260316001674,2026-03-16 16:57,블랙야크아이앤씨,코스닥,주주총회소집결의,블랙야크아이앤씨
20260316001612,2026-03-16 16:57,애니플러스,코스닥,[정정]주주총회소집결의,애니플러스
20260316001240,2026-03-16 16:57,디와이디,코스닥,주주총회소집결의,디와이디
20260316001286,2026-03-16 16:56,얼라인드,코스닥,주주총회소집결의,얼라인드제네틱스
20260316001686,2026-03-16 16:55,CSA 코스믹,코스닥,[정정]주주총회소집결의,씨에스에이코스믹
20260316001718,2026-03-16 16:54,대호에이엘,유가증권,주주총회소집결의,대호에이엘
20260316001652,2026-03-16 16:52,블루산업개발,유가증권,[정정]주주총회소집결의,블루산업개발
20260316001667,2026-03-16 16:50,아이윈,코스닥,주주총회소집결의,아이윈
20260316001626,2026-03-16 16:50,남선알미늄,유가증권,주주총회소집결의,남선알미늄
20260316001650,2026-03-16 16:49,SFA넥셀,코스닥,주주총회소집결의,에스에프에이넥셀
20260316001595,2026-03-16 16:46,노브랜드,코스닥,주주총회소집결의,노브랜드
20260316001637,2026-03-16 16:43,창대정밀,코넥스,주주총회소집 결의,창대정밀
20260316001563,2026-03-16 16:42,씨앤지하이테크,코스닥,주주총회소집결의,씨앤지하이테크
20260316001299,2026-03-16 16:41,THE E&M,코스닥,주주총회소집결의,더이앤엠
20260316001486,2026-03-16 16:35,엑시온그룹,코스닥,주주총회소집결의,엑시온그룹
20260316001471,2026-03-16 16:35,이엔플러스,유가증권,주주총회소집결의,이엔플러스
20260316001425,2026-03-16 16:34,진코스텍,코넥스,주주총회소집 결의,진코스텍
20260316001190,2026-03-16 16:34,한울반도체,코스닥,주주총회소집결의,한울반도체
20260316001544,2026-03-16 16:33,한국특강,유가증권,주주총회소집결의,한국특강
20260316001279,2026-03-16 16:28,제일일렉트릭,코스닥,주주총회소집결의,제일일렉트릭
20260316001481,2026-03-16 16:24,휴마시스,코스닥,[정정]주주총회소집결의,휴마시스
20260316001397,2026-03-16 16:24,체시스,유가증권,주주총회소집결의,체시스
20260316001390,2026-03-16 16:23,케이티,유가증권,[정정]주주총회소집결의,케이티
20260316001367,2026-03-16 16:23,에이치피오,코스닥,주주총회소집결의,에이치피오
20260316001487,2026-03-16 16:22,인지컨트롤스,유가증권,주주총회소집결의,인지컨트롤스
20260316001411,2026-03-16 16:20,티에프이,코스닥,주주총회소집결의,티에프이
20260316001370,2026-03-16 16:20,드림씨아이에스,코스닥,주주총회소집결의,드림씨아이에스
20260316001346,2026-03-16 16:20,이오테크닉스,코스닥,주주총회소집결의,이오테크닉스
20260316001216,2026-03-16 16:19,스튜디오산타클로스,코스닥,주주총회소집결의,로아앤코홀딩스
20260316001341,2026-03-16 16:18,웨이브일렉트로,코스닥,주주총회소집결의,웨이브일렉트로닉스
20260316001337,2026-03-16 16:18,다산솔루에타,코스닥,주주총회소집결의,다산솔루에타
20260316001385,2026-03-16 16:15,푸드나무,코스닥,주주총회소집결의,푸드나무
20260316001329,2026-03-16 16:15,SCL사이언스,코스닥,주주총회소집결의,에스씨엘사이언스
20260316001321,2026-03-16 16:15,모아라이프플러스,코스닥,주주총회소집결의,모아라이프플러스
20260316001301,2026-03-16 16:15,와이엠티,코스닥,주주총회소집결의,와이엠티
20260316001292,2026-03-16 16:15,본시스템즈,코넥스,[정정]주주총회소집 결의,본시스템즈
20260316001150,2026-03-16 16:15,갤럭시아머니트리,코스닥,주주총회소집결의,갤럭시아머니트리
20260316001417,2026-03-16 16:13,STX엔진,유가증권,주주총회소집결의,STX엔진
20260316001373,2026-03-16 16:12,DH오토넥스,유가증권,[정정]주주총회소집결의,디에이치오토넥스
20260316001274,2026-03-16 16:12,덕산테코피아,코스닥,주주총회소집결의,덕산테코피아
20260316001237,2026-03-16 16:12,씨앗,코넥스,주주총회소집 결의,씨앗
20260316001181,2026-03-16 16:12,JK리버스톤리츠,유가증권,[정정]주주총회소집결의,제이케이리버스톤자기관리부동산투자회사
20260316001138,2026-03-16 16:10,DH오토웨어,코스닥,주주총회소집결의,디에이치오토웨어
20260316001106,2026-03-16 16:09,프롬바이오,코스닥,주주총회소집결의,프롬바이오
20260316001199,2026-03-16 16:08,이원컴포텍,코스닥,주주총회소집결의,이원컴포텍
20260316001332,2026-03-16 16:07,알파AI,코스닥,주주총회소집결의,알파에이아이
20260316001344,2026-03-16 16:06,세진중공업,유가증권,주주총회소집결의,세진중공업
20260316001189,2026-03-16 16:06,나노엔텍,코스닥,주주총회소집결의,나노엔텍
20260316001218,2026-03-16 16:04,미래아이앤지,유가증권,주주총회소집결의,미래아이앤지
20260316001062,2026-03-16 16:02,덕우전자,코스닥,주주총회소집결의,덕우전자
20260316001236,2026-03-16 16:01,아시아경제,코스닥,주주총회소집결의,아시아경제
20260316001107,2026-03-16 16:01,SNT모티브,유가증권,주주총회소집결의,SNT모티브
20260316001278,2026-03-16 16:00,엣지파운드리,코스닥,주주총회소집결의,엣지파운드리
20260316001271,2026-03-16 16:00,넥사다이내믹스,코스닥,주주총회소집결의,넥사다이내믹스
20260316001078,2026-03-16 15:59,한울소재과학,코스닥,주주총회소집결의,한울소재과학
20260316001164,2026-03-16 15:55,그리드위즈,코스닥,주주총회소집결의,그리드위즈
20260316001203,2026-03-16 15:54,삼일씨엔에스,유가증권,주주총회소집결의,삼일씨엔에스
20260316001046,2026-03-16 15:54,글로벌텍스프리,코스닥,주주총회소집결의,글로벌텍스프리
20260316001176,2026-03-16 15:53,그린플러스,코스닥,주주총회소집결의,그린플러스
20260316001182,2026-03-16 15:51,휴젤,코스닥,주주총회소집결의,휴젤
20260316001165,2026-03-16 15:49,동일제강,유가증권,주주총회소집결의,동일제강
20260316001141,2026-03-16 15:49,DB,유가증권,주주총회소집결의,DB Inc.
20260316001139,2026-03-16 15:47,현대사료,코스닥,주주총회소집결의,현대사료
20260316001097,2026-03-16 15:47,알비더블유,코스닥,주주총회소집결의,알비더블유
20260316001041,2026-03-16 15:40,일진디스플,유가증권,주주총회소집결의,일진디스플레이
20260316001061,2026-03-16 15:37,포커스에이아이,코스닥,주주총회소집결의,포커스에이아이
20260316000983,2026-03-16 15:34,삼목에스폼,코스닥,주주총회소집결의,삼목에스폼
20260316001013,2026-03-16 15:32,애드포러스,코스닥,주주총회소집결의,애드포러스
20260316000966,2026-03-16 15:31,동구바이오제약,코스닥,주주총회소집결의,동구바이오제약
20260316000995,2026-03-16 15:28,리브스메드,코스닥,주주총회소집결의,리브스메드
20260316000956,2026-03-16 15:28,토박스코리아,코스닥,주주총회소집결의,토박스코리아
20260316000953,2026-03-16 15:27,썸에이지,코스닥,주주총회소집결의,썸에이지
20260316000940,2026-03-16 15:27,하림지주,코스닥,[정정]주주총회소집결의,하림지주
20260316000962,2026-03-16 15:26,씨엔플러스,코스닥,주주총회소집결의,씨엔플러스
20260316000917,2026-03-16 15:26,태성,코스닥,주주총회소집결의,태성
20260316000912,2026-03-16 15:26,대화제약,코스닥,주주총회소집결의,대화제약
20260316000969,2026-03-16 15:24,퓨쳐메디신,코넥스,주주총회소집 결의,퓨쳐메디신
20260316000943,2026-03-16 15:24,화승코퍼레이션,유가증권,주주총회소집결의,화승코퍼레이션
20260316000733,2026-03-16 15:24,비엘팜텍,코스닥,주주총회소집결의,비엘팜텍
20260316000959,2026-03-16 15:22,동방선기,코스닥,주주총회소집결의,동방선기
20260316000965,2026-03-16 15:21,대구백화점,유가증권,주주총회소집결의,대구백화점
20260316000963,2026-03-16 15:20,조이웍스앤코,코스닥,주주총회소집결의,조이웍스앤코
20260316000900,2026-03-16 15:19,셀바이오휴먼텍,코스닥,[정정]주주총회소집결의,셀바이오휴먼텍
20260316000945,2026-03-16 15:16,대성하이텍,코스닥,주주총회소집결의,대성하이텍
20260316000841,2026-03-16 15:16,금양,유가증권,주주총회소집결의,금양
20260316000920,2026-03-16 15:14,노브메타파마,코넥스,주주총회소집 결의,노브메타파마
20260316000906,2026-03-16 15:10,위너스일렉,코스닥,주주총회소집결의,위너스일렉
20260316000768,2026-03-16 15:10,한전KPS,유가증권,[정정]주주총회소집결의,한전KPS
20260316000812,2026-03-16 15:06,흥국에프엔비,코스닥,주주총회소집결의,흥국에프엔비
20260316000796,2026-03-16 15:06,틸론,코넥스,주주총회소집 결의,틸론
20260316000779,2026-03-16 15:03,청담글로벌,코스닥,[정정]주주총회소집결의,청담글로벌
20260316000784,2026-03-16 15:00,태양3C,코넥스,주주총회소집 결의,태양3C
20260316000736,2026-03-16 14:56,에스엠국일,코스닥,[정정]주주총회소집결의,에스엠국일
20260316000720,2026-03-16 14:54,미래에셋증권,유가증권,[정정]주주총회소집결의,미래에셋증권
20260316000717,2026-03-16 14:50,소노스퀘어,코스닥,주주총회소집결의,소노스퀘어
20260316000698,2026-03-16 14:49,코스나인,코스닥,주주총회소집결의,코스나인
20260316000758,2026-03-16 14:47,이화공영,코스닥,주주총회소집결의,이화공영
20260316000686,2026-03-16 14:47,알테오젠,코스닥,주주총회소집결의,알테오젠
20260316000653,2026-03-16 14:47,스타코링크,코스닥,주주총회소집결의,스타코링크
20260316000667,2026-03-16 14:46,극동유화,유가증권,주주총회소집결의,극동유화
20260316000723,2026-03-16 14:41,SFA,코스닥,주주총회소집결의,에스에프에이
20260316000701,2026-03-16 14:35,광무,코스닥,주주총회소집결의,광무
20260316000576,2026-03-16 14:35,이노시뮬레이션,코스닥,주주총회소집결의,이노시뮬레이션
20260316000670,2026-03-16 14:34,풍원정밀,코스닥,주주총회소집결의,풍원정밀
20260316000656,2026-03-16 14:32,중앙첨단소재,코스닥,주주총회소집결의,중앙첨단소재
20260316000626,2026-03-16 14:32,노타,코스닥,주주총회소집결의,노타
20260316000617,2026-03-16 14:32,이삭엔지니어링,코스닥,주주총회소집결의,이삭엔지니어링
20260316000664,2026-03-16 14:29,화인베스틸,유가증권,주주총회소집결의,화인베스틸
20260316000606,2026-03-16 14:27,비덴트,코스닥,주주총회소집결의,비덴트
20260316000603,2026-03-16 14:27,인베니아,코스닥,주주총회소집결의,인베니아
20260316000647,2026-03-16 14:26,씨아이테크,유가증권,[정정]주주총회소집결의,씨아이테크
20260316000614,2026-03-16 14:23,유비씨,코넥스,주주총회소집 결의,유비씨
20260316000631,2026-03-16 14:19,아이에스티이,코스닥,[정정]주주총회소집결의,아이에스티이
20260316000550,2026-03-16 14:19,HC홈센타,코스닥,주주총회소집결의,에이치씨홈센타
20260316000602,2026-03-16 14:16,옵트론텍,코스닥,주주총회소집결의,옵트론텍
20260316000599,2026-03-16 14:12,현대에이치티,코스닥,주주총회소집결의,현대에이치티
20260316000579,2026-03-16 14:12,큐엠씨,코넥스,주주총회소집 결의,큐엠씨
20260316000552,2026-03-16 14:12,HC보광산업,코스닥,주주총회소집결의,에이치씨보광산업
20260316000568,2026-03-16 14:10,대양전기공업,코스닥,주주총회소집결의,대양전기공업
20260316000561,2026-03-16 14:10,피엔케이피부임상연구센타,코스닥,주주총회소집결의,피엔케이피부임상연구센타
20260316000569,2026-03-16 14:09,SKAI,코스닥,주주총회소집결의,스카이월드와이드
20260316000539,2026-03-16 14:09,이노인스트루먼트,코스닥,주주총회소집결의,이노인스트루먼트
20260316000505,2026-03-16 14:06,솔디펜스,코스닥,주주총회소집결의,솔디펜스
20260316000502,2026-03-16 14:04,이엠넷,코스닥,주주총회소집결의,이엠넷
20260316000496,2026-03-16 14:04,코미코,코스닥,주주총회소집결의,코미코
20260316000534,2026-03-16 14:01,아이엠,코스닥,주주총회소집결의,아이엠
20260316000536,2026-03-16 14:00,아이엠지티,코넥스,주주총회소집 결의,아이엠지티
20260316000522,2026-03-16 13:59,루켄테크놀러지스,코넥스,주주총회소집 결의,루켄테크놀러지스
20260316000535,2026-03-16 13:57,티에스아이,코스닥,[정정]주주총회소집결의,티에스아이
20260316000485,2026-03-16 13:57,에스티오,코스닥,주주총회소집결의(임시주주총회),㈜에스티오
20260316000526,2026-03-16 13:52,압타바이오,코스닥,[정정]주주총회소집결의,압타바이오
20260316000497,2026-03-16 13:51,피엠티,코스닥,주주총회소집결의,피엠티
20260316000482,2026-03-16 13:50,가이아코퍼레이션,코넥스,주주총회소집 결의,가이아코퍼레이션
20260316000503,2026-03-16 13:48,버킷스튜디오,코스닥,주주총회소집결의,버킷스튜디오
20260316000442,2026-03-16 13:45,킵스파마,코스닥,[정정]주주총회소집결의,킵스바이오파마
20260316000425,2026-03-16 13:38,퀀타매트릭스,코스닥,주주총회소집결의,퀀타매트릭스
20260316000416,2026-03-16 13:37,인바이오젠,유가증권,주주총회소집결의,인바이오젠
20260316000438,2026-03-16 13:36,엔에스컴퍼니,코넥스,주주총회소집 결의,엔에스컴퍼니
20260316000421,2026-03-16 13:31,유비벨록스,코스닥,[정정]주주총회소집결의,유비벨록스
20260316000400,2026-03-16 13:30,뉴파워프라즈마,코스닥,주주총회소집결의,뉴파워프라즈마
20260316000393,2026-03-16 13:11,그린광학,코스닥,주주총회소집결의,그린광학
20260316000410,2026-03-16 13:09,스타플렉스,코스닥,주주총회소집결의,스타플렉스
20260316000396,2026-03-16 13:09,남광토건,유가증권,주주총회소집결의,남광토건
20260316000391,2026-03-16 13:00,AK홀딩스,유가증권,[정정]주주총회소집결의,AK홀딩스
20260316000378,2026-03-16 12:50,그래디언트,코스닥,주주총회소집결의,그래디언트
20260316000377,2026-03-16 12:42,무학,유가증권,주주총회소집결의,무학
20260316000372,2026-03-16 12:36,티웨이홀딩스,유가증권,주주총회소집결의,티웨이홀딩스
20260316000362,2026-03-16 12:22,원준,코스닥,주주총회소집결의,원준
20260316000328,2026-03-16 11:59,청담글로벌,코스닥,주주총회소집결의,청담글로벌
20260316000327,2026-03-16 11:54,엔케이,유가증권,주주총회소집결의,엔케이
20260316000302,2026-03-16 11:52,오르비텍,코스닥,[정정]주주총회소집결의,오르비텍
20260316000330,2026-03-16 11:49,아고스,코스닥,주주총회소집결의,아고스
20260316000319,2026-03-16 11:38,성원에너텍,코스닥,주주총회소집결의(임시주주총회),성원에너텍
20260316000307,2026-03-16 11:34,엔케이젠바이오텍코리아,코스닥,주주총회소집결의,엔케이젠바이오텍코리아
20260316000309,2026-03-16 11:32,글로본,코스닥,주주총회소집결의,글로본
20260316000292,2026-03-16 11:32,티에스넥스젠,코스닥,주주총회소집결의,티에스넥스젠
20260316000317,2026-03-16 11:31,이엠앤아이,코스닥,주주총회소집결의,이엠앤아이
20260316000287,2026-03-16 11:29,아진산업,코스닥,주주총회소집결의,아진산업
20260316000301,2026-03-16 11:26,성원에너텍,코스닥,[정정]주주총회소집결의,성원에너텍
20260316000283,2026-03-16 11:21,대주이엔티,코넥스,주주총회소집 결의,대주이엔티
20260316000268,2026-03-16 11:14,크레오에스지,코스닥,주주총회소집결의,크레오에스지
20260316000255,2026-03-16 11:13,씨앤씨인터내셔널,코스닥,주주총회소집결의,씨앤씨인터내셔널
20260316000235,2026-03-16 10:55,수산인더스트리,유가증권,주주총회소집결의,수산인더스트리
20260316000225,2026-03-16 10:51,멀티캠퍼스,코스닥,[정정]주주총회소집결의,멀티캠퍼스
20260316000166,2026-03-16 10:41,딥노이드,코스닥,[정정]주주총회소집결의,딥노이드
20260316000206,2026-03-16 10:36,판도라티비,코넥스,주주총회소집 결의,판도라티비
20260316000193,2026-03-16 10:34,블루탑,코넥스,주주총회소집 결의,블루탑
20260316000162,2026-03-16 10:13,토비스,코스닥,주주총회소집결의(임시주주총회),토비스
20260316000148,2026-03-16 10:08,서진오토모티브,코스닥,주주총회소집결의,서진오토모티브
20260313002324,2026-03-13 19:23,DH오토리드,코스닥,[정정]주주총회소집결의,디에이치오토리드
20260313002302,2026-03-13 19:00,삼영엠텍,코스닥,[정정]주주총회소집결의,삼영엠텍
20260313002315,2026-03-13 18:59,슈피겐코리아,코스닥,주주총회소집결의,슈피겐코리아
20260313002297,2026-03-13 18:47,노머스,코스닥,주주총회소집결의,노머스
20260313002140,2026-03-13 18:44,야스,코스닥,[정정]주주총회소집결의,야스
20260313002059,2026-03-13 18:41,하이로닉,코스닥,주주총회소집결의,하이로닉
20260313002285,2026-03-13 18:34,블루엠텍,코스닥,주주총회소집결의,블루엠텍
20260313002283,2026-03-13 18:34,블루산업개발,유가증권,주주총회소집결의,블루산업개발
20260313002212,2026-03-13 18:18,아톤,코스닥,주주총회소집결의,아톤
20260313002193,2026-03-13 18:17,위지트,코스닥,주주총회소집결의,위지트
20260313002205,2026-03-13 18:11,선샤인푸드,코스닥,주주총회소집결의,선샤인푸드
20260313002149,2026-03-13 18:10,웰킵스하이텍,코스닥,주주총회소집결의,웰킵스하이텍
20260313002228,2026-03-13 18:08,인바이츠바이오코아,코넥스,주주총회소집 결의,인바이츠바이오코아
20260313002183,2026-03-13 18:08,인피니트헬스케어,코스닥,주주총회소집결의,인피니트헬스케어
20260313002000,2026-03-13 18:08,태광산업,유가증권,[정정]주주총회소집결의,태광산업
20260313002141,2026-03-13 18:06,디에이치엑스컴퍼니,코스닥,[정정]주주총회소집결의,디에이치엑스컴퍼니
20260313001927,2026-03-13 18:06,팅크웨어,코스닥,[정정]주주총회소집결의,팅크웨어
20260313002095,2026-03-13 18:05,에이프로,코스닥,주주총회소집결의,에이프로
20260313002062,2026-03-13 18:04,디와이피엔에프,코스닥,[정정]주주총회소집결의,디와이피엔에프
20260313002169,2026-03-13 18:02,롤링스톤,코스닥,주주총회소집결의,롤링스톤
20260313002142,2026-03-13 18:00,CG인바이츠,코스닥,주주총회소집결의,씨지인바이츠
20260313002129,2026-03-13 17:54,모나리자,유가증권,[정정]주주총회소집결의,모나리자
20260313002070,2026-03-13 17:51,엠케이전자,코스닥,주주총회소집결의,엠케이전자
20260313002146,2026-03-13 17:50,알에프세미,코스닥,주주총회소집결의,알에프세미
20260313001959,2026-03-13 17:44,유비벨록스,코스닥,[정정]주주총회소집결의,유비벨록스
20260313001890,2026-03-13 17:41,디에이피,코스닥,주주총회소집결의,디에이피
20260313001881,2026-03-13 17:40,우림피티에스,코스닥,주주총회소집결의,우림피티에스
20260313002051,2026-03-13 17:39,덕양에너젠,코스닥,주주총회소집결의,덕양에너젠
20260313002039,2026-03-13 17:39,아이비젼웍스,코스닥,주주총회소집결의,아이비젼웍스
20260313002008,2026-03-13 17:35,마이크로디지탈,코스닥,주주총회소집결의,마이크로디지탈
20260313001925,2026-03-13 17:34,상신이디피,코스닥,주주총회소집결의,상신이디피
20260313001514,2026-03-13 17:32,엠아이큐브솔루션,코스닥,주주총회소집결의,엠아이큐브솔루션
20260313001999,2026-03-13 17:31,쓰리에이로직스,코스닥,주주총회소집결의,쓰리에이로직스
20260313001865,2026-03-13 17:28,테라뷰,코스닥,[정정]주주총회소집결의,테라뷰홀딩스
20260313001988,2026-03-13 17:27,파라텍,코스닥,주주총회소집결의,파라텍
20260313001912,2026-03-13 17:27,에스아이리소스,코스닥,[정정]주주총회소집결의(임시주주총회),에스아이리소스
20260313001961,2026-03-13 17:25,휴림로봇,코스닥,주주총회소집결의,휴림로봇
20260313001920,2026-03-13 17:23,골프존홀딩스,코스닥,[정정]주주총회소집결의,골프존홀딩스
20260313001931,2026-03-13 17:22,비비안,유가증권,주주총회소집결의,비비안
20260313001851,2026-03-13 17:20,아이진,코스닥,[정정]주주총회소집결의,아이진
20260313001664,2026-03-13 17:20,엠엑스온,코스닥,주주총회소집결의,엠엑스온
20260313001764,2026-03-13 17:19,키네마스터,코스닥,주주총회소집결의,키네마스터
20260313001656,2026-03-13 17:18,유틸렉스,코스닥,주주총회소집결의,유틸렉스
20260313001739,2026-03-13 17:11,킵스파마,코스닥,주주총회소집결의,킵스바이오파마
20260313001830,2026-03-13 17:09,성일하이텍,코스닥,주주총회소집결의,성일하이텍
20260313001063,2026-03-13 17:09,비비씨,코스닥,주주총회소집결의,비비씨
20260313001777,2026-03-13 17:07,좋은사람들,코스닥,주주총회소집결의,좋은사람들
20260313001630,2026-03-13 17:01,에이프로젠바이오로직스,유가증권,[정정]주주총회소집결의,에이프로젠바이오로직스
20260313001718,2026-03-13 16:58,디알텍,코스닥,주주총회소집결의,디알텍
20260313001628,2026-03-13 16:55,스튜디오미르,코스닥,주주총회소집결의,스튜디오미르
20260313001527,2026-03-13 16:55,바른손이앤에이,코스닥,[정정]주주총회소집결의,바른손이앤에이
20260313001593,2026-03-13 16:54,빛과전자,코스닥,[정정]주주총회소집결의,빛과전자
20260313001601,2026-03-13 16:49,노을,코스닥,주주총회소집결의,노을
20260313001543,2026-03-13 16:44,제이브이엠,코스닥,주주총회소집결의,제이브이엠
20260313001432,2026-03-13 16:40,다우데이타,코스닥,주주총회소집결의,다우데이타
20260313001508,2026-03-13 16:38,유티아이,코스닥,주주총회소집결의,유티아이
20260313001481,2026-03-13 16:38,이지스레지던스리츠,유가증권,주주총회소집결의,이지스레지던스위탁관리부동산투자회사
20260313001317,2026-03-13 16:36,부방,코스닥,주주총회소집결의,부방
20260313001426,2026-03-13 16:34,앱토크롬,코스닥,[정정]주주총회소집결의,앱토크롬
20260313001453,2026-03-13 16:30,뉴온,코스닥,주주총회소집결의,뉴온
20260313001431,2026-03-13 16:29,갤럭시아에스엠,유가증권,주주총회소집결의,갤럭시아 에스엠
20260313001385,2026-03-13 16:26,아이톡시,코스닥,주주총회소집결의,아이톡시
20260313001483,2026-03-13 16:25,소프트센,코스닥,[정정]주주총회소집결의,소프트센
20260313001452,2026-03-13 16:24,더라미,코스닥,주주총회소집결의,더라미
20260313001281,2026-03-13 16:23,솔본,코스닥,주주총회소집결의,솔본
20260313001392,2026-03-13 16:22,에이플러스에셋,유가증권,[정정]주주총회소집결의,에이플러스에셋어드바이저
20260313001367,2026-03-13 16:22,토니모리,유가증권,주주총회소집결의,토니모리
20260313001450,2026-03-13 16:21,아이엘로보틱스,코넥스,주주총회소집 결의,아이엘로보틱스
20260313001277,2026-03-13 16:19,메지온,코스닥,주주총회소집결의,메지온
20260313001328,2026-03-13 16:18,오스코텍,코스닥,[정정]주주총회소집결의,오스코텍
20260313001270,2026-03-13 16:18,뉴로핏,코스닥,주주총회소집결의,뉴로핏
20260313001396,2026-03-13 16:17,루트락,코넥스,주주총회소집 결의,루트락
20260313001337,2026-03-13 16:15,오성첨단소재,코스닥,주주총회소집결의,오성첨단소재
20260313001259,2026-03-13 16:15,싸이토젠,코스닥,주주총회소집결의,싸이토젠
20260313001391,2026-03-13 16:14,휴마시스,코스닥,[정정]주주총회소집결의,휴마시스
20260313001215,2026-03-13 16:13,마녀공장,코스닥,주주총회소집결의,마녀공장
20260313001356,2026-03-13 16:07,솔루믹스,코넥스,주주총회소집 결의,솔루믹스
20260313001224,2026-03-13 16:05,PKC,유가증권,[정정]주주총회소집결의,피케이씨
20260313001156,2026-03-13 16:02,아이티엠반도체,코스닥,주주총회소집결의,아이티엠반도체
20260313001289,2026-03-13 16:00,삼일기업공사,코스닥,주주총회소집결의,삼일기업공사
20260313001276,2026-03-13 16:00,SG세계물산,유가증권,[정정]주주총회소집결의,SG세계물산
20260313001236,2026-03-13 16:00,아가방컴퍼니,코스닥,주주총회소집결의,아가방앤컴퍼니
20260313001235,2026-03-13 15:59,DMS,코스닥,주주총회소집결의,디엠에스
20260313001182,2026-03-13 15:56,에스엠벡셀,유가증권,주주총회소집결의,에스엠벡셀
20260313001131,2026-03-13 15:49,네오이뮨텍,코스닥,[정정]주주총회소집결의,네오이뮨텍
20260313001106,2026-03-13 15:49,폰드그룹,코스닥,주주총회소집결의,폰드그룹
20260313001082,2026-03-13 15:49,유엑스엔,코넥스,주주총회소집 결의,유엑스엔
20260313001129,2026-03-13 15:48,프로젠,코넥스,주주총회소집 결의,프로젠
20260313001085,2026-03-13 15:48,인콘,코스닥,[정정]주주총회소집결의,인콘
20260313001055,2026-03-13 15:46,씨케이솔루션,유가증권,주주총회소집결의,씨케이솔루션
20260313001100,2026-03-13 15:44,빌리언스,코스닥,[정정]주주총회소집결의,빌리언스
20260313001045,2026-03-13 15:40,버넥트,코스닥,주주총회소집결의,버넥트
20260313001053,2026-03-13 15:34,엔젠바이오,코스닥,[정정]주주총회소집결의,엔젠바이오
20260313001023,2026-03-13 15:33,이니텍,코스닥,주주총회소집결의,이니텍
20260313001018,2026-03-13 15:33,바이오텐,코넥스,주주총회소집 결의,바이오텐
20260313000938,2026-03-13 15:33,컴퍼니케이,코스닥,주주총회소집결의,컴퍼니케이파트너스
20260313001006,2026-03-13 15:28,디모아,코스닥,[정정]주주총회소집결의,디모아
20260313001025,2026-03-13 15:26,씨알푸드,코넥스,주주총회소집 결의,씨알푸드
20260313000889,2026-03-13 15:23,젬백스,코스닥,주주총회소집결의,젬백스&카엘
20260313000987,2026-03-13 15:22,KR모터스,유가증권,주주총회소집결의,KR모터스
20260313000971,2026-03-13 15:21,탑런토탈솔루션,코스닥,[정정]주주총회소집결의,탑런토탈솔루션
20260313000913,2026-03-13 15:21,KTcs,유가증권,주주총회소집결의,케이티씨에스
20260313000886,2026-03-13 15:21,휴온스,코스닥,주주총회소집결의,휴온스
20260313000950,2026-03-13 15:20,아로마티카,코스닥,주주총회소집결의,아로마티카
20260313000891,2026-03-13 15:19,서울전자통신,코스닥,주주총회소집결의,서울전자통신
20260313000912,2026-03-13 15:17,SGA솔루션즈,코스닥,[정정]주주총회소집결의,에스지에이 솔루션즈
20260313000922,2026-03-13 15:15,아이오바이오,코넥스,주주총회소집 결의,아이오바이오
20260313000885,2026-03-13 15:11,지놈앤컴퍼니,코스닥,주주총회소집결의,지놈앤컴퍼니
20260313000836,2026-03-13 15:10,쏘닉스,코스닥,주주총회소집결의,쏘닉스
20260313000861,2026-03-13 15:09,큐로홀딩스,코스닥,주주총회소집결의,큐로홀딩스
20260313000827,2026-03-13 15:08,모아데이타,코스닥,주주총회소집결의,모아데이타
20260313000855,2026-03-13 15:06,파버나인,코스닥,주주총회소집결의,파버나인
20260313000873,2026-03-13 15:05,엄지하우스,코넥스,[정정]주주총회소집 결의,엄지하우스
20260313000839,2026-03-13 15:04,루미르,코스닥,주주총회소집결의,루미르
20260313000843,2026-03-13 15:02,오에스피,코스닥,[정정]주주총회소집결의,오에스피
20260313000711,2026-03-13 15:02,휴온스글로벌,코스닥,주주총회소집결의,휴온스글로벌
20260313000848,2026-03-13 15:01,바른손이앤에이,코스닥,[정정]주주총회소집결의,바른손이앤에이
20260313000773,2026-03-13 15:01,대상,유가증권,[정정]주주총회소집결의,대상
20260313000841,2026-03-13 15:00,졸스,코스닥,[정정]주주총회소집결의,졸스
20260313000816,2026-03-13 14:57,원바이오젠,코스닥,주주총회소집결의,원바이오젠
20260313000797,2026-03-13 14:57,크로넥스,코넥스,주주총회소집 결의,크로넥스
20260313000707,2026-03-13 14:56,휴엠앤씨,코스닥,주주총회소집결의,휴엠앤씨
20260313000832,2026-03-13 14:53,클래시스,코스닥,주주총회소집결의,클래시스
20260313000801,2026-03-13 14:52,테라사이언스,코스닥,주주총회소집결의,테라사이언스
20260313000724,2026-03-13 14:50,에이유브랜즈,코스닥,주주총회소집결의,에이유브랜즈
20260313000647,2026-03-13 14:50,엠젠솔루션,코스닥,주주총회소집결의,엠젠솔루션
20260313000790,2026-03-13 14:45,우리넷,코스닥,[정정]주주총회소집결의,우리넷
20260313000615,2026-03-13 14:44,바이브컴퍼니,코스닥,주주총회소집결의,바이브컴퍼니
20260313000704,2026-03-13 14:39,하나제약,유가증권,[정정]주주총회소집결의,하나제약
20260313000735,2026-03-13 14:38,이노메트리,코스닥,주주총회소집결의,이노메트리
20260313000663,2026-03-13 14:34,모바일어플라이언스,코스닥,주주총회소집결의,모바일어플라이언스
20260313000676,2026-03-13 14:33,태양기계,코넥스,주주총회소집 결의,태양기계
20260313000661,2026-03-13 14:33,애니메디솔루션,코넥스,주주총회소집 결의,애니메디솔루션
20260313000694,2026-03-13 14:32,유틸렉스,코스닥,[정정]주주총회소집결의,유틸렉스
20260313000688,2026-03-13 14:32,HLB제넥스,코스닥,주주총회소집결의,에이치엘비제넥스
20260313000611,2026-03-13 14:30,엑시큐어하이트론,유가증권,주주총회소집결의,엑시큐어하이트론
20260313000708,2026-03-13 14:29,와이랩,코스닥,[정정]주주총회소집결의,와이랩
20260313000657,2026-03-13 14:29,라온피플,코스닥,주주총회소집결의,라온피플
20260313000630,2026-03-13 14:29,세방,유가증권,[정정]주주총회소집결의,세방
20260313000636,2026-03-13 14:28,MSDI,코스닥,주주총회소집결의,엠에스디아이
20260313000689,2026-03-13 14:25,위닉스,코스닥,주주총회소집결의,위닉스
20260313000570,2026-03-13 14:17,코맥스,코스닥,[정정]주주총회소집결의,코맥스
20260313000627,2026-03-13 14:15,제너셈,코스닥,[정정]주주총회소집결의,제너셈
20260313000631,2026-03-13 14:12,레인보우로보틱스,코스닥,주주총회소집결의,레인보우로보틱스
20260313000597,2026-03-13 14:12,에스바이오메딕스,코스닥,주주총회소집결의,에스바이오메딕스
20260313000596,2026-03-13 14:12,디아이씨,유가증권,주주총회소집결의,디아이씨
20260313000617,2026-03-13 14:11,디모아,코스닥,주주총회소집결의,디모아
20260313000492,2026-03-13 14:11,원티드랩,코스닥,주주총회소집결의,원티드랩
20260313000604,2026-03-13 14:09,이노테크,코스닥,주주총회소집결의,이노테크
20260313000616,2026-03-13 14:07,에피바이오텍,코넥스,주주총회소집 결의,에피바이오텍
20260313000613,2026-03-13 14:07,한국미라클피플사,코넥스,주주총회소집 결의,한국미라클피플사
20260313000598,2026-03-13 14:07,서한,코스닥,주주총회소집결의,서한
20260313000591,2026-03-13 14:02,더코디,코스닥,주주총회소집결의,더코디
20260313000583,2026-03-13 14:01,신도기연,코스닥,주주총회소집결의,신도기연
20260313000569,2026-03-13 13:58,마이크로엔엑스,코넥스,주주총회소집 결의,마이크로엔엑스
20260313000585,2026-03-13 13:57,덱스터,코스닥,주주총회소집결의,덱스터스튜디오
20260313000490,2026-03-13 13:54,손오공,코스닥,[정정]주주총회소집결의,손오공
20260313000536,2026-03-13 13:52,서원,유가증권,주주총회소집결의,서원
20260313000499,2026-03-13 13:43,모나용평,유가증권,주주총회소집결의,모나용평
20260313000474,2026-03-13 13:33,헬릭스미스,코스닥,[정정]주주총회소집결의,헬릭스미스
20260313000458,2026-03-13 13:25,소마젠,코스닥,주주총회소집결의,소마젠
20260313000443,2026-03-13 13:16,신원종합개발,코스닥,주주총회소집결의,신원종합개발
20260313000445,2026-03-13 13:15,꿈비,코스닥,주주총회소집결의,꿈비
20260313000447,2026-03-13 13:09,미래엔에듀파트너,코넥스,주주총회소집 결의,미래엔에듀파트너
20260313000436,2026-03-13 12:57,휴메딕스,코스닥,주주총회소집결의,휴메딕스
20260313000419,2026-03-13 12:28,티엘엔지니어링,코넥스,[정정]주주총회소집 결의,티엘엔지니어링
20260313000413,2026-03-13 12:22,코메론,코스닥,[정정]주주총회소집결의,코메론
20260313000389,2026-03-13 11:59,누보,코스닥,주주총회소집결의,누보
20260313000383,2026-03-13 11:57,셀로맥스사이언스,코스닥,주주총회소집결의,셀로맥스사이언스
20260313000360,2026-03-13 11:54,비에이치아이,코스닥,주주총회소집결의,비에이치아이
20260313000359,2026-03-13 11:52,오비고,코스닥,주주총회소집결의,오비고
20260313000350,2026-03-13 11:47,프로티나,코스닥,주주총회소집결의,프로티나
20260313000339,2026-03-13 11:44,케이지에이,코스닥,주주총회소집결의,케이지에이
20260313000375,2026-03-13 11:41,삼정펄프,유가증권,주주총회소집결의,삼정펄프
20260313000364,2026-03-13 11:35,진원생명과학,유가증권,주주총회소집결의,진원생명과학
20260313000354,2026-03-13 11:31,엔젯,코스닥,주주총회소집결의,엔젯
20260313000346,2026-03-13 11:30,메쎄이상,코스닥,[정정]주주총회소집결의,메쎄이상
20260313000290,2026-03-13 11:04,펨트론,코스닥,주주총회소집결의,펨트론
20260313000291,2026-03-13 11:03,대창스틸,코스닥,주주총회소집결의,대창스틸
20260313000280,2026-03-13 11:00,로젠,코스닥,주주총회소집결의,로젠
20260313000258,2026-03-13 10:54,KG모빌리티,유가증권,[정정]주주총회소집결의,케이지모빌리티
20260313000256,2026-03-13 10:51,예림당,코스닥,주주총회소집결의,예림당
20260313000263,2026-03-13 10:49,사피엔반도체,코스닥,주주총회소집결의,사피엔반도체
20260313000204,2026-03-13 10:34,지어소프트,코스닥,주주총회소집결의,지어소프트
20260313000219,2026-03-13 10:27,GH신소재,코스닥,주주총회소집결의,지에이치신소재
20260313000217,2026-03-13 10:24,위세아이텍,코스닥,주주총회소집결의,위세아이텍
20260313000202,2026-03-13 10:23,셀바스헬스케어,코스닥,[정정]주주총회소집결의,셀바스헬스케어
20260313000195,2026-03-13 10:16,대원미디어,코스닥,[정정]주주총회소집결의,대원미디어
20260313000190,2026-03-13 10:14,인지소프트,코스닥,주주총회소집결의,인지소프트
20260313000183,2026-03-13 10:03,삼진식품,코스닥,주주총회소집결의,삼진식품
20260313000162,2026-03-13 09:59,수성웹툰,코스닥,[정정]주주총회소집결의,수성웹툰
20260312002494,2026-03-12 19:34,바른손이앤에이,코스닥,주주총회소집결의,바른손이앤에이
20260312002484,2026-03-12 18:55,코렌텍,코스닥,주주총회소집결의,코렌텍
20260312002479,2026-03-12 18:53,씨엠티엑스,코스닥,주주총회소집결의,씨엠티엑스
20260312002472,2026-03-12 18:40,노바렉스,코스닥,주주총회소집결의,노바렉스
20260312002315,2026-03-12 18:30,린드먼아시아,코스닥,주주총회소집결의,린드먼아시아인베스트먼트
20260312002449,2026-03-12 18:22,엘티씨,코스닥,주주총회소집결의,엘티씨
20260312002002,2026-03-12 18:22,졸스,코스닥,주주총회소집결의,졸스
20260312002446,2026-03-12 18:20,동일기연,코스닥,주주총회소집결의,동일기연
20260312002339,2026-03-12 18:10,오리온,유가증권,[정정]주주총회소집결의,오리온
20260312002285,2026-03-12 18:09,대한방직,유가증권,[정정]주주총회소집결의,대한방직
20260312002238,2026-03-12 18:06,골프존,코스닥,주주총회소집결의,골프존
20260312002388,2026-03-12 18:05,한전산업,유가증권,주주총회소집결의,한전산업개발
20260312001848,2026-03-12 18:05,우리바이오,코스닥,주주총회소집결의,우리바이오
20260312002363,2026-03-12 18:02,한미약품,유가증권,주주총회소집결의,한미약품
20260312002249,2026-03-12 18:02,태광산업,유가증권,주주총회소집결의,태광산업
20260312002242,2026-03-12 17:59,엠투엔,코스닥,주주총회소집결의,엠투엔
20260312002126,2026-03-12 17:59,에이스테크,코스닥,주주총회소집결의,에이스테크놀로지
20260312001770,2026-03-12 17:57,대원,코스닥,[정정]주주총회소집결의,대원
20260312002301,2026-03-12 17:55,한미사이언스,유가증권,주주총회소집결의,한미사이언스
20260312002147,2026-03-12 17:52,골프존홀딩스,코스닥,주주총회소집결의,골프존홀딩스
20260312002175,2026-03-12 17:51,미디어젠,코스닥,주주총회소집결의,미디어젠
20260312002208,2026-03-12 17:50,나이벡,코스닥,주주총회소집결의,나이벡
20260312002120,2026-03-12 17:50,에코글로우,코스닥,[정정]주주총회소집결의,에코글로우
20260312002205,2026-03-12 17:49,그린생명과학,코스닥,[정정]주주총회소집결의,그린생명과학
20260312002156,2026-03-12 17:49,티플랙스,코스닥,주주총회소집결의,티플랙스
20260312002216,2026-03-12 17:48,바이오스마트,코스닥,주주총회소집결의,바이오스마트
20260312001995,2026-03-12 17:48,우리엔터프라이즈,코스닥,주주총회소집결의,우리엔터프라이즈
20260312001994,2026-03-12 17:48,삼진,코스닥,주주총회소집결의,삼진
20260312002269,2026-03-12 17:46,오브젠,코스닥,[정정]주주총회소집결의,오브젠
20260312002228,2026-03-12 17:46,SK시그넷,코넥스,주주총회소집 결의,SK시그넷
20260312002182,2026-03-12 17:44,우리로,코스닥,[정정]주주총회소집결의,우리로
20260312002025,2026-03-12 17:43,유진기업,코스닥,주주총회소집결의,유진기업
20260312002169,2026-03-12 17:41,신테카바이오,코스닥,주주총회소집결의,신테카바이오
20260312002149,2026-03-12 17:38,전방,유가증권,[정정]주주총회소집결의,전방
20260312002100,2026-03-12 17:37,에이블씨엔씨,유가증권,주주총회소집결의,에이블씨엔씨
20260312002003,2026-03-12 17:36,오름테라퓨틱,코스닥,[정정]주주총회소집결의,오름테라퓨틱
20260312002085,2026-03-12 17:35,노바텍,코스닥,[정정]주주총회소집결의,노바텍
20260312001560,2026-03-12 17:34,미트박스,코스닥,주주총회소집결의,미트박스글로벌
20260312001992,2026-03-12 17:33,라온시큐어,코스닥,주주총회소집결의,라온시큐어
20260312001973,2026-03-12 17:33,메디콕스,코스닥,주주총회소집결의,메디콕스
20260312001959,2026-03-12 17:33,제이티,코스닥,주주총회소집결의,제이티
20260312002130,2026-03-12 17:32,엄지하우스,코넥스,[정정]주주총회소집 결의,엄지하우스
20260312001644,2026-03-12 17:32,KX,코스닥,주주총회소집결의,케이엑스이노베이션
20260312001983,2026-03-12 17:29,에이텀,코스닥,주주총회소집결의,에이텀
20260312001950,2026-03-12 17:29,위메이드,코스닥,주주총회소집결의,위메이드
20260312001473,2026-03-12 17:29,인선이엔티,코스닥,주주총회소집결의,인선이엔티
20260312002015,2026-03-12 17:27,윈팩,코스닥,주주총회소집결의,윈팩
20260312001631,2026-03-12 17:26,네오오토,코스닥,주주총회소집결의,네오오토
20260312002035,2026-03-12 17:24,롯데손해보험,유가증권,주주총회소집결의,롯데손해보험
20260312001471,2026-03-12 17:24,원익홀딩스,코스닥,주주총회소집결의,원익홀딩스
20260312001882,2026-03-12 17:21,유니온바이오메트릭스,코스닥,주주총회소집결의,유니온바이오메트릭스
20260312001491,2026-03-12 17:21,스피어,코스닥,[정정]주주총회소집결의,스피어코퍼레이션
20260312001786,2026-03-12 17:20,비나텍,코스닥,주주총회소집결의,비나텍
20260312001460,2026-03-12 17:19,올리패스,코스닥,주주총회소집결의,올리패스
20260312001850,2026-03-12 17:18,아이엠비디엑스,코스닥,[정정]주주총회소집결의,아이엠비디엑스
20260312001447,2026-03-12 17:18,비투엔,코스닥,주주총회소집결의,비투엔
20260312001832,2026-03-12 17:15,인터플렉스,코스닥,주주총회소집결의,인터플렉스
20260312001788,2026-03-12 17:15,큐에이드,코스닥,주주총회소집결의,큐에이드
20260312001795,2026-03-12 17:14,SYTS,유가증권,주주총회소집결의,에스와이티에스
20260312001885,2026-03-12 17:11,코리안리,유가증권,주주총회소집결의,코리안리재보험
20260312001816,2026-03-12 17:11,코어라인소프트,코스닥,주주총회소집결의,코어라인소프트
20260312001902,2026-03-12 17:10,휴니드테크놀러지스,유가증권,주주총회소집결의,휴니드테크놀러지스
20260312001857,2026-03-12 17:08,남양유업,유가증권,주주총회소집결의,남양유업
20260312001828,2026-03-12 17:07,대한광통신,코스닥,주주총회소집결의,대한광통신
20260312001825,2026-03-12 17:06,플래티어,코스닥,주주총회소집결의,플래티어
20260312001759,2026-03-12 17:04,메가스터디,코스닥,주주총회소집결의,메가스터디
20260312001646,2026-03-12 17:02,에피소드컴퍼니,코스닥,주주총회소집결의,에피소드컴퍼니
20260312001804,2026-03-12 17:00,에이치브이엠,코스닥,주주총회소집결의,에이치브이엠
20260312001607,2026-03-12 17:00,슈프리마에이치큐,코스닥,주주총회소집결의,슈프리마에이치큐
20260312001414,2026-03-12 16:59,엑세스바이오,코스닥,[정정]주주총회소집결의,엑세스바이오 인코퍼레이션
20260312001649,2026-03-12 16:58,강스템바이오텍,코스닥,주주총회소집결의,강스템바이오텍
20260312001701,2026-03-12 16:56,판타지오,코스닥,[정정]주주총회소집결의,판타지오
20260312001640,2026-03-12 16:54,이지트로닉스,코스닥,주주총회소집결의,이지트로닉스
20260312001490,2026-03-12 16:54,앤디포스,코스닥,주주총회소집결의,앤디포스
20260312001636,2026-03-12 16:52,씨어스,코스닥,주주총회소집결의,씨어스
20260312001331,2026-03-12 16:51,M83,코스닥,주주총회소집결의,엠83
20260312001699,2026-03-12 16:47,다산네트웍스,코스닥,주주총회소집결의,다산네트웍스
20260312001554,2026-03-12 16:47,팜젠사이언스,유가증권,주주총회소집결의,팜젠사이언스
20260312001467,2026-03-12 16:46,아이오케이이엔엠,코스닥,주주총회소집결의,아이오케이이엔엠
20260312001541,2026-03-12 16:45,SOOP,코스닥,주주총회소집결의,숲
20260312001635,2026-03-12 16:44,대모,코스닥,[정정]주주총회소집결의,대모엔지니어링
20260312001571,2026-03-12 16:44,세종메디칼,코스닥,주주총회소집결의,세종메디칼
20260312001489,2026-03-12 16:44,아이마켓코리아,유가증권,주주총회소집결의,아이마켓코리아
20260312001539,2026-03-12 16:43,클리오,코스닥,주주총회소집결의,클리오
20260312001428,2026-03-12 16:43,조광피혁,유가증권,주주총회소집결의,조광피혁
20260312001224,2026-03-12 16:40,서울제약,코스닥,주주총회소집결의,서울제약
20260312001396,2026-03-12 16:39,보로노이,코스닥,주주총회소집결의,보로노이
20260312001264,2026-03-12 16:39,iMBC,코스닥,주주총회소집결의,아이엠비씨
20260312001526,2026-03-12 16:38,휴림에이텍,코스닥,[정정]주주총회소집결의,휴림에이텍
20260312001461,2026-03-12 16:38,에스프리즘,코스닥,주주총회소집결의,에스프리즘
20260312001456,2026-03-12 16:37,아이씨디,코스닥,주주총회소집결의,아이씨디
20260312001525,2026-03-12 16:34,케이씨씨글라스,유가증권,[정정]주주총회소집결의,케이씨씨글라스
20260312001368,2026-03-12 16:34,케이엔솔,코스닥,주주총회소집결의,케이엔솔
20260312001302,2026-03-12 16:34,신대양제지,유가증권,주주총회소집결의,신대양제지
20260312001320,2026-03-12 16:32,큐브엔터,코스닥,주주총회소집결의,큐브엔터테인먼트
20260312001260,2026-03-12 16:32,에이비온,코스닥,주주총회소집결의,에이비온
20260312001237,2026-03-12 16:32,메디앙스,코스닥,주주총회소집결의,메디앙스
20260312001215,2026-03-12 16:32,한국금융지주,유가증권,주주총회소집결의,한국투자금융지주
20260312001163,2026-03-12 16:32,에치에프알,코스닥,주주총회소집결의,에치에프알
20260312001230,2026-03-12 16:31,디앤씨미디어,코스닥,주주총회소집결의,디앤씨미디어
20260312001443,2026-03-12 16:30,오늘이엔엠,코스닥,주주총회소집결의,오늘이엔엠
20260312001480,2026-03-12 16:28,티에이치엔,유가증권,주주총회소집결의,티에이치엔
20260312001411,2026-03-12 16:28,코리아써키트,유가증권,주주총회소집결의,코리아써키트
20260312001258,2026-03-12 16:27,YTN,코스닥,주주총회소집결의,와이티엔
20260312001233,2026-03-12 16:27,모베이스,코스닥,주주총회소집결의,모베이스
20260312001184,2026-03-12 16:27,엔피씨,유가증권,주주총회소집결의,엔피씨
20260312001384,2026-03-12 16:26,에이루트,코스닥,주주총회소집결의,에이루트
20260312001312,2026-03-12 16:25,진시스템,코스닥,[정정]주주총회소집결의,진시스템
20260312001292,2026-03-12 16:24,동화기업,코스닥,주주총회소집결의,동화기업
20260312001195,2026-03-12 16:20,나라셀라,코스닥,주주총회소집결의,나라셀라
20260312001112,2026-03-12 16:19,오스테오닉,코스닥,주주총회소집결의,오스테오닉
20260312001043,2026-03-12 16:16,엔젤로보틱스,코스닥,주주총회소집결의,엔젤로보틱스
20260312001087,2026-03-12 16:14,에이직랜드,코스닥,주주총회소집결의,에이직랜드
20260312001031,2026-03-12 16:14,휴네시온,코스닥,주주총회소집결의,휴네시온
20260312001249,2026-03-12 16:13,마이크로컨텍솔,코스닥,주주총회소집결의,마이크로컨텍솔루션
20260312001238,2026-03-12 16:13,CS,코스닥,주주총회소집결의,씨에스
20260312001208,2026-03-12 16:10,이엔셀,코스닥,주주총회소집결의,이엔셀
20260312001177,2026-03-12 16:08,티케이지애강,코스닥,주주총회소집결의,티케이지애강
20260312001166,2026-03-12 16:08,파인테크닉스,코스닥,[정정]주주총회소집결의,파인테크닉스
20260312001024,2026-03-12 16:08,유라클,코스닥,주주총회소집결의,유라클
20260312001020,2026-03-12 16:07,블리츠웨이엔터테인먼트,코스닥,주주총회소집결의,블리츠웨이엔터테인먼트
20260312001119,2026-03-12 16:05,오브젠,코스닥,주주총회소집결의,오브젠
20260312001074,2026-03-12 16:05,인포바인,코스닥,주주총회소집결의,인포바인
20260312000989,2026-03-12 16:05,시그네틱스,코스닥,주주총회소집결의,시그네틱스
20260312001075,2026-03-12 16:04,뷰티스킨,코스닥,주주총회소집결의,뷰티스킨
20260312001187,2026-03-12 16:03,브이티,코스닥,주주총회소집결의,브이티
20260312001134,2026-03-12 16:03,오리엔트정공,코스닥,주주총회소집결의,오리엔트정공
20260312001056,2026-03-12 16:03,아티스트컴퍼니,코스닥,주주총회소집결의,아티스트컴퍼니
20260312001108,2026-03-12 16:02,바이오솔루션,코스닥,주주총회소집결의,바이오솔루션
20260312001012,2026-03-12 16:02,현대사료,코스닥,[정정]주주총회소집결의,현대사료
20260312001110,2026-03-12 16:01,시너지이노베이션,코스닥,주주총회소집결의,시너지이노베이션
20260312000987,2026-03-12 16:01,레이,코스닥,주주총회소집결의,레이
20260312000912,2026-03-12 16:01,에스아이리소스,코스닥,주주총회소집결의,에스아이리소스
20260312001022,2026-03-12 16:00,메가엠디,코스닥,주주총회소집결의,메가엠디
20260312000853,2026-03-12 16:00,GMI벤처,코스닥,주주총회소집결의,지엠아이벤처
20260312000824,2026-03-12 16:00,알에스오토메이션,코스닥,[정정]주주총회소집결의,알에스오토메이션
20260312000948,2026-03-12 15:58,위지윅스튜디오,코스닥,주주총회소집결의,위지윅스튜디오
20260312001118,2026-03-12 15:57,원포유,코넥스,주주총회소집 결의,원포유
20260312001101,2026-03-12 15:56,대영포장,유가증권,주주총회소집결의,대영포장
20260312001008,2026-03-12 15:56,크라우드웍스,코스닥,주주총회소집결의,크라우드웍스
20260312001097,2026-03-12 15:54,대양금속,유가증권,주주총회소집결의,대양금속
20260312000995,2026-03-12 15:54,리더스코스메틱,코스닥,주주총회소집결의,리더스코스메틱
20260312000965,2026-03-12 15:53,텔코웨어,유가증권,주주총회소집결의,텔코웨어
20260312000960,2026-03-12 15:53,메디포스트,코스닥,주주총회소집결의,메디포스트
20260312001068,2026-03-12 15:50,광전자,유가증권,주주총회소집결의,광전자
20260312000926,2026-03-12 15:50,뉴로메카,코스닥,주주총회소집결의,뉴로메카
20260312000934,2026-03-12 15:45,그리티,코스닥,주주총회소집결의,그리티
20260312001001,2026-03-12 15:43,대한과학,코스닥,[정정]주주총회소집결의,대한과학
20260312000911,2026-03-12 15:43,가온칩스,코스닥,주주총회소집결의,가온칩스
20260312000988,2026-03-12 15:38,대륙제관,코스닥,주주총회소집결의,대륙제관
20260312000901,2026-03-12 15:36,KCC건설,코스닥,주주총회소집결의,케이씨씨건설
20260312000903,2026-03-12 15:35,엑세스바이오,코스닥,주주총회소집결의,엑세스바이오 인코퍼레이션
20260312000956,2026-03-12 15:33,잇츠한불,유가증권,주주총회소집결의,잇츠한불
20260312000933,2026-03-12 15:32,대성산업,유가증권,주주총회소집결의,대성산업
20260312000870,2026-03-12 15:31,WISCOM,유가증권,주주총회소집결의,WISCOM
20260312000869,2026-03-12 15:30,토마토시스템,코스닥,주주총회소집결의,토마토시스템
20260312000847,2026-03-12 15:29,모티브링크,코스닥,주주총회소집결의,모티브링크
20260312000865,2026-03-12 15:27,케이엘넷,코스닥,[정정]주주총회소집결의,케이엘넷
20260312000859,2026-03-12 15:26,아이씨티케이,코스닥,주주총회소집결의,아이씨티케이
20260312000879,2026-03-12 15:25,도부,코넥스,주주총회소집 결의,도부
20260312000891,2026-03-12 15:24,모비데이즈,코스닥,주주총회소집결의,모비데이즈
20260312000835,2026-03-12 15:24,신흥,유가증권,주주총회소집결의,신흥
20260312000849,2026-03-12 15:23,에이비엘바이오,코스닥,주주총회소집결의,에이비엘바이오
20260312000836,2026-03-12 15:22,레드캡투어,코스닥,주주총회소집결의,레드캡투어
20260312000831,2026-03-12 15:20,원익,코스닥,주주총회소집결의,원익
20260312000830,2026-03-12 15:20,동양파일,코스닥,주주총회소집결의,동양파일
20260312000854,2026-03-12 15:19,모비릭스,코스닥,주주총회소집결의,모비릭스
20260312000803,2026-03-12 15:15,DXVX,코스닥,주주총회소집결의,디엑스앤브이엑스
20260312000807,2026-03-12 15:13,로킷헬스케어,코스닥,주주총회소집결의,로킷헬스케어
20260312000783,2026-03-12 15:13,인스웨이브,코스닥,[정정]주주총회소집결의,인스웨이브
20260312000701,2026-03-12 15:05,와이씨켐,코스닥,주주총회소집결의,와이씨켐
20260312000772,2026-03-12 15:03,메디톡스,코스닥,주주총회소집결의,메디톡스
20260312000766,2026-03-12 15:02,NH농우바이오,코스닥,주주총회소집결의,농업회사법인 엔에이치농우바이오
20260312000762,2026-03-12 15:00,일신석재,유가증권,주주총회소집결의,일신석재
20260312000740,2026-03-12 14:59,넥센타이어,유가증권,[정정]주주총회소집결의,넥센타이어
20260312000691,2026-03-12 14:58,체리부로,코스닥,주주총회소집결의,체리부로
20260312000683,2026-03-12 14:57,핑거스토리,코스닥,[정정]주주총회소집결의,핑거스토리
20260312000752,2026-03-12 14:56,바이오톡스텍,코스닥,주주총회소집결의,바이오톡스텍
20260312000748,2026-03-12 14:55,디티앤씨알오,코스닥,주주총회소집결의,디티앤씨알오
20260312000730,2026-03-12 14:53,케이엠,코스닥,주주총회소집결의,케이엠
20260312000664,2026-03-12 14:51,인스피언,코스닥,주주총회소집결의,인스피언
20260312000656,2026-03-12 14:50,로지스몬,코넥스,[정정]주주총회소집 결의,로지스몬
20260312000661,2026-03-12 14:47,에스에스알,코스닥,주주총회소집결의,에스에스알
20260312000668,2026-03-12 14:44,서울보증보험,유가증권,주주총회소집결의,서울보증보험
20260312000627,2026-03-12 14:43,이연제약,유가증권,주주총회소집결의,이연제약
20260312000654,2026-03-12 14:42,제로투세븐,코스닥,주주총회소집결의,제로투세븐
20260312000633,2026-03-12 14:39,오텍,코스닥,[정정]주주총회소집결의,오텍
20260312000676,2026-03-12 14:38,한켐,코스닥,주주총회소집결의,한켐
20260312000617,2026-03-12 14:31,비츠로시스,코스닥,[정정]주주총회소집결의,비츠로시스
20260312000581,2026-03-12 14:28,동인기연,유가증권,주주총회소집결의,동인기연
20260312000607,2026-03-12 14:26,코디,코스닥,주주총회소집결의,코디
20260312000573,2026-03-12 14:26,큐로셀,코스닥,주주총회소집결의,큐로셀
20260312000555,2026-03-12 14:26,육일씨엔에쓰,코스닥,주주총회소집결의,육일씨엔에쓰
20260312000538,2026-03-12 14:25,상지건설,코스닥,주주총회소집결의,상지건설
20260312000501,2026-03-12 14:25,테고사이언스,코스닥,주주총회소집결의,테고사이언스
20260312000556,2026-03-12 14:24,제놀루션,코스닥,주주총회소집결의,제놀루션
20260312000497,2026-03-12 14:24,하이비젼시스템,코스닥,[정정]주주총회소집결의,하이비젼시스템
20260312000455,2026-03-12 14:24,크리스에프앤씨,코스닥,[정정]주주총회소집결의,크리스에프앤씨
20260312000446,2026-03-12 14:24,나인앤컴퍼니,코스닥,주주총회소집결의,나인앤컴퍼니
20260312000596,2026-03-12 14:23,슈어소프트테크,코스닥,주주총회소집결의,슈어소프트테크
20260312000515,2026-03-12 14:23,실리콘투,코스닥,주주총회소집결의,실리콘투
20260312000533,2026-03-12 14:19,미쥬,코넥스,주주총회소집 결의,미쥬
20260312000521,2026-03-12 14:08,우리이앤엘하루틴,코스닥,주주총회소집결의,우리이앤엘하루틴
20260312000505,2026-03-12 14:02,제이케이시냅스,코스닥,주주총회소집결의,제이케이시냅스
20260312000461,2026-03-12 14:00,스톤브릿지벤처스,코스닥,주주총회소집결의,스톤브릿지벤처스
20260312000502,2026-03-12 13:57,블루콤,코스닥,[정정]주주총회소집결의,블루콤
20260312000458,2026-03-12 13:55,우리산업홀딩스,코스닥,주주총회소집결의,우리산업홀딩스
20260312000440,2026-03-12 13:54,부산주공,유가증권,주주총회소집결의,부산주공
20260312000459,2026-03-12 13:53,에스제이켐,코넥스,주주총회소집 결의,에스제이켐
20260312000396,2026-03-12 13:44,스튜디오삼익,코스닥,주주총회소집결의,스튜디오삼익
20260312000443,2026-03-12 13:42,우리산업,코스닥,주주총회소집결의,우리산업
20260312000390,2026-03-12 13:42,미래산업,유가증권,주주총회소집결의,미래산업
20260312000385,2026-03-12 13:42,에스켐,코스닥,주주총회소집결의,에스켐
20260312000432,2026-03-12 13:39,오픈엣지테크놀로지,코스닥,주주총회소집결의,오픈엣지테크놀로지
20260312000384,2026-03-12 13:38,에스에너지,코스닥,주주총회소집결의,에스에너지
20260312000398,2026-03-12 13:37,디바이스,코스닥,주주총회소집결의,디바이스
20260312000388,2026-03-12 13:29,비트플래닛,코스닥,주주총회소집결의,비트플래닛
20260312000369,2026-03-12 13:26,피씨디렉트,코스닥,주주총회소집결의,피씨디렉트
20260312000362,2026-03-12 13:24,더블유에스아이,코스닥,주주총회소집결의,더블유에스아이
20260312000360,2026-03-12 13:24,시지메드텍,코스닥,주주총회소집결의,시지메드텍
20260312000351,2026-03-12 13:23,세경하이테크,코스닥,주주총회소집결의,세경하이테크
20260312000368,2026-03-12 13:21,STX그린로지스,유가증권,주주총회소집결의,STX 그린 로지스
20260312000367,2026-03-12 13:21,유비벨록스,코스닥,주주총회소집결의,유비벨록스
20260312000347,2026-03-12 13:15,에이테크솔루션,코스닥,주주총회소집결의,에이테크솔루션
20260312000343,2026-03-12 13:12,컨텍,코스닥,주주총회소집결의,컨텍
20260312000342,2026-03-12 13:09,유신,코스닥,주주총회소집결의,유신
20260312000282,2026-03-12 11:38,HPSP,코스닥,[정정]주주총회소집결의,에이치피에스피
20260312000262,2026-03-12 11:37,에스코넥,코스닥,주주총회소집결의,에스코넥
20260312000277,2026-03-12 11:33,엔바이오니아,코스닥,주주총회소집결의,엔바이오니아
20260312000269,2026-03-12 11:33,아이언디바이스,코스닥,주주총회소집결의,아이언디바이스
20260312000275,2026-03-12 11:32,차AI헬스케어,유가증권,주주총회소집결의,차AI헬스케어
20260312000264,2026-03-12 11:29,멤레이비티,코스닥,[정정]주주총회소집결의,멤레이비티
20260312000246,2026-03-12 11:26,지에이이노더스,코넥스,주주총회소집 결의,지에이이노더스
20260312000159,2026-03-12 11:26,태광,코스닥,[정정]주주총회소집결의,태광
20260312000235,2026-03-12 11:22,파수AI,코스닥,주주총회소집결의,파수에이아이
20260312000176,2026-03-12 11:22,KBI메탈,코스닥,주주총회소집결의,케이비아이메탈
20260312000215,2026-03-12 11:15,지구홀딩스,코스닥,[정정]주주총회소집결의,지구홀딩스
20260312000231,2026-03-12 11:09,태원물산,유가증권,[정정]주주총회소집결의,태원물산
20260312000212,2026-03-12 11:09,모니터랩,코스닥,[정정]주주총회소집결의,모니터랩
20260312000203,2026-03-12 11:00,덕산하이메탈,코스닥,주주총회소집결의,덕산하이메탈
20260312000166,2026-03-12 10:48,마이크로투나노,코스닥,주주총회소집결의,마이크로투나노
20260312000146,2026-03-12 10:28,한국정보공학,코스닥,주주총회소집결의,한국정보공학
20260312000116,2026-03-12 10:11,서울식품공업,유가증권,주주총회소집결의,서울식품공업
20260312000111,2026-03-12 09:54,탈로스,코넥스,주주총회소집 결의,탈로스
20260311002688,2026-03-11 19:15,오르비텍,코스닥,주주총회소집결의,오르비텍
20260311002704,2026-03-11 18:55,오스코텍,코스닥,주주총회소집결의,오스코텍
20260311002709,2026-03-11 18:50,LS,유가증권,주주총회소집결의,LS
20260311002641,2026-03-11 18:43,에이텍,코스닥,주주총회소집결의,에이텍
20260311002691,2026-03-11 18:32,민테크,코스닥,주주총회소집결의,민테크
20260311002628,2026-03-11 18:30,비츠로시스,코스닥,주주총회소집결의,비츠로시스
20260311002677,2026-03-11 18:28,이지스,코스닥,[정정]주주총회소집결의,이지스
20260311002425,2026-03-11 18:19,큐캐피탈,코스닥,주주총회소집결의,큐캐피탈파트너스
20260311002678,2026-03-11 18:18,쿠쿠홈시스,유가증권,주주총회소집결의,쿠쿠홈시스
20260311002674,2026-03-11 18:16,아이엠,코스닥,[정정]주주총회소집결의,아이엠
20260311002666,2026-03-11 18:16,어보브반도체,코스닥,주주총회소집결의,어보브반도체
20260311002634,2026-03-11 18:12,오텍,코스닥,주주총회소집결의,오텍
20260311002490,2026-03-11 18:11,티이엠씨,코스닥,주주총회소집결의,티이엠씨
20260311002410,2026-03-11 18:11,휴림에이텍,코스닥,주주총회소집결의,휴림에이텍
20260311002646,2026-03-11 18:10,태광,코스닥,[정정]주주총회소집결의,태광
20260311002581,2026-03-11 18:10,DB증권,유가증권,주주총회소집결의,DB증권
20260311002501,2026-03-11 18:09,베노티앤알,코스닥,주주총회소집결의,베노티앤알
20260311002604,2026-03-11 18:05,SK네트웍스,유가증권,[정정]주주총회소집결의,SK네트웍스
20260311002575,2026-03-11 18:04,웅진씽크빅,유가증권,주주총회소집결의,웅진씽크빅
20260311002623,2026-03-11 18:01,멤레이비티,코스닥,[정정]주주총회소집결의,멤레이비티
20260311002487,2026-03-11 18:01,에이플러스에셋,유가증권,주주총회소집결의,에이플러스에셋어드바이저
20260311002540,2026-03-11 18:00,한국정보인증,코스닥,주주총회소집결의,한국정보인증
20260311002611,2026-03-11 17:58,인바디,코스닥,[정정]주주총회소집결의,인바디
20260311002483,2026-03-11 17:58,NH투자증권,유가증권,주주총회소집결의,엔에이치투자증권
20260311002472,2026-03-11 17:56,웅진,유가증권,주주총회소집결의,웅진
20260311002520,2026-03-11 17:55,대한뉴팜,코스닥,[정정]주주총회소집결의,대한뉴팜
20260311002517,2026-03-11 17:55,KB오토시스,코스닥,주주총회소집결의,KB오토시스
20260311002432,2026-03-11 17:54,오로라,코스닥,주주총회소집결의,오로라월드
20260311002468,2026-03-11 17:52,대창솔루션,코스닥,주주총회소집결의,대창솔루션
20260311002395,2026-03-11 17:50,케이뱅크,유가증권,주주총회소집결의,케이뱅크
20260311002392,2026-03-11 17:49,이엠티,코넥스,[정정]주주총회소집 결의,이엠티
20260311002423,2026-03-11 17:42,원풍물산,코스닥,주주총회소집결의,원풍물산
20260311002428,2026-03-11 17:39,엔키AX,코스닥,[정정]주주총회소집결의,엔키에이엑스
20260311002232,2026-03-11 17:39,부국증권,유가증권,주주총회소집결의,부국증권
20260311002415,2026-03-11 17:38,안랩,코스닥,주주총회소집결의,안랩
20260311002321,2026-03-11 17:37,벨로크,코스닥,주주총회소집결의,벨로크
20260311002311,2026-03-11 17:36,삼성제약,유가증권,주주총회소집결의,삼성제약
20260311002177,2026-03-11 17:34,덴티스,코스닥,주주총회소집결의,덴티스
20260311002279,2026-03-11 17:33,에코플라스틱,코스닥,주주총회소집결의,에코플라스틱
20260311002142,2026-03-11 17:33,플레이위드,코스닥,주주총회소집결의,플레이위드코리아
20260311002266,2026-03-11 17:31,에임드바이오,코스닥,주주총회소집결의,에임드바이오
20260311002221,2026-03-11 17:29,케이티알파,코스닥,주주총회소집결의,케이티알파
20260311001977,2026-03-11 17:29,아이티아이즈,코스닥,주주총회소집결의,아이티아이즈
20260311002217,2026-03-11 17:28,폴라리스세원,코스닥,주주총회소집결의,폴라리스세원
20260311002212,2026-03-11 17:28,메가스터디교육,코스닥,주주총회소집결의,메가스터디교육
20260311002161,2026-03-11 17:28,옴니시스템,코스닥,주주총회소집결의,옴니시스템
20260311002083,2026-03-11 17:27,레드우즈,코넥스,주주총회소집 결의,레드우즈
20260311002182,2026-03-11 17:26,엠엑스로보틱스,코스닥,주주총회소집결의,엠엑스로보틱스
20260311001936,2026-03-11 17:26,하이딥,코스닥,주주총회소집결의,하이딥
20260311002244,2026-03-11 17:25,아이에스동서,유가증권,주주총회소집결의,아이에스동서
20260311002170,2026-03-11 17:25,스피어,코스닥,주주총회소집결의,스피어코퍼레이션
20260311002106,2026-03-11 17:24,지투지바이오,코스닥,주주총회소집결의,지투지바이오
20260311002227,2026-03-11 17:23,유수홀딩스,유가증권,주주총회소집결의,유수홀딩스
20260311002204,2026-03-11 17:22,아센디오,유가증권,[정정]주주총회소집결의,아센디오
20260311001979,2026-03-11 17:22,카카오,유가증권,[정정]주주총회소집결의,카카오
20260311001966,2026-03-11 17:22,스맥,코스닥,주주총회소집결의,스맥
20260311002105,2026-03-11 17:20,서울반도체,코스닥,주주총회소집결의,서울반도체
20260311001934,2026-03-11 17:20,금호석유화학,유가증권,주주총회소집결의,금호석유화학
20260311002211,2026-03-11 17:19,뉴인텍,코스닥,주주총회소집결의,뉴인텍
20260311001971,2026-03-11 17:19,GST,코스닥,주주총회소집결의,글로벌스탠다드테크놀로지
20260311001926,2026-03-11 17:19,유성티엔에스,코스닥,주주총회소집결의,유성티엔에스
20260311002115,2026-03-11 17:18,노바텍,코스닥,주주총회소집결의,노바텍
20260311002019,2026-03-11 17:18,케이아이엔엑스,코스닥,주주총회소집결의,케이아이엔엑스
20260311001919,2026-03-11 17:18,PKC,유가증권,주주총회소집결의,피케이씨
20260311002094,2026-03-11 17:17,코미팜,코스닥,[정정]주주총회소집결의,코미팜
20260311002125,2026-03-11 17:16,선익시스템,코스닥,[정정]주주총회소집결의,선익시스템
20260311002119,2026-03-11 17:14,엔키AX,코스닥,주주총회소집결의,엔키에이엑스
20260311002017,2026-03-11 17:14,KT밀리의서재,코스닥,주주총회소집결의,케이티밀리의서재
20260311001899,2026-03-11 17:14,한양증권,유가증권,주주총회소집결의,한양증권
20260311001967,2026-03-11 17:12,서연,유가증권,주주총회소집결의,서연
20260311002080,2026-03-11 17:11,대봉엘에스,코스닥,주주총회소집결의,대봉엘에스
20260311002012,2026-03-11 17:11,더블유게임즈,유가증권,주주총회소집결의,더블유게임즈
20260311001901,2026-03-11 17:11,우리넷,코스닥,주주총회소집결의,우리넷
20260311002024,2026-03-11 17:10,네오크레마,코스닥,주주총회소집결의,네오크레마
20260311001957,2026-03-11 17:07,E1,유가증권,주주총회소집결의,E1
20260311001905,2026-03-11 17:07,볼빅,코넥스,주주총회소집 결의,볼빅
20260311001893,2026-03-11 17:07,태원물산,유가증권,주주총회소집결의,태원물산
20260311001696,2026-03-11 17:06,서희건설,코스닥,주주총회소집결의,서희건설
20260311001939,2026-03-11 17:05,MDS스피어,유가증권,주주총회소집결의,MDS스피어
20260311001843,2026-03-11 17:05,성창기업지주,유가증권,주주총회소집결의,성창기업지주
20260311001892,2026-03-11 17:02,경남제약,코스닥,[정정]주주총회소집결의,경남제약
20260311001897,2026-03-11 17:01,CJ CGV,유가증권,[정정]주주총회소집결의,씨제이씨지브이
20260311001491,2026-03-11 17:01,휴맥스홀딩스,코스닥,주주총회소집결의,휴맥스홀딩스
20260311001842,2026-03-11 17:00,한국앤컴퍼니,유가증권,[정정]주주총회소집결의,한국앤컴퍼니
20260311001807,2026-03-11 17:00,누리플랜,코스닥,주주총회소집결의,누리플랜
20260311001872,2026-03-11 16:58,시선AI,코스닥,주주총회소집결의,시선에이아이
20260311001814,2026-03-11 16:58,헥토파이낸셜,코스닥,주주총회소집결의,헥토파이낸셜
20260311001797,2026-03-11 16:58,티엔엔터테인먼트,코스닥,주주총회소집결의,티엔엔터테인먼트
20260311001845,2026-03-11 16:57,캐스텍코리아,코스닥,주주총회소집결의,캐스텍코리아
20260311001830,2026-03-11 16:57,한울앤제주,코스닥,주주총회소집결의,한울앤제주
20260311001828,2026-03-11 16:57,대원제약,유가증권,[정정]주주총회소집결의,대원제약
20260311001755,2026-03-11 16:57,다우기술,유가증권,[정정]주주총회소집결의,다우기술
20260311001794,2026-03-11 16:55,미래컴퍼니,코스닥,주주총회소집결의,미래컴퍼니
20260311001579,2026-03-11 16:55,동일금속,코스닥,주주총회소집결의,동일금속
20260311001701,2026-03-11 16:54,YG PLUS,유가증권,[정정]주주총회소집결의,와이지플러스
20260311001674,2026-03-11 16:53,금호타이어,유가증권,주주총회소집결의,금호타이어
20260311001727,2026-03-11 16:51,코스나인,코스닥,[정정]주주총회소집결의,코스나인
20260311001748,2026-03-11 16:50,동양이엔피,코스닥,주주총회소집결의,동양이엔피
20260311001781,2026-03-11 16:49,캡스톤파트너스,코스닥,주주총회소집결의,캡스톤파트너스
20260311001746,2026-03-11 16:47,뉴트리,코스닥,주주총회소집결의,뉴트리
20260311001685,2026-03-11 16:47,화인써키트,코스닥,주주총회소집결의,화인써키트
20260311001577,2026-03-11 16:46,큐리언트,코스닥,주주총회소집결의,큐리언트
20260311001692,2026-03-11 16:45,도이치모터스,코스닥,주주총회소집결의,도이치모터스
20260311001659,2026-03-11 16:45,타이드,코넥스,주주총회소집 결의,타이드
20260311001642,2026-03-11 16:45,씨유테크,코스닥,주주총회소집결의,씨유테크
20260311001553,2026-03-11 16:45,티엑스알로보틱스,코스닥,[정정]주주총회소집결의,티엑스알로보틱스
20260311001523,2026-03-11 16:45,에코심플렉스,코스닥,주주총회소집결의,에코심플렉스
20260311001682,2026-03-11 16:44,KX하이텍,코스닥,주주총회소집결의,케이엑스하이텍
20260311001680,2026-03-11 16:44,네패스,코스닥,주주총회소집결의,네패스
20260311001684,2026-03-11 16:43,DH오토넥스,유가증권,주주총회소집결의,디에이치오토넥스
20260311001697,2026-03-11 16:42,교촌에프앤비,유가증권,주주총회소집결의,교촌에프앤비
20260311001644,2026-03-11 16:42,우성머티리얼스,유가증권,주주총회소집결의,우성머티리얼스
20260311001596,2026-03-11 16:42,제너셈,코스닥,주주총회소집결의,제너셈
20260311001666,2026-03-11 16:41,팬스타엔터프라이즈,코스닥,주주총회소집결의,팬스타엔터프라이즈
20260311001611,2026-03-11 16:41,스튜디오드래곤,코스닥,주주총회소집결의,스튜디오드래곤
20260311001180,2026-03-11 16:40,HLB생명과학,코스닥,주주총회소집결의,에이치엘비생명과학
20260311001554,2026-03-11 16:37,한국타이어앤테크놀로지,유가증권,[정정]주주총회소집결의,한국타이어앤테크놀로지
20260311001550,2026-03-11 16:37,사조동아원,유가증권,주주총회소집결의,사조동아원
20260311001505,2026-03-11 16:37,케이웨더,코스닥,주주총회소집결의,케이웨더
20260311001342,2026-03-11 16:37,태광,코스닥,주주총회소집결의,태광
20260311001647,2026-03-11 16:36,SHD,유가증권,[정정]주주총회소집결의,신화다이나믹스
20260311001630,2026-03-11 16:36,이렘,코스닥,주주총회소집결의,이렘
20260311001538,2026-03-11 16:36,아센디오,유가증권,주주총회소집결의,아센디오
20260311001506,2026-03-11 16:36,참엔지니어링,유가증권,주주총회소집결의,참엔지니어링
20260311001462,2026-03-11 16:35,티움바이오,코스닥,주주총회소집결의,티움바이오
20260311001608,2026-03-11 16:34,경방,유가증권,주주총회소집결의,경방
20260311001494,2026-03-11 16:34,나우로보틱스,코스닥,[정정]주주총회소집결의,나우로보틱스
20260311001321,2026-03-11 16:32,고바이오랩,코스닥,주주총회소집결의,고바이오랩
20260311001301,2026-03-11 16:32,한국파마,코스닥,주주총회소집결의,한국파마
20260311001558,2026-03-11 16:31,엠앤씨솔루션,유가증권,주주총회소집결의,엠앤씨솔루션
20260311001258,2026-03-11 16:31,나무AX,코스닥,[정정]주주총회소집결의,나무에이엑스
20260311001598,2026-03-11 16:30,에스티오,코스닥,[정정]주주총회소집결의,㈜에스티오
20260311001504,2026-03-11 16:30,쇼박스,코스닥,주주총회소집결의,쇼박스
20260311001470,2026-03-11 16:30,PS일렉트로닉스,코스닥,[정정]주주총회소집결의,피에스일렉트로닉스
20260311001399,2026-03-11 16:30,세림B&G,코스닥,주주총회소집결의,세림비앤지
20260311001455,2026-03-11 16:29,코스메카코리아,코스닥,주주총회소집결의,코스메카코리아
20260311001447,2026-03-11 16:28,아리바이오홀딩스,코스닥,주주총회소집결의,아리바이오홀딩스
20260311001375,2026-03-11 16:26,NICE인프라,코스닥,주주총회소집결의,NICE인프라
20260311001502,2026-03-11 16:24,케이엔알시스템,코스닥,주주총회소집결의,케이엔알시스템
20260311001482,2026-03-11 16:23,금강철강,코스닥,주주총회소집결의,금강철강
20260311001345,2026-03-11 16:22,포인트모바일,코스닥,[정정]주주총회소집결의,포인트모바일
20260311001384,2026-03-11 16:20,코윈로보틱스,코스닥,주주총회소집결의,코윈로보틱스
20260311001465,2026-03-11 16:19,넵튠,코스닥,[정정]주주총회소집결의,넵튠
20260311001389,2026-03-11 16:19,솔브레인홀딩스,코스닥,주주총회소집결의,솔브레인홀딩스
20260311001366,2026-03-11 16:17,엘디티,코스닥,주주총회소집결의,엘디티
20260311001358,2026-03-11 16:16,바텍,코스닥,주주총회소집결의,바텍
20260311001297,2026-03-11 16:15,이녹스,코스닥,주주총회소집결의,이녹스
20260311001481,2026-03-11 16:14,TYM,유가증권,주주총회소집결의,티와이엠
20260311001371,2026-03-11 16:14,엘에이티,코넥스,주주총회소집 결의,엘에이티
20260311001403,2026-03-11 16:13,머큐리,코스닥,[정정]주주총회소집결의,머큐리
20260311001293,2026-03-11 16:12,초록뱀미디어,코스닥,주주총회소집결의,초록뱀미디어
20260311001276,2026-03-11 16:12,더블유씨피,코스닥,주주총회소집결의,더블유씨피
20260311001290,2026-03-11 16:10,아이스크림에듀,코스닥,주주총회소집결의,아이스크림에듀
20260311001260,2026-03-11 16:10,오상자이엘,코스닥,주주총회소집결의,오상자이엘
20260311001323,2026-03-11 16:07,KG이니시스,코스닥,주주총회소집결의,케이지이니시스
20260311001266,2026-03-11 16:06,아셈스,코스닥,주주총회소집결의,아셈스
20260311001220,2026-03-11 16:04,넥스트아이,코스닥,주주총회소집결의,넥스트아이
20260311001253,2026-03-11 16:02,메가터치,코스닥,주주총회소집결의,메가터치
20260311001188,2026-03-11 16:02,지노믹트리,코스닥,주주총회소집결의,지노믹트리
20260311001268,2026-03-11 15:57,APS,코스닥,주주총회소집결의,에이피에스
20260311001248,2026-03-11 15:57,금호에이치티,유가증권,주주총회소집결의,금호에이치티
20260311001242,2026-03-11 15:53,지엔코,코스닥,주주총회소집결의,지엔코
20260311001142,2026-03-11 15:53,SB성보,유가증권,주주총회소집결의,에스비성보
20260311001176,2026-03-11 15:51,케일럼,코스닥,[정정]주주총회소집결의,케일럼
20260311001161,2026-03-11 15:50,일지테크,코스닥,주주총회소집결의,일지테크
20260311001173,2026-03-11 15:49,티에스아이,코스닥,주주총회소집결의,티에스아이
20260311001149,2026-03-11 15:49,에코볼트,코스닥,주주총회소집결의,에코볼트
20260311001114,2026-03-11 15:46,대한방직,유가증권,주주총회소집결의,대한방직
20260311001103,2026-03-11 15:46,씨젠,코스닥,주주총회소집결의,씨젠
20260311001127,2026-03-11 15:43,휴맥스,코스닥,주주총회소집결의,휴맥스
20260311001105,2026-03-11 15:43,엔지켐생명과학,코스닥,주주총회소집결의,엔지켐생명과학
20260311001193,2026-03-11 15:42,씨에스윈드,유가증권,[정정]주주총회소집결의,씨에스윈드
20260311001169,2026-03-11 15:40,팜스빌,코스닥,주주총회소집결의,팜스빌
20260311001092,2026-03-11 15:39,에스투더블유,코스닥,주주총회소집결의,에스투더블유
20260311001059,2026-03-11 15:38,NHN벅스,코스닥,주주총회소집결의,엔에이치엔벅스
20260311001093,2026-03-11 15:37,CJ프레시웨이,코스닥,주주총회소집결의,씨제이프레시웨이
20260311001056,2026-03-11 15:31,KBG,코스닥,주주총회소집결의,케이비지
20260311001051,2026-03-11 15:31,링크솔루션,코스닥,주주총회소집결의,링크솔루션
20260311001030,2026-03-11 15:28,제넥신,코스닥,주주총회소집결의,제넥신
20260311000980,2026-03-11 15:28,이녹스첨단소재,코스닥,[정정]주주총회소집결의,이녹스첨단소재
20260311001053,2026-03-11 15:27,덕산네오룩스,코스닥,[정정]주주총회소집결의,덕산네오룩스
20260311000967,2026-03-11 15:27,퀀텀레일,코스닥,주주총회소집결의,퀀텀레일
20260311001023,2026-03-11 15:25,온타이드,유가증권,주주총회소집결의,온타이드
20260311001039,2026-03-11 15:24,서울도시가스,유가증권,주주총회소집결의,서울도시가스
20260311000977,2026-03-11 15:20,넥써쓰,코스닥,주주총회소집결의,넥써쓰
20260311000975,2026-03-11 15:20,케이티스카이라이프,유가증권,주주총회소집결의,케이티스카이라이프
20260311001005,2026-03-11 15:19,CMG제약,코스닥,주주총회소집결의,CMG제약
20260311000995,2026-03-11 15:19,신신제약,코스닥,[정정]주주총회소집결의,신신제약
20260311000992,2026-03-11 15:19,아이큐어,코스닥,주주총회소집결의,아이큐어
20260311000949,2026-03-11 15:19,HLB바이오스텝,코스닥,주주총회소집결의,에이치엘비바이오스텝
20260311000945,2026-03-11 15:19,이노뎁,코스닥,[정정]주주총회소집결의,이노뎁
20260311001018,2026-03-11 15:18,대한뉴팜,코스닥,주주총회소집결의,대한뉴팜
20260311000932,2026-03-11 15:18,케이엔제이,코스닥,주주총회소집결의,케이엔제이
20260311000976,2026-03-11 15:16,모베이스전자,코스닥,주주총회소집결의,모베이스전자
20260311000963,2026-03-11 15:15,동원산업,유가증권,주주총회소집결의,동원산업
20260311000814,2026-03-11 15:15,아미노로직스,코스닥,주주총회소집결의,아미노로직스
20260311000812,2026-03-11 15:14,코아시아씨엠,코스닥,주주총회소집결의,코아시아씨엠
20260311000921,2026-03-11 15:13,빅텐츠,코스닥,주주총회소집결의,빅토리콘텐츠
20260311000951,2026-03-11 15:11,엑셀세라퓨틱스,코스닥,주주총회소집결의,엑셀세라퓨틱스
20260311000948,2026-03-11 15:10,드림시큐리티,코스닥,주주총회소집결의,드림시큐리티
20260311000955,2026-03-11 15:07,하이트진로홀딩스,유가증권,주주총회소집결의,하이트진로홀딩스
20260311000860,2026-03-11 15:03,디엔에프,코스닥,주주총회소집결의,디엔에프
20260311000925,2026-03-11 15:02,켐트로스,코스닥,[정정]주주총회소집결의,켐트로스
20260311000904,2026-03-11 15:02,케이옥션,코스닥,주주총회소집결의,케이옥션
20260311000805,2026-03-11 15:02,파두,코스닥,주주총회소집결의,파두
20260311000894,2026-03-11 14:57,아주스틸,유가증권,주주총회소집결의,아주스틸
20260311000852,2026-03-11 14:57,에스제이그룹,코스닥,주주총회소집결의,에스제이그룹
20260311000801,2026-03-11 14:56,오가노이드사이언스,코스닥,주주총회소집결의,오가노이드사이언스
20260311000856,2026-03-11 14:53,한국콜마,유가증권,주주총회소집결의,한국콜마
20260311000826,2026-03-11 14:52,멕아이씨에스,코스닥,[정정]주주총회소집결의,멕아이씨에스
20260311000810,2026-03-11 14:51,싸이맥스,코스닥,주주총회소집결의,싸이맥스
20260311000787,2026-03-11 14:50,팬젠,코스닥,주주총회소집결의,팬젠
20260311000811,2026-03-11 14:43,빙그레,유가증권,주주총회소집결의,빙그레
20260311000775,2026-03-11 14:41,하이즈항공,코스닥,주주총회소집결의,하이즈항공
20260311000758,2026-03-11 14:41,이스타코,유가증권,주주총회소집결의,이스타코
20260311000770,2026-03-11 14:36,종근당,유가증권,주주총회소집결의,종근당
20260311000752,2026-03-11 14:35,대림제지,코스닥,주주총회소집결의,대림제지
20260311000745,2026-03-11 14:34,헥토이노베이션,코스닥,주주총회소집결의,헥토이노베이션
20260311000741,2026-03-11 14:34,헬릭스미스,코스닥,주주총회소집결의,헬릭스미스
20260311000737,2026-03-11 14:34,라온로보틱스,코스닥,주주총회소집결의,라온로보틱스
20260311000765,2026-03-11 14:29,신일전자,유가증권,주주총회소집결의,신일전자
20260311000767,2026-03-11 14:28,대모,코스닥,주주총회소집결의,대모엔지니어링
20260311000708,2026-03-11 14:28,모두투어,코스닥,주주총회소집결의,모두투어네트워크
20260311000738,2026-03-11 14:25,프로이천,코스닥,[정정]주주총회소집결의,프로이천
20260311000693,2026-03-11 14:25,마음AI,코스닥,주주총회소집결의,마음에이아이
20260311000685,2026-03-11 14:21,현대바이오,코스닥,주주총회소집결의,현대바이오사이언스
20260311000688,2026-03-11 14:20,SG&G,코스닥,주주총회소집결의,에스지엔지
20260311000673,2026-03-11 14:19,삼기,코스닥,주주총회소집결의,삼기
20260311000701,2026-03-11 14:16,삼기에너지솔루션즈,코스닥,주주총회소집결의,삼기에너지솔루션즈
20260311000691,2026-03-11 14:16,큐라클,코스닥,주주총회소집결의,큐라클
20260311000684,2026-03-11 14:16,창해에탄올,코스닥,주주총회소집결의,창해에탄올
20260311000681,2026-03-11 14:16,한싹,코스닥,주주총회소집결의,한싹
20260311000660,2026-03-11 14:16,지엘팜텍,코스닥,주주총회소집결의,지엘팜텍
20260311000645,2026-03-11 14:16,KG에코솔루션,코스닥,[정정]주주총회소집결의,케이지에코솔루션
20260311000683,2026-03-11 14:15,금호전기,유가증권,[정정]주주총회소집결의,금호전기
20260311000704,2026-03-11 14:13,큐알티,코스닥,주주총회소집결의,큐알티
20260311000621,2026-03-11 14:10,에이치와이티씨,코스닥,주주총회소집결의,에이치와이티씨
20260311000644,2026-03-11 14:01,유니온머티리얼,유가증권,주주총회소집결의,유니온머티리얼
20260311000627,2026-03-11 14:01,하이트진로,유가증권,주주총회소집결의,하이트진로
20260311000566,2026-03-11 13:59,모토닉,유가증권,주주총회소집결의,모토닉
20260311000551,2026-03-11 13:59,우진비앤지,코스닥,주주총회소집결의,우진비앤지
20260311000615,2026-03-11 13:57,닷밀,코스닥,주주총회소집결의,닷밀
20260311000604,2026-03-11 13:56,LB인베스트먼트,코스닥,주주총회소집결의,엘비인베스트먼트
20260311000595,2026-03-11 13:56,와이솔,코스닥,[정정]주주총회소집결의,와이솔
20260311000600,2026-03-11 13:55,자비스,코스닥,주주총회소집결의,자비스
20260311000626,2026-03-11 13:54,네패스아크,코스닥,주주총회소집결의,네패스아크
20260311000590,2026-03-11 13:52,노드메이슨,코넥스,주주총회소집 결의,노드메이슨
20260311000582,2026-03-11 13:51,대성에너지,유가증권,주주총회소집결의,대성에너지
20260311000598,2026-03-11 13:50,원림,유가증권,주주총회소집결의,원림
20260311000588,2026-03-11 13:50,부국철강,유가증권,주주총회소집결의,부국철강
20260311000585,2026-03-11 13:48,아티스트스튜디오,코스닥,주주총회소집결의,아티스트스튜디오
20260311000579,2026-03-11 13:48,씨큐브,코스닥,주주총회소집결의,씨큐브
20260311000578,2026-03-11 13:48,KS인더스트리,코스닥,주주총회소집결의,케이에스인더스트리
20260311000572,2026-03-11 13:44,명신산업,유가증권,주주총회소집결의,명신산업
20260311000565,2026-03-11 13:44,디티앤씨,코스닥,주주총회소집결의,디티앤씨
20260311000558,2026-03-11 13:44,산돌,코스닥,주주총회소집결의,산돌
20260311000526,2026-03-11 13:43,코이즈,코스닥,[정정]주주총회소집결의,코이즈
20260311000548,2026-03-11 13:42,나라스페이스테크놀로지,코스닥,주주총회소집결의,나라스페이스테크놀로지
20260311000543,2026-03-11 13:42,코텍,코스닥,주주총회소집결의,코텍
20260311000534,2026-03-11 13:41,일월지엠엘,코스닥,주주총회소집결의,일월지엠엘
20260311000456,2026-03-11 13:41,엑셈,코스닥,주주총회소집결의,엑셈
20260311000555,2026-03-11 13:40,알멕,코스닥,주주총회소집결의,알멕
20260311000518,2026-03-11 13:40,아이에이,코스닥,주주총회소집결의,아이에이
20260311000522,2026-03-11 13:38,삼화네트웍스,코스닥,주주총회소집결의,삼화네트웍스
20260311000517,2026-03-11 13:37,본느,코스닥,[정정]주주총회소집결의,본느
20260311000505,2026-03-11 13:37,알루코,유가증권,[정정]주주총회소집결의,알루코
20260311000511,2026-03-11 13:36,에스피소프트,코스닥,주주총회소집결의,에스피소프트
20260311000459,2026-03-11 13:27,까뮤이앤씨,유가증권,주주총회소집결의,까뮤이앤씨
20260311000470,2026-03-11 13:26,대상,유가증권,[정정]주주총회소집결의,대상
20260311000488,2026-03-11 13:24,에이치엠넥스,코스닥,주주총회소집결의,에이치엠넥스
20260311000448,2026-03-11 13:22,대동금속,코스닥,주주총회소집결의,대동금속
20260311000480,2026-03-11 13:21,디케이앤디,코스닥,주주총회소집결의,디케이앤디
20260311000472,2026-03-11 13:18,HT로보틱스,코스닥,주주총회소집결의,에이치티로보틱스
20260311000443,2026-03-11 13:09,아난티,코스닥,주주총회소집결의,아난티
20260311000420,2026-03-11 12:40,KBI동양철관,유가증권,주주총회소집결의,케이비아이동양철관
20260311000417,2026-03-11 12:25,뉴엔AI,코스닥,주주총회소집결의,뉴엔에이아이
20260311000411,2026-03-11 12:18,컴투스홀딩스,코스닥,주주총회소집결의,컴투스홀딩스
20260311000401,2026-03-11 12:04,동진쎄미켐,코스닥,주주총회소집결의,동진쎄미켐
20260311000386,2026-03-11 11:59,경인양행,유가증권,주주총회소집결의,경인양행
20260311000391,2026-03-11 11:55,오디텍,코스닥,주주총회소집결의,오디텍
20260311000325,2026-03-11 11:51,베뉴지,코스닥,주주총회소집결의,베뉴지
20260311000373,2026-03-11 11:46,브리지텍,코스닥,[정정]주주총회소집결의,브리지텍
20260311000370,2026-03-11 11:46,미창석유공업,유가증권,주주총회소집결의,미창석유공업
20260311000359,2026-03-11 11:35,인터로이드,코넥스,주주총회소집 결의,인터로이드
20260311000343,2026-03-11 11:26,엠오티,코스닥,주주총회소집결의,엠오티
20260311000337,2026-03-11 11:21,명문제약,유가증권,주주총회소집결의,명문제약
20260311000305,2026-03-11 11:17,에코프로,코스닥,[정정]주주총회소집결의,에코프로
20260311000221,2026-03-11 11:16,탑엔지니어링,코스닥,주주총회소집결의,탑엔지니어링
20260311000297,2026-03-11 11:13,이성씨엔아이,코넥스,주주총회소집 결의,이성씨엔아이
20260311000298,2026-03-11 11:07,엠아이텍,코스닥,주주총회소집결의,엠아이텍
20260311000285,2026-03-11 11:04,뉴프렉스,코스닥,주주총회소집결의,뉴프렉스
20260311000245,2026-03-11 11:01,한화,유가증권,[정정]주주총회소집결의,한화
20260311000262,2026-03-11 10:59,비씨월드제약,코스닥,[정정]주주총회소집결의,비씨월드제약
20260311000286,2026-03-11 10:56,디지털대성,코스닥,주주총회소집결의,디지털대성
20260311000274,2026-03-11 10:56,와토스코리아,코스닥,주주총회소집결의,와토스코리아
20260311000263,2026-03-11 10:55,액스비스,코스닥,주주총회소집결의,액스비스
20260311000265,2026-03-11 10:53,진영,코스닥,주주총회소집결의,진영
20260311000239,2026-03-11 10:43,비에이치,유가증권,주주총회소집결의,비에이치
20260311000224,2026-03-11 10:40,디케이티,코스닥,주주총회소집결의,디케이티
20260311000243,2026-03-11 10:38,현대힘스,코스닥,주주총회소집결의,현대힘스
20260311000211,2026-03-11 10:21,제일연마,유가증권,주주총회소집결의,제일연마공업
20260311000175,2026-03-11 10:12,와이투솔루션,유가증권,주주총회소집결의,와이투솔루션
20260311000170,2026-03-11 10:11,KG모빌리티플랫폼,유가증권,[정정]주주총회소집결의,케이지모빌리티플랫폼
20260311000108,2026-03-11 09:15,영원무역,유가증권,[정정]주주총회소집결의,영원무역
20260311000005,2026-03-11 07:47,핸즈코퍼레이션,유가증권,주주총회소집결의,핸즈코퍼레이션
20260310001829,2026-03-10 19:12,알서포트,코스닥,주주총회소집결의,알서포트
20260310002024,2026-03-10 18:47,나이스디앤비,코스닥,주주총회소집결의,나이스디앤비
20260310002015,2026-03-10 18:35,콜마홀딩스,유가증권,주주총회소집결의,콜마홀딩스
20260310002017,2026-03-10 18:34,한빛레이저,코스닥,주주총회소집결의,한빛레이저
20260310002003,2026-03-10 18:21,메디콕스,코스닥,[정정]주주총회소집결의,메디콕스
20260310001994,2026-03-10 18:19,한독,유가증권,[정정]주주총회소집결의,한독
20260310001962,2026-03-10 18:10,인투셀,코스닥,주주총회소집결의,인투셀
20260310001945,2026-03-10 18:03,코스맥스엔비티,코스닥,주주총회소집결의,코스맥스엔비티
20260310001944,2026-03-10 17:59,에이텍모빌리티,코스닥,주주총회소집결의,에이텍모빌리티
20260310001873,2026-03-10 17:58,가비아,코스닥,주주총회소집결의,가비아
20260310001934,2026-03-10 17:57,유니크,코스닥,주주총회소집결의,유니크
20260310001916,2026-03-10 17:55,대호특수강,코스닥,주주총회소집결의,대호특수강
20260310001901,2026-03-10 17:52,영풍,유가증권,주주총회소집결의,영풍
20260310001876,2026-03-10 17:52,케이티,유가증권,주주총회소집결의,케이티
20260310001850,2026-03-10 17:52,원익큐브,코스닥,주주총회소집결의,원익큐브
20260310001893,2026-03-10 17:50,케이엔에스,코스닥,주주총회소집결의,케이엔에스
20260310001869,2026-03-10 17:50,산일전기,유가증권,주주총회소집결의,산일전기
20260310001862,2026-03-10 17:50,하이브,유가증권,주주총회소집결의,하이브
20260310001889,2026-03-10 17:49,티사이언티픽,코스닥,[정정]주주총회소집결의,티사이언티픽
20260310001866,2026-03-10 17:49,아리바이오LAB,코스닥,주주총회소집결의,아리바이오랩
20260310001859,2026-03-10 17:49,시프트업,유가증권,[정정]주주총회소집결의,시프트업
20260310001870,2026-03-10 17:48,한국토지신탁,유가증권,주주총회소집결의,한국토지신탁
20260310001872,2026-03-10 17:47,HMM,유가증권,주주총회소집결의,에이치엠엠
20260310001871,2026-03-10 17:46,소프트캠프,코스닥,주주총회소집결의,소프트캠프
20260310001847,2026-03-10 17:44,한솔케미칼,유가증권,[정정]주주총회소집결의,한솔케미칼
20260310001766,2026-03-10 17:39,신풍제약,유가증권,주주총회소집결의,신풍제약
20260310001781,2026-03-10 17:36,제이엔케이글로벌,코스닥,주주총회소집결의,제이엔케이글로벌
20260310001760,2026-03-10 17:36,와이즈넛,코스닥,주주총회소집결의,와이즈넛
20260310001737,2026-03-10 17:35,영원무역홀딩스,유가증권,주주총회소집결의,영원무역홀딩스
20260310001794,2026-03-10 17:34,TP,유가증권,주주총회소집결의,티피
20260310001735,2026-03-10 17:31,두산테스나,코스닥,주주총회소집결의,두산테스나
20260310001731,2026-03-10 17:29,엑스게이트,코스닥,주주총회소집결의,엑스게이트
20260310001680,2026-03-10 17:25,HLB펩,코스닥,주주총회소집결의,에이치엘비펩
20260310001743,2026-03-10 17:24,SHD,유가증권,[정정]주주총회소집결의,신화다이나믹스
20260310001726,2026-03-10 17:22,신세계푸드,유가증권,주주총회소집결의,신세계푸드
20260310001687,2026-03-10 17:21,DB손해보험,유가증권,[정정]주주총회소집결의,DB손해보험
20260310001662,2026-03-10 17:21,서연이화,유가증권,주주총회소집결의,서연이화
20260310001642,2026-03-10 17:21,윙스풋,코스닥,주주총회소집결의,윙스풋
20260310001624,2026-03-10 17:19,넵튠,코스닥,주주총회소집결의,넵튠
20260310001718,2026-03-10 17:18,하나마이크론,코스닥,주주총회소집결의,하나마이크론
20260310001605,2026-03-10 17:17,인카금융서비스,코스닥,주주총회소집결의,인카금융서비스
20260310001345,2026-03-10 17:16,네오셈,코스닥,주주총회소집결의,네오셈
20260310001324,2026-03-10 17:15,컴투스,코스닥,주주총회소집결의,컴투스
20260310001577,2026-03-10 17:14,유라테크,코스닥,주주총회소집결의,유라테크
20260310001607,2026-03-10 17:11,KTis,유가증권,주주총회소집결의,케이티아이에스
20260310001659,2026-03-10 17:10,CNT85,코스닥,주주총회소집결의,씨앤티85
20260310001631,2026-03-10 17:10,씨티씨바이오,코스닥,주주총회소집결의,씨티씨바이오
20260310001619,2026-03-10 17:05,아퓨어스,코넥스,주주총회소집 결의,아퓨어스
20260310001574,2026-03-10 17:03,컴투스엔,코스닥,주주총회소집결의,컴투스엔
20260310001572,2026-03-10 17:03,코오롱티슈진,코스닥,[정정]주주총회소집결의,코오롱티슈진
20260310001608,2026-03-10 17:02,대원화성,유가증권,[정정]주주총회소집결의,대원화성
20260310001546,2026-03-10 17:02,네오이뮨텍,코스닥,주주총회소집결의,네오이뮨텍
20260310001482,2026-03-10 17:01,아이앤씨,코스닥,[정정]주주총회소집결의,아이앤씨테크놀로지
20260310001570,2026-03-10 17:00,제테마,코스닥,주주총회소집결의,제테마
20260310001269,2026-03-10 17:00,야스,코스닥,[정정]주주총회소집결의,야스
20260310001422,2026-03-10 16:58,대한해운,유가증권,주주총회소집결의,대한해운
20260310001412,2026-03-10 16:57,넥센타이어,유가증권,주주총회소집결의,넥센타이어
20260310001410,2026-03-10 16:57,신풍,유가증권,주주총회소집결의,신풍
20260310001470,2026-03-10 16:55,미투온,코스닥,[정정]주주총회소집결의,미투온
20260310001416,2026-03-10 16:54,바이오인프라,코스닥,주주총회소집결의,바이오인프라
20260310001503,2026-03-10 16:53,알에프텍,코스닥,주주총회소집결의,알에프텍
20260310001458,2026-03-10 16:49,디와이에이,유가증권,주주총회소집결의,디와이에이
20260310001449,2026-03-10 16:49,SM C&C,코스닥,주주총회소집결의,에스엠컬처앤콘텐츠
20260310001462,2026-03-10 16:47,영원무역,유가증권,주주총회소집결의,영원무역
20260310001481,2026-03-10 16:46,BYC,유가증권,주주총회소집결의,BYC
20260310001444,2026-03-10 16:46,엔시스,코스닥,[정정]주주총회소집결의,엔시스
20260310001338,2026-03-10 16:45,동원시스템즈,유가증권,주주총회소집결의,동원시스템즈
20260310001331,2026-03-10 16:45,쎄니트,코스닥,주주총회소집결의,쎄니트
20260310001469,2026-03-10 16:44,덕산네오룩스,코스닥,주주총회소집결의,덕산네오룩스
20260310001423,2026-03-10 16:44,엔솔바이오사이언스,코넥스,주주총회소집 결의,엔솔바이오사이언스
20260310001445,2026-03-10 16:42,엘앤씨바이오,코스닥,주주총회소집결의,엘앤씨바이오
20260310001284,2026-03-10 16:41,아스트,코스닥,주주총회소집결의,아스트
20260310001414,2026-03-10 16:40,오상헬스케어,코스닥,주주총회소집결의,오상헬스케어
20260310001372,2026-03-10 16:39,한주에이알티,코스닥,주주총회소집결의,한주에이알티
20260310001440,2026-03-10 16:38,남화산업,코스닥,[정정]주주총회소집결의,남화산업
20260310001294,2026-03-10 16:36,한컴라이프케어,유가증권,주주총회소집결의,한컴라이프케어
20260310001362,2026-03-10 16:35,메디콕스,코스닥,[정정]주주총회소집결의(임시주주총회)),메디콕스
20260310001360,2026-03-10 16:34,원익피앤이,코스닥,주주총회소집결의,원익피앤이
20260310001300,2026-03-10 16:34,펌텍코리아,코스닥,주주총회소집결의,펌텍코리아
20260310001399,2026-03-10 16:33,상상인,코스닥,주주총회소집결의,상상인
20260310001301,2026-03-10 16:30,오에스피,코스닥,주주총회소집결의,오에스피
20260310001277,2026-03-10 16:28,케이디켐,코스닥,주주총회소집결의,케이디켐
20260310001311,2026-03-10 16:27,현대엘리베이터,유가증권,주주총회소집결의,현대엘리베이터
20260310001306,2026-03-10 16:26,켈스,코넥스,주주총회소집 결의,켈스
20260310001262,2026-03-10 16:25,SK,유가증권,주주총회소집결의,SK
20260310001297,2026-03-10 16:22,대동,유가증권,주주총회소집결의,대동
20260310001145,2026-03-10 16:22,포니링크,코스닥,주주총회소집결의,포니링크
20260310001317,2026-03-10 16:21,한전기술,유가증권,[정정]주주총회소집결의,한국전력기술
20260310001216,2026-03-10 16:19,신성델타테크,코스닥,주주총회소집결의,신성델타테크
20260310001218,2026-03-10 16:17,엔젠바이오,코스닥,주주총회소집결의,엔젠바이오
20260310001260,2026-03-10 16:16,엠씨넥스,유가증권,주주총회소집결의,엠씨넥스
20260310001232,2026-03-10 16:16,더본코리아,유가증권,주주총회소집결의,더본코리아
20260310001220,2026-03-10 16:16,파크시스템스,코스닥,[정정]주주총회소집결의,파크시스템스
20260310001205,2026-03-10 16:16,지에프아이,코스닥,[정정]주주총회소집결의,지에프아이
20260310001160,2026-03-10 16:15,엔지브이아이,코넥스,주주총회소집 결의,엔지브이아이
20260310001158,2026-03-10 16:14,농심,유가증권,[정정]주주총회소집결의,농심
20260310001214,2026-03-10 16:13,엘오티베큠,코스닥,주주총회소집결의,엘오티베큠
20260310001190,2026-03-10 16:12,매일유업,코스닥,[정정]주주총회소집결의,매일유업
20260310001177,2026-03-10 16:10,사람인,코스닥,주주총회소집결의,사람인
20260310001180,2026-03-10 16:09,지역난방공사,유가증권,[정정]주주총회소집결의,한국지역난방공사
20260310001195,2026-03-10 16:08,리가켐바이오,코스닥,주주총회소집결의,리가켐 바이오사이언스
20260310001003,2026-03-10 16:08,영화테크,코스닥,주주총회소집결의,영화테크
20260310001179,2026-03-10 16:06,심텍홀딩스,코스닥,주주총회소집결의,심텍홀딩스
20260310001164,2026-03-10 16:05,JYP Ent.,코스닥,주주총회소집결의,제이와이피엔터테인먼트
20260310001052,2026-03-10 16:05,상상인증권,유가증권,주주총회소집결의,상상인증권
20260310001010,2026-03-10 16:03,대한화섬,유가증권,주주총회소집결의,대한화섬
20260310001115,2026-03-10 16:01,파커스,코스닥,주주총회소집결의,파커스
20260310001012,2026-03-10 16:00,에프엔씨엔터,코스닥,[정정]주주총회소집결의,에프엔씨엔터테인먼트
20260310001139,2026-03-10 15:59,AJ네트웍스,유가증권,[정정]주주총회소집결의,AJ네트웍스
20260310001057,2026-03-10 15:57,CJ ENM,코스닥,주주총회소집결의,씨제이이엔엠
20260310001085,2026-03-10 15:56,테크엘,코스닥,[정정]주주총회소집결의,테크엘
20260310001051,2026-03-10 15:56,엑스플러스,코스닥,[정정]주주총회소집결의,엑스플러스
20260310001032,2026-03-10 15:54,케이피티유,코스닥,[정정]주주총회소집결의,케이피티유
20260310001019,2026-03-10 15:54,텔레칩스,코스닥,주주총회소집결의,텔레칩스
20260310001070,2026-03-10 15:52,DGI,코스닥,주주총회소집결의,디지아이티엑스
20260310001056,2026-03-10 15:52,심텍,코스닥,주주총회소집결의,심텍
20260310001044,2026-03-10 15:52,신흥에스이씨,코스닥,주주총회소집결의,신흥에스이씨
20260310001042,2026-03-10 15:51,NC,유가증권,[정정]주주총회소집결의,엔씨
20260310001035,2026-03-10 15:50,동방메디컬,코스닥,주주총회소집결의,동방메디컬
20260310001013,2026-03-10 15:49,시지트로닉스,코스닥,주주총회소집결의,시지트로닉스
20260310001058,2026-03-10 15:46,에이아이코리아,코스닥,주주총회소집결의,에이아이코리아
20260310001007,2026-03-10 15:46,코닉오토메이션,코스닥,주주총회소집결의,코닉오토메이션
20260310000986,2026-03-10 15:41,샤페론,코스닥,주주총회소집결의,샤페론
20260310000979,2026-03-10 15:36,지니틱스,코스닥,주주총회소집결의,지니틱스
20260310000962,2026-03-10 15:32,HK이노엔,코스닥,주주총회소집결의,에이치케이이노엔
20260310000881,2026-03-10 15:32,링네트,코스닥,[정정]주주총회소집결의,링네트
20260310000990,2026-03-10 15:31,태림포장,유가증권,주주총회소집결의,태림포장
20260310000903,2026-03-10 15:14,에르코스,코스닥,주주총회소집결의,에르코스 농업회사법인
20260310000728,2026-03-10 15:11,한국피아이엠,코스닥,주주총회소집결의,한국피아이엠
20260310000915,2026-03-10 15:10,대상홀딩스,유가증권,[정정]주주총회소집결의,대상홀딩스
20260310000904,2026-03-10 15:10,서울바이오시스,코스닥,주주총회소집결의,서울바이오시스
20260310000900,2026-03-10 15:10,코스리거글로벌,코스닥,주주총회소집결의,코스리거글로벌
20260310000851,2026-03-10 15:08,동화약품,유가증권,[정정]주주총회소집결의,동화약품
20260310000858,2026-03-10 15:07,동일스틸럭스,코스닥,주주총회소집결의,동일스틸럭스
20260310000879,2026-03-10 15:04,성우하이텍,코스닥,[정정]주주총회소집결의,성우하이텍
20260310000852,2026-03-10 15:04,GS,유가증권,주주총회소집결의,GS
20260310000871,2026-03-10 15:00,이브이첨단소재,코스닥,주주총회소집결의,이브이첨단소재
20260310000846,2026-03-10 15:00,드림인사이트,코스닥,주주총회소집결의,드림인사이트
20260310000838,2026-03-10 15:00,한중엔시에스,코스닥,주주총회소집결의,한중엔시에스
20260310000854,2026-03-10 14:54,KC산업,코넥스,[정정]주주총회소집 결의,케이씨산업
20260310000800,2026-03-10 14:52,한선엔지니어링,코스닥,[정정]주주총회소집결의,한선엔지니어링
20260310000796,2026-03-10 14:49,케이비아이동국실업,유가증권,주주총회소집결의,케이비아이동국실업
20260310000778,2026-03-10 14:46,큐라켐,코넥스,주주총회소집 결의,큐라켐
20260310000793,2026-03-10 14:43,동성케미컬,유가증권,[정정]주주총회소집결의,동성케미컬
20260310000789,2026-03-10 14:43,석경에이티,코스닥,주주총회소집결의,석경에이티
20260310000749,2026-03-10 14:41,디와이씨,코스닥,주주총회소집결의,디와이씨
20260310000657,2026-03-10 14:40,팬엔터테인먼트,코스닥,주주총회소집결의,팬엔터테인먼트
20260310000646,2026-03-10 14:40,팅크웨어,코스닥,주주총회소집결의,팅크웨어
20260310000787,2026-03-10 14:39,대상홀딩스,유가증권,주주총회소집결의,대상홀딩스
20260310000746,2026-03-10 14:37,SK디앤디,유가증권,주주총회소집결의,SK디앤디
20260310000743,2026-03-10 14:34,제이씨현시스템,코스닥,주주총회소집결의,제이씨현시스템
20260310000756,2026-03-10 14:33,신일제약,코스닥,주주총회소집결의,신일제약
20260310000753,2026-03-10 14:33,넥슨게임즈,코스닥,주주총회소집결의,넥슨게임즈
20260310000763,2026-03-10 14:31,드림어스컴퍼니,코스닥,주주총회소집결의,드림어스컴퍼니
20260310000741,2026-03-10 14:30,오이솔루션,코스닥,[정정]주주총회소집결의,오이솔루션
20260310000725,2026-03-10 14:26,지엔씨에너지,코스닥,주주총회소집결의,지엔씨에너지
20260310000715,2026-03-10 14:26,에스오에스랩,코스닥,[정정]주주총회소집결의,에스오에스랩
20260310000732,2026-03-10 14:25,누리플렉스,코스닥,[정정]주주총회소집결의,누리플렉스
20260310000729,2026-03-10 14:25,엔알비,코스닥,[정정]주주총회소집결의,엔알비
20260310000703,2026-03-10 14:25,진바이오텍,코스닥,[정정]주주총회소집결의,진바이오텍
20260310000637,2026-03-10 14:25,케어랩스,코스닥,[정정]주주총회소집결의,케어랩스
20260310000625,2026-03-10 14:25,듀켐바이오,코스닥,주주총회소집결의,듀켐바이오
20260310000717,2026-03-10 14:21,인탑스,코스닥,[정정]주주총회소집결의,인탑스
20260310000686,2026-03-10 14:19,한선엔지니어링,코스닥,주주총회소집결의,한선엔지니어링
20260310000689,2026-03-10 14:15,다이나믹솔루션,코스닥,주주총회소집결의,다이나믹솔루션
20260310000662,2026-03-10 14:13,KC산업,코넥스,[정정]주주총회소집 결의,케이씨산업
20260310000616,2026-03-10 14:13,저스템,코스닥,주주총회소집결의,저스템
20260310000677,2026-03-10 14:12,엘에스일렉트릭,유가증권,[정정]주주총회소집결의,엘에스일렉트릭
20260310000676,2026-03-10 14:10,광명전기,유가증권,주주총회소집결의,광명전기
20260310000620,2026-03-10 14:04,옵투스제약,코스닥,[정정]주주총회소집결의,옵투스제약
20260310000640,2026-03-10 13:57,SDN,코스닥,주주총회소집결의,에스디엔
20260310000583,2026-03-10 13:52,비츠로셀,코스닥,주주총회소집결의,비츠로셀
20260310000599,2026-03-10 13:43,디아이티,코스닥,주주총회소집결의,디아이티
20260310000550,2026-03-10 13:40,성광벤드,코스닥,주주총회소집결의,성광벤드
20260310000568,2026-03-10 13:38,아틀라스링크,코스닥,주주총회소집결의,아틀라스링크
20260310000558,2026-03-10 13:37,동우팜투테이블,코스닥,주주총회소집결의,동우팜투테이블
20260310000557,2026-03-10 13:37,링크드,코스닥,주주총회소집결의,링크드
20260310000581,2026-03-10 13:36,아이퀘스트,코스닥,주주총회소집결의,아이퀘스트
20260310000551,2026-03-10 13:36,제이피아이헬스케어,코스닥,주주총회소집결의,제이피아이헬스케어
20260310000544,2026-03-10 13:36,모델솔루션,코스닥,주주총회소집결의,모델솔루션
20260310000543,2026-03-10 13:31,에이에프더블류,코스닥,주주총회소집결의,에이에프더블류
20260310000574,2026-03-10 13:29,대신밸런스제16호스팩,코스닥,주주총회소집결의,대신밸런스제16호기업인수목적
20260310000563,2026-03-10 13:21,SG글로벌,유가증권,주주총회소집결의,SG글로벌
20260310000547,2026-03-10 13:13,지엠비코리아,유가증권,주주총회소집결의,지엠비코리아
20260310000553,2026-03-10 13:11,KC산업,코넥스,주주총회소집 결의,케이씨산업
20260310000540,2026-03-10 13:09,다날,코스닥,주주총회소집결의,다날
20260310000527,2026-03-10 12:47,대한조선,유가증권,주주총회소집결의,대한조선
20260310000526,2026-03-10 12:41,그린리소스,코스닥,[정정]주주총회소집결의,그린리소스
20260310000520,2026-03-10 12:34,씨티알모빌리티,유가증권,주주총회소집결의,씨티알모빌리티
20260310000508,2026-03-10 12:06,성문전자,유가증권,[정정]주주총회소집결의,성문전자
20260310000504,2026-03-10 12:04,키다리스튜디오,유가증권,주주총회소집결의,키다리스튜디오
20260310000480,2026-03-10 11:49,라파스,코스닥,[정정]주주총회소집결의,라파스
20260310000477,2026-03-10 11:49,아이비김영,코스닥,주주총회소집결의,아이비김영
20260310000463,2026-03-10 11:49,지오엘리먼트,코스닥,주주총회소집결의,지오엘리먼트
20260310000446,2026-03-10 11:25,에스넷,코스닥,[정정]주주총회소집결의,에스넷시스템
20260310000431,2026-03-10 11:17,한창,유가증권,주주총회소집결의,한창
20260310000411,2026-03-10 10:55,지투파워,코스닥,[정정]주주총회소집결의,지투파워
20260310000410,2026-03-10 10:54,에코앤드림,코스닥,주주총회소집결의,에코앤드림
20260310000369,2026-03-10 10:30,파워로직스,코스닥,주주총회소집결의,파워로직스
20260309001616,2026-03-09 18:27,한국가스공사,유가증권,[정정]주주총회소집결의,한국가스공사
20260309001613,2026-03-09 18:20,알티캐스트,코스닥,주주총회소집결의,알티캐스트
20260309001611,2026-03-09 18:16,그린리소스,코스닥,[정정]주주총회소집결의,그린리소스
20260309001519,2026-03-09 18:06,삼성공조,유가증권,주주총회소집결의,삼성공조
20260309001513,2026-03-09 18:06,케이씨씨,유가증권,[정정]주주총회소집결의,케이씨씨
20260309001562,2026-03-09 18:03,나이스정보통신,코스닥,주주총회소집결의,나이스정보통신
20260309001451,2026-03-09 18:03,디지캡,코스닥,주주총회소집결의,디지캡
20260309001444,2026-03-09 18:03,리메드,코스닥,주주총회소집결의,리메드
20260309001432,2026-03-09 18:01,티이엠씨씨엔에스,코스닥,주주총회소집결의,티이엠씨씨엔에스
20260309001532,2026-03-09 17:57,SK네트웍스,유가증권,주주총회소집결의,SK네트웍스
20260309001492,2026-03-09 17:56,효성티앤씨,유가증권,[정정]주주총회소집결의,효성티앤씨
20260309001464,2026-03-09 17:55,JK리버스톤리츠,유가증권,주주총회소집결의,제이케이리버스톤자기관리부동산투자회사
20260309001528,2026-03-09 17:54,티엑스알로보틱스,코스닥,주주총회소집결의,티엑스알로보틱스
20260309001460,2026-03-09 17:54,한진,유가증권,주주총회소집결의,한진
20260309001349,2026-03-09 17:54,세종텔레콤,코스닥,주주총회소집결의,세종텔레콤
20260309001403,2026-03-09 17:50,대신증권,유가증권,주주총회소집결의,대신증권
20260309001503,2026-03-09 17:46,동양,유가증권,주주총회소집결의,동양
20260309001443,2026-03-09 17:45,DSC인베스트먼트,코스닥,주주총회소집결의,디에스씨인베스트먼트
20260309001474,2026-03-09 17:44,폴라리스AI,코스닥,주주총회소집결의,폴라리스에이아이
20260309001501,2026-03-09 17:43,롯데지주,유가증권,주주총회소집결의,롯데지주
20260309001356,2026-03-09 17:42,레뷰코퍼레이션,코스닥,[정정]주주총회소집결의,레뷰코퍼레이션
20260309001469,2026-03-09 17:40,솔브레인,코스닥,주주총회소집결의,솔브레인
20260309001447,2026-03-09 17:38,쿠쿠홀딩스,유가증권,주주총회소집결의,쿠쿠홀딩스
20260309001229,2026-03-09 17:36,구영테크,코스닥,주주총회소집결의,구영테크
20260309001459,2026-03-09 17:35,CJ,유가증권,주주총회소집결의,CJ
20260309001387,2026-03-09 17:35,폴라리스우노,코스닥,주주총회소집결의,폴라리스우노
20260309001377,2026-03-09 17:34,모다이노칩,코스닥,주주총회소집결의(임시주주총회),모다이노칩
20260309001399,2026-03-09 17:32,CJ CGV,유가증권,주주총회소집결의,씨제이씨지브이
20260309001390,2026-03-09 17:30,영우디에스피,코스닥,주주총회소집결의,영우디에스피
20260309001370,2026-03-09 17:29,비스토스,코스닥,주주총회소집결의,비스토스
20260309001302,2026-03-09 17:27,파크시스템스,코스닥,[정정]주주총회소집결의,파크시스템스
20260309001384,2026-03-09 17:26,동성케미컬,유가증권,주주총회소집결의,동성케미컬
20260309001330,2026-03-09 17:26,로젠,코스닥,주주총회소집결의(임시주주총회),로젠
20260309001352,2026-03-09 17:23,배럴,코스닥,주주총회소집결의,배럴
20260309001354,2026-03-09 17:21,디와이파워,유가증권,주주총회소집결의,디와이파워
20260309001355,2026-03-09 17:19,LS증권,코스닥,[정정]주주총회소집결의,엘에스증권
20260309001323,2026-03-09 17:19,페스카로,코스닥,주주총회소집결의,페스카로
20260309001341,2026-03-09 17:18,대림통상,유가증권,주주총회소집결의,대림통상
20260309001337,2026-03-09 17:18,한화엔진,유가증권,[정정]주주총회소집결의,한화엔진
20260309001319,2026-03-09 17:15,한화에어로스페이스,유가증권,[정정]주주총회소집결의,한화에어로스페이스
20260309001314,2026-03-09 17:14,씨메스로보틱스,코스닥,주주총회소집결의,씨메스로보틱스
20260309001251,2026-03-09 17:14,고려신용정보,코스닥,주주총회소집결의,고려신용정보
20260309001294,2026-03-09 17:13,CJ제일제당,유가증권,주주총회소집결의,CJ제일제당
20260309001207,2026-03-09 17:13,아미코젠,코스닥,주주총회소집결의,아미코젠
20260309001197,2026-03-09 17:13,테라젠이텍스,코스닥,주주총회소집결의,테라젠이텍스
20260309001194,2026-03-09 17:13,한익스프레스,유가증권,[정정]주주총회소집결의,한익스프레스
20260309001232,2026-03-09 17:12,케이피엠테크,코스닥,주주총회소집결의,케이피엠테크
20260309001227,2026-03-09 17:10,뉴보텍,코스닥,주주총회소집결의,뉴보텍
20260309001213,2026-03-09 17:10,티케이케미칼,코스닥,주주총회소집결의,티케이케미칼
20260309001189,2026-03-09 17:08,파마리서치,코스닥,[정정]주주총회소집결의,파마리서치
20260309001062,2026-03-09 17:08,우리손에프앤지,코스닥,주주총회소집결의,우리손에프앤지 농업회사법인
20260309001272,2026-03-09 17:07,흥국화재,유가증권,주주총회소집결의,흥국화재해상보험
20260309001161,2026-03-09 17:04,탑머티리얼,코스닥,주주총회소집결의,탑머티리얼
20260309001146,2026-03-09 17:03,엔비티,코스닥,주주총회소집결의,엔비티
20260309001222,2026-03-09 17:02,국전,코스닥,주주총회소집결의,국전
20260309001217,2026-03-09 17:02,라메디텍,코스닥,주주총회소집결의,라메디텍
20260309001155,2026-03-09 16:53,전진바이오팜,코스닥,주주총회소집결의,전진바이오팜
20260309001095,2026-03-09 16:53,대성미생물,코스닥,[정정]주주총회소집결의,대성미생물연구소
20260309001072,2026-03-09 16:50,NEW,코스닥,주주총회소집결의,넥스트엔터테인먼트월드
20260309001148,2026-03-09 16:49,디와이,유가증권,주주총회소집결의,디와이
20260309001138,2026-03-09 16:48,CJ대한통운,유가증권,주주총회소집결의,씨제이대한통운
20260309001074,2026-03-09 16:43,한성크린텍,코스닥,[정정]주주총회소집결의,한성크린텍
20260309000995,2026-03-09 16:39,사토시홀딩스,코스닥,[정정]주주총회소집결의,사토시홀딩스
20260309001046,2026-03-09 16:32,삼호개발,유가증권,주주총회소집결의,삼호개발
20260309000987,2026-03-09 16:31,우양피앤엘,유가증권,주주총회소집결의,우양피앤엘
20260309000968,2026-03-09 16:30,카티스,코스닥,[정정]주주총회소집결의,카티스
20260309000996,2026-03-09 16:29,바이오비쥬,코스닥,주주총회소집결의,바이오비쥬
20260309000951,2026-03-09 16:29,포바이포,코스닥,주주총회소집결의,포바이포
20260309000934,2026-03-09 16:27,태양,코스닥,주주총회소집결의,태양
20260309000910,2026-03-09 16:25,레이언스,코스닥,주주총회소집결의,레이언스
20260309000941,2026-03-09 16:22,KNN,코스닥,주주총회소집결의,케이엔엔
20260309000989,2026-03-09 16:21,슈프리마,코스닥,[정정]주주총회소집결의,슈프리마
20260309000920,2026-03-09 16:20,잉크테크,코스닥,주주총회소집결의,잉크테크
20260309000909,2026-03-09 16:19,조이시티,코스닥,주주총회소집결의,조이시티
20260309000902,2026-03-09 16:18,젠큐릭스,코스닥,주주총회소집결의,젠큐릭스
20260309000879,2026-03-09 16:17,큐리오시스,코스닥,주주총회소집결의,큐리오시스
20260309000950,2026-03-09 16:16,에스트래픽,코스닥,주주총회소집결의,에스트래픽
20260309000896,2026-03-09 16:16,케어젠,코스닥,주주총회소집결의,케어젠
20260309000931,2026-03-09 16:14,크래프톤,유가증권,[정정]주주총회소집결의,크래프톤
20260309000887,2026-03-09 16:11,펩트론,코스닥,주주총회소집결의,펩트론
20260309000817,2026-03-09 16:11,시공테크,코스닥,주주총회소집결의,시공테크
20260309000849,2026-03-09 16:10,브이씨,코스닥,주주총회소집결의,브이씨
20260309000891,2026-03-09 16:09,에프알텍,코스닥,[정정]주주총회소집결의,에프알텍
20260309000886,2026-03-09 16:08,대교,유가증권,주주총회소집결의,대교
20260309000856,2026-03-09 16:08,비트맥스,코스닥,주주총회소집결의,비트맥스
20260309000890,2026-03-09 16:06,드림텍,유가증권,[정정]주주총회소집결의,드림텍
20260309000841,2026-03-09 16:05,에스지헬스케어,코스닥,주주총회소집결의,에스지헬스케어
20260309000858,2026-03-09 16:04,대덕,유가증권,주주총회소집결의,대덕
20260309000834,2026-03-09 16:02,성호전자,코스닥,[정정]주주총회소집결의,성호전자
20260309000823,2026-03-09 16:02,TPC로보틱스,코스닥,[정정]주주총회소집결의,티피씨로보틱스
20260309000790,2026-03-09 16:02,알톤,코스닥,주주총회소집결의,알톤
20260309000812,2026-03-09 16:01,아이스크림미디어,코스닥,주주총회소집결의,아이스크림미디어
20260309000803,2026-03-09 16:00,티씨머티리얼즈,코스닥,주주총회소집결의,티씨머티리얼즈
20260309000840,2026-03-09 15:58,정다운,코스닥,주주총회소집결의,정다운
20260309000831,2026-03-09 15:56,승일,코스닥,주주총회소집결의,승일
20260309000749,2026-03-09 15:56,위메이드맥스,코스닥,주주총회소집결의,위메이드맥스
20260309000804,2026-03-09 15:55,KT나스미디어,코스닥,주주총회소집결의,케이티나스미디어
20260309000801,2026-03-09 15:55,유니온,유가증권,주주총회소집결의,유니온
20260309000774,2026-03-09 15:55,안지오랩,코넥스,주주총회소집 결의,안지오랩
20260309000736,2026-03-09 15:54,에쓰씨엔지니어링,유가증권,주주총회소집결의,에쓰씨엔지니어링
20260309000785,2026-03-09 15:52,신성에스티,코스닥,주주총회소집결의,신성에스티
20260309000724,2026-03-09 15:50,한독크린텍,코스닥,주주총회소집결의,한독크린텍
20260309000694,2026-03-09 15:50,더테크놀로지,코스닥,주주총회소집결의,더 테크놀로지
20260309000751,2026-03-09 15:48,제닉,코스닥,주주총회소집결의,제닉
20260309000713,2026-03-09 15:48,세동,코스닥,주주총회소집결의,세동
20260309000712,2026-03-09 15:48,화일약품,코스닥,주주총회소집결의,화일약품
20260309000718,2026-03-09 15:45,SG세계물산,유가증권,주주총회소집결의,SG세계물산
20260309000708,2026-03-09 15:45,LK삼양,코스닥,주주총회소집결의,엘케이삼양
20260309000693,2026-03-09 15:43,이엔에프테크놀로지,코스닥,주주총회소집결의,이엔에프테크놀로지
20260309000695,2026-03-09 15:42,신화프리텍,코스닥,주주총회소집결의,신화프리텍
20260309000733,2026-03-09 15:41,KG스틸,유가증권,[정정]주주총회소집결의,KG스틸
20260309000671,2026-03-09 15:41,이랜시스,코스닥,주주총회소집결의,이랜시스
20260309000692,2026-03-09 15:40,롯데렌탈,유가증권,주주총회소집결의,롯데렌탈
20260309000689,2026-03-09 15:40,데브시스터즈,코스닥,주주총회소집결의,데브시스터즈
20260309000666,2026-03-09 15:39,정원엔시스,코스닥,주주총회소집결의,정원엔시스
20260309000646,2026-03-09 15:32,브레인즈컴퍼니,코스닥,주주총회소집결의,브레인즈컴퍼니
20260309000660,2026-03-09 15:29,아스플로,코스닥,주주총회소집결의,아스플로
20260309000642,2026-03-09 15:29,윈하이텍,코스닥,주주총회소집결의,윈하이텍
20260309000631,2026-03-09 15:23,키이스트,코스닥,주주총회소집결의,키이스트
20260309000630,2026-03-09 15:23,아모레퍼시픽,유가증권,[정정]주주총회소집결의,아모레퍼시픽
20260309000611,2026-03-09 15:22,한전KPS,유가증권,[정정]주주총회소집결의,한전KPS
20260309000549,2026-03-09 15:20,엘에스스팩1호,코스닥,주주총회소집결의,엘에스기업인수목적1호
20260309000621,2026-03-09 15:18,아모레퍼시픽홀딩스,유가증권,[정정]주주총회소집결의,아모레퍼시픽홀딩스
20260309000602,2026-03-09 15:14,엘리비젼,코넥스,주주총회소집 결의,엘리비젼
20260309000566,2026-03-09 15:13,포인트엔지니어링,코스닥,주주총회소집결의,포인트엔지니어링
20260309000560,2026-03-09 15:12,에스디생명공학,코스닥,주주총회소집결의,에스디생명공학
20260309000593,2026-03-09 15:08,파라택시스이더리움,코스닥,주주총회소집결의,파라택시스이더리움
20260309000544,2026-03-09 15:08,에프엔에스테크,코스닥,주주총회소집결의,에프엔에스테크
20260309000511,2026-03-09 15:01,에스와이,코스닥,주주총회소집결의,에스와이
20260309000525,2026-03-09 15:00,제이엔비,코스닥,주주총회소집결의,제이엔비
20260309000512,2026-03-09 14:54,아진전자부품,유가증권,주주총회소집결의,아진전자부품
20260309000524,2026-03-09 14:53,지아이텍,코스닥,주주총회소집결의,지아이텍
20260309000490,2026-03-09 14:53,엠플러스,코스닥,주주총회소집결의,엠플러스
20260309000538,2026-03-09 14:52,이베스트스팩6호,코스닥,주주총회소집결의,이베스트기업인수목적6호
20260309000477,2026-03-09 14:52,코위버,코스닥,[정정]주주총회소집결의,코위버
20260309000529,2026-03-09 14:51,심플랫폼,코스닥,주주총회소집결의,심플랫폼
20260309000509,2026-03-09 14:50,풍전약품,코스닥,주주총회소집결의,풍전약품
20260309000498,2026-03-09 14:47,오공,코스닥,주주총회소집결의,오공
20260309000530,2026-03-09 14:46,KISCO홀딩스,유가증권,[정정]주주총회소집결의,KISCO홀딩스
20260309000504,2026-03-09 14:46,피엔티엠에스,코스닥,주주총회소집결의,피엔티 엠에스
20260309000497,2026-03-09 14:37,케어랩스,코스닥,주주총회소집결의,케어랩스
20260309000487,2026-03-09 14:37,테크엘,코스닥,주주총회소집결의,테크엘
20260309000470,2026-03-09 14:34,에스디시스템,코스닥,주주총회소집결의,에스디시스템
20260309000469,2026-03-09 14:31,힘스,코스닥,[정정]주주총회소집결의,힘스
20260309000466,2026-03-09 14:28,제이아이테크,코스닥,주주총회소집결의,제이아이테크
20260309000462,2026-03-09 14:26,신스틸,코스닥,주주총회소집결의,신스틸
20260309000457,2026-03-09 14:22,선바이오,코스닥,주주총회소집결의,선바이오
20260309000423,2026-03-09 14:16,이엠앤아이,코스닥,주주총회소집결의(임시주주총회),이엠앤아이
20260309000446,2026-03-09 14:15,위메이드플레이,코스닥,주주총회소집결의,위메이드플레이
20260309000440,2026-03-09 14:11,원텍,코스닥,주주총회소집결의,원텍
20260309000416,2026-03-09 14:05,AP시스템,코스닥,주주총회소집결의,에이피시스템
20260309000382,2026-03-09 13:59,디오,코스닥,주주총회소집결의,디오
20260309000410,2026-03-09 13:58,에프앤가이드,코스닥,주주총회소집결의,에프앤가이드
20260309000353,2026-03-09 13:58,탑런토탈솔루션,코스닥,[정정]주주총회소집결의,탑런토탈솔루션
20260309000342,2026-03-09 13:58,알에스오토메이션,코스닥,[정정]주주총회소집결의,알에스오토메이션
20260309000336,2026-03-09 13:57,더즌,코스닥,[정정]주주총회소집결의,더즌
20260309000390,2026-03-09 13:51,이스트에이드,코스닥,주주총회소집결의,이스트에이드
20260309000372,2026-03-09 13:48,진시스템,코스닥,주주총회소집결의,진시스템
20260309000374,2026-03-09 13:45,아이지넷,코스닥,주주총회소집결의,아이지넷
20260309000358,2026-03-09 13:42,태양금속공업,유가증권,주주총회소집결의,태양금속공업
20260309000365,2026-03-09 13:40,SK이터닉스,유가증권,주주총회소집결의,SK이터닉스
20260309000359,2026-03-09 13:37,밸로프,코스닥,주주총회소집결의,밸로프
20260309000354,2026-03-09 13:35,휴비츠,코스닥,주주총회소집결의,휴비츠
20260309000367,2026-03-09 13:34,바이오플러스,코스닥,[정정]주주총회소집결의,바이오플러스
20260309000335,2026-03-09 13:32,성문전자,유가증권,주주총회소집결의,성문전자
20260309000344,2026-03-09 13:30,한컴,코스닥,[정정]주주총회소집결의,한컴
20260309000340,2026-03-09 13:18,에이펙스인텍,코넥스,주주총회소집 결의,에이펙스인텍
20260309000313,2026-03-09 12:08,이미지스,코스닥,[정정]주주총회소집결의,이미지스테크놀로지
20260309000302,2026-03-09 11:48,삼립,유가증권,[정정]주주총회소집결의,삼립
20260309000297,2026-03-09 11:47,가온전선,유가증권,[정정]주주총회소집결의,가온전선
20260309000286,2026-03-09 11:42,아이씨에이치,코스닥,주주총회소집결의,아이씨에이치
20260309000254,2026-03-09 11:30,넥스틴,코스닥,주주총회소집결의,넥스틴
20260309000268,2026-03-09 11:25,덴티움,유가증권,[정정]주주총회소집결의,덴티움
20260309000255,2026-03-09 11:18,러셀,코스닥,주주총회소집결의,러셀
20260309000187,2026-03-09 10:40,유디엠텍,코스닥,주주총회소집결의,유디엠텍
20260309000205,2026-03-09 10:38,HL홀딩스,유가증권,[정정]주주총회소집결의,에이치엘홀딩스
20260306001757,2026-03-06 18:48,코스맥스,유가증권,주주총회소집결의,코스맥스
20260306001713,2026-03-06 18:23,나노팀,코스닥,주주총회소집결의,나노팀
20260306001701,2026-03-06 18:23,녹십자홀딩스,유가증권,[정정]주주총회소집결의,녹십자홀딩스
20260306001685,2026-03-06 18:23,HL홀딩스,유가증권,주주총회소집결의,에이치엘홀딩스
20260306001711,2026-03-06 18:12,파마리서치바이오,코넥스,주주총회소집 결의,파마리서치바이오
20260306001567,2026-03-06 18:06,iM금융지주,유가증권,주주총회소집결의,아이엠금융지주
20260306001677,2026-03-06 18:02,코오롱티슈진,코스닥,주주총회소집결의,코오롱티슈진
20260306001673,2026-03-06 18:02,제이씨케미칼,코스닥,주주총회소집결의,제이씨케미칼
20260306001656,2026-03-06 17:56,에이디테크놀로지,코스닥,주주총회소집결의,에이디테크놀로지
20260306001612,2026-03-06 17:49,카카오게임즈,코스닥,[정정]주주총회소집결의,카카오게임즈
20260306001606,2026-03-06 17:46,옵티시스,코스닥,주주총회소집결의,옵티시스
20260306001624,2026-03-06 17:45,디에이치엑스컴퍼니,코스닥,주주총회소집결의,디에이치엑스컴퍼니
20260306001607,2026-03-06 17:42,티사이언티픽,코스닥,주주총회소집결의,티사이언티픽
20260306001552,2026-03-06 17:41,아시아종묘,코스닥,주주총회소집결의,농업회사법인아시아종묘
20260306001541,2026-03-06 17:39,폴라리스AI파마,코스닥,주주총회소집결의,폴라리스에이아이파마
20260306001551,2026-03-06 17:37,코스맥스비티아이,유가증권,주주총회소집결의,코스맥스비티아이
20260306001573,2026-03-06 17:35,트윔,코스닥,주주총회소집결의,트윔
20260306001581,2026-03-06 17:34,DSR,유가증권,[정정]주주총회소집결의,DSR
20260306001473,2026-03-06 17:33,GC메디아이,코스닥,[정정]주주총회소집결의,GC메디아이
20260306001510,2026-03-06 17:30,폴라리스AI핸디,코스닥,주주총회소집결의,폴라리스에이아이핸디
20260306001491,2026-03-06 17:29,녹십자,유가증권,[정정]주주총회소집결의,녹십자
20260306001479,2026-03-06 17:29,리드코프,코스닥,주주총회소집결의,리드코프
20260306001446,2026-03-06 17:27,대현,유가증권,주주총회소집결의,대현
20260306001539,2026-03-06 17:26,나노실리칸첨단소재,코스닥,주주총회소집결의,나노실리칸첨단소재
20260306001421,2026-03-06 17:26,유니포인트,코넥스,주주총회소집 결의,유니포인트
20260306001530,2026-03-06 17:25,하나머티리얼즈,코스닥,주주총회소집결의,하나머티리얼즈
20260306001459,2026-03-06 17:20,마니커,유가증권,주주총회소집결의,마니커
20260306001368,2026-03-06 17:14,알파칩스,코스닥,주주총회소집결의,알파칩스
20260306001430,2026-03-06 17:13,LS네트웍스,유가증권,주주총회소집결의,LS네트웍스
20260306001410,2026-03-06 17:13,온코닉테라퓨틱스,코스닥,주주총회소집결의,온코닉테라퓨틱스
20260306001416,2026-03-06 17:10,DSR,유가증권,주주총회소집결의,DSR
20260306001233,2026-03-06 17:10,천보,코스닥,주주총회소집결의,천보
20260306001365,2026-03-06 17:08,신화인터텍,코스닥,주주총회소집결의,신화인터텍
20260306001364,2026-03-06 17:07,카카오게임즈,코스닥,주주총회소집결의,카카오게임즈
20260306001342,2026-03-06 17:02,에이치엘사이언스,코스닥,주주총회소집결의,에이치엘사이언스
20260306001092,2026-03-06 17:02,소프트센,코스닥,주주총회소집결의,소프트센
20260306001258,2026-03-06 16:59,국일신동,코스닥,주주총회소집결의,국일신동
20260306001376,2026-03-06 16:57,고려제강,유가증권,주주총회소집결의,고려제강
20260306001285,2026-03-06 16:56,콜마비앤에이치,코스닥,주주총회소집결의,콜마비앤에이치
20260306000739,2026-03-06 16:56,로보티즈,코스닥,[정정]주주총회소집결의,로보티즈
20260306001274,2026-03-06 16:55,성우,코스닥,주주총회소집결의,성우
20260306001253,2026-03-06 16:53,케이엠더블유,코스닥,주주총회소집결의,케이엠더블유
20260306001322,2026-03-06 16:51,에스케이바이오팜,유가증권,주주총회소집결의,에스케이바이오팜
20260306001141,2026-03-06 16:49,츌립앤사이언스,코스닥,주주총회소집결의,츌립앤사이언스
20260306001078,2026-03-06 16:49,아이텍,코스닥,주주총회소집결의,아이텍
20260306001137,2026-03-06 16:48,마니커에프앤지,코스닥,주주총회소집결의,마니커에프앤지
20260306001032,2026-03-06 16:48,코츠테크놀로지,코스닥,주주총회소집결의,코츠테크놀로지
20260306001338,2026-03-06 16:42,동국산업,코스닥,주주총회소집결의,동국산업
20260306001275,2026-03-06 16:42,삼영에스앤씨,코스닥,주주총회소집결의,삼영에스앤씨
20260306001261,2026-03-06 16:41,지앤이헬스케어,코넥스,주주총회소집 결의,지앤이헬스케어
20260306001210,2026-03-06 16:41,럭스피아,코넥스,주주총회소집 결의,럭스피아
20260306001262,2026-03-06 16:37,인텔리안테크,코스닥,주주총회소집결의,인텔리안테크놀로지스
20260306001251,2026-03-06 16:32,대림바스,유가증권,[정정]주주총회소집결의,대림바스
20260306000975,2026-03-06 16:28,쎌바이오텍,코스닥,[정정]주주총회소집결의,쎌바이오텍
20260306001174,2026-03-06 16:25,KT지니뮤직,코스닥,주주총회소집결의,케이티지니뮤직
20260306000935,2026-03-06 16:24,해성에어로보틱스,코스닥,주주총회소집결의,해성에어로보틱스
20260306001209,2026-03-06 16:22,기업은행,유가증권,주주총회소집결의,중소기업은행
20260306000900,2026-03-06 16:22,플랜티넷,코스닥,[정정]주주총회소집결의,플랜티넷
20260306000879,2026-03-06 16:21,잉글우드랩,코스닥,주주총회소집결의,잉글우드랩
20260306000846,2026-03-06 16:19,아이쓰리시스템,코스닥,주주총회소집결의,아이쓰리시스템
20260306001140,2026-03-06 16:18,메타케어,유가증권,주주총회소집결의,메타케어
20260306000732,2026-03-06 16:18,파인디앤씨,코스닥,[정정]주주총회소집결의,파인디앤씨
20260306001151,2026-03-06 16:13,메타랩스,유가증권,주주총회소집결의,메타랩스
20260306001046,2026-03-06 16:12,대동기어,코스닥,주주총회소집결의,대동기어
20260306001128,2026-03-06 16:11,데이터스트림즈,코넥스,주주총회소집 결의,데이터스트림즈
20260306001057,2026-03-06 16:04,파로스아이바이오,코스닥,[정정]주주총회소집결의,파로스아이바이오
20260306001031,2026-03-06 16:03,메드팩토,코스닥,주주총회소집결의,메드팩토
20260306001001,2026-03-06 15:59,제노레이,코스닥,주주총회소집결의,제노레이
20260306001025,2026-03-06 15:57,유진테크놀로지,코스닥,주주총회소집결의,유진테크놀로지
20260306000982,2026-03-06 15:56,특수건설,코스닥,주주총회소집결의,특수건설
20260306000952,2026-03-06 15:56,일성건설,유가증권,주주총회소집결의,일성건설
20260306000976,2026-03-06 15:55,SJG세종,유가증권,주주총회소집결의,에스제이지세종
20260306001020,2026-03-06 15:52,MDS테크,코스닥,주주총회소집결의,MDS테크
20260306000938,2026-03-06 15:51,핑거스토리,코스닥,주주총회소집결의,핑거스토리
20260306000986,2026-03-06 15:50,인성정보,코스닥,[정정]주주총회소집결의,인성정보
20260306000894,2026-03-06 15:50,오토앤,코스닥,주주총회소집결의,오토앤
20260306000880,2026-03-06 15:49,한국정밀기계,코스닥,주주총회소집결의,한국정밀기계
20260306000872,2026-03-06 15:45,옵티팜,코스닥,주주총회소집결의,옵티팜
20260306000868,2026-03-06 15:45,에이치시티,코스닥,주주총회소집결의,에이치시티
20260306000878,2026-03-06 15:44,팡스카이,코넥스,주주총회소집 결의,팡스카이
20260306000892,2026-03-06 15:43,제이엘케이,코스닥,주주총회소집결의,제이엘케이
20260306000885,2026-03-06 15:42,모트렉스,코스닥,주주총회소집결의,모트렉스
20260306000926,2026-03-06 15:38,티비에이치글로벌,유가증권,주주총회소집결의,티비에이치글로벌
20260306000848,2026-03-06 15:36,아나패스,코스닥,주주총회소집결의,아나패스
20260306000810,2026-03-06 15:32,기산텔레콤,코스닥,주주총회소집결의,기산텔레콤
20260306000837,2026-03-06 15:27,엑스페릭스,코스닥,[정정]주주총회소집결의,엑스페릭스
20260306000808,2026-03-06 15:24,에스티오,코스닥,[정정]주주총회소집결의,㈜에스티오
20260306000841,2026-03-06 15:23,한국항공우주,유가증권,[정정]주주총회소집결의,한국항공우주산업
20260306000803,2026-03-06 15:23,이노진,코스닥,[정정]주주총회소집결의,이노진
20260306000829,2026-03-06 15:21,상아프론테크,코스닥,주주총회소집결의,상아프론테크
20260306000774,2026-03-06 15:19,핀텔,코스닥,주주총회소집결의,핀텔
20260306000787,2026-03-06 15:18,한국자산신탁,유가증권,주주총회소집결의,한국자산신탁
20260306000760,2026-03-06 15:13,애경케미칼,유가증권,[정정]주주총회소집결의,애경케미칼
20260306000748,2026-03-06 14:55,사이냅소프트,코스닥,주주총회소집결의,사이냅소프트
20260306000726,2026-03-06 14:51,강동씨앤엘,코스닥,주주총회소집결의,강동씨앤엘
20260306000716,2026-03-06 14:50,에스알바이오텍,코넥스,주주총회소집 결의,에스알바이오텍
20260306000695,2026-03-06 14:48,삼영이엔씨,코스닥,주주총회소집결의,삼영이엔씨
20260306000714,2026-03-06 14:44,티비씨,코스닥,주주총회소집결의,티비씨
20260306000663,2026-03-06 14:35,에스와이스틸텍,코스닥,주주총회소집결의,에스와이스틸텍
20260306000564,2026-03-06 14:35,엠게임,코스닥,주주총회소집결의,엠게임
20260306000678,2026-03-06 14:33,멕아이씨에스,코스닥,주주총회소집결의,멕아이씨에스
20260306000631,2026-03-06 14:33,덴티움,유가증권,[정정]주주총회소집결의,덴티움
20260306000629,2026-03-06 14:32,한화비전,유가증권,[정정]주주총회소집결의,한화비전
20260306000619,2026-03-06 14:32,와이엠,코스닥,주주총회소집결의,와이엠
20260306000673,2026-03-06 14:30,와이즈버즈,코스닥,주주총회소집결의,와이즈버즈
20260306000634,2026-03-06 14:22,동국알앤에스,코스닥,주주총회소집결의,동국알앤에스
20260306000578,2026-03-06 14:16,파마리서치,코스닥,주주총회소집결의,파마리서치
20260306000615,2026-03-06 14:15,아시아나IDT,유가증권,주주총회소집결의,아시아나아이디티
20260306000598,2026-03-06 14:10,티로보틱스,코스닥,주주총회소집결의,티로보틱스
20260306000587,2026-03-06 14:09,툴젠,코스닥,주주총회소집결의,툴젠
20260306000601,2026-03-06 14:06,위더스제약,코스닥,주주총회소집결의,위더스제약
20260306000555,2026-03-06 14:03,지씨셀,코스닥,[정정]주주총회소집결의,지씨셀
20260306000538,2026-03-06 14:01,현대공업,코스닥,주주총회소집결의,현대공업
20260306000542,2026-03-06 13:57,NE능률,코스닥,주주총회소집결의,엔이능률
20260306000556,2026-03-06 13:56,씨아이테크,유가증권,주주총회소집결의,씨아이테크
20260306000546,2026-03-06 13:55,에이프릴바이오,코스닥,[정정]주주총회소집결의,에이프릴바이오
20260306000498,2026-03-06 13:54,와이지-원,코스닥,주주총회소집결의,와이지-원
20260306000559,2026-03-06 13:52,한화시스템,유가증권,[정정]주주총회소집결의,한화시스템
20260306000537,2026-03-06 13:50,오리엔탈정공,코스닥,주주총회소집결의,오리엔탈정공
20260306000524,2026-03-06 13:43,이건홀딩스,코스닥,주주총회소집결의,이건홀딩스
20260306000494,2026-03-06 13:42,무진메디,코넥스,주주총회소집 결의,무진메디
20260306000529,2026-03-06 13:41,로보로보,코스닥,주주총회소집결의,로보로보
20260306000518,2026-03-06 13:39,LS마린솔루션,코스닥,주주총회소집결의,엘에스마린솔루션
20260306000495,2026-03-06 13:35,이노테나,코스닥,주주총회소집결의,이노테나
20260306000492,2026-03-06 13:34,RF시스템즈,코스닥,주주총회소집결의,알에프시스템즈
20260306000484,2026-03-06 13:34,이건산업,유가증권,주주총회소집결의,이건산업
20260306000477,2026-03-06 13:32,디지틀조선,코스닥,주주총회소집결의,디지틀조선일보
20260306000429,2026-03-06 13:24,에프에스티,코스닥,주주총회소집결의,에프에스티
20260306000455,2026-03-06 13:14,SK증권제13호스팩,코스닥,주주총회소집결의,에스케이증권제13호기업인수목적
20260306000452,2026-03-06 13:14,SK증권제12호스팩,코스닥,주주총회소집결의,에스케이증권제12호기업인수목적
20260306000447,2026-03-06 13:12,SKC,유가증권,[정정]주주총회소집결의,SKC
20260306000405,2026-03-06 12:14,케스피온,코스닥,[정정]주주총회소집결의,케스피온
20260306000382,2026-03-06 11:37,자이언트스텝,코스닥,주주총회소집결의,자이언트스텝
20260306000369,2026-03-06 11:22,IBKS제23호스팩,코스닥,주주총회소집결의,아이비케이에스제23호기업인수목적
20260306000363,2026-03-06 11:22,애경산업,유가증권,[정정]주주총회소집결의,애경산업
20260306000359,2026-03-06 11:18,IBKS제25호스팩,코스닥,주주총회소집결의,아이비케이에스제25호기업인수목적
20260306000348,2026-03-06 11:14,RF머트리얼즈,코스닥,주주총회소집결의,알에프머트리얼즈
20260306000331,2026-03-06 10:59,파이오링크,코스닥,[정정]주주총회소집결의,파이오링크
20260306000326,2026-03-06 10:59,바이오플러스,코스닥,주주총회소집결의,바이오플러스
20260306000312,2026-03-06 10:44,RFHIC,코스닥,주주총회소집결의,알에프에이치아이씨
20260306000300,2026-03-06 10:42,진성티이씨,코스닥,주주총회소집결의,진성티이씨
20260306000252,2026-03-06 10:42,엔에프씨,코스닥,주주총회소집결의,엔에프씨
20260306000215,2026-03-06 09:57,SK증권제11호스팩,코스닥,주주총회소집결의,에스케이증권제11호기업인수목적
20260306000188,2026-03-06 09:40,서연탑메탈,코스닥,[정정]주주총회소집결의,서연탑메탈
20260306000003,2026-03-06 07:44,셀트리온,유가증권,[정정]주주총회소집결의,셀트리온
20260305001946,2026-03-05 19:32,HEM파마,코스닥,주주총회소집결의,에이치이엠파마
20260305001950,2026-03-05 19:10,한국전자인증,코스닥,주주총회소집결의,한국전자인증
20260305001867,2026-03-05 18:13,동성화인텍,코스닥,[정정]주주총회소집결의,동성화인텍
20260305001831,2026-03-05 18:12,HLB이노베이션,코스닥,주주총회소집결의,에이치엘비이노베이션
20260305001879,2026-03-05 18:08,유바이오로직스,코스닥,주주총회소집결의,유바이오로직스
20260305001886,2026-03-05 18:05,SK케미칼,유가증권,주주총회소집결의,에스케이케미칼
20260305001854,2026-03-05 18:04,크레버스,코스닥,주주총회소집결의,크레버스
20260305001828,2026-03-05 18:04,에스엠국일,코스닥,주주총회소집결의,에스엠국일
20260305001842,2026-03-05 18:02,애경산업,유가증권,주주총회소집결의,애경산업
20260305001796,2026-03-05 17:59,HS효성첨단소재,유가증권,주주총회소집결의,에이치에스효성첨단소재
20260305001849,2026-03-05 17:57,고려아연,유가증권,[정정]주주총회소집결의,고려아연
20260305001827,2026-03-05 17:57,유안타증권,유가증권,주주총회소집결의,유안타증권
20260305001835,2026-03-05 17:56,사조산업,유가증권,[정정]주주총회소집결의,사조산업
20260305001693,2026-03-05 17:53,아이티켐,코스닥,주주총회소집결의,아이티켐
20260305001800,2026-03-05 17:47,동국홀딩스,유가증권,주주총회소집결의,동국홀딩스
20260305001700,2026-03-05 17:47,아바텍,코스닥,[정정]주주총회소집결의,아바텍
20260305001748,2026-03-05 17:44,고스트스튜디오,코스닥,주주총회소집결의,고스트스튜디오
20260305001799,2026-03-05 17:43,비상교육,유가증권,주주총회소집결의,비상교육
20260305001656,2026-03-05 17:39,오름테라퓨틱,코스닥,주주총회소집결의,오름테라퓨틱
20260305001731,2026-03-05 17:38,한빛소프트,코스닥,[정정]주주총회소집결의,한빛소프트
20260305001645,2026-03-05 17:38,미투온,코스닥,주주총회소집결의,미투온
20260305001082,2026-03-05 17:38,동성화인텍,코스닥,주주총회소집결의,동성화인텍
20260305001639,2026-03-05 17:36,서린바이오,코스닥,주주총회소집결의,서린바이오사이언스
20260305001610,2026-03-05 17:35,인크로스,코스닥,주주총회소집결의,인크로스
20260305001637,2026-03-05 17:34,쎄크,코스닥,주주총회소집결의,쎄크
20260305001712,2026-03-05 17:33,넷마블,유가증권,주주총회소집결의,넷마블
20260305001594,2026-03-05 17:33,삼천리자전거,코스닥,[정정]주주총회소집결의,삼천리자전거
20260305001663,2026-03-05 17:31,HS효성,유가증권,주주총회소집결의,에이치에스효성
20260305001673,2026-03-05 17:30,한국카본,유가증권,[정정]주주총회소집결의,한국카본
20260305001648,2026-03-05 17:29,한세실업,유가증권,[정정]주주총회소집결의,한세실업
20260305001366,2026-03-05 17:26,코칩,코스닥,주주총회소집결의,코칩
20260305001527,2026-03-05 17:25,코오롱생명과학,코스닥,주주총회소집결의,코오롱생명과학
20260305001457,2026-03-05 17:24,유안타제16호스팩,코스닥,주주총회소집결의,유안타제16호기업인수목적
20260305001598,2026-03-05 17:21,한국캐피탈,코스닥,주주총회소집결의,한국캐피탈
20260305001564,2026-03-05 17:17,삼륭물산,코스닥,주주총회소집결의,삼륭물산
20260305001581,2026-03-05 17:16,패션플랫폼,코스닥,주주총회소집결의,패션플랫폼
20260305001572,2026-03-05 17:12,셀리드,코스닥,주주총회소집결의,셀리드
20260305001550,2026-03-05 17:10,프리시젼바이오,코스닥,주주총회소집결의,프리시젼바이오
20260305001524,2026-03-05 17:10,웹스,코스닥,주주총회소집결의,웹스
20260305001560,2026-03-05 17:07,SK텔레콤,유가증권,[정정]주주총회소집결의,SK텔레콤
20260305001539,2026-03-05 17:07,비엔케이제2호스팩,코스닥,기타 주요경영사항(주주총회소집결의 철회),비엔케이제2호기업인수목적
20260305001541,2026-03-05 17:06,보해양조,유가증권,주주총회소집결의,보해양조
20260305001556,2026-03-05 17:02,사조대림,유가증권,주주총회소집결의,사조대림
20260305001478,2026-03-05 17:02,토탈소프트,코스닥,주주총회소집결의,토탈소프트뱅크
20260305001472,2026-03-05 17:02,이수앱지스,코스닥,주주총회소집결의,이수앱지스
20260305001316,2026-03-05 16:59,원익QnC,코스닥,주주총회소집결의,원익큐엔씨
20260305001428,2026-03-05 16:58,포톤,코스닥,주주총회소집결의,포톤
20260305001459,2026-03-05 16:57,SK증권,유가증권,[정정]주주총회소집결의,SK증권
20260305001443,2026-03-05 16:55,우리로,코스닥,주주총회소집결의,우리로
20260305001439,2026-03-05 16:55,유진증권,유가증권,주주총회소집결의,유진투자증권
20260305001427,2026-03-05 16:53,디아이,유가증권,주주총회소집결의,디아이
20260305001429,2026-03-05 16:50,SK하이닉스,유가증권,[정정]주주총회소집결의,에스케이하이닉스
20260305001398,2026-03-05 16:45,삼성출판사,유가증권,주주총회소집결의,삼성출판사
20260305001387,2026-03-05 16:45,디알젬,코스닥,주주총회소집결의,디알젬
20260305001382,2026-03-05 16:44,현대자동차,유가증권,[정정]주주총회소집결의,현대자동차
20260305001396,2026-03-05 16:42,프리티,유가증권,주주총회소집결의,프리티
20260305001380,2026-03-05 16:41,한국내화,유가증권,주주총회소집결의,한국내화
20260305001350,2026-03-05 16:40,금호건설,유가증권,주주총회소집결의,금호건설
20260305001326,2026-03-05 16:40,현대무벡스,코스닥,주주총회소집결의,현대무벡스
20260305001348,2026-03-05 16:38,화승엔터프라이즈,유가증권,[정정]주주총회소집결의,화승엔터프라이즈
20260305001336,2026-03-05 16:33,비엔케이제2호스팩,코스닥,[정정]주주총회소집결의(철회),비엔케이제2호기업인수목적
20260305001282,2026-03-05 16:32,유니트론텍,코스닥,주주총회소집결의,유니트론텍
20260305001302,2026-03-05 16:29,OCI홀딩스,유가증권,주주총회소집결의,오씨아이홀딩스
20260305001329,2026-03-05 16:28,감성코퍼레이션,코스닥,주주총회소집결의,감성코퍼레이션
20260305001311,2026-03-05 16:27,코데즈컴바인,코스닥,주주총회소집결의,코데즈컴바인
20260305001301,2026-03-05 16:27,디아이동일,유가증권,주주총회소집결의,디아이동일
20260305001294,2026-03-05 16:27,화승인더스트리,유가증권,[정정]주주총회소집결의,화승인더스트리
20260305001239,2026-03-05 16:18,에넥스,유가증권,주주총회소집결의,에넥스
20260305001203,2026-03-05 16:17,한미반도체,유가증권,주주총회소집결의,한미반도체
20260305000966,2026-03-05 16:11,알에스오토메이션,코스닥,주주총회소집결의,알에스오토메이션
20260305001164,2026-03-05 16:08,사조산업,유가증권,주주총회소집결의,사조산업
20260305001187,2026-03-05 16:05,코미팜,코스닥,주주총회소집결의,코미팜
20260305001185,2026-03-05 16:02,노루홀딩스,유가증권,주주총회소집결의,노루홀딩스
20260305001149,2026-03-05 16:01,천일고속,유가증권,주주총회소집결의,천일고속
20260305001143,2026-03-05 16:01,삼천리,유가증권,주주총회소집결의,삼천리
20260305001155,2026-03-05 16:00,온코크로스,코스닥,주주총회소집결의,온코크로스
20260305001069,2026-03-05 15:56,금화피에스시,코스닥,주주총회소집결의,금화피에스시
20260305001056,2026-03-05 15:56,한화솔루션,유가증권,[정정]주주총회소집결의,한화솔루션
20260305001132,2026-03-05 15:54,에쎈테크,코스닥,주주총회소집결의,에쎈테크
20260305001041,2026-03-05 15:44,대원강업,유가증권,[정정]주주총회소집결의,대원강업
20260305001030,2026-03-05 15:44,동부건설,유가증권,주주총회소집결의,동부건설
20260305000914,2026-03-05 15:43,미래생명자원,코스닥,주주총회소집결의,미래생명자원
20260305001052,2026-03-05 15:42,한일철강,유가증권,주주총회소집결의,한일철강
20260305001020,2026-03-05 15:42,자화전자,유가증권,주주총회소집결의,자화전자
20260305000910,2026-03-05 15:42,선샤인푸드,코스닥,[정정]주주총회소집결의,선샤인푸드
20260305000903,2026-03-05 15:41,아이에이,코스닥,주주총회소집결의,아이에이
20260305001023,2026-03-05 15:37,SK오션플랜트,유가증권,주주총회소집결의,에스케이오션플랜트
20260305000860,2026-03-05 15:37,퓨릿,코스닥,주주총회소집결의,퓨릿
20260305001037,2026-03-05 15:36,제일파마홀딩스,유가증권,주주총회소집결의,제일파마홀딩스
20260305001035,2026-03-05 15:35,동국S&C,코스닥,주주총회소집결의,동국에스엔씨
20260305000979,2026-03-05 15:35,이월드,유가증권,주주총회소집결의,이월드
20260305001018,2026-03-05 15:34,네오위즈홀딩스,코스닥,주주총회소집결의,네오위즈홀딩스
20260305000985,2026-03-05 15:34,모비스,코스닥,[정정]주주총회소집결의,모비스
20260305000996,2026-03-05 15:32,에스앤디,코스닥,주주총회소집결의,에스앤디
20260305000989,2026-03-05 15:28,네오위즈,코스닥,주주총회소집결의,네오위즈
20260305000982,2026-03-05 15:26,서연탑메탈,코스닥,주주총회소집결의,서연탑메탈
20260305000960,2026-03-05 15:26,티쓰리,코스닥,주주총회소집결의,티쓰리엔터테인먼트
20260305000950,2026-03-05 15:22,ISC,코스닥,주주총회소집결의,아이에스시
20260305000961,2026-03-05 15:21,한빛소프트,코스닥,주주총회소집결의,한빛소프트
20260305000949,2026-03-05 15:21,나우IB,코스닥,[정정]주주총회소집결의,나우아이비캐피탈
20260305000937,2026-03-05 15:20,플라즈맵,코스닥,주주총회소집결의,플라즈맵
20260305000918,2026-03-05 15:20,이오플로우,코스닥,주주총회소집결의,이오플로우
20260305000935,2026-03-05 15:16,제일약품,유가증권,주주총회소집결의,제일약품
20260305000923,2026-03-05 15:16,한신기계공업,유가증권,주주총회소집결의,한신기계공업
20260305000884,2026-03-05 15:11,미래에셋증권,유가증권,[정정]주주총회소집결의,미래에셋증권
20260305000876,2026-03-05 15:06,유성기업,유가증권,주주총회소집결의,유성기업
20260305000887,2026-03-05 15:03,본시스템즈,코넥스,주주총회소집 결의,본시스템즈
20260305000901,2026-03-05 15:01,대성홀딩스,유가증권,주주총회소집결의,대성홀딩스
20260305000845,2026-03-05 14:58,유니셈,코스닥,주주총회소집결의,유니셈
20260305000850,2026-03-05 14:49,한양디지텍,코스닥,주주총회소집결의,한양디지텍
20260305000808,2026-03-05 14:47,지아이이노베이션,코스닥,주주총회소집결의,지아이이노베이션
20260305000821,2026-03-05 14:40,성호전자,코스닥,[정정]주주총회소집결의,성호전자
20260305000782,2026-03-05 14:31,솔루스첨단소재,유가증권,주주총회소집결의,솔루스첨단소재
20260305000762,2026-03-05 14:28,세화피앤씨,코스닥,주주총회소집결의,세화피앤씨
20260305000689,2026-03-05 14:27,HJ중공업,유가증권,주주총회소집결의,에이치제이중공업
20260305000693,2026-03-05 14:21,NI스틸,유가증권,주주총회소집결의,NI스틸
20260305000683,2026-03-05 14:09,대명에너지,코스닥,주주총회소집결의,대명에너지
20260305000681,2026-03-05 14:09,문배철강,유가증권,주주총회소집결의,문배철강
20260305000679,2026-03-05 14:09,금강공업,유가증권,주주총회소집결의,금강공업
20260305000669,2026-03-05 14:08,조일알미늄,유가증권,주주총회소집결의,조일알미늄
20260305000666,2026-03-05 14:02,삼화왕관,유가증권,주주총회소집결의,삼화왕관
20260305000577,2026-03-05 13:54,쓰리빌리언,코스닥,주주총회소집결의,쓰리빌리언
20260305000590,2026-03-05 13:52,SK증권제10호스팩,코스닥,주주총회소집결의,에스케이증권제10호기업인수목적
20260305000574,2026-03-05 13:51,케이에스피,코스닥,주주총회소집결의,케이에스피
20260305000635,2026-03-05 13:50,보성파워텍,코스닥,주주총회소집결의,보성파워텍
20260305000566,2026-03-05 13:50,한국주강,유가증권,주주총회소집결의,한국주강
20260305000550,2026-03-05 13:16,나우IB,코스닥,[정정]주주총회소집결의,나우아이비캐피탈
20260305000541,2026-03-05 13:08,포인트모바일,코스닥,주주총회소집결의,포인트모바일
20260305000534,2026-03-05 12:55,SK아이이테크놀로지,유가증권,[정정]주주총회소집결의,에스케이아이이테크놀로지
20260305000532,2026-03-05 12:42,NICE평가정보,유가증권,주주총회소집결의,나이스평가정보
20260305000518,2026-03-05 12:22,YBM넷,코스닥,주주총회소집결의,와이비엠넷
20260305000510,2026-03-05 12:12,휴럼,코스닥,주주총회소집결의,휴럼
20260305000508,2026-03-05 12:11,메카로,코스닥,[정정]주주총회소집결의,메카로
20260305000477,2026-03-05 11:46,프럼파스트,코스닥,주주총회소집결의,프럼파스트
20260305000474,2026-03-05 11:39,미원홀딩스,유가증권,주주총회소집결의,미원홀딩스
20260305000464,2026-03-05 11:38,율촌화학,유가증권,주주총회소집결의,율촌화학
20260305000469,2026-03-05 11:37,프로텍,코스닥,주주총회소집결의,프로텍
20260305000452,2026-03-05 11:24,서산,코스닥,주주총회소집결의,서산
20260305000446,2026-03-05 11:20,고영,코스닥,[정정]주주총회소집결의,고영테크놀러지
20260305000430,2026-03-05 11:15,에이원큐브텍,코넥스,주주총회소집 결의,에이원큐브텍
20260305000422,2026-03-05 11:11,티에스이,코스닥,주주총회소집결의,티에스이
20260305000406,2026-03-05 10:56,코셋,코넥스,주주총회소집 결의,코셋
20260305000380,2026-03-05 10:42,서전기전,코스닥,주주총회소집결의,서전기전
20260305000374,2026-03-05 10:36,토비스,코스닥,주주총회소집결의,토비스
20260305000367,2026-03-05 10:33,미래에셋생명,유가증권,[정정]주주총회소집결의,미래에셋생명보험
20260305000361,2026-03-05 10:24,파세코,코스닥,주주총회소집결의,파세코
20260305000353,2026-03-05 10:23,IBKS제24호스팩,코스닥,주주총회소집결의,아이비케이에스제24호기업인수목적
20260305000351,2026-03-05 10:15,엑스플러스,코스닥,[정정]주주총회소집결의,엑스플러스
20260305000002,2026-03-05 07:38,롯데쇼핑,유가증권,주주총회소집결의,롯데쇼핑
20260305000001,2026-03-05 07:35,카카오뱅크,유가증권,주주총회소집결의,카카오뱅크
20260304001737,2026-03-04 19:03,나노씨엠에스,코스닥,주주총회소집결의,나노씨엠에스
20260304001734,2026-03-04 18:42,미래에셋생명,유가증권,주주총회소집결의,미래에셋생명보험
20260304001726,2026-03-04 18:40,SK아이이테크놀로지,유가증권,주주총회소집결의,에스케이아이이테크놀로지
20260304001725,2026-03-04 18:35,바이오니아,코스닥,[정정]주주총회소집결의,바이오니아
20260304001694,2026-03-04 18:15,한국전자홀딩스,유가증권,주주총회소집결의,한국전자홀딩스
20260304001643,2026-03-04 18:13,이수스페셜티케미컬,유가증권,주주총회소집결의,이수스페셜티케미컬
20260304001683,2026-03-04 18:11,신라젠,코스닥,주주총회소집결의,신라젠
20260304001663,2026-03-04 18:11,에어레인,코스닥,주주총회소집결의,㈜에어레인
20260304001682,2026-03-04 18:10,미코,코스닥,주주총회소집결의,미코
20260304001572,2026-03-04 18:00,미래에셋증권,유가증권,[정정]주주총회소집결의,미래에셋증권
20260304001613,2026-03-04 17:48,코난테크놀로지,코스닥,[정정]주주총회소집결의,코난테크놀로지
20260304001620,2026-03-04 17:47,롯데칠성음료,유가증권,주주총회소집결의,롯데칠성음료
20260304001615,2026-03-04 17:46,선도전기,유가증권,주주총회소집결의,선도전기
20260304001609,2026-03-04 17:46,고영,코스닥,[정정]주주총회소집결의,고영테크놀러지
20260304001614,2026-03-04 17:44,EMB,코넥스,주주총회소집 결의,이엠비
20260304001594,2026-03-04 17:40,한전기술,유가증권,[정정]주주총회소집결의,한국전력기술
20260304001580,2026-03-04 17:40,한국가스공사,유가증권,주주총회소집결의,한국가스공사
20260304001511,2026-03-04 17:39,로보스타,코스닥,[정정]주주총회소집결의,로보스타
20260304001563,2026-03-04 17:34,KEC,유가증권,주주총회소집결의,케이이씨
20260304001515,2026-03-04 17:34,케이씨텍,유가증권,[정정]주주총회소집결의,케이씨텍
20260304001543,2026-03-04 17:31,한국철강,유가증권,주주총회소집결의,한국철강
20260304001498,2026-03-04 17:30,한화오션,유가증권,[정정]주주총회소집결의,한화오션
20260304001540,2026-03-04 17:28,대우건설,유가증권,주주총회소집결의,대우건설
20260304001472,2026-03-04 17:27,메리츠금융지주,유가증권,주주총회소집결의,메리츠금융지주
20260304001497,2026-03-04 17:26,씨앤투스,코스닥,주주총회소집결의,씨앤투스
20260304001479,2026-03-04 17:25,에스에이티,코스닥,주주총회소집결의,에스에이티
20260304001466,2026-03-04 17:23,셀바스AI,코스닥,[정정]주주총회소집결의,셀바스에이아이
20260304001414,2026-03-04 17:23,아이즈비전,코스닥,주주총회소집결의,아이즈비전
20260304001434,2026-03-04 17:21,SK증권,유가증권,주주총회소집결의,SK증권
20260304001432,2026-03-04 17:21,덴티움,유가증권,주주총회소집결의,덴티움
20260304001408,2026-03-04 17:21,하이젠알앤엠,코스닥,주주총회소집결의,하이젠알앤엠
20260304001402,2026-03-04 17:20,LX하우시스,유가증권,주주총회소집결의,엘엑스하우시스
20260304001485,2026-03-04 17:15,오아,코스닥,[정정]주주총회소집결의,오아
20260304001476,2026-03-04 17:15,바이넥스,코스닥,주주총회소집결의,바이넥스
20260304001404,2026-03-04 17:10,아이티센엔텍,코스닥,[정정]주주총회소집결의,아이티센엔텍
20260304001236,2026-03-04 17:07,유진스팩12호,코스닥,주주총회소집결의,유진기업인수목적12호
20260304001303,2026-03-04 17:02,대주전자재료,코스닥,주주총회소집결의,대주전자재료
20260304001398,2026-03-04 17:01,케이씨,유가증권,[정정]주주총회소집결의,케이씨
20260304001345,2026-03-04 17:01,롯데케미칼,유가증권,주주총회소집결의,롯데케미칼
20260304001374,2026-03-04 17:00,케이탑리츠,유가증권,주주총회소집결의,케이탑자기관리부동산투자회사
20260304001353,2026-03-04 17:00,신한서부티엔디리츠,유가증권,주주총회소집결의,신한서부티엔디위탁관리부동산투자회사
20260304001380,2026-03-04 16:59,인산가,코스닥,주주총회소집결의,인산가
20260304001369,2026-03-04 16:59,한미글로벌,유가증권,[정정]주주총회소집결의,한미글로벌건축사사무소
20260304001383,2026-03-04 16:58,원일티엔아이,코스닥,[정정]주주총회소집결의,원일티엔아이
20260304001385,2026-03-04 16:56,옵투스제약,코스닥,주주총회소집결의,옵투스제약
20260304001341,2026-03-04 16:56,한성크린텍,코스닥,주주총회소집결의,한성크린텍
20260304001334,2026-03-04 16:56,미래에셋벤처투자,코스닥,주주총회소집결의,미래에셋벤처투자
20260304001332,2026-03-04 16:55,GS리테일,유가증권,주주총회소집결의,지에스리테일
20260304001315,2026-03-04 16:52,CSA 코스믹,코스닥,주주총회소집결의,씨에스에이코스믹
20260304001328,2026-03-04 16:46,라피치,코넥스,주주총회소집 결의,라피치
20260304001305,2026-03-04 16:46,라이온켐텍,코스닥,[정정]주주총회소집결의,라이온켐텍
20260304001282,2026-03-04 16:42,한국카본,유가증권,주주총회소집결의,한국카본
20260304001206,2026-03-04 16:40,한신공영,유가증권,주주총회소집결의,한신공영
20260304001275,2026-03-04 16:38,KISCO홀딩스,유가증권,주주총회소집결의,KISCO홀딩스
20260304001196,2026-03-04 16:38,미원상사,유가증권,주주총회소집결의,미원상사
20260304001150,2026-03-04 16:32,텔콘RF제약,코스닥,주주총회소집결의,텔콘알에프제약
20260304001211,2026-03-04 16:30,아세아,유가증권,주주총회소집결의,아세아
20260304001193,2026-03-04 16:29,플리토,코스닥,주주총회소집결의,플리토
20260304001197,2026-03-04 16:26,대덕전자,유가증권,주주총회소집결의,대덕전자
20260304001188,2026-03-04 16:22,CJ 바이오사이언스,코스닥,주주총회소집결의,씨제이바이오사이언스
20260304001137,2026-03-04 16:21,에이스토리,코스닥,주주총회소집결의,에이스토리
20260304001120,2026-03-04 16:21,OCI,유가증권,주주총회소집결의,OCI
20260304001174,2026-03-04 16:20,KZ정밀,코스닥,주주총회소집결의,케이젯정밀
20260304001121,2026-03-04 16:18,SK리츠,유가증권,주주총회소집결의,에스케이위탁관리부동산투자회사
20260304001175,2026-03-04 16:16,광동헬스바이오,코넥스,주주총회소집 결의,광동헬스바이오
20260304001146,2026-03-04 16:16,머큐리,코스닥,주주총회소집결의,머큐리
20260304001123,2026-03-04 16:16,한농화성,유가증권,주주총회소집결의,한농화성
20260304001071,2026-03-04 16:16,노루페인트,유가증권,주주총회소집결의,노루페인트
20260304001086,2026-03-04 16:14,와이엠씨,코스닥,주주총회소집결의,와이엠씨
20260304001098,2026-03-04 16:12,파워넷,코스닥,주주총회소집결의,파워넷
20260304001074,2026-03-04 16:12,진양제약,코스닥,[정정]주주총회소집결의,진양제약
20260304001133,2026-03-04 16:10,SK디스커버리,유가증권,주주총회소집결의,에스케이디스커버리
20260304000956,2026-03-04 16:07,삼미금속,코스닥,주주총회소집결의,삼미금속
20260304001066,2026-03-04 16:03,에스디바이오센서,유가증권,[정정]주주총회소집결의,에스디바이오센서
20260304001059,2026-03-04 16:01,아세아제지,유가증권,주주총회소집결의,아세아제지
20260304000995,2026-03-04 15:58,진흥기업,유가증권,주주총회소집결의,진흥기업
20260304001026,2026-03-04 15:57,아세아시멘트,유가증권,주주총회소집결의,아세아시멘트
20260304001003,2026-03-04 15:55,에어부산,유가증권,주주총회소집결의,에어부산
20260304000993,2026-03-04 15:53,위즈코프,코스닥,주주총회소집결의,위즈코프
20260304001006,2026-03-04 15:49,켐트로스,코스닥,주주총회소집결의,켐트로스
20260304001017,2026-03-04 15:48,주성엔지니어링,코스닥,주주총회소집결의,주성엔지니어링
20260304000944,2026-03-04 15:48,타이거일렉,코스닥,주주총회소집결의,타이거일렉
20260304000977,2026-03-04 15:41,우신시스템,유가증권,주주총회소집결의,우신시스템
20260304000969,2026-03-04 15:37,다스코,유가증권,[정정]주주총회소집결의,다스코
20260304000946,2026-03-04 15:29,DSR제강,유가증권,주주총회소집결의,DSR제강
20260304000942,2026-03-04 15:29,한국종합기술,유가증권,주주총회소집결의,한국종합기술
20260304000917,2026-03-04 15:26,플레이디,코스닥,주주총회소집결의,플레이디
20260304000928,2026-03-04 15:25,원풍,코스닥,주주총회소집결의,원풍
20260304000926,2026-03-04 15:25,깨끗한나라,유가증권,주주총회소집결의,깨끗한나라
20260304000923,2026-03-04 15:24,인터지스,유가증권,주주총회소집결의,인터지스
20260304000908,2026-03-04 15:24,비씨엔씨,코스닥,주주총회소집결의,비씨엔씨
20260304000906,2026-03-04 15:24,S&K폴리텍,코스닥,주주총회소집결의,에스엔케이폴리텍
20260304000905,2026-03-04 15:24,알체라,코스닥,주주총회소집결의,알체라
20260304000871,2026-03-04 15:23,티피씨글로벌,코스닥,주주총회소집결의,티피씨
20260304000927,2026-03-04 15:19,일진다이아,유가증권,주주총회소집결의,일진다이아몬드
20260304000894,2026-03-04 15:18,로보티즈,코스닥,주주총회소집결의,로보티즈
20260304000887,2026-03-04 15:17,서호전기,코스닥,주주총회소집결의,서호전기
20260304000903,2026-03-04 15:15,인탑스,코스닥,주주총회소집결의,인탑스
20260304000883,2026-03-04 15:15,새빗켐,코스닥,주주총회소집결의,새빗켐
20260304000834,2026-03-04 15:14,하나기술,코스닥,주주총회소집결의,하나기술
20260304000900,2026-03-04 15:10,SKC,유가증권,[정정]주주총회소집결의,SKC
20260304000851,2026-03-04 15:04,브리지텍,코스닥,주주총회소집결의,브리지텍
20260304000842,2026-03-04 14:53,LS증권,코스닥,주주총회소집결의,엘에스증권
20260304000785,2026-03-04 14:53,비아트론,코스닥,주주총회소집결의,비아트론
20260304000844,2026-03-04 14:49,비케이홀딩스,코스닥,주주총회소집결의,비케이홀딩스
20260304000813,2026-03-04 14:43,서울평가정보,코스닥,주주총회소집결의,서울평가정보
20260304000803,2026-03-04 14:42,라닉스,코스닥,주주총회소집결의,라닉스
20260304000811,2026-03-04 14:41,동국씨엠,유가증권,주주총회소집결의,동국씨엠
20260304000770,2026-03-04 14:39,케이엔더블유,코스닥,주주총회소집결의,케이엔더블유
20260304000804,2026-03-04 14:34,스모트로닉,코스닥,주주총회소집결의,스모트로닉
20260304000733,2026-03-04 14:31,APS이노베이션,코스닥,주주총회소집결의,APS이노베이션
20260304000762,2026-03-04 14:27,웨이비스,코스닥,주주총회소집결의,웨이비스
20260304000720,2026-03-04 14:25,한성기업,유가증권,주주총회소집결의,한성기업
20260304000737,2026-03-04 14:22,DS단석,유가증권,[정정]주주총회소집결의,디에스단석
20260304000714,2026-03-04 14:22,디와이덕양,유가증권,주주총회소집결의,디와이덕양
20260304000725,2026-03-04 14:21,롯데웰푸드,유가증권,주주총회소집결의,롯데웰푸드
20260304000686,2026-03-04 14:14,피엔티,코스닥,주주총회소집결의,피엔티
20260304000719,2026-03-04 14:13,강남제비스코,유가증권,주주총회소집결의,강남제비스코
20260304000724,2026-03-04 14:11,트루엔,코스닥,주주총회소집결의,트루엔
20260304000709,2026-03-04 14:07,중앙에너비스,코스닥,주주총회소집결의,중앙에너비스
20260304000655,2026-03-04 13:46,에스오에스랩,코스닥,주주총회소집결의,에스오에스랩
20260304000638,2026-03-04 13:32,일진홀딩스,유가증권,주주총회소집결의,일진홀딩스
20260304000618,2026-03-04 13:21,네이블,코스닥,주주총회소집결의,네이블
20260304000454,2026-03-04 11:37,세우글로벌,유가증권,주주총회소집결의,세우글로벌
20260304000449,2026-03-04 11:36,일진하이솔루스,유가증권,주주총회소집결의,일진하이솔루스
20260304000448,2026-03-04 11:33,SAMG엔터,코스닥,[정정]주주총회소집결의,에스에이엠지엔터테인먼트
20260304000425,2026-03-04 11:19,화신정공,코스닥,주주총회소집결의,화신정공
20260304000420,2026-03-04 11:16,GS피앤엘,유가증권,주주총회소집결의,지에스피앤엘
20260304000350,2026-03-04 10:51,유니테크노,코스닥,주주총회소집결의,유니테크노
20260304000352,2026-03-04 10:46,오픈놀,코스닥,주주총회소집결의,오픈놀
20260304000334,2026-03-04 10:42,일진전기,유가증권,주주총회소집결의,일진전기
20260304000309,2026-03-04 10:42,화신,유가증권,주주총회소집결의,화신
20260304000311,2026-03-04 10:37,SY동아,코스닥,주주총회소집결의,SY동아
20260304000282,2026-03-04 10:26,테크윙,코스닥,주주총회소집결의,테크윙
20260304000275,2026-03-04 10:11,고려산업,유가증권,주주총회소집결의,고려산업
20260304000237,2026-03-04 09:50,에스피지,코스닥,주주총회소집결의,에스피지
20260304000006,2026-03-04 07:46,PI첨단소재,유가증권,주주총회소집결의,피아이첨단소재
20260303001444,2026-03-03 18:43,하나투어,유가증권,주주총회소집결의,하나투어
20260303001434,2026-03-03 18:35,레이저쎌,코스닥,주주총회소집결의,레이저쎌
20260303001337,2026-03-03 18:27,리튬포어스,코스닥,주주총회소집결의,리튬포어스
20260303001309,2026-03-03 18:08,우성,유가증권,[정정]주주총회소집결의,우성
20260303001290,2026-03-03 18:00,다올투자증권,유가증권,주주총회소집결의,다올투자증권
20260303001313,2026-03-03 17:58,퍼시스,유가증권,[정정]주주총회소집결의,퍼시스
20260303001241,2026-03-03 17:46,신한지주,유가증권,주주총회소집결의,신한금융지주회사
20260303001296,2026-03-03 17:44,SGC E&C,코스닥,주주총회소집결의,에스지씨이앤씨
20260303001226,2026-03-03 17:33,이수화학,유가증권,주주총회소집결의,이수화학
20260303001225,2026-03-03 17:33,덕신이피씨,코스닥,주주총회소집결의,덕신이피씨
20260303001273,2026-03-03 17:32,백금T&A,코스닥,주주총회소집결의,백금티앤에이
20260303001262,2026-03-03 17:30,동양고속,유가증권,주주총회소집결의,동양고속
20260303001207,2026-03-03 17:28,아이티센씨티에스,유가증권,주주총회소집결의,아이티센씨티에스
20260303001013,2026-03-03 17:22,웰크론,코스닥,주주총회소집결의,웰크론
20260303001234,2026-03-03 17:20,한주라이트메탈,코스닥,[정정]주주총회소집결의,한주라이트메탈
20260303001229,2026-03-03 17:20,쎄노텍,코스닥,주주총회소집결의,쎄노텍
20260303001148,2026-03-03 17:20,티앤엘,코스닥,[정정]주주총회소집결의,티앤엘
20260303001145,2026-03-03 17:19,지에프아이,코스닥,주주총회소집결의,지에프아이
20260303001202,2026-03-03 17:18,롯데에너지머티리얼즈,유가증권,주주총회소집결의,롯데에너지머티리얼즈
20260303001131,2026-03-03 17:17,한국정보통신,코스닥,주주총회소집결의,한국정보통신
20260303000982,2026-03-03 17:14,SAMG엔터,코스닥,주주총회소집결의,에스에이엠지엔터테인먼트
20260303001154,2026-03-03 17:13,올릭스,코스닥,주주총회소집결의,올릭스
20260303001087,2026-03-03 17:06,현대해상,유가증권,주주총회소집결의,현대해상화재보험
20260303001100,2026-03-03 17:02,한전기술,유가증권,주주총회소집결의,한국전력기술
20260303001083,2026-03-03 17:00,알지노믹스,코스닥,주주총회소집결의,알지노믹스
20260303001049,2026-03-03 17:00,기아,유가증권,[정정]주주총회소집결의,기아
20260303001039,2026-03-03 17:00,SGC에너지,유가증권,주주총회소집결의,SGC에너지
20260303001028,2026-03-03 16:59,한전기술,유가증권,[정정]주주총회소집결의,한국전력기술
20260303001055,2026-03-03 16:57,벽산,유가증권,주주총회소집결의,벽산
20260303001007,2026-03-03 16:54,유비쿼스,코스닥,주주총회소집결의,유비쿼스
20260303000977,2026-03-03 16:52,롯데리츠,유가증권,주주총회소집결의,롯데위탁관리부동산투자회사
20260303000957,2026-03-03 16:52,웰크론한텍,코스닥,주주총회소집결의,웰크론한텍
20260303000987,2026-03-03 16:47,한솔홈데코,유가증권,[정정]주주총회소집결의,한솔홈데코
20260303000913,2026-03-03 16:45,호텔신라,유가증권,[정정]주주총회소집결의,호텔신라
20260303000955,2026-03-03 16:39,블루콤,코스닥,주주총회소집결의,블루콤
20260303000935,2026-03-03 16:37,박셀바이오,코스닥,[정정]주주총회소집결의,박셀바이오
20260303000851,2026-03-03 16:36,삼천당제약,코스닥,주주총회소집결의,삼천당제약
20260303000889,2026-03-03 16:32,하이스틸,유가증권,주주총회소집결의,하이스틸
20260303000912,2026-03-03 16:27,SUN&L,유가증권,주주총회소집결의,선앤엘
20260303000760,2026-03-03 16:22,유진스팩10호,코스닥,주주총회소집결의,유진기업인수목적10호
20260303000816,2026-03-03 16:20,아이티센글로벌,코스닥,주주총회소집결의,아이티센글로벌
20260303000724,2026-03-03 16:17,미스터블루,코스닥,[정정]주주총회소집결의,미스터블루
20260303000765,2026-03-03 16:14,에이프릴바이오,코스닥,주주총회소집결의,에이프릴바이오
20260303000775,2026-03-03 16:08,퍼스텍,유가증권,주주총회소집결의,퍼스텍
20260303000738,2026-03-03 16:04,신진에스엠,코스닥,주주총회소집결의,신진에스엠
20260303000739,2026-03-03 16:03,KC그린홀딩스,유가증권,주주총회소집결의,케이씨그린홀딩스
20260303000723,2026-03-03 16:03,엔시스,코스닥,[정정]주주총회소집결의,엔시스
20260303000699,2026-03-03 15:58,엘컴텍,코스닥,[정정]주주총회소집결의,엘컴텍
20260303000725,2026-03-03 15:57,남성,유가증권,주주총회소집결의,남성
20260303000651,2026-03-03 15:56,환인제약,유가증권,주주총회소집결의,환인제약
20260303000692,2026-03-03 15:55,일진파워,코스닥,주주총회소집결의,일진파워
20260303000539,2026-03-03 15:55,아진엑스텍,코스닥,주주총회소집결의,아진엑스텍
20260303000619,2026-03-03 15:49,네오팜,코스닥,주주총회소집결의,네오팜
20260303000612,2026-03-03 15:49,팬오션,유가증권,[정정]주주총회소집결의,팬오션
20260303000614,2026-03-03 15:36,동국제강,유가증권,주주총회소집결의,동국제강
20260303000610,2026-03-03 15:36,이스트소프트,코스닥,주주총회소집결의,이스트소프트
20260303000598,2026-03-03 15:35,캐프,코스닥,주주총회소집결의,캐프
20260303000567,2026-03-03 15:31,파트론,코스닥,주주총회소집결의,파트론
20260303000579,2026-03-03 15:29,이루온,코스닥,주주총회소집결의,이루온
20260303000566,2026-03-03 15:28,오션스바이오,코넥스,주주총회소집 결의,오션스바이오
20260303000590,2026-03-03 15:27,아이크래프트,코스닥,주주총회소집결의,아이크래프트
20260303000522,2026-03-03 15:19,우진,유가증권,주주총회소집결의,우진
20260303000531,2026-03-03 15:16,키움히어로제1호스팩,코스닥,[정정]주주총회소집결의,키움히어로제1호기업인수목적
20260303000502,2026-03-03 15:14,레몬,코스닥,[정정]주주총회소집결의,레몬
20260303000540,2026-03-03 15:12,웹젠,코스닥,[정정]주주총회소집결의,웹젠
20260303000528,2026-03-03 15:12,한라캐스트,코스닥,[정정]주주총회소집결의,한라캐스트
20260303000485,2026-03-03 15:07,SM Life Design,코스닥,주주총회소집결의,에스엠라이프디자인그룹
20260303000499,2026-03-03 15:04,본느,코스닥,[정정]주주총회소집결의,본느
20260303000511,2026-03-03 15:03,지투파워,코스닥,주주총회소집결의,지투파워
20260303000442,2026-03-03 14:46,앤씨앤,코스닥,주주총회소집결의,앤씨앤
20260303000401,2026-03-03 14:45,한국경제TV,코스닥,[정정]주주총회소집결의,한국경제티브이
20260303000407,2026-03-03 14:39,진바이오텍,코스닥,주주총회소집결의,진바이오텍
20260303000387,2026-03-03 14:09,바이오에프디엔씨,코스닥,주주총회소집결의,바이오에프디엔씨
20260303000311,2026-03-03 14:09,퓨쳐켐,코스닥,주주총회소집결의,퓨쳐켐
20260303000286,2026-03-03 14:07,에스폴리텍,코스닥,주주총회소집결의,에스폴리텍
20260303000363,2026-03-03 14:02,손오공,코스닥,주주총회소집결의,손오공
20260303000318,2026-03-03 13:53,파인텍,코스닥,주주총회소집결의,파인텍
20260303000319,2026-03-03 13:39,유비쿼스홀딩스,코스닥,주주총회소집결의,유비쿼스홀딩스
20260303000314,2026-03-03 13:29,부산산업,유가증권,주주총회소집결의,부산산업
20260303000261,2026-03-03 12:15,와이엔텍,코스닥,[정정]주주총회소집결의,와이엔텍
20260303000259,2026-03-03 12:14,에프알텍,코스닥,주주총회소집결의,에프알텍
20260303000253,2026-03-03 12:14,한라캐스트,코스닥,주주총회소집결의,한라캐스트
20260303000250,2026-03-03 11:34,루멘스바이오스,코스닥,주주총회소집결의,루멘스바이오스
20260303000245,2026-03-03 11:31,샌즈랩,코스닥,[정정]주주총회소집결의,샌즈랩
20260227002193,2026-02-27 19:02,바이오니아,코스닥,주주총회소집결의,바이오니아
20260227002187,2026-02-27 18:58,씨유메디칼,코스닥,주주총회소집결의,씨유메디칼시스템
20260227002188,2026-02-27 18:55,아이엠비디엑스,코스닥,주주총회소집결의,아이엠비디엑스
20260227002172,2026-02-27 18:44,이상네트웍스,코스닥,주주총회소집결의,이상네트웍스
20260227002171,2026-02-27 18:39,지아이에스,코스닥,[정정]주주총회소집결의,지아이에스
20260227002057,2026-02-27 18:35,랩지노믹스,코스닥,주주총회소집결의,랩지노믹스
20260227002149,2026-02-27 18:25,우듬지팜,코스닥,주주총회소집결의,농업회사법인 우듬지팜
20260227002138,2026-02-27 18:25,유니켐,유가증권,주주총회소집결의,유니켐
20260227002077,2026-02-27 18:25,세중,코스닥,주주총회소집결의,세중
20260227002153,2026-02-27 18:22,메쎄이상,코스닥,주주총회소집결의,메쎄이상
20260227001933,2026-02-27 18:19,빛과전자,코스닥,주주총회소집결의,빛과전자
20260227002147,2026-02-27 18:17,톱텍,코스닥,주주총회소집결의,톱텍
20260227002143,2026-02-27 18:14,SK가스,유가증권,주주총회소집결의,SK가스
20260227002089,2026-02-27 18:11,KD,코스닥,주주총회소집결의,KD
20260227002034,2026-02-27 18:00,우리기술,코스닥,주주총회소집결의,우리기술
20260227002090,2026-02-27 17:58,SK이노베이션,유가증권,주주총회소집결의,SK이노베이션
20260227001954,2026-02-27 17:57,BNK금융지주,유가증권,주주총회소집결의,BNK금융지주
20260227001906,2026-02-27 17:57,나인테크,코스닥,주주총회소집결의,나인테크
20260227002008,2026-02-27 17:54,메리츠제1호스팩,코스닥,주주총회소집결의,메리츠제1호기업인수목적
20260227002013,2026-02-27 17:53,영진약품,유가증권,주주총회소집결의,영진약품
20260227002056,2026-02-27 17:52,애니플러스,코스닥,주주총회소집결의,애니플러스
20260227002022,2026-02-27 17:51,도우인시스,코스닥,주주총회소집결의,도우인시스
20260227001966,2026-02-27 17:51,유나이티드,유가증권,주주총회소집결의,한국유나이티드제약
20260227002030,2026-02-27 17:48,엄지하우스,코넥스,주주총회소집 결의,엄지하우스
20260227001989,2026-02-27 17:48,시노펙스,코스닥,주주총회소집결의,시노펙스
20260227001981,2026-02-27 17:48,에스엠,코스닥,주주총회소집결의,에스엠엔터테인먼트
20260227002031,2026-02-27 17:45,에이엔피,유가증권,주주총회소집결의,에이엔피
20260227001895,2026-02-27 17:44,알트,코스닥,주주총회소집결의,알트
20260227001979,2026-02-27 17:38,한국항공우주,유가증권,주주총회소집결의,한국항공우주산업
20260227001824,2026-02-27 17:38,아즈텍WB,코스닥,주주총회소집결의,아즈텍더블유비이
20260227001938,2026-02-27 17:34,넥스틸,유가증권,주주총회소집결의,넥스틸
20260227001924,2026-02-27 17:34,후성,유가증권,주주총회소집결의,후성
20260227001803,2026-02-27 17:33,레몬,코스닥,주주총회소집결의,레몬
20260227001805,2026-02-27 17:29,에이리츠,유가증권,주주총회소집결의,에이자기관리부동산투자회사
20260227001879,2026-02-27 17:28,엘컴텍,코스닥,주주총회소집결의,엘컴텍
20260227001622,2026-02-27 17:27,디에스케이,코스닥,주주총회소집결의,디에스케이
20260227001712,2026-02-27 17:26,야스,코스닥,주주총회소집결의,야스
20260227001710,2026-02-27 17:26,한국첨단소재,코스닥,주주총회소집결의,한국첨단소재
20260227001778,2026-02-27 17:25,풀무원,유가증권,주주총회소집결의,풀무원
20260227001754,2026-02-27 17:22,태경산업,유가증권,주주총회소집결의,태경산업
20260227001722,2026-02-27 17:22,희림,코스닥,주주총회소집결의,희림종합건축사사무소
20260227001581,2026-02-27 17:22,형지I&C,코스닥,주주총회소집결의,형지아이앤씨
20260227001580,2026-02-27 17:18,청보,코스닥,[정정]주주총회소집결의,청보
20260227001844,2026-02-27 17:17,우진플라임,유가증권,주주총회소집결의,우진플라임
20260227001826,2026-02-27 17:17,카스,코스닥,주주총회소집결의,카스
20260227001698,2026-02-27 17:17,티엘비,코스닥,주주총회소집결의,티엘비
20260227001815,2026-02-27 17:16,롯데관광개발,유가증권,주주총회소집결의,롯데관광개발
20260227001792,2026-02-27 17:15,세방,유가증권,주주총회소집결의,세방
20260227001727,2026-02-27 17:12,코아시아,코스닥,주주총회소집결의,코아시아
20260227001691,2026-02-27 17:08,케이프,코스닥,주주총회소집결의,케이프
20260227001011,2026-02-27 17:08,라파스,코스닥,주주총회소집결의,라파스
20260227001616,2026-02-27 17:00,본느,코스닥,주주총회소집결의,본느
20260227001657,2026-02-27 16:57,영흥,유가증권,주주총회소집결의,영흥
20260227001525,2026-02-27 16:56,차이커뮤니케이션,코스닥,주주총회소집결의,차이커뮤니케이션
20260227001619,2026-02-27 16:50,에스에이엠티,코스닥,주주총회소집결의,에스에이엠티
20260227001495,2026-02-27 16:46,HB테크놀러지,코스닥,주주총회소집결의,에이치비테크놀러지
20260227001444,2026-02-27 16:42,우리금융지주,유가증권,주주총회소집결의,우리금융지주
20260227001566,2026-02-27 16:40,현대모비스,유가증권,[정정]주주총회소집결의,현대모비스
20260227001477,2026-02-27 16:37,하나제약,유가증권,주주총회소집결의,하나제약
20260227001480,2026-02-27 16:35,씨엑스아이,코스닥,주주총회소집결의(임시주주총회),씨엑스아이헬스케어테크놀리지그룹리미티드
20260227001414,2026-02-27 16:35,지니언스,코스닥,[정정]주주총회소집결의,지니언스
20260227001295,2026-02-27 16:35,SG,코스닥,주주총회소집결의,에스지이
20260227001532,2026-02-27 16:34,그래피,코스닥,주주총회소집결의,그래피
20260227001506,2026-02-27 16:34,서플러스글로벌,코스닥,주주총회소집결의,서플러스글로벌
20260227001479,2026-02-27 16:32,에스텍,코스닥,주주총회소집결의,에스텍
20260227001416,2026-02-27 16:32,SH에너지화학,유가증권,주주총회소집결의,SH에너지화학
20260227001409,2026-02-27 16:27,삼영,유가증권,주주총회소집결의,삼영
20260227001452,2026-02-27 16:25,세코닉스,코스닥,주주총회소집결의,세코닉스
20260227001417,2026-02-27 16:23,현대사료,코스닥,[정정]주주총회소집결의,현대사료
20260227001373,2026-02-27 16:23,네오티스,코스닥,주주총회소집결의,네오티스
20260227001437,2026-02-27 16:22,황금에스티,유가증권,주주총회소집결의,황금에스티
20260227001362,2026-02-27 16:21,이리츠코크렙,유가증권,주주총회소집결의,이리츠코크렙기업구조조정부동산투자회사
20260227001337,2026-02-27 16:21,에코볼트,코스닥,[정정]주주총회소집결의(임시주주총회),에코볼트
20260227001431,2026-02-27 16:20,HLB제약,코스닥,주주총회소집결의,에이치엘비제약
20260227001396,2026-02-27 16:20,씨티케이,코스닥,주주총회소집결의,씨티케이
20260227001349,2026-02-27 16:20,코리아에프티,코스닥,주주총회소집결의,코리아에프티
20260227001350,2026-02-27 16:19,한익스프레스,유가증권,주주총회소집결의,한익스프레스
20260227001310,2026-02-27 16:19,매일홀딩스,코스닥,주주총회소집결의,매일홀딩스
20260227001250,2026-02-27 16:19,이노뎁,코스닥,주주총회소집결의,이노뎁
20260227001315,2026-02-27 16:16,대한제당,유가증권,주주총회소집결의,대한제당
20260227001290,2026-02-27 16:15,화성밸브,코스닥,주주총회소집결의,화성밸브
20260227001274,2026-02-27 16:11,뱅크웨어글로벌,코스닥,주주총회소집결의,뱅크웨어글로벌
20260227001371,2026-02-27 16:10,삼익THK,유가증권,주주총회소집결의,삼익THK
20260227001256,2026-02-27 16:08,한일사료,코스닥,주주총회소집결의,한일사료
20260227001171,2026-02-27 15:59,엔에이치스팩29호,코스닥,주주총회소집결의(임시주주총회),엔에이치기업인수목적29호
20260227001212,2026-02-27 15:58,DS단석,유가증권,주주총회소집결의,디에스단석
20260227001226,2026-02-27 15:57,동서,유가증권,주주총회소집결의,동서
20260227001163,2026-02-27 15:57,셀비온,코스닥,주주총회소집결의,셀비온
20260227001189,2026-02-27 15:48,디에스엠,코스닥,주주총회소집결의,디에스엠
20260227001138,2026-02-27 15:46,형지글로벌,코스닥,주주총회소집결의,형지글로벌
20260227001127,2026-02-27 15:42,와이어블,코스닥,주주총회소집결의,와이어블
20260227001068,2026-02-27 15:42,에스비비테크,코스닥,주주총회소집결의,에스비비테크
20260227001094,2026-02-27 15:41,사토시홀딩스,코스닥,주주총회소집결의,사토시홀딩스
20260227001091,2026-02-27 15:40,경동인베스트,유가증권,주주총회소집결의,경동인베스트
20260227001121,2026-02-27 15:38,수젠텍,코스닥,주주총회소집결의,수젠텍
20260227001084,2026-02-27 15:32,램테크놀러지,코스닥,주주총회소집결의,램테크놀러지
20260227001016,2026-02-27 15:26,하나금융지주,유가증권,주주총회소집결의,하나금융지주
20260227001040,2026-02-27 15:24,휴스틸,유가증권,주주총회소집결의,휴스틸
20260227000991,2026-02-27 15:24,NPX,코스닥,주주총회소집결의,엔피엑스
20260227001073,2026-02-27 15:23,유아이디,코스닥,주주총회소집결의,유아이디
20260227001001,2026-02-27 15:23,다이나믹디자인,유가증권,주주총회소집결의,다이나믹디자인
20260227001051,2026-02-27 15:21,나우코스,코넥스,주주총회소집 결의,나우코스
20260227000986,2026-02-27 15:21,피엔에이치테크,코스닥,주주총회소집결의,피엔에이치테크
20260227001009,2026-02-27 15:20,아이빔테크놀로지,코스닥,주주총회소집결의,아이빔테크놀로지
20260227000955,2026-02-27 15:17,SK스퀘어,유가증권,[정정]주주총회소집결의,에스케이스퀘어
20260227000761,2026-02-27 15:15,삼익제약,코스닥,주주총회소집결의,삼익제약
20260227000856,2026-02-27 15:13,한화비전,유가증권,[정정]주주총회소집결의,한화비전
20260227000926,2026-02-27 15:09,제이앤티씨,코스닥,주주총회소집결의,제이앤티씨
20260227000806,2026-02-27 15:08,샘씨엔에스,코스닥,주주총회소집결의,샘씨엔에스
20260227000973,2026-02-27 15:04,세니젠,코스닥,주주총회소집결의,세니젠
20260227000817,2026-02-27 15:03,케이사인,코스닥,[정정]주주총회소집결의,케이사인
20260227000751,2026-02-27 15:02,일정실업,유가증권,[정정]주주총회소집결의,일정실업
20260227000754,2026-02-27 15:00,LS티라유텍,코스닥,주주총회소집결의,엘에스티라유텍
20260227000715,2026-02-27 14:59,코맥스,코스닥,주주총회소집결의,코맥스
20260227000709,2026-02-27 14:57,테크트랜스,코넥스,주주총회소집 결의,테크트랜스
20260227000723,2026-02-27 14:54,한일단조,코스닥,주주총회소집결의,한일단조공업
20260227000730,2026-02-27 14:53,오파스넷,코스닥,주주총회소집결의,오파스넷
20260227000734,2026-02-27 14:49,DB손해보험,유가증권,주주총회소집결의,DB손해보험
20260227000673,2026-02-27 14:46,파인메딕스,코스닥,[정정]주주총회소집결의,파인메딕스
20260227000703,2026-02-27 14:44,시큐레터,코스닥,주주총회소집결의,시큐레터
20260227000683,2026-02-27 14:44,한국무브넥스,유가증권,주주총회소집결의,한국무브넥스
20260227000619,2026-02-27 14:40,강원랜드,유가증권,주주총회소집결의,강원랜드
20260227000631,2026-02-27 14:37,진도,유가증권,주주총회소집결의,진도
20260227000588,2026-02-27 14:35,가온그룹,코스닥,주주총회소집결의,가온그룹
20260227000491,2026-02-27 14:35,투비소프트,코스닥,주주총회소집결의,투비소프트
20260227000646,2026-02-27 14:34,와이씨,코스닥,주주총회소집결의,와이씨
20260227000597,2026-02-27 14:34,코이즈,코스닥,주주총회소집결의,코이즈
20260227000623,2026-02-27 14:32,부스타,코스닥,[정정]주주총회소집결의,부-스타
20260227000610,2026-02-27 14:24,HD현대중공업,유가증권,주주총회소집결의,에이치디현대중공업
20260227000624,2026-02-27 14:23,쎄트렉아이,코스닥,[정정]주주총회소집결의,쎄트렉아이
20260227000607,2026-02-27 14:21,뷰웍스,코스닥,주주총회소집결의,뷰웍스
20260227000574,2026-02-27 14:10,인바이오,코스닥,주주총회소집결의,인바이오
20260227000442,2026-02-27 14:07,디티씨,코스닥,주주총회소집결의,디티씨
20260227000434,2026-02-27 14:03,앱클론,코스닥,주주총회소집결의,앱클론
20260227000512,2026-02-27 13:53,대한과학,코스닥,주주총회소집결의,대한과학
20260227000473,2026-02-27 13:47,KC코트렐,유가증권,주주총회소집결의,케이씨코트렐
20260227000460,2026-02-27 13:42,도화엔지니어링,유가증권,주주총회소집결의,도화엔지니어링
20260227000402,2026-02-27 13:41,파루,코스닥,주주총회소집결의,파루
20260227000438,2026-02-27 13:35,제이오,코스닥,주주총회소집결의,제이오
20260227000422,2026-02-27 13:33,일신바이오,코스닥,주주총회소집결의,일신바이오베이스
20260227000416,2026-02-27 13:31,풍국주정,코스닥,주주총회소집결의,풍국주정공업
20260227000412,2026-02-27 13:20,에이엘티,코스닥,주주총회소집결의,에이엘티
20260227000361,2026-02-27 12:05,에이피알,유가증권,주주총회소집결의,에이피알
20260227000360,2026-02-27 12:04,크린앤사이언스,코스닥,주주총회소집결의,크린앤사이언스
20260227000347,2026-02-27 11:53,DYP,유가증권,주주총회소집결의,디와이피
20260227000324,2026-02-27 11:40,모나미,유가증권,주주총회소집결의,모나미
20260227000310,2026-02-27 11:39,피에이치에이,코스닥,주주총회소집결의,피에이치에이
20260227000272,2026-02-27 11:02,피델릭스,코스닥,주주총회소집결의,피델릭스
20260227000263,2026-02-27 10:59,바이오인프라생명과학,코넥스,주주총회소집 결의,바이오인프라생명과학
20260227000239,2026-02-27 10:57,바이오프로테크,코넥스,주주총회소집 결의,바이오프로테크
20260227000254,2026-02-27 10:54,현우산업,코스닥,주주총회소집결의,현우산업
20260227000231,2026-02-27 10:47,주연테크,유가증권,주주총회소집결의,주연테크
20260227000221,2026-02-27 10:46,코메론,코스닥,[정정]주주총회소집결의,코메론
20260227000208,2026-02-27 10:41,오로스테크놀로지,코스닥,주주총회소집결의,오로스테크놀로지
20260227000162,2026-02-27 10:11,셀바이오휴먼텍,코스닥,주주총회소집결의,셀바이오휴먼텍
20260226001799,2026-02-26 19:09,삼아제약,코스닥,주주총회소집결의,삼아제약
20260226001786,2026-02-26 18:54,오아,코스닥,주주총회소집결의,오아
20260226001778,2026-02-26 18:30,에스씨디,코스닥,주주총회소집결의,에스씨디
20260226001771,2026-02-26 18:22,셀레믹스,코스닥,[정정]주주총회소집결의,셀레믹스
20260226001769,2026-02-26 18:20,메디젠휴먼케어,코넥스,주주총회소집 결의,메디젠휴먼케어
20260226001742,2026-02-26 18:14,코메론,코스닥,주주총회소집결의,코메론
20260226001737,2026-02-26 18:09,두산에너빌리티,유가증권,주주총회소집결의,두산에너빌리티
20260226001712,2026-02-26 18:09,스틱인베스트먼트,유가증권,주주총회소집결의,스틱인베스트먼트
20260226001677,2026-02-26 18:07,미원에스씨,유가증권,주주총회소집결의,미원스페셜티케미칼
20260226001714,2026-02-26 18:05,인화정공,코스닥,주주총회소집결의,인화정공
20260226001455,2026-02-26 18:02,아이티센피엔에스,코스닥,주주총회소집결의,아이티센피엔에스
20260226001678,2026-02-26 17:58,에이전트AI,코스닥,주주총회소집결의,에이전트에이아이
20260226001664,2026-02-26 17:57,DH오토리드,코스닥,주주총회소집결의,디에이치오토리드
20260226001654,2026-02-26 17:55,PS일렉트로닉스,코스닥,주주총회소집결의,피에스일렉트로닉스
20260226001606,2026-02-26 17:50,금양그린파워,코스닥,주주총회소집결의,금양그린파워
20260226001570,2026-02-26 17:50,코오롱,유가증권,주주총회소집결의,코오롱
20260226001559,2026-02-26 17:49,골드앤에스,코스닥,주주총회소집결의,골드앤에스
20260226001554,2026-02-26 17:46,삼영전자공업,유가증권,주주총회소집결의,삼영전자공업
20260226001552,2026-02-26 17:46,두산밥캣,유가증권,주주총회소집결의,두산밥캣
20260226001571,2026-02-26 17:38,제주은행,유가증권,주주총회소집결의,제주은행
20260226001471,2026-02-26 17:38,KG파이낸셜,코스닥,주주총회소집결의,케이지파이낸셜
20260226001566,2026-02-26 17:35,케이씨티시,유가증권,주주총회소집결의,케이씨티시
20260226001480,2026-02-26 17:35,대한제분,유가증권,주주총회소집결의,대한제분
20260226001456,2026-02-26 17:33,성원에너텍,코스닥,[정정]주주총회소집결의,성원에너텍
20260226001490,2026-02-26 17:29,세아제강지주,유가증권,주주총회소집결의,세아제강지주
20260226001451,2026-02-26 17:26,KH바텍,코스닥,주주총회소집결의,케이에이치바텍
20260226001489,2026-02-26 17:23,호전실업,유가증권,주주총회소집결의,호전실업
20260226001475,2026-02-26 17:20,HLB테라퓨틱스,코스닥,주주총회소집결의,에이치엘비테라퓨틱스
20260226001454,2026-02-26 17:20,한국쉘석유,유가증권,주주총회소집결의,한국쉘석유
20260226001430,2026-02-26 17:19,유진로봇,코스닥,주주총회소집결의,유진로봇
20260226001428,2026-02-26 17:17,유유제약,유가증권,주주총회소집결의,유유제약
20260226001412,2026-02-26 17:16,한샘,유가증권,주주총회소집결의,한샘
20260226001350,2026-02-26 17:15,캐리,코스닥,[정정]주주총회소집결의,캐리
20260226001438,2026-02-26 17:14,한국전력공사,유가증권,주주총회소집결의,한국전력공사
20260226001404,2026-02-26 17:10,인디에프,유가증권,주주총회소집결의,인디에프
20260226001379,2026-02-26 17:09,에스티팜,코스닥,주주총회소집결의,에스티팜
20260226001318,2026-02-26 17:09,HD현대,유가증권,주주총회소집결의,에이치디현대
20260226001328,2026-02-26 17:07,흥국,코스닥,주주총회소집결의,흥국
20260226001346,2026-02-26 17:04,현대지에프홀딩스,유가증권,주주총회소집결의,현대지에프홀딩스
20260226001325,2026-02-26 17:02,나우로보틱스,코스닥,주주총회소집결의,나우로보틱스
20260226001281,2026-02-26 17:02,현대차증권,유가증권,주주총회소집결의,현대차증권
20260226000994,2026-02-26 17:02,크리스에프앤씨,코스닥,주주총회소집결의,크리스에프앤씨
20260226001264,2026-02-26 16:59,HS화성,유가증권,주주총회소집결의,에이치에스화성
20260226001255,2026-02-26 16:59,뉴키즈온,코스닥,주주총회소집결의,뉴키즈온
20260226001336,2026-02-26 16:58,키스트론,코스닥,[정정]주주총회소집결의,키스트론
20260226001135,2026-02-26 16:58,아크릴,코스닥,주주총회소집결의,아크릴
20260226001271,2026-02-26 16:55,코오롱글로벌,유가증권,주주총회소집결의,코오롱글로벌
20260226001298,2026-02-26 16:53,나노신소재,코스닥,주주총회소집결의,나노신소재
20260226001207,2026-02-26 16:52,KG케미칼,유가증권,주주총회소집결의,KG케미칼
20260226001100,2026-02-26 16:52,삼진엘앤디,코스닥,[정정]주주총회소집결의,삼진엘앤디
20260226001267,2026-02-26 16:48,메디안디노스틱,코넥스,주주총회소집 결의,메디안디노스틱
20260226001239,2026-02-26 16:47,하나34호스팩,코스닥,주주총회소집결의,하나34호기업인수목적
20260226001200,2026-02-26 16:45,강원에너지,코스닥,주주총회소집결의,강원에너지
20260226001175,2026-02-26 16:44,DRB동일,유가증권,주주총회소집결의,디알비동일
20260226001211,2026-02-26 16:43,동방,유가증권,주주총회소집결의,동방
20260226001167,2026-02-26 16:43,하나36호스팩,코스닥,주주총회소집결의,하나36호기업인수목적
20260226001163,2026-02-26 16:39,쏠리드,코스닥,주주총회소집결의,쏠리드
20260226001086,2026-02-26 16:37,국도화학,유가증권,[정정]주주총회소집결의,국도화학
20260226001189,2026-02-26 16:35,세명전기,코스닥,[정정]주주총회소집결의,세명전기공업
20260226001140,2026-02-26 16:35,딥노이드,코스닥,주주총회소집결의,딥노이드
20260226001185,2026-02-26 16:34,한진중공업홀딩스,유가증권,주주총회소집결의,한진중공업홀딩스
20260226001035,2026-02-26 16:31,아이티센코어,코넥스,주주총회소집 결의,아이티센코어
20260226001007,2026-02-26 16:30,탑선,코넥스,주주총회소집 결의,탑선
20260226001159,2026-02-26 16:27,에스제이엠홀딩스,유가증권,주주총회소집결의,에스제이엠홀딩스
20260226000984,2026-02-26 16:27,대원산업,코스닥,주주총회소집결의,대원산업
20260226001103,2026-02-26 16:23,수산세보틱스,유가증권,주주총회소집결의,수산세보틱스
20260226000941,2026-02-26 16:23,한국맥널티,코스닥,주주총회소집결의,한국맥널티
20260226001085,2026-02-26 16:22,오리콤,코스닥,주주총회소집결의,오리콤
20260226000948,2026-02-26 16:22,하나33호스팩,코스닥,주주총회소집결의,하나33호기업인수목적
20260226000882,2026-02-26 16:22,에스티오,코스닥,주주총회소집결의,㈜에스티오
20260226000847,2026-02-26 16:19,퀄리타스반도체,코스닥,주주총회소집결의,퀄리타스반도체
20260226000921,2026-02-26 16:18,HD한국조선해양,유가증권,주주총회소집결의,에이치디한국조선해양
20260226001028,2026-02-26 16:17,SBS,유가증권,주주총회소집결의,SBS
20260226000924,2026-02-26 16:15,카프로,유가증권,주주총회소집결의,카프로
20260226000996,2026-02-26 16:14,신원,유가증권,주주총회소집결의,신원
20260226000967,2026-02-26 16:13,이수페타시스,유가증권,주주총회소집결의,이수페타시스
20260226000903,2026-02-26 16:09,미래반도체,코스닥,주주총회소집결의,미래반도체
20260226000865,2026-02-26 16:08,하나32호스팩,코스닥,주주총회소집결의,하나32호기업인수목적
20260226000837,2026-02-26 16:08,남해화학,유가증권,주주총회소집결의,남해화학
20260226000780,2026-02-26 16:02,HLB,코스닥,주주총회소집결의,에이치엘비
20260226000842,2026-02-26 16:00,한국선재,코스닥,주주총회소집결의,한국선재
20260226000884,2026-02-26 15:59,아이컴포넌트,코스닥,주주총회소집결의,아이컴포넌트
20260226000863,2026-02-26 15:59,비아이매트릭스,코스닥,주주총회소집결의,비아이매트릭스
20260226000831,2026-02-26 15:58,서흥,유가증권,주주총회소집결의,서흥
20260226000873,2026-02-26 15:54,태경비케이,유가증권,주주총회소집결의,태경비케이
20260226000823,2026-02-26 15:53,링크제니시스,코스닥,주주총회소집결의,링크제니시스
20260226000798,2026-02-26 15:51,코오롱인더,유가증권,주주총회소집결의,코오롱인더스트리
20260226000796,2026-02-26 15:46,세이브존I&C,유가증권,주주총회소집결의,세이브존아이앤씨
20260226000807,2026-02-26 15:45,질경이,코넥스,주주총회소집 결의,질경이
20260226000729,2026-02-26 15:45,에프엔씨엔터,코스닥,주주총회소집결의,에프엔씨엔터테인먼트
20260226000716,2026-02-26 15:45,티와이홀딩스,유가증권,주주총회소집결의,티와이홀딩스
20260226000781,2026-02-26 15:43,대원,코스닥,주주총회소집결의,대원
20260226000757,2026-02-26 15:43,오픈베이스,코스닥,주주총회소집결의,오픈베이스
20260226000739,2026-02-26 15:43,GS글로벌,유가증권,주주총회소집결의,지에스글로벌
20260226000733,2026-02-26 15:42,삼지전자,코스닥,주주총회소집결의,삼지전자
20260226000788,2026-02-26 15:41,한국석유공업,유가증권,주주총회소집결의,한국석유공업
20260226000769,2026-02-26 15:39,MH에탄올,유가증권,주주총회소집결의,MH에탄올
20260226000707,2026-02-26 15:39,링네트,코스닥,주주총회소집결의,링네트
20260226000718,2026-02-26 15:36,아이티센엔텍,코스닥,주주총회소집결의,아이티센엔텍
20260226000701,2026-02-26 15:33,HLB글로벌,유가증권,주주총회소집결의,에이치엘비글로벌
20260226000698,2026-02-26 15:33,지아이에스,코스닥,주주총회소집결의,지아이에스
20260226000679,2026-02-26 15:33,트리니티항공,유가증권,주주총회소집결의,트리니티항공
20260226000681,2026-02-26 15:27,오건에코텍,코넥스,주주총회소집 결의,오건에코텍
20260226000652,2026-02-26 15:27,휴비스,유가증권,주주총회소집결의,휴비스
20260226000674,2026-02-26 15:24,우양,코스닥,[정정]주주총회소집결의,우양
20260226000662,2026-02-26 15:24,원익머트리얼즈,코스닥,주주총회소집결의,원익머트리얼즈
20260226000640,2026-02-26 15:15,씨앤에스링크,코넥스,주주총회소집 결의,씨앤에스링크
20260226000592,2026-02-26 15:05,제이엠멀티,코넥스,주주총회소집 결의,제이엠멀티
20260226000575,2026-02-26 15:03,셀바스AI,코스닥,주주총회소집결의,셀바스에이아이
20260226000597,2026-02-26 15:00,유니퀘스트,유가증권,주주총회소집결의,유니퀘스트
20260226000604,2026-02-26 14:59,인바디,코스닥,주주총회소집결의,인바디
20260226000580,2026-02-26 14:58,더핑크퐁컴퍼니,코스닥,주주총회소집결의,더핑크퐁컴퍼니
20260226000591,2026-02-26 14:52,달바글로벌,유가증권,주주총회소집결의,달바글로벌
20260226000538,2026-02-26 14:49,케이피에프,코스닥,주주총회소집결의,케이피에프
20260226000568,2026-02-26 14:48,엔피케이,코스닥,[정정]주주총회소집결의,엔피케이
20260226000566,2026-02-26 14:44,엑스플러스,코스닥,주주총회소집결의,엑스플러스
20260226000521,2026-02-26 14:38,아이디스홀딩스,코스닥,주주총회소집결의,아이디스홀딩스
20260226000518,2026-02-26 14:37,아이디스,코스닥,주주총회소집결의,아이디스
20260226000542,2026-02-26 14:35,삼일제약,유가증권,주주총회소집결의,삼일제약
20260226000515,2026-02-26 14:32,에스앤더블류,코스닥,주주총회소집결의,에스앤더블류
20260226000490,2026-02-26 14:27,하나30호스팩,코스닥,주주총회소집결의,하나30호기업인수목적
20260226000499,2026-02-26 14:21,이비테크,코넥스,주주총회소집 결의,이비테크
20260226000509,2026-02-26 14:18,레이저옵텍,코스닥,주주총회소집결의,레이저옵텍
20260226000495,2026-02-26 14:16,포스뱅크,코스닥,주주총회소집결의,포스뱅크
20260226000481,2026-02-26 14:15,솔트룩스,코스닥,주주총회소집결의,솔트룩스
20260226000479,2026-02-26 14:14,에스제이엠,유가증권,주주총회소집결의,에스제이엠
20260226000431,2026-02-26 14:05,하나31호스팩,코스닥,주주총회소집결의,하나31호기업인수목적
20260226000437,2026-02-26 14:04,내츄럴엔도텍,코스닥,주주총회소집결의,내츄럴엔도텍
20260226000442,2026-02-26 14:02,와이지엔터테인먼트,코스닥,주주총회소집결의,와이지엔터테인먼트
20260226000445,2026-02-26 13:49,스마트레이더시스템,코스닥,주주총회소집결의,스마트레이더시스템
20260226000440,2026-02-26 13:47,한양이엔지,코스닥,주주총회소집결의,한양이엔지
20260226000420,2026-02-26 13:47,두산,유가증권,주주총회소집결의,두산
20260226000392,2026-02-26 13:43,세운메디칼,코스닥,주주총회소집결의,세운메디칼
20260226000405,2026-02-26 13:41,펨토바이오메드,코넥스,주주총회소집 결의,펨토바이오메드
20260226000379,2026-02-26 13:38,바스칸바이오제약,코넥스,주주총회소집 결의,바스칸바이오제약
20260226000377,2026-02-26 13:25,티앤알바이오팹,코스닥,주주총회소집결의,티앤알바이오팹
20260226000363,2026-02-26 13:25,하나35호스팩,코스닥,주주총회소집결의,하나35호기업인수목적
20260226000349,2026-02-26 13:21,하스,코스닥,주주총회소집결의,하스
20260226000332,2026-02-26 12:50,대창단조,유가증권,주주총회소집결의,대창단조
20260226000330,2026-02-26 12:43,현대로템,유가증권,주주총회소집결의,현대로템
20260226000317,2026-02-26 12:11,PN풍년,코스닥,주주총회소집결의,피엔풍년
20260226000308,2026-02-26 11:56,셀바스헬스케어,코스닥,주주총회소집결의,셀바스헬스케어
20260226000310,2026-02-26 11:54,YG PLUS,유가증권,주주총회소집결의,와이지플러스
20260226000297,2026-02-26 11:53,SGA솔루션즈,코스닥,주주총회소집결의,에스지에이 솔루션즈
20260226000279,2026-02-26 11:47,미래나노텍,코스닥,주주총회소집결의,미래나노텍
20260226000239,2026-02-26 11:42,아이엠,코스닥,[정정]주주총회소집결의(임시주주총회),아이엠
20260226000242,2026-02-26 11:25,세명전기,코스닥,주주총회소집결의,세명전기공업
20260226000218,2026-02-26 11:09,제이엠티,코스닥,주주총회소집결의,제이엠티
20260226000217,2026-02-26 11:01,엑스페릭스,코스닥,주주총회소집결의,엑스페릭스
20260226000134,2026-02-26 10:08,비엠티,코스닥,주주총회소집결의,비엠티
20260226000114,2026-02-26 09:51,케이티앤지,유가증권,[정정]주주총회소집결의,케이티앤지
20260226000077,2026-02-26 09:11,새론오토모티브,유가증권,[정정]주주총회소집결의,새론오토모티브
20260226000067,2026-02-26 09:03,에이티넘인베스트,코스닥,[정정]주주총회소집결의,에이티넘인베스트먼트
20260225002178,2026-02-25 19:25,남화토건,코스닥,주주총회소집결의,남화토건
20260225002167,2026-02-25 19:00,새론오토모티브,유가증권,주주총회소집결의,새론오토모티브
20260225002175,2026-02-25 18:58,아스타,코스닥,주주총회소집결의,아스타
20260225002166,2026-02-25 18:45,레이크머티리얼즈,코스닥,주주총회소집결의,레이크머티리얼즈
20260225002164,2026-02-25 18:45,계양전기,유가증권,주주총회소집결의,계양전기
20260225002163,2026-02-25 18:43,대상,유가증권,주주총회소집결의,대상
20260225001980,2026-02-25 18:20,에코프로머티,유가증권,주주총회소집결의,에코프로머티리얼즈
20260225001959,2026-02-25 18:17,경창산업,코스닥,주주총회소집결의,경창산업
20260225001864,2026-02-25 18:14,에스엘,유가증권,[정정]주주총회소집결의,에스엘
20260225001897,2026-02-25 18:02,대웅제약,유가증권,주주총회소집결의,대웅제약
20260225001829,2026-02-25 18:01,SBI인베스트먼트,코스닥,주주총회소집결의,에스비아이인베스트먼트
20260225001886,2026-02-25 17:58,성신양회,유가증권,주주총회소집결의,성신양회
20260225001906,2026-02-25 17:53,KG모빌리티,유가증권,주주총회소집결의,케이지모빌리티
20260225001761,2026-02-25 17:52,DL,유가증권,주주총회소집결의,디엘
20260225001868,2026-02-25 17:51,케이티앤지,유가증권,주주총회소집결의,케이티앤지
20260225001751,2026-02-25 17:50,대웅,유가증권,주주총회소집결의,대웅
20260225001866,2026-02-25 17:48,케이씨피드,코스닥,주주총회소집결의,케이씨피드
20260225001802,2026-02-25 17:46,IPARK현대산업개발,유가증권,주주총회소집결의,아이파크현대산업개발
20260225001801,2026-02-25 17:45,효성티앤씨,유가증권,주주총회소집결의,효성티앤씨
20260225001658,2026-02-25 17:43,웹케시,코스닥,주주총회소집결의,웹케시
20260225001736,2026-02-25 17:38,롯데정밀화학,유가증권,주주총회소집결의,롯데정밀화학
20260225001540,2026-02-25 17:38,한국비티비,코스닥,주주총회소집결의,한국비티비
20260225001824,2026-02-25 17:36,성창오토텍,코스닥,주주총회소집결의,성창오토텍
20260225001733,2026-02-25 17:36,한일시멘트,유가증권,주주총회소집결의,한일시멘트
20260225001660,2026-02-25 17:36,서암기계공업,코스닥,주주총회소집결의,서암기계공업
20260225001808,2026-02-25 17:35,SK텔레콤,유가증권,주주총회소집결의,SK텔레콤
20260225001795,2026-02-25 17:33,현대홈쇼핑,유가증권,주주총회소집결의,현대홈쇼핑
20260225001670,2026-02-25 17:32,크라운해태홀딩스,유가증권,주주총회소집결의,크라운해태홀딩스
20260225001666,2026-02-25 17:31,SK하이닉스,유가증권,주주총회소집결의,에스케이하이닉스
20260225001664,2026-02-25 17:30,한올바이오파마,유가증권,주주총회소집결의,한올바이오파마
20260225001616,2026-02-25 17:27,해태제과식품,유가증권,주주총회소집결의,해태제과식품
20260225001514,2026-02-25 17:27,성호전자,코스닥,주주총회소집결의,성호전자
20260225001592,2026-02-25 17:26,케일럼,코스닥,주주총회소집결의,케일럼
20260225001720,2026-02-25 17:24,와이엔텍,코스닥,주주총회소집결의,와이엔텍
20260225001722,2026-02-25 17:20,해성디에스,유가증권,주주총회소집결의,해성디에스
20260225001615,2026-02-25 17:19,세나테크놀로지,코스닥,주주총회소집결의,세나테크놀로지
20260225001557,2026-02-25 17:19,교보증권,유가증권,주주총회소집결의,교보증권
20260225001578,2026-02-25 17:17,사조오양,유가증권,주주총회소집결의,사조오양
20260225001576,2026-02-25 17:16,효성,유가증권,주주총회소집결의,효성
20260225001562,2026-02-25 17:16,카페24,코스닥,주주총회소집결의,카페24
20260225001588,2026-02-25 17:15,티디에스팜,코스닥,[정정]주주총회소집결의,티디에스팜
20260225001644,2026-02-25 17:14,아이앤씨,코스닥,주주총회소집결의,아이앤씨테크놀로지
20260225001508,2026-02-25 17:13,효성화학,유가증권,주주총회소집결의,효성화학
20260225001512,2026-02-25 17:12,한일홀딩스,유가증권,주주총회소집결의,한일홀딩스
20260225001614,2026-02-25 17:10,효성중공업,유가증권,주주총회소집결의,효성중공업
20260225001547,2026-02-25 17:10,오킨스전자,코스닥,주주총회소집결의,오킨스전자
20260225001542,2026-02-25 17:10,포메탈,코스닥,주주총회소집결의,포메탈
20260225001593,2026-02-25 17:09,현대자동차,유가증권,주주총회소집결의,현대자동차
20260225001470,2026-02-25 17:09,JB금융지주,유가증권,주주총회소집결의,JB금융지주
20260225001491,2026-02-25 17:08,화천기공,유가증권,주주총회소집결의,화천기공
20260225001468,2026-02-25 17:08,경농,유가증권,주주총회소집결의,경농
20260225001572,2026-02-25 17:05,무학,유가증권,주주총회소집결의,무학
20260225001526,2026-02-25 17:04,삼화전기,유가증권,[정정]주주총회소집결의,삼화전기
20260225001449,2026-02-25 17:04,광주신세계,유가증권,주주총회소집결의,광주신세계
20260225001429,2026-02-25 17:03,LG,유가증권,주주총회소집결의,LG
20260225001415,2026-02-25 17:03,태영건설,유가증권,주주총회소집결의,태영건설
20260225001521,2026-02-25 17:02,케이바이오랩스,코스닥,[정정]주주총회소집결의,케이바이오랩스
20260225001484,2026-02-25 17:01,코콤,코스닥,주주총회소집결의,코콤
20260225001473,2026-02-25 17:01,하츠,코스닥,주주총회소집결의,하츠
20260225001458,2026-02-25 17:01,윤성에프앤씨,코스닥,주주총회소집결의,윤성에프앤씨
20260225001414,2026-02-25 17:01,티케이지휴켐스,유가증권,주주총회소집결의,티케이지휴켐스
20260225001443,2026-02-25 17:00,에이치엔에스하이텍,코스닥,주주총회소집결의,에이치엔에스하이텍
20260225001513,2026-02-25 16:59,고려아연,유가증권,[정정]주주총회소집결의,고려아연
20260225001438,2026-02-25 16:58,해성산업,코스닥,주주총회소집결의,해성산업
20260225001393,2026-02-25 16:57,에브리봇,코스닥,주주총회소집결의,에브리봇
20260225001178,2026-02-25 16:57,원익IPS,코스닥,주주총회소집결의,원익아이피에스
20260225001367,2026-02-25 16:56,한진칼,유가증권,주주총회소집결의,한진칼
20260225001303,2026-02-25 16:56,한국비엔씨,코스닥,주주총회소집결의,한국비엔씨
20260225001363,2026-02-25 16:55,한화,유가증권,주주총회소집결의,한화
20260225001425,2026-02-25 16:54,한국팩키지,코스닥,주주총회소집결의,한국팩키지
20260225001453,2026-02-25 16:51,두산퓨얼셀,유가증권,주주총회소집결의,두산퓨얼셀
20260225001387,2026-02-25 16:51,엘엠에스,코스닥,주주총회소집결의,엘엠에스
20260225001162,2026-02-25 16:50,팸텍,코스닥,[정정]주주총회소집결의,팸텍
20260225001372,2026-02-25 16:49,삼현,코스닥,주주총회소집결의,삼현
20260225001413,2026-02-25 16:46,티엠씨,유가증권,주주총회소집결의,티엠씨
20260225001405,2026-02-25 16:46,한국항공우주,유가증권,주주총회소집결의,한국항공우주산업
20260225001330,2026-02-25 16:46,한국제지,유가증권,주주총회소집결의,한국제지
20260225001086,2026-02-25 16:46,한텍,코스닥,주주총회소집결의,한텍
20260225001324,2026-02-25 16:45,흥아해운,유가증권,주주총회소집결의,흥아해운
20260225001283,2026-02-25 16:45,코스텍시스,코스닥,주주총회소집결의,코스텍시스
20260225001384,2026-02-25 16:44,삼익악기,유가증권,주주총회소집결의,삼익악기
20260225001269,2026-02-25 16:44,키스트론,코스닥,주주총회소집결의,키스트론
20260225001399,2026-02-25 16:43,이엠티,코넥스,주주총회소집 결의,이엠티
20260225001388,2026-02-25 16:43,바이오노트,유가증권,주주총회소집결의,바이오노트
20260225001226,2026-02-25 16:42,일성아이에스,유가증권,주주총회소집결의,일성아이에스
20260225001076,2026-02-25 16:41,경동제약,코스닥,주주총회소집결의,경동제약
20260225001279,2026-02-25 16:40,한화생명,유가증권,주주총회소집결의,한화생명보험
20260225001235,2026-02-25 16:40,와이제이링크,코스닥,주주총회소집결의,와이제이링크
20260225001306,2026-02-25 16:39,KB금융,유가증권,주주총회소집결의,KB금융지주
20260225001195,2026-02-25 16:39,엠로,코스닥,주주총회소집결의,엠로
20260225001364,2026-02-25 16:38,세종메디칼,코스닥,[정정]주주총회소집결의(임시주주총회),세종메디칼
20260225001296,2026-02-25 16:38,에코마케팅,코스닥,[정정]주주총회소집결의(임시주주총회),에코마케팅
20260225001113,2026-02-25 16:38,안국약품,코스닥,주주총회소집결의,안국약품
20260225001323,2026-02-25 16:36,한세실업,유가증권,[정정]주주총회소집결의,한세실업
20260225001287,2026-02-25 16:36,엔피케이,코스닥,주주총회소집결의,엔피케이
20260225001189,2026-02-25 16:35,하이드로리튬,코스닥,주주총회소집결의,하이드로리튬
20260225001046,2026-02-25 16:35,디젠스,코스닥,주주총회소집결의,디젠스
20260225001277,2026-02-25 16:32,국제약품,유가증권,주주총회소집결의,국제약품
20260225001198,2026-02-25 16:32,BGF,유가증권,주주총회소집결의,비지에프
20260225001083,2026-02-25 16:32,재영솔루텍,코스닥,주주총회소집결의,재영솔루텍
20260225001264,2026-02-25 16:31,동일고무벨트,유가증권,주주총회소집결의,동일고무벨트
20260225001186,2026-02-25 16:30,키움증권,유가증권,주주총회소집결의,키움증권
20260225001246,2026-02-25 16:29,현대제철,유가증권,주주총회소집결의,현대제철
20260225001184,2026-02-25 16:28,HL D&I,유가증권,주주총회소집결의,에이치엘디앤아이한라
20260225001110,2026-02-25 16:28,셀루메드,코스닥,[정정]주주총회소집결의,셀루메드
20260225001247,2026-02-25 16:27,국순당,코스닥,주주총회소집결의,국순당
20260225001234,2026-02-25 16:27,포스코DX,유가증권,주주총회소집결의,포스코디엑스
20260225001161,2026-02-25 16:22,바이젠셀,코스닥,주주총회소집결의,바이젠셀
20260225001127,2026-02-25 16:15,롯데하이마트,유가증권,주주총회소집결의,롯데하이마트
20260225001018,2026-02-25 16:14,케이엘넷,코스닥,주주총회소집결의,케이엘넷
20260225001138,2026-02-25 16:13,인텍플러스,코스닥,주주총회소집결의,인텍플러스
20260225001125,2026-02-25 16:13,한화손해보험,유가증권,[정정]주주총회소집결의,한화손해보험
20260225001090,2026-02-25 16:10,삼화콘덴서공업,유가증권,주주총회소집결의,삼화콘덴서공업
20260225001066,2026-02-25 16:10,삼영무역,유가증권,주주총회소집결의,삼영무역
20260225001055,2026-02-25 16:10,진에어,유가증권,주주총회소집결의,진에어
20260225001051,2026-02-25 16:10,한미글로벌,유가증권,주주총회소집결의,한미글로벌건축사사무소
20260225001079,2026-02-25 16:09,지에프씨생명과학,코스닥,주주총회소집결의,지에프씨생명과학
20260225001054,2026-02-25 16:06,한솔홀딩스,유가증권,주주총회소집결의,한솔홀딩스
20260225001017,2026-02-25 16:04,두산로보틱스,유가증권,주주총회소집결의,두산로보틱스
20260225001029,2026-02-25 16:03,현대백화점,유가증권,주주총회소집결의,현대백화점
20260225000995,2026-02-25 16:03,인스웨이브,코스닥,주주총회소집결의,인스웨이브
20260225001009,2026-02-25 16:02,동아쏘시오홀딩스,유가증권,주주총회소집결의,동아쏘시오홀딩스
20260225000949,2026-02-25 16:02,지슨,코스닥,주주총회소집결의,지슨
20260225000932,2026-02-25 15:59,멤레이비티,코스닥,주주총회소집결의,멤레이비티
20260225000788,2026-02-25 15:59,피앤씨테크,코스닥,주주총회소집결의,피앤씨테크
20260225000996,2026-02-25 15:57,콘텐트리중앙,유가증권,주주총회소집결의,콘텐트리중앙
20260225000974,2026-02-25 15:57,국보디자인,코스닥,주주총회소집결의,국보디자인
20260225000968,2026-02-25 15:56,SIMPAC,유가증권,주주총회소집결의,SIMPAC
20260225000923,2026-02-25 15:56,알루코,유가증권,주주총회소집결의,알루코
20260225000906,2026-02-25 15:56,현대퓨처넷,유가증권,주주총회소집결의,현대퓨처넷
20260225000966,2026-02-25 15:54,농심홀딩스,유가증권,주주총회소집결의,농심홀딩스
20260225000912,2026-02-25 15:54,대주산업,코스닥,주주총회소집결의,대주산업
20260225000947,2026-02-25 15:52,대한약품,코스닥,주주총회소집결의,대한약품공업
20260225000916,2026-02-25 15:52,BGF리테일,유가증권,주주총회소집결의,비지에프리테일
20260225000877,2026-02-25 15:52,엘앤케이바이오,코스닥,주주총회소집결의,엘앤케이바이오메드
20260225000941,2026-02-25 15:51,넥스트칩,코스닥,주주총회소집결의,넥스트칩
20260225000918,2026-02-25 15:51,알리코제약,코스닥,주주총회소집결의,알리코제약
20260225000881,2026-02-25 15:51,이엘씨,코스닥,주주총회소집결의,이엘씨
20260225000874,2026-02-25 15:50,LIG아큐버,코스닥,주주총회소집결의,엘아이지아큐버
20260225000858,2026-02-25 15:50,뷰노,코스닥,주주총회소집결의,뷰노
20260225000875,2026-02-25 15:45,하이퍼코퍼레이션,코스닥,[정정]주주총회소집결의(임시주주총회),하이퍼코퍼레이션
20260225000885,2026-02-25 15:43,누리플렉스,코스닥,주주총회소집결의,누리플렉스
20260225000899,2026-02-25 15:40,더존비즈온,유가증권,주주총회소집결의,더존비즈온
20260225000839,2026-02-25 15:33,모나리자,유가증권,주주총회소집결의,모나리자
20260225000837,2026-02-25 15:33,에스디바이오센서,유가증권,주주총회소집결의,에스디바이오센서
20260225000778,2026-02-25 15:27,진매트릭스,코스닥,주주총회소집결의,진매트릭스
20260225000794,2026-02-25 15:25,KSS해운,유가증권,주주총회소집결의,케이에스에스 해운
20260225000753,2026-02-25 15:24,BGF에코머티리얼즈,코스닥,주주총회소집결의,비지에프에코머티리얼즈
20260225000777,2026-02-25 15:23,넥센,유가증권,주주총회소집결의,넥센
20260225000810,2026-02-25 15:22,신한제16호스팩,코스닥,[정정]주주총회소집결의,신한제16호기업인수목적
20260225000762,2026-02-25 15:12,삼화전자공업,유가증권,주주총회소집결의,삼화전자공업
20260225000716,2026-02-25 15:11,신세계푸드,유가증권,주주총회소집결의,신세계푸드
20260225000759,2026-02-25 15:10,상신브레이크,유가증권,주주총회소집결의,상신브레이크
20260225000725,2026-02-25 15:10,유엔젤,유가증권,주주총회소집결의,유엔젤
20260225000724,2026-02-25 15:08,모다이노칩,코스닥,주주총회소집결의,모다이노칩
20260225000745,2026-02-25 15:07,금호전기,유가증권,주주총회소집결의,금호전기
20260225000740,2026-02-25 15:06,더콘텐츠온,코넥스,주주총회소집 결의,더콘텐츠온
20260225000727,2026-02-25 15:06,삼보판지,코스닥,주주총회소집결의,삼보판지
20260225000688,2026-02-25 15:06,케이쓰리아이,코스닥,주주총회소집결의,케이쓰리아이
20260225000680,2026-02-25 15:05,계룡건설산업,유가증권,주주총회소집결의,계룡건설산업
20260225000713,2026-02-25 15:03,태웅로직스,코스닥,주주총회소집결의,태웅로직스
20260225000690,2026-02-25 15:03,성우하이텍,코스닥,주주총회소집결의,성우하이텍
20260225000704,2026-02-25 15:01,현대오토에버,유가증권,주주총회소집결의,현대오토에버
20260225000692,2026-02-25 15:01,이글루,코스닥,주주총회소집결의,이글루코퍼레이션
20260225000641,2026-02-25 14:51,라온텍,코스닥,주주총회소집결의,라온텍
20260225000639,2026-02-25 14:49,삼화전기,유가증권,주주총회소집결의,삼화전기
20260225000646,2026-02-25 14:48,선익시스템,코스닥,주주총회소집결의,선익시스템
20260225000643,2026-02-25 14:48,종근당바이오,유가증권,주주총회소집결의,종근당바이오
20260225000601,2026-02-25 14:44,신화콘텍,코스닥,[정정]주주총회소집결의,신화콘텍
20260225000610,2026-02-25 14:43,정상제이엘에스,코스닥,주주총회소집결의,정상제이엘에스
20260225000621,2026-02-25 14:42,오리온홀딩스,유가증권,주주총회소집결의,오리온홀딩스
20260225000617,2026-02-25 14:39,삼일,코스닥,주주총회소집결의,삼일
20260225000581,2026-02-25 14:30,종근당홀딩스,유가증권,주주총회소집결의,종근당홀딩스
20260225000556,2026-02-25 14:26,프로이천,코스닥,주주총회소집결의,프로이천
20260225000525,2026-02-25 14:25,조비,유가증권,주주총회소집결의,조비
20260225000546,2026-02-25 14:21,인포뱅크,코스닥,주주총회소집결의,인포뱅크
20260225000514,2026-02-25 14:21,오리온,유가증권,주주총회소집결의,오리온
20260225000527,2026-02-25 14:20,YW,코스닥,주주총회소집결의,와이더블유
20260225000544,2026-02-25 14:19,TCC스틸,유가증권,주주총회소집결의,TCC스틸
20260225000530,2026-02-25 14:17,쏘카,유가증권,주주총회소집결의,쏘카
20260225000384,2026-02-25 14:17,모헨즈,코스닥,주주총회소집결의,모헨즈
20260225000432,2026-02-25 14:15,프로티아,코스닥,주주총회소집결의,프로티아
20260225000496,2026-02-25 14:11,HRS,코스닥,주주총회소집결의,에이치알에스
20260225000476,2026-02-25 14:10,에스엘에스바이오,코스닥,주주총회소집결의,에스엘에스바이오
20260225000474,2026-02-25 14:09,흥구석유,코스닥,주주총회소집결의,흥구석유
20260225000458,2026-02-25 14:06,제이스로보틱스,코스닥,주주총회소집결의,제이스로보틱스
20260225000484,2026-02-25 14:04,매커스,코스닥,주주총회소집결의,매커스
20260225000471,2026-02-25 14:00,선광,코스닥,주주총회소집결의,선광
20260225000437,2026-02-25 13:58,아모그린텍,코스닥,주주총회소집결의,아모그린텍
20260225000449,2026-02-25 13:57,이노션,유가증권,주주총회소집결의,이노션
20260225000360,2026-02-25 13:55,나무AX,코스닥,주주총회소집결의,나무에이엑스
20260225000429,2026-02-25 13:46,한세엠케이,유가증권,주주총회소집결의,한세엠케이
20260225000411,2026-02-25 13:45,파인엠텍,코스닥,[정정]주주총회소집결의,파인엠텍
20260225000400,2026-02-25 13:39,힘스,코스닥,주주총회소집결의,힘스
20260225000378,2026-02-25 13:37,이마트,유가증권,주주총회소집결의,이마트
20260225000364,2026-02-25 13:31,현대이지웰,코스닥,주주총회소집결의,현대이지웰
20260225000381,2026-02-25 13:30,한화엔진,유가증권,주주총회소집결의,한화엔진
20260225000347,2026-02-25 13:00,이녹스첨단소재,코스닥,주주총회소집결의,이녹스첨단소재
20260225000307,2026-02-25 11:53,빅텍,코스닥,주주총회소집결의,빅텍
20260225000295,2026-02-25 11:52,엑사이엔씨,코스닥,주주총회소집결의,엑사이엔씨
20260225000315,2026-02-25 11:50,동남합성,유가증권,주주총회소집결의,동남합성
20260225000294,2026-02-25 11:31,드림텍,유가증권,주주총회소집결의,드림텍
20260225000291,2026-02-25 11:30,제이엠아이,코스닥,주주총회소집결의,제이엠아이
20260225000202,2026-02-25 11:27,세보엠이씨,코스닥,주주총회소집결의,세보엠이씨
20260225000274,2026-02-25 11:24,나무가,코스닥,주주총회소집결의,나무가
20260225000258,2026-02-25 11:19,일신방직,유가증권,[정정]주주총회소집결의,일신방직
20260225000246,2026-02-25 11:12,앱코,코스닥,주주총회소집결의,앱코
20260225000245,2026-02-25 11:11,새로닉스,코스닥,주주총회소집결의,새로닉스
20260225000219,2026-02-25 10:53,파이오링크,코스닥,주주총회소집결의,파이오링크
20260225000211,2026-02-25 10:49,삼성전자,유가증권,[정정]주주총회소집결의,삼성전자
20260225000175,2026-02-25 10:27,대창,유가증권,주주총회소집결의,대창
20260224001382,2026-02-24 18:33,이랜텍,코스닥,주주총회소집결의,이랜텍
20260224001384,2026-02-24 18:31,쎌바이오텍,코스닥,주주총회소집결의,쎌바이오텍
20260224001367,2026-02-24 18:28,코나아이,코스닥,주주총회소집결의,코나아이
20260224001343,2026-02-24 18:12,미래에셋증권,유가증권,주주총회소집결의,미래에셋증권
20260224001348,2026-02-24 18:10,자람테크놀로지,코스닥,주주총회소집결의,자람테크놀로지
20260224001265,2026-02-24 18:05,쿠콘,코스닥,주주총회소집결의,쿠콘
20260224001352,2026-02-24 18:03,LIG디펜스앤에어로스페이스,유가증권,주주총회소집결의,엘아이지디펜스앤에어로스페이스
20260224001340,2026-02-24 18:03,에코프로,코스닥,주주총회소집결의,에코프로
20260224001339,2026-02-24 17:59,포스코퓨처엠,유가증권,주주총회소집결의,포스코퓨처엠
20260224001268,2026-02-24 17:52,씨엔알리서치,코스닥,주주총회소집결의,씨엔알리서치
20260224001308,2026-02-24 17:51,푸드웰,코스닥,[정정]주주총회소집결의,푸드웰
20260224001304,2026-02-24 17:51,두올,유가증권,주주총회소집결의,두올
20260224001296,2026-02-24 17:51,듀오백,코스닥,주주총회소집결의,듀오백
20260224001303,2026-02-24 17:50,동화약품,유가증권,주주총회소집결의,동화약품
20260224001284,2026-02-24 17:49,한세예스24홀딩스,유가증권,주주총회소집결의,한세예스24홀딩스
20260224001259,2026-02-24 17:45,월덱스,코스닥,주주총회소집결의,월덱스
20260224001257,2026-02-24 17:42,다스코,유가증권,주주총회소집결의,다스코
20260224001070,2026-02-24 17:42,그린생명과학,코스닥,주주총회소집결의,그린생명과학
20260224001248,2026-02-24 17:39,SK스퀘어,유가증권,주주총회소집결의,에스케이스퀘어
20260224001244,2026-02-24 17:39,현대위아,유가증권,주주총회소집결의,현대위아
20260224001219,2026-02-24 17:37,코셈,코스닥,주주총회소집결의,코셈
20260224001234,2026-02-24 17:35,JW신약,코스닥,[정정]주주총회소집결의,제이더블유신약
20260224001196,2026-02-24 17:35,조광페인트,유가증권,주주총회소집결의,조광페인트
20260224001154,2026-02-24 17:31,LG화학,유가증권,주주총회소집결의,LG화학
20260224001149,2026-02-24 17:30,삼보모터스,코스닥,주주총회소집결의,삼보모터스
20260224001073,2026-02-24 17:29,에코글로우,코스닥,주주총회소집결의,에코글로우
20260224001182,2026-02-24 17:25,경보제약,유가증권,주주총회소집결의,경보제약
20260224001027,2026-02-24 17:24,AP위성,코스닥,주주총회소집결의,에이피위성
20260224001033,2026-02-24 17:18,아모텍,코스닥,주주총회소집결의,아모텍
20260224001161,2026-02-24 17:17,F&F 홀딩스,유가증권,주주총회소집결의,에프앤에프홀딩스
20260224000981,2026-02-24 17:17,솔트웨어,코스닥,[정정]주주총회소집결의,솔트웨어
20260224001125,2026-02-24 17:12,현대코퍼레이션,유가증권,주주총회소집결의,현대코퍼레이션
20260224001064,2026-02-24 17:12,한화투자증권,유가증권,주주총회소집결의,한화투자증권
20260224001068,2026-02-24 17:08,다우기술,유가증권,주주총회소집결의,다우기술
20260224000975,2026-02-24 17:08,TPC로보틱스,코스닥,주주총회소집결의,티피씨로보틱스
20260224000949,2026-02-24 17:05,제주반도체,코스닥,주주총회소집결의,제주반도체
20260224001017,2026-02-24 17:03,포스코인터내셔널,유가증권,주주총회소집결의,포스코인터내셔널
20260224000939,2026-02-24 16:58,한화갤러리아,유가증권,주주총회소집결의,한화갤러리아
20260224001001,2026-02-24 16:56,한국공항,유가증권,주주총회소집결의,한국공항
20260224000932,2026-02-24 16:54,에코프로비엠,코스닥,주주총회소집결의,에코프로비엠
20260224000904,2026-02-24 16:54,피제이메탈,코스닥,주주총회소집결의,피제이메탈
20260224000963,2026-02-24 16:52,F&F,유가증권,주주총회소집결의,에프앤에프
20260224000786,2026-02-24 16:52,푸드웰,코스닥,주주총회소집결의,푸드웰
20260224000933,2026-02-24 16:51,HDC,유가증권,주주총회소집결의,에이치디씨
20260224000764,2026-02-24 16:51,한국가구,코스닥,주주총회소집결의,한국가구
20260224000982,2026-02-24 16:48,웹젠,코스닥,주주총회소집결의,웹젠
20260224000912,2026-02-24 16:47,KG에코솔루션,코스닥,주주총회소집결의,케이지에코솔루션
20260224000931,2026-02-24 16:42,유화증권,유가증권,주주총회소집결의,유화증권
20260224000938,2026-02-24 16:41,세방전지,유가증권,주주총회소집결의,세방전지
20260224000897,2026-02-24 16:40,사조씨푸드,유가증권,주주총회소집결의,사조씨푸드
20260224000870,2026-02-24 16:40,코웨이,유가증권,주주총회소집결의,코웨이
20260224000890,2026-02-24 16:39,LX인터내셔널,유가증권,주주총회소집결의,LX인터내셔널
20260224000853,2026-02-24 16:39,마크로젠,코스닥,주주총회소집결의,마크로젠
20260224000894,2026-02-24 16:35,한국알콜,코스닥,주주총회소집결의,한국알콜산업
20260224000893,2026-02-24 16:34,메디쎄이,코넥스,주주총회소집 결의,메디쎄이
20260224000857,2026-02-24 16:32,와이엠텍,코스닥,주주총회소집결의,와이엠텍
20260224000835,2026-02-24 16:32,씨싸이트,코스닥,주주총회소집결의,씨싸이트
20260224000827,2026-02-24 16:29,홈캐스트,코스닥,주주총회소집결의,홈캐스트
20260224000830,2026-02-24 16:23,현대코퍼레이션홀딩스,유가증권,주주총회소집결의,현대코퍼레이션홀딩스
20260224000848,2026-02-24 16:22,HLB파나진,코스닥,주주총회소집결의,에이치엘비파나진
20260224000788,2026-02-24 16:22,롯데이노베이트,유가증권,주주총회소집결의,롯데이노베이트
20260224000722,2026-02-24 16:22,케이바이오랩스,코스닥,주주총회소집결의,케이바이오랩스
20260224000821,2026-02-24 16:21,LX세미콘,유가증권,주주총회소집결의,엘엑스세미콘
20260224000767,2026-02-24 16:17,태경케미컬,유가증권,주주총회소집결의,태경케미컬
20260224000756,2026-02-24 16:16,그린케미칼,유가증권,주주총회소집결의,그린케미칼
20260224000750,2026-02-24 16:14,현대건설,유가증권,주주총회소집결의,현대건설
20260224000766,2026-02-24 16:11,씨에스베어링,코스닥,주주총회소집결의,씨에스베어링
20260224000720,2026-02-24 16:11,유니슨,코스닥,주주총회소집결의,유니슨
20260224000660,2026-02-24 16:08,파인메딕스,코스닥,주주총회소집결의,파인메딕스
20260224000707,2026-02-24 16:04,대한항공,유가증권,주주총회소집결의,대한항공
20260224000743,2026-02-24 16:03,SHD,유가증권,주주총회소집결의,신화다이나믹스
20260224000671,2026-02-24 15:56,캠시스,코스닥,주주총회소집결의,캠시스
20260224000664,2026-02-24 15:56,빌리언스,코스닥,주주총회소집결의,빌리언스
20260224000639,2026-02-24 15:48,NAVER,유가증권,[정정]주주총회소집결의,네이버
20260224000600,2026-02-24 15:47,제노텍,코넥스,주주총회소집 결의,제노텍
20260224000624,2026-02-24 15:44,HD건설기계,유가증권,주주총회소집결의,에이치디건설기계
20260224000658,2026-02-24 15:43,파라다이스,유가증권,주주총회소집결의,파라다이스
20260224000614,2026-02-24 15:39,태웅,코스닥,주주총회소집결의,태웅
20260224000610,2026-02-24 15:39,서남,코스닥,주주총회소집결의,서남
20260224000605,2026-02-24 15:38,에이팩트,코스닥,주주총회소집결의,에이팩트
20260224000587,2026-02-24 15:26,동일산업,유가증권,주주총회소집결의,동일산업
20260224000561,2026-02-24 15:25,티앤엘,코스닥,주주총회소집결의,티앤엘
20260224000545,2026-02-24 15:10,휴마시스,코스닥,주주총회소집결의,휴마시스
20260224000531,2026-02-24 15:09,경남제약,코스닥,주주총회소집결의,경남제약
20260224000551,2026-02-24 15:08,프리엠스,코스닥,주주총회소집결의,프리엠스
20260224000525,2026-02-24 15:07,피에스텍,코스닥,주주총회소집결의,피에스텍
20260224000506,2026-02-24 15:06,제일테크노스,코스닥,주주총회소집결의,제일테크노스
20260224000514,2026-02-24 15:04,서원인텍,코스닥,[정정]주주총회소집결의,서원인텍
20260224000503,2026-02-24 14:49,대동스틸,코스닥,주주총회소집결의,대동스틸
20260224000397,2026-02-24 14:37,더네이쳐홀딩스,코스닥,주주총회소집결의,더네이쳐홀딩스
20260224000461,2026-02-24 14:35,엑시콘,코스닥,주주총회소집결의,엑시콘
20260224000451,2026-02-24 14:27,대원미디어,코스닥,주주총회소집결의,대원미디어
20260224000421,2026-02-24 14:08,비피도,코스닥,주주총회소집결의,비피도
20260224000406,2026-02-24 14:06,안트로젠,코스닥,주주총회소집결의,안트로젠
20260224000412,2026-02-24 14:00,인콘,코스닥,주주총회소집결의,인콘
20260224000393,2026-02-24 14:00,코스모화학,유가증권,주주총회소집결의,코스모화학
20260224000400,2026-02-24 13:53,고려제약,코스닥,주주총회소집결의,고려제약
20260224000382,2026-02-24 13:47,영림원소프트랩,코스닥,주주총회소집결의,영림원소프트랩
20260224000353,2026-02-24 13:45,신라교역,유가증권,주주총회소집결의,신라교역
20260224000361,2026-02-24 13:44,메디아나,코스닥,주주총회소집결의,메디아나
20260224000332,2026-02-24 13:26,유진스팩11호,코스닥,주주총회소집결의,유진기업인수목적11호
20260224000327,2026-02-24 13:24,웨이버스,코스닥,주주총회소집결의,웨이버스
20260224000311,2026-02-24 13:13,와이솔,코스닥,주주총회소집결의,와이솔
20260224000301,2026-02-24 12:52,한창제지,유가증권,주주총회소집결의,한창제지
20260224000291,2026-02-24 12:21,한국주철관공업,유가증권,주주총회소집결의,한국주철관공업
20260224000273,2026-02-24 11:45,현대그린푸드,유가증권,[정정]주주총회소집결의,현대그린푸드
20260224000263,2026-02-24 11:34,케이피티유,코스닥,주주총회소집결의,케이피티유
20260224000245,2026-02-24 11:24,파이버프로,코스닥,주주총회소집결의,파이버프로
20260224000223,2026-02-24 11:04,인터로조,코스닥,주주총회소집결의,인터로조
20260224000201,2026-02-24 10:51,대정화금,코스닥,주주총회소집결의,대정화금
20260224000195,2026-02-24 10:43,파미셀,유가증권,주주총회소집결의,파미셀
20260223001387,2026-02-23 18:56,아모센스,코스닥,주주총회소집결의,아모센스
20260223001379,2026-02-23 18:30,라이콤,코스닥,주주총회소집결의,라이콤
20260223001377,2026-02-23 18:24,싸이닉솔루션,코스닥,주주총회소집결의,싸이닉솔루션
20260223001364,2026-02-23 18:23,슈프리마,코스닥,주주총회소집결의,슈프리마
20260223001351,2026-02-23 18:22,한컴위드,코스닥,주주총회소집결의,한컴위드
20260223001337,2026-02-23 18:06,LG이노텍,유가증권,주주총회소집결의,엘지이노텍
20260223001323,2026-02-23 18:04,한화손해보험,유가증권,주주총회소집결의,한화손해보험
20260223001285,2026-02-23 18:02,아이센스,코스닥,주주총회소집결의,아이센스
20260223001241,2026-02-23 18:02,E8,코스닥,주주총회소집결의,이에이트
20260223001284,2026-02-23 17:56,앱토크롬,코스닥,주주총회소집결의,앱토크롬
20260223001302,2026-02-23 17:53,에이프로젠,유가증권,주주총회소집결의,에이프로젠
20260223001265,2026-02-23 17:53,SKC,유가증권,주주총회소집결의,SKC
20260223001189,2026-02-23 17:48,GS건설,유가증권,주주총회소집결의,지에스건설
20260223001216,2026-02-23 17:46,보령,유가증권,주주총회소집결의,보령
20260223001213,2026-02-23 17:45,신송홀딩스,유가증권,주주총회소집결의,신송홀딩스
20260223001254,2026-02-23 17:43,씨피시스템,코스닥,주주총회소집결의,씨피시스템
20260223001192,2026-02-23 17:40,에이프로젠바이오로직스,유가증권,주주총회소집결의,에이프로젠바이오로직스
20260223000956,2026-02-23 17:40,에코프로에이치엔,코스닥,주주총회소집결의,에코프로에이치엔
20260223001236,2026-02-23 17:39,인팩,유가증권,주주총회소집결의,인팩
20260223001169,2026-02-23 17:36,우진아이엔에스,유가증권,주주총회소집결의,우진아이엔에스
20260223001157,2026-02-23 17:33,삼성증권,유가증권,주주총회소집결의,삼성증권
20260223001162,2026-02-23 17:31,코스텍시스템,코넥스,주주총회소집 결의,코스텍시스템
20260223001160,2026-02-23 17:30,한화비전,유가증권,주주총회소집결의,한화비전
20260223000906,2026-02-23 17:29,원일특강,코스닥,주주총회소집결의,원일특강
20260223001089,2026-02-23 17:28,광동제약,유가증권,주주총회소집결의,광동제약
20260223000821,2026-02-23 17:27,비트컴퓨터,코스닥,[정정]주주총회소집결의,비트컴퓨터
20260223000807,2026-02-23 17:26,지니언스,코스닥,주주총회소집결의,지니언스
20260223001134,2026-02-23 17:24,벡트,코스닥,주주총회소집결의,벡트
20260223001135,2026-02-23 17:23,KG스틸,유가증권,주주총회소집결의,KG스틸
20260223001077,2026-02-23 17:23,고려아연,유가증권,주주총회소집결의,고려아연
20260223001052,2026-02-23 17:22,이노스페이스,코스닥,주주총회소집결의,이노스페이스
20260223001070,2026-02-23 17:21,NH올원리츠,유가증권,주주총회소집결의,㈜엔에이치올원위탁관리부동산투자회사
20260223001014,2026-02-23 17:17,동양생명,유가증권,주주총회소집결의,동양생명보험
20260223001036,2026-02-23 17:12,신세계인터내셔날,유가증권,주주총회소집결의,신세계인터내셔날
20260223000997,2026-02-23 17:11,경동나비엔,유가증권,주주총회소집결의,경동나비엔
20260223001033,2026-02-23 17:10,일정실업,유가증권,주주총회소집결의,일정실업
20260223001010,2026-02-23 17:10,아이엠티,코스닥,주주총회소집결의,아이엠티
20260223001032,2026-02-23 17:09,일신방직,유가증권,주주총회소집결의,일신방직
20260223000981,2026-02-23 17:06,LX홀딩스,유가증권,주주총회소집결의,엘엑스홀딩스
20260223001009,2026-02-23 17:02,현대비앤지스틸,유가증권,주주총회소집결의,현대비앤지스틸
20260223000964,2026-02-23 17:01,삼립,유가증권,주주총회소집결의,삼립
20260223000998,2026-02-23 16:59,LG헬로비전,유가증권,주주총회소집결의,엘지헬로비전
20260223000823,2026-02-23 16:59,큐에스아이,코스닥,주주총회소집결의,큐에스아이
20260223000976,2026-02-23 16:58,시알홀딩스,유가증권,주주총회소집결의,시알홀딩스
20260223000957,2026-02-23 16:58,LG생활건강,유가증권,주주총회소집결의,LG생활건강
20260223000895,2026-02-23 16:55,자이에스앤디,유가증권,주주총회소집결의,자이에스앤디
20260223000943,2026-02-23 16:54,세아베스틸지주,유가증권,주주총회소집결의,세아베스틸지주
20260223000922,2026-02-23 16:53,평화홀딩스,유가증권,주주총회소집결의,평화홀딩스
20260223000920,2026-02-23 16:53,인티큐브,코스닥,주주총회소집결의,인티큐브
20260223000576,2026-02-23 16:52,성도이엔지,코스닥,주주총회소집결의,성도이엔지
20260223000948,2026-02-23 16:51,타스컴,코넥스,주주총회소집 결의,타스컴
20260223000916,2026-02-23 16:48,평화산업,유가증권,주주총회소집결의,평화산업
20260223000783,2026-02-23 16:48,하이텍팜,코스닥,주주총회소집결의,하이텍팜
20260223000905,2026-02-23 16:45,DB하이텍,유가증권,주주총회소집결의,DB하이텍
20260223000882,2026-02-23 16:44,동아에스티,유가증권,주주총회소집결의,동아에스티
20260223000853,2026-02-23 16:43,한화솔루션,유가증권,[정정]주주총회소집결의,한화솔루션
20260223000893,2026-02-23 16:38,제노코,코스닥,주주총회소집결의,제노코
20260223000877,2026-02-23 16:37,액트로,코스닥,주주총회소집결의,액트로
20260223000810,2026-02-23 16:36,대한유화,유가증권,주주총회소집결의,대한유화
20260223000840,2026-02-23 16:34,DL이앤씨,유가증권,주주총회소집결의,디엘이앤씨
20260223000870,2026-02-23 16:33,경동도시가스,유가증권,주주총회소집결의,경동도시가스
20260223000856,2026-02-23 16:32,한화에어로스페이스,유가증권,주주총회소집결의,한화에어로스페이스
20260223000766,2026-02-23 16:26,유일로보틱스,코스닥,주주총회소집결의,유일로보틱스
20260223000761,2026-02-23 16:22,LB세미콘,코스닥,주주총회소집결의,엘비세미콘
20260223000725,2026-02-23 16:17,이엘피,코스닥,[정정]주주총회소집결의,이엘피
20260223000798,2026-02-23 16:16,동원수산,유가증권,주주총회소집결의,동원수산
20260223000688,2026-02-23 16:13,경남스틸,코스닥,[정정]주주총회소집결의,경남스틸
20260223000707,2026-02-23 16:11,신세계,유가증권,주주총회소집결의,신세계
20260223000699,2026-02-23 16:10,딜리,코스닥,주주총회소집결의,딜리
20260223000695,2026-02-23 16:08,HDC랩스,유가증권,주주총회소집결의,에이치디씨랩스
20260223000686,2026-02-23 16:05,지에스이,코스닥,주주총회소집결의,지에스이
20260223000629,2026-02-23 15:55,주성코퍼레이션,유가증권,주주총회소집결의,주성코퍼레이션
20260223000645,2026-02-23 15:54,서원인텍,코스닥,주주총회소집결의,서원인텍
20260223000637,2026-02-23 15:54,애경케미칼,유가증권,주주총회소집결의,애경케미칼
20260223000674,2026-02-23 15:53,아시아나항공,유가증권,주주총회소집결의,아시아나항공
20260223000648,2026-02-23 15:50,클로봇,코스닥,주주총회소집결의,클로봇
20260223000661,2026-02-23 15:49,한섬,유가증권,주주총회소집결의,한섬
20260223000614,2026-02-23 15:49,HB솔루션,코스닥,주주총회소집결의,에이치비솔루션
20260223000581,2026-02-23 15:38,효성 ITX,유가증권,주주총회소집결의,효성아이티엑스
20260223000617,2026-02-23 15:36,동아엘텍,코스닥,주주총회소집결의,동아엘텍
20260223000591,2026-02-23 15:33,오스템,코스닥,주주총회소집결의,오스템
20260223000589,2026-02-23 15:31,HD현대일렉트릭,유가증권,주주총회소집결의,에이치디현대일렉트릭
20260223000570,2026-02-23 15:30,씨에스윈드,유가증권,주주총회소집결의,씨에스윈드
20260223000574,2026-02-23 15:29,우원개발,코스닥,주주총회소집결의,우원개발
20260223000539,2026-02-23 15:26,케스피온,코스닥,주주총회소집결의,케스피온
20260223000542,2026-02-23 15:25,송원산업,유가증권,주주총회소집결의,송원산업
20260223000509,2026-02-23 15:23,INVENI,유가증권,주주총회소집결의,INVENI
20260223000545,2026-02-23 15:16,엔비알모션,코스닥,[정정]주주총회소집결의,엔비알모션
20260223000521,2026-02-23 15:15,부광약품,유가증권,주주총회소집결의,부광약품
20260223000485,2026-02-23 15:11,칩스앤미디어,코스닥,주주총회소집결의,칩스앤미디어
20260223000507,2026-02-23 15:06,한컴,코스닥,주주총회소집결의,한컴
20260223000477,2026-02-23 14:58,HDC현대EP,유가증권,주주총회소집결의,에이치디씨현대이피
20260223000468,2026-02-23 14:53,제룡전기,코스닥,주주총회소집결의,제룡전기
20260223000433,2026-02-23 14:53,화승엔터프라이즈,유가증권,주주총회소집결의,화승엔터프라이즈
20260223000453,2026-02-23 14:51,영화금속,유가증권,주주총회소집결의,영화금속
20260223000474,2026-02-23 14:47,포스코엠텍,코스닥,주주총회소집결의,포스코엠텍
20260223000459,2026-02-23 14:46,현대리바트,유가증권,주주총회소집결의,현대리바트
20260223000466,2026-02-23 14:45,한국수출포장공업,유가증권,주주총회소집결의,한국수출포장공업
20260223000460,2026-02-23 14:45,브이엠,코스닥,주주총회소집결의,브이엠
20260223000432,2026-02-23 14:45,위드텍,코스닥,주주총회소집결의,위드텍
20260223000451,2026-02-23 14:39,삼아알미늄,유가증권,주주총회소집결의,삼아알미늄
20260223000417,2026-02-23 14:25,한국큐빅,코스닥,주주총회소집결의,한국큐빅
20260223000423,2026-02-23 14:24,무림P&P,유가증권,[정정]주주총회소집결의,무림피앤피
20260223000397,2026-02-23 14:20,모니터랩,코스닥,주주총회소집결의,모니터랩
20260223000396,2026-02-23 14:16,화승인더스트리,유가증권,주주총회소집결의,화승인더스트리
20260223000405,2026-02-23 14:14,진양홀딩스,유가증권,주주총회소집결의,진양홀딩스
20260223000388,2026-02-23 14:10,코아스템켐온,코스닥,주주총회소집결의,코아스템켐온
20260223000351,2026-02-23 13:57,엔에이치스팩30호,코스닥,[정정]주주총회소집결의(임시주주총회),엔에이치기업인수목적30호
20260223000349,2026-02-23 13:57,제룡산업,코스닥,주주총회소집결의,제룡산업
20260223000358,2026-02-23 13:56,코위버,코스닥,주주총회소집결의,코위버
20260223000353,2026-02-23 13:55,포스코스틸리온,유가증권,주주총회소집결의,포스코스틸리온
20260223000316,2026-02-23 13:26,키움제11호스팩,코스닥,주주총회소집결의,키움제11호기업인수목적
20260223000292,2026-02-23 12:39,스페코,코스닥,주주총회소집결의,스페코
20260223000277,2026-02-23 11:50,진양제약,코스닥,주주총회소집결의,진양제약
20260223000271,2026-02-23 11:38,이구산업,유가증권,주주총회소집결의,이구산업
20260223000251,2026-02-23 11:22,보락,유가증권,주주총회소집결의,보락
20260223000241,2026-02-23 11:05,상보,코스닥,[정정]주주총회소집결의,상보
20260223000223,2026-02-23 11:00,위월드,코넥스,주주총회소집 결의,위월드
20260223000227,2026-02-23 10:53,대원전선,유가증권,주주총회소집결의,대원전선
20260223000218,2026-02-23 10:42,성원에너텍,코스닥,[정정]주주총회소집결의,성원에너텍
20260223000213,2026-02-23 10:41,켐트로닉스,코스닥,주주총회소집결의,켐트로닉스
20260223000189,2026-02-23 10:15,지니너스,코스닥,[정정]주주총회소집결의,지니너스
20260220001298,2026-02-20 19:06,무림SP,코스닥,주주총회소집결의,무림에스피
20260220001161,2026-02-20 18:56,서부T&D,코스닥,주주총회소집결의,서부티엔디
20260220001282,2026-02-20 18:45,아리바이오홀딩스,코스닥,[정정]주주총회소집결의,아리바이오홀딩스
20260220001290,2026-02-20 18:38,한국앤컴퍼니,유가증권,주주총회소집결의,한국앤컴퍼니
20260220001257,2026-02-20 18:23,바디텍메드,코스닥,주주총회소집결의,바디텍메드
20260220000873,2026-02-20 18:18,성우테크론,코스닥,주주총회소집결의,성우테크론
20260220001275,2026-02-20 18:15,핌스,코스닥,주주총회소집결의,핌스
20260220001223,2026-02-20 18:11,무림페이퍼,유가증권,주주총회소집결의,무림페이퍼
20260220001181,2026-02-20 18:05,무림P&P,유가증권,주주총회소집결의,무림피앤피
20260220001220,2026-02-20 18:02,예스24,코스닥,주주총회소집결의,예스이십사
20260220001196,2026-02-20 18:00,SK바이오사이언스,유가증권,주주총회소집결의,에스케이바이오사이언스
20260220001134,2026-02-20 17:47,한솔홈데코,유가증권,주주총회소집결의,한솔홈데코
20260220001089,2026-02-20 17:29,HD현대에너지솔루션,유가증권,주주총회소집결의,에이치디현대에너지솔루션
20260220001040,2026-02-20 17:29,제일바이오,코스닥,주주총회소집결의,제일바이오
20260220001013,2026-02-20 17:28,키움제10호스팩,코스닥,주주총회소집결의,키움제10호기업인수목적
20260220001018,2026-02-20 17:27,남화산업,코스닥,주주총회소집결의,남화산업
20260220001039,2026-02-20 17:23,피에스케이,코스닥,주주총회소집결의,피에스케이
20260220001031,2026-02-20 17:21,라이온켐텍,코스닥,주주총회소집결의,라이온켐텍
20260220000897,2026-02-20 17:10,엠디바이스,코스닥,주주총회소집결의,엠디바이스
20260220000959,2026-02-20 17:02,이퓨쳐,코스닥,주주총회소집결의,이퓨쳐
20260220000949,2026-02-20 17:00,위츠,코스닥,주주총회소집결의,위츠
20260220000820,2026-02-20 16:58,바이온,코스닥,[정정]주주총회소집결의,바이온
20260220000934,2026-02-20 16:51,케이씨티,코스닥,주주총회소집결의,케이씨티
20260220000928,2026-02-20 16:47,한솔제지,유가증권,주주총회소집결의,한솔제지
20260220000808,2026-02-20 16:47,이지스,코스닥,주주총회소집결의,이지스
20260220000859,2026-02-20 16:46,신세계I&C,유가증권,주주총회소집결의,신세계아이앤씨
20260220000883,2026-02-20 16:45,한솔로지스틱스,유가증권,주주총회소집결의,한솔로지스틱스
20260220000837,2026-02-20 16:44,카카오페이,유가증권,주주총회소집결의,카카오페이
20260220000908,2026-02-20 16:41,한화시스템,유가증권,주주총회소집결의,한화시스템
20260220000891,2026-02-20 16:41,빛샘전자,코스닥,주주총회소집결의,빛샘전자
20260220000832,2026-02-20 16:37,현대에버다임,코스닥,주주총회소집결의,현대에버다임
20260220000836,2026-02-20 16:30,에코마케팅,코스닥,[정정]주주총회소집결의(임시주주총회),에코마케팅
20260220000834,2026-02-20 16:29,한탑,코스닥,주주총회소집결의,한탑
20260220000769,2026-02-20 16:26,로지시스,코스닥,주주총회소집결의,로지시스
20260220000718,2026-02-20 16:20,에스티큐브,코스닥,주주총회소집결의,에스티큐브
20260220000781,2026-02-20 16:19,HD현대마린엔진,유가증권,주주총회소집결의,에이치디현대마린엔진
20260220000763,2026-02-20 16:16,한국화장품제조,유가증권,주주총회소집결의,한국화장품제조
20260220000749,2026-02-20 16:12,전진건설로봇,유가증권,주주총회소집결의,전진건설로봇
20260220000719,2026-02-20 16:10,센서뷰,코스닥,주주총회소집결의,센서뷰
20260220000737,2026-02-20 16:07,데이타솔루션,코스닥,[정정]주주총회소집결의,데이타솔루션
20260220000735,2026-02-20 16:06,한네트,코스닥,주주총회소집결의,한네트
20260220000684,2026-02-20 16:04,바이오포트,코스닥,주주총회소집결의,바이오포트코리아
20260220000679,2026-02-20 16:02,디지아이,코스닥,주주총회소집결의,디지아이
20260220000701,2026-02-20 15:59,한국화장품,유가증권,주주총회소집결의,한국화장품
20260220000687,2026-02-20 15:58,지누스,유가증권,주주총회소집결의,지누스
20260220000706,2026-02-20 15:54,현대그린푸드,유가증권,주주총회소집결의,현대그린푸드
20260220000683,2026-02-20 15:53,대원제약,유가증권,주주총회소집결의,대원제약
20260220000669,2026-02-20 15:49,동양에스텍,코스닥,주주총회소집결의,동양에스텍
20260220000623,2026-02-20 15:47,삐아,코스닥,주주총회소집결의,삐아
20260220000609,2026-02-20 15:44,한국타이어앤테크놀로지,유가증권,주주총회소집결의,한국타이어앤테크놀로지
20260220000608,2026-02-20 15:38,대한제강,유가증권,주주총회소집결의,대한제강
20260220000595,2026-02-20 15:36,한국제12호스팩,코스닥,주주총회소집결의,한국제12호기업인수목적
20260220000559,2026-02-20 15:23,진양산업,유가증권,주주총회소집결의,진양산업
20260220000546,2026-02-20 15:18,피코그램,코스닥,주주총회소집결의,피코그램
20260220000557,2026-02-20 15:16,덕성,유가증권,주주총회소집결의,덕성
20260220000489,2026-02-20 15:02,데이타솔루션,코스닥,주주총회소집결의,데이타솔루션
20260220000492,2026-02-20 14:54,피에스케이홀딩스,코스닥,주주총회소집결의,피에스케이홀딩스
20260220000481,2026-02-20 14:51,HD현대마린솔루션,유가증권,주주총회소집결의,에이치디현대마린솔루션
20260220000475,2026-02-20 14:51,하이록코리아,코스닥,주주총회소집결의,하이록코리아
20260220000488,2026-02-20 14:50,HB인베스트먼트,코스닥,주주총회소집결의,에이치비인베스트먼트
20260220000461,2026-02-20 14:44,신화콘텍,코스닥,주주총회소집결의,신화콘텍
20260220000464,2026-02-20 14:36,동아지질,유가증권,주주총회소집결의,동아지질
20260220000445,2026-02-20 14:36,선진뷰티사이언스,코스닥,주주총회소집결의,선진뷰티사이언스
20260220000427,2026-02-20 14:32,대신밸런스제17호스팩,코스닥,주주총회소집결의,대신밸런스제17호기업인수목적
20260220000437,2026-02-20 14:28,에이치케이,코스닥,주주총회소집결의,에이치케이
20260220000424,2026-02-20 14:23,한국제15호스팩,코스닥,주주총회소집결의,한국제15호기업인수목적
20260220000399,2026-02-20 14:16,오뚜기,유가증권,주주총회소집결의,오뚜기
20260220000328,2026-02-20 14:06,성우전자,코스닥,주주총회소집결의,성우전자
20260220000391,2026-02-20 14:05,TJ미디어,코스닥,주주총회소집결의,티제이미디어
20260220000324,2026-02-20 14:04,율촌,코스닥,주주총회소집결의,율촌
20260220000383,2026-02-20 14:00,테스,코스닥,주주총회소집결의,테스
20260220000358,2026-02-20 13:53,비엔케이제3호스팩,코스닥,주주총회소집결의,비엔케이제3호기업인수목적
20260220000380,2026-02-20 13:50,케이씨에스,코스닥,주주총회소집결의,케이씨에스
20260220000337,2026-02-20 13:42,자이글,코스닥,[정정]주주총회소집결의(임시주주총회),자이글
20260220000340,2026-02-20 13:37,신성이엔지,유가증권,주주총회소집결의,신성이엔지
20260220000304,2026-02-20 13:26,나노,코스닥,주주총회소집결의,나노
20260220000283,2026-02-20 13:14,조선내화,유가증권,주주총회소집결의,조선내화
20260220000279,2026-02-20 12:33,다보링크,코스닥,주주총회소집결의,다보링크
20260220000275,2026-02-20 12:15,윈스테크넷,코스닥,주주총회소집결의,윈스테크넷
20260220000249,2026-02-20 11:24,비엔케이제2호스팩,코스닥,주주총회소집결의,비엔케이제2호기업인수목적
20260220000180,2026-02-20 10:44,진양화학,유가증권,주주총회소집결의,진양화학
20260220000175,2026-02-20 10:33,삼성에피스홀딩스,유가증권,[정정]주주총회소집결의,삼성에피스홀딩스
20260219001016,2026-02-19 18:17,성원에너텍,코스닥,[정정]주주총회소집결의,성원에너텍
20260219001023,2026-02-19 18:16,센코,코스닥,주주총회소집결의,센코
20260219000998,2026-02-19 18:13,동국생명과학,코스닥,[정정]주주총회소집결의,동국생명과학
20260219000995,2026-02-19 18:09,삼성생명,유가증권,주주총회소집결의,삼성생명보험
20260219000970,2026-02-19 18:03,에스엘,유가증권,주주총회소집결의,에스엘
20260219000968,2026-02-19 18:01,참좋은여행,코스닥,주주총회소집결의,참좋은여행
20260219000984,2026-02-19 17:56,POSCO홀딩스,유가증권,[정정]주주총회소집결의,포스코홀딩스
20260219000981,2026-02-19 17:54,동국생명과학,코스닥,주주총회소집결의,동국생명과학
20260219000923,2026-02-19 17:33,현대바이오랜드,코스닥,[정정]주주총회소집결의,현대바이오랜드
20260219000905,2026-02-19 17:25,삼성SDI,유가증권,주주총회소집결의,삼성SDI
20260219000727,2026-02-19 17:06,우양,코스닥,주주총회소집결의,우양
20260219000730,2026-02-19 17:00,페니트리움바이오,코스닥,주주총회소집결의,페니트리움바이오사이언스
20260219000691,2026-02-19 16:55,제이에스코퍼레이션,유가증권,주주총회소집결의,제이에스코퍼레이션
20260219000675,2026-02-19 16:54,삼천리자전거,코스닥,주주총회소집결의,삼천리자전거
20260219000678,2026-02-19 16:51,우성,유가증권,주주총회소집결의,우성
20260219000626,2026-02-19 16:46,조아제약,코스닥,주주총회소집결의,조아제약
20260219000636,2026-02-19 16:45,삼성카드,유가증권,주주총회소집결의,삼성카드
20260219000639,2026-02-19 16:37,현대바이오랜드,코스닥,주주총회소집결의,현대바이오랜드
20260219000642,2026-02-19 16:33,아비코전자,코스닥,주주총회소집결의,아비코전자
20260219000611,2026-02-19 16:28,동신건설,코스닥,주주총회소집결의,동신건설
20260219000595,2026-02-19 16:24,셀레믹스,코스닥,[정정]주주총회소집결의(임시주주총회),셀레믹스
20260219000561,2026-02-19 16:15,성원에너텍,코스닥,주주총회소집결의,성원에너텍
20260219000566,2026-02-19 16:10,신영와코루,유가증권,주주총회소집결의,신영와코루
20260219000558,2026-02-19 16:10,한화오션,유가증권,[정정]주주총회소집결의,한화오션
20260219000550,2026-02-19 16:07,삼양사,유가증권,[정정]주주총회소집결의,삼양사
20260219000516,2026-02-19 15:56,모비스,코스닥,주주총회소집결의,모비스
20260219000502,2026-02-19 15:55,유진테크,코스닥,[정정]주주총회소집결의,유진테크
20260219000468,2026-02-19 15:55,파인디지털,코스닥,주주총회소집결의,파인디지털
20260219000435,2026-02-19 15:34,대호에이엘,유가증권,[정정]주주총회소집결의,대호에이엘
20260219000441,2026-02-19 15:33,대신밸런스제19호스팩,코스닥,주주총회소집결의,대신밸런스제19호기업인수목적
20260219000436,2026-02-19 15:33,신라에스지,코스닥,주주총회소집결의,신라에스지
20260219000419,2026-02-19 15:24,디비금융제14호스팩,코스닥,주주총회소집결의,디비금융제14호기업인수목적
20260219000429,2026-02-19 15:21,상보,코스닥,주주총회소집결의,상보
20260219000413,2026-02-19 15:17,디와이피엔에프,코스닥,주주총회소집결의,디와이피엔에프
20260219000398,2026-02-19 15:10,보라티알,코스닥,주주총회소집결의,보라티알
20260219000344,2026-02-19 14:32,상신전자,코스닥,주주총회소집결의,상신전자
20260219000303,2026-02-19 14:02,삼성스팩13호,코스닥,주주총회소집결의,삼성기업인수목적13호
20260219000312,2026-02-19 13:57,리노공업,코스닥,주주총회소집결의,리노공업
20260219000291,2026-02-19 13:35,한국제13호스팩,코스닥,주주총회소집결의,한국제13호기업인수목적
20260219000282,2026-02-19 13:33,디케이락,코스닥,주주총회소집결의,디케이락
20260219000289,2026-02-19 13:26,신영스팩11호,코스닥,주주총회소집결의,신영해피투모로우제11호기업인수목적
20260219000284,2026-02-19 13:22,신영스팩10호,코스닥,주주총회소집결의,신영해피투모로우제10호기업인수목적
20260219000273,2026-02-19 13:15,바이오다인,코스닥,주주총회소집결의,바이오다인
20260219000269,2026-02-19 13:06,디비금융스팩12호,코스닥,주주총회소집결의,디비금융제12호기업인수목적
20260219000261,2026-02-19 12:47,디비금융제13호스팩,코스닥,주주총회소집결의,디비금융제13호기업인수목적
20260219000245,2026-02-19 11:59,이화공영,코스닥,[정정]주주총회소집결의,이화공영
20260219000244,2026-02-19 11:51,진양폴리우레탄,유가증권,주주총회소집결의,진양폴리우레탄
20260219000141,2026-02-19 10:11,에스티아이,코스닥,주주총회소집결의,에스티아이
20260219000068,2026-02-19 08:57,삼성물산,유가증권,주주총회소집결의,삼성물산
20260213002141,2026-02-13 19:14,유진테크,코스닥,주주총회소집결의,유진테크
20260213002055,2026-02-13 17:55,디에이테크놀로지,코스닥,주주총회소집결의,디에이테크놀로지
20260213002060,2026-02-13 17:53,코스나인,코스닥,[정정]주주총회소집결의,코스나인
20260213002058,2026-02-13 17:53,비큐AI,코스닥,주주총회소집결의,비큐에이아이
20260213001998,2026-02-13 17:41,삼성화재해상보험,유가증권,주주총회소집결의,삼성화재해상보험
20260213001946,2026-02-13 17:27,비츠로시스,코스닥,[정정]주주총회소집결의(임시주주총회),비츠로시스
20260213001942,2026-02-13 17:26,서울옥션,코스닥,주주총회소집결의,서울옥션
20260213001965,2026-02-13 17:24,LG디스플레이,유가증권,주주총회소집결의,엘지디스플레이
20260213001904,2026-02-13 17:18,광진실업,코스닥,주주총회소집결의,광진실업
20260213001836,2026-02-13 17:14,판타지오,코스닥,주주총회소집결의,판타지오
20260213001659,2026-02-13 17:06,삼영엠텍,코스닥,주주총회소집결의,삼영엠텍
20260213001841,2026-02-13 17:02,한화오션,유가증권,주주총회소집결의,한화오션
20260213001844,2026-02-13 17:01,유틸렉스,코스닥,주주총회소집결의(임시주주총회),유틸렉스
20260213001816,2026-02-13 16:57,EG,코스닥,주주총회소집결의,이지
20260213001755,2026-02-13 16:47,LG유플러스,유가증권,주주총회소집결의,LG유플러스
20260213001730,2026-02-13 16:40,세미파이브,코스닥,주주총회소집결의,세미파이브
20260213001700,2026-02-13 16:37,대림바스,유가증권,주주총회소집결의,대림바스
20260213001644,2026-02-13 16:32,나눔테크,코넥스,주주총회소집 결의,나눔테크
20260213001631,2026-02-13 16:30,더코디,코스닥,[정정]주주총회소집결의(임시주주총회),더코디
20260213001645,2026-02-13 16:29,대성창투,코스닥,주주총회소집결의,대성창업투자
20260213001619,2026-02-13 16:26,로보스타,코스닥,주주총회소집결의,로보스타
20260213001489,2026-02-13 16:19,윌비스,유가증권,[정정]주주총회소집결의,윌비스
20260213001565,2026-02-13 16:17,삼성에스디에스,유가증권,주주총회소집결의,삼성에스디에스
20260213001543,2026-02-13 16:13,HS애드,유가증권,주주총회소집결의,에이치에스애드
20260213001498,2026-02-13 16:13,디앤디파마텍,코스닥,주주총회소집결의,디앤디파마텍
20260213001556,2026-02-13 16:12,아센디오,유가증권,주주총회소집결의,아센디오
20260213001530,2026-02-13 16:06,써니전자,유가증권,주주총회소집결의,써니전자
20260213001422,2026-02-13 16:05,키움히어로제1호스팩,코스닥,주주총회소집결의,키움히어로제1호기업인수목적
20260213001372,2026-02-13 16:00,토모큐브,코스닥,주주총회소집결의,토모큐브
20260213001440,2026-02-13 15:58,대원화성,유가증권,주주총회소집결의,대원화성
20260213001338,2026-02-13 15:52,수산아이앤티,코스닥,주주총회소집결의,수산아이앤티
20260213001316,2026-02-13 15:51,플랜티넷,코스닥,주주총회소집결의,플랜티넷
20260213001308,2026-02-13 15:48,빅텐츠,코스닥,[정정]주주총회소집결의(임시주주총회),빅토리콘텐츠
20260213001328,2026-02-13 15:47,로체시스템즈,코스닥,주주총회소집결의,로체시스템즈
20260213001324,2026-02-13 15:47,삼성중공업,유가증권,주주총회소집결의,삼성중공업
20260213001306,2026-02-13 15:46,삼양바이오팜,유가증권,[정정]주주총회소집결의,삼양바이오팜
20260213001218,2026-02-13 15:44,데이원컴퍼니,코스닥,주주총회소집결의,데이원컴퍼니
20260213001251,2026-02-13 15:40,호텔신라,유가증권,주주총회소집결의,호텔신라
20260213001284,2026-02-13 15:38,코난테크놀로지,코스닥,주주총회소집결의,코난테크놀로지
20260213001234,2026-02-13 15:31,윌비스,유가증권,주주총회소집결의,윌비스
20260213001172,2026-02-13 15:31,제이알글로벌리츠,유가증권,주주총회소집결의,제이알글로벌위탁관리부동산투자회사
20260213001077,2026-02-13 15:28,TS인베스트먼트,코스닥,[정정]주주총회소집결의,티에스인베스트먼트
20260213001161,2026-02-13 15:22,멀티캠퍼스,코스닥,주주총회소집결의,멀티캠퍼스
20260213001114,2026-02-13 15:08,엔비알모션,코스닥,주주총회소집결의,엔비알모션
20260213001118,2026-02-13 15:07,그린리소스,코스닥,주주총회소집결의,그린리소스
20260213001072,2026-02-13 15:06,스톰테크,코스닥,주주총회소집결의,스톰테크
20260213001086,2026-02-13 15:04,엔텔스,코스닥,주주총회소집결의,엔텔스
20260213001079,2026-02-13 15:02,이화공영,코스닥,[정정]주주총회소집결의,이화공영
20260213001061,2026-02-13 15:02,세토피아,코스닥,주주총회소집결의,세토피아
20260213001020,2026-02-13 15:02,파인디앤씨,코스닥,주주총회소집결의,파인디앤씨
20260213000928,2026-02-13 15:02,카티스,코스닥,주주총회소집결의,카티스
20260213001054,2026-02-13 15:00,삼성에피스홀딩스,유가증권,[정정]주주총회소집결의,삼성에피스홀딩스
20260213001064,2026-02-13 14:58,LG에너지솔루션,유가증권,주주총회소집결의,엘지에너지솔루션
20260213000970,2026-02-13 14:44,코나솔,코넥스,주주총회소집 결의,코나솔
20260213000958,2026-02-13 14:40,탑런토탈솔루션,코스닥,주주총회소집결의,탑런토탈솔루션
20260213000860,2026-02-13 14:37,더즌,코스닥,주주총회소집결의,더즌
20260213000987,2026-02-13 14:36,KB제30호스팩,코스닥,주주총회소집결의,케이비제30호기업인수목적
20260213000952,2026-02-13 14:25,타조이엔터테인먼트,코넥스,주주총회소집 결의,타조이엔터테인먼트
20260213000878,2026-02-13 14:18,청보,코스닥,주주총회소집결의,청보
20260213000781,2026-02-13 14:15,KB제32호스팩,코스닥,주주총회소집결의,케이비제32호기업인수목적
20260213000863,2026-02-13 14:11,코아스,유가증권,주주총회소집결의,코아스
20260213000833,2026-02-13 14:00,코오롱ENP,유가증권,주주총회소집결의,코오롱이앤피
20260213000750,2026-02-13 14:00,이화산업,유가증권,주주총회소집결의,이화산업
20260213000752,2026-02-13 13:59,우진엔텍,코스닥,주주총회소집결의,우진엔텍
20260213000703,2026-02-13 13:47,지앤비에스 에코,코스닥,주주총회소집결의,지앤비에스 에코
20260213000692,2026-02-13 13:33,에이티넘인베스트,코스닥,주주총회소집결의,에이티넘인베스트먼트
20260213000667,2026-02-13 13:31,로지스몬,코넥스,주주총회소집 결의,로지스몬
20260213000677,2026-02-13 13:30,한전기술,유가증권,[정정]주주총회소집결의,한국전력기술
20260213000675,2026-02-13 13:30,한솔테크닉스,유가증권,주주총회소집결의,한솔테크닉스
20260213000648,2026-02-13 13:18,케이알엠,코스닥,주주총회소집결의,케이알엠
20260213000601,2026-02-13 12:25,LS머트리얼즈,코스닥,주주총회소집결의,엘에스머트리얼즈
20260213000591,2026-02-13 12:19,예선테크,코스닥,주주총회소집결의,예선테크
20260213000574,2026-02-13 12:03,이글벳,코스닥,주주총회소집결의,이글벳
20260213000477,2026-02-13 11:37,아이케이세미콘,코넥스,주주총회소집 결의,아이케이세미콘
20260213000502,2026-02-13 11:30,타임기술,코넥스,주주총회소집 결의,타임기술
20260213000493,2026-02-13 11:30,KB제29호스팩,코스닥,주주총회소집결의,케이비제29호기업인수목적
20260213000426,2026-02-13 11:17,제일기획,유가증권,주주총회소집결의,제일기획
20260213000423,2026-02-13 11:11,삼성전자,유가증권,주주총회소집결의,삼성전자
20260213000420,2026-02-13 11:08,코스모신소재,유가증권,주주총회소집결의,코스모신소재
20260213000388,2026-02-13 11:05,KB제31호스팩,코스닥,주주총회소집결의,케이비제31호기업인수목적
20260213000400,2026-02-13 10:56,비트컴퓨터,코스닥,주주총회소집결의,비트컴퓨터
20260213000353,2026-02-13 10:42,씨씨에스,코스닥,주주총회소집결의(임시주주총회),씨씨에스충북방송
20260213000223,2026-02-13 10:11,에너토크,코스닥,[정정]주주총회소집결의,에너토크
20260213000023,2026-02-13 07:49,S-Oil,유가증권,주주총회소집결의,S-Oil
20260212001596,2026-02-12 18:40,지니너스,코스닥,주주총회소집결의,지니너스
20260212001495,2026-02-12 18:17,아주IB투자,코스닥,주주총회소집결의,아주아이비투자
20260212001539,2026-02-12 18:15,LG씨엔에스,유가증권,주주총회소집결의,엘지씨엔에스
20260212001530,2026-02-12 18:09,퍼시스,유가증권,주주총회소집결의,퍼시스
20260212001541,2026-02-12 18:08,이화공영,코스닥,[정정]주주총회소집결의,이화공영
20260212001529,2026-02-12 18:06,펄어비스,코스닥,주주총회소집결의,펄어비스
20260212001528,2026-02-12 18:00,시디즈,유가증권,주주총회소집결의,시디즈
20260212001489,2026-02-12 17:59,셀트리온제약,코스닥,주주총회소집결의,셀트리온제약
20260212001503,2026-02-12 17:56,고영,코스닥,주주총회소집결의,고영테크놀러지
20260212001464,2026-02-12 17:56,에스아이리소스,코스닥,[정정]주주총회소집결의(임시주주총회),에스아이리소스
20260212001433,2026-02-12 17:52,KPX홀딩스,유가증권,주주총회소집결의,KPX홀딩스
20260212001413,2026-02-12 17:51,제우스,코스닥,주주총회소집결의,제우스
20260212001424,2026-02-12 17:48,하림지주,코스닥,주주총회소집결의,하림지주
20260212001441,2026-02-12 17:43,미래에셋비전스팩8호,코스닥,주주총회소집결의,미래에셋비전기업인수목적8호
20260212001398,2026-02-12 17:43,와이랩,코스닥,주주총회소집결의,와이랩
20260212001438,2026-02-12 17:41,이화공영,코스닥,주주총회소집결의,이화공영
20260212001386,2026-02-12 17:31,삼성전기,유가증권,주주총회소집결의,삼성전기
20260212001325,2026-02-12 17:28,신한제13호스팩,코스닥,주주총회소집결의,신한제13호기업인수목적
20260212001327,2026-02-12 17:24,케이씨씨글라스,유가증권,주주총회소집결의,케이씨씨글라스
20260212001277,2026-02-12 17:23,현대글로비스,유가증권,주주총회소집결의,현대글로비스
20260212001328,2026-02-12 17:22,루닛,코스닥,주주총회소집결의,루닛
20260212001300,2026-02-12 17:17,신한제15호스팩,코스닥,주주총회소집결의,신한제15호기업인수목적
20260212001280,2026-02-12 17:17,DN오토모티브,유가증권,주주총회소집결의,디엔오토모티브
20260212001309,2026-02-12 17:16,큐라티스,코스닥,주주총회소집결의,큐라티스
20260212001293,2026-02-12 17:15,한화플러스제5호스팩,코스닥,주주총회소집결의,한화플러스제5호기업인수목적
20260212001243,2026-02-12 17:14,아이패밀리에스씨,코스닥,주주총회소집결의,아이패밀리에스씨
20260212001229,2026-02-12 17:10,진로발효,코스닥,주주총회소집결의,진로발효
20260212001245,2026-02-12 17:09,TS인베스트먼트,코스닥,주주총회소집결의,티에스인베스트먼트
20260212001231,2026-02-12 17:09,동국제약,코스닥,주주총회소집결의,동국제약
20260212001120,2026-02-12 17:00,KPX케미칼,유가증권,주주총회소집결의,KPX케미칼
20260212001144,2026-02-12 16:50,신한제16호스팩,코스닥,주주총회소집결의,신한제16호기업인수목적
20260212001137,2026-02-12 16:50,신한제12호스팩,코스닥,주주총회소집결의,신한제12호기업인수목적
20260212001074,2026-02-12 16:50,디앤디플랫폼리츠,유가증권,주주총회소집결의,디앤디플랫폼위탁관리부동산투자회사
20260212001138,2026-02-12 16:45,HPSP,코스닥,주주총회소집결의,에이치피에스피
20260212001097,2026-02-12 16:42,제이에스티나,코스닥,주주총회소집결의,제이에스티나
20260212001045,2026-02-12 16:37,조흥,유가증권,주주총회소집결의,조흥
20260212001071,2026-02-12 16:35,아바코,코스닥,주주총회소집결의,아바코
20260212001010,2026-02-12 16:28,비츠로시스,코스닥,[정정]주주총회소집결의(임시주주총회),비츠로시스
20260212000972,2026-02-12 16:22,한화솔루션,유가증권,주주총회소집결의,한화솔루션
20260212000964,2026-02-12 16:21,삼성E&A,유가증권,[정정]주주총회소집결의,삼성이앤에이
20260212000879,2026-02-12 16:21,우양에이치씨,코스닥,주주총회소집결의,우양에이치씨
20260212000917,2026-02-12 16:17,한화플러스제4호스팩,코스닥,주주총회소집결의,한화플러스제4호기업인수목적
20260212000881,2026-02-12 16:13,아스테라시스,코스닥,주주총회소집결의,아스테라시스
20260212000861,2026-02-12 16:13,제이투케이바이오,코스닥,주주총회소집결의,제이투케이바이오
20260212000900,2026-02-12 16:11,기가레인,코스닥,주주총회소집결의,기가레인
20260212000819,2026-02-12 16:11,아이디피,코스닥,주주총회소집결의,아이디피
20260212000820,2026-02-12 16:06,경남스틸,코스닥,주주총회소집결의,경남스틸
20260212000892,2026-02-12 16:03,동방아그로,유가증권,주주총회소집결의,동방아그로
20260212000886,2026-02-12 16:03,전방,유가증권,주주총회소집결의,전방
20260212000781,2026-02-12 16:01,에스앤에스텍,코스닥,주주총회소집결의,에스앤에스텍
20260212000755,2026-02-12 15:53,동원개발,코스닥,주주총회소집결의,동원개발
20260212000816,2026-02-12 15:51,글로벌텍스프리,코스닥,[정정]주주총회소집결의(임시주주총회),글로벌텍스프리
20260212000787,2026-02-12 15:50,백산,유가증권,주주총회소집결의,백산
20260212000770,2026-02-12 15:50,삼성E&A,유가증권,주주총회소집결의,삼성이앤에이
20260212000756,2026-02-12 15:49,기아,유가증권,주주총회소집결의,기아
20260212000791,2026-02-12 15:48,비덴트,코스닥,[정정]주주총회소집결의(임시주주총회),비덴트
20260212000753,2026-02-12 15:42,삼진엘앤디,코스닥,주주총회소집결의,삼진엘앤디
20260212000711,2026-02-12 15:35,한울앤제주,코스닥,[정정]주주총회소집결의,한울앤제주
20260212000682,2026-02-12 15:24,LG전자,유가증권,주주총회소집결의,LG전자
20260212000641,2026-02-12 15:22,디씨엠,유가증권,주주총회소집결의,디씨엠
20260212000657,2026-02-12 15:19,한국컴퓨터,코스닥,주주총회소집결의,한국컴퓨터
20260212000610,2026-02-12 15:09,동운아나텍,코스닥,주주총회소집결의,동운아나텍
20260212000563,2026-02-12 15:07,신한제11호스팩,코스닥,주주총회소집결의,신한제11호기업인수목적
20260212000599,2026-02-12 15:02,삼성스팩12호,코스닥,주주총회소집결의,삼성기업인수목적12호
20260212000523,2026-02-12 14:59,씨이랩,코스닥,주주총회소집결의,씨이랩
20260212000544,2026-02-12 14:56,버킷스튜디오,코스닥,[정정]주주총회소집결의(임시주주총회),버킷스튜디오
20260212000536,2026-02-12 14:40,인천도시가스,유가증권,주주총회소집결의,인천도시가스
20260212000452,2026-02-12 14:40,한솔아이원스,코스닥,주주총회소집결의,한솔아이원스
20260212000515,2026-02-12 14:38,케이아이이,유가증권,주주총회소집결의,케이아이이
20260212000468,2026-02-12 14:23,신한제14호스팩,코스닥,[정정]주주총회소집결의,신한제14호기업인수목적
20260212000449,2026-02-12 14:21,인바이오젠,유가증권,[정정]주주총회소집결의,인바이오젠
20260212000442,2026-02-12 14:13,한창산업,코스닥,주주총회소집결의,한창산업
20260212000419,2026-02-12 13:55,삼성스팩11호,코스닥,주주총회소집결의,삼성기업인수목적11호
20260212000396,2026-02-12 13:43,이미지스,코스닥,[정정]주주총회소집결의,이미지스테크놀로지
20260212000376,2026-02-12 13:40,파인테크닉스,코스닥,주주총회소집결의,파인테크닉스
20260212000346,2026-02-12 13:26,엔시스,코스닥,주주총회소집결의,엔시스
20260212000319,2026-02-12 12:00,신한제14호스팩,코스닥,주주총회소집결의,신한제14호기업인수목적
20260212000308,2026-02-12 11:43,카카오,유가증권,[정정]주주총회소집결의,카카오
20260212000296,2026-02-12 11:41,셀트리온,유가증권,주주총회소집결의,셀트리온
20260212000283,2026-02-12 11:29,엠에스씨,코스닥,주주총회소집결의,엠에스씨
20260212000238,2026-02-12 11:00,샌즈랩,코스닥,주주총회소집결의,샌즈랩
20260212000002,2026-02-12 07:46,쿼드메디슨,코스닥,주주총회소집결의,쿼드메디슨
20260211001842,2026-02-11 19:09,파크시스템스,코스닥,주주총회소집결의,파크시스템스
20260211001840,2026-02-11 18:58,녹십자홀딩스,유가증권,주주총회소집결의,녹십자홀딩스
20260211001835,2026-02-11 18:39,이오플로우,코스닥,주주총회소집결의(임시주주총회),이오플로우
20260211001830,2026-02-11 18:35,녹십자,유가증권,주주총회소집결의,녹십자
20260211001820,2026-02-11 18:22,하림,코스닥,주주총회소집결의,하림
20260211001737,2026-02-11 18:17,시프트업,유가증권,주주총회소집결의,시프트업
20260211001759,2026-02-11 18:16,NHN KCP,코스닥,주주총회소집결의,엔에이치엔케이씨피
20260211001774,2026-02-11 18:15,삼성에피스홀딩스,유가증권,주주총회소집결의,삼성에피스홀딩스
20260211001674,2026-02-11 18:15,수성웹툰,코스닥,주주총회소집결의,수성웹툰
20260211001691,2026-02-11 18:02,일동홀딩스,유가증권,주주총회소집결의,일동홀딩스
20260211001697,2026-02-11 17:57,미스토홀딩스,유가증권,주주총회소집결의,미스토홀딩스
20260211001698,2026-02-11 17:56,일동제약,유가증권,주주총회소집결의,일동제약
20260211001598,2026-02-11 17:55,푸른로보틱스,코스닥,주주총회소집결의,푸른로보틱스
20260211001658,2026-02-11 17:48,크라운제과,유가증권,주주총회소집결의,크라운제과
20260211001668,2026-02-11 17:47,팸텍,코스닥,주주총회소집결의,팸텍
20260211001666,2026-02-11 17:43,NHN,유가증권,주주총회소집결의,엔에이치엔
20260211001653,2026-02-11 17:42,신도리코,유가증권,주주총회소집결의,신도리코
20260211001532,2026-02-11 17:37,파인엠텍,코스닥,주주총회소집결의,파인엠텍
20260211001504,2026-02-11 17:31,삼표시멘트,코스닥,주주총회소집결의,삼표시멘트
20260211001525,2026-02-11 17:28,세아특수강,유가증권,주주총회소집결의,세아특수강
20260211001381,2026-02-11 17:18,대원강업,유가증권,주주총회소집결의,대원강업
20260211001425,2026-02-11 17:16,엘앤에프,유가증권,주주총회소집결의,엘앤에프
20260211001454,2026-02-11 17:15,에이럭스,코스닥,주주총회소집결의,에이럭스
20260211001320,2026-02-11 17:09,카카오,유가증권,주주총회소집결의,카카오
20260211001410,2026-02-11 17:08,지역난방공사,유가증권,주주총회소집결의,한국지역난방공사
20260211001325,2026-02-11 17:04,LF,유가증권,주주총회소집결의,LF
20260211001342,2026-02-11 17:00,에이스침대,코스닥,주주총회소집결의,에이스침대
20260211001302,2026-02-11 16:57,우리기술투자,코스닥,주주총회소집결의,우리기술투자
20260211001246,2026-02-11 16:56,노랑풍선,코스닥,주주총회소집결의,노랑풍선
20260211001219,2026-02-11 16:43,피아이이,코스닥,주주총회소집결의,피아이이
20260211001201,2026-02-11 16:34,에스엠씨지,코스닥,주주총회소집결의,에스엠씨지
20260211001168,2026-02-11 16:26,대성미생물,코스닥,주주총회소집결의,대성미생물연구소
20260211001144,2026-02-11 16:25,피앤에스로보틱스,코스닥,주주총회소집결의,피앤에스로보틱스
20260211001048,2026-02-11 16:21,이노에이엑스,코스닥,주주총회소집결의,이노에이엑스
20260211001018,2026-02-11 16:20,엔알비,코스닥,주주총회소집결의,엔알비
20260211001097,2026-02-11 16:12,KB제33호스팩,코스닥,주주총회소집결의,케이비제33호기업인수목적
20260211000989,2026-02-11 16:11,유한양행,유가증권,주주총회소집결의,유한양행
20260211000954,2026-02-11 16:03,삼성스팩10호,코스닥,주주총회소집결의,삼성기업인수목적10호
20260211001030,2026-02-11 16:01,메디콕스,코스닥,[정정]주주총회소집결의,메디콕스
20260211000920,2026-02-11 15:56,혜인,유가증권,주주총회소집결의,혜인
20260211000867,2026-02-11 15:54,케이이엠텍,코스닥,[정정]주주총회소집결의,케이이엠텍
20260211000901,2026-02-11 15:53,화천기계,유가증권,주주총회소집결의,화천기계
20260211000888,2026-02-11 15:52,에이치엠씨제7호스팩,코스닥,주주총회소집결의,에이치엠씨아이비제7호기업인수목적
20260211000908,2026-02-11 15:50,비투엔,코스닥,[정정]주주총회소집결의(임시주주총회),비투엔
20260211000900,2026-02-11 15:50,대한전선,유가증권,주주총회소집결의,대한전선
20260211000903,2026-02-11 15:45,비씨월드제약,코스닥,주주총회소집결의,비씨월드제약
20260211000852,2026-02-11 15:44,삼성바이오로직스,유가증권,주주총회소집결의,삼성바이오로직스
20260211000843,2026-02-11 15:39,케이씨씨,유가증권,주주총회소집결의,케이씨씨
20260211000818,2026-02-11 15:37,예스티,코스닥,주주총회소집결의,예스티
20260211000758,2026-02-11 15:26,이엘피,코스닥,주주총회소집결의,이엘피
20260211000773,2026-02-11 15:16,삼양컴텍,코스닥,주주총회소집결의,삼양컴텍
20260211000713,2026-02-11 15:08,한온시스템,유가증권,주주총회소집결의,한온시스템
20260211000685,2026-02-11 14:55,교보18호스팩,코스닥,주주총회소집결의,교보18호기업인수목적
20260211000656,2026-02-11 14:50,한국기업평가,코스닥,주주총회소집결의,한국기업평가
20260211000618,2026-02-11 14:49,교보16호스팩,코스닥,주주총회소집결의,교보16호기업인수목적
20260211000595,2026-02-11 14:29,미래에셋비전스팩6호,코스닥,주주총회소집결의,미래에셋비전기업인수목적6호
20260211000537,2026-02-11 14:07,에이치엠씨제6호스팩,코스닥,주주총회소집결의,에이치엠씨아이비제6호기업인수목적
20260211000444,2026-02-11 13:37,삼진제약,유가증권,주주총회소집결의,삼진제약
20260211000430,2026-02-11 13:34,유안타제15호스팩,코스닥,주주총회소집결의,유안타제15호기업인수목적
20260211000458,2026-02-11 13:32,삼현철강,코스닥,주주총회소집결의,삼현철강
20260211000452,2026-02-11 13:31,현대지에프홀딩스,유가증권,주주총회소집결의,현대지에프홀딩스
20260211000440,2026-02-11 13:31,현대홈쇼핑,유가증권,주주총회소집결의,현대홈쇼핑
20260211000409,2026-02-11 13:26,팬오션,유가증권,주주총회소집결의,팬오션
20260211000360,2026-02-11 12:10,빅솔론,코스닥,주주총회소집결의,빅솔론
20260211000269,2026-02-11 11:21,유안타제17호스팩,코스닥,주주총회소집결의,유안타제17호기업인수목적
20260211000231,2026-02-11 11:06,유안타제11호스팩,코스닥,[정정]주주총회소집결의,유안타제11호기업인수목적
20260211000191,2026-02-11 10:23,유안타제11호스팩,코스닥,주주총회소집결의,유안타제11호기업인수목적
20260210001422,2026-02-10 18:59,이엠텍,코스닥,주주총회소집결의,이엠텍
20260210001419,2026-02-10 18:51,한독,유가증권,주주총회소집결의,한독
20260210001408,2026-02-10 18:19,인성정보,코스닥,주주총회소집결의,인성정보
20260210001288,2026-02-10 18:00,이미지스,코스닥,주주총회소집결의,이미지스테크놀로지
20260210001344,2026-02-10 17:58,미래에셋비전스팩10호,코스닥,[정정]주주총회소집결의,미래에셋비전기업인수목적10호
20260210001246,2026-02-10 17:41,이크레더블,코스닥,주주총회소집결의,이크레더블
20260210001268,2026-02-10 17:39,선진,유가증권,주주총회소집결의,선진
20260210001108,2026-02-10 17:23,아이진,코스닥,주주총회소집결의,아이진
20260210001200,2026-02-10 17:18,한국단자공업,유가증권,주주총회소집결의,한국단자공업
20260210001155,2026-02-10 17:18,ESR켄달스퀘어리츠,유가증권,주주총회소집결의,이에스알켄달스퀘어위탁관리부동산투자회사
20260210001138,2026-02-10 17:11,AJ네트웍스,유가증권,주주총회소집결의,AJ네트웍스
20260210001058,2026-02-10 17:11,파로스아이바이오,코스닥,주주총회소집결의,파로스아이바이오
20260210001060,2026-02-10 17:05,하이퍼코퍼레이션,코스닥,[정정]주주총회소집결의(임시주주총회),하이퍼코퍼레이션
20260210001091,2026-02-10 17:04,교보19호스팩,코스닥,주주총회소집결의,교보19호기업인수목적
20260210001136,2026-02-10 17:03,코리아나,코스닥,주주총회소집결의,코리아나화장품
20260210001086,2026-02-10 17:02,상상인제4호스팩,코스닥,주주총회소집결의,상상인제4호기업인수목적
20260210001059,2026-02-10 17:01,교보15호스팩,코스닥,주주총회소집결의,교보15호기업인수목적
20260210001097,2026-02-10 16:59,세아홀딩스,유가증권,주주총회소집결의,세아홀딩스
20260210001053,2026-02-10 16:57,네이처셀,코스닥,주주총회소집결의,네이처셀
20260210001020,2026-02-10 16:57,필옵틱스,코스닥,주주총회소집결의,필옵틱스
20260210001023,2026-02-10 16:44,교보17호스팩,코스닥,주주총회소집결의,교보17호기업인수목적
20260210000968,2026-02-10 16:40,현대모비스,유가증권,주주총회소집결의,현대모비스
20260210000981,2026-02-10 16:39,JW신약,코스닥,주주총회소집결의,제이더블유신약
20260210000884,2026-02-10 16:19,한국경제TV,코스닥,주주총회소집결의,한국경제티브이
20260210000876,2026-02-10 16:18,에스넷,코스닥,주주총회소집결의,에스넷시스템
20260210000846,2026-02-10 16:14,삼양식품,유가증권,주주총회소집결의,삼양식품
20260210000827,2026-02-10 16:05,에스엔시스,코스닥,주주총회소집결의,에스엔시스
20260210000809,2026-02-10 16:01,픽셀플러스,코스닥,주주총회소집결의,픽셀플러스
20260210000748,2026-02-10 15:59,나라엠앤디,코스닥,주주총회소집결의(정기주주총회),나라엠앤디
20260210000801,2026-02-10 15:57,NC,유가증권,주주총회소집결의,엔씨
20260210000690,2026-02-10 15:45,메카로,코스닥,주주총회소집결의,메카로
20260210000705,2026-02-10 15:39,유니테스트,코스닥,주주총회소집결의,유니테스트
20260210000659,2026-02-10 15:37,한전기술,유가증권,주주총회소집결의,한국전력기술
20260210000637,2026-02-10 15:36,신라섬유,코스닥,주주총회소집결의,신라섬유
20260210000651,2026-02-10 15:31,한솔케미칼,유가증권,주주총회소집결의,한솔케미칼
20260210000620,2026-02-10 15:25,한전KPS,유가증권,주주총회소집결의,한전KPS
20260210000626,2026-02-10 15:22,썬테크,코넥스,주주총회소집 결의,썬테크
20260210000562,2026-02-10 15:05,원일티엔아이,코스닥,주주총회소집결의,원일티엔아이
20260210000545,2026-02-10 15:04,미래에셋비전스팩11호,코스닥,주주총회소집결의,미래에셋비전기업인수목적11호
20260210000594,2026-02-10 15:02,KG모빌리티플랫폼,유가증권,주주총회소집결의,케이지모빌리티플랫폼
20260210000573,2026-02-10 15:01,AK홀딩스,유가증권,주주총회소집결의,AK홀딩스
20260210000532,2026-02-10 14:48,퓨런티어,코스닥,주주총회소집결의,퓨런티어
20260210000482,2026-02-10 14:45,한라IMS,코스닥,주주총회소집결의(정기주주총회),한라아이엠에스
20260210000510,2026-02-10 14:44,한일화학,코스닥,주주총회소집결의,한일화학공업
20260210000428,2026-02-10 13:49,미래에셋비전스팩10호,코스닥,주주총회소집결의,미래에셋비전기업인수목적10호
20260210000401,2026-02-10 13:39,부스타,코스닥,주주총회소집결의,부-스타
20260210000359,2026-02-10 13:32,미래에셋비전스팩5호,코스닥,주주총회소집결의,미래에셋비전기업인수목적5호
20260210000310,2026-02-10 11:55,이니텍,코스닥,[정정]주주총회소집결의(임시주주총회),이니텍
20260210000306,2026-02-10 11:39,JW생명과학,유가증권,주주총회소집결의,제이더블유생명과학
20260210000274,2026-02-10 11:16,이니텍,코스닥,[정정]주주총회소집결의(임시주주총회),이니텍
20260209001859,2026-02-09 19:17,우주일렉트로,코스닥,주주총회소집결의,우주일렉트로닉스
20260209001838,2026-02-09 18:42,이닉스,코스닥,주주총회소집결의,이닉스
20260209001841,2026-02-09 18:33,이니텍,코스닥,[정정]주주총회소집결의,이니텍
20260209001787,2026-02-09 18:10,제주항공,유가증권,주주총회소집결의,제주항공
20260209001743,2026-02-09 18:07,국영지앤엠,코스닥,주주총회소집결의,국영지앤엠
20260209001633,2026-02-09 18:01,레뷰코퍼레이션,코스닥,주주총회소집결의,레뷰코퍼레이션
20260209001707,2026-02-09 17:53,에너토크,코스닥,주주총회소집결의,에너토크
20260209001677,2026-02-09 17:52,팜스코,유가증권,주주총회소집결의,팜스코
20260209001527,2026-02-09 17:38,필에너지,코스닥,주주총회소집결의,필에너지
20260209001514,2026-02-09 17:27,박셀바이오,코스닥,주주총회소집결의,박셀바이오
20260209001486,2026-02-09 17:23,세진티에스,코스닥,주주총회소집결의,세진티에스
20260209001511,2026-02-09 17:21,미래에셋비전스팩7호,코스닥,주주총회소집결의,미래에셋비전기업인수목적7호
20260209001483,2026-02-09 17:21,압타바이오,코스닥,주주총회소집결의,압타바이오
20260209001415,2026-02-09 17:10,엘케이켐,코스닥,주주총회소집결의,엘케이켐
20260209001335,2026-02-09 17:01,샘표식품,유가증권,주주총회소집결의,샘표식품
20260209001388,2026-02-09 16:55,샘표,유가증권,주주총회소집결의,샘표
20260209001256,2026-02-09 16:52,푸른저축은행,코스닥,주주총회소집결의,푸른저축은행
20260209001342,2026-02-09 16:50,녹십자웰빙,코스닥,주주총회소집결의,녹십자웰빙
20260209001274,2026-02-09 16:45,푸른로보틱스,코스닥,주주총회소집결의,푸른로보틱스
20260209001291,2026-02-09 16:40,엑시온그룹,코스닥,[정정]주주총회소집결의(임시주주총회),엑시온그룹
20260209001289,2026-02-09 16:35,녹십자엠에스,코스닥,주주총회소집결의,녹십자엠에스
20260209001211,2026-02-09 16:22,신신제약,코스닥,주주총회소집결의,신신제약
20260209001137,2026-02-09 16:20,대아티아이,코스닥,주주총회소집결의,대아티아이
20260209001172,2026-02-09 16:17,GKL,유가증권,주주총회소집결의,그랜드코리아레저
20260209001070,2026-02-09 16:08,피제이전자,코스닥,주주총회소집결의,피제이전자
20260209000995,2026-02-09 15:46,신한글로벌액티브리츠,유가증권,주주총회소집결의,신한글로벌액티브위탁관리부동산투자회사
20260209000946,2026-02-09 15:38,현대약품,유가증권,주주총회소집결의,현대약품
20260209000914,2026-02-09 15:13,크래프톤,유가증권,주주총회소집결의,크래프톤
20260209000848,2026-02-09 15:06,삼원강재,유가증권,주주총회소집결의,삼원강재
20260209000859,2026-02-09 14:58,티디에스팜,코스닥,주주총회소집결의,티디에스팜
20260209000667,2026-02-09 14:15,케이사인,코스닥,주주총회소집결의,케이사인
20260209000583,2026-02-09 13:35,가온전선,유가증권,주주총회소집결의,가온전선
20260209000483,2026-02-09 11:53,지구홀딩스,코스닥,주주총회소집결의,지구홀딩스
20260206002763,2026-02-06 18:00,미래에셋비전스팩9호,코스닥,주주총회소집결의,미래에셋비전기업인수목적9호
20260206002692,2026-02-06 17:40,유아이엘,코스닥,주주총회소집결의,유아이엘
20260206002591,2026-02-06 17:36,이뮨온시아,코스닥,주주총회소집결의,이뮨온시아
20260206002605,2026-02-06 17:34,아모레퍼시픽홀딩스,유가증권,주주총회소집결의,아모레퍼시픽홀딩스
20260206002612,2026-02-06 17:25,에스원,유가증권,주주총회소집결의,에스원
20260206002478,2026-02-06 17:18,매일유업,코스닥,주주총회소집결의,매일유업
20260206002488,2026-02-06 17:12,인크레더블버즈,코스닥,[정정]주주총회소집결의(임시주주총회),인크레더블버즈
20260206002397,2026-02-06 17:08,아모레퍼시픽,유가증권,주주총회소집결의,아모레퍼시픽
20260206002373,2026-02-06 17:04,DKME,유가증권,주주총회소집결의,디케이엠이
20260206002341,2026-02-06 17:03,기가비스,코스닥,주주총회소집결의,기가비스
20260206002364,2026-02-06 16:57,오가닉티코스메틱,코스닥,주주총회소집결의(임시주주총회),오가닉티코스메틱스홀딩스컴퍼니리미티드
20260206002369,2026-02-06 16:51,지씨지놈,코스닥,주주총회소집결의(정기주주총회),지씨지놈
20260206002185,2026-02-06 16:34,한세실업,유가증권,주주총회소집결의,한세실업
20260206002037,2026-02-06 16:31,넥스트바이오메디컬,코스닥,주주총회소집결의(정기주주총회),넥스트바이오메디컬
20260206002056,2026-02-06 16:22,오이솔루션,코스닥,주주총회소집결의,오이솔루션
20260206001787,2026-02-06 16:12,나래나노텍,코스닥,주주총회소집결의,나래나노텍
20260206001803,2026-02-06 16:05,아이에스티이,코스닥,주주총회소집결의(정기주주총회),아이에스티이
20260206001860,2026-02-06 16:01,NPX,코스닥,[정정]주주총회소집결의(임시주주총회),엔피엑스
20260206001699,2026-02-06 15:43,KB제27호스팩,코스닥,주주총회소집결의,케이비제27호기업인수목적
20260206001563,2026-02-06 15:39,미래에셋비전스팩4호,코스닥,주주총회소집결의,미래에셋비전기업인수목적4호
20260206001554,2026-02-06 15:25,중앙백신,코스닥,주주총회소집결의,중앙백신연구소
20260206001368,2026-02-06 15:13,티엘엔지니어링,코넥스,주주총회소집 결의,티엘엔지니어링
20260206001195,2026-02-06 15:00,나우IB,코스닥,주주총회소집결의,나우아이비캐피탈
20260206000632,2026-02-06 13:20,유니드비티플러스,유가증권,주주총회소집결의,유니드비티플러스
20260206000002,2026-02-06 07:34,NAVER,유가증권,주주총회소집결의,네이버
20260205001101,2026-02-05 17:40,JW중외제약,유가증권,주주총회소집결의,JW중외제약
20260205001049,2026-02-05 17:20,큐리옥스바이오시스템즈,코스닥,주주총회소집결의(정기주주총회),큐리옥스바이오시스템즈
20260205000900,2026-02-05 17:09,GC메디아이,코스닥,주주총회소집결의,GC메디아이
20260205000962,2026-02-05 17:07,퀀텀레일,코스닥,[정정]주주총회소집결의(임시주주총회),퀀텀레일
20260205000929,2026-02-05 16:52,미원화학,유가증권,주주총회소집결의,미원화학
20260205000833,2026-02-05 16:51,쎄트렉아이,코스닥,주주총회소집결의,쎄트렉아이
20260205000867,2026-02-05 16:38,명인제약,유가증권,[정정]주주총회소집결의,명인제약
20260205000844,2026-02-05 16:37,테이팩스,유가증권,주주총회소집결의,테이팩스
20260205000851,2026-02-05 16:36,미스터블루,코스닥,주주총회소집결의,미스터블루
20260205000837,2026-02-05 16:36,JW홀딩스,유가증권,주주총회소집결의,JW홀딩스
20260205000823,2026-02-05 16:29,아남전자,유가증권,주주총회소집결의,아남전자
20260205000756,2026-02-05 16:18,케이씨,유가증권,주주총회소집결의,케이씨
20260205000738,2026-02-05 16:13,로지스몬,코넥스,[정정]주주총회소집 결의,로지스몬
20260205000670,2026-02-05 15:55,이노진,코스닥,주주총회소집결의,이노진
20260205000659,2026-02-05 15:52,삼양홀딩스,유가증권,주주총회소집결의,삼양홀딩스
20260205000668,2026-02-05 15:51,큐렉소,코스닥,주주총회소집결의,큐렉소
20260205000586,2026-02-05 15:45,GMI벤처,코스닥,[정정]주주총회소집결의(임시주주총회),지엠아이벤처
20260205000478,2026-02-05 15:15,HL만도,유가증권,주주총회소집결의,에이치엘만도
20260205000431,2026-02-05 15:08,빅텐츠,코스닥,[정정]주주총회소집결의(임시주주총회),빅토리콘텐츠
20260205000453,2026-02-05 15:05,엘에스일렉트릭,유가증권,주주총회소집결의,엘에스일렉트릭
20260205000307,2026-02-05 14:13,지씨셀,코스닥,주주총회소집결의,지씨셀
20260205000107,2026-02-05 09:49,LS에코에너지,유가증권,주주총회소집결의,엘에스에코에너지
20260204001295,2026-02-04 18:02,오성첨단소재,코스닥,[정정]주주총회소집결의(임시주주총회),오성첨단소재
20260204001176,2026-02-04 17:34,삼양사,유가증권,주주총회소집결의,삼양사
20260204001167,2026-02-04 17:31,워트,코스닥,주주총회소집결의,워트
20260204001082,2026-02-04 17:07,풍산홀딩스,유가증권,주주총회소집결의,풍산홀딩스
20260204001000,2026-02-04 16:47,풍산,유가증권,주주총회소집결의,풍산
20260204000910,2026-02-04 16:32,CSA 코스믹,코스닥,[정정]주주총회소집결의(임시주주총회),씨에스에이코스믹
20260204000617,2026-02-04 15:56,현대사료,코스닥,[정정]주주총회소집결의,현대사료
20260204000725,2026-02-04 15:51,아바텍,코스닥,주주총회소집결의(정기주주총회),아바텍
20260204000487,2026-02-04 14:45,세아제강,유가증권,주주총회소집결의,세아제강
20260204000438,2026-02-04 14:28,케이씨텍,유가증권,주주총회소집결의,케이씨텍
20260204000381,2026-02-04 13:38,삼양엔씨켐,코스닥,주주총회소집결의,삼양엔씨켐
20260204000267,2026-02-04 11:13,디어유,코스닥,주주총회소집결의(정기주주총회),디어유
20260203001199,2026-02-03 19:01,셀레믹스,코스닥,주주총회소집결의(임시주주총회),셀레믹스
20260203001143,2026-02-03 17:53,아하,코넥스,주주총회소집 결의,아하
20260203001107,2026-02-03 17:44,대진첨단소재,코스닥,[정정]주주총회소집결의,대진첨단소재
20260203000795,2026-02-03 17:24,티씨케이,코스닥,주주총회소집결의,티씨케이
20260203001058,2026-02-03 17:12,POSCO홀딩스,유가증권,주주총회소집결의,포스코홀딩스
20260203000878,2026-02-03 16:29,솔트웨어,코스닥,주주총회소집결의,솔트웨어
20260203000886,2026-02-03 16:23,삼양패키징,유가증권,주주총회소집결의,삼양패키징
20260203000815,2026-02-03 16:15,일양약품,유가증권,주주총회소집결의,일양약품
20260203000778,2026-02-03 16:04,미래에셋맵스리츠,유가증권,주주총회소집결의,㈜미래에셋맵스제1호위탁관리부동산투자회사
20260203000769,2026-02-03 15:59,에코아이,코스닥,주주총회소집결의(정기주주총회),에코아이
20260203000385,2026-02-03 11:52,유니드,유가증권,주주총회소집결의,유니드
20260203000251,2026-02-03 09:48,명인제약,유가증권,주주총회소집결의,명인제약
20260202001860,2026-02-02 17:22,에코볼트,코스닥,주주총회소집결의,에코볼트
20260202001677,2026-02-02 17:06,한주라이트메탈,코스닥,주주총회소집결의,한주라이트메탈
20260202001770,2026-02-02 16:51,삼양바이오팜,유가증권,주주총회소집결의,삼양바이오팜
20260202001245,2026-02-02 16:07,하이비젼시스템,코스닥,주주총회소집결의(정기주주총회),하이비젼시스템
20260202001362,2026-02-02 16:05,삼양케이씨아이,코스닥,주주총회소집결의(정기주주총회),삼양케이씨아이
20260202000962,2026-02-02 15:12,지란지교시큐리티,코스닥,주주총회소집결의(정기주주총회),지란지교시큐리티
20260202000910,2026-02-02 14:55,SP삼화,유가증권,주주총회소집결의,에스피삼화
20260202000715,2026-02-02 14:09,아이엠,코스닥,[정정]주주총회소집결의(임시주주총회),아이엠
20260202000324,2026-02-02 10:52,코람코더원리츠,유가증권,주주총회소집결의,코람코더원위탁관리부동산투자회사
20260130001113,2026-01-30 17:05,엑시온그룹,코스닥,[정정]주주총회소집결의(임시주주총회),엑시온그룹
20260130000748,2026-01-30 15:52,농심,유가증권,주주총회소집결의,농심
20260130000394,2026-01-30 13:46,삼성FN리츠,유가증권,주주총회소집결의,삼성에프엔위탁관리부동산투자회사
20260130000316,2026-01-30 12:52,엔에이치스팩30호,코스닥,주주총회소집결의(임시주주총회),엔에이치기업인수목적30호
20260129000832,2026-01-29 16:49,세종메디칼,코스닥,주주총회소집결의(임시주주총회),세종메디칼
20260129000739,2026-01-29 16:09,하이퍼코퍼레이션,코스닥,[정정]주주총회소집결의(임시주주총회),하이퍼코퍼레이션
20260129000626,2026-01-29 15:43,인트론바이오,코스닥,주주총회소집결의,인트론바이오테크놀로지
20260129000567,2026-01-29 15:22,핀텔,코스닥,[정정]주주총회소집결의,핀텔
20260129000139,2026-01-29 09:44,SNT홀딩스,유가증권,주주총회소집결의,SNT홀딩스
20260129000143,2026-01-29 09:36,SNT에너지,유가증권,주주총회소집결의,SNT에너지
20260129000109,2026-01-29 09:19,SNT모티브,유가증권,주주총회소집결의,SNT모티브
20260129000104,2026-01-29 09:18,SNT다이내믹스,유가증권,주주총회소집결의,SNT다이내믹스
20260128000776,2026-01-28 16:51,모바일어플라이언스,코스닥,[정정]주주총회소집결의(임시주주총회),모바일어플라이언스
20260128000525,2026-01-28 15:45,비투엔,코스닥,[정정]주주총회소집결의(임시주주총회),비투엔
20260127000735,2026-01-27 17:20,국도화학,유가증권,주주총회소집결의,국도화학
20260127000725,2026-01-27 17:16,코람코라이프인프라리츠,유가증권,주주총회소집결의,코람코라이프인프라위탁관리부동산투자회사
20260127000405,2026-01-27 15:31,대신밸류리츠,유가증권,주주총회소집결의,대신밸류리츠위탁관리부동산투자회사
20260127000316,2026-01-27 14:49,코스나인,코스닥,[정정]주주총회소집결의(임시주주총회),코스나인
20260127000313,2026-01-27 14:49,코스나인,코스닥,[정정]주주총회소집결의(임시주주총회),코스나인
20260127000280,2026-01-27 13:58,한전기술,유가증권,[정정]주주총회소집결의,한국전력기술
20260126001050,2026-01-26 17:29,KS인더스트리,코스닥,[정정]주주총회소집결의(임시주주총회),케이에스인더스트리
20260126000730,2026-01-26 16:10,인산가,코스닥,[정정]주주총회소집결의(임시주주총회),인산가
20260126000708,2026-01-26 16:02,에코마케팅,코스닥,주주총회소집결의(임시주주총회),에코마케팅
20260126000586,2026-01-26 15:40,엔에이치스팩32호,코스닥,주주총회소집결의,엔에이치기업인수목적32호
20260126000606,2026-01-26 15:34,제닉스로보틱스,코스닥,주주총회소집결의(정기주주총회),제닉스로보틱스
20260126000552,2026-01-26 15:25,엔에이치스팩30호,코스닥,주주총회소집결의,엔에이치기업인수목적30호
20260126000343,2026-01-26 14:00,솔본,코스닥,주주총회소집결의(임시주주총회),솔본
20260123000789,2026-01-23 17:42,엔에이치스팩29호,코스닥,주주총회소집결의,엔에이치기업인수목적29호
20260123000748,2026-01-23 17:32,테라뷰,코스닥,주주총회소집결의(임시주주총회),테라뷰홀딩스
20260123000546,2026-01-23 16:37,이니텍,코스닥,[정정]주주총회소집결의(임시주주총회),이니텍
20260123000505,2026-01-23 16:27,NH프라임리츠,유가증권,주주총회소집결의,엔에이치프라임위탁관리부동산투자회사
20260123000473,2026-01-23 16:02,엔에이치스팩31호,코스닥,주주총회소집결의,엔에이치기업인수목적31호
20260123000411,2026-01-23 15:37,푸드나무,코스닥,[정정]주주총회소집결의,푸드나무
20260123000338,2026-01-23 14:54,헝셩그룹,코스닥,[정정]주주총회소집결의(임시주주총회),헝셩그룹유한회사
20260122000756,2026-01-22 18:00,푸드나무,코스닥,[정정]주주총회소집결의,푸드나무
20260122000688,2026-01-22 17:41,빅텐츠,코스닥,주주총회소집결의(임시주주총회),빅토리콘텐츠
20260122000687,2026-01-22 17:27,크라우드웍스,코스닥,[정정]주주총회소집결의(임시주주총회),크라우드웍스
20260122000439,2026-01-22 16:20,셀루메드,코스닥,주주총회소집결의(임시주주총회),셀루메드
20260122000239,2026-01-22 13:52,한전산업,유가증권,[정정]주주총회소집결의,한전산업개발
20260121000357,2026-01-21 14:39,제이케이시냅스,코스닥,[정정]주주총회소집결의(임시주주총회),제이케이시냅스
20260121000341,2026-01-21 14:24,만호제강,유가증권,[정정]주주총회소집결의,만호제강
20260121000249,2026-01-21 13:19,영보화학,유가증권,주주총회소집결의,영보화학
20260120000626,2026-01-20 16:59,아리바이오홀딩스,코스닥,[정정]주주총회소집결의(임시주주총회),아리바이오홀딩스
20260120000541,2026-01-20 16:51,코맥스,코스닥,[정정]주주총회소집결의(임시주주총회),코맥스
20260120000602,2026-01-20 16:47,에쓰씨엔지니어링,유가증권,[정정]주주총회소집결의,에쓰씨엔지니어링
20260120000477,2026-01-20 16:34,테라사이언스,코스닥,[정정]주주총회소집결의(임시주주총회),테라사이언스
20260120000447,2026-01-20 16:08,더코디,코스닥,주주총회소집결의(임시주주총회),더코디
20260119000577,2026-01-19 15:23,지니틱스,코스닥,[정정]주주총회소집결의(임시주주총회),지니틱스
20260119000504,2026-01-19 14:03,아이엠,코스닥,[정정]주주총회소집결의(임시주주총회),아이엠
20260119000223,2026-01-19 08:54,글로벌텍스프리,코스닥,주주총회소집결의(임시주주총회),글로벌텍스프리
20260116000923,2026-01-16 18:14,케이이엠텍,코스닥,주주총회소집결의,케이이엠텍
20260116000801,2026-01-16 17:04,자이글,코스닥,주주총회소집결의(임시주주총회),자이글
20260116000716,2026-01-16 16:46,파라택시스이더리움,코스닥,[정정]주주총회소집결의,파라택시스이더리움
20260116000606,2026-01-16 16:02,CSA 코스믹,코스닥,[정정]주주총회소집결의(임시주주총회),씨에스에이코스믹
20260115000619,2026-01-15 17:29,아이톡시,코스닥,[정정]주주총회소집결의(임시주주총회),아이톡시
20260115000410,2026-01-15 16:35,퀀텀레일,코스닥,[정정]주주총회소집결의(임시주주총회),퀀텀레일
20260115000406,2026-01-15 16:25,대양금속,유가증권,[정정]주주총회소집결의,대양금속
20260115000373,2026-01-15 16:25,오성첨단소재,코스닥,[정정]주주총회소집결의(임시주주총회),오성첨단소재
20260115000320,2026-01-15 16:04,DH오토웨어,코스닥,주주총회소집결의(임시주주총회),디에이치오토웨어
20260114000295,2026-01-14 16:14,이니텍,코스닥,[정정]주주총회소집결의(임시주주총회),이니텍
20260114000333,2026-01-14 15:57,유틸렉스,코스닥,[정정]주주총회소집결의(임시주주총회),유틸렉스
20260114000131,2026-01-14 11:49,코스나인,코스닥,[정정]주주총회소집결의(임시주주총회),코스나인
20260113000713,2026-01-13 18:42,오아,코스닥,주주총회소집결의(임시주주총회),오아
20260113000552,2026-01-13 17:26,코퍼스코리아,코스닥,[정정]주주총회소집결의(임시주주총회),코퍼스코리아
20260113000549,2026-01-13 17:23,코맥스,코스닥,[정정]주주총회소집결의(임시주주총회),코맥스
20260113000456,2026-01-13 17:18,메디콕스,코스닥,[정정]주주총회소집결의,메디콕스
20260113000406,2026-01-13 16:10,윌비스,유가증권,[정정]주주총회소집결의,윌비스
20260113000333,2026-01-13 15:21,캐리,코스닥,[정정]주주총회소집결의(임시주주총회),캐리
20260113000171,2026-01-13 11:30,모비스,코스닥,[정정]주주총회소집결의,모비스
20260112000646,2026-01-12 18:26,윌비스,유가증권,[정정]주주총회소집결의,윌비스
20260112000597,2026-01-12 17:45,모비스,코스닥,[정정]주주총회소집결의(임시주주총회),모비스
20260112000592,2026-01-12 17:39,인크레더블버즈,코스닥,주주총회소집결의(임시주주총회),인크레더블버즈
20260112000278,2026-01-12 15:23,KS인더스트리,코스닥,[정정]주주총회소집결의(임시주주총회),케이에스인더스트리
20260112000126,2026-01-12 10:15,비츠로시스,코스닥,[정정]주주총회소집결의(임시주주총회),비츠로시스
20260109000611,2026-01-09 17:13,크라우드웍스,코스닥,[정정]주주총회소집결의(임시주주총회),크라우드웍스
20260109000531,2026-01-09 16:30,대호에이엘,유가증권,[정정]주주총회소집결의,대호에이엘
20260109000413,2026-01-09 15:57,대호에이엘,유가증권,주주총회소집결의,대호에이엘
20260109000332,2026-01-09 15:04,아이에이치큐,유가증권,주주총회소집결의,아이에이치큐
20260109000311,2026-01-09 14:53,푸른소나무,코스닥,[정정]주주총회소집결의(임시주주총회),푸른소나무
20260109000278,2026-01-09 14:32,MSDI,코스닥,[정정]주주총회소집결의,엠에스디아이
20260108000691,2026-01-08 17:49,만호제강,유가증권,[정정]주주총회소집결의,만호제강
20260108000250,2026-01-08 14:09,서울보증보험,유가증권,주주총회소집결의,서울보증보험
20260107000697,2026-01-07 17:00,하이퍼코퍼레이션,코스닥,[정정]주주총회소집결의(임시주주총회),하이퍼코퍼레이션
20260107000475,2026-01-07 16:02,다보링크,코스닥,[정정]주주총회소집결의(임시주주총회),다보링크
20260107000492,2026-01-07 15:52,오텍,코스닥,주주총회소집결의(임시주주총회),오텍
20260106000586,2026-01-06 17:09,KH 미래물산,코스닥,주주총회소집결의(임시주주총회),케이에이치미래물산
20260106000560,2026-01-06 17:05,KH 필룩스,유가증권,주주총회소집결의,케이에이치필룩스
20260106000501,2026-01-06 16:48,KH 건설,코스닥,주주총회소집결의(임시주주총회),케이에이치건설
20260106000409,2026-01-06 16:06,한주에이알티,코스닥,[정정]주주총회소집결의(임시주주총회),한주에이알티
20260106000245,2026-01-06 14:40,로지스몬,코넥스,주주총회소집 결의,로지스몬
20260105000729,2026-01-05 17:57,에스아이리소스,코스닥,주주총회소집결의(임시주주총회),에스아이리소스
20260105000566,2026-01-05 16:58,루트K,코스닥,[정정]주주총회소집결의(임시주주총회),루트케이
20260105000320,2026-01-05 15:39,대진첨단소재,코스닥,[정정]주주총회소집결의,대진첨단소재
20260102000754,2026-01-02 17:24,인산가,코스닥,주주총회소집결의(임시주주총회),인산가
