corp_code,corp_name,rcept_no,report_nm,rcept_dt,market
01051092,피씨엘,20260331004617,[기재정정]주주총회소집공고,20260331,kosdaq
01328639,윙입푸드,20260331004272,주주총회소집공고,20260331,kosdaq
00141626,오리엔트바이오,20260331003856,주주총회소집공고,20260331,kospi
01035368,티에프이,20260330001659,[기재정정]주주총회소집공고,20260330,kosdaq
00141404,블루산업개발,20260330001627,[기재정정]주주총회소집공고,20260330,kospi
00426068,엑시온그룹,20260330001556,[기재정정]주주총회소집공고,20260330,kosdaq
00255619,강원랜드,20260330001211,주주총회소집공고,20260330,kospi
01229240,가이아코퍼레이션,20260330000560,[기재정정]주주총회소집공고,20260330,konex
01264872,이노뎁,20260327001750,[기재정정]주주총회소집공고,20260327,kosdaq
00110884,엠젠솔루션,20260327001587,[기재정정]주주총회소집공고,20260327,kosdaq
00418379,자연과환경,20260327001513,[기재정정]주주총회소집공고,20260327,kosdaq
00670766,엠엑스온,20260327001395,[기재정정]주주총회소집공고,20260327,kosdaq
00219361,해성산업,20260327001281,[기재정정]주주총회소집공고,20260327,kosdaq
01658831,오름테라퓨틱,20260326001503,[기재정정]주주총회소집공고,20260326,kosdaq
00620558,루트K,20260326001418,[기재정정]주주총회소집공고,20260326,kosdaq
00347716,중앙첨단소재,20260326001369,[기재정정]주주총회소집공고,20260326,kosdaq
01114586,셀레믹스,20260326001344,[기재정정]주주총회소집공고,20260326,kosdaq
01139497,에스제이켐,20260326000608,[기재정정]주주총회소집공고,20260326,konex
00366438,산일전기,20260326000400,[기재정정]주주총회소집공고,20260326,kospi
00134565,이스타코,20260326000264,[기재정정]주주총회소집공고,20260326,kospi
00577335,대성하이텍,20260325000907,[기재정정]주주총회소집공고,20260325,kosdaq
00152260,카스,20260325000625,[기재정정]주주총회소집공고,20260325,kosdaq
00110583,DH오토웨어,20260325000357,[기재정정]주주총회소집공고,20260325,kosdaq
00684802,에이플러스에셋,20260325000347,[기재정정]주주총회소집공고,20260325,kospi
01627363,세미파이브,20260325000283,[기재정정]주주총회소집공고,20260325,kosdaq
00360036,백금T&A,20260325000217,[기재정정]주주총회소집공고,20260325,kosdaq
00108001,남화토건,20260325000096,[기재정정]주주총회소집공고,20260325,kosdaq
01676642,사피엔반도체,20260324001039,[기재정정]주주총회소집공고,20260325,kosdaq
01529982,씨엠티엑스,20260324000937,[기재정정]주주총회소집공고,20260324,kosdaq
01579020,아이엠지티,20260324000633,[기재정정]주주총회소집공고,20260324,konex
00541437,코렌텍,20260324000596,[기재정정]주주총회소집공고,20260324,kosdaq
00369107,우리바이오,20260324000576,[기재정정]주주총회소집공고,20260324,kosdaq
00977641,하이로닉,20260324000551,[기재정정]주주총회소집공고,20260324,kosdaq
00155692,우리엔터프라이즈,20260324000546,[기재정정]주주총회소집공고,20260324,kosdaq
01020524,자이글,20260324000345,[기재정정]주주총회소집공고,20260324,kosdaq
00815095,우리이앤엘하루틴,20260324000301,[기재정정]주주총회소집공고,20260324,kosdaq
01579020,아이엠지티,20260324000298,[기재정정]주주총회소집공고,20260324,konex
00916826,드림씨아이에스,20260323001696,[기재정정]주주총회소집공고,20260324,kosdaq
01442115,소마젠,20260323001705,[기재정정]주주총회소집공고,20260324,kosdaq
00624749,에스피시스템스,20260323001732,[기재정정]주주총회소집공고,20260324,kosdaq
00994994,나노,20260323001617,[기재정정]주주총회소집공고,20260323,kosdaq
00363769,NICE인프라,20260323001587,[기재정정]주주총회소집공고,20260323,kosdaq
00693554,티케이케미칼,20260323001467,[기재정정]주주총회소집공고,20260323,kosdaq
00135050,팜젠사이언스,20260323001453,[기재정정]주주총회소집공고,20260323,kospi
00531865,유니테크노,20260323001439,[기재정정]주주총회소집공고,20260323,kosdaq
00134723,페이퍼코리아,20260323001421,[기재정정]주주총회소집공고,20260323,kospi
00540641,동양고속,20260323001357,[기재정정]주주총회소집공고,20260323,kospi
00152880,코오롱글로벌,20260323001345,[기재정정]주주총회소집공고,20260323,kospi
00800084,씨엑스아이,20260323001281,주주총회소집공고,20260323,kosdaq
01211889,이지스,20260323001244,[기재정정]주주총회소집공고,20260323,kosdaq
00107613,이수페타시스,20260323001152,[기재정정]주주총회소집공고,20260323,kospi
00118965,티에이치엔,20260323001142,[기재정정]주주총회소집공고,20260323,kospi
00159740,KISCO홀딩스,20260323001141,[기재정정]주주총회소집공고,20260323,kospi
00687711,한국철강,20260323001129,[기재정정]주주총회소집공고,20260323,kospi
00180795,인팩,20260323001126,[기재정정]주주총회소집공고,20260323,kospi
00153339,태경산업,20260323001113,[기재정정]주주총회소집공고,20260323,kospi
00112332,미래에셋생명,20260323001086,[기재정정]주주총회소집공고,20260323,kospi
00108038,엔피씨,20260323001072,[기재정정]주주총회소집공고,20260323,kospi
00148939,조광피혁,20260323001019,[기재정정]주주총회소집공고,20260323,kospi
00158316,NICE,20260323000922,[기재정정]주주총회소집공고,20260323,kospi
00838500,엘브이엠씨,20260323000827,[기재정정]주주총회소집공고,20260323,kospi
00493325,에이엘티,20260323000782,[기재정정]주주총회소집공고,20260323,kosdaq
01046391,싸이토젠,20260323000659,[기재정정]주주총회소집공고,20260323,kosdaq
00112679,대창단조,20260323000597,[기재정정]주주총회소집공고,20260323,kospi
00160418,한국무브넥스,20260323000516,[기재정정]주주총회소집공고,20260323,kospi
01110474,풍전약품,20260323000498,[기재정정]주주총회소집공고,20260323,kosdaq
01386916,SK아이이테크놀로지,20260323000285,[기재정정]주주총회소집공고,20260323,kospi
00124090,한국특강,20260323000263,[기재정정]주주총회소집공고,20260323,kospi
01423837,모아데이타,20260323000116,[기재정정]주주총회소집공고,20260323,kosdaq
00252135,주성엔지니어링,20260323000092,[기재정정]주주총회소집공고,20260323,kosdaq
00449379,도이치모터스,20260323000008,[기재정정]주주총회소집공고,20260323,kosdaq
01080687,아우딘퓨쳐스,20260320001392,[기재정정]주주총회소집공고,20260323,kosdaq
01232192,티디에스팜,20260320001408,[기재정정]주주총회소집공고,20260323,kosdaq
01051092,피씨엘,20260320001368,[기재정정]주주총회소집공고,20260323,kosdaq
00158149,한국쉘석유,20260320001373,[기재정정]주주총회소집공고,20260323,kospi
01058101,라파스,20260320001367,[기재정정]주주총회소집공고,20260320,kosdaq
01080687,아우딘퓨쳐스,20260320001366,[기재정정]주주총회소집공고,20260320,kosdaq
00542898,케이이엠텍,20260320001311,[기재정정]주주총회소집공고,20260320,kosdaq
00112378,KR모터스,20260320001299,[기재정정]주주총회소집공고,20260320,kospi
00172185,남성,20260320001245,[기재정정]주주총회소집공고,20260320,kospi
00492706,씨싸이트,20260320001242,[기재정정]주주총회소집공고,20260320,kosdaq
00327819,선익시스템,20260320001139,[기재정정]주주총회소집공고,20260320,kosdaq
00348034,액토즈소프트,20260320001102,[기재정정]주주총회소집공고,20260320,kosdaq
00763701,헥토파이낸셜,20260320001023,[기재정정]주주총회소집공고,20260320,kosdaq
00601191,하나기술,20260320000967,[기재정정]주주총회소집공고,20260320,kosdaq
00445160,APS이노베이션,20260320000922,[기재정정]주주총회소집공고,20260320,kosdaq
00124780,사조씨푸드,20260320000878,[기재정정]주주총회소집공고,20260320,kospi
01161432,레이저옵텍,20260320000856,[기재정정]주주총회소집공고,20260320,kosdaq
00977641,하이로닉,20260320000753,[기재정정]주주총회소집공고,20260320,kosdaq
01179608,포인트엔지니어링,20260320000677,[기재정정]주주총회소집공고,20260320,kosdaq
00356389,프럼파스트,20260320000674,[기재정정]주주총회소집공고,20260320,kosdaq
00365989,모나용평,20260320000592,[기재정정]주주총회소집공고,20260320,kospi
00160588,한화,20260320000505,[기재정정]주주총회소집공고,20260320,kospi
00624998,제닉,20260320000396,[기재정정]주주총회소집공고,20260320,kosdaq
00158325,NICE평가정보,20260320000244,[기재정정]주주총회소집공고,20260320,kospi
01359736,프로이천,20260320000191,[기재정정]주주총회소집공고,20260320,kosdaq
01760640,교보14호기업인수목적,20260320000014,주주총회소집공고,20260320,etc
00500254,GS,20260319001404,[기재정정]주주총회소집공고,20260320,kospi
00264547,KG이니시스,20260319001390,[기재정정]주주총회소집공고,20260320,kosdaq
00115287,동방,20260319001325,[기재정정]주주총회소집공고,20260319,kospi
00595182,아톤,20260319001323,[기재정정]주주총회소집공고,20260319,kosdaq
00454399,이상네트웍스,20260319001308,[기재정정]주주총회소집공고,20260319,kosdaq
00111111,대양금속,20260319001305,[기재정정]주주총회소집공고,20260319,kospi
00357607,케이피티유,20260319001262,[기재정정]주주총회소집공고,20260319,kosdaq
01436479,토마토시스템,20260319001229,[기재정정]주주총회소집공고,20260319,kosdaq
00823429,한국화장품,20260319001228,[기재정정]주주총회소집공고,20260319,kospi
00964595,엔바이오니아,20260319001182,[기재정정]주주총회소집공고,20260319,kosdaq
00160621,한국화장품제조,20260319001178,[기재정정]주주총회소집공고,20260319,kospi
00111838,대원,20260319001156,[기재정정]주주총회소집공고,20260319,kosdaq
00147082,재영솔루텍,20260319001136,[기재정정]주주총회소집공고,20260319,kosdaq
00527491,하이드로리튬,20260319001134,[기재정정]주주총회소집공고,20260319,kosdaq
01762569,이수스페셜티케미컬,20260319001112,[기재정정]주주총회소집공고,20260319,kospi
00463582,인천유나이티드,20260319001063,[기재정정]주주총회소집공고,20260319,etc
00145552,이수화학,20260319001052,[기재정정]주주총회소집공고,20260319,kospi
00117498,스틱인베스트먼트,20260319001036,[기재정정]주주총회소집공고,20260319,kospi
01159233,솔루엠,20260319001012,[기재정정]주주총회소집공고,20260319,kospi
00408266,유니온바이오메트릭스,20260319000998,[기재정정]주주총회소집공고,20260319,kosdaq
00243757,인포뱅크,20260319000870,[기재정정]주주총회소집공고,20260319,kosdaq
00133858,세방전지,20260319000749,[기재정정]주주총회소집공고,20260319,kospi
00136004,신라에스지,20260319000697,[기재정정]주주총회소집공고,20260319,kosdaq
01194607,비츠로넥스텍,20260319000693,[기재정정]주주총회소집공고,20260319,kosdaq
00265041,삼양케이씨아이,20260319000673,[기재정정]주주총회소집공고,20260319,kosdaq
01540815,스튜디오삼익,20260319000559,[기재정정]주주총회소집공고,20260319,kosdaq
00135962,신라교역,20260319000468,[기재정정]주주총회소집공고,20260319,kospi
01159233,솔루엠,20260319000346,[기재정정]주주총회소집공고,20260319,kospi
00150536,진양제약,20260319000259,[기재정정]주주총회소집공고,20260319,kosdaq
01370863,그린리소스,20260319000249,[기재정정]주주총회소집공고,20260319,kosdaq
00132318,성광벤드,20260319000223,[기재정정]주주총회소집공고,20260319,kosdaq
00641393,엔시트론,20260319000218,[기재정정]주주총회소집공고,20260319,kosdaq
00300548,현대리바트,20260319000207,[기재정정]주주총회소집공고,20260319,kospi
00168331,온타이드,20260319000204,[기재정정]주주총회소집공고,20260319,kospi
00445054,하나마이크론,20260319000033,[기재정정]주주총회소집공고,20260319,kosdaq
00133876,세보엠이씨,20260318001710,[기재정정]주주총회소집공고,20260319,kosdaq
00145446,이건산업,20260318001640,[기재정정]주주총회소집공고,20260319,kospi
00184889,이건홀딩스,20260318001656,[기재정정]주주총회소집공고,20260319,kosdaq
00296324,큐로홀딩스,20260318001691,[기재정정]주주총회소집공고,20260319,kosdaq
00145446,이건산업,20260318001560,[기재정정]주주총회소집공고,20260318,kospi
00132637,동원시스템즈,20260318001556,[기재정정]주주총회소집공고,20260318,kospi
00258102,지엔코,20260318001534,[기재정정]주주총회소집공고,20260318,kosdaq
00349097,케이티스카이라이프,20260318001515,[기재정정]주주총회소집공고,20260318,kospi
00329093,코데즈컴바인,20260318001513,[기재정정]주주총회소집공고,20260318,kosdaq
00113191,코리안리,20260318001492,[기재정정]주주총회소집공고,20260318,kospi
00138057,써니전자,20260318001402,[기재정정]주주총회소집공고,20260318,kospi
01315042,시선AI,20260318001329,[기재정정]주주총회소집공고,20260318,kosdaq
00204262,한컴,20260318001325,[기재정정]주주총회소집공고,20260318,kosdaq
00153755,태양금속공업,20260318001292,[기재정정]주주총회소집공고,20260318,kospi
00247975,솔브레인홀딩스,20260318001259,[기재정정]주주총회소집공고,20260318,kosdaq
00351092,삼보모터스,20260318001188,[기재정정]주주총회소집공고,20260318,kosdaq
00163761,한창제지,20260318001158,[기재정정]주주총회소집공고,20260318,kospi
00118026,동원산업,20260318001141,[기재정정]주주총회소집공고,20260318,kospi
00110884,엠젠솔루션,20260318001138,[기재정정]주주총회소집공고,20260318,kosdaq
00896285,삼양사,20260318001106,[기재정정]주주총회소집공고,20260318,kospi
00126937,삼양홀딩스,20260318001049,[기재정정]주주총회소집공고,20260318,kospi
00641171,인지소프트,20260318001040,[기재정정]주주총회소집공고,20260318,kosdaq
00230814,휴림에이텍,20260318001004,[기재정정]주주총회소집공고,20260318,kosdaq
01686427,에스오에스랩,20260318000979,[기재정정]주주총회소집공고,20260318,kosdaq
00135111,수산세보틱스,20260318000972,[기재정정]주주총회소집공고,20260318,kospi
00142883,우신시스템,20260318000913,[기재정정]주주총회소집공고,20260318,kospi
00117577,오리온홀딩스,20260318000869,[기재정정]주주총회소집공고,20260318,kospi
00453488,다이나믹디자인,20260318000830,[기재정정]주주총회소집공고,20260318,kospi
00103130,MDS스피어,20260318000803,[기재정정]주주총회소집공고,20260318,kospi
00136271,신성이엔지,20260318000772,[기재정정]주주총회소집공고,20260318,kospi
01101041,패션플랫폼,20260318000766,[기재정정]주주총회소집공고,20260318,kosdaq
01259418,대보마그네틱,20260318000737,[기재정정]주주총회소집공고,20260318,kosdaq
01068737,에이치피오,20260318000732,[기재정정]주주총회소집공고,20260318,kosdaq
00123541,보해양조,20260318000726,[기재정정]주주총회소집공고,20260318,kospi
01238169,오리온,20260318000680,[기재정정]주주총회소집공고,20260318,kospi
00359623,우리산업홀딩스,20260318000653,[기재정정]주주총회소집공고,20260318,kosdaq
00346407,크레오에스지,20260318000648,[기재정정]주주총회소집공고,20260318,kosdaq
00366438,산일전기,20260318000618,[기재정정]주주총회소집공고,20260318,kospi
01689035,민테크,20260318000565,[기재정정]주주총회소집공고,20260318,kosdaq
00222532,LG헬로비전,20260318000550,[기재정정]주주총회소집공고,20260318,kospi
00127167,삼영무역,20260318000502,[기재정정]주주총회소집공고,20260318,kospi
01009789,코스맥스,20260318000440,[기재정정]주주총회소집공고,20260318,kospi
01182578,DH오토리드,20260318000438,[기재정정]주주총회소집공고,20260318,kosdaq
01130849,파라택시스이더리움,20260318000379,[기재정정]주주총회소집공고,20260318,kosdaq
01114586,셀레믹스,20260318000373,[기재정정]주주총회소집공고,20260318,kosdaq
00545734,아미코젠,20260318000171,[기재정정]주주총회소집공고,20260318,kosdaq
01029394,에코마케팅,20260318000139,[기재정정]주주총회소집공고,20260318,etc
00561732,아스플로,20260318000030,[기재정정]주주총회소집공고,20260318,kosdaq
01215618,와이엠텍,20260317000877,[기재정정]주주총회소집공고,20260317,kosdaq
00167208,흥아해운,20260317000852,[기재정정]주주총회소집공고,20260317,kospi
00927558,유바이오로직스,20260317000841,[기재정정]주주총회소집공고,20260317,kosdaq
00480048,모다이노칩,20260317000819,[기재정정]주주총회소집공고,20260317,kosdaq
00172079,HLB파나진,20260317000792,[기재정정]주주총회소집공고,20260317,kosdaq
00117708,리드코프,20260317000782,[기재정정]주주총회소집공고,20260317,kosdaq
01141942,액트로,20260317000776,[기재정정]주주총회소집공고,20260317,kosdaq
00243979,수성웹툰,20260317000767,[기재정정]주주총회소집공고,20260317,etc
00579980,아이티엠반도체,20260317000752,[기재정정]주주총회소집공고,20260317,kosdaq
00113535,대한해운,20260317000751,[기재정정]주주총회소집공고,20260317,kospi
01258020,에스바이오메딕스,20260317000711,[기재정정]주주총회소집공고,20260317,kosdaq
00166272,화승코퍼레이션,20260317000708,[기재정정]주주총회소집공고,20260317,kospi
00358271,SFA,20260317000669,[기재정정]주주총회소집공고,20260317,kosdaq
01095704,케이엠제약,20260317000668,[기재정정]주주총회소집공고,20260317,kosdaq
00101220,KG케미칼,20260317000666,[기재정정]주주총회소집공고,20260317,kospi
01114586,셀레믹스,20260317000659,[기재정정]주주총회소집공고,20260317,kosdaq
00152127,심텍홀딩스,20260317000653,[기재정정]주주총회소집공고,20260317,kosdaq
01085187,씨알푸드,20260317000630,[기재정정]주주총회소집공고,20260317,konex
00299002,HL홀딩스,20260317000618,[기재정정]주주총회소집공고,20260317,kospi
00602279,그린플러스,20260317000616,[기재정정]주주총회소집공고,20260317,kosdaq
01453944,벡트,20260317000584,[기재정정]주주총회소집공고,20260317,kosdaq
01278769,모빌토크,20260317000576,주주총회소집공고,20260317,etc
00148470,제일일렉트릭,20260317000571,[기재정정]주주총회소집공고,20260317,kosdaq
00172936,동일산업,20260317000551,[기재정정]주주총회소집공고,20260317,kospi
01368637,성원에너텍,20260317000547,[기재정정]주주총회소집공고,20260317,kosdaq
00155948,로젠,20260317000539,[기재정정]주주총회소집공고,20260317,kosdaq
00128227,삼정펄프,20260317000535,[기재정정]주주총회소집공고,20260317,kospi
00961507,케일럼,20260317000501,[기재정정]주주총회소집공고,20260317,kosdaq
00198697,일진디스플,20260317000498,[기재정정]주주총회소집공고,20260317,kospi
01325429,지아이에스,20260317000496,[기재정정]주주총회소집공고,20260317,kosdaq
00106119,금양,20260317000468,[기재정정]주주총회소집공고,20260317,kospi
00120182,NH투자증권,20260317000467,[기재정정]주주총회소집공고,20260317,kospi
00111689,아진전자부품,20260317000465,[기재정정]주주총회소집공고,20260317,kospi
01274310,이오플로우,20260317000456,[기재정정]주주총회소집공고,20260317,kosdaq
00318662,CNT85,20260317000455,[기재정정]주주총회소집공고,20260317,kosdaq
00129554,갤럭시아에스엠,20260317000418,[기재정정]주주총회소집공고,20260317,kospi
01549472,대진첨단소재,20260317000405,[기재정정]주주총회소집공고,20260317,kosdaq
01158553,켄코아에어로스페이스,20260317000399,[기재정정]주주총회소집공고,20260317,kosdaq
00125822,삼보산업,20260317000370,[기재정정]주주총회소집공고,20260317,kosdaq
00156354,지엠비코리아,20260317000352,[기재정정]주주총회소집공고,20260317,kospi
00569646,영우디에스피,20260317000351,[기재정정]주주총회소집공고,20260317,kosdaq
00485177,일진파워,20260317000340,[기재정정]주주총회소집공고,20260317,kosdaq
00125822,삼보산업,20260317000320,[기재정정]주주총회소집공고,20260317,kosdaq
00666204,제너셈,20260317000300,[기재정정]주주총회소집공고,20260317,kosdaq
00813389,베셀,20260317000266,[기재정정]주주총회소집공고,20260317,kosdaq
00152260,카스,20260317000181,[기재정정]주주총회소집공고,20260317,kosdaq
01089350,켐트로스,20260317000178,[기재정정]주주총회소집공고,20260317,kosdaq
00327396,옵트론텍,20260317000151,[기재정정]주주총회소집공고,20260317,kosdaq
00265421,인지디스플레,20260317000139,[기재정정]주주총회소집공고,20260317,kosdaq
01029394,에코마케팅,20260317000130,[기재정정]주주총회소집공고,20260317,etc
00127857,삼익악기,20260317000108,[기재정정]주주총회소집공고,20260317,kospi
01649204,달바글로벌,20260317000103,[기재정정]주주총회소집공고,20260317,kospi
00428729,대호에이엘,20260317000032,[기재정정]주주총회소집공고,20260317,kospi
00523307,다원시스,20260317000013,주주총회소집공고,20260317,kosdaq
00641393,엔시트론,20260317000010,주주총회소집공고,20260317,kosdaq
00317681,메타바이오메드,20260317000006,주주총회소집공고,20260317,kosdaq
00813389,베셀,20260317000005,주주총회소집공고,20260317,kosdaq
00310156,셀루메드,20260317000001,주주총회소집공고,20260317,kosdaq
00108746,DKME,20260316001678,주주총회소집공고,20260317,kospi
01061497,FSN,20260316001693,주주총회소집공고,20260317,kosdaq
00783246,글로벌에스엠,20260316001620,주주총회소집공고,20260317,kosdaq
00159731,글로본,20260316001621,주주총회소집공고,20260317,kosdaq
00416414,넥스턴앤롤코리아,20260316001599,주주총회소집공고,20260317,kosdaq
01210066,리파인,20260316001612,주주총회소집공고,20260317,kosdaq
01435489,범한퓨얼셀,20260316001674,주주총회소집공고,20260317,kosdaq
00103644,비츠로테크,20260316001640,주주총회소집공고,20260317,kosdaq
01159233,솔루엠,20260316001650,주주총회소집공고,20260317,kospi
01080687,아우딘퓨쳐스,20260316001666,주주총회소집공고,20260317,kosdaq
01649620,아우토크립트,20260316001675,주주총회소집공고,20260317,kosdaq
01326279,아이엘,20260316001692,주주총회소집공고,20260317,kosdaq
00348034,액토즈소프트,20260316001683,주주총회소집공고,20260317,kosdaq
01029394,에코마케팅,20260316001677,주주총회소집공고,20260317,etc
00925295,에프엔씨엔터,20260316001615,[기재정정]주주총회소집공고,20260317,kosdaq
00146436,엔브이에이치코리아,20260316001684,주주총회소집공고,20260317,kosdaq
01217795,엠에프씨,20260316001662,주주총회소집공고,20260317,kosdaq
00137289,이엘씨,20260316001606,[기재정정]주주총회소집공고,20260317,kosdaq
01480568,이지바이오,20260316001651,주주총회소집공고,20260317,kosdaq
01516456,인벤티지랩,20260316001661,주주총회소집공고,20260317,kosdaq
00265421,인지디스플레,20260316001696,주주총회소집공고,20260317,kosdaq
01020524,자이글,20260316001691,[기재정정]주주총회소집공고,20260317,kosdaq
00363510,제이케이시냅스,20260316001652,주주총회소집공고,20260317,kosdaq
00528791,제일엠앤에스,20260316001637,주주총회소집공고,20260317,kosdaq
01263527,카이노스메드,20260316001610,주주총회소집공고,20260317,kosdaq
00542898,케이이엠텍,20260316001687,주주총회소집공고,20260317,kosdaq
01227039,파라택시스코리아,20260316001616,주주총회소집공고,20260317,kosdaq
00192499,팜스토리,20260316001653,주주총회소집공고,20260317,kosdaq
00391197,하이퍼코퍼레이션,20260316001607,주주총회소집공고,20260317,kosdaq
00525679,차바이오텍,20260316001604,주주총회소집공고,20260316,kosdaq
01011526,엔켐,20260316001598,주주총회소집공고,20260316,kosdaq
01105621,엔투텍,20260316001597,주주총회소집공고,20260316,kosdaq
00173591,세원물산,20260316001595,주주총회소집공고,20260316,kosdaq
00411808,제이오,20260316001593,주주총회소집공고,20260316,kosdaq
01467336,창대정밀,20260316001592,주주총회소집공고,20260316,etc
00915508,알엔투테크놀로지,20260316001589,주주총회소집공고,20260316,kosdaq
01549472,대진첨단소재,20260316001587,주주총회소집공고,20260316,kosdaq
01259418,대보마그네틱,20260316001585,주주총회소집공고,20260316,kosdaq
01226234,와이바이오로직스,20260316001584,주주총회소집공고,20260316,kosdaq
01489648,솔브레인,20260316001581,[기재정정]주주총회소집공고,20260316,kosdaq
00402110,시큐브,20260316001578,주주총회소집공고,20260316,kosdaq
01036367,아크솔루션스,20260316001576,주주총회소집공고,20260316,etc
00418379,자연과환경,20260316001571,주주총회소집공고,20260316,kosdaq
00148531,제이스코홀딩스,20260316001569,주주총회소집공고,20260316,kosdaq
01020524,자이글,20260316001566,주주총회소집공고,20260316,kosdaq
01379563,에스팀,20260316001565,주주총회소집공고,20260316,kosdaq
00232089,바이온,20260316001564,주주총회소집공고,20260316,etc
00125576,체시스,20260316001557,[기재정정]주주총회소집공고,20260316,kospi
01267967,마이크로디지탈,20260316001556,주주총회소집공고,20260316,kosdaq
01027794,브이원텍,20260316001554,주주총회소집공고,20260316,kosdaq
01538528,에이에스텍,20260316001553,주주총회소집공고,20260316,kosdaq
00661847,화인베스틸,20260316001552,[기재정정]주주총회소집공고,20260316,kospi
00259545,엠에스오토텍,20260316001546,주주총회소집공고,20260316,kosdaq
01228515,앱튼,20260316001541,주주총회소집공고,20260316,kosdaq
01063237,플럼라인생명과학,20260316001539,주주총회소집공고,20260316,konex
00870481,에코캡,20260316001537,주주총회소집공고,20260316,kosdaq
00239514,삼진엘앤디,20260316001536,주주총회소집공고,20260316,kosdaq
00276083,피노,20260316001534,주주총회소집공고,20260316,kosdaq
00201131,아즈텍WB,20260316001532,주주총회소집공고,20260316,kosdaq
01299106,우듬지팜,20260316001531,주주총회소집공고,20260316,kosdaq
00838005,서진시스템,20260316001527,주주총회소집공고,20260316,kosdaq
01288410,셀바이오휴먼텍,20260316001524,[기재정정]주주총회소집공고,20260316,kosdaq
00269852,폴라리스오피스,20260316001521,주주총회소집공고,20260316,kosdaq
00475976,인콘,20260316001519,주주총회소집공고,20260316,kosdaq
01364297,코퍼스코리아,20260316001518,주주총회소집공고,20260316,kosdaq
00365934,코세스,20260316001517,주주총회소집공고,20260316,kosdaq
00119140,핸즈코퍼레이션,20260316001516,주주총회소집공고,20260316,kospi
01194607,비츠로넥스텍,20260316001514,주주총회소집공고,20260316,kosdaq
00255105,케이바이오랩스,20260316001511,주주총회소집공고,20260316,kosdaq
00130772,SBS,20260316001502,[기재정정]주주총회소집공고,20260316,kospi
00656021,비에프랩스,20260316001501,주주총회소집공고,20260316,etc
01429220,피아이이,20260316001497,주주총회소집공고,20260316,kosdaq
00620558,루트K,20260316001495,주주총회소집공고,20260316,kosdaq
01158553,켄코아에어로스페이스,20260316001494,주주총회소집공고,20260316,kosdaq
00288343,삼영이엔씨,20260316001493,주주총회소집공고,20260316,kosdaq
00242378,이지홀딩스,20260316001492,주주총회소집공고,20260316,kosdaq
01649204,달바글로벌,20260316001489,주주총회소집공고,20260316,kospi
00390860,대산F&B,20260316001478,주주총회소집공고,20260316,kosdaq
00863038,캐리,20260316001473,주주총회소집공고,20260316,kosdaq
00180865,디에이치엑스컴퍼니,20260316001472,주주총회소집공고,20260316,kosdaq
01293953,싸이버원,20260316001471,주주총회소집공고,20260316,kosdaq
00428729,대호에이엘,20260316001468,주주총회소집공고,20260316,kospi
01532603,화승알앤에이,20260316001462,주주총회소집공고,20260316,kospi
00105271,케이씨씨,20260316001461,[기재정정]주주총회소집공고,20260316,kospi
01251595,압타바이오,20260316001456,주주총회소집공고,20260316,kosdaq
01114586,셀레믹스,20260316001448,주주총회소집공고,20260316,kosdaq
00363769,NICE인프라,20260316001444,[기재정정]주주총회소집공고,20260316,kosdaq
00545734,아미코젠,20260316001443,[기재정정]주주총회소집공고,20260316,kosdaq
00152385,에이프로젠,20260316001441,주주총회소집공고,20260316,kospi
00156488,휴스틸,20260316001436,주주총회소집공고,20260316,kospi
01344363,다원넥스뷰,20260316001435,주주총회소집공고,20260316,kosdaq
00642541,제이에스링크,20260316001433,주주총회소집공고,20260316,kosdaq
00228059,휴온스글로벌,20260316001425,주주총회소집공고,20260316,kosdaq
01142075,핑거,20260316001422,주주총회소집공고,20260316,kosdaq
00530413,더코디,20260316001421,[기재정정]주주총회소집공고,20260316,kosdaq
01164758,쎄니팡,20260316001418,[기재정정]주주총회소집공고,20260316,etc
01181807,형지글로벌,20260316001411,주주총회소집공고,20260316,kosdaq
00297448,플래스크,20260316001401,주주총회소집공고,20260316,kosdaq
00578538,티피씨글로벌,20260316001400,[기재정정]주주총회소집공고,20260316,kosdaq
00624749,에스피시스템스,20260316001398,주주총회소집공고,20260316,kosdaq
01136001,나노실리칸첨단소재,20260316001396,[기재정정]주주총회소집공고,20260316,kosdaq
01391103,젝시믹스,20260316001391,주주총회소집공고,20260316,kosdaq
00143527,경동인베스트,20260316001390,[기재정정]주주총회소집공고,20260316,kospi
00125822,삼보산업,20260316001387,주주총회소집공고,20260316,kosdaq
01250374,에스에스알,20260316001388,[기재정정]주주총회소집공고,20260316,kosdaq
00141404,블루산업개발,20260316001385,[기재정정]주주총회소집공고,20260316,kospi
01065013,콜마바이오텍,20260316001384,주주총회소집공고,20260316,kosdaq
00175623,ES큐브,20260316001382,주주총회소집공고,20260316,kosdaq
00808068,앤로보틱스,20260316001378,주주총회소집공고,20260316,kosdaq
00426068,엑시온그룹,20260316001372,주주총회소집공고,20260316,kosdaq
00978075,머니무브,20260316001369,주주총회소집공고,20260316,konex
01182259,알피바이오,20260316001366,주주총회소집공고,20260316,kosdaq
00301246,SFA반도체,20260316001363,주주총회소집공고,20260316,kosdaq
00158963,유나이티드,20260316001356,[기재정정]주주총회소집공고,20260316,kospi
01084364,다산디엠씨,20260316001352,주주총회소집공고,20260316,kosdaq
00545734,아미코젠,20260316001350,주주총회소집공고,20260316,kosdaq
01416642,다보링크,20260316001347,주주총회소집공고,20260316,kosdaq
01073678,얼라인드,20260316001346,주주총회소집공고,20260316,kosdaq
00440712,리튬포어스,20260316001342,[기재정정]주주총회소집공고,20260316,kosdaq
00326731,바이오니아,20260316001340,[기재정정]주주총회소집공고,20260316,kosdaq
00666329,코나솔,20260316001336,주주총회소집공고,20260316,konex
01290248,스코넥,20260316001333,주주총회소집공고,20260316,kosdaq
00308896,셀피글로벌,20260316001328,주주총회소집공고,20260316,kosdaq
01575361,세븐브로이맥주,20260316001323,주주총회소집공고,20260316,konex
01118281,피플바이오,20260316001318,주주총회소집공고,20260316,kosdaq
01396676,일승,20260316001317,주주총회소집공고,20260316,kosdaq
01357765,큐라티스,20260316001315,주주총회소집공고,20260316,kosdaq
01095704,케이엠제약,20260316001314,주주총회소집공고,20260316,kosdaq
00160843,DB하이텍,20260316001312,[기재정정]주주총회소집공고,20260316,kospi
00833064,엠플러스,20260316001311,[기재정정]주주총회소집공고,20260316,kosdaq
00134723,페이퍼코리아,20260316001305,주주총회소집공고,20260316,kospi
00533191,비보존 제약,20260316001302,주주총회소집공고,20260316,kosdaq
00258360,위지트,20260316001298,주주총회소집공고,20260316,kosdaq
00249502,골드앤에스,20260316001294,주주총회소집공고,20260316,kosdaq
00599106,네오리진,20260316001293,주주총회소집공고,20260316,kosdaq
00370200,아이로보틱스,20260316001291,주주총회소집공고,20260316,kosdaq
00153339,태경산업,20260316001290,주주총회소집공고,20260316,kospi
00220109,알파AI,20260316001288,주주총회소집공고,20260316,kosdaq
00158316,NICE,20260316001286,주주총회소집공고,20260316,kospi
01022902,애드바이오텍,20260316001284,주주총회소집공고,20260316,kosdaq
00542074,LSK아이로봇,20260316001283,주주총회소집공고,20260316,kosdaq
01353024,TS트릴리온,20260316001282,주주총회소집공고,20260316,kosdaq
01506990,옵티코어,20260316001280,주주총회소집공고,20260316,kosdaq
00230036,드래곤플라이,20260316001274,주주총회소집공고,20260316,kosdaq
00108241,농심,20260316001271,[기재정정]주주총회소집공고,20260316,kospi
00101220,KG케미칼,20260316001268,주주총회소집공고,20260316,kospi
00117726,DYP,20260316001260,주주총회소집공고,20260316,kospi
00349811,오션인더블유,20260316001259,주주총회소집공고,20260316,kosdaq
01718407,블랙야크아이앤씨,20260316001258,주주총회소집공고,20260316,kosdaq
00393469,메티스,20260316001257,주주총회소집공고,20260316,etc
00447575,제이앤티씨,20260316001255,주주총회소집공고,20260316,kosdaq
00173449,빌리언스,20260316001247,주주총회소집공고,20260316,kosdaq
00249441,씨씨에스,20260316001244,주주총회소집공고,20260316,kosdaq
00129013,CJ씨푸드,20260316001232,주주총회소집공고,20260316,kospi
01494118,노을,20260316001227,주주총회소집공고,20260316,kosdaq
01089378,디와이디,20260316001225,주주총회소집공고,20260316,kosdaq
00123143,보령,20260316001222,주주총회소집공고,20260316,kospi
00152862,코오롱,20260316001220,주주총회소집공고,20260316,kospi
00989619,알테오젠,20260316001218,주주총회소집공고,20260316,kosdaq
00406037,CSA 코스믹,20260316001202,주주총회소집공고,20260316,kosdaq
00148470,제일일렉트릭,20260316001200,주주총회소집공고,20260316,kosdaq
01196313,유에스티,20260316001194,주주총회소집공고,20260316,kosdaq
00161426,한미사이언스,20260316001193,주주총회소집공고,20260316,kospi
00163345,DB,20260316001185,주주총회소집공고,20260316,kospi
00159209,한전기술,20260316001183,주주총회소집공고,20260316,kospi
00138297,STX,20260316001180,주주총회소집공고,20260316,kospi
00305941,노브랜드,20260316001179,주주총회소집공고,20260316,kosdaq
00762377,씨앗,20260316001176,주주총회소집공고,20260316,konex
00519252,THE E&M,20260316001168,주주총회소집공고,20260316,kosdaq
00107224,남선알미늄,20260316001166,주주총회소집공고,20260316,kospi
01159853,휴온스,20260316001163,주주총회소집공고,20260316,kosdaq
01110182,SCL사이언스,20260316001162,주주총회소집공고,20260316,kosdaq
00587925,모아라이프플러스,20260316001156,주주총회소집공고,20260316,kosdaq
00828497,한미약품,20260316001152,주주총회소집공고,20260316,kospi
00609324,뷰웍스,20260316001150,주주총회소집공고,20260316,kosdaq
00526696,웨이브일렉트로,20260316001147,주주총회소집공고,20260316,kosdaq
00159971,KC그린홀딩스,20260316001145,주주총회소집공고,20260316,kospi
00587457,갤럭시아머니트리,20260316001144,주주총회소집공고,20260316,kosdaq
00122898,벽산,20260316001139,주주총회소집공고,20260316,kospi
00605328,씨앤지하이테크,20260316001136,주주총회소집공고,20260316,kosdaq
00796994,조선선재,20260316001134,주주총회소집공고,20260316,kospi
00483735,해성옵틱스,20260316001126,주주총회소집공고,20260316,kosdaq
00243757,인포뱅크,20260316001123,[기재정정]주주총회소집공고,20260316,kosdaq
00124090,한국특강,20260316001122,주주총회소집공고,20260316,kospi
00365624,아이윈,20260316001110,주주총회소집공고,20260316,kosdaq
00522007,크리스에프앤씨,20260316001107,주주총회소집공고,20260316,kosdaq
01359815,한울반도체,20260316001103,주주총회소집공고,20260316,kosdaq
00264671,세중,20260316001102,주주총회소집공고,20260316,kosdaq
01090471,SFA넥셀,20260316001101,주주총회소집공고,20260316,kosdaq
01217865,프롬바이오,20260316001099,주주총회소집공고,20260316,kosdaq
00469799,이엔플러스,20260316001098,주주총회소집공고,20260316,kospi
00530121,디에스케이,20260316001095,주주총회소집공고,20260316,kosdaq
00104999,윌비스,20260316001094,주주총회소집공고,20260316,kospi
01014055,에스트래픽,20260316001092,[기재정정]주주총회소집공고,20260316,kosdaq
00246417,이오테크닉스,20260316001091,주주총회소집공고,20260316,kosdaq
00814582,탑런토탈솔루션,20260316001085,[기재정정]주주총회소집공고,20260316,kosdaq
01158632,진코스텍,20260316001084,주주총회소집공고,20260316,konex
00149026,CS홀딩스,20260316001082,주주총회소집공고,20260316,kospi
01042979,휴마시스,20260316001079,주주총회소집공고,20260316,kosdaq
00186452,광무,20260316001073,주주총회소집공고,20260316,kosdaq
01374717,미트박스,20260316001069,주주총회소집공고,20260316,kosdaq
00216434,체리부로,20260316001068,주주총회소집공고,20260316,kosdaq
01035368,티에프이,20260316001067,주주총회소집공고,20260316,kosdaq
00916826,드림씨아이에스,20260316001063,주주총회소집공고,20260316,kosdaq
00110583,DH오토웨어,20260316001060,주주총회소집공고,20260316,kosdaq
01872459,본시스템즈,20260316001058,[기재정정]주주총회소집공고,20260316,konex
01299203,그리드위즈,20260316001057,주주총회소집공고,20260316,kosdaq
01021666,덕산테코피아,20260316001055,주주총회소집공고,20260316,kosdaq
00104786,미래아이앤지,20260316001052,주주총회소집공고,20260316,kospi
01559637,블루엠텍,20260316001051,주주총회소집공고,20260316,kosdaq
00141671,오리콤,20260316001049,주주총회소집공고,20260316,kosdaq
00190321,케이티,20260316001040,[기재정정]주주총회소집공고,20260316,kospi
00766106,엣지파운드리,20260316001037,주주총회소집공고,20260316,kosdaq
01046203,로아앤코홀딩스,20260316001031,주주총회소집공고,20260316,etc
00571298,덕우전자,20260316001027,주주총회소집공고,20260316,kosdaq
01135640,이삭엔지니어링,20260316001025,주주총회소집공고,20260316,kosdaq
00103510,인지컨트롤스,20260316001021,주주총회소집공고,20260316,kospi
00107677,비비안,20260316001019,주주총회소집공고,20260316,kospi
00480455,STX엔진,20260316001015,주주총회소집공고,20260316,kospi
01368637,성원에너텍,20260316001008,주주총회소집공고,20260316,kosdaq
01051092,피씨엘,20260316001006,주주총회소집공고,20260316,kosdaq
00693554,티케이케미칼,20260316001005,주주총회소집공고,20260316,kosdaq
00125576,체시스,20260316001004,주주총회소집공고,20260316,kospi
00117212,두산,20260316001003,주주총회소집공고,20260316,kospi
01035289,제이케이리버스톤자기관리부동산투자회사,20260316001001,주주총회소집공고,20260316,etc
00624518,다산솔루에타,20260316001000,주주총회소집공고,20260316,kosdaq
00172228,엔케이,20260316000995,주주총회소집공고,20260316,kospi
00109806,삼일씨엔에스,20260316000991,주주총회소집공고,20260316,kospi
00602172,와이엠티,20260316000988,주주총회소집공고,20260316,kosdaq
00230425,나노엔텍,20260316000984,주주총회소집공고,20260316,kosdaq
00409140,이원컴포텍,20260316000981,주주총회소집공고,20260316,kosdaq
00872656,금양그린파워,20260316000968,주주총회소집공고,20260316,kosdaq
01068737,에이치피오,20260316000967,주주총회소집공고,20260316,kosdaq
00976615,틸론,20260316000958,주주총회소집공고,20260316,konex
00660033,씨엔플러스,20260316000957,주주총회소집공고,20260316,kosdaq
01136977,마녀공장,20260316000956,주주총회소집공고,20260316,kosdaq
00153375,태광,20260316000952,[기재정정]주주총회소집공고,20260316,kosdaq
00118965,티에이치엔,20260316000951,주주총회소집공고,20260316,kospi
01596920,알지노믹스,20260316000950,주주총회소집공고,20260316,kosdaq
01415892,제이알글로벌리츠,20260316000949,주주총회소집공고,20260316,kospi
00110893,대신증권,20260316000946,[기재정정]주주총회소집공고,20260316,kospi
00125965,케이에이치미래물산,20260316000942,주주총회소집공고,20260316,etc
00415628,세진중공업,20260316000936,주주총회소집공고,20260316,kospi
00138367,플레이위드,20260316000935,[기재정정]주주총회소집공고,20260316,kosdaq
01533310,엔지더블유,20260316000934,주주총회소집공고,20260316,etc
00454399,이상네트웍스,20260316000933,주주총회소집공고,20260316,kosdaq
01385005,리브스메드,20260316000927,주주총회소집공고,20260316,kosdaq
00126089,DH오토넥스,20260316000925,[기재정정]주주총회소집공고,20260316,kospi
01693922,지슨,20260316000922,[기재정정]주주총회소집공고,20260316,kosdaq
01440153,넥사다이내믹스,20260316000920,주주총회소집공고,20260316,kosdaq
00100601,강원에너지,20260316000917,주주총회소집공고,20260316,kosdaq
01596656,메쎄이상,20260316000915,주주총회소집공고,20260316,kosdaq
00560122,한울소재과학,20260316000911,주주총회소집공고,20260316,kosdaq
01335578,애니플러스,20260316000909,주주총회소집공고,20260316,kosdaq
00665676,아시아경제,20260316000904,주주총회소집공고,20260316,kosdaq
01303029,알비더블유,20260316000903,주주총회소집공고,20260316,kosdaq
00567222,우림피티에스,20260316000899,주주총회소집공고,20260316,kosdaq
00199252,HLB,20260316000897,주주총회소집공고,20260316,kosdaq
00945457,아이진,20260316000895,주주총회소집공고,20260316,kosdaq
00602279,그린플러스,20260316000894,주주총회소집공고,20260316,kosdaq
01423837,모아데이타,20260316000893,주주총회소집공고,20260316,kosdaq
01373709,아이씨티케이,20260316000890,[기재정정]주주총회소집공고,20260316,kosdaq
00164618,현대사료,20260316000886,주주총회소집공고,20260316,kosdaq
00577380,신진에스엠,20260316000885,주주총회소집공고,20260316,kosdaq
01182578,DH오토리드,20260316000880,주주총회소집공고,20260316,kosdaq
00858124,알에스오토메이션,20260316000871,[기재정정]주주총회소집공고,20260316,kosdaq
00132211,SUN&L,20260316000869,주주총회소집공고,20260316,kospi
00888347,휴젤,20260316000868,주주총회소집공고,20260316,kosdaq
01042711,글로벌텍스프리,20260316000867,주주총회소집공고,20260316,kosdaq
00405959,스타플렉스,20260316000866,주주총회소집공고,20260316,kosdaq
00148364,하림지주,20260316000863,[기재정정]주주총회소집공고,20260316,kosdaq
00577335,대성하이텍,20260316000859,주주총회소집공고,20260316,kosdaq
01259311,푸드나무,20260316000850,주주총회소집공고,20260316,kosdaq
00155124,평화홀딩스,20260316000840,[기재정정]주주총회소집공고,20260316,kospi
00356839,메디콕스,20260316000838,[기재정정]주주총회소집공고,20260316,kosdaq
01274310,이오플로우,20260316000835,[기재정정]주주총회소집공고,20260316,kosdaq
00886792,루켄테크놀러지스,20260316000833,주주총회소집공고,20260316,konex
00112970,대한방직,20260316000831,[기재정정]주주총회소집공고,20260316,kospi
00442826,대봉엘에스,20260316000830,주주총회소집공고,20260316,kosdaq
00219361,해성산업,20260316000822,주주총회소집공고,20260316,kosdaq
00111193,대양전기공업,20260316000821,주주총회소집공고,20260316,kosdaq
00661157,인트로메딕,20260316000818,[기재정정]주주총회소집공고,20260316,etc
00198697,일진디스플,20260316000814,주주총회소집공고,20260316,kospi
00977650,엔케이젠바이오텍코리아,20260316000812,주주총회소집공고,20260316,kosdaq
00533924,이브이첨단소재,20260316000811,주주총회소집공고,20260316,kosdaq
00103662,광명전기,20260316000810,주주총회소집공고,20260316,kospi
00302236,태양3C,20260316000807,주주총회소집공고,20260316,konex
01207169,엑심베이,20260316000804,주주총회소집공고,20260316,etc
00616290,이엠넷,20260316000802,주주총회소집공고,20260316,kosdaq
01393721,포커스에이아이,20260316000801,주주총회소집공고,20260316,kosdaq
00220613,넥스틸,20260316000799,주주총회소집공고,20260316,kospi
00114686,동구바이오제약,20260316000797,주주총회소집공고,20260316,kosdaq
00125646,삼목에스폼,20260316000796,주주총회소집공고,20260316,kosdaq
00453284,교촌에프앤비,20260316000790,주주총회소집공고,20260316,kospi
00148364,하림지주,20260316000788,주주총회소집공고,20260316,kosdaq
01551042,애드포러스,20260316000783,주주총회소집공고,20260316,kosdaq
00641171,인지소프트,20260316000779,주주총회소집공고,20260316,kosdaq
01366000,태성,20260316000775,주주총회소집공고,20260316,kosdaq
01565054,그래피,20260316000769,주주총회소집공고,20260316,kosdaq
01782183,카나프테라퓨틱스,20260316000768,주주총회소집공고,20260316,kosdaq
01064069,토박스코리아,20260316000766,주주총회소집공고,20260316,kosdaq
01166109,예선테크,20260316000764,주주총회소집공고,20260316,kosdaq
00172945,동일스틸럭스,20260316000758,주주총회소집공고,20260316,kosdaq
00417167,풍원정밀,20260316000757,주주총회소집공고,20260316,kosdaq
01049422,썸에이지,20260316000754,주주총회소집공고,20260316,kosdaq
00384717,비엘팜텍,20260316000753,주주총회소집공고,20260316,kosdaq
01065785,노브메타파마,20260316000752,주주총회소집공고,20260316,konex
00210740,대화제약,20260316000740,주주총회소집공고,20260316,kosdaq
00109514,티웨이홀딩스,20260316000738,주주총회소집공고,20260316,kospi
00118451,동일제강,20260316000735,주주총회소집공고,20260316,kospi
00159218,한전KPS,20260316000734,주주총회소집공고,20260316,kospi
00173999,유성티엔에스,20260316000732,주주총회소집공고,20260316,kosdaq
01335453,조이웍스앤코,20260316000730,주주총회소집공고,20260316,kosdaq
00485177,일진파워,20260316000728,주주총회소집공고,20260316,kosdaq
00108977,대구백화점,20260316000726,주주총회소집공고,20260316,kospi
00347716,중앙첨단소재,20260316000725,주주총회소집공고,20260316,kosdaq
00526678,동방선기,20260316000724,주주총회소집공고,20260316,kosdaq
01185867,퓨쳐메디신,20260316000723,주주총회소집공고,20260316,konex
00556907,에이스테크,20260316000721,주주총회소집공고,20260316,kosdaq
00166272,화승코퍼레이션,20260316000714,주주총회소집공고,20260316,kospi
01137860,위너스일렉,20260316000713,주주총회소집공고,20260316,kosdaq
00965318,이노시뮬레이션,20260316000712,주주총회소집공고,20260316,kosdaq
01579020,아이엠지티,20260316000709,주주총회소집공고,20260316,konex
00152260,카스,20260316000705,주주총회소집공고,20260316,kosdaq
01475609,디앤디플랫폼리츠,20260316000697,주주총회소집공고,20260316,kospi
01215618,와이엠텍,20260316000692,주주총회소집공고,20260316,kosdaq
01367586,제이아이테크,20260316000684,주주총회소집공고,20260316,kosdaq
00916516,흥국에프엔비,20260316000683,주주총회소집공고,20260316,kosdaq
01049167,롤링스톤,20260316000679,주주총회소집공고,20260316,kosdaq
01139035,티에스아이,20260316000676,[기재정정]주주총회소집공고,20260316,kosdaq
00106119,금양,20260316000673,주주총회소집공고,20260316,kospi
00257732,한국정밀기계,20260316000672,주주총회소집공고,20260316,kosdaq
00536888,케이알엠,20260316000670,주주총회소집공고,20260316,kosdaq
01459212,원준,20260316000668,주주총회소집공고,20260316,kosdaq
01274310,이오플로우,20260316000666,주주총회소집공고,20260316,kosdaq
00118521,진원생명과학,20260316000664,주주총회소집공고,20260316,kospi
01110678,유틸렉스,20260316000662,주주총회소집공고,20260316,kosdaq
00104810,소노스퀘어,20260316000656,주주총회소집공고,20260316,kosdaq
01112889,피엔에이치테크,20260316000650,주주총회소집공고,20260316,kosdaq
00261285,한국가스공사,20260316000637,주주총회소집공고,20260316,kospi
01512575,코어라인소프트,20260316000636,[기재정정]주주총회소집공고,20260316,kosdaq
01810477,노타,20260316000622,주주총회소집공고,20260316,kosdaq
00341314,엔더블유시,20260316000619,주주총회소집공고,20260316,konex
00127158,씨아이테크,20260316000607,[기재정정]주주총회소집공고,20260316,kospi
00578130,아퓨어스,20260316000606,주주총회소집공고,20260316,etc
00105156,극동유화,20260316000603,주주총회소집공고,20260316,kospi
00358271,SFA,20260316000600,주주총회소집공고,20260316,kosdaq
00409672,티비에이치글로벌,20260316000594,주주총회소집공고,20260316,kospi
00145668,이화공영,20260316000593,주주총회소집공고,20260316,kosdaq
00816696,큐엠씨,20260316000592,주주총회소집공고,20260316,konex
01290381,피엔케이피부임상연구센타,20260316000591,주주총회소집공고,20260316,kosdaq
01097906,케이에이치건설,20260316000590,주주총회소집공고,20260316,etc
01782004,뉴로핏,20260316000589,[기재정정]주주총회소집공고,20260316,kosdaq
00442455,코스나인,20260316000587,주주총회소집공고,20260316,etc
01381984,SKAI,20260316000586,주주총회소집공고,20260316,kosdaq
01063884,솔디펜스,20260316000580,주주총회소집공고,20260316,kosdaq
00111722,미래에셋증권,20260316000579,[기재정정]주주총회소집공고,20260316,kospi
00693651,비덴트,20260316000562,주주총회소집공고,20260316,kosdaq
00219848,서희건설,20260316000558,주주총회소집공고,20260316,kosdaq
00661847,화인베스틸,20260316000555,주주총회소집공고,20260316,kospi
01065679,이노인스트루먼트,20260316000552,주주총회소집공고,20260316,kosdaq
00141583,삼양컴텍,20260316000549,주주총회소집공고,20260316,kosdaq
00288495,HC홈센타,20260316000548,주주총회소집공고,20260316,kosdaq
01082418,SAMG엔터,20260316000543,주주총회소집공고,20260316,kosdaq
00255044,현대에이치티,20260316000530,주주총회소집공고,20260316,kosdaq
01229240,가이아코퍼레이션,20260316000529,주주총회소집공고,20260316,konex
00378220,버킷스튜디오,20260316000528,주주총회소집공고,20260316,kosdaq
01867749,유비씨,20260316000525,주주총회소집공고,20260316,konex
00861997,아고스,20260316000521,주주총회소집공고,20260316,kosdaq
00661157,인트로메딕,20260316000515,주주총회소집공고,20260316,etc
00409371,인베니아,20260316000510,주주총회소집공고,20260316,kosdaq
00667425,에이팩트,20260316000506,주주총회소집공고,20260316,kosdaq
00346911,아이톡시,20260316000503,주주총회소집공고,20260316,kosdaq
00266934,파루,20260316000502,주주총회소집공고,20260316,kosdaq
00373571,스타코링크,20260316000500,주주총회소집공고,20260316,etc
00327396,옵트론텍,20260316000495,주주총회소집공고,20260316,kosdaq
01310773,엔시스,20260316000494,[기재정정]주주총회소집공고,20260316,kosdaq
01208751,아이에스티이,20260316000493,주주총회소집공고,20260316,kosdaq
01023822,메디젠휴먼케어,20260316000485,주주총회소집공고,20260316,konex
00218575,황금에스티,20260316000480,[기재정정]주주총회소집공고,20260316,kospi
01344831,딥노이드,20260316000475,[기재정정]주주총회소집공고,20260316,kosdaq
00923899,참존글로벌,20260316000472,주주총회소집공고,20260316,etc
00997812,코미코,20260316000471,주주총회소집공고,20260316,kosdaq
00568461,HC보광산업,20260316000467,주주총회소집공고,20260316,kosdaq
00186559,아이티센씨티에스,20260316000464,주주총회소집공고,20260316,kospi
00364254,알티캐스트,20260316000460,[기재정정]주주총회소집공고,20260316,kosdaq
00400121,유아이디,20260316000459,주주총회소집공고,20260316,kosdaq
00652423,인바이오젠,20260316000455,주주총회소집공고,20260316,kospi
01657197,바이오비쥬,20260316000454,주주총회소집공고,20260316,kosdaq
01098792,본느,20260316000448,주주총회소집공고,20260316,kosdaq
00609634,아이엠,20260316000438,주주총회소집공고,20260316,etc
00654175,피엠티,20260316000432,주주총회소집공고,20260316,kosdaq
01680131,아이오바이오,20260316000429,주주총회소집공고,20260316,konex
00244561,그래디언트,20260316000428,주주총회소집공고,20260316,kosdaq
00165361,휴코드홀딩스,20260316000419,주주총회소집공고,20260316,etc
00521390,뉴파워프라즈마,20260316000417,주주총회소집공고,20260316,kosdaq
00260745,서울평가정보,20260316000416,주주총회소집공고,20260316,kosdaq
01185566,휴엠앤씨,20260316000406,주주총회소집공고,20260316,kosdaq
00410739,푸른소나무,20260316000405,주주총회소집공고,20260316,etc
01534577,청담글로벌,20260316000404,[기재정정]주주총회소집공고,20260316,kosdaq
00193009,케이에이치필룩스,20260316000403,주주총회소집공고,20260316,etc
01246742,테크트랜스,20260316000401,주주총회소집공고,20260316,konex
00438036,팅크웨어,20260316000395,[기재정정]주주총회소집공고,20260316,kosdaq
00838500,엘브이엠씨,20260316000392,주주총회소집공고,20260316,kospi
01311286,퀀타매트릭스,20260316000389,주주총회소집공고,20260316,kosdaq
00267979,한일화학,20260316000386,주주총회소집공고,20260316,kosdaq
00929228,엔에스컴퍼니,20260316000384,주주총회소집공고,20260316,konex
01037214,킵스파마,20260316000383,[기재정정]주주총회소집공고,20260316,kosdaq
00962393,포인트모바일,20260316000379,주주총회소집공고,20260316,kosdaq
00111689,아진전자부품,20260316000373,주주총회소집공고,20260316,kospi
00592653,유비벨록스,20260316000371,[기재정정]주주총회소집공고,20260316,kosdaq
00620868,아이티센글로벌,20260316000370,주주총회소집공고,20260316,kosdaq
00962922,팬젠,20260316000363,주주총회소집공고,20260316,kosdaq
00677486,그린광학,20260316000357,주주총회소집공고,20260316,kosdaq
01020269,탈로스,20260316000352,주주총회소집공고,20260316,konex
00133557,PN풍년,20260316000346,주주총회소집공고,20260316,kosdaq
00475718,이엠앤아이,20260316000343,[기재정정]주주총회소집공고,20260316,kosdaq
00107066,남광토건,20260316000341,주주총회소집공고,20260316,kospi
00193328,수산인더스트리,20260316000339,주주총회소집공고,20260316,kospi
00125080,AK홀딩스,20260316000332,주주총회소집공고,20260316,kospi
00414540,대주이엔티,20260316000329,주주총회소집공고,20260316,konex
00875307,야스,20260316000326,주주총회소집공고,20260316,kosdaq
01179866,에스지헬스케어,20260316000325,주주총회소집공고,20260316,kosdaq
00386672,조인트리,20260316000315,주주총회소집공고,20260316,etc
01047169,지란지교시큐리티,20260316000314,주주총회소집공고,20260316,kosdaq
00577016,수산아이앤티,20260316000313,주주총회소집공고,20260316,kosdaq
00607797,엄지하우스,20260316000310,주주총회소집공고,20260316,konex
01437858,진시스템,20260316000308,주주총회소집공고,20260316,kosdaq
00991225,더콘텐츠온,20260316000302,주주총회소집공고,20260316,konex
00475718,이엠앤아이,20260316000295,주주총회소집공고,20260316,kosdaq
00957735,클리오,20260316000294,주주총회소집공고,20260316,kosdaq
00317487,티에스넥스젠,20260316000292,주주총회소집공고,20260316,kosdaq
01534577,청담글로벌,20260316000289,주주총회소집공고,20260316,kosdaq
00297989,오르비텍,20260316000285,[기재정정]주주총회소집공고,20260316,kosdaq
00406222,쎄크,20260316000283,주주총회소집공고,20260316,kosdaq
00139083,아진산업,20260316000280,주주총회소집공고,20260316,kosdaq
01226410,씨앤씨인터내셔널,20260316000278,주주총회소집공고,20260316,kosdaq
00438036,팅크웨어,20260316000277,[기재정정]주주총회소집공고,20260316,kosdaq
01703849,노머스,20260316000274,[기재정정]주주총회소집공고,20260316,kosdaq
00909835,차이커뮤니케이션,20260316000260,주주총회소집공고,20260316,kosdaq
00961570,신도기연,20260316000246,주주총회소집공고,20260316,kosdaq
00346407,크레오에스지,20260316000237,주주총회소집공고,20260316,kosdaq
00614478,휴메딕스,20260316000228,주주총회소집공고,20260316,kosdaq
00143527,경동인베스트,20260316000220,주주총회소집공고,20260316,kospi
00182696,대한조선,20260316000214,주주총회소집공고,20260316,kospi
00425351,멀티캠퍼스,20260316000210,[기재정정]주주총회소집공고,20260316,kosdaq
01130885,바이오인프라생명과학,20260316000208,주주총회소집공고,20260316,konex
00861100,아이케이세미콘,20260316000199,주주총회소집공고,20260316,konex
01406265,와이랩,20260316000175,주주총회소집공고,20260316,kosdaq
00611286,블루탑,20260316000174,주주총회소집공고,20260316,konex
01138364,더핑크퐁컴퍼니,20260316000164,주주총회소집공고,20260316,kosdaq
00127699,유네코,20260316000163,주주총회소집공고,20260316,etc
00141477,영흥,20260316000161,주주총회소집공고,20260316,kospi
01601222,씨피시스템,20260316000158,주주총회소집공고,20260316,kosdaq
00404288,아진엑스텍,20260316000149,주주총회소집공고,20260316,kosdaq
01089350,켐트로스,20260316000146,주주총회소집공고,20260316,kosdaq
00797364,KC코트렐,20260316000138,주주총회소집공고,20260316,kospi
00961774,유티아이,20260316000136,주주총회소집공고,20260316,kosdaq
00468374,원익QnC,20260316000122,주주총회소집공고,20260316,kosdaq
00800145,서진오토모티브,20260316000120,주주총회소집공고,20260316,kosdaq
00218575,황금에스티,20260316000119,주주총회소집공고,20260316,kospi
01466373,알트,20260316000115,주주총회소집공고,20260316,kosdaq
00561732,아스플로,20260316000111,주주총회소집공고,20260316,kosdaq
00541862,판도라티비,20260316000092,주주총회소집공고,20260316,konex
00152783,코메론,20260316000084,[기재정정]주주총회소집공고,20260316,kosdaq
00687711,한국철강,20260316000078,[기재정정]주주총회소집공고,20260316,kospi
00210980,원익,20260316000077,주주총회소집공고,20260316,kosdaq
01345724,타임기술,20260316000045,주주총회소집공고,20260316,konex
00164502,현대공업,20260316000042,주주총회소집공고,20260316,kosdaq
00104537,국영지앤엠,20260316000039,[기재정정]주주총회소집공고,20260316,kosdaq
01262023,루트락,20260316000033,[기재정정]주주총회소집공고,20260316,konex
01258020,에스바이오메딕스,20260316000013,주주총회소집공고,20260316,kosdaq
00303192,디에이피,20260313001377,주주총회소집공고,20260316,kosdaq
00602136,디와이피엔에프,20260313001376,주주총회소집공고,20260316,kosdaq
00141404,블루산업개발,20260313001397,주주총회소집공고,20260316,kospi
00250614,삼영엠텍,20260313001400,[기재정정]주주총회소집공고,20260316,kosdaq
00595182,아톤,20260313001382,주주총회소집공고,20260316,kosdaq
00121686,엠케이전자,20260313001374,주주총회소집공고,20260316,kosdaq
01037214,킵스파마,20260313001372,주주총회소집공고,20260316,kosdaq
00438036,팅크웨어,20260313001379,[기재정정]주주총회소집공고,20260316,kosdaq
00173102,모나리자,20260313001369,[기재정정]주주총회소집공고,20260313,kospi
00260611,웰킵스하이텍,20260313001368,주주총회소집공고,20260313,kosdaq
00917861,슈피겐코리아,20260313001367,주주총회소집공고,20260313,kosdaq
01703849,노머스,20260313001363,주주총회소집공고,20260313,kosdaq
00407814,CG인바이츠,20260313001360,주주총회소집공고,20260313,kosdaq
00243979,수성웹툰,20260313001355,[기재정정]주주총회소집공고,20260313,etc
00604268,에이프로,20260313001352,주주총회소집공고,20260313,kosdaq
00592653,유비벨록스,20260313001339,[기재정정]주주총회소집공고,20260313,kosdaq
00535375,키네마스터,20260313001336,주주총회소집공고,20260313,kosdaq
00105138,파라텍,20260313001333,주주총회소집공고,20260313,kosdaq
00435969,인피니트헬스케어,20260313001332,주주총회소집공고,20260313,kosdaq
01516933,덕양에너젠,20260313001330,주주총회소집공고,20260313,kosdaq
01068658,선샤인푸드,20260313001329,주주총회소집공고,20260313,etc
01497142,엠아이큐브솔루션,20260313001317,주주총회소집공고,20260313,kosdaq
01203659,이뮨온시아,20260313001316,주주총회소집공고,20260313,kosdaq
00263654,오스코텍,20260313001314,주주총회소집공고,20260313,kosdaq
00480783,상신이디피,20260313001310,주주총회소집공고,20260313,kosdaq
01957282,테라뷰,20260313001304,주주총회소집공고,20260313,kosdaq
00269889,누리플렉스,20260313001299,[기재정정]주주총회소집공고,20260313,kosdaq
00537221,인바이츠바이오코아,20260313001296,주주총회소집공고,20260313,konex
00540429,휴림로봇,20260313001293,주주총회소집공고,20260313,kosdaq
00516246,알에프세미,20260313001290,주주총회소집공고,20260313,etc
00402989,유한코스메틱,20260313001280,주주총회소집공고,20260313,etc
00153393,태광산업,20260313001279,[기재정정]주주총회소집공고,20260313,kospi
00269940,하나투어,20260313001265,[기재정정]주주총회소집공고,20260313,kospi
01153105,비비씨,20260313001263,주주총회소집공고,20260313,kosdaq
00670766,엠엑스온,20260313001258,주주총회소집공고,20260313,kosdaq
00669450,바이오프로테크,20260313001255,주주총회소집공고,20260313,konex
00672603,케이엔알시스템,20260313001253,주주총회소집공고,20260313,kosdaq
01669794,아이엘로보틱스,20260313001245,주주총회소집공고,20260313,konex
00143314,에이엔피,20260313001239,[기재정정]주주총회소집공고,20260313,kospi
01274329,성일하이텍,20260313001234,주주총회소집공고,20260313,kosdaq
00353610,이니텍,20260313001233,주주총회소집공고,20260313,kosdaq
00205003,좋은사람들,20260313001228,주주총회소집공고,20260313,kosdaq
00664048,우리넷,20260313001222,[기재정정]주주총회소집공고,20260313,kosdaq
00650771,하이젠알앤엠,20260313001220,[기재정정]주주총회소집공고,20260313,kosdaq
00870065,쓰리에이로직스,20260313001219,주주총회소집공고,20260313,kosdaq
00977641,하이로닉,20260313001217,주주총회소집공고,20260313,kosdaq
00166175,대호특수강,20260313001216,[기재정정]주주총회소집공고,20260313,kosdaq
01605529,버넥트,20260313001210,주주총회소집공고,20260313,kosdaq
00101549,경동제약,20260313001208,주주총회소집공고,20260313,kosdaq
00129554,갤럭시아에스엠,20260313001204,주주총회소집공고,20260313,kospi
01139965,스튜디오미르,20260313001201,주주총회소집공고,20260313,kosdaq
00614593,넥스트아이,20260313001200,주주총회소집공고,20260313,kosdaq
00361381,제이브이엠,20260313001199,주주총회소집공고,20260313,kosdaq
00101044,에이프로젠바이오로직스,20260313001196,주주총회소집공고,20260313,kospi
00402989,유한코스메틱,20260313001190,주주총회소집공고,20260313,etc
00351375,뉴보텍,20260313001180,주주총회소집공고,20260313,kosdaq
00335076,오픈베이스,20260313001178,[기재정정]주주총회소집공고,20260313,kosdaq
00243067,부방,20260313001172,주주총회소집공고,20260313,kosdaq
00367482,빛과전자,20260313001169,주주총회소집공고,20260313,kosdaq
01325429,지아이에스,20260313001162,주주총회소집공고,20260313,kosdaq
01491607,오에스피,20260313001150,[기재정정]주주총회소집공고,20260313,kosdaq
00249982,솔본,20260313001148,주주총회소집공고,20260313,kosdaq
01062867,디알텍,20260313001146,주주총회소집공고,20260313,kosdaq
00990396,레드우즈,20260313001145,주주총회소집공고,20260313,konex
00308559,코디,20260313001143,주주총회소집공고,20260313,kosdaq
01261644,레인보우로보틱스,20260313001141,주주총회소집공고,20260313,kosdaq
01011368,에이치브이엠,20260313001139,주주총회소집공고,20260313,kosdaq
01409095,비트맥스,20260313001118,[기재정정]주주총회소집공고,20260313,kosdaq
00204226,소프트센,20260313001116,주주총회소집공고,20260313,kosdaq
01046391,싸이토젠,20260313001104,주주총회소집공고,20260313,kosdaq
01436628,이지스레지던스리츠,20260313001102,주주총회소집공고,20260313,kospi
00238782,다우데이타,20260313001100,주주총회소집공고,20260313,kosdaq
00269940,하나투어,20260313001098,[기재정정]주주총회소집공고,20260313,kospi
00205687,더라미,20260313001097,주주총회소집공고,20260313,kosdaq
00684802,에이플러스에셋,20260313001095,[기재정정]주주총회소집공고,20260313,kospi
00914341,아이티켐,20260313001088,주주총회소집공고,20260313,kosdaq
00361594,DMS,20260313001084,주주총회소집공고,20260313,kosdaq
01037542,엔피엑스,20260313001080,주주총회소집공고,20260313,etc
00350048,오성첨단소재,20260313001079,주주총회소집공고,20260313,kosdaq
01381805,아로마티카,20260313001070,주주총회소집공고,20260313,kosdaq
00598198,컴퍼니케이,20260313001066,주주총회소집공고,20260313,kosdaq
00653194,앱토크롬,20260313001063,주주총회소집공고,20260313,kosdaq
00808022,메지온,20260313001055,주주총회소집공고,20260313,kosdaq
00384948,대유,20260313001050,주주총회소집공고,20260313,etc
00351995,지에스이,20260313001049,주주총회소집공고,20260313,kosdaq
00818472,이큐셀,20260313001048,주주총회소집공고,20260313,etc
01782004,뉴로핏,20260313001046,주주총회소집공고,20260313,kosdaq
00186939,특수건설,20260313001033,주주총회소집공고,20260313,kosdaq
00615723,MSDI,20260313001027,주주총회소집공고,20260313,kosdaq
00816544,토니모리,20260313001022,주주총회소집공고,20260313,kospi
00874937,탑선,20260313001019,주주총회소집공고,20260313,konex
01818682,한국제15호스팩,20260313001013,주주총회소집공고,20260313,kosdaq
00302582,캐스텍코리아,20260313001004,[기재정정]주주총회소집공고,20260313,kosdaq
00444329,위메이드,20260313001002,[기재정정]주주총회소집공고,20260313,kosdaq
00133511,SG세계물산,20260313000997,[기재정정]주주총회소집공고,20260313,kospi
01214248,뉴트리,20260313000994,주주총회소집공고,20260313,kosdaq
00539274,대상홀딩스,20260313000992,[기재정정]주주총회소집공고,20260313,kospi
01262023,루트락,20260313000984,주주총회소집공고,20260313,konex
00122205,졸스,20260313000971,[기재정정]주주총회소집공고,20260313,kosdaq
00809429,뉴온,20260313000967,주주총회소집공고,20260313,kosdaq
00298377,아이씨디,20260313000965,주주총회소집공고,20260313,kosdaq
00147860,에스엠벡셀,20260313000959,주주총회소집공고,20260313,kospi
00486875,우양,20260313000942,주주총회소집공고,20260313,kosdaq
01136001,나노실리칸첨단소재,20260313000931,[기재정정]주주총회소집공고,20260313,kosdaq
01118643,솔루믹스,20260313000928,주주총회소집공고,20260313,konex
00122472,PKC,20260313000927,[기재정정]주주총회소집공고,20260313,kospi
00410915,서울옥션,20260313000926,주주총회소집공고,20260313,kosdaq
00531917,톱텍,20260313000924,주주총회소집공고,20260313,kosdaq
00107987,남해화학,20260313000917,[기재정정]주주총회소집공고,20260313,kospi
00491938,GH신소재,20260313000906,주주총회소집공고,20260313,kosdaq
00138446,아가방컴퍼니,20260313000902,주주총회소집공고,20260313,kosdaq
00125725,디모아,20260313000892,주주총회소집공고,20260313,kosdaq
00579980,아이티엠반도체,20260313000889,주주총회소집공고,20260313,kosdaq
00127936,삼일기업공사,20260313000888,주주총회소집공고,20260313,kosdaq
01506848,비스토스,20260313000883,주주총회소집공고,20260313,kosdaq
00492894,젬백스,20260313000881,주주총회소집공고,20260313,kosdaq
01210677,씨케이솔루션,20260313000861,주주총회소집공고,20260313,kospi
01396931,유엑스엔,20260313000856,주주총회소집공고,20260313,konex
00860730,에이자기관리부동산투자회사,20260313000854,주주총회소집공고,20260313,etc
01806951,폰드그룹,20260313000851,주주총회소집공고,20260313,kosdaq
01462739,비아이매트릭스,20260313000845,주주총회소집공고,20260313,kosdaq
01491607,오에스피,20260313000840,[기재정정]주주총회소집공고,20260313,kosdaq
01689266,케이쓰리아이,20260313000839,주주총회소집공고,20260313,kosdaq
00121941,대상,20260313000837,[기재정정]주주총회소집공고,20260313,kospi
00616962,린드먼아시아,20260313000836,주주총회소집공고,20260313,kosdaq
01511558,네오이뮨텍,20260313000830,[기재정정]주주총회소집공고,20260313,kosdaq
01156795,프로젠,20260313000829,주주총회소집공고,20260313,konex
00995993,DXVX,20260313000826,주주총회소집공고,20260313,kosdaq
00147152,유니크,20260313000824,주주총회소집공고,20260313,kosdaq
01397903,엔젠바이오,20260313000822,주주총회소집공고,20260313,kosdaq
00988364,SGA솔루션즈,20260313000819,주주총회소집공고,20260313,kosdaq
01011395,레몬,20260313000817,주주총회소집공고,20260313,kosdaq
01638387,케이지에이,20260313000811,주주총회소집공고,20260313,kosdaq
00765897,한국피아이엠,20260313000809,주주총회소집공고,20260313,kosdaq
00599285,서플러스글로벌,20260313000807,주주총회소집공고,20260313,kosdaq
01326224,원바이오젠,20260313000800,주주총회소집공고,20260313,kosdaq
01258710,이노메트리,20260313000790,주주총회소집공고,20260313,kosdaq
01405390,핌스,20260313000789,주주총회소집공고,20260313,kosdaq
01138595,뱅크웨어글로벌,20260313000781,주주총회소집공고,20260313,kosdaq
01497124,캡스톤파트너스,20260313000774,주주총회소집공고,20260313,kosdaq
00156150,엑시큐어하이트론,20260313000770,주주총회소집공고,20260313,kospi
01579570,시큐레터,20260313000766,[기재정정]주주총회소집공고,20260313,kosdaq
00601988,코난테크놀로지,20260313000760,주주총회소집공고,20260313,kosdaq
01327746,보로노이,20260313000759,주주총회소집공고,20260313,kosdaq
00373021,테라사이언스,20260313000754,주주총회소집공고,20260313,kosdaq
01352575,바이오텐,20260313000753,주주총회소집공고,20260313,konex
00130587,서울전자통신,20260313000751,주주총회소집공고,20260313,kosdaq
00814582,탑런토탈솔루션,20260313000748,주주총회소집공고,20260313,kosdaq
00442561,에프알텍,20260313000745,주주총회소집공고,20260313,kosdaq
00141556,오로라,20260313000732,주주총회소집공고,20260313,kosdaq
00372882,KTcs,20260313000721,주주총회소집공고,20260313,kospi
00695969,동운아나텍,20260313000719,[기재정정]주주총회소집공고,20260313,kosdaq
01453944,벡트,20260313000718,주주총회소집공고,20260313,kosdaq
00112378,KR모터스,20260313000713,주주총회소집공고,20260313,kospi
01785551,케이비제27호기업인수목적,20260313000704,주주총회소집공고,20260313,etc
00425254,나우코스,20260313000698,주주총회소집공고,20260313,etc
00172185,남성,20260313000694,주주총회소집공고,20260313,kospi
00561723,쏘닉스,20260313000692,주주총회소집공고,20260313,kosdaq
00296324,큐로홀딩스,20260313000691,주주총회소집공고,20260313,kosdaq
01276026,지놈앤컴퍼니,20260313000690,주주총회소집공고,20260313,kosdaq
01251489,라온피플,20260313000687,주주총회소집공고,20260313,kosdaq
00259590,바른손이앤에이,20260313000684,주주총회소집공고,20260313,kosdaq
01636565,루미르,20260313000679,주주총회소집공고,20260313,kosdaq
00429694,파버나인,20260313000678,주주총회소집공고,20260313,kosdaq
00609634,아이엠,20260313000674,[기재정정]주주총회소집공고,20260313,etc
01480708,HEM파마,20260313000671,[기재정정]주주총회소집공고,20260313,kosdaq
00403793,바이브컴퍼니,20260313000668,주주총회소집공고,20260313,kosdaq
00554352,아이큐어,20260313000667,주주총회소집공고,20260313,kosdaq
01706819,유안타제14호기업인수목적,20260313000647,주주총회소집공고,20260313,etc
00990819,아티스트스튜디오,20260313000645,[기재정정]주주총회소집공고,20260313,kosdaq
01034730,크로넥스,20260313000644,주주총회소집공고,20260313,konex
01101041,패션플랫폼,20260313000643,주주총회소집공고,20260313,kosdaq
00442631,태양기계,20260313000642,주주총회소집공고,20260313,konex
01448544,셀로맥스사이언스,20260313000638,주주총회소집공고,20260313,kosdaq
00369107,우리바이오,20260313000629,[기재정정]주주총회소집공고,20260313,kosdaq
01061327,클래시스,20260313000628,주주총회소집공고,20260313,kosdaq
00110884,엠젠솔루션,20260313000624,주주총회소집공고,20260313,kosdaq
00120906,에스아이리소스,20260313000611,주주총회소집공고,20260313,kosdaq
00131504,서한,20260313000608,주주총회소집공고,20260313,kosdaq
01803927,에이유브랜즈,20260313000603,주주총회소집공고,20260313,kosdaq
01804476,유안타제16호스팩,20260313000602,주주총회소집공고,20260313,kosdaq
01373709,아이씨티케이,20260313000592,주주총회소집공고,20260313,kosdaq
01070149,올리패스,20260313000591,주주총회소집공고,20260313,kosdaq
00980043,비큐AI,20260313000586,주주총회소집공고,20260313,kosdaq
00530413,더코디,20260313000583,주주총회소집공고,20260313,kosdaq
00306870,손오공,20260313000581,주주총회소집공고,20260313,kosdaq
00556615,모바일어플라이언스,20260313000577,주주총회소집공고,20260313,kosdaq
00248974,하나제약,20260313000575,주주총회소집공고,20260313,kospi
00642897,브레인즈컴퍼니,20260313000572,주주총회소집공고,20260313,kosdaq
01267222,에피소드컴퍼니,20260313000567,[기재정정]주주총회소집공고,20260313,kosdaq
00412348,LB세미콘,20260313000564,주주총회소집공고,20260313,kosdaq
01516766,아이비젼웍스,20260313000562,주주총회소집공고,20260313,kosdaq
00353878,다스코,20260313000560,[기재정정]주주총회소집공고,20260313,kospi
00177816,대주전자재료,20260313000559,[기재정정]주주총회소집공고,20260313,kosdaq
01627363,세미파이브,20260313000555,주주총회소집공고,20260313,kosdaq
00983916,HLB제넥스,20260313000548,주주총회소집공고,20260313,kosdaq
00137012,에스앤더블류,20260313000547,주주총회소집공고,20260313,kosdaq
01226270,스톰테크,20260313000544,주주총회소집공고,20260313,kosdaq
00439965,나노신소재,20260313000540,주주총회소집공고,20260313,kosdaq
01745173,이노테크,20260313000537,주주총회소집공고,20260313,kosdaq
01281541,에피바이오텍,20260313000533,주주총회소집공고,20260313,konex
00442570,제우스,20260313000521,주주총회소집공고,20260313,kosdaq
00293886,위닉스,20260313000518,주주총회소집공고,20260313,kosdaq
00268118,코맥스,20260313000513,주주총회소집공고,20260313,kosdaq
00122056,미창석유공업,20260313000508,주주총회소집공고,20260313,kospi
01441611,원티드랩,20260313000491,주주총회소집공고,20260313,kosdaq
00666204,제너셈,20260313000489,[기재정정]주주총회소집공고,20260313,kosdaq
00112165,디아이씨,20260313000485,주주총회소집공고,20260313,kospi
00158149,한국쉘석유,20260313000483,[기재정정]주주총회소집공고,20260313,kospi
01206717,마이크로엔엑스,20260313000478,주주총회소집공고,20260313,konex
01035678,링크드,20260313000477,주주총회소집공고,20260313,kosdaq
01363924,한국미라클피플사,20260313000476,주주총회소집공고,20260313,konex
00131197,서원,20260313000470,주주총회소집공고,20260313,kospi
00129271,삼화전기,20260313000452,[기재정정]주주총회소집공고,20260313,kospi
01021949,덱스터,20260313000451,주주총회소집공고,20260313,kosdaq
00112721,대창스틸,20260313000443,주주총회소집공고,20260313,kosdaq
01586455,꿈비,20260313000440,주주총회소집공고,20260313,kosdaq
01167056,샘표식품,20260313000421,[기재정정]주주총회소집공고,20260313,kospi
00359395,헬릭스미스,20260313000416,[기재정정]주주총회소집공고,20260313,kosdaq
01442115,소마젠,20260313000414,주주총회소집공고,20260313,kosdaq
00365989,모나용평,20260313000413,주주총회소집공고,20260313,kospi
00842619,리가켐바이오,20260313000406,주주총회소집공고,20260313,kosdaq
01217014,트윔,20260313000405,주주총회소집공고,20260313,kosdaq
00133812,세방,20260313000403,[기재정정]주주총회소집공고,20260313,kospi
00379229,에스에이티,20260313000400,주주총회소집공고,20260313,kosdaq
01116265,카티스,20260313000394,주주총회소집공고,20260313,kosdaq
00136925,신원종합개발,20260313000393,주주총회소집공고,20260313,kosdaq
00623661,원익머트리얼즈,20260313000391,[기재정정]주주총회소집공고,20260313,kosdaq
00162461,한화솔루션,20260313000385,[기재정정]주주총회소집공고,20260313,kospi
01085442,오건에코텍,20260313000379,주주총회소집공고,20260313,konex
00874168,싸이닉솔루션,20260313000376,주주총회소집공고,20260313,kosdaq
01579570,시큐레터,20260313000375,주주총회소집공고,20260313,kosdaq
00121288,모나미,20260313000367,주주총회소집공고,20260313,kospi
00165103,푸드웰,20260313000363,주주총회소집공고,20260313,kosdaq
00364847,이글루,20260313000357,주주총회소집공고,20260313,kosdaq
00298270,안랩,20260313000356,주주총회소집공고,20260313,kosdaq
01063556,질경이,20260313000353,주주총회소집공고,20260313,konex
00876209,미래엔에듀파트너,20260313000352,주주총회소집공고,20260313,konex
01507810,애니메디솔루션,20260313000351,주주총회소집공고,20260313,konex
00297989,오르비텍,20260313000347,[기재정정]주주총회소집공고,20260313,kosdaq
01394669,누보,20260313000342,주주총회소집공고,20260313,kosdaq
00255619,강원랜드,20260313000340,[기재정정]주주총회소집공고,20260313,kospi
00190756,와이엔텍,20260313000333,주주총회소집공고,20260313,kosdaq
01583953,티엘엔지니어링,20260313000325,주주총회소집공고,20260313,konex
00133876,세보엠이씨,20260313000322,[기재정정]주주총회소집공고,20260313,kosdaq
00152783,코메론,20260313000318,[기재정정]주주총회소집공고,20260313,kosdaq
01688568,프로티나,20260313000317,주주총회소집공고,20260313,kosdaq
00126089,DH오토넥스,20260313000310,주주총회소집공고,20260313,kospi
00409788,비에이치아이,20260313000307,주주총회소집공고,20260313,kosdaq
01514005,크라우드웍스,20260313000306,주주총회소집공고,20260313,kosdaq
00494546,오비고,20260313000303,주주총회소집공고,20260313,kosdaq
00113243,대한제분,20260313000294,[기재정정]주주총회소집공고,20260313,kospi
01365825,피에스케이,20260313000290,[기재정정]주주총회소집공고,20260313,kosdaq
00305668,새론오토모티브,20260313000289,주주총회소집공고,20260313,kospi
00128227,삼정펄프,20260313000287,주주총회소집공고,20260313,kospi
01014718,제노코,20260313000286,[기재정정]주주총회소집공고,20260313,kosdaq
00609634,아이엠,20260313000281,[기재정정]주주총회소집공고,20260313,etc
00366517,KC산업,20260313000278,[기재정정]주주총회소집공고,20260313,konex
00957373,펨트론,20260313000276,주주총회소집공고,20260313,kosdaq
01587056,엔젯,20260313000266,주주총회소집공고,20260313,kosdaq
00599957,슈프리마에이치큐,20260313000262,주주총회소집공고,20260313,kosdaq
00611912,아모그린텍,20260313000259,[기재정정]주주총회소집공고,20260313,kosdaq
00450339,에스에프씨,20260313000252,주주총회소집공고,20260313,etc
00243979,수성웹툰,20260313000250,주주총회소집공고,20260313,etc
00146232,일성건설,20260313000244,주주총회소집공고,20260313,kospi
01700587,이노스페이스,20260313000241,[기재정정]주주총회소집공고,20260313,kosdaq
01188749,지앤이헬스케어,20260313000228,주주총회소집공고,20260313,konex
01026616,지구홀딩스,20260313000220,주주총회소집공고,20260313,kosdaq
00763358,스마트솔루션즈,20260313000219,주주총회소집공고,20260313,etc
00155948,로젠,20260313000216,주주총회소집공고,20260313,kosdaq
00259934,예림당,20260313000215,주주총회소집공고,20260313,kosdaq
01190124,미디어젠,20260313000213,주주총회소집공고,20260313,kosdaq
00156956,한국기업평가,20260313000212,[기재정정]주주총회소집공고,20260313,kosdaq
01676642,사피엔반도체,20260313000211,주주총회소집공고,20260313,kosdaq
00138242,KG모빌리티,20260313000208,[기재정정]주주총회소집공고,20260313,kospi
00920379,티엘비,20260313000206,주주총회소집공고,20260313,kosdaq
01250374,에스에스알,20260313000203,주주총회소집공고,20260313,kosdaq
00557508,GKL,20260313000201,[기재정정]주주총회소집공고,20260313,kospi
01671285,쿼드메디슨,20260313000199,주주총회소집공고,20260313,kosdaq
01370322,삼진식품,20260313000192,주주총회소집공고,20260313,kosdaq
00389110,지어소프트,20260313000191,주주총회소집공고,20260313,kosdaq
00199988,SY동아,20260313000182,주주총회소집공고,20260313,kosdaq
00567897,에스비비테크,20260313000178,주주총회소집공고,20260313,kosdaq
00524786,비엠티,20260313000172,주주총회소집공고,20260313,kosdaq
01365825,피에스케이,20260313000167,주주총회소집공고,20260313,kosdaq
00350020,파인디앤씨,20260313000164,주주총회소집공고,20260313,kosdaq
00346610,시지메드텍,20260313000162,[기재정정]주주총회소집공고,20260313,kosdaq
01047451,셀바스헬스케어,20260313000159,주주총회소집공고,20260313,kosdaq
00351807,대원미디어,20260313000157,[기재정정]주주총회소집공고,20260313,kosdaq
00374738,위세아이텍,20260313000156,주주총회소집공고,20260313,kosdaq
00217743,화성밸브,20260313000152,주주총회소집공고,20260313,kosdaq
00867849,오파스넷,20260313000138,주주총회소집공고,20260313,kosdaq
01436479,토마토시스템,20260313000134,[기재정정]주주총회소집공고,20260313,kosdaq
00250137,와이어블,20260313000133,주주총회소집공고,20260313,kosdaq
00492353,파이오링크,20260313000125,주주총회소집공고,20260313,kosdaq
01310773,엔시스,20260313000119,주주총회소집공고,20260313,kosdaq
00250614,삼영엠텍,20260313000117,주주총회소집공고,20260313,kosdaq
01365825,피에스케이,20260313000097,주주총회소집공고,20260313,kosdaq
01497373,아이엠비디엑스,20260313000095,주주총회소집공고,20260313,kosdaq
00233653,한국토지신탁,20260313000075,[기재정정]주주총회소집공고,20260313,kospi
01383779,에스켐,20260313000073,주주총회소집공고,20260313,kosdaq
00173351,삼진,20260313000072,[기재정정]주주총회소집공고,20260313,kosdaq
00828761,레이,20260313000066,주주총회소집공고,20260313,kosdaq
01208821,팡스카이,20260313000057,주주총회소집공고,20260313,konex
00148595,제일테크노스,20260313000053,주주총회소집공고,20260313,kosdaq
01467503,뉴키즈온,20260313000050,[기재정정]주주총회소집공고,20260313,kosdaq
01307335,나인앤컴퍼니,20260313000049,주주총회소집공고,20260313,kosdaq
00109037,대성창투,20260313000044,주주총회소집공고,20260313,kosdaq
01161432,레이저옵텍,20260313000039,주주총회소집공고,20260313,kosdaq
00143262,우진아이엔에스,20260313000035,주주총회소집공고,20260313,kospi
00362201,세운메디칼,20260313000019,주주총회소집공고,20260313,kosdaq
00671978,그리티,20260313000017,[기재정정]주주총회소집공고,20260313,kosdaq
00208444,피에스케이홀딩스,20260313000015,주주총회소집공고,20260313,kosdaq
01602638,한싹,20260313000012,주주총회소집공고,20260313,kosdaq
00369107,우리바이오,20260313000005,[기재정정]주주총회소집공고,20260313,kosdaq
00369107,우리바이오,20260312001430,주주총회소집공고,20260313,kosdaq
01211889,이지스,20260312001441,[기재정정]주주총회소집공고,20260313,kosdaq
01284876,인스피언,20260312001434,주주총회소집공고,20260313,kosdaq
00122205,졸스,20260312001442,주주총회소집공고,20260313,kosdaq
00541437,코렌텍,20260312001458,주주총회소집공고,20260313,kosdaq
00153393,태광산업,20260312001423,주주총회소집공고,20260313,kospi
00194947,한전산업,20260312001427,주주총회소집공고,20260313,kospi
00111838,대원,20260312001421,주주총회소집공고,20260312,kosdaq
01529982,씨엠티엑스,20260312001419,주주총회소집공고,20260312,kosdaq
01067516,골프존,20260312001413,주주총회소집공고,20260312,kosdaq
00143226,엠투엔,20260312001407,주주총회소집공고,20260312,kosdaq
00674498,골프존홀딩스,20260312001403,주주총회소집공고,20260312,kosdaq
01257872,에스프리즘,20260312001400,주주총회소집공고,20260312,kosdaq
00155692,우리엔터프라이즈,20260312001401,주주총회소집공고,20260312,kosdaq
00240857,바이오스마트,20260312001397,주주총회소집공고,20260312,kosdaq
00199076,동일기연,20260312001392,주주총회소집공고,20260312,kosdaq
01211889,이지스,20260312001390,주주총회소집공고,20260312,kosdaq
01222113,인스웨이브,20260312001387,주주총회소집공고,20260312,kosdaq
00632845,노랑풍선,20260312001386,[기재정정]주주총회소집공고,20260312,kosdaq
00896753,에코글로우,20260312001384,주주총회소집공고,20260312,kosdaq
00563518,비나텍,20260312001383,주주총회소집공고,20260312,kosdaq
00982023,실리콘투,20260312001381,[기재정정]주주총회소집공고,20260312,kosdaq
00811372,노바렉스,20260312001380,주주총회소집공고,20260312,kosdaq
00497631,티플랙스,20260312001378,주주총회소집공고,20260312,kosdaq
00113243,대한제분,20260312001377,주주총회소집공고,20260312,kospi
00296005,우리로,20260312001375,주주총회소집공고,20260312,kosdaq
00256502,에이텍,20260312001364,주주총회소집공고,20260312,kosdaq
00532059,그린생명과학,20260312001360,[기재정정]주주총회소집공고,20260312,kosdaq
00184667,유진기업,20260312001356,주주총회소집공고,20260312,kosdaq
01344336,신테카바이오,20260312001353,주주총회소집공고,20260312,kosdaq
01658831,오름테라퓨틱,20260312001354,주주총회소집공고,20260312,kosdaq
01188730,SK시그넷,20260312001351,주주총회소집공고,20260312,konex
00369170,인터플렉스,20260312001342,주주총회소집공고,20260312,kosdaq
00422284,메가스터디,20260312001341,주주총회소집공고,20260312,kosdaq
00767628,나이벡,20260312001336,주주총회소집공고,20260312,kosdaq
00400857,에이블씨엔씨,20260312001335,주주총회소집공고,20260312,kospi
00117708,리드코프,20260312001333,[기재정정]주주총회소집공고,20260312,kosdaq
00866062,엘티씨,20260312001331,주주총회소집공고,20260312,kosdaq
00765462,씨에스베어링,20260312001330,[기재정정]주주총회소집공고,20260312,kosdaq
00942131,앤디포스,20260312001328,[기재정정]주주총회소집공고,20260312,kosdaq
01060735,로지스몬,20260312001321,[기재정정]주주총회소집공고,20260312,konex
00365457,제이티,20260312001320,주주총회소집공고,20260312,kosdaq
01238169,오리온,20260312001316,[기재정정]주주총회소집공고,20260312,kospi
00105952,LS,20260312001314,[기재정정]주주총회소집공고,20260312,kospi
00375931,인선이엔티,20260312001315,주주총회소집공고,20260312,kosdaq
00536286,윈팩,20260312001309,주주총회소집공고,20260312,kosdaq
00161693,한샘,20260312001307,주주총회소집공고,20260312,kospi
00255433,라온시큐어,20260312001306,주주총회소집공고,20260312,kosdaq
00370006,iMBC,20260312001303,주주총회소집공고,20260312,kosdaq
00356839,메디콕스,20260312001299,주주총회소집공고,20260312,kosdaq
00137915,엠엑스로보틱스,20260312001292,주주총회소집공고,20260312,kosdaq
00444329,위메이드,20260312001287,주주총회소집공고,20260312,kosdaq
00113261,대한광통신,20260312001283,주주총회소집공고,20260312,kosdaq
00925295,에프엔씨엔터,20260312001280,주주총회소집공고,20260312,kosdaq
00173351,삼진,20260312001278,주주총회소집공고,20260312,kosdaq
00216647,원익홀딩스,20260312001276,주주총회소집공고,20260312,kosdaq
01444380,에이텀,20260312001275,주주총회소집공고,20260312,kosdaq
01175499,큐에이드,20260312001266,주주총회소집공고,20260312,kosdaq
00475985,시너지이노베이션,20260312001253,주주총회소집공고,20260312,kosdaq
00113562,롯데손해보험,20260312001250,주주총회소집공고,20260312,kospi
01762569,이수스페셜티케미컬,20260312001245,주주총회소집공고,20260312,kospi
00113191,코리안리,20260312001243,주주총회소집공고,20260312,kospi
00408266,유니온바이오메트릭스,20260312001240,주주총회소집공고,20260312,kosdaq
01318261,더블유에스아이,20260312001237,[기재정정]주주총회소집공고,20260312,kosdaq
01512575,코어라인소프트,20260312001232,주주총회소집공고,20260312,kosdaq
00156600,한주라이트메탈,20260312001231,주주총회소집공고,20260312,kosdaq
00440712,리튬포어스,20260312001229,주주총회소집공고,20260312,kosdaq
00111421,휴니드테크놀러지스,20260312001228,주주총회소집공고,20260312,kospi
00985686,큐브엔터,20260312001223,주주총회소집공고,20260312,kosdaq
01326792,비투엔,20260312001219,주주총회소집공고,20260312,kosdaq
01540453,에이직랜드,20260312001214,주주총회소집공고,20260312,kosdaq
01454341,플래티어,20260312001212,주주총회소집공고,20260312,kosdaq
00104573,에스엠국일,20260312001208,주주총회소집공고,20260312,kosdaq
00113614,대현,20260312001198,주주총회소집공고,20260312,kospi
00126201,삼성공조,20260312001197,주주총회소집공고,20260312,kospi
00942131,앤디포스,20260312001196,주주총회소집공고,20260312,kosdaq
00145552,이수화학,20260312001195,주주총회소집공고,20260312,kospi
01141942,액트로,20260312001193,[기재정정]주주총회소집공고,20260312,kosdaq
00107598,남양유업,20260312001189,주주총회소집공고,20260312,kospi
00238001,블루콤,20260312001187,주주총회소집공고,20260312,kosdaq
00317210,성호전자,20260312001185,주주총회소집공고,20260312,kosdaq
01108442,에치에프알,20260312001184,주주총회소집공고,20260312,kosdaq
01781999,에임드바이오,20260312001171,주주총회소집공고,20260312,kosdaq
00160047,한국앤컴퍼니,20260312001166,[기재정정]주주총회소집공고,20260312,kospi
01704680,M83,20260312001160,주주총회소집공고,20260312,kosdaq
00232007,상지건설,20260312001155,주주총회소집공고,20260312,kosdaq
00378628,KH바텍,20260312001154,주주총회소집공고,20260312,kosdaq
01267222,에피소드컴퍼니,20260312001153,주주총회소집공고,20260312,kosdaq
00156895,아주IB투자,20260312001143,주주총회소집공고,20260312,kosdaq
00231691,판타지오,20260312001138,주주총회소집공고,20260312,kosdaq
00260958,케이티알파,20260312001136,[기재정정]주주총회소집공고,20260312,kosdaq
01025644,강스템바이오텍,20260312001135,주주총회소집공고,20260312,kosdaq
00267854,메디앙스,20260312001134,주주총회소집공고,20260312,kosdaq
01140837,이지트로닉스,20260312001128,주주총회소집공고,20260312,kosdaq
00127042,SYTS,20260312001125,주주총회소집공고,20260312,kospi
00450995,대모,20260312001123,[기재정정]주주총회소집공고,20260312,kosdaq
00268251,다산네트웍스,20260312001120,주주총회소집공고,20260312,kosdaq
00135050,팜젠사이언스,20260312001114,주주총회소집공고,20260312,kospi
00140964,영원무역홀딩스,20260312001113,주주총회소집공고,20260312,kospi
00867478,아시아종묘,20260312001110,주주총회소집공고,20260312,kosdaq
01514227,씨어스,20260312001108,주주총회소집공고,20260312,kosdaq
00807555,메가엠디,20260312001106,주주총회소집공고,20260312,kosdaq
00543204,아이오케이이엔엠,20260312001104,주주총회소집공고,20260312,kosdaq
00959229,세종메디칼,20260312001102,주주총회소집공고,20260312,kosdaq
00776820,영원무역,20260312001098,주주총회소집공고,20260312,kospi
01508855,블리츠웨이엔터테인먼트,20260312001096,주주총회소집공고,20260312,kosdaq
00612188,에스티오,20260312001093,주주총회소집공고,20260312,kosdaq
00479787,인텍플러스,20260312001091,[기재정정]주주총회소집공고,20260312,kosdaq
00120924,매일홀딩스,20260312001088,주주총회소집공고,20260312,kosdaq
00261735,위노바,20260312001081,주주총회소집공고,20260312,etc
00135777,신대양제지,20260312001080,주주총회소집공고,20260312,kospi
01428948,오아,20260312001077,주주총회소집공고,20260312,kosdaq
00148939,조광피혁,20260312001074,주주총회소집공고,20260312,kospi
00876865,네오오토,20260312001063,주주총회소집공고,20260312,kosdaq
00399694,SOOP,20260312001062,주주총회소집공고,20260312,kosdaq
00230814,휴림에이텍,20260312001060,주주총회소집공고,20260312,kosdaq
00657987,KX,20260312001058,주주총회소집공고,20260312,kosdaq
01428203,케이씨씨글라스,20260312001057,[기재정정]주주총회소집공고,20260312,kospi
00304076,케이엔솔,20260312001053,주주총회소집공고,20260312,kosdaq
00118804,동진쎄미켐,20260312001051,주주총회소집공고,20260312,kosdaq
00200275,YTN,20260312001050,주주총회소집공고,20260312,kosdaq
01234507,매일유업,20260312001048,주주총회소집공고,20260312,kosdaq
00623184,오늘이엔엠,20260312001049,주주총회소집공고,20260312,kosdaq
00131018,서울제약,20260312001047,주주총회소집공고,20260312,kosdaq
01147487,뷰티스킨,20260312001044,주주총회소집공고,20260312,kosdaq
00246620,케이엘넷,20260312001041,주주총회소집공고,20260312,kosdaq
00173032,동화기업,20260312001036,주주총회소집공고,20260312,kosdaq
00977377,에이비온,20260312001032,주주총회소집공고,20260312,kosdaq
00486370,성창오토텍,20260312001030,주주총회소집공고,20260312,kosdaq
00109824,대림통상,20260312001028,주주총회소집공고,20260312,kospi
01693922,지슨,20260312001027,주주총회소집공고,20260312,kosdaq
00360142,아이마켓코리아,20260312001022,주주총회소집공고,20260312,kospi
01186404,디앤씨미디어,20260312001018,주주총회소집공고,20260312,kosdaq
01336461,뉴로메카,20260312001010,주주총회소집공고,20260312,kosdaq
00158219,시그네틱스,20260312001009,주주총회소집공고,20260312,kosdaq
00152686,코리아써키트,20260312001004,주주총회소집공고,20260312,kospi
00159616,두산에너빌리티,20260312001003,주주총회소집공고,20260312,kospi
00628860,네오위즈,20260312001002,주주총회소집공고,20260312,kosdaq
00263371,한국경제TV,20260312001000,주주총회소집공고,20260312,kosdaq
00127200,삼영전자공업,20260312000998,주주총회소집공고,20260312,kospi
01899401,에디테크,20260312000995,주주총회소집공고,20260312,etc
00432102,한국금융지주,20260312000993,주주총회소집공고,20260312,kospi
01035942,메디안디노스틱,20260312000992,주주총회소집공고,20260312,konex
00126380,삼성전자,20260312000987,[기재정정]주주총회소집공고,20260312,kospi
00233653,한국토지신탁,20260312000984,[기재정정]주주총회소집공고,20260312,kospi
00498001,모베이스,20260312000982,주주총회소집공고,20260312,kosdaq
00140061,티케이지애강,20260312000978,주주총회소집공고,20260312,kosdaq
00300405,오리엔트정공,20260312000977,주주총회소집공고,20260312,kosdaq
00608839,에이루트,20260312000973,주주총회소집공고,20260312,kosdaq
00152729,광전자,20260312000968,주주총회소집공고,20260312,kospi
00159740,KISCO홀딩스,20260312000967,주주총회소집공고,20260312,kospi
00150165,브이티,20260312000955,주주총회소집공고,20260312,kosdaq
00103042,케이씨티시,20260312000954,주주총회소집공고,20260312,kospi
01021639,나라셀라,20260312000946,주주총회소집공고,20260312,kosdaq
01544468,이엔셀,20260312000942,주주총회소집공고,20260312,kosdaq
00579999,고영,20260312000937,주주총회소집공고,20260312,kosdaq
00476036,에프엔에스테크,20260312000930,[기재정정]주주총회소집공고,20260312,kosdaq
01082348,오스테오닉,20260312000929,주주총회소집공고,20260312,kosdaq
00302582,캐스텍코리아,20260312000927,주주총회소집공고,20260312,kosdaq
00568188,마이크로컨텍솔,20260312000924,주주총회소집공고,20260312,kosdaq
00113535,대한해운,20260312000921,주주총회소집공고,20260312,kospi
00560982,바이오솔루션,20260312000919,주주총회소집공고,20260312,kosdaq
00197759,미래산업,20260312000918,주주총회소집공고,20260312,kospi
01305249,스톤브릿지벤처스,20260312000917,주주총회소집공고,20260312,kosdaq
00117966,동원개발,20260312000910,주주총회소집공고,20260312,kosdaq
00109754,대림바스,20260312000909,주주총회소집공고,20260312,kospi
00540447,유니테스트,20260312000908,주주총회소집공고,20260312,kosdaq
00127802,삼익THK,20260312000906,주주총회소집공고,20260312,kospi
00201432,비츠로시스,20260312000905,[기재정정]주주총회소집공고,20260312,kosdaq
01592049,엔젤로보틱스,20260312000903,주주총회소집공고,20260312,kosdaq
00535481,에스와이,20260312000901,주주총회소집공고,20260312,kosdaq
00778235,TS인베스트먼트,20260312000899,주주총회소집공고,20260312,kosdaq
01472930,오브젠,20260312000898,주주총회소집공고,20260312,kosdaq
00407294,유라클,20260312000897,주주총회소집공고,20260312,kosdaq
00687711,한국철강,20260312000896,주주총회소집공고,20260312,kospi
01251577,휴네시온,20260312000895,주주총회소집공고,20260312,kosdaq
00303703,CS,20260312000888,주주총회소집공고,20260312,kosdaq
00361488,텔코웨어,20260312000882,주주총회소집공고,20260312,kospi
00825959,하이비젼시스템,20260312000880,주주총회소집공고,20260312,kosdaq
00107987,남해화학,20260312000873,[기재정정]주주총회소집공고,20260312,kospi
00755739,파인테크닉스,20260312000872,주주총회소집공고,20260312,kosdaq
00108038,엔피씨,20260312000871,주주총회소집공고,20260312,kospi
00453929,메디포스트,20260312000868,주주총회소집공고,20260312,kosdaq
01116502,아티스트컴퍼니,20260312000867,주주총회소집공고,20260312,kosdaq
00113234,대한제당,20260312000863,[기재정정]주주총회소집공고,20260312,kospi
01335143,로킷헬스케어,20260312000845,주주총회소집공고,20260312,kosdaq
01109690,도부,20260312000843,주주총회소집공고,20260312,konex
00129509,한익스프레스,20260312000842,주주총회소집공고,20260312,kospi
00160205,한국내화,20260312000841,주주총회소집공고,20260312,kospi
00956028,엑세스바이오,20260312000839,주주총회소집공고,20260312,kosdaq
00657783,모델솔루션,20260312000834,[기재정정]주주총회소집공고,20260312,kosdaq
00226547,오상자이엘,20260312000828,주주총회소집공고,20260312,kosdaq
00808086,HLB펩,20260312000827,주주총회소집공고,20260312,kosdaq
00164618,현대사료,20260312000824,[기재정정]주주총회소집공고,20260312,kosdaq
00367400,모티브링크,20260312000822,주주총회소집공고,20260312,kosdaq
00491415,인포바인,20260312000820,주주총회소집공고,20260312,kosdaq
01437432,디티앤씨알오,20260312000815,주주총회소집공고,20260312,kosdaq
00130772,SBS,20260312000813,주주총회소집공고,20260312,kospi
01109715,DSC인베스트먼트,20260312000809,주주총회소집공고,20260312,kosdaq
00858124,알에스오토메이션,20260312000807,[기재정정]주주총회소집공고,20260312,kosdaq
00111111,대양금속,20260312000806,주주총회소집공고,20260312,kospi
00110750,GMI벤처,20260312000799,주주총회소집공고,20260312,kosdaq
00337296,원포유,20260312000790,주주총회소집공고,20260312,konex
01364747,가온칩스,20260312000788,주주총회소집공고,20260312,kosdaq
00180263,리더스코스메틱,20260312000785,주주총회소집공고,20260312,kosdaq
00276834,KX하이텍,20260312000783,[기재정정]주주총회소집공고,20260312,kosdaq
01497869,티와이홀딩스,20260312000776,주주총회소집공고,20260312,kospi
00147222,전방,20260312000774,[기재정정]주주총회소집공고,20260312,kospi
01256864,에이비엘바이오,20260312000773,주주총회소집공고,20260312,kosdaq
00269940,하나투어,20260312000767,주주총회소집공고,20260312,kospi
00109587,대륙제관,20260312000764,주주총회소집공고,20260312,kosdaq
00608316,대한과학,20260312000762,주주총회소집공고,20260312,kosdaq
00828789,대성산업,20260312000759,주주총회소집공고,20260312,kospi
00466428,아미노로직스,20260312000755,주주총회소집공고,20260312,kosdaq
00177870,대창솔루션,20260312000751,[기재정정]주주총회소집공고,20260312,kosdaq
00105466,KCC건설,20260312000743,주주총회소집공고,20260312,kosdaq
01686427,에스오에스랩,20260312000740,[기재정정]주주총회소집공고,20260312,kosdaq
00122481,태경비케이,20260312000737,주주총회소집공고,20260312,kospi
00142865,WISCOM,20260312000735,주주총회소집공고,20260312,kospi
00671978,그리티,20260312000733,주주총회소집공고,20260312,kosdaq
01015160,PS일렉트로닉스,20260312000725,[기재정정]주주총회소집공고,20260312,kosdaq
01032486,두산밥캣,20260312000719,[기재정정]주주총회소집공고,20260312,kospi
00122551,백산,20260312000713,주주총회소집공고,20260312,kospi
01498576,유디엠텍,20260312000711,주주총회소집공고,20260312,kosdaq
00370918,케이디켐,20260312000710,주주총회소집공고,20260312,kosdaq
00170877,진로발효,20260312000708,주주총회소집공고,20260312,kosdaq
01436479,토마토시스템,20260312000707,주주총회소집공고,20260312,kosdaq
00911955,잇츠한불,20260312000706,주주총회소집공고,20260312,kospi
00964595,엔바이오니아,20260312000704,주주총회소집공고,20260312,kosdaq
00638487,파수AI,20260312000698,주주총회소집공고,20260312,kosdaq
00175173,오스템,20260312000695,주주총회소집공고,20260312,kosdaq
01705625,하이제8호기업인수목적,20260312000691,주주총회소집공고,20260312,etc
00181943,에스제이엠홀딩스,20260312000687,주주총회소집공고,20260312,kospi
01288827,HPSP,20260312000686,주주총회소집공고,20260312,kosdaq
00146861,자화전자,20260312000682,[기재정정]주주총회소집공고,20260312,kospi
01012640,슈어소프트테크,20260312000679,주주총회소집공고,20260312,kosdaq
00122472,PKC,20260312000678,[기재정정]주주총회소집공고,20260312,kospi
01276327,위지윅스튜디오,20260312000676,주주총회소집공고,20260312,etc
00269241,주연테크,20260312000671,주주총회소집공고,20260312,kospi
00442835,메타랩스,20260312000670,주주총회소집공고,20260312,kospi
00231372,롯데관광개발,20260312000669,주주총회소집공고,20260312,kospi
00227333,네패스,20260312000668,[기재정정]주주총회소집공고,20260312,kosdaq
00146296,일신석재,20260312000663,주주총회소집공고,20260312,kospi
00351579,비트플래닛,20260312000660,주주총회소집공고,20260312,kosdaq
00261355,레드캡투어,20260312000659,주주총회소집공고,20260312,kosdaq
00543107,오킨스전자,20260312000658,주주총회소집공고,20260312,kosdaq
01493535,모비데이즈,20260312000657,주주총회소집공고,20260312,kosdaq
01210190,모비릭스,20260312000656,주주총회소집공고,20260312,kosdaq
01705625,하이제8호기업인수목적,20260312000653,주주총회소집공고,20260312,etc
01013694,인카금융서비스,20260312000651,주주총회소집공고,20260312,kosdaq
00838962,알서포트,20260312000646,주주총회소집공고,20260312,kosdaq
00111458,대영포장,20260312000645,주주총회소집공고,20260312,kospi
00993931,동양파일,20260312000644,주주총회소집공고,20260312,kosdaq
00110608,DSR,20260312000642,주주총회소집공고,20260312,kospi
00607496,한빛레이저,20260312000637,[기재정정]주주총회소집공고,20260312,kosdaq
00495633,율촌,20260312000634,[기재정정]주주총회소집공고,20260312,kosdaq
00177870,대창솔루션,20260312000630,주주총회소집공고,20260312,kosdaq
01016309,한켐,20260312000628,주주총회소집공고,20260312,kosdaq
00176835,NH농우바이오,20260312000622,주주총회소집공고,20260312,kosdaq
01318261,더블유에스아이,20260312000621,주주총회소집공고,20260312,kosdaq
00173874,넥센타이어,20260312000620,[기재정정]주주총회소집공고,20260312,kospi
00580199,메디톡스,20260312000619,주주총회소집공고,20260312,kosdaq
00925374,윤성에프앤씨,20260312000612,주주총회소집공고,20260312,kosdaq
00234227,유진로봇,20260312000611,주주총회소집공고,20260312,kosdaq
00262266,삼현,20260312000610,주주총회소집공고,20260312,kosdaq
01584934,핑거스토리,20260312000609,주주총회소집공고,20260312,kosdaq
00619507,와이씨켐,20260312000599,주주총회소집공고,20260312,kosdaq
00423690,삼성출판사,20260312000595,주주총회소집공고,20260312,kospi
01066058,파마리서치바이오,20260312000594,주주총회소집공고,20260312,konex
01073261,동방메디컬,20260312000593,주주총회소집공고,20260312,kosdaq
01689035,민테크,20260312000592,주주총회소집공고,20260312,kosdaq
00243757,인포뱅크,20260312000591,주주총회소집공고,20260312,kosdaq
00108940,대성홀딩스,20260312000589,주주총회소집공고,20260312,kospi
00249247,YG PLUS,20260312000587,주주총회소집공고,20260312,kospi
00926522,테고사이언스,20260312000581,주주총회소집공고,20260312,kosdaq
00108490,엔피케이,20260312000579,주주총회소집공고,20260312,kosdaq
00397289,오텍,20260312000573,[기재정정]주주총회소집공고,20260312,kosdaq
00447502,바이오톡스텍,20260312000572,주주총회소집공고,20260312,kosdaq
00145598,이연제약,20260312000571,주주총회소집공고,20260312,kospi
00171867,에스씨디,20260312000567,주주총회소집공고,20260312,kosdaq
00158024,KBI메탈,20260312000558,주주총회소집공고,20260312,kosdaq
00242934,케이엠,20260312000557,주주총회소집공고,20260312,kosdaq
00624509,디바이스,20260312000556,주주총회소집공고,20260312,kosdaq
01060735,로지스몬,20260312000553,주주총회소집공고,20260312,konex
00970453,파마리서치,20260312000551,주주총회소집공고,20260312,kosdaq
00563837,제로투세븐,20260312000550,주주총회소집공고,20260312,kosdaq
01492651,큐로셀,20260312000547,주주총회소집공고,20260312,kosdaq
01023211,와이제이링크,20260312000546,주주총회소집공고,20260312,kosdaq
00668600,케이옥션,20260312000542,주주총회소집공고,20260312,kosdaq
00357607,케이피티유,20260312000538,주주총회소집공고,20260312,kosdaq
00112998,서울보증보험,20260312000524,주주총회소집공고,20260312,kospi
01259232,노바텍,20260312000521,[기재정정]주주총회소집공고,20260312,kosdaq
00815369,에스제이엠,20260312000512,주주총회소집공고,20260312,kospi
01571107,오픈엣지테크놀로지,20260312000510,주주총회소집공고,20260312,kosdaq
00876166,KBG,20260312000509,주주총회소집공고,20260312,kosdaq
00925967,이엠티,20260312000506,주주총회소집공고,20260312,konex
00201432,비츠로시스,20260312000501,[기재정정]주주총회소집공고,20260312,kosdaq
00815095,우리이앤엘하루틴,20260312000500,주주총회소집공고,20260312,kosdaq
00426828,케이웨더,20260312000496,주주총회소집공고,20260312,kosdaq
00367710,동인기연,20260312000491,주주총회소집공고,20260312,kospi
00843900,육일씨엔에쓰,20260312000489,주주총회소집공고,20260312,kosdaq
00159254,한국전자홀딩스,20260312000483,주주총회소집공고,20260312,kospi
01062177,제놀루션,20260312000482,주주총회소집공고,20260312,kosdaq
00259253,피케이밸브앤엔지니어링,20260312000477,주주총회소집공고,20260312,etc
00982023,실리콘투,20260312000471,주주총회소집공고,20260312,kosdaq
00202839,한창산업,20260312000470,[기재정정]주주총회소집공고,20260312,kosdaq
00573269,에스코넥,20260312000468,주주총회소집공고,20260312,kosdaq
00529815,오디텍,20260312000464,주주총회소집공고,20260312,kosdaq
01547933,미쥬,20260312000463,주주총회소집공고,20260312,konex
00136457,SH에너지화학,20260312000453,주주총회소집공고,20260312,kospi
00589127,KEC,20260312000451,주주총회소집공고,20260312,kospi
01419205,피앤에스로보틱스,20260312000450,[기재정정]주주총회소집공고,20260312,kosdaq
00359623,우리산업홀딩스,20260312000440,주주총회소집공고,20260312,kosdaq
00130879,서울식품공업,20260312000439,[기재정정]주주총회소집공고,20260312,kospi
00636656,바이오플러스,20260312000436,주주총회소집공고,20260312,kosdaq
00173795,신흥,20260312000429,주주총회소집공고,20260312,kospi
01050738,솔트룩스,20260312000423,주주총회소집공고,20260312,kosdaq
00480367,SK오션플랜트,20260312000420,주주총회소집공고,20260312,kospi
00112679,대창단조,20260312000419,주주총회소집공고,20260312,kospi
00202839,한창산업,20260312000417,주주총회소집공고,20260312,kosdaq
00157539,KB오토시스,20260312000414,주주총회소집공고,20260312,kosdaq
00113234,대한제당,20260312000411,주주총회소집공고,20260312,kospi
00664181,인텔리안테크,20260312000407,주주총회소집공고,20260312,kosdaq
00852087,시디즈,20260312000406,주주총회소집공고,20260312,kospi
00124151,부산주공,20260312000404,주주총회소집공고,20260312,kospi
01139497,에스제이켐,20260312000401,주주총회소집공고,20260312,konex
00141149,영진약품,20260312000397,[기재정정]주주총회소집공고,20260312,kospi
00692254,아이패밀리에스씨,20260312000396,주주총회소집공고,20260312,kosdaq
01540815,스튜디오삼익,20260312000394,주주총회소집공고,20260312,kosdaq
00144650,유신,20260312000388,주주총회소집공고,20260312,kosdaq
00137997,현대차증권,20260312000387,[기재정정]주주총회소집공고,20260312,kospi
00694942,이미지스,20260312000386,[기재정정]주주총회소집공고,20260312,kosdaq
01077577,우리산업,20260312000378,주주총회소집공고,20260312,kosdaq
00158149,한국쉘석유,20260312000377,주주총회소집공고,20260312,kospi
01787072,유진스팩10호,20260312000371,주주총회소집공고,20260312,kosdaq
00204323,키스트론,20260312000370,주주총회소집공고,20260312,kosdaq
00154055,태원물산,20260312000369,주주총회소집공고,20260312,kospi
00585538,에스에너지,20260312000367,주주총회소집공고,20260312,kosdaq
00913689,세경하이테크,20260312000358,주주총회소집공고,20260312,kosdaq
00297095,나라엠앤디,20260312000356,주주총회소집공고,20260312,kosdaq
00297934,피씨디렉트,20260312000354,주주총회소집공고,20260312,kosdaq
01784394,STX그린로지스,20260312000353,주주총회소집공고,20260312,kospi
00924931,엔비알모션,20260312000350,[기재정정]주주총회소집공고,20260312,kosdaq
00592653,유비벨록스,20260312000344,주주총회소집공고,20260312,kosdaq
01467503,뉴키즈온,20260312000343,주주총회소집공고,20260312,kosdaq
00136776,차AI헬스케어,20260312000341,주주총회소집공고,20260312,kospi
00363246,우원개발,20260312000335,주주총회소집공고,20260312,kosdaq
00271501,코아시아,20260312000331,[기재정정]주주총회소집공고,20260312,kosdaq
00346610,시지메드텍,20260312000330,주주총회소집공고,20260312,kosdaq
00145686,이화산업,20260312000328,주주총회소집공고,20260312,kospi
00352499,링네트,20260312000322,주주총회소집공고,20260312,kosdaq
01182408,소프트캠프,20260312000314,주주총회소집공고,20260312,kosdaq
00384887,에이테크솔루션,20260312000312,주주총회소집공고,20260312,kosdaq
01685251,컨텍,20260312000311,주주총회소집공고,20260312,kosdaq
00153375,태광,20260312000310,[기재정정]주주총회소집공고,20260312,kosdaq
00138260,SIMPAC,20260312000309,[기재정정]주주총회소집공고,20260312,kospi
00556712,힘스,20260312000306,주주총회소집공고,20260312,kosdaq
00367871,인바이오,20260312000300,주주총회소집공고,20260312,kosdaq
00159564,한국주강,20260312000299,주주총회소집공고,20260312,kospi
00115612,동부건설,20260312000298,[기재정정]주주총회소집공고,20260312,kospi
00578325,럭스피아,20260312000295,[기재정정]주주총회소집공고,20260312,konex
00325112,프로텍,20260312000287,주주총회소집공고,20260312,kosdaq
00299844,미래반도체,20260312000285,주주총회소집공고,20260312,kosdaq
00624378,마이크로투나노,20260312000274,주주총회소집공고,20260312,kosdaq
00471068,덕산하이메탈,20260312000271,주주총회소집공고,20260312,kosdaq
00613318,와이지엔터테인먼트,20260312000270,주주총회소집공고,20260312,kosdaq
00165583,E1,20260312000269,주주총회소집공고,20260312,kospi
00106881,인디에프,20260312000267,주주총회소집공고,20260312,kospi
00116408,동신건설,20260312000259,주주총회소집공고,20260312,kosdaq
01706794,아이언디바이스,20260312000258,주주총회소집공고,20260312,kosdaq
00656289,코스맥스엔비티,20260312000254,[기재정정]주주총회소집공고,20260312,kosdaq
01170865,네오셈,20260312000252,[기재정정]주주총회소집공고,20260312,kosdaq
00174527,HS화성,20260312000246,주주총회소집공고,20260312,kospi
01290132,인터로이드,20260312000244,[기재정정]주주총회소집공고,20260312,konex
01593668,센서뷰,20260312000240,주주총회소집공고,20260312,kosdaq
01211232,코윈로보틱스,20260312000238,[기재정정]주주총회소집공고,20260312,kosdaq
00261957,한국정보공학,20260312000236,주주총회소집공고,20260312,kosdaq
00321204,지에이이노더스,20260312000235,주주총회소집공고,20260312,konex
00146861,자화전자,20260312000230,[기재정정]주주총회소집공고,20260312,kospi
00151395,천일고속,20260312000228,주주총회소집공고,20260312,kospi
00414683,아스픽,20260312000226,주주총회소집공고,20260312,etc
00121154,엠에스씨,20260312000223,주주총회소집공고,20260312,kosdaq
00103176,흥국화재,20260312000216,[기재정정]주주총회소집공고,20260312,kospi
01563922,엠오티,20260312000215,[기재정정]주주총회소집공고,20260312,kosdaq
01583652,모니터랩,20260312000214,[기재정정]주주총회소집공고,20260312,kosdaq
01264872,이노뎁,20260312000211,[기재정정]주주총회소집공고,20260312,kosdaq
00102353,경창산업,20260312000210,주주총회소집공고,20260312,kosdaq
00161709,퍼시스,20260312000195,주주총회소집공고,20260312,kospi
00256380,유아이엘,20260312000194,주주총회소집공고,20260312,kosdaq
01267170,SK케미칼,20260312000193,[기재정정]주주총회소집공고,20260312,kospi
00706715,미원홀딩스,20260312000190,주주총회소집공고,20260312,kospi
00579139,한국맥널티,20260312000186,주주총회소집공고,20260312,kosdaq
00158015,한국선재,20260312000181,주주총회소집공고,20260312,kosdaq
00695969,동운아나텍,20260312000180,주주총회소집공고,20260312,kosdaq
00681249,씨유메디칼,20260312000177,[기재정정]주주총회소집공고,20260312,kosdaq
01406751,메를로랩,20260312000176,주주총회소집공고,20260312,etc
00362122,나래나노텍,20260312000175,주주총회소집공고,20260312,kosdaq
01526806,삼기에너지솔루션즈,20260312000173,[기재정정]주주총회소집공고,20260312,kosdaq
00109189,대덕,20260312000170,주주총회소집공고,20260312,kospi
00534598,한컴라이프케어,20260312000167,[기재정정]주주총회소집공고,20260312,kospi
00414601,유니퀘스트,20260312000164,주주총회소집공고,20260312,kospi
01290132,인터로이드,20260312000158,[기재정정]주주총회소집공고,20260312,konex
00763701,헥토파이낸셜,20260312000153,주주총회소집공고,20260312,kosdaq
01407158,이노테나,20260312000150,주주총회소집공고,20260312,kosdaq
00235183,에이치케이,20260312000149,[기재정정]주주총회소집공고,20260312,kosdaq
00633835,HJ중공업,20260312000143,주주총회소집공고,20260312,kospi
00547510,툴젠,20260312000138,주주총회소집공고,20260312,kosdaq
01124680,보라티알,20260312000135,주주총회소집공고,20260312,kosdaq
00130879,서울식품공업,20260312000126,주주총회소집공고,20260312,kospi
00204642,티비씨,20260312000118,주주총회소집공고,20260312,kosdaq
01419205,피앤에스로보틱스,20260312000117,주주총회소집공고,20260312,kosdaq
00129280,삼화전자공업,20260312000114,주주총회소집공고,20260312,kospi
00136448,신신제약,20260312000106,[기재정정]주주총회소집공고,20260312,kosdaq
01336735,펨토바이오메드,20260312000103,주주총회소집공고,20260312,etc
00132992,성우하이텍,20260312000099,주주총회소집공고,20260312,kosdaq
00228712,동우팜투테이블,20260312000097,주주총회소집공고,20260312,kosdaq
00129271,삼화전기,20260312000093,주주총회소집공고,20260312,kospi
00363927,NE능률,20260312000092,주주총회소집공고,20260312,kosdaq
00160418,한국무브넥스,20260312000088,주주총회소집공고,20260312,kospi
01563922,엠오티,20260312000085,[기재정정]주주총회소집공고,20260312,kosdaq
00442145,아바코,20260312000082,[기재정정]주주총회소집공고,20260312,kosdaq
01207716,앱코,20260312000069,주주총회소집공고,20260312,kosdaq
01761296,한국제12호기업인수목적,20260312000058,주주총회소집공고,20260312,etc
00305570,코스리거글로벌,20260312000056,[기재정정]주주총회소집공고,20260312,kosdaq
00297989,오르비텍,20260312000045,[기재정정]주주총회소집공고,20260312,kosdaq
00159573,한국주철관공업,20260312000040,주주총회소집공고,20260312,kospi
00229030,알멕,20260312000016,[기재정정]주주총회소집공고,20260312,kosdaq
00103006,고려제강,20260312000010,주주총회소집공고,20260312,kospi
00131780,SK네트웍스,20260311004664,[기재정정]주주총회소집공고,20260312,kospi
00583026,멤레이비티,20260311004650,주주총회소집공고,20260312,kosdaq
00201432,비츠로시스,20260311004661,주주총회소집공고,20260312,kosdaq
00609634,아이엠,20260311004659,주주총회소집공고,20260312,etc
00143651,웅진,20260311004663,[기재정정]주주총회소집공고,20260312,kospi
01493793,코셈,20260311004660,주주총회소집공고,20260312,kosdaq
00153375,태광,20260311004656,주주총회소집공고,20260312,kosdaq
00269922,인바디,20260311004647,주주총회소집공고,20260311,kosdaq
01301252,티이엠씨,20260311004644,주주총회소집공고,20260311,kosdaq
00580056,스맥,20260311004639,주주총회소집공고,20260311,kosdaq
00102618,계양전기,20260311004635,주주총회소집공고,20260311,kospi
00143651,웅진,20260311004628,주주총회소집공고,20260311,kospi
00297989,오르비텍,20260311004620,주주총회소집공고,20260311,kosdaq
00160047,한국앤컴퍼니,20260311004621,주주총회소집공고,20260311,kospi
01203312,케이뱅크,20260311004617,주주총회소집공고,20260311,kospi
00684802,에이플러스에셋,20260311004615,주주총회소집공고,20260311,kospi
00628189,웅진씽크빅,20260311004613,주주총회소집공고,20260311,kospi
00591441,어보브반도체,20260311004606,주주총회소집공고,20260311,kosdaq
00138303,아이티센엔텍,20260311004603,[기재정정]주주총회소집공고,20260311,kosdaq
01043853,베노티앤알,20260311004602,주주총회소집공고,20260311,kosdaq
00267942,큐캐피탈,20260311004599,주주총회소집공고,20260311,kosdaq
00161976,한세예스24홀딩스,20260311004596,주주총회소집공고,20260311,kospi
01309795,아틀라스링크,20260311004595,주주총회소집공고,20260311,kosdaq
00656289,코스맥스엔비티,20260311004593,주주총회소집공고,20260311,kosdaq
00362858,예스24,20260311004591,주주총회소집공고,20260311,kosdaq
01399071,고바이오랩,20260311004588,주주총회소집공고,20260311,kosdaq
00784643,성남시민프로축구단,20260311004587,주주총회소집공고,20260311,etc
00120182,NH투자증권,20260311004585,주주총회소집공고,20260311,kospi
00306454,한국정보인증,20260311004581,주주총회소집공고,20260311,kosdaq
00207375,대한뉴팜,20260311004578,[기재정정]주주총회소집공고,20260311,kosdaq
01686427,에스오에스랩,20260311004576,주주총회소집공고,20260311,kosdaq
00105952,LS,20260311004574,주주총회소집공고,20260311,kospi
00357360,한세엠케이,20260311004569,주주총회소집공고,20260311,kospi
00144021,원풍물산,20260311004562,주주총회소집공고,20260311,etc
01187494,덴티스,20260311004561,주주총회소집공고,20260311,kosdaq
01622331,벨로크,20260311004560,주주총회소집공고,20260311,kosdaq
00149947,JW중외제약,20260311004558,[기재정정]주주총회소집공고,20260311,kospi
01429840,아이티아이즈,20260311004551,주주총회소집공고,20260311,kosdaq
00260958,케이티알파,20260311004547,주주총회소집공고,20260311,kosdaq
00397289,오텍,20260311004546,주주총회소집공고,20260311,kosdaq
00225706,JW생명과학,20260311004538,[기재정정]주주총회소집공고,20260311,kospi
00664048,우리넷,20260311004535,주주총회소집공고,20260311,kosdaq
01015160,PS일렉트로닉스,20260311004533,주주총회소집공고,20260311,kosdaq
00126414,삼성제약,20260311004532,주주총회소집공고,20260311,kospi
00146454,일양약품,20260311004528,주주총회소집공고,20260311,kospi
00166500,화천기계,20260311004527,주주총회소집공고,20260311,kospi
00138367,플레이위드,20260311004526,주주총회소집공고,20260311,kosdaq
00307028,경남제약,20260311004525,주주총회소집공고,20260311,kosdaq
01480708,HEM파마,20260311004522,주주총회소집공고,20260311,kosdaq
00139153,에코플라스틱,20260311004520,주주총회소집공고,20260311,kosdaq
01259232,노바텍,20260311004518,주주총회소집공고,20260311,kosdaq
00463582,인천유나이티드,20260311004516,주주총회소집공고,20260311,etc
00163691,유수홀딩스,20260311004514,주주총회소집공고,20260311,kospi
01336762,스피어,20260311004512,주주총회소집공고,20260311,kosdaq
00231354,파워넷,20260311004508,주주총회소집공고,20260311,kosdaq
01467451,KT밀리의서재,20260311004506,주주총회소집공고,20260311,kosdaq
00265005,옴니시스템,20260311004504,주주총회소집공고,20260311,kosdaq
00632304,JW홀딩스,20260311004503,[기재정정]주주총회소집공고,20260311,kospi
01074862,메가스터디교육,20260311004502,주주총회소집공고,20260311,kosdaq
00227333,네패스,20260311004499,주주총회소집공고,20260311,kosdaq
00163196,한일철강,20260311004498,[기재정정]주주총회소집공고,20260311,kospi
00617998,폴라리스세원,20260311004491,주주총회소집공고,20260311,kosdaq
01267684,쿠쿠홈시스,20260311004490,주주총회소집공고,20260311,kospi
01505186,하이딥,20260311004488,주주총회소집공고,20260311,kosdaq
00162832,한일단조,20260311004486,주주총회소집공고,20260311,kosdaq
00258801,카카오,20260311004482,[기재정정]주주총회소집공고,20260311,kospi
01051065,엔비티,20260311004481,주주총회소집공고,20260311,kosdaq
00117601,유안타증권,20260311004478,[기재정정]주주총회소집공고,20260311,kospi
01577952,지투지바이오,20260311004475,주주총회소집공고,20260311,kosdaq
00145437,아센디오,20260311004472,주주총회소집공고,20260311,kospi
00130763,서울반도체,20260311004470,주주총회소집공고,20260311,kosdaq
00553025,데이터스트림즈,20260311004469,주주총회소집공고,20260311,konex
00123772,부국증권,20260311004468,주주총회소집공고,20260311,kospi
00187415,코미팜,20260311004463,주주총회소집공고,20260311,kosdaq
00622787,바이오노트,20260311004461,[기재정정]주주총회소집공고,20260311,kospi
00101628,경방,20260311004460,주주총회소집공고,20260311,kospi
00129679,녹십자,20260311004456,주주총회소집공고,20260311,kospi
01641600,에이럭스,20260311004454,주주총회소집공고,20260311,kosdaq
00540863,GST,20260311004447,주주총회소집공고,20260311,kosdaq
00327819,선익시스템,20260311004446,주주총회소집공고,20260311,kosdaq
00111999,대원제약,20260311004444,[기재정정]주주총회소집공고,20260311,kospi
00105040,뉴인텍,20260311004438,주주총회소집공고,20260311,kosdaq
00603348,케이아이엔엑스,20260311004436,주주총회소집공고,20260311,kosdaq
00879020,유니트론텍,20260311004435,주주총회소집공고,20260311,kosdaq
00860332,메리츠금융지주,20260311004433,[기재정정]주주총회소집공고,20260311,kospi
01315042,시선AI,20260311004431,주주총회소집공고,20260311,kosdaq
00122472,PKC,20260311004429,주주총회소집공고,20260311,kospi
00303873,CJ CGV,20260311004427,[기재정정]주주총회소집공고,20260311,kospi
01168684,스튜디오드래곤,20260311004426,주주총회소집공고,20260311,kosdaq
01594791,나우로보틱스,20260311004425,주주총회소집공고,20260311,kosdaq
00608699,엔키AX,20260311004421,주주총회소집공고,20260311,kosdaq
00569646,영우디에스피,20260311004420,주주총회소집공고,20260311,kosdaq
00124805,푸른저축은행,20260311004419,주주총회소집공고,20260311,kosdaq
00562245,태웅로직스,20260311004415,주주총회소집공고,20260311,kosdaq
00377018,기가레인,20260311004414,주주총회소집공고,20260311,kosdaq
00162416,한양증권,20260311004413,주주총회소집공고,20260311,kospi
00115977,아이에스동서,20260311004411,주주총회소집공고,20260311,kospi
01010110,더블유게임즈,20260311004409,주주총회소집공고,20260311,kospi
01219155,네오크레마,20260311004407,주주총회소집공고,20260311,kosdaq
00163114,서연,20260311004406,주주총회소집공고,20260311,kospi
00506294,가비아,20260311004404,주주총회소집공고,20260311,kosdaq
01381391,에스피소프트,20260311004403,주주총회소집공고,20260311,kosdaq
00103130,MDS스피어,20260311004396,주주총회소집공고,20260311,kospi
00153126,크라운해태홀딩스,20260311004392,주주총회소집공고,20260311,kospi
00360595,현대글로비스,20260311004391,[기재정정]주주총회소집공고,20260311,kospi
01335930,티움바이오,20260311004386,주주총회소집공고,20260311,kosdaq
00138303,아이티센엔텍,20260311004377,주주총회소집공고,20260311,kosdaq
00105475,금강철강,20260311004376,주주총회소집공고,20260311,kosdaq
00449379,도이치모터스,20260311004368,주주총회소집공고,20260311,kosdaq
01205329,크라운제과,20260311004367,주주총회소집공고,20260311,kospi
00313649,현대바이오,20260311004366,[기재정정]주주총회소집공고,20260311,kosdaq
00447760,미래컴퍼니,20260311004365,주주총회소집공고,20260311,kosdaq
00133335,성창기업지주,20260311004361,주주총회소집공고,20260311,kospi
00814786,티엔엔터테인먼트,20260311004360,주주총회소집공고,20260311,kosdaq
01042650,큐리언트,20260311004359,주주총회소집공고,20260311,kosdaq
00219440,휴맥스홀딩스,20260311004358,주주총회소집공고,20260311,kosdaq
00365758,아이앤씨,20260311004357,[기재정정]주주총회소집공고,20260311,kosdaq
00410997,누리플랜,20260311004356,주주총회소집공고,20260311,kosdaq
01412725,두산퓨얼셀,20260311004355,주주총회소집공고,20260311,kospi
01374443,인투셀,20260311004348,주주총회소집공고,20260311,kosdaq
00527002,화인써키트,20260311004345,주주총회소집공고,20260311,kosdaq
00176914,다우기술,20260311004340,주주총회소집공고,20260311,kospi
00166528,서암기계공업,20260311004338,주주총회소집공고,20260311,kosdaq
00219574,코스맥스비티아이,20260311004336,주주총회소집공고,20260311,kospi
00200910,아이즈비전,20260311004328,주주총회소집공고,20260311,kosdaq
01038693,드림시큐리티,20260311004325,주주총회소집공고,20260311,kosdaq
01211232,코윈로보틱스,20260311004324,주주총회소집공고,20260311,kosdaq
00178790,동양이엔피,20260311004323,주주총회소집공고,20260311,kosdaq
01230255,한울앤제주,20260311004316,주주총회소집공고,20260311,kosdaq
01492217,엑셀세라퓨틱스,20260311004313,주주총회소집공고,20260311,kosdaq
01290132,인터로이드,20260311004312,주주총회소집공고,20260311,konex
00351427,와이즈넛,20260311004311,주주총회소집공고,20260311,kosdaq
00492706,씨싸이트,20260311004310,주주총회소집공고,20260311,kosdaq
00481454,금호타이어,20260311004309,주주총회소집공고,20260311,kospi
00303794,쇼박스,20260311004305,주주총회소집공고,20260311,kosdaq
00264547,KG이니시스,20260311004303,주주총회소집공고,20260311,kosdaq
00756163,볼빅,20260311004296,주주총회소집공고,20260311,konex
01113499,아이티센피엔에스,20260311004294,주주총회소집공고,20260311,kosdaq
01061558,덕산네오룩스,20260311004282,주주총회소집공고,20260311,kosdaq
00681249,씨유메디칼,20260311004281,주주총회소집공고,20260311,kosdaq
00172291,더존비즈온,20260311004280,주주총회소집공고,20260311,etc
00187725,코콤,20260311004273,주주총회소집공고,20260311,kosdaq
01372782,엑스게이트,20260311004270,주주총회소집공고,20260311,kosdaq
01492688,드림인사이트,20260311004266,주주총회소집공고,20260311,kosdaq
00575106,씨유테크,20260311004260,주주총회소집공고,20260311,kosdaq
01787355,나라스페이스테크놀로지,20260311004259,주주총회소집공고,20260311,kosdaq
00351092,삼보모터스,20260311004258,주주총회소집공고,20260311,kosdaq
00276834,KX하이텍,20260311004255,주주총회소집공고,20260311,kosdaq
00116426,이렘,20260311004254,주주총회소집공고,20260311,kosdaq
00261009,감성코퍼레이션,20260311004251,주주총회소집공고,20260311,kosdaq
00132868,우성머티리얼스,20260311004250,주주총회소집공고,20260311,kospi
00132725,SB성보,20260311004249,주주총회소집공고,20260311,kospi
01309069,타이드,20260311004246,주주총회소집공고,20260311,konex
01099861,에이텍모빌리티,20260311004245,주주총회소집공고,20260311,kosdaq
00339072,팬스타엔터프라이즈,20260311004243,주주총회소집공고,20260311,kosdaq
00287812,에코심플렉스,20260311004241,주주총회소집공고,20260311,kosdaq
01507722,켈스,20260311004240,주주총회소집공고,20260311,konex
00137234,모베이스전자,20260311004234,[기재정정]주주총회소집공고,20260311,kosdaq
00145437,아센디오,20260311004230,주주총회소집공고,20260311,kospi
00666204,제너셈,20260311004222,주주총회소집공고,20260311,kosdaq
01416572,세림B&G,20260311004215,주주총회소집공고,20260311,kosdaq
00216498,성도이엔지,20260311004213,주주총회소집공고,20260311,kosdaq
00365590,HLB생명과학,20260311004211,주주총회소집공고,20260311,kosdaq
00161125,한온시스템,20260311004210,주주총회소집공고,20260311,kospi
01018802,엔솔바이오사이언스,20260311004207,주주총회소집공고,20260311,konex
00153621,참엔지니어링,20260311004202,주주총회소집공고,20260311,kospi
00479787,인텍플러스,20260311004201,주주총회소집공고,20260311,kosdaq
00372688,티사이언티픽,20260311004199,주주총회소집공고,20260311,kosdaq
00115694,DB증권,20260311004198,주주총회소집공고,20260311,kospi
00937324,한국타이어앤테크놀로지,20260311004197,[기재정정]주주총회소집공고,20260311,kospi
00137252,사조동아원,20260311004196,주주총회소집공고,20260311,kospi
00606886,엔지켐생명과학,20260311004195,주주총회소집공고,20260311,kosdaq
00364740,머큐리,20260311004193,주주총회소집공고,20260311,kosdaq
00537832,푸른로보틱스,20260311004191,주주총회소집공고,20260311,kosdaq
00256715,국순당,20260311004189,주주총회소집공고,20260311,kosdaq
00117337,동양,20260311004188,주주총회소집공고,20260311,kospi
00187770,한국파마,20260311004185,주주총회소집공고,20260311,kosdaq
01136348,나무AX,20260311004179,주주총회소집공고,20260311,kosdaq
00153861,태영건설,20260311004164,주주총회소집공고,20260311,kospi
00632845,노랑풍선,20260311004160,주주총회소집공고,20260311,kosdaq
01264234,엘에이티,20260311004157,주주총회소집공고,20260311,konex
00576789,디젠스,20260311004156,주주총회소집공고,20260311,kosdaq
01031502,코아시아씨엠,20260311004155,주주총회소집공고,20260311,kosdaq
01458161,티엑스알로보틱스,20260311004153,주주총회소집공고,20260311,kosdaq
00763473,코스메카코리아,20260311004151,주주총회소집공고,20260311,kosdaq
00446901,코칩,20260311004145,주주총회소집공고,20260311,kosdaq
00151298,DSR제강,20260311004144,주주총회소집공고,20260311,kospi
01009789,코스맥스,20260311004143,주주총회소집공고,20260311,kospi
00149646,기업은행,20260311004141,주주총회소집공고,20260311,kospi
01358463,현대무벡스,20260311004140,주주총회소집공고,20260311,kosdaq
00363769,NICE인프라,20260311004137,주주총회소집공고,20260311,kosdaq
00605522,아리바이오홀딩스,20260311004136,주주총회소집공고,20260311,kosdaq
00474588,한중엔시에스,20260311004133,주주총회소집공고,20260311,kosdaq
00137809,SHD,20260311004129,주주총회소집공고,20260311,kospi
00864338,웹스,20260311004128,[기재정정]주주총회소집공고,20260311,kosdaq
00103176,흥국화재,20260311004124,주주총회소집공고,20260311,kospi
01067808,넵튠,20260311004121,주주총회소집공고,20260311,kosdaq
00117230,TYM,20260311004120,주주총회소집공고,20260311,kospi
01291317,더블유씨피,20260311004111,주주총회소집공고,20260311,kosdaq
00247975,솔브레인홀딩스,20260311004112,주주총회소집공고,20260311,kosdaq
00983934,아이스크림에듀,20260311004109,주주총회소집공고,20260311,kosdaq
00389998,한성크린텍,20260311004108,주주총회소집공고,20260311,kosdaq
00495633,율촌,20260311004104,주주총회소집공고,20260311,kosdaq
00607496,한빛레이저,20260311004102,주주총회소집공고,20260311,kosdaq
00365758,아이앤씨,20260311004097,[기재정정]주주총회소집공고,20260311,kosdaq
00442145,아바코,20260311004094,주주총회소집공고,20260311,kosdaq
00540571,엘디티,20260311004089,주주총회소집공고,20260311,kosdaq
00404941,한텍,20260311004088,[기재정정]주주총회소집공고,20260311,kosdaq
00264255,바텍,20260311004085,주주총회소집공고,20260311,kosdaq
01142260,에스엠씨지,20260311004082,주주총회소집공고,20260311,kosdaq
00319272,성우,20260311004081,주주총회소집공고,20260311,kosdaq
00761059,펌텍코리아,20260311004080,[기재정정]주주총회소집공고,20260311,kosdaq
00126955,삼양식품,20260311004079,주주총회소집공고,20260311,kospi
00494476,이녹스,20260311004076,주주총회소집공고,20260311,kosdaq
00299464,초록뱀미디어,20260311004072,주주총회소집공고,20260311,kosdaq
00365758,아이앤씨,20260311004066,주주총회소집공고,20260311,kosdaq
00123523,창해에탄올,20260311004059,[기재정정]주주총회소집공고,20260311,kosdaq
00372873,KTis,20260311004054,주주총회소집공고,20260311,kospi
00131896,선광,20260311004051,주주총회소집공고,20260311,kosdaq
00372129,전진건설로봇,20260311004050,주주총회소집공고,20260311,kospi
01108248,지노믹트리,20260311004048,주주총회소집공고,20260311,kosdaq
00923516,메가터치,20260311004045,주주총회소집공고,20260311,kosdaq
00765462,씨에스베어링,20260311004041,주주총회소집공고,20260311,kosdaq
00123523,창해에탄올,20260311004035,[기재정정]주주총회소집공고,20260311,kosdaq
00296078,APS,20260311004023,주주총회소집공고,20260311,kosdaq
01020843,원익피앤이,20260311004022,주주총회소집공고,20260311,kosdaq
00102432,계룡건설산업,20260311004020,주주총회소집공고,20260311,kospi
00922304,아셈스,20260311004019,주주총회소집공고,20260311,kosdaq
00164645,HMM,20260311004017,주주총회소집공고,20260311,kospi
00562360,에코볼트,20260311004015,주주총회소집공고,20260311,kosdaq
01135084,에스와이스틸텍,20260311004011,주주총회소집공고,20260311,kosdaq
00260657,오상헬스케어,20260311004010,주주총회소집공고,20260311,kosdaq
00864338,웹스,20260311004009,주주총회소집공고,20260311,kosdaq
00125521,에스엘,20260311004008,주주총회소집공고,20260311,kospi
01519790,엠앤씨솔루션,20260311004007,주주총회소집공고,20260311,kospi
00904672,넷마블,20260311003998,주주총회소집공고,20260311,kospi
01405585,윙스풋,20260311003996,주주총회소집공고,20260311,kosdaq
00105606,금호에이치티,20260311003992,주주총회소집공고,20260311,kospi
00108649,TPC로보틱스,20260311003987,주주총회소집공고,20260311,kosdaq
01031229,한국비티비,20260311003986,주주총회소집공고,20260311,kosdaq
00137234,모베이스전자,20260311003985,주주총회소집공고,20260311,kosdaq
00252269,아이에이,20260311003984,[기재정정]주주총회소집공고,20260311,kosdaq
00127954,CJ프레시웨이,20260311003983,주주총회소집공고,20260311,kosdaq
00108135,녹십자홀딩스,20260311003982,주주총회소집공고,20260311,kospi
00258102,지엔코,20260311003978,주주총회소집공고,20260311,kosdaq
00618410,KS인더스트리,20260311003977,주주총회소집공고,20260311,kosdaq
01113718,올릭스,20260311003974,주주총회소집공고,20260311,kosdaq
00959210,코츠테크놀로지,20260311003971,주주총회소집공고,20260311,kosdaq
01491607,오에스피,20260311003967,주주총회소집공고,20260311,kosdaq
00178851,동양에스텍,20260311003964,주주총회소집공고,20260311,kosdaq
00171636,한솔홀딩스,20260311003962,[기재정정]주주총회소집공고,20260311,kospi
00787057,휴맥스,20260311003959,주주총회소집공고,20260311,kosdaq
01146220,팸텍,20260311003956,주주총회소집공고,20260311,kosdaq
00115065,동남합성,20260311003955,주주총회소집공고,20260311,kospi
00788773,씨젠,20260311003954,주주총회소집공고,20260311,kosdaq
00123523,창해에탄올,20260311003953,[기재정정]주주총회소집공고,20260311,kosdaq
00462121,LIG아큐버,20260311003952,주주총회소집공고,20260311,kosdaq
00118284,동일금속,20260311003951,주주총회소집공고,20260311,kosdaq
00525642,코오롱생명과학,20260311003946,주주총회소집공고,20260311,kosdaq
00122579,BYC,20260311003945,주주총회소집공고,20260311,kospi
01516368,산돌,20260311003944,[기재정정]주주총회소집공고,20260311,kosdaq
00112970,대한방직,20260311003942,주주총회소집공고,20260311,kospi
00829380,피제이메탈,20260311003935,주주총회소집공고,20260311,kosdaq
00961507,케일럼,20260311003934,주주총회소집공고,20260311,kosdaq
00138260,SIMPAC,20260311003933,주주총회소집공고,20260311,kospi
00124799,사조산업,20260311003932,주주총회소집공고,20260311,kospi
00146560,일지테크,20260311003928,주주총회소집공고,20260311,kosdaq
00992871,종근당,20260311003926,주주총회소집공고,20260311,kospi
00103547,우진비앤지,20260311003924,주주총회소집공고,20260311,kosdaq
01139035,티에스아이,20260311003920,주주총회소집공고,20260311,kosdaq
00253985,국보디자인,20260311003916,주주총회소집공고,20260311,kosdaq
00657783,모델솔루션,20260311003912,주주총회소집공고,20260311,kosdaq
00986898,팜스빌,20260311003911,주주총회소집공고,20260311,kosdaq
00114792,동국홀딩스,20260311003904,주주총회소집공고,20260311,kospi
01945339,신영스팩11호,20260311003902,주주총회소집공고,20260311,kosdaq
00531014,유진테크,20260311003901,주주총회소집공고,20260311,kosdaq
00670340,씨에스윈드,20260311003899,주주총회소집공고,20260311,kospi
00112457,대주산업,20260311003898,주주총회소집공고,20260311,kosdaq
00256043,비씨월드제약,20260311003895,주주총회소집공고,20260311,kosdaq
00486705,아주스틸,20260311003894,주주총회소집공고,20260311,kospi
00441447,케이씨티,20260311003893,주주총회소집공고,20260311,kosdaq
00545929,제넥신,20260311003890,주주총회소집공고,20260311,kosdaq
01796858,신영해피투모로우제10호기업인수목적,20260311003883,주주총회소집공고,20260311,etc
01237540,이녹스첨단소재,20260311003882,[기재정정]주주총회소집공고,20260311,kosdaq
01803635,에스투더블유,20260311003881,주주총회소집공고,20260311,kosdaq
00177816,대주전자재료,20260311003880,주주총회소집공고,20260311,kosdaq
00409681,아스트,20260311003879,주주총회소집공고,20260311,kosdaq
00645089,NHN벅스,20260311003877,주주총회소집공고,20260311,kosdaq
00267906,베뉴지,20260311003875,주주총회소집공고,20260311,kosdaq
00162063,한신공영,20260311003874,주주총회소집공고,20260311,kospi
00659976,영화테크,20260311003872,주주총회소집공고,20260311,kosdaq
01222432,에스제이그룹,20260311003866,주주총회소집공고,20260311,kosdaq
00166175,대호특수강,20260311003865,주주총회소집공고,20260311,kosdaq
00136448,신신제약,20260311003861,주주총회소집공고,20260311,kosdaq
01555215,스마트레이더시스템,20260311003860,주주총회소집공고,20260311,kosdaq
01764099,링크솔루션,20260311003858,주주총회소집공고,20260311,kosdaq
00765851,위더스제약,20260311003856,주주총회소집공고,20260311,kosdaq
01335790,바이젠셀,20260311003852,주주총회소집공고,20260311,kosdaq
01495180,파로스아이바이오,20260311003849,주주총회소집공고,20260311,kosdaq
00123523,창해에탄올,20260311003847,주주총회소집공고,20260311,kosdaq
01288410,셀바이오휴먼텍,20260311003846,주주총회소집공고,20260311,kosdaq
01815764,이베스트스팩6호,20260311003845,주주총회소집공고,20260311,kosdaq
00992543,LK삼양,20260311003843,주주총회소집공고,20260311,kosdaq
00335076,오픈베이스,20260311003842,주주총회소집공고,20260311,kosdaq
01042775,HL만도,20260311003837,주주총회소집공고,20260311,kospi
00683007,퀀텀레일,20260311003831,주주총회소집공고,20260311,kosdaq
01906552,엘에스스팩1호,20260311003830,주주총회소집공고,20260311,kosdaq
00380429,CMG제약,20260311003826,주주총회소집공고,20260311,kosdaq
00130684,서울도시가스,20260311003825,주주총회소집공고,20260311,kospi
00493510,뉴프렉스,20260311003824,주주총회소집공고,20260311,kosdaq
00349097,케이티스카이라이프,20260311003823,주주총회소집공고,20260311,kospi
01189438,HLB바이오스텝,20260311003821,주주총회소집공고,20260311,kosdaq
00569691,디엔에프,20260311003818,주주총회소집공고,20260311,kosdaq
00299002,HL홀딩스,20260311003813,주주총회소집공고,20260311,kospi
00168331,온타이드,20260311003812,주주총회소집공고,20260311,kospi
01042429,넥써쓰,20260311003806,주주총회소집공고,20260311,kosdaq
00493185,제이스로보틱스,20260311003803,주주총회소집공고,20260311,kosdaq
00207375,대한뉴팜,20260311003802,주주총회소집공고,20260311,kosdaq
00359395,헬릭스미스,20260311003799,주주총회소집공고,20260311,kosdaq
01563667,더즌,20260311003797,주주총회소집공고,20260311,kosdaq
01398151,밸로프,20260311003796,주주총회소집공고,20260311,kosdaq
00769158,케이엔제이,20260311003794,주주총회소집공고,20260311,kosdaq
00799177,삼기,20260311003789,주주총회소집공고,20260311,kosdaq
01013311,헥토이노베이션,20260311003788,주주총회소집공고,20260311,kosdaq
01359736,프로이천,20260311003780,[기재정정]주주총회소집공고,20260311,kosdaq
00118026,동원산업,20260311003778,주주총회소집공고,20260311,kospi
01569102,라이콤,20260311003775,주주총회소집공고,20260311,kosdaq
00270113,멕아이씨에스,20260311003772,[기재정정]주주총회소집공고,20260311,kosdaq
00301112,삼화네트웍스,20260311003768,주주총회소집공고,20260311,kosdaq
00927558,유바이오로직스,20260311003765,주주총회소집공고,20260311,kosdaq
01626391,오가노이드사이언스,20260311003764,주주총회소집공고,20260311,kosdaq
00148993,하이트진로홀딩스,20260311003758,주주총회소집공고,20260311,kospi
00106368,금호석유화학,20260311003757,주주총회소집공고,20260311,kospi
00550082,빅텐츠,20260311003756,주주총회소집공고,20260311,kosdaq
01116344,이비테크,20260311003753,주주총회소집공고,20260311,konex
00659161,싸이맥스,20260311003748,주주총회소집공고,20260311,kosdaq
00264228,위즈코프,20260311003743,주주총회소집공고,20260311,kosdaq
00939331,한국콜마,20260311003742,주주총회소집공고,20260311,kospi
00139764,에넥스,20260311003741,주주총회소집공고,20260311,kospi
00525864,피앤씨테크,20260311003739,주주총회소집공고,20260311,kosdaq
01292291,파두,20260311003737,주주총회소집공고,20260311,kosdaq
01157235,아스타,20260311003736,주주총회소집공고,20260311,kosdaq
01085026,유진테크놀로지,20260311003735,[기재정정]주주총회소집공고,20260311,kosdaq
00990819,아티스트스튜디오,20260311003733,주주총회소집공고,20260311,kosdaq
00555874,제주항공,20260311003732,주주총회소집공고,20260311,kospi
00135795,신도리코,20260311003731,주주총회소집공고,20260311,kospi
00106395,금호전기,20260311003729,주주총회소집공고,20260311,kospi
00134565,이스타코,20260311003726,[기재정정]주주총회소집공고,20260311,kospi
01199189,이랜시스,20260311003717,주주총회소집공고,20260311,kosdaq
00761952,아나패스,20260311003713,주주총회소집공고,20260311,kosdaq
01526806,삼기에너지솔루션즈,20260311003710,주주총회소집공고,20260311,kosdaq
00366137,KG에코솔루션,20260311003708,주주총회소집공고,20260311,kosdaq
01033591,큐알티,20260311003706,주주총회소집공고,20260311,kosdaq
00131939,선도전기,20260311003698,주주총회소집공고,20260311,kospi
01222867,제테마,20260311003696,주주총회소집공고,20260311,kosdaq
00660291,옵티시스,20260311003695,주주총회소집공고,20260311,kosdaq
01366824,제이엠멀티,20260311003692,주주총회소집공고,20260311,konex
01297898,마음AI,20260311003691,주주총회소집공고,20260311,kosdaq
00173698,신일전자,20260311003690,주주총회소집공고,20260311,kospi
00124726,빙그레,20260311003689,주주총회소집공고,20260311,kospi
01150515,대명에너지,20260311003685,주주총회소집공고,20260311,kosdaq
00688358,하이즈항공,20260311003679,주주총회소집공고,20260311,kosdaq
00109781,대림제지,20260311003678,주주총회소집공고,20260311,kosdaq
00450995,대모,20260311003676,주주총회소집공고,20260311,kosdaq
00958664,신스틸,20260311003675,주주총회소집공고,20260311,kosdaq
00233653,한국토지신탁,20260311003673,주주총회소집공고,20260311,kospi
00459871,농심홀딩스,20260311003668,주주총회소집공고,20260311,kospi
00159500,한국종합기술,20260311003667,주주총회소집공고,20260311,kospi
00456218,모두투어,20260311003666,주주총회소집공고,20260311,kosdaq
00911229,라온로보틱스,20260311003663,주주총회소집공고,20260311,kosdaq
01174038,자비스,20260311003660,주주총회소집공고,20260311,kosdaq
00117027,알루코,20260311003658,주주총회소집공고,20260311,kospi
01854392,유진스팩11호,20260311003653,주주총회소집공고,20260311,kosdaq
00198192,한국팩키지,20260311003652,주주총회소집공고,20260311,kosdaq
00384762,파커스,20260311003650,주주총회소집공고,20260311,kosdaq
00313649,현대바이오,20260311003648,주주총회소집공고,20260311,kosdaq
00174004,유성기업,20260311003646,주주총회소집공고,20260311,kospi
00264714,SG&G,20260311003645,주주총회소집공고,20260311,kosdaq
00359076,브리지텍,20260311003644,주주총회소집공고,20260311,kosdaq
01708163,엔알비,20260311003640,주주총회소집공고,20260311,kosdaq
00885906,에이치와이티씨,20260311003633,주주총회소집공고,20260311,kosdaq
00445054,하나마이크론,20260311003632,주주총회소집공고,20260311,kosdaq
01397772,큐라클,20260311003631,주주총회소집공고,20260311,kosdaq
01328170,노드메이슨,20260311003629,주주총회소집공고,20260311,konex
00369833,유니온머티리얼,20260311003626,주주총회소집공고,20260311,kospi
00229030,알멕,20260311003624,[기재정정]주주총회소집공고,20260311,kosdaq
01042359,지엘팜텍,20260311003622,주주총회소집공고,20260311,kosdaq
00146214,일성아이에스,20260311003615,주주총회소집공고,20260311,kospi
01046708,바디텍메드,20260311003612,[기재정정]주주총회소집공고,20260311,kosdaq
00129420,까뮤이앤씨,20260311003605,주주총회소집공고,20260311,kospi
00231901,LB인베스트먼트,20260311003604,주주총회소집공고,20260311,kosdaq
01368354,네패스아크,20260311003601,주주총회소집공고,20260311,kosdaq
01042085,엑셈,20260311003598,주주총회소집공고,20260311,kosdaq
00447928,네오티스,20260311003597,주주총회소집공고,20260311,kosdaq
01801822,SK증권제13호스팩,20260311003596,주주총회소집공고,20260311,kosdaq
01829819,아크릴,20260311003595,주주총회소집공고,20260311,kosdaq
01663569,하스,20260311003594,주주총회소집공고,20260311,kosdaq
00534701,HT로보틱스,20260311003592,주주총회소집공고,20260311,kosdaq
01605282,닷밀,20260311003588,주주총회소집공고,20260311,kosdaq
00130383,서부T&D,20260311003584,주주총회소집공고,20260311,kosdaq
00675594,디티앤씨,20260311003582,주주총회소집공고,20260311,kosdaq
00112651,대창,20260311003579,주주총회소집공고,20260311,kospi
00150244,하이트진로,20260311003575,주주총회소집공고,20260311,kospi
00151128,모토닉,20260311003574,주주총회소집공고,20260311,kospi
00787376,대성에너지,20260311003570,주주총회소집공고,20260311,kospi
00143794,원림,20260311003568,주주총회소집공고,20260311,kospi
00520610,씨큐브,20260311003567,주주총회소집공고,20260311,kosdaq
00167031,흥국,20260311003561,주주총회소집공고,20260311,kosdaq
00923826,일월지엠엘,20260311003559,주주총회소집공고,20260311,kosdaq
00759294,와이솔,20260311003558,주주총회소집공고,20260311,kosdaq
00229030,알멕,20260311003556,주주총회소집공고,20260311,kosdaq
00121941,대상,20260311003555,[기재정정]주주총회소집공고,20260311,kospi
01797440,SK증권제11호스팩,20260311003552,주주총회소집공고,20260311,kosdaq
00807397,코이즈,20260311003551,주주총회소집공고,20260311,etc
00101433,경농,20260311003550,주주총회소집공고,20260311,kospi
00173078,명신산업,20260311003549,주주총회소집공고,20260311,kospi
00244783,한네트,20260311003546,주주총회소집공고,20260311,kosdaq
01546101,아이엠티,20260311003545,주주총회소집공고,20260311,kosdaq
01516368,산돌,20260311003540,주주총회소집공고,20260311,kosdaq
00128032,삼일제약,20260311003538,주주총회소집공고,20260311,kospi
01884065,디비금융제14호스팩,20260311003535,주주총회소집공고,20260311,kosdaq
00139454,애경산업,20260311003532,주주총회소집공고,20260311,kospi
00127909,삼일,20260311003530,주주총회소집공고,20260311,kosdaq
00133876,세보엠이씨,20260311003526,주주총회소집공고,20260311,kosdaq
01798722,SK증권제12호스팩,20260311003525,주주총회소집공고,20260311,kosdaq
00305297,코텍,20260311003523,주주총회소집공고,20260311,kosdaq
00892526,디케이앤디,20260311003513,주주총회소집공고,20260311,kosdaq
00537337,앤씨앤,20260311003512,주주총회소집공고,20260311,kosdaq
01157846,바이오포트,20260311003511,주주총회소집공고,20260311,kosdaq
00161781,아난티,20260311003510,주주총회소집공고,20260311,kosdaq
00113359,교보증권,20260311003507,주주총회소집공고,20260311,kospi
01136001,나노실리칸첨단소재,20260311003499,주주총회소집공고,20260311,kosdaq
01639508,뉴엔AI,20260311003498,주주총회소집공고,20260311,kosdaq
01814589,디비금융스팩12호,20260311003496,주주총회소집공고,20260311,kosdaq
00260879,카페24,20260311003495,주주총회소집공고,20260311,kosdaq
00117629,KBI동양철관,20260311003492,주주총회소집공고,20260311,kospi
00482426,인화정공,20260311003490,[기재정정]주주총회소집공고,20260311,kosdaq
01857991,디비금융제13호스팩,20260311003488,주주총회소집공고,20260311,kosdaq
00869272,서전기전,20260311003487,주주총회소집공고,20260311,kosdaq
00121039,명문제약,20260311003481,주주총회소집공고,20260311,kospi
00232821,에이치엠넥스,20260311003480,주주총회소집공고,20260311,kosdaq
00134565,이스타코,20260311003479,주주총회소집공고,20260311,kospi
00160232,KSS해운,20260311003478,주주총회소집공고,20260311,kospi
00191287,대동금속,20260311003473,주주총회소집공고,20260311,kosdaq
00163318,모헨즈,20260311003472,주주총회소집공고,20260311,kosdaq
00123781,부국철강,20260311003471,주주총회소집공고,20260311,kospi
00226352,케이엠더블유,20260311003467,주주총회소집공고,20260311,kosdaq
00309460,HB인베스트먼트,20260311003466,주주총회소집공고,20260311,kosdaq
00109268,대동스틸,20260311003464,주주총회소집공고,20260311,kosdaq
00113207,대한전선,20260311003462,주주총회소집공고,20260311,kospi
01408999,웨이버스,20260311003457,주주총회소집공고,20260311,kosdaq
01678312,아이빔테크놀로지,20260311003455,주주총회소집공고,20260311,kosdaq
00128111,포스코엠텍,20260311003454,주주총회소집공고,20260311,kosdaq
00532059,그린생명과학,20260311003453,주주총회소집공고,20260311,kosdaq
01071944,미래생명자원,20260311003452,주주총회소집공고,20260311,kosdaq
00862880,새빗켐,20260311003449,주주총회소집공고,20260311,kosdaq
00112022,대원화성,20260311003446,주주총회소집공고,20260311,kospi
00142883,우신시스템,20260311003444,주주총회소집공고,20260311,kospi
00156956,한국기업평가,20260311003445,[기재정정]주주총회소집공고,20260311,kosdaq
01115044,안지오랩,20260311003442,주주총회소집공고,20260311,konex
00565215,아이티센코어,20260311003436,주주총회소집공고,20260311,konex
00535746,컴투스홀딩스,20260311003433,주주총회소집공고,20260311,kosdaq
00441304,가온그룹,20260311003428,[기재정정]주주총회소집공고,20260311,kosdaq
00167192,넥센,20260311003426,주주총회소집공고,20260311,kospi
00119195,동화약품,20260311003422,[기재정정]주주총회소집공고,20260311,kospi
00147994,새로닉스,20260311003421,주주총회소집공고,20260311,kosdaq
00442905,디에스엠,20260311003419,주주총회소집공고,20260311,kosdaq
01365384,이성씨엔아이,20260311003416,주주총회소집공고,20260311,konex
00119195,동화약품,20260311003415,주주총회소집공고,20260311,kospi
01518506,타조이엔터테인먼트,20260311003413,주주총회소집공고,20260311,konex
00352064,프리엠스,20260311003412,주주총회소집공고,20260311,kosdaq
00921916,석경에이티,20260311003410,주주총회소집공고,20260311,kosdaq
00169215,에너토크,20260311003409,주주총회소집공고,20260311,kosdaq
01146822,아이퀘스트,20260311003407,주주총회소집공고,20260311,kosdaq
00596677,매커스,20260311003406,주주총회소집공고,20260311,kosdaq
00155452,풍국주정,20260311003403,주주총회소집공고,20260311,kosdaq
01563922,엠오티,20260311003398,주주총회소집공고,20260311,kosdaq
00550994,아이센스,20260311003397,주주총회소집공고,20260311,kosdaq
00108001,남화토건,20260311003394,주주총회소집공고,20260311,kosdaq
00126788,삼아제약,20260311003393,주주총회소집공고,20260311,kosdaq
00366845,탑엔지니어링,20260311003391,주주총회소집공고,20260311,kosdaq
00531829,엠아이텍,20260311003389,주주총회소집공고,20260311,kosdaq
01725160,한화플러스제4호기업인수목적,20260311003388,주주총회소집공고,20260311,etc
00137368,신풍,20260311003387,주주총회소집공고,20260311,kospi
00536541,에코프로,20260311003383,[기재정정]주주총회소집공고,20260311,kosdaq
01702017,유니드비티플러스,20260311003380,주주총회소집공고,20260311,kospi
01046708,바디텍메드,20260311003376,주주총회소집공고,20260311,kosdaq
00623661,원익머트리얼즈,20260311003375,주주총회소집공고,20260311,kosdaq
01117422,나눔테크,20260311003371,주주총회소집공고,20260311,konex
00102113,경인양행,20260311003370,주주총회소집공고,20260311,kospi
00160588,한화,20260311003368,주주총회소집공고,20260311,kospi
00788737,이퓨쳐,20260311003367,주주총회소집공고,20260311,kosdaq
00694942,이미지스,20260311003362,주주총회소집공고,20260311,kosdaq
00159698,지역난방공사,20260311003359,[기재정정]주주총회소집공고,20260311,kospi
00398808,디지털대성,20260311003358,주주총회소집공고,20260311,kosdaq
00534598,한컴라이프케어,20260311003355,[기재정정]주주총회소집공고,20260311,kospi
00119672,두올,20260311003353,주주총회소집공고,20260311,kospi
01554508,액스비스,20260311003352,주주총회소집공고,20260311,kosdaq
00144720,와이투솔루션,20260311003351,주주총회소집공고,20260311,kospi
00816933,진영,20260311003347,주주총회소집공고,20260311,kosdaq
00338170,이닉스,20260311003344,주주총회소집공고,20260311,kosdaq
00936787,애경케미칼,20260311003331,[기재정정]주주총회소집공고,20260311,kospi
00447609,비에이치,20260311003328,주주총회소집공고,20260311,kospi
00156910,SBI인베스트먼트,20260311003326,주주총회소집공고,20260311,kosdaq
01744703,에스케이증권제10호기업인수목적,20260311003325,주주총회소집공고,20260311,etc
00165343,혜인,20260311003324,[기재정정]주주총회소집공고,20260311,kospi
01137903,디케이티,20260311003320,주주총회소집공고,20260311,kosdaq
00667373,현대힘스,20260311003318,주주총회소집공고,20260311,kosdaq
00604028,피코그램,20260311003317,주주총회소집공고,20260311,kosdaq
00441650,케이씨에스,20260311003316,주주총회소집공고,20260311,kosdaq
00924931,엔비알모션,20260311003315,주주총회소집공고,20260311,kosdaq
00374020,이엘피,20260311003312,주주총회소집공고,20260311,kosdaq
00238199,로지시스,20260311003311,주주총회소집공고,20260311,kosdaq
00765569,기가비스,20260311003300,주주총회소집공고,20260311,kosdaq
00148461,제일연마,20260311003297,주주총회소집공고,20260311,kospi
01341630,이노에이엑스,20260311003295,주주총회소집공고,20260311,kosdaq
00148948,조비,20260311003289,주주총회소집공고,20260311,kospi
00184889,이건홀딩스,20260311003288,주주총회소집공고,20260311,kosdaq
00145446,이건산업,20260311003284,주주총회소집공고,20260311,kospi
01323032,KG모빌리티플랫폼,20260311003283,주주총회소집공고,20260311,kospi
01068348,러셀,20260311003277,주주총회소집공고,20260311,kosdaq
00165343,혜인,20260311003271,주주총회소집공고,20260311,kospi
00617314,타이거일렉,20260311003268,주주총회소집공고,20260311,kosdaq
01160974,바이오에프디엔씨,20260311003265,주주총회소집공고,20260311,kosdaq
01725577,에스케이증권제9호기업인수목적,20260311003262,주주총회소집공고,20260311,etc
00488244,원일티엔아이,20260311003261,주주총회소집공고,20260311,kosdaq
00178754,동아지질,20260311003254,주주총회소집공고,20260311,kospi
00156956,한국기업평가,20260311003253,주주총회소집공고,20260311,kosdaq
01881800,한화플러스제5호스팩,20260311003252,주주총회소집공고,20260311,kosdaq
00329093,코데즈컴바인,20260311003242,주주총회소집공고,20260311,kosdaq
01267958,프로티아,20260311003228,주주총회소집공고,20260311,kosdaq
01686755,파인엠텍,20260311003227,주주총회소집공고,20260311,kosdaq
00369657,리노공업,20260311003221,주주총회소집공고,20260311,kosdaq
00533809,바스칸바이오제약,20260311003220,주주총회소집공고,20260311,konex
01354740,브이씨,20260311003213,주주총회소집공고,20260311,kosdaq
01109539,와이씨,20260311003210,주주총회소집공고,20260311,kosdaq
00455875,와토스코리아,20260311003209,주주총회소집공고,20260311,kosdaq
00351454,더테크놀로지,20260311003204,[기재정정]주주총회소집공고,20260311,etc
00963000,썬테크,20260311003200,주주총회소집공고,20260311,konex
01513440,파이버프로,20260311003198,주주총회소집공고,20260311,kosdaq
00269889,누리플렉스,20260311003197,주주총회소집공고,20260311,kosdaq
01255652,레이크머티리얼즈,20260311003195,주주총회소집공고,20260311,kosdaq
00155151,피에이치에이,20260311003185,주주총회소집공고,20260311,kosdaq
00610083,비아트론,20260311003184,[기재정정]주주총회소집공고,20260311,kosdaq
01553129,제이투케이바이오,20260311003178,주주총회소집공고,20260311,kosdaq
00152039,SG글로벌,20260311003175,주주총회소집공고,20260311,kospi
00332927,제이에스코퍼레이션,20260311003169,주주총회소집공고,20260311,kospi
01590980,심플랫폼,20260311003167,주주총회소집공고,20260311,kosdaq
00186799,태웅,20260311003165,주주총회소집공고,20260311,kosdaq
00220686,에스피지,20260311003162,주주총회소집공고,20260311,kosdaq
01775952,한국제13호기업인수목적,20260311003161,주주총회소집공고,20260311,etc
00572905,ISC,20260311003160,주주총회소집공고,20260311,kosdaq
00404941,한텍,20260311003153,주주총회소집공고,20260311,kosdaq
00174208,진성티이씨,20260311003150,주주총회소집공고,20260311,kosdaq
00360577,엑사이엔씨,20260311003149,주주총회소집공고,20260311,kosdaq
00533508,제이엠티,20260311003148,주주총회소집공고,20260311,kosdaq
00203290,콜마홀딩스,20260310003104,주주총회소집공고,20260311,kospi
00161046,한독,20260310003101,[기재정정]주주총회소집공고,20260310,kospi
00203290,콜마홀딩스,20260310003090,주주총회소집공고,20260310,kospi
00128175,원익큐브,20260310003086,주주총회소집공고,20260310,kosdaq
01204056,하이브,20260310003084,주주총회소집공고,20260310,kospi
00190321,케이티,20260310003082,주주총회소집공고,20260310,kospi
00141307,영풍,20260310003081,주주총회소집공고,20260310,kospi
00366438,산일전기,20260310003078,주주총회소집공고,20260310,kospi
01402995,케이엔에스,20260310003076,주주총회소집공고,20260310,kosdaq
01141599,아리바이오LAB,20260310003069,주주총회소집공고,20260310,kosdaq
01384787,시프트업,20260310003067,[기재정정]주주총회소집공고,20260310,kospi
00442154,제이엔케이글로벌,20260310003056,주주총회소집공고,20260310,kosdaq
01450938,지에프아이,20260310003048,[기재정정]주주총회소집공고,20260310,kosdaq
00201742,유라테크,20260310003044,주주총회소집공고,20260310,kosdaq
00137359,신풍제약,20260310003040,주주총회소집공고,20260310,kospi
00140955,한솔케미칼,20260310003035,[기재정정]주주총회소집공고,20260310,kospi
01117246,EMB,20260310003033,주주총회소집공고,20260310,konex
00872984,이마트,20260310003028,[기재정정]주주총회소집공고,20260310,kospi
00654272,램테크놀러지,20260310003025,주주총회소집공고,20260310,kosdaq
01036446,서연이화,20260310003022,주주총회소집공고,20260310,kospi
01329957,국전,20260310003018,주주총회소집공고,20260310,kosdaq
00563545,두산테스나,20260310003017,주주총회소집공고,20260310,kosdaq
00476498,컴투스,20260310003015,주주총회소집공고,20260310,kosdaq
00154329,TP,20260310003002,주주총회소집공고,20260310,kospi
00397191,팬엔터테인먼트,20260310002999,[기재정정]주주총회소집공고,20260310,kosdaq
01383229,저스템,20260310002998,주주총회소집공고,20260310,kosdaq
00223513,제이씨현시스템,20260310002996,주주총회소집공고,20260310,kosdaq
00249894,테라젠이텍스,20260310002994,주주총회소집공고,20260310,kosdaq
00635134,CJ제일제당,20260310002991,[기재정정]주주총회소집공고,20260310,kospi
00878915,iM금융지주,20260310002988,주주총회소집공고,20260310,kospi
00389970,다날,20260310002984,주주총회소집공고,20260310,kosdaq
00362292,씨티씨바이오,20260310002969,주주총회소집공고,20260310,kosdaq
01511558,네오이뮨텍,20260310002966,주주총회소집공고,20260310,kosdaq
00318662,CNT85,20260310002965,주주총회소집공고,20260310,kosdaq
00244747,파크시스템스,20260310002964,주주총회소집공고,20260310,kosdaq
01085026,유진테크놀로지,20260310002957,[기재정정]주주총회소집공고,20260310,kosdaq
00521433,엔지브이아이,20260310002956,주주총회소집공고,20260310,konex
01276901,컴투스엔,20260310002953,주주총회소집공고,20260310,kosdaq
00173874,넥센타이어,20260310002951,주주총회소집공고,20260310,kospi
00309831,알에프텍,20260310002939,주주총회소집공고,20260310,kosdaq
00239639,삼표시멘트,20260310002938,[기재정정]주주총회소집공고,20260310,kosdaq
00265324,CJ ENM,20260310002936,주주총회소집공고,20260310,kosdaq
00875237,씨앤투스,20260310002937,주주총회소집공고,20260310,kosdaq
01110058,바이오인프라,20260310002932,주주총회소집공고,20260310,kosdaq
01286476,RF시스템즈,20260310002931,주주총회소집공고,20260310,kosdaq
00149804,디와이에이,20260310002915,주주총회소집공고,20260310,kospi
01170865,네오셈,20260310002910,주주총회소집공고,20260310,kosdaq
00132637,동원시스템즈,20260310002907,주주총회소집공고,20260310,kospi
00185046,SM C&C,20260310002905,주주총회소집공고,20260310,kosdaq
00580065,월덱스,20260310002904,주주총회소집공고,20260310,kosdaq
00109286,대동,20260310002900,주주총회소집공고,20260310,kospi
01078178,RFHIC,20260310002893,[기재정정]주주총회소집공고,20260310,kosdaq
00435312,하이스틸,20260310002892,[기재정정]주주총회소집공고,20260310,kospi
00761059,펌텍코리아,20260310002889,주주총회소집공고,20260310,kosdaq
00606293,나이스디앤비,20260310002884,주주총회소집공고,20260310,kosdaq
01747977,엘케이켐,20260310002880,주주총회소집공고,20260310,kosdaq
01181515,엘앤씨바이오,20260310002877,주주총회소집공고,20260310,kosdaq
00355089,토탈소프트,20260310002878,주주총회소집공고,20260310,kosdaq
00306162,상상인,20260310002873,주주총회소집공고,20260310,kosdaq
00622787,바이오노트,20260310002870,주주총회소집공고,20260310,kospi
00965813,미투온,20260310002868,[기재정정]주주총회소집공고,20260310,kosdaq
00534598,한컴라이프케어,20260310002869,주주총회소집공고,20260310,kospi
00146427,한주에이알티,20260310002864,주주총회소집공고,20260310,kosdaq
01137295,프리시젼바이오,20260310002861,주주총회소집공고,20260310,kosdaq
00373447,서린바이오,20260310002857,주주총회소집공고,20260310,kosdaq
00494218,엘엠에스,20260310002854,주주총회소집공고,20260310,kosdaq
01075126,사토시홀딩스,20260310002844,[기재정정]주주총회소집공고,20260310,kosdaq
00392691,포니링크,20260310002843,주주총회소집공고,20260310,kosdaq
00508344,SK디앤디,20260310002842,[기재정정]주주총회소집공고,20260310,kospi
00564562,엠씨넥스,20260310002839,주주총회소집공고,20260310,kospi
00336817,HLB제약,20260310002829,주주총회소집공고,20260310,kosdaq
00239596,쎄니트,20260310002828,주주총회소집공고,20260310,kosdaq
00857480,사람인,20260310002819,주주총회소집공고,20260310,kosdaq
00968607,더본코리아,20260310002818,주주총회소집공고,20260310,kospi
00164724,현대엘리베이터,20260310002816,주주총회소집공고,20260310,kospi
00181712,SK,20260310002815,주주총회소집공고,20260310,kospi
01958111,메리츠제1호스팩,20260310002813,주주총회소집공고,20260310,kosdaq
01113754,티이엠씨씨엔에스,20260310002806,[기재정정]주주총회소집공고,20260310,kosdaq
00136226,신성델타테크,20260310002803,주주총회소집공고,20260310,kosdaq
00258689,JYP Ent.,20260310002801,주주총회소집공고,20260310,kosdaq
01343665,RF머트리얼즈,20260310002797,주주총회소집공고,20260310,kosdaq
00366517,KC산업,20260310002790,주주총회소집공고,20260310,konex
00226866,인탑스,20260310002788,주주총회소집공고,20260310,kosdaq
00487546,웰크론한텍,20260310002785,주주총회소집공고,20260310,kosdaq
00415868,펩트론,20260310002776,[기재정정]주주총회소집공고,20260310,kosdaq
01573284,코닉오토메이션,20260310002775,주주총회소집공고,20260310,kosdaq
01096341,넥슨게임즈,20260310002768,주주총회소집공고,20260310,kosdaq
00159193,한국전력공사,20260310002765,주주총회소집공고,20260310,kospi
00484682,엘오티베큠,20260310002760,주주총회소집공고,20260310,kosdaq
00791209,메타케어,20260310002752,주주총회소집공고,20260310,kospi
00128661,에스에이엠티,20260310002750,주주총회소집공고,20260310,kosdaq
00365387,AJ네트웍스,20260310002749,주주총회소집공고,20260310,kospi
00152127,심텍홀딩스,20260310002746,주주총회소집공고,20260310,kosdaq
00129350,삼화콘덴서공업,20260310002744,주주총회소집공고,20260310,kospi
00241005,코오롱이앤피,20260310002742,주주총회소집공고,20260310,etc
01078178,RFHIC,20260310002741,주주총회소집공고,20260310,kosdaq
00108241,농심,20260310002739,[기재정정]주주총회소집공고,20260310,kospi
01307593,에이아이코리아,20260310002737,주주총회소집공고,20260310,kosdaq
00627029,DGI,20260310002734,주주총회소집공고,20260310,kosdaq
00153524,태림포장,20260310002733,주주총회소집공고,20260310,kospi
00128546,삼천당제약,20260310002732,주주총회소집공고,20260310,kosdaq
00112059,상상인증권,20260310002730,주주총회소집공고,20260310,kospi
00128315,삼지전자,20260310002726,주주총회소집공고,20260310,kosdaq
00938721,필옵틱스,20260310002722,주주총회소집공고,20260310,kosdaq
00803425,코리아에프티,20260310002717,주주총회소집공고,20260310,kosdaq
00363592,한컴위드,20260310002714,주주총회소집공고,20260310,kosdaq
01514698,엑스플러스,20260310002712,주주총회소집공고,20260310,kosdaq
01504211,라메디텍,20260310002710,주주총회소집공고,20260310,kosdaq
00540641,동양고속,20260310002704,주주총회소집공고,20260310,kospi
00423177,텔레칩스,20260310002696,주주총회소집공고,20260310,kosdaq
01047707,포톤,20260310002695,주주총회소집공고,20260310,kosdaq
00807379,신흥에스이씨,20260310002682,주주총회소집공고,20260310,kosdaq
01095722,심텍,20260310002672,주주총회소집공고,20260310,kosdaq
00156354,지엠비코리아,20260310002663,[기재정정]주주총회소집공고,20260310,kospi
00113544,대한화섬,20260310002661,주주총회소집공고,20260310,kospi
00172079,HLB파나진,20260310002648,주주총회소집공고,20260310,kosdaq
01318933,지니틱스,20260310002646,주주총회소집공고,20260310,kosdaq
01387164,샤페론,20260310002639,주주총회소집공고,20260310,kosdaq
01375822,에이프릴바이오,20260310002638,주주총회소집공고,20260310,kosdaq
01284751,시지트로닉스,20260310002633,주주총회소집공고,20260310,kosdaq
01515864,넥스트칩,20260310002629,주주총회소집공고,20260310,kosdaq
00578538,티피씨글로벌,20260310002621,주주총회소집공고,20260310,kosdaq
00539274,대상홀딩스,20260310002616,[기재정정]주주총회소집공고,20260310,kospi
00161860,한성기업,20260310002613,주주총회소집공고,20260310,kospi
01012066,HK이노엔,20260310002610,주주총회소집공고,20260310,kosdaq
00500254,GS,20260310002602,주주총회소집공고,20260310,kospi
00626464,지엔씨에너지,20260310002600,주주총회소집공고,20260310,kosdaq
01075126,사토시홀딩스,20260310002597,주주총회소집공고,20260310,kosdaq
00958451,한선엔지니어링,20260310002596,주주총회소집공고,20260310,kosdaq
00488402,서울바이오시스,20260310002592,주주총회소집공고,20260310,kosdaq
00925189,신화콘텍,20260310002583,주주총회소집공고,20260310,kosdaq
00121969,에쓰씨엔지니어링,20260310002581,주주총회소집공고,20260310,kospi
00693299,더존비앤에프,20260310002578,주주총회소집공고,20260310,etc
01253636,에르코스,20260310002573,주주총회소집공고,20260310,kosdaq
00118266,DRB동일,20260310002569,주주총회소집공고,20260310,kospi
00298447,아모텍,20260310002568,주주총회소집공고,20260310,kosdaq
00305570,코스리거글로벌,20260310002566,주주총회소집공고,20260310,kosdaq
00939687,동일고무벨트,20260310002557,주주총회소집공고,20260310,kospi
00245694,남화산업,20260310002552,[기재정정]주주총회소집공고,20260310,kosdaq
01012987,아모센스,20260310002550,[기재정정]주주총회소집공고,20260310,kosdaq
01232192,티디에스팜,20260310002539,주주총회소집공고,20260310,kosdaq
00571483,오이솔루션,20260310002538,주주총회소집공고,20260310,kosdaq
00407771,듀오백,20260310002532,주주총회소집공고,20260310,kosdaq
01336443,디와이씨,20260310002523,주주총회소집공고,20260310,kosdaq
00261443,NC,20260310002522,[기재정정]주주총회소집공고,20260310,kospi
01462605,지투파워,20260310002517,주주총회소집공고,20260310,kosdaq
01085026,유진테크놀로지,20260310002513,[기재정정]주주총회소집공고,20260310,kosdaq
01407909,원텍,20260310002512,주주총회소집공고,20260310,kosdaq
00539274,대상홀딩스,20260310002510,주주총회소집공고,20260310,kospi
00438036,팅크웨어,20260310002509,주주총회소집공고,20260310,kosdaq
00608440,티앤엘,20260310002508,주주총회소집공고,20260310,kosdaq
00114765,케이비아이동국실업,20260310002504,주주총회소집공고,20260310,kospi
00867034,듀켐바이오,20260310002502,주주총회소집공고,20260310,kosdaq
00137058,신일제약,20260310002499,주주총회소집공고,20260310,kosdaq
01205514,큐라켐,20260310002497,주주총회소집공고,20260310,konex
00397191,팬엔터테인먼트,20260310002491,주주총회소집공고,20260310,kosdaq
00132318,성광벤드,20260310002483,주주총회소집공고,20260310,kosdaq
01085026,유진테크놀로지,20260310002477,주주총회소집공고,20260310,kosdaq
01141942,액트로,20260310002476,주주총회소집공고,20260310,kosdaq
01370863,그린리소스,20260310002470,[기재정정]주주총회소집공고,20260310,kosdaq
00148896,OCI홀딩스,20260310002469,주주총회소집공고,20260310,kospi
00508344,SK디앤디,20260310002465,주주총회소집공고,20260310,kospi
00364467,드림어스컴퍼니,20260310002464,주주총회소집공고,20260310,kosdaq
01118139,타스컴,20260310002458,주주총회소집공고,20260310,konex
00113225,대한제강,20260310002455,[기재정정]주주총회소집공고,20260310,kospi
01275665,리메드,20260310002449,주주총회소집공고,20260310,kosdaq
01214743,더네이쳐홀딩스,20260310002437,[기재정정]주주총회소집공고,20260310,kosdaq
01246034,다이나믹솔루션,20260310002435,주주총회소집공고,20260310,kosdaq
01302853,아이씨에이치,20260310002434,주주총회소집공고,20260310,kosdaq
00105855,엘에스일렉트릭,20260310002425,[기재정정]주주총회소집공고,20260310,kospi
00135962,신라교역,20260310002424,주주총회소집공고,20260310,kospi
01014718,제노코,20260310002409,주주총회소집공고,20260310,kosdaq
01310269,IPARK현대산업개발,20260310002401,[기재정정]주주총회소집공고,20260310,kospi
00156354,지엠비코리아,20260310002398,주주총회소집공고,20260310,kospi
00831428,옵투스제약,20260310002393,[기재정정]주주총회소집공고,20260310,kosdaq
00154718,비츠로셀,20260310002389,주주총회소집공고,20260310,kosdaq
00574611,SDN,20260310002382,주주총회소집공고,20260310,kosdaq
00363486,로체시스템즈,20260310002381,주주총회소집공고,20260310,kosdaq
01455410,파인메딕스,20260310002373,주주총회소집공고,20260310,kosdaq
00144818,유유제약,20260310002372,주주총회소집공고,20260310,kospi
00145473,이글벳,20260310002358,주주총회소집공고,20260310,kosdaq
00611912,아모그린텍,20260310002357,주주총회소집공고,20260310,kosdaq
00185301,제이피아이헬스케어,20260310002354,주주총회소집공고,20260310,kosdaq
00576798,디아이티,20260310002350,주주총회소집공고,20260310,kosdaq
01023318,센코,20260310002345,주주총회소집공고,20260310,kosdaq
00235183,에이치케이,20260310002339,주주총회소집공고,20260310,kosdaq
01223219,에이에프더블류,20260310002337,주주총회소집공고,20260310,kosdaq
01010615,세나테크놀로지,20260310002335,주주총회소집공고,20260310,kosdaq
01058101,라파스,20260310002331,주주총회소집공고,20260310,kosdaq
00258421,기산텔레콤,20260310002324,주주총회소집공고,20260310,kosdaq
01738483,대신밸런스제16호기업인수목적,20260310002320,주주총회소집공고,20260310,etc
00114154,디와이덕양,20260310002314,주주총회소집공고,20260310,kospi
01365038,자람테크놀로지,20260310002312,주주총회소집공고,20260310,kosdaq
01487446,씨엔알리서치,20260310002308,주주총회소집공고,20260310,kosdaq
00204262,한컴,20260310002303,주주총회소집공고,20260310,kosdaq
00132628,성문전자,20260310002294,주주총회소집공고,20260310,kospi
00264635,에스넷,20260310002290,주주총회소집공고,20260310,kosdaq
00450010,씨티알모빌리티,20260310002289,주주총회소집공고,20260310,kospi
00132202,선진뷰티사이언스,20260310002288,주주총회소집공고,20260310,kosdaq
01235296,셀리드,20260310002286,주주총회소집공고,20260310,kosdaq
00140131,키다리스튜디오,20260310002282,주주총회소집공고,20260310,kospi
01414422,아이비김영,20260310002279,주주총회소집공고,20260310,kosdaq
00610861,코스텍시스템,20260310002278,주주총회소집공고,20260310,konex
00668965,지오엘리먼트,20260310002275,주주총회소집공고,20260310,kosdaq
00250997,대정화금,20260310002267,주주총회소집공고,20260310,kosdaq
01524118,나노팀,20260310002264,[기재정정]주주총회소집공고,20260310,kosdaq
00134176,세우글로벌,20260310002256,주주총회소집공고,20260310,kospi
01419135,이노진,20260310002249,주주총회소집공고,20260310,kosdaq
00145668,이화공영,20260310002246,주주총회소집공고,20260310,kosdaq
00619640,에코앤드림,20260310002244,주주총회소집공고,20260310,kosdaq
00163716,한창,20260310002243,주주총회소집공고,20260310,kospi
00155638,피에스텍,20260310002241,주주총회소집공고,20260310,kosdaq
01218299,에코아이,20260310002223,주주총회소집공고,20260310,kosdaq
01214743,더네이쳐홀딩스,20260310002208,주주총회소집공고,20260310,kosdaq
00157636,케이피에프,20260310002202,주주총회소집공고,20260310,kosdaq
00495086,픽셀플러스,20260310002198,[기재정정]주주총회소집공고,20260310,kosdaq
01910759,삼성스팩10호,20260310002185,[기재정정]주주총회소집공고,20260310,kosdaq
01575839,플라즈맵,20260310002175,주주총회소집공고,20260310,kosdaq
01792825,대신밸런스제17호기업인수목적,20260310002165,주주총회소집공고,20260310,etc
00357430,쎌바이오텍,20260310002159,주주총회소집공고,20260310,kosdaq
00269612,파워로직스,20260310002156,주주총회소집공고,20260310,kosdaq
01112700,에스엘에스바이오,20260310002146,주주총회소집공고,20260310,kosdaq
00479705,케스피온,20260310002136,주주총회소집공고,20260310,kosdaq
00230911,HRS,20260310002128,주주총회소집공고,20260310,kosdaq
00545716,롯데렌탈,20260310002124,주주총회소집공고,20260310,kospi
00482426,인화정공,20260310002119,주주총회소집공고,20260310,kosdaq
00210856,코아스,20260310002109,주주총회소집공고,20260310,kospi
00123107,보락,20260310002096,주주총회소집공고,20260310,kospi
01199727,샘씨엔에스,20260310002081,주주총회소집공고,20260310,kosdaq
00532129,영림원소프트랩,20260310002079,주주총회소집공고,20260310,kosdaq
00125488,삼륭물산,20260310002053,주주총회소집공고,20260310,kosdaq
00223434,에프에스티,20260310002047,주주총회소집공고,20260310,kosdaq
01152586,유일로보틱스,20260310002040,주주총회소집공고,20260310,kosdaq
01724417,하나29호기업인수목적,20260310002031,주주총회소집공고,20260310,etc
01480780,NH올원리츠,20260310002025,[기재정정]주주총회소집공고,20260310,kospi
00530556,예스티,20260310002023,주주총회소집공고,20260310,kosdaq
00454946,그린케미칼,20260310002017,주주총회소집공고,20260310,kospi
01022142,엠디바이스,20260310002015,[기재정정]주주총회소집공고,20260310,kosdaq
01573336,토모큐브,20260310002008,주주총회소집공고,20260310,kosdaq
00146861,자화전자,20260310002004,주주총회소집공고,20260310,kospi
00222435,제이엠아이,20260310001996,주주총회소집공고,20260310,kosdaq
00116806,하스코,20260310001962,주주총회소집공고,20260310,etc
00663669,폴라리스우노,20260310001944,[기재정정]주주총회소집공고,20260310,kosdaq
01370863,그린리소스,20260309001936,주주총회소집공고,20260310,kosdaq
01588189,씨메스로보틱스,20260309001939,[기재정정]주주총회소집공고,20260310,kosdaq
00264945,나이스정보통신,20260309001924,주주총회소집공고,20260309,kosdaq
00681373,디지캡,20260309001920,주주총회소집공고,20260309,kosdaq
00364254,알티캐스트,20260309001937,주주총회소집공고,20260309,kosdaq
00131780,SK네트웍스,20260309001919,주주총회소집공고,20260309,kospi
01765256,동국씨엠,20260309001914,주주총회소집공고,20260309,kospi
00268002,세종텔레콤,20260309001911,주주총회소집공고,20260309,kosdaq
00163512,한진,20260309001906,주주총회소집공고,20260309,kospi
01113754,티이엠씨씨엔에스,20260309001904,주주총회소집공고,20260309,kosdaq
00369213,폴라리스AI,20260309001893,주주총회소집공고,20260309,kosdaq
00132354,쿠쿠홀딩스,20260309001892,주주총회소집공고,20260309,kospi
00148540,CJ,20260309001891,주주총회소집공고,20260309,kospi
01489648,솔브레인,20260309001889,주주총회소집공고,20260309,kosdaq
00351454,더테크놀로지,20260309001887,주주총회소집공고,20260309,etc
01468061,레뷰코퍼레이션,20260309001886,주주총회소집공고,20260309,kosdaq
00202060,구영테크,20260309001884,주주총회소집공고,20260309,kosdaq
00105271,케이씨씨,20260309001876,[기재정정]주주총회소집공고,20260309,kospi
01700587,이노스페이스,20260309001871,주주총회소집공고,20260309,kosdaq
00126566,한화에어로스페이스,20260309001870,[기재정정]주주총회소집공고,20260309,kospi
00663669,폴라리스우노,20260309001869,주주총회소집공고,20260309,kosdaq
00397252,조이시티,20260309001857,주주총회소집공고,20260309,kosdaq
00679314,동성케미컬,20260309001856,주주총회소집공고,20260309,kospi
01243161,인산가,20260309001851,주주총회소집공고,20260309,kosdaq
00206686,케이피엠테크,20260309001848,주주총회소집공고,20260309,kosdaq
01182240,배럴,20260309001846,주주총회소집공고,20260309,kosdaq
00113058,한화생명,20260309001843,주주총회소집공고,20260309,kospi
01588189,씨메스로보틱스,20260309001841,주주총회소집공고,20260309,kosdaq
00303873,CJ CGV,20260309001840,주주총회소집공고,20260309,kospi
00330424,LS증권,20260309001828,[기재정정]주주총회소집공고,20260309,kosdaq
01059605,디와이파워,20260309001824,주주총회소집공고,20260309,kospi
00117708,리드코프,20260309001822,[기재정정]주주총회소집공고,20260309,kosdaq
00153755,태양금속공업,20260309001816,주주총회소집공고,20260309,kospi
00120562,롯데지주,20260309001813,주주총회소집공고,20260309,kospi
01817920,페스카로,20260309001809,주주총회소집공고,20260309,kosdaq
01360875,탑머티리얼,20260309001808,주주총회소집공고,20260309,kosdaq
00635134,CJ제일제당,20260309001807,주주총회소집공고,20260309,kospi
01091054,쎄노텍,20260309001806,주주총회소집공고,20260309,kosdaq
00336297,고려신용정보,20260309001805,주주총회소집공고,20260309,kosdaq
00361008,한화엔진,20260309001804,[기재정정]주주총회소집공고,20260309,kospi
00140052,에이스침대,20260309001800,주주총회소집공고,20260309,kosdaq
00413417,우리손에프앤지,20260309001799,주주총회소집공고,20260309,kosdaq
01135057,녹십자웰빙,20260309001795,주주총회소집공고,20260309,kosdaq
00513948,녹십자엠에스,20260309001790,[기재정정]주주총회소집공고,20260309,kosdaq
01480780,NH올원리츠,20260309001789,주주총회소집공고,20260309,kospi
01494154,지니너스,20260309001782,주주총회소집공고,20260309,kosdaq
01187458,에스알바이오텍,20260309001780,주주총회소집공고,20260309,konex
00186717,태양,20260309001779,주주총회소집공고,20260309,kosdaq
00833064,엠플러스,20260309001774,[기재정정]주주총회소집공고,20260309,kosdaq
00239639,삼표시멘트,20260309001763,주주총회소집공고,20260309,kosdaq
01316227,효성티앤씨,20260309001759,[기재정정]주주총회소집공고,20260309,kospi
01293388,무진메디,20260309001755,주주총회소집공고,20260309,konex
00657224,아이스크림미디어,20260309001750,주주총회소집공고,20260309,kosdaq
00117179,디와이,20260309001749,주주총회소집공고,20260309,kospi
01845534,대신밸런스제19호스팩,20260309001745,주주총회소집공고,20260309,kosdaq
00123718,부광약품,20260309001744,주주총회소집공고,20260309,kospi
00177320,대성미생물,20260309001737,주주총회소집공고,20260309,kosdaq
00605124,알파칩스,20260309001736,주주총회소집공고,20260309,kosdaq
00821607,알톤,20260309001729,주주총회소집공고,20260309,kosdaq
00113410,CJ대한통운,20260309001727,주주총회소집공고,20260309,kospi
00614089,에이원큐브텍,20260309001723,주주총회소집공고,20260309,konex
01080252,넥스틴,20260309001722,주주총회소집공고,20260309,kosdaq
00110893,대신증권,20260309001721,주주총회소집공고,20260309,kospi
00353762,키이스트,20260309001720,주주총회소집공고,20260309,kosdaq
00527464,에이치시티,20260309001719,주주총회소집공고,20260309,kosdaq
00133618,우양피앤엘,20260309001706,주주총회소집공고,20260309,kospi
00359261,빛샘전자,20260309001700,[기재정정]주주총회소집공고,20260309,kosdaq
00760971,크래프톤,20260309001693,[기재정정]주주총회소집공고,20260309,kospi
00965512,라온텍,20260309001692,주주총회소집공고,20260309,kosdaq
00531865,유니테크노,20260309001690,주주총회소집공고,20260309,kosdaq
00203847,국일신동,20260309001689,주주총회소집공고,20260309,kosdaq
00360036,백금T&A,20260309001685,[기재정정]주주총회소집공고,20260309,kosdaq
00632793,전진바이오팜,20260309001684,주주총회소집공고,20260309,kosdaq
00367695,에이전트AI,20260309001683,주주총회소집공고,20260309,kosdaq
00867098,티로보틱스,20260309001681,주주총회소집공고,20260309,kosdaq
00549891,케어젠,20260309001677,주주총회소집공고,20260309,kosdaq
01513699,포바이포,20260309001676,주주총회소집공고,20260309,kosdaq
00261656,잉크테크,20260309001673,주주총회소집공고,20260309,kosdaq
01124653,슈프리마,20260309001666,주주총회소집공고,20260309,kosdaq
00899459,레이언스,20260309001659,주주총회소집공고,20260309,kosdaq
00128980,삼호개발,20260309001657,주주총회소집공고,20260309,kospi
00134510,SJG세종,20260309001655,주주총회소집공고,20260309,kospi
00115676,KG스틸,20260309001650,[기재정정]주주총회소집공고,20260309,kospi
00208134,KNN,20260309001646,주주총회소집공고,20260309,kosdaq
01488320,필에너지,20260309001643,주주총회소집공고,20260309,kosdaq
00604815,에스디시스템,20260309001642,[기재정정]주주총회소집공고,20260309,kosdaq
01014055,에스트래픽,20260309001640,주주총회소집공고,20260309,kosdaq
00135467,승일,20260309001638,주주총회소집공고,20260309,kosdaq
00415868,펩트론,20260309001637,주주총회소집공고,20260309,kosdaq
01051472,젠큐릭스,20260309001632,주주총회소집공고,20260309,kosdaq
01786958,큐리오시스,20260309001627,주주총회소집공고,20260309,kosdaq
00170026,시공테크,20260309001625,주주총회소집공고,20260309,kosdaq
00526951,신화프리텍,20260309001622,주주총회소집공고,20260309,kosdaq
00108913,대교,20260309001617,주주총회소집공고,20260309,kospi
00664853,제이씨케미칼,20260309001614,[기재정정]주주총회소집공고,20260309,kosdaq
00974927,NEW,20260309001611,주주총회소집공고,20260309,kosdaq
00897752,천보,20260309001609,주주총회소집공고,20260309,kosdaq
00381756,티씨머티리얼즈,20260309001608,주주총회소집공고,20260309,kosdaq
00415327,중앙백신,20260309001603,주주총회소집공고,20260309,kosdaq
01135941,원익IPS,20260309001596,주주총회소집공고,20260309,kosdaq
01012987,아모센스,20260309001595,주주총회소집공고,20260309,kosdaq
01409095,비트맥스,20260309001594,주주총회소집공고,20260309,kosdaq
00415646,드림텍,20260309001593,[기재정정]주주총회소집공고,20260309,kospi
00145260,율촌화학,20260309001588,주주총회소집공고,20260309,kospi
00221728,하츠,20260309001586,주주총회소집공고,20260309,kosdaq
01047415,정다운,20260309001582,주주총회소집공고,20260309,kosdaq
01432598,지씨지놈,20260309001574,주주총회소집공고,20260309,kosdaq
00353878,다스코,20260309001570,주주총회소집공고,20260309,kospi
00624998,제닉,20260309001569,주주총회소집공고,20260309,kosdaq
00486097,KT나스미디어,20260309001567,주주총회소집공고,20260309,kosdaq
00112332,미래에셋생명,20260309001558,[기재정정]주주총회소집공고,20260309,kospi
01011438,에이치엘사이언스,20260309001552,주주총회소집공고,20260309,kosdaq
01311310,지아이텍,20260309001546,주주총회소집공고,20260309,kosdaq
01069736,한독크린텍,20260309001542,주주총회소집공고,20260309,kosdaq
00643656,위메이드맥스,20260309001538,주주총회소집공고,20260309,kosdaq
00858364,BNK금융지주,20260309001537,주주총회소집공고,20260309,kospi
00761183,신성에스티,20260309001535,주주총회소집공고,20260309,kosdaq
00604815,에스디시스템,20260309001530,주주총회소집공고,20260309,kosdaq
01949195,하나36호스팩,20260309001528,주주총회소집공고,20260309,kosdaq
00181299,상아프론테크,20260309001523,주주총회소집공고,20260309,kosdaq
01010642,지씨셀,20260309001521,주주총회소집공고,20260309,kosdaq
00133663,세동,20260309001518,주주총회소집공고,20260309,kosdaq
00962223,지니언스,20260309001514,주주총회소집공고,20260309,kosdaq
00188973,화일약품,20260309001513,주주총회소집공고,20260309,kosdaq
00147772,정원엔시스,20260309001509,주주총회소집공고,20260309,kosdaq
00530185,이엔에프테크놀로지,20260309001507,주주총회소집공고,20260309,kosdaq
00133511,SG세계물산,20260309001505,주주총회소집공고,20260309,kospi
00220057,GC메디아이,20260309001504,주주총회소집공고,20260309,kosdaq
00236863,희림,20260309001503,주주총회소집공고,20260309,kosdaq
00611736,엑시콘,20260309001497,주주총회소집공고,20260309,kosdaq
01008762,데브시스터즈,20260309001496,주주총회소집공고,20260309,kosdaq
00139719,와이지-원,20260309001494,주주총회소집공고,20260309,kosdaq
00513948,녹십자엠에스,20260309001492,주주총회소집공고,20260309,kosdaq
01506617,쓰리빌리언,20260309001486,주주총회소집공고,20260309,kosdaq
01397620,루닛,20260309001483,[기재정정]주주총회소집공고,20260309,kosdaq
01130849,파라택시스이더리움,20260309001482,주주총회소집공고,20260309,kosdaq
00910840,윈하이텍,20260309001480,주주총회소집공고,20260309,kosdaq
00144252,유니온,20260309001479,주주총회소집공고,20260309,kospi
00551920,네오팜,20260309001475,주주총회소집공고,20260309,kosdaq
00677334,아하,20260309001474,주주총회소집공고,20260309,konex
00104537,국영지앤엠,20260309001472,주주총회소집공고,20260309,kosdaq
00488989,한양디지텍,20260309001464,주주총회소집공고,20260309,kosdaq
00495086,픽셀플러스,20260309001462,주주총회소집공고,20260309,kosdaq
00476036,에프엔에스테크,20260309001461,[기재정정]주주총회소집공고,20260309,kosdaq
00154462,아모레퍼시픽홀딩스,20260309001457,[기재정정]주주총회소집공고,20260309,kospi
01018617,메디쎄이,20260309001452,주주총회소집공고,20260309,konex
00583424,아모레퍼시픽,20260309001451,[기재정정]주주총회소집공고,20260309,kospi
01099667,에스디생명공학,20260309001446,주주총회소집공고,20260309,kosdaq
00220969,오공,20260309001445,주주총회소집공고,20260309,kosdaq
00351807,대원미디어,20260309001444,주주총회소집공고,20260309,kosdaq
00359261,빛샘전자,20260309001441,주주총회소집공고,20260309,kosdaq
01179608,포인트엔지니어링,20260309001435,주주총회소집공고,20260309,kosdaq
01144569,피엔티엠에스,20260309001434,주주총회소집공고,20260309,kosdaq
00489243,동아엘텍,20260309001432,주주총회소집공고,20260309,kosdaq
01110474,풍전약품,20260309001427,주주총회소집공고,20260309,kosdaq
00476036,에프엔에스테크,20260309001426,주주총회소집공고,20260309,kosdaq
01264872,이노뎁,20260309001416,[기재정정]주주총회소집공고,20260309,kosdaq
00833064,엠플러스,20260309001412,주주총회소집공고,20260309,kosdaq
01728167,아이지넷,20260309001409,주주총회소집공고,20260309,kosdaq
00407036,선바이오,20260309001404,주주총회소집공고,20260309,kosdaq
00203209,에쎈테크,20260309001400,주주총회소집공고,20260309,kosdaq
00360674,코위버,20260309001397,주주총회소집공고,20260309,kosdaq
00650771,하이젠알앤엠,20260309001393,주주총회소집공고,20260309,kosdaq
01119651,엘리비젼,20260309001384,주주총회소집공고,20260309,konex
00370255,테크엘,20260309001379,주주총회소집공고,20260309,kosdaq
01817081,SK이터닉스,20260309001374,주주총회소집공고,20260309,kospi
01270749,웨이비스,20260309001373,주주총회소집공고,20260309,kosdaq
01187148,케어랩스,20260309001370,주주총회소집공고,20260309,kosdaq
00206659,이랜텍,20260309001368,주주총회소집공고,20260309,kosdaq
00148443,제일파마홀딩스,20260309001363,주주총회소집공고,20260309,kospi
00866451,워트,20260309001353,주주총회소집공고,20260309,kosdaq
00361169,한국전자인증,20260309001350,[기재정정]주주총회소집공고,20260309,kosdaq
00331016,에프앤가이드,20260309001345,주주총회소집공고,20260309,kosdaq
00815767,위메이드플레이,20260309001343,주주총회소집공고,20260309,kosdaq
01236897,제일약품,20260309001339,주주총회소집공고,20260309,kospi
00557933,진도,20260309001338,주주총회소집공고,20260309,kospi
00115931,디오,20260309001337,주주총회소집공고,20260309,kosdaq
01203808,AP시스템,20260309001332,주주총회소집공고,20260309,kosdaq
01309421,제이엔비,20260309001326,주주총회소집공고,20260309,kosdaq
01128622,이스트에이드,20260309001320,주주총회소집공고,20260309,kosdaq
00858124,알에스오토메이션,20260309001318,[기재정정]주주총회소집공고,20260309,kosdaq
00390903,우주일렉트로,20260309001314,주주총회소집공고,20260309,kosdaq
01785056,엔에이치기업인수목적30호,20260309001303,주주총회소집공고,20260309,etc
00398668,휴비츠,20260309001301,주주총회소집공고,20260309,kosdaq
00129235,삼화왕관,20260309001297,주주총회소집공고,20260309,kospi
00832700,에이펙스인텍,20260309001296,주주총회소집공고,20260309,konex
00367604,SM Life Design,20260309001291,주주총회소집공고,20260309,kosdaq
00225742,LS마린솔루션,20260309001279,주주총회소집공고,20260309,kosdaq
00155735,피제이전자,20260309001274,주주총회소집공고,20260309,kosdaq
00306719,에스텍,20260309001266,주주총회소집공고,20260309,kosdaq
00296263,YW,20260309001265,주주총회소집공고,20260309,kosdaq
00141413,영화금속,20260309001257,주주총회소집공고,20260309,kospi
00528515,한라IMS,20260309001232,주주총회소집공고,20260309,kosdaq
01456011,디어유,20260309001225,주주총회소집공고,20260309,kosdaq
00125530,삼립,20260309001223,[기재정정]주주총회소집공고,20260309,kospi
00104768,가온전선,20260309001222,[기재정정]주주총회소집공고,20260309,kospi
00122825,프리티,20260309001214,[기재정정]주주총회소집공고,20260309,kospi
00526599,덴티움,20260309001209,[기재정정]주주총회소집공고,20260309,kospi
01053540,퓨쳐켐,20260309001207,주주총회소집공고,20260309,kosdaq
00245694,남화산업,20260309001201,주주총회소집공고,20260309,kosdaq
01585155,오픈놀,20260309001198,주주총회소집공고,20260309,kosdaq
00166315,화신,20260309001191,주주총회소집공고,20260309,kospi
00445869,유니포인트,20260309001189,주주총회소집공고,20260309,konex
00138598,아비코전자,20260309001188,주주총회소집공고,20260309,kosdaq
00825223,화신정공,20260309001186,주주총회소집공고,20260309,kosdaq
00125938,삼보판지,20260309001178,주주총회소집공고,20260309,kosdaq
00899556,제룡산업,20260309001171,주주총회소집공고,20260309,kosdaq
00185356,제룡전기,20260309001169,주주총회소집공고,20260309,kosdaq
00579971,칩스앤미디어,20260309001166,주주총회소집공고,20260309,kosdaq
00533003,디케이락,20260309001155,주주총회소집공고,20260309,kosdaq
01453670,휴럼,20260309001141,주주총회소집공고,20260309,kosdaq
00273439,메디아나,20260309001133,[기재정정]주주총회소집공고,20260309,kosdaq
00179489,명인제약,20260309001131,주주총회소집공고,20260309,kospi
00965062,코셋,20260309001130,주주총회소집공고,20260309,konex
00536523,로보스타,20260309001093,[기재정정]주주총회소집공고,20260309,kosdaq
00405278,KG파이낸셜,20260309001090,주주총회소집공고,20260309,kosdaq
00819374,나무가,20260309001089,주주총회소집공고,20260309,kosdaq
01201590,에브리봇,20260309001087,주주총회소집공고,20260309,kosdaq
00340272,에스폴리텍,20260309001086,주주총회소집공고,20260309,kosdaq
01954832,유진스팩12호,20260309001081,주주총회소집공고,20260309,kosdaq
00117708,리드코프,20260306001022,[기재정정]주주총회소집공고,20260309,kosdaq
01085187,씨알푸드,20260306001041,주주총회소집공고,20260309,konex
00664853,제이씨케미칼,20260306001027,주주총회소집공고,20260309,kosdaq
00411446,큐에스아이,20260306001016,[기재정정]주주총회소집공고,20260306,kosdaq
00657002,에이디테크놀로지,20260306001010,주주총회소집공고,20260306,kosdaq
00793155,폴라리스AI핸디,20260306000999,주주총회소집공고,20260306,kosdaq
00463342,폴라리스AI파마,20260306000985,주주총회소집공고,20260306,kosdaq
00458234,아시아나IDT,20260306000978,주주총회소집공고,20260306,kospi
00660750,하나머티리얼즈,20260306000971,주주총회소집공고,20260306,kosdaq
00117708,리드코프,20260306000967,주주총회소집공고,20260306,kosdaq
00146542,일정실업,20260306000963,[기재정정]주주총회소집공고,20260306,etc
00140858,와이엠,20260306000961,주주총회소집공고,20260306,kosdaq
00204208,마니커,20260306000947,주주총회소집공고,20260306,kospi
00124780,사조씨푸드,20260306000946,[기재정정]주주총회소집공고,20260306,kospi
00204226,소프트센,20260306000938,주주총회소집공고,20260306,kosdaq
00361169,한국전자인증,20260306000936,주주총회소집공고,20260306,kosdaq
00104698,LS네트웍스,20260306000920,주주총회소집공고,20260306,kospi
01632912,온코닉테라퓨틱스,20260306000916,주주총회소집공고,20260306,kosdaq
00228350,신화인터텍,20260306000911,주주총회소집공고,20260306,kosdaq
01423916,온코크로스,20260306000910,[기재정정]주주총회소집공고,20260306,kosdaq
00405506,삼영에스앤씨,20260306000909,주주총회소집공고,20260306,kosdaq
01221752,지에프씨생명과학,20260306000906,주주총회소집공고,20260306,kosdaq
01137383,카카오게임즈,20260306000900,주주총회소집공고,20260306,kosdaq
01524118,나노팀,20260306000898,주주총회소집공고,20260306,kosdaq
01311055,쿠콘,20260306000889,주주총회소집공고,20260306,kosdaq
00109310,대동기어,20260306000883,주주총회소집공고,20260306,kosdaq
00149594,한국캐피탈,20260306000881,주주총회소집공고,20260306,kosdaq
00323868,웹케시,20260306000879,주주총회소집공고,20260306,kosdaq
00878696,에스케이바이오팜,20260306000872,주주총회소집공고,20260306,kospi
01336373,메드팩토,20260306000867,주주총회소집공고,20260306,kosdaq
01032404,콜마비앤에이치,20260306000866,주주총회소집공고,20260306,kosdaq
00405719,아이크래프트,20260306000865,주주총회소집공고,20260306,kosdaq
00688996,KB금융,20260306000847,주주총회소집공고,20260306,kospi
00626011,아이텍,20260306000845,주주총회소집공고,20260306,kosdaq
00770312,마니커에프앤지,20260306000844,주주총회소집공고,20260306,kosdaq
00128607,삼천리자전거,20260306000843,[기재정정]주주총회소집공고,20260306,kosdaq
01265251,츌립앤사이언스,20260306000837,주주총회소집공고,20260306,kosdaq
00759513,LX하우시스,20260306000833,주주총회소집공고,20260306,kospi
00578325,럭스피아,20260306000828,주주총회소집공고,20260306,konex
00946030,로보티즈,20260306000825,주주총회소집공고,20260306,kosdaq
00172680,동국산업,20260306000823,주주총회소집공고,20260306,kosdaq
01022142,엠디바이스,20260306000820,주주총회소집공고,20260306,kosdaq
00137997,현대차증권,20260306000818,주주총회소집공고,20260306,kospi
01117413,바이오다인,20260306000806,주주총회소집공고,20260306,kosdaq
00124197,세아제강지주,20260306000802,주주총회소집공고,20260306,kospi
00362159,웰크론,20260306000800,주주총회소집공고,20260306,kosdaq
00223762,KT지니뮤직,20260306000787,주주총회소집공고,20260306,kosdaq
00188797,포메탈,20260306000782,주주총회소집공고,20260306,kosdaq
00453442,해성에어로보틱스,20260306000781,주주총회소집공고,20260306,kosdaq
00449254,쎄트렉아이,20260306000770,주주총회소집공고,20260306,kosdaq
01160363,에코프로비엠,20260306000767,주주총회소집공고,20260306,kosdaq
00490179,플랜티넷,20260306000765,주주총회소집공고,20260306,kosdaq
00612489,아이쓰리시스템,20260306000762,주주총회소집공고,20260306,kosdaq
00132804,성신양회,20260306000761,주주총회소집공고,20260306,kospi
00651017,나우IB,20260306000755,주주총회소집공고,20260306,kosdaq
00799539,제노레이,20260306000754,주주총회소집공고,20260306,kosdaq
00523176,광동헬스바이오,20260306000752,주주총회소집공고,20260306,konex
01760738,OCI,20260306000749,주주총회소집공고,20260306,kospi
00520887,비상교육,20260306000744,주주총회소집공고,20260306,kospi
00114093,덕성,20260306000740,주주총회소집공고,20260306,kospi
00340096,미래에셋벤처투자,20260306000729,주주총회소집공고,20260306,kosdaq
00160621,한국화장품제조,20260306000728,주주총회소집공고,20260306,kospi
01245062,코오롱티슈진,20260306000719,주주총회소집공고,20260306,kosdaq
00629212,딜리,20260306000718,주주총회소집공고,20260306,kosdaq
01316254,HS효성첨단소재,20260306000708,[기재정정]주주총회소집공고,20260306,kospi
00545114,랩지노믹스,20260306000699,주주총회소집공고,20260306,kosdaq
00823429,한국화장품,20260306000697,주주총회소집공고,20260306,kospi
01084294,오토앤,20260306000681,주주총회소집공고,20260306,kosdaq
00445841,MDS테크,20260306000672,주주총회소집공고,20260306,kosdaq
00229021,인성정보,20260306000665,주주총회소집공고,20260306,kosdaq
00971726,옵티팜,20260306000651,주주총회소집공고,20260306,kosdaq
00109161,태경케미컬,20260306000649,주주총회소집공고,20260306,kospi
01165739,잉글우드랩,20260306000646,주주총회소집공고,20260306,kosdaq
01153293,제이엘케이,20260306000639,주주총회소집공고,20260306,kosdaq
00303217,우진플라임,20260306000637,주주총회소집공고,20260306,kospi
01436558,신한서부티엔디리츠,20260306000634,[기재정정]주주총회소집공고,20260306,kospi
00541163,이엠텍,20260306000631,주주총회소집공고,20260306,kosdaq
00113128,대한약품,20260306000629,주주총회소집공고,20260306,kosdaq
00876908,모트렉스,20260306000625,주주총회소집공고,20260306,kosdaq
00127158,씨아이테크,20260306000609,주주총회소집공고,20260306,kospi
01231786,엑스페릭스,20260306000590,주주총회소집공고,20260306,kosdaq
01264438,자이언트스텝,20260306000587,주주총회소집공고,20260306,kosdaq
00143907,원일특강,20260306000581,주주총회소집공고,20260306,kosdaq
00137289,이엘씨,20260306000570,주주총회소집공고,20260306,kosdaq
01274310,이오플로우,20260306000568,[기재정정]주주총회소집공고,20260306,kosdaq
01267170,SK케미칼,20260306000558,주주총회소집공고,20260306,kospi
01873272,키움제11호스팩,20260306000551,주주총회소집공고,20260306,kosdaq
01872219,유안타제17호스팩,20260306000549,주주총회소집공고,20260306,kosdaq
00309503,한국항공우주,20260306000544,[기재정정]주주총회소집공고,20260306,kospi
00252135,주성엔지니어링,20260306000542,[기재정정]주주총회소집공고,20260306,kosdaq
00404701,한국자산신탁,20260306000540,주주총회소집공고,20260306,kospi
01524507,핀텔,20260306000538,주주총회소집공고,20260306,kosdaq
00936787,애경케미칼,20260306000537,[기재정정]주주총회소집공고,20260306,kospi
01032583,강동씨앤엘,20260306000534,주주총회소집공고,20260306,kosdaq
01867758,한화비전,20260306000526,[기재정정]주주총회소집공고,20260306,kospi
00201733,TJ미디어,20260306000513,주주총회소집공고,20260306,kosdaq
01207901,사이냅소프트,20260306000507,주주총회소집공고,20260306,kosdaq
00216762,한양이엔지,20260306000491,[기재정정]주주총회소집공고,20260306,kosdaq
00406727,세진티에스,20260306000472,주주총회소집공고,20260306,kosdaq
00356389,프럼파스트,20260306000469,주주총회소집공고,20260306,kosdaq
00113492,깨끗한나라,20260306000466,주주총회소집공고,20260306,kospi
00526599,덴티움,20260306000460,[기재정정]주주총회소집공고,20260306,kospi
01236532,와이즈버즈,20260306000453,주주총회소집공고,20260306,kosdaq
01445440,위츠,20260306000448,주주총회소집공고,20260306,kosdaq
00397058,엠게임,20260306000425,주주총회소집공고,20260306,kosdaq
00411446,큐에스아이,20260306000419,주주총회소집공고,20260306,kosdaq
00472890,동국알앤에스,20260306000405,주주총회소집공고,20260306,kosdaq
00144012,원풍,20260306000401,[기재정정]주주총회소집공고,20260306,kosdaq
01344831,딥노이드,20260306000388,주주총회소집공고,20260306,kosdaq
01063990,로보로보,20260306000378,주주총회소집공고,20260306,kosdaq
00160861,한농화성,20260306000355,주주총회소집공고,20260306,kospi
00925587,위드텍,20260306000344,주주총회소집공고,20260306,kosdaq
00141608,오리엔탈정공,20260306000335,주주총회소집공고,20260306,kosdaq
01690235,유안타제12호기업인수목적,20260306000334,주주총회소집공고,20260306,etc
01690235,유안타제12호기업인수목적,20260306000331,주주총회소집공고,20260306,etc
00231442,디지틀조선,20260306000324,주주총회소집공고,20260306,kosdaq
00270113,멕아이씨에스,20260306000313,주주총회소집공고,20260306,kosdaq
00858124,알에스오토메이션,20260306000305,주주총회소집공고,20260306,kosdaq
00356802,큐렉소,20260306000301,주주총회소집공고,20260306,kosdaq
00152783,코메론,20260306000300,주주총회소집공고,20260306,kosdaq
01688346,유안타제11호기업인수목적,20260306000296,주주총회소집공고,20260306,etc
01798980,유안타제15호스팩,20260306000293,주주총회소집공고,20260306,kosdaq
00287788,정상제이엘에스,20260306000291,주주총회소집공고,20260306,kosdaq
00120076,LX인터내셔널,20260306000274,[기재정정]주주총회소집공고,20260306,kospi
00121932,미원상사,20260306000265,주주총회소집공고,20260306,kospi
01949584,IBKS제25호스팩,20260306000259,주주총회소집공고,20260306,kosdaq
00166519,화천기공,20260306000255,주주총회소집공고,20260306,kospi
01765265,동국제강,20260306000244,주주총회소집공고,20260306,kospi
01785700,아이비케이에스제23호기업인수목적,20260306000240,주주총회소집공고,20260306,etc
00339391,한화시스템,20260306000236,[기재정정]주주총회소집공고,20260306,kospi
00663289,위월드,20260306000235,주주총회소집공고,20260306,konex
00104120,광진실업,20260306000230,주주총회소집공고,20260306,kosdaq
00127875,삼익제약,20260306000222,주주총회소집공고,20260306,kosdaq
00317104,라이온켐텍,20260306000213,주주총회소집공고,20260306,kosdaq
00133751,세명전기,20260306000212,주주총회소집공고,20260306,kosdaq
01109955,링크제니시스,20260306000211,주주총회소집공고,20260306,kosdaq
00371740,디티씨,20260306000204,주주총회소집공고,20260306,kosdaq
00398701,엘앤에프,20260306000198,주주총회소집공고,20260306,kospi
01385050,넥스트바이오메디컬,20260306000197,주주총회소집공고,20260306,kosdaq
00163673,한진중공업홀딩스,20260306000195,주주총회소집공고,20260306,kospi
01217829,엔에프씨,20260306000146,주주총회소집공고,20260306,kosdaq
00130091,샘표,20260306000142,주주총회소집공고,20260306,kospi
00144012,원풍,20260306000134,주주총회소집공고,20260306,kosdaq
00122825,프리티,20260306000132,[기재정정]주주총회소집공고,20260306,kospi
01872459,본시스템즈,20260306000130,주주총회소집공고,20260306,konex
00350482,성우테크론,20260306000115,주주총회소집공고,20260306,kosdaq
00160010,한국큐빅,20260306000107,주주총회소집공고,20260306,kosdaq
00158325,NICE평가정보,20260306000091,주주총회소집공고,20260306,kospi
00100939,강남제비스코,20260306000088,주주총회소집공고,20260306,kospi
01242241,샌즈랩,20260306000082,주주총회소집공고,20260306,kosdaq
00367455,현우산업,20260306000081,주주총회소집공고,20260306,kosdaq
01016479,오로스테크놀로지,20260306000079,주주총회소집공고,20260306,kosdaq
01116380,씨앤에스링크,20260306000068,주주총회소집공고,20260306,konex
00480048,모다이노칩,20260306000058,주주총회소집공고,20260306,kosdaq
01167056,샘표식품,20260306000042,주주총회소집공고,20260306,kospi
01164758,쎄니팡,20260306000036,[기재정정]주주총회소집공고,20260306,etc
00124027,부산산업,20260306000027,주주총회소집공고,20260306,kospi
01877126,키움제10호스팩,20260306000020,주주총회소집공고,20260306,kosdaq
00413046,셀트리온,20260306000002,[기재정정]주주총회소집공고,20260306,kospi
00155586,HLB이노베이션,20260305001658,주주총회소집공고,20260306,kosdaq
00525882,크레버스,20260305001650,주주총회소집공고,20260306,kosdaq
01847550,하나34호스팩,20260305001643,주주총회소집공고,20260305,kosdaq
00728638,한세실업,20260305001630,[기재정정]주주총회소집공고,20260305,kospi
00348292,한빛소프트,20260305001618,[기재정정]주주총회소집공고,20260305,kosdaq
01478712,대덕전자,20260305001617,[기재정정]주주총회소집공고,20260305,kospi
00102858,고려아연,20260305001616,[기재정정]주주총회소집공고,20260305,kospi
00442048,아바텍,20260305001607,주주총회소집공고,20260305,kosdaq
00128607,삼천리자전거,20260305001601,주주총회소집공고,20260305,kosdaq
00231105,동성화인텍,20260305001597,주주총회소집공고,20260305,kosdaq
00348292,한빛소프트,20260305001596,[기재정정]주주총회소집공고,20260305,kosdaq
00106313,금호건설,20260305001589,주주총회소집공고,20260305,kospi
00120526,롯데쇼핑,20260305001587,주주총회소집공고,20260305,kospi
01316254,HS효성첨단소재,20260305001585,주주총회소집공고,20260305,kospi
00606770,참좋은여행,20260305001578,주주총회소집공고,20260305,kosdaq
00819073,인크로스,20260305001577,주주총회소집공고,20260305,kosdaq
01416235,고스트스튜디오,20260305001566,주주총회소집공고,20260305,kosdaq
00159795,한국카본,20260305001556,[기재정정]주주총회소집공고,20260305,kospi
01854763,HS효성,20260305001555,주주총회소집공고,20260305,kospi
00454937,덕신이피씨,20260305001553,[기재정정]주주총회소집공고,20260305,kosdaq
01906598,하나35호스팩,20260305001551,주주총회소집공고,20260305,kosdaq
00860332,메리츠금융지주,20260305001550,주주총회소집공고,20260305,kospi
00267881,보성파워텍,20260305001540,주주총회소집공고,20260305,kosdaq
00131054,유진증권,20260305001537,주주총회소집공고,20260305,kospi
00252135,주성엔지니어링,20260305001519,주주총회소집공고,20260305,kosdaq
00326731,바이오니아,20260305001508,[기재정정]주주총회소집공고,20260305,kosdaq
00123541,보해양조,20260305001506,[기재정정]주주총회소집공고,20260305,kospi
00110431,JW신약,20260305001476,주주총회소집공고,20260305,kosdaq
00965813,미투온,20260305001470,주주총회소집공고,20260305,kosdaq
01791561,하나31호스팩,20260305001469,주주총회소집공고,20260305,kosdaq
00123541,보해양조,20260305001464,주주총회소집공고,20260305,kospi
00861076,케이탑리츠,20260305001463,[기재정정]주주총회소집공고,20260305,kospi
00260569,유니셈,20260305001462,주주총회소집공고,20260305,kosdaq
01791321,하나30호기업인수목적,20260305001454,주주총회소집공고,20260305,etc
00114808,동국제약,20260305001446,주주총회소집공고,20260305,kosdaq
00159023,SK텔레콤,20260305001441,[기재정정]주주총회소집공고,20260305,kospi
00595191,후성,20260305001435,주주총회소집공고,20260305,kospi
00131850,SK증권,20260305001426,[기재정정]주주총회소집공고,20260305,kospi
00109718,사조대림,20260305001419,주주총회소집공고,20260305,kospi
00861076,케이탑리츠,20260305001415,[기재정정]주주총회소집공고,20260305,kospi
00164742,현대자동차,20260305001412,[기재정정]주주총회소집공고,20260305,kospi
01813377,에이치엠씨제7호스팩,20260305001408,주주총회소집공고,20260305,kosdaq
01233465,동국생명과학,20260305001407,주주총회소집공고,20260305,kosdaq
01423916,온코크로스,20260305001397,주주총회소집공고,20260305,kosdaq
00118275,디아이,20260305001395,주주총회소집공고,20260305,kospi
01807729,하나33호스팩,20260305001393,주주총회소집공고,20260305,kosdaq
01386916,SK아이이테크놀로지,20260305001391,주주총회소집공고,20260305,kospi
00117601,유안타증권,20260305001388,주주총회소집공고,20260305,kospi
01128613,화승엔터프라이즈,20260305001382,[기재정정]주주총회소집공고,20260305,kospi
00150536,진양제약,20260305001373,주주총회소집공고,20260305,kosdaq
00536523,로보스타,20260305001369,주주총회소집공고,20260305,kosdaq
00526872,이수앱지스,20260305001350,주주총회소집공고,20260305,kosdaq
00116949,DN오토모티브,20260305001348,주주총회소집공고,20260305,kospi
00966168,디알젬,20260305001340,주주총회소집공고,20260305,kosdaq
00166227,화승인더스트리,20260305001311,[기재정정]주주총회소집공고,20260305,kospi
00122825,프리티,20260305001300,주주총회소집공고,20260305,kospi
00118345,디아이동일,20260305001297,주주총회소집공고,20260305,kospi
00102140,케이아이이,20260305001285,[기재정정]주주총회소집공고,20260305,kospi
00580667,S&K폴리텍,20260305001279,주주총회소집공고,20260305,kosdaq
00161383,한미반도체,20260305001244,주주총회소집공고,20260305,kospi
00164779,SK하이닉스,20260305001231,[기재정정]주주총회소집공고,20260305,kospi
00115612,동부건설,20260305001219,주주총회소집공고,20260305,kospi
00111874,대원산업,20260305001212,주주총회소집공고,20260305,kosdaq
00364306,성우전자,20260305001200,주주총회소집공고,20260305,kosdaq
00162911,한일사료,20260305001195,주주총회소집공고,20260305,kosdaq
01264872,이노뎁,20260305001194,주주총회소집공고,20260305,kosdaq
01834194,엔에이치스팩31호,20260305001193,주주총회소집공고,20260305,kosdaq
01767494,에이치엠씨아이비제6호기업인수목적,20260305001192,주주총회소집공고,20260305,etc
01380578,도우인시스,20260305001186,주주총회소집공고,20260305,kosdaq
00113508,노루홀딩스,20260305001170,주주총회소집공고,20260305,kospi
00587466,KPX홀딩스,20260305001164,주주총회소집공고,20260305,kospi
01071041,CJ 바이오사이언스,20260305001163,주주총회소집공고,20260305,kosdaq
01807738,하나32호스팩,20260305001157,주주총회소집공고,20260305,kosdaq
00540605,이월드,20260305001146,주주총회소집공고,20260305,kospi
00142661,우성,20260305001142,주주총회소집공고,20260305,kospi
00877059,삼성바이오로직스,20260305001125,[기재정정]주주총회소집공고,20260305,kospi
00162461,한화솔루션,20260305001118,[기재정정]주주총회소집공고,20260305,kospi
00163196,한일철강,20260305001116,주주총회소집공고,20260305,kospi
00560849,에스앤디,20260305001088,주주총회소집공고,20260305,kosdaq
00111847,대원강업,20260305001084,[기재정정]주주총회소집공고,20260305,kospi
00868705,윈스테크넷,20260305001071,주주총회소집공고,20260305,kosdaq
00266952,네오위즈홀딩스,20260305001064,주주총회소집공고,20260305,kosdaq
00148522,퍼스텍,20260305001061,주주총회소집공고,20260305,kospi
00128555,삼천리,20260305001056,주주총회소집공고,20260305,kospi
00980122,JB금융지주,20260305001053,주주총회소집공고,20260305,kospi
01027828,퓨릿,20260305001048,주주총회소집공고,20260305,kosdaq
00191472,KPX케미칼,20260305001042,주주총회소집공고,20260305,kospi
00415594,동국S&C,20260305001021,주주총회소집공고,20260305,kosdaq
00153278,서연탑메탈,20260305001017,주주총회소집공고,20260305,kosdaq
01165155,모비스,20260305001009,주주총회소집공고,20260305,kosdaq
00176516,금화피에스시,20260305001003,주주총회소집공고,20260305,kosdaq
00861076,케이탑리츠,20260305001001,주주총회소집공고,20260305,kospi
00609661,티쓰리,20260305000988,주주총회소집공고,20260305,kosdaq
01169267,세화피앤씨,20260305000979,주주총회소집공고,20260305,kosdaq
00660459,나노씨엠에스,20260305000978,주주총회소집공고,20260305,kosdaq
00348292,한빛소프트,20260305000969,주주총회소집공고,20260305,kosdaq
01590528,아스테라시스,20260305000959,[기재정정]주주총회소집공고,20260305,kosdaq
00138516,아남전자,20260305000958,주주총회소집공고,20260305,kospi
01351080,지아이이노베이션,20260305000945,주주총회소집공고,20260305,kosdaq
00162072,한신기계공업,20260305000940,주주총회소집공고,20260305,kospi
00117267,동양생명보험,20260305000933,주주총회소집공고,20260305,etc
00115287,동방,20260305000899,주주총회소집공고,20260305,kospi
00252269,아이에이,20260305000889,주주총회소집공고,20260305,kosdaq
01412822,솔루스첨단소재,20260305000875,주주총회소집공고,20260305,kospi
00151368,인터지스,20260305000844,주주총회소집공고,20260305,kospi
01663116,에어레인,20260305000843,주주총회소집공고,20260305,kosdaq
00266961,NAVER,20260305000834,[기재정정]주주총회소집공고,20260305,kospi
00634728,이크레더블,20260305000825,주주총회소집공고,20260305,kosdaq
00116301,NI스틸,20260305000787,주주총회소집공고,20260305,kospi
00121570,문배철강,20260305000784,주주총회소집공고,20260305,kospi
00842585,네이블,20260305000772,[기재정정]주주총회소집공고,20260305,kosdaq
01792791,IBKS제24호스팩,20260305000752,주주총회소집공고,20260305,kosdaq
00149239,조일알미늄,20260305000743,주주총회소집공고,20260305,kospi
00328191,케이에스피,20260305000731,주주총회소집공고,20260305,kosdaq
00105299,금강공업,20260305000727,주주총회소집공고,20260305,kospi
01258507,롯데웰푸드,20260305000711,주주총회소집공고,20260305,kospi
00307222,YBM넷,20260305000669,주주총회소집공고,20260305,kosdaq
00273439,메디아나,20260305000657,주주총회소집공고,20260305,kosdaq
01949140,교보19호스팩,20260305000641,주주총회소집공고,20260305,kosdaq
01946532,삼성스팩12호,20260305000639,주주총회소집공고,20260305,kosdaq
01819867,미래에셋비전스팩6호,20260305000620,주주총회소집공고,20260305,kosdaq
00411048,에스앤에스텍,20260305000605,주주총회소집공고,20260305,kosdaq
00113225,대한제강,20260305000591,주주총회소집공고,20260305,kospi
01455492,데이원컴퍼니,20260305000561,주주총회소집공고,20260305,kosdaq
01283974,삐아,20260305000560,주주총회소집공고,20260305,kosdaq
00121534,MH에탄올,20260305000556,주주총회소집공고,20260305,kospi
00144395,동서,20260305000546,[기재정정]주주총회소집공고,20260305,kospi
00298340,에스티아이,20260305000529,주주총회소집공고,20260305,kosdaq
00652007,메카로,20260305000527,주주총회소집공고,20260305,kosdaq
00767460,PI첨단소재,20260305000515,[기재정정]주주총회소집공고,20260305,kospi
00165060,하이록코리아,20260305000489,주주총회소집공고,20260305,kosdaq
00130408,서산,20260305000484,주주총회소집공고,20260305,kosdaq
00151605,청보,20260305000473,주주총회소집공고,20260305,kosdaq
00450931,우양에이치씨,20260305000470,주주총회소집공고,20260305,kosdaq
00390365,토비스,20260305000460,주주총회소집공고,20260305,kosdaq
00141149,영진약품,20260305000429,주주총회소집공고,20260305,kospi
00238153,파세코,20260305000416,주주총회소집공고,20260305,kosdaq
00372226,티에스이,20260305000413,주주총회소집공고,20260305,kosdaq
00366942,미코,20260305000402,주주총회소집공고,20260305,kosdaq
00165413,롯데케미칼,20260305000395,주주총회소집공고,20260305,kospi
00144395,동서,20260305000288,주주총회소집공고,20260305,kospi
00124276,부스타,20260305000233,주주총회소집공고,20260305,kosdaq
01134216,트루엔,20260305000232,주주총회소집공고,20260305,kosdaq
00923792,내츄럴엔도텍,20260305000215,주주총회소집공고,20260305,kosdaq
00666064,셀바스AI,20260305000132,[기재정정]주주총회소집공고,20260305,kosdaq
01583652,모니터랩,20260305000115,주주총회소집공고,20260305,kosdaq
00118044,동원수산,20260305000092,주주총회소집공고,20260305,kospi
00167004,흥구석유,20260305000091,주주총회소집공고,20260305,kosdaq
00870861,와이엠씨,20260305000078,[기재정정]주주총회소집공고,20260305,kosdaq
01590528,아스테라시스,20260305000069,주주총회소집공고,20260305,kosdaq
00215976,무궁화인포메이션테크놀로지,20260305000067,주주총회소집공고,20260305,etc
01133217,카카오뱅크,20260305000006,주주총회소집공고,20260305,kospi
00454937,덕신이피씨,20260304001721,[기재정정]주주총회소집공고,20260305,kosdaq
00326731,바이오니아,20260304001749,[기재정정]주주총회소집공고,20260305,kosdaq
01866528,교보17호스팩,20260304001731,주주총회소집공고,20260304,kosdaq
00919966,신라젠,20260304001717,주주총회소집공고,20260304,kosdaq
00112332,미래에셋생명,20260304001707,주주총회소집공고,20260304,kospi
00120571,롯데칠성음료,20260304001684,주주총회소집공고,20260304,kospi
01478712,대덕전자,20260304001660,주주총회소집공고,20260304,kospi
01261893,케이씨텍,20260304001634,[기재정정]주주총회소집공고,20260304,kospi
00111704,한화오션,20260304001631,[기재정정]주주총회소집공고,20260304,kospi
01327092,라닉스,20260304001615,[기재정정]주주총회소집공고,20260304,kosdaq
00124540,대우건설,20260304001608,주주총회소집공고,20260304,kospi
00131850,SK증권,20260304001605,주주총회소집공고,20260304,kospi
00216027,바이넥스,20260304001577,주주총회소집공고,20260304,kosdaq
00526599,덴티움,20260304001573,주주총회소집공고,20260304,kospi
01934935,KB제33호스팩,20260304001563,주주총회소집공고,20260304,kosdaq
00413523,한미글로벌,20260304001552,주주총회소집공고,20260304,kospi
00209780,케이씨,20260304001547,[기재정정]주주총회소집공고,20260304,kospi
01436558,신한서부티엔디리츠,20260304001513,주주총회소집공고,20260304,kospi
01466832,라피치,20260304001509,주주총회소집공고,20260304,konex
00140177,GS리테일,20260304001507,주주총회소집공고,20260304,kospi
00608802,텔콘RF제약,20260304001494,주주총회소집공고,20260304,kosdaq
01234297,미원에스씨,20260304001489,주주총회소집공고,20260304,kospi
00831428,옵투스제약,20260304001475,주주총회소집공고,20260304,kosdaq
00159795,한국카본,20260304001453,주주총회소집공고,20260304,kospi
00111722,미래에셋증권,20260304001438,주주총회소집공고,20260304,kospi
00142713,형지I&C,20260304001428,[기재정정]주주총회소집공고,20260304,kosdaq
00117300,TCC스틸,20260304001420,주주총회소집공고,20260304,kospi
01781847,교보15호기업인수목적,20260304001402,주주총회소집공고,20260304,etc
00138701,아세아,20260304001382,주주총회소집공고,20260304,kospi
00975290,에이스토리,20260304001374,주주총회소집공고,20260304,kosdaq
00292434,인트론바이오,20260304001371,주주총회소집공고,20260304,kosdaq
00141389,KZ정밀,20260304001366,주주총회소집공고,20260304,kosdaq
01535150,SK리츠,20260304001363,주주총회소집공고,20260304,kospi
01237434,플리토,20260304001348,주주총회소집공고,20260304,kosdaq
00870861,와이엠씨,20260304001297,주주총회소집공고,20260304,kosdaq
00583442,노루페인트,20260304001295,주주총회소집공고,20260304,kospi
00862853,플레이디,20260304001292,주주총회소집공고,20260304,kosdaq
00854997,에스디바이오센서,20260304001291,[기재정정]주주총회소집공고,20260304,kospi
01498974,큐리옥스바이오시스템즈,20260304001288,주주총회소집공고,20260304,kosdaq
00131832,SK디스커버리,20260304001277,주주총회소집공고,20260304,kospi
00125664,삼미금속,20260304001259,주주총회소집공고,20260304,kosdaq
01301623,비씨엔씨,20260304001255,[기재정정]주주총회소집공고,20260304,kosdaq
01902990,KB제32호스팩,20260304001252,주주총회소집공고,20260304,kosdaq
00138729,아세아제지,20260304001230,주주총회소집공고,20260304,kospi
00651901,에어부산,20260304001215,주주총회소집공고,20260304,kospi
00877819,데이타솔루션,20260304001213,주주총회소집공고,20260304,kosdaq
00990165,아세아시멘트,20260304001202,주주총회소집공고,20260304,kospi
00326731,바이오니아,20260304001198,주주총회소집공고,20260304,kosdaq
00150828,진흥기업,20260304001197,주주총회소집공고,20260304,kospi
00876643,캐프,20260304001194,주주총회소집공고,20260304,kosdaq
01841635,미래에셋비전스팩7호,20260304001188,주주총회소집공고,20260304,kosdaq
00610083,비아트론,20260304001176,주주총회소집공고,20260304,kosdaq
00508274,일진다이아,20260304001174,주주총회소집공고,20260304,kospi
01397620,루닛,20260304001172,주주총회소집공고,20260304,kosdaq
01405451,알체라,20260304001169,주주총회소집공고,20260304,kosdaq
00393618,제노텍,20260304001162,주주총회소집공고,20260304,konex
01301623,비씨엔씨,20260304001138,주주총회소집공고,20260304,kosdaq
00989664,코아스템켐온,20260304001136,주주총회소집공고,20260304,kosdaq
01357446,퓨런티어,20260304001132,주주총회소집공고,20260304,kosdaq
00124577,엠소닉,20260304001121,주주총회소집공고,20260304,etc
01845701,교보16호스팩,20260304001103,주주총회소집공고,20260304,kosdaq
00544452,이리츠코크렙,20260304001102,주주총회소집공고,20260304,kospi
01851650,KB제30호스팩,20260304001097,주주총회소집공고,20260304,kosdaq
00601191,하나기술,20260304001079,주주총회소집공고,20260304,kosdaq
00142713,형지I&C,20260304001076,주주총회소집공고,20260304,kosdaq
00220622,서호전기,20260304001055,주주총회소집공고,20260304,kosdaq
00265041,삼양케이씨아이,20260304001039,[기재정정]주주총회소집공고,20260304,kosdaq
01760640,교보14호기업인수목적,20260304001026,주주총회소집공고,20260304,etc
00139889,SKC,20260304001019,[기재정정]주주총회소집공고,20260304,kospi
01910759,삼성스팩10호,20260304001018,주주총회소집공고,20260304,kosdaq
00415707,엔텔스,20260304001013,주주총회소집공고,20260304,kosdaq
00490151,파트론,20260304000990,주주총회소집공고,20260304,kosdaq
00330424,LS증권,20260304000987,주주총회소집공고,20260304,kosdaq
00606664,케이엔더블유,20260304000975,주주총회소집공고,20260304,kosdaq
00445160,APS이노베이션,20260304000959,주주총회소집공고,20260304,kosdaq
00369569,비케이홀딩스,20260304000954,주주총회소집공고,20260304,kosdaq
01327092,라닉스,20260304000945,주주총회소집공고,20260304,kosdaq
00134963,송원산업,20260304000926,주주총회소집공고,20260304,kospi
00301422,스모트로닉,20260304000915,주주총회소집공고,20260304,kosdaq
01809569,신한제12호스팩,20260304000884,주주총회소집공고,20260304,kosdaq
00108612,DS단석,20260304000867,[기재정정]주주총회소집공고,20260304,kospi
00159342,한국정보통신,20260304000862,주주총회소집공고,20260304,kosdaq
00612294,피엔티,20260304000810,주주총회소집공고,20260304,kosdaq
01854408,신한제15호스팩,20260304000802,주주총회소집공고,20260304,kosdaq
01875146,신한제16호스팩,20260304000798,주주총회소집공고,20260304,kosdaq
00149770,중앙에너비스,20260304000784,주주총회소집공고,20260304,kosdaq
00385363,빅텍,20260304000783,주주총회소집공고,20260304,kosdaq
01910324,교보18호스팩,20260304000781,주주총회소집공고,20260304,kosdaq
00255275,HB테크놀러지,20260304000779,주주총회소집공고,20260304,kosdaq
00409964,하이텍팜,20260304000769,주주총회소집공고,20260304,kosdaq
01784677,키움히어로제1호스팩,20260304000762,[기재정정]주주총회소집공고,20260304,kosdaq
01807747,신한제13호스팩,20260304000759,주주총회소집공고,20260304,kosdaq
00166573,환인제약,20260304000737,주주총회소집공고,20260304,kospi
01047840,미스터블루,20260304000714,주주총회소집공고,20260304,kosdaq
00972503,일진하이솔루스,20260304000708,주주총회소집공고,20260304,kospi
00146649,일진홀딩스,20260304000706,주주총회소집공고,20260304,kospi
01784677,키움히어로제1호스팩,20260304000679,주주총회소집공고,20260304,kosdaq
01169434,오가닉티코스메틱,20260304000652,주주총회소집공고,20260304,kosdaq
00842585,네이블,20260304000650,주주총회소집공고,20260304,kosdaq
01712616,엔에이치기업인수목적29호,20260304000644,주주총회소집공고,20260304,etc
01931585,엔에이치스팩32호,20260304000629,주주총회소집공고,20260304,kosdaq
00128926,삼현철강,20260304000624,주주총회소집공고,20260304,kosdaq
01003040,케이사인,20260304000611,주주총회소집공고,20260304,kosdaq
01785056,엔에이치기업인수목적30호,20260304000609,주주총회소집공고,20260304,etc
00173944,우진,20260304000543,주주총회소집공고,20260304,kospi
00189538,피델릭스,20260304000535,주주총회소집공고,20260304,kosdaq
01882845,GS피앤엘,20260304000469,주주총회소집공고,20260304,kospi
00177199,디씨엠,20260304000441,주주총회소집공고,20260304,kospi
01030503,우진엔텍,20260304000372,주주총회소집공고,20260304,kosdaq
00535676,테크윙,20260304000354,주주총회소집공고,20260304,kosdaq
00683469,일진전기,20260304000350,주주총회소집공고,20260304,kospi
01949469,미래에셋비전스팩10호,20260304000325,주주총회소집공고,20260304,kosdaq
00874803,AP위성,20260304000323,[기재정정]주주총회소집공고,20260304,kosdaq
00159786,유니드,20260304000321,주주총회소집공고,20260304,kospi
01935183,삼성스팩11호,20260304000315,주주총회소집공고,20260304,kosdaq
01309388,LS티라유텍,20260304000302,주주총회소집공고,20260304,kosdaq
01866926,KB제31호스팩,20260304000255,주주총회소집공고,20260304,kosdaq
00303396,한국컴퓨터,20260304000254,주주총회소집공고,20260304,kosdaq
00351630,세코닉스,20260304000241,주주총회소집공고,20260304,kosdaq
00102751,고려산업,20260304000228,주주총회소집공고,20260304,kospi
01853214,신한제14호스팩,20260304000216,주주총회소집공고,20260304,kosdaq
00526836,미래나노텍,20260304000207,주주총회소집공고,20260304,kosdaq
00544577,브이엠,20260304000197,[기재정정]주주총회소집공고,20260304,kosdaq
01816268,KB제29호스팩,20260304000081,주주총회소집공고,20260304,kosdaq
01719105,신한제11호기업인수목적,20260304000049,주주총회소집공고,20260304,etc
00767460,PI첨단소재,20260304000005,주주총회소집공고,20260304,kospi
00447007,알리코제약,20260303003283,[기재정정]주주총회소집공고,20260303,kosdaq
00156859,다올투자증권,20260303003272,주주총회소집공고,20260303,kospi
01573381,레이저쎌,20260303003267,주주총회소집공고,20260303,kosdaq
00382199,신한지주,20260303003230,주주총회소집공고,20260303,kospi
00141246,SGC E&C,20260303003175,주주총회소집공고,20260303,kosdaq
00360036,백금T&A,20260303003112,주주총회소집공고,20260303,kosdaq
00454937,덕신이피씨,20260303003070,주주총회소집공고,20260303,kosdaq
00113997,롯데에너지머티리얼즈,20260303003004,주주총회소집공고,20260303,kospi
00164973,현대해상,20260303002978,주주총회소집공고,20260303,kospi
00159209,한전기술,20260303002958,주주총회소집공고,20260303,kospi
00125150,SGC에너지,20260303002953,주주총회소집공고,20260303,kospi
01450938,지에프아이,20260303002944,주주총회소집공고,20260303,kosdaq
00106641,기아,20260303002932,[기재정정]주주총회소집공고,20260303,kospi
01335851,박셀바이오,20260303002866,주주총회소집공고,20260303,kosdaq
01203376,유비쿼스,20260303002856,주주총회소집공고,20260303,kosdaq
00165680,호텔신라,20260303002845,[기재정정]주주총회소집공고,20260303,kospi
01363818,롯데리츠,20260303002838,주주총회소집공고,20260303,kospi
00231044,우리기술,20260303002812,주주총회소집공고,20260303,kosdaq
00203582,한솔홈데코,20260303002807,주주총회소집공고,20260303,kospi
00273420,이스트소프트,20260303002770,주주총회소집공고,20260303,kosdaq
00390514,이루온,20260303002732,주주총회소집공고,20260303,kosdaq
00159102,DB손해보험,20260303002699,[기재정정]주주총회소집공고,20260303,kospi
00491053,진바이오텍,20260303002692,주주총회소집공고,20260303,kosdaq
00435312,하이스틸,20260303002610,주주총회소집공고,20260303,kospi
00631837,안트로젠,20260303002600,[기재정정]주주총회소집공고,20260303,kosdaq
01476219,코스텍시스,20260303002577,주주총회소집공고,20260303,kosdaq
00124780,사조씨푸드,20260303002569,주주총회소집공고,20260303,kospi
00406329,루멘스바이오스,20260303002534,주주총회소집공고,20260303,kosdaq
01344202,뷰노,20260303002496,주주총회소집공고,20260303,kosdaq
00139214,삼성화재해상보험,20260303002491,[기재정정]주주총회소집공고,20260303,kospi
00396925,엠로,20260303002466,주주총회소집공고,20260303,kosdaq
01390399,솔트웨어,20260303002460,주주총회소집공고,20260303,kosdaq
00683061,한라캐스트,20260303002409,[기재정정]주주총회소집공고,20260303,kosdaq
00242712,엘컴텍,20260303002401,주주총회소집공고,20260303,kosdaq
01376715,디앤디파마텍,20260303002387,주주총회소집공고,20260303,kosdaq
00122737,팬오션,20260303002348,[기재정정]주주총회소집공고,20260303,kospi
00405320,웹젠,20260303002334,주주총회소집공고,20260303,kosdaq
01860010,오션스바이오,20260303002328,주주총회소집공고,20260303,konex
00871833,에스티팜,20260303002309,주주총회소집공고,20260303,kosdaq
00158112,한국수출포장공업,20260303002281,주주총회소집공고,20260303,kospi
01717170,상상인제4호기업인수목적,20260303002271,주주총회소집공고,20260303,etc
00683061,한라캐스트,20260303002267,주주총회소집공고,20260303,kosdaq
00445799,서원인텍,20260303002229,주주총회소집공고,20260303,kosdaq
00631837,안트로젠,20260303002197,주주총회소집공고,20260303,kosdaq
01293485,제닉스로보틱스,20260303002120,[기재정정]주주총회소집공고,20260303,kosdaq
01109937,티앤알바이오팹,20260303001987,주주총회소집공고,20260303,kosdaq
00309503,한국항공우주,20260303001967,주주총회소집공고,20260303,kospi
00101752,케이씨피드,20260303001942,주주총회소집공고,20260303,kosdaq
00140779,영보화학,20260303001835,주주총회소집공고,20260303,kospi
00820352,파인텍,20260303001819,주주총회소집공고,20260303,kosdaq
01109070,비피도,20260303001751,주주총회소집공고,20260303,kosdaq
00411385,유비쿼스홀딩스,20260303001678,주주총회소집공고,20260303,kosdaq
00874803,AP위성,20260303001651,[기재정정]주주총회소집공고,20260303,kosdaq
01164758,쎄니팡,20260303001602,주주총회소집공고,20260303,etc
00161462,에이티넘인베스트,20260303001510,주주총회소집공고,20260303,kosdaq
00231707,비트컴퓨터,20260303000205,주주총회소집공고,20260303,kosdaq
00111218,KD,20260227008957,주주총회소집공고,20260303,kosdaq
00137207,유니켐,20260227008901,주주총회소집공고,20260227,kospi
00631518,SK이노베이션,20260227008896,주주총회소집공고,20260227,kospi
01208849,나인테크,20260227008893,주주총회소집공고,20260227,kosdaq
00203023,시노펙스,20260227008857,주주총회소집공고,20260227,kosdaq
00260930,에스엠,20260227008845,주주총회소집공고,20260227,kosdaq
00671376,트리니티항공,20260227008834,주주총회소집공고,20260227,kospi
00143314,에이엔피,20260227008770,주주총회소집공고,20260227,kospi
01144028,씨티케이,20260227008745,주주총회소집공고,20260227,kosdaq
00159102,DB손해보험,20260227008729,주주총회소집공고,20260227,kospi
00144164,SK가스,20260227008667,주주총회소집공고,20260227,kospi
01947072,미래에셋비전스팩8호,20260227008646,주주총회소집공고,20260227,kosdaq
00149655,삼성물산,20260227008642,[기재정정]주주총회소집공고,20260227,kospi
00155355,풀무원,20260227008619,주주총회소집공고,20260227,kospi
00963976,SG,20260227008542,주주총회소집공고,20260227,kosdaq
00271501,코아시아,20260227008518,주주총회소집공고,20260227,kosdaq
00135111,수산세보틱스,20260227008493,주주총회소집공고,20260227,kospi
00152437,케이프,20260227008409,주주총회소집공고,20260227,kosdaq
00158963,유나이티드,20260227008395,주주총회소집공고,20260227,kospi
00127255,삼영,20260227008391,주주총회소집공고,20260227,kospi
00855093,선진,20260227008369,주주총회소집공고,20260227,kospi
00403766,한국첨단소재,20260227008355,주주총회소집공고,20260227,kosdaq
00164788,현대모비스,20260227008215,[기재정정]주주총회소집공고,20260227,kospi
00180795,인팩,20260227008162,주주총회소집공고,20260227,kospi
01350869,우리금융지주,20260227008132,주주총회소집공고,20260227,kospi
00133812,세방,20260227008115,주주총회소집공고,20260227,kospi
00164618,현대사료,20260227007889,주주총회소집공고,20260227,kosdaq
00874803,AP위성,20260227007800,주주총회소집공고,20260227,kosdaq
00547583,하나금융지주,20260227007762,주주총회소집공고,20260227,kospi
00107987,남해화학,20260227007715,[기재정정]주주총회소집공고,20260227,kospi
00562360,에코볼트,20260227007702,주주총회소집공고,20260227,kosdaq
00126937,삼양홀딩스,20260227007669,주주총회소집공고,20260227,kospi
00139205,안국약품,20260227007640,[기재정정]주주총회소집공고,20260227,kosdaq
01063954,수젠텍,20260227007601,주주총회소집공고,20260227,kosdaq
00127857,삼익악기,20260227007532,주주총회소집공고,20260227,kospi
01528141,LS머트리얼즈,20260227007507,주주총회소집공고,20260227,kosdaq
01275489,셀비온,20260227007456,주주총회소집공고,20260227,kosdaq
00140566,한탑,20260227007397,[기재정정]주주총회소집공고,20260227,kosdaq
00156442,한국가구,20260227007394,주주총회소집공고,20260227,kosdaq
00135999,신라섬유,20260227007382,주주총회소집공고,20260227,kosdaq
00108612,DS단석,20260227007374,주주총회소집공고,20260227,kospi
01305869,세니젠,20260227007355,주주총회소집공고,20260227,kosdaq
00146542,일정실업,20260227007215,주주총회소집공고,20260227,etc
01867758,한화비전,20260227007026,[기재정정]주주총회소집공고,20260227,kospi
00918222,엘앤케이바이오,20260227006996,주주총회소집공고,20260227,kosdaq
01179617,한국비엔씨,20260227006959,주주총회소집공고,20260227,kosdaq
00416654,유엔젤,20260227006878,[기재정정]주주총회소집공고,20260227,kospi
01965324,삼성에피스홀딩스,20260227006817,[기재정정]주주총회소집공고,20260227,kospi
00453488,다이나믹디자인,20260227006757,주주총회소집공고,20260227,kospi
00138279,S-Oil,20260227006711,주주총회소집공고,20260227,kospi
00173102,모나리자,20260227006697,주주총회소집공고,20260227,kospi
00441304,가온그룹,20260227006592,주주총회소집공고,20260227,kosdaq
01596425,SK스퀘어,20260227006590,[기재정정]주주총회소집공고,20260227,kospi
00524421,테스,20260227006575,주주총회소집공고,20260227,kosdaq
00503668,LIG디펜스앤에어로스페이스,20260227006218,주주총회소집공고,20260227,kospi
00295547,디지아이,20260227006185,주주총회소집공고,20260227,kosdaq
00255619,강원랜드,20260227006101,주주총회소집공고,20260227,kospi
00596260,투비소프트,20260227005782,주주총회소집공고,20260227,kosdaq
00991191,앱클론,20260227005778,주주총회소집공고,20260227,kosdaq
01390344,HD현대중공업,20260227005715,주주총회소집공고,20260227,kospi
00362238,휴비스,20260227005695,주주총회소집공고,20260227,kospi
00114552,도화엔지니어링,20260227004924,주주총회소집공고,20260227,kospi
00493325,에이엘티,20260227004227,주주총회소집공고,20260227,kosdaq
00371485,켐트로닉스,20260227004188,주주총회소집공고,20260227,kosdaq
01274310,이오플로우,20260227004136,[기재정정]주주총회소집공고,20260227,kosdaq
00666064,셀바스AI,20260227003557,주주총회소집공고,20260227,kosdaq
00185222,크린앤사이언스,20260227003523,주주총회소집공고,20260227,kosdaq
01190568,에이피알,20260227003494,주주총회소집공고,20260227,kospi
00385415,일신바이오,20260227003072,주주총회소집공고,20260227,kosdaq
00311216,에이치엔에스하이텍,20260227002074,주주총회소집공고,20260227,kosdaq
01933981,비엔케이제3호스팩,20260227001373,주주총회소집공고,20260227,kosdaq
00260408,팜스코,20260227001360,주주총회소집공고,20260227,kospi
01948220,미래에셋비전스팩11호,20260227001338,주주총회소집공고,20260227,kosdaq
00407285,아이컴포넌트,20260227000400,주주총회소집공고,20260227,kosdaq
00117498,스틱인베스트먼트,20260226007228,주주총회소집공고,20260227,kospi
01032486,두산밥캣,20260226007014,주주총회소집공고,20260226,kospi
00107987,남해화학,20260226006969,주주총회소집공고,20260226,kospi
00447487,제주반도체,20260226006850,[기재정정]주주총회소집공고,20260226,kosdaq
00226316,호전실업,20260226006815,주주총회소집공고,20260226,kospi
00148832,제주은행,20260226006780,주주총회소집공고,20260226,kospi
01114586,셀레믹스,20260226006566,주주총회소집공고,20260226,kosdaq
00104388,국도화학,20260226006483,주주총회소집공고,20260226,kospi
00158307,롯데하이마트,20260226006362,[기재정정]주주총회소집공고,20260226,kospi
01205709,HD현대,20260226006307,주주총회소집공고,20260226,kospi
00152880,코오롱글로벌,20260226006122,주주총회소집공고,20260226,kospi
01584183,퀄리타스반도체,20260226006117,주주총회소집공고,20260226,kosdaq
00552859,HLB테라퓨틱스,20260226006100,주주총회소집공고,20260226,kosdaq
00364403,쏠리드,20260226006012,주주총회소집공고,20260226,kosdaq
00105280,현대지에프홀딩스,20260226005966,주주총회소집공고,20260226,kospi
00131692,서흥,20260226005910,주주총회소집공고,20260226,kospi
00138190,GS글로벌,20260226005854,주주총회소집공고,20260226,kospi
00126308,삼성E&A,20260226005758,[기재정정]주주총회소집공고,20260226,kospi
00139205,안국약품,20260226005744,주주총회소집공고,20260226,kosdaq
00164830,HD한국조선해양,20260226005691,주주총회소집공고,20260226,kospi
00159810,카프로,20260226005661,주주총회소집공고,20260226,etc
00862312,포스뱅크,20260226005633,주주총회소집공고,20260226,kosdaq
00136864,신원,20260226005440,주주총회소집공고,20260226,kospi
00107613,이수페타시스,20260226005432,주주총회소집공고,20260226,kospi
01428203,케이씨씨글라스,20260226005378,주주총회소집공고,20260226,kospi
01199550,HD현대에너지솔루션,20260226005305,[기재정정]주주총회소집공고,20260226,kospi
00795135,코오롱인더,20260226005122,주주총회소집공고,20260226,kospi
00157991,한국석유공업,20260226005072,주주총회소집공고,20260226,kospi
00422895,세이브존I&C,20260226005022,주주총회소집공고,20260226,kospi
01152470,펄어비스,20260226005016,주주총회소집공고,20260226,kosdaq
00147222,전방,20260226004985,주주총회소집공고,20260226,kospi
00126186,삼성에스디에스,20260226004916,[기재정정]주주총회소집공고,20260226,kospi
00169048,HLB글로벌,20260226004868,주주총회소집공고,20260226,kospi
00593032,LF,20260226004757,[기재정정]주주총회소집공고,20260226,kospi
00991298,씨이랩,20260226004626,주주총회소집공고,20260226,kosdaq
01817249,미래에셋비전스팩5호,20260226004475,주주총회소집공고,20260226,kosdaq
01274310,이오플로우,20260226004395,[기재정정]주주총회소집공고,20260226,kosdaq
01213586,아이디피,20260226004302,주주총회소집공고,20260226,kosdaq
00416654,유엔젤,20260226004223,주주총회소집공고,20260226,kospi
00147082,재영솔루텍,20260226003848,주주총회소집공고,20260226,kosdaq
00359580,아이디스홀딩스,20260226003809,주주총회소집공고,20260226,kosdaq
00883980,아이디스,20260226003776,주주총회소집공고,20260226,kosdaq
00216762,한양이엔지,20260226003265,주주총회소집공고,20260226,kosdaq
00302926,현대로템,20260226002495,주주총회소집공고,20260226,kospi
00447487,제주반도체,20260226002423,주주총회소집공고,20260226,kosdaq
01274310,이오플로우,20260226002300,주주총회소집공고,20260226,kosdaq
00261054,EG,20260226002029,주주총회소집공고,20260226,kosdaq
01293485,제닉스로보틱스,20260226001383,[기재정정]주주총회소집공고,20260226,kosdaq
00122737,팬오션,20260226001217,주주총회소집공고,20260226,kospi
01293485,제닉스로보틱스,20260226000690,주주총회소집공고,20260226,kosdaq
00447007,알리코제약,20260226000619,주주총회소집공고,20260226,kosdaq
01294110,에스엔시스,20260226000443,주주총회소집공고,20260226,kosdaq
00138242,KG모빌리티,20260225006016,주주총회소집공고,20260226,kospi
00121941,대상,20260225006121,주주총회소집공고,20260226,kospi
00111810,대웅,20260225006045,주주총회소집공고,20260226,kospi
00427483,대웅제약,20260225006062,주주총회소집공고,20260226,kospi
01311408,에코프로머티,20260225006068,주주총회소집공고,20260226,kospi
00136271,신성이엔지,20260225005930,[기재정정]주주총회소집공고,20260225,kospi
01384787,시프트업,20260225005906,주주총회소집공고,20260225,kospi
00109693,DL,20260225005901,주주총회소집공고,20260225,kospi
00349732,코나아이,20260225005883,주주총회소집공고,20260225,kosdaq
00162586,한올바이오파마,20260225005862,주주총회소집공고,20260225,kospi
00149947,JW중외제약,20260225005842,주주총회소집공고,20260225,kospi
01310269,IPARK현대산업개발,20260225005830,주주총회소집공고,20260225,kospi
00225706,JW생명과학,20260225005823,주주총회소집공고,20260225,kospi
00103592,광동제약,20260225005822,주주총회소집공고,20260225,kospi
01316227,효성티앤씨,20260225005803,주주총회소집공고,20260225,kospi
00632304,JW홀딩스,20260225005790,주주총회소집공고,20260225,kospi
00244455,케이티앤지,20260225005779,주주총회소집공고,20260225,kospi
01319808,한일시멘트,20260225005763,주주총회소집공고,20260225,kospi
00164779,SK하이닉스,20260225005751,주주총회소집공고,20260225,kospi
00157681,롯데정밀화학,20260225005719,주주총회소집공고,20260225,kospi
00159023,SK텔레콤,20260225005688,주주총회소집공고,20260225,kospi
01105153,두산로보틱스,20260225005684,주주총회소집공고,20260225,kospi
00983271,NHN,20260225005678,주주총회소집공고,20260225,kospi
00412597,현대홈쇼핑,20260225005668,주주총회소집공고,20260225,etc
01032413,해성디에스,20260225005604,주주총회소집공고,20260225,kospi
00428321,해태제과식품,20260225005576,주주총회소집공고,20260225,kospi
00160302,코스모화학,20260225005571,주주총회소집공고,20260225,kospi
00896285,삼양사,20260225005517,주주총회소집공고,20260225,kospi
00145163,파미셀,20260225005474,주주총회소집공고,20260225,kospi
00133991,세아특수강,20260225005417,주주총회소집공고,20260225,etc
01316236,효성화학,20260225005414,주주총회소집공고,20260225,kospi
00428251,현대백화점,20260225005400,[기재정정]주주총회소집공고,20260225,kospi
01316245,효성중공업,20260225005386,주주총회소집공고,20260225,kospi
00162993,한일홀딩스,20260225005371,주주총회소집공고,20260225,kospi
00102858,고려아연,20260225005347,[기재정정]주주총회소집공고,20260225,kospi
00164742,현대자동차,20260225005348,주주총회소집공고,20260225,kospi
00426086,티케이지휴켐스,20260225005329,주주총회소집공고,20260225,kospi
00220561,광주신세계,20260225005310,주주총회소집공고,20260225,kospi
00937324,한국타이어앤테크놀로지,20260225005307,주주총회소집공고,20260225,kospi
00728638,한세실업,20260225005303,주주총회소집공고,20260225,kospi
00145190,유화증권,20260225005299,주주총회소집공고,20260225,kospi
00120021,LG,20260225005289,주주총회소집공고,20260225,kospi
00121543,무학,20260225005281,주주총회소집공고,20260225,kospi
00117188,효성,20260225005260,주주총회소집공고,20260225,kospi
00983040,한진칼,20260225005184,주주총회소집공고,20260225,kospi
00133706,한국제지,20260225005150,주주총회소집공고,20260225,kospi
00877059,삼성바이오로직스,20260225005121,[기재정정]주주총회소집공고,20260225,kospi
00377610,세아홀딩스,20260225005108,주주총회소집공고,20260225,kospi
00309503,한국항공우주,20260225005069,주주총회소집공고,20260225,kospi
00161116,HL D&I,20260225005028,주주총회소집공고,20260225,kospi
00167208,흥아해운,20260225005023,주주총회소집공고,20260225,kospi
01205842,HD건설기계,20260225004969,[기재정정]주주총회소집공고,20260225,kospi
00101664,경보제약,20260225004961,주주총회소집공고,20260225,kospi
00101488,경동나비엔,20260225004958,주주총회소집공고,20260225,kospi
01029394,에코마케팅,20260225004954,[기재정정]주주총회소집공고,20260225,etc
00552992,진매트릭스,20260225004950,주주총회소집공고,20260225,kosdaq
00111847,대원강업,20260225004928,주주총회소집공고,20260225,kospi
00171636,한솔홀딩스,20260225004878,주주총회소집공고,20260225,kospi
00527491,하이드로리튬,20260225004875,주주총회소집공고,20260225,kosdaq
01516890,E8,20260225004870,주주총회소집공고,20260225,kosdaq
00593032,LF,20260225004856,주주총회소집공고,20260225,kospi
00219097,BGF,20260225004838,주주총회소집공고,20260225,kospi
00155212,포스코DX,20260225004735,주주총회소집공고,20260225,kospi
00296290,키움증권,20260225004712,주주총회소집공고,20260225,kospi
00145880,현대제철,20260225004706,주주총회소집공고,20260225,kospi
01263022,BGF리테일,20260225004697,주주총회소집공고,20260225,kospi
00273110,에스티큐브,20260225004679,[기재정정]주주총회소집공고,20260225,kosdaq
00135917,한화손해보험,20260225004678,[기재정정]주주총회소집공고,20260225,kospi
00127167,삼영무역,20260225004661,주주총회소집공고,20260225,kospi
00949161,티엠씨,20260225004640,주주총회소집공고,20260225,kospi
00141875,사조오양,20260225004581,주주총회소집공고,20260225,kospi
00148984,시알홀딩스,20260225004532,[기재정정]주주총회소집공고,20260225,kospi
00158307,롯데하이마트,20260225004469,주주총회소집공고,20260225,kospi
00146083,일동홀딩스,20260225004452,주주총회소집공고,20260225,kospi
00653024,진에어,20260225004416,주주총회소집공고,20260225,kospi
00195229,미스토홀딩스,20260225004415,주주총회소집공고,20260225,kospi
00105271,케이씨씨,20260225004382,주주총회소집공고,20260225,kospi
01770203,조선내화,20260225004374,주주총회소집공고,20260225,kospi
00104722,국제약품,20260225004372,주주총회소집공고,20260225,kospi
00111999,대원제약,20260225004349,주주총회소집공고,20260225,kospi
00956930,동아에스티,20260225004348,주주총회소집공고,20260225,kospi
00163761,한창제지,20260225004272,주주총회소집공고,20260225,kospi
00857727,하림,20260225004270,주주총회소집공고,20260225,kosdaq
00403632,현대퓨처넷,20260225004247,주주총회소집공고,20260225,kospi
00203315,콘텐트리중앙,20260225004236,주주총회소집공고,20260225,kospi
00116824,동아쏘시오홀딩스,20260225004226,주주총회소집공고,20260225,kospi
01168383,일동제약,20260225004221,주주총회소집공고,20260225,kospi
00261373,마크로젠,20260225004198,주주총회소집공고,20260225,kosdaq
00523936,HB솔루션,20260225004074,주주총회소집공고,20260225,kosdaq
00391197,하이퍼코퍼레이션,20260225004033,주주총회소집공고,20260225,kosdaq
00854997,에스디바이오센서,20260225003984,주주총회소집공고,20260225,kospi
00428251,현대백화점,20260225003912,주주총회소집공고,20260225,kospi
00150439,진양산업,20260225003855,주주총회소집공고,20260225,kospi
00599595,BGF에코머티리얼즈,20260225003747,주주총회소집공고,20260225,kosdaq
01237540,이녹스첨단소재,20260225003739,주주총회소집공고,20260225,kosdaq
00390055,종근당바이오,20260225003644,주주총회소집공고,20260225,kospi
00656951,현대이지웰,20260225003642,주주총회소집공고,20260225,kosdaq
00357740,NHN KCP,20260225003634,주주총회소집공고,20260225,kosdaq
00129642,상신브레이크,20260225003608,주주총회소집공고,20260225,kospi
00274933,신세계푸드,20260225003601,주주총회소집공고,20260225,etc
00159698,지역난방공사,20260225003516,주주총회소집공고,20260225,kospi
00148984,시알홀딩스,20260225003450,주주총회소집공고,20260225,kospi
00106623,현대위아,20260225003345,주주총회소집공고,20260225,kospi
00362441,현대오토에버,20260225003206,주주총회소집공고,20260225,kospi
00117577,오리온홀딩스,20260225003132,주주총회소집공고,20260225,kospi
00149354,종근당홀딩스,20260225003126,주주총회소집공고,20260225,kospi
01238169,오리온,20260225003115,주주총회소집공고,20260225,kospi
01026157,쏘카,20260225003088,주주총회소집공고,20260225,kospi
01359736,프로이천,20260225002993,주주총회소집공고,20260225,kosdaq
00753643,주성코퍼레이션,20260225002761,주주총회소집공고,20260225,kospi
00867973,서남,20260225002734,주주총회소집공고,20260225,kosdaq
00161046,한독,20260225002588,주주총회소집공고,20260225,kospi
00105855,엘에스일렉트릭,20260225002502,[기재정정]주주총회소집공고,20260225,kospi
00565154,이노션,20260225002487,주주총회소집공고,20260225,kospi
00231831,조아제약,20260225002443,주주총회소집공고,20260225,kosdaq
00872984,이마트,20260225002306,주주총회소집공고,20260225,kospi
00105855,엘에스일렉트릭,20260225002281,주주총회소집공고,20260225,kospi
00361008,한화엔진,20260225002237,주주총회소집공고,20260225,kospi
00146269,일신방직,20260225001641,[기재정정]주주총회소집공고,20260225,kospi
00126380,삼성전자,20260225001623,[기재정정]주주총회소집공고,20260225,kospi
00115676,KG스틸,20260225001611,[기재정정]주주총회소집공고,20260225,kospi
00415646,드림텍,20260225001549,주주총회소집공고,20260225,kospi
00146269,일신방직,20260225001233,주주총회소집공고,20260225,kospi
00141529,오뚜기,20260225001156,주주총회소집공고,20260225,kospi
00126779,삼아알미늄,20260225001055,주주총회소집공고,20260225,kospi
00103015,고려제약,20260225000784,주주총회소집공고,20260225,kosdaq
00557508,GKL,20260225000594,주주총회소집공고,20260225,kospi
00140955,한솔케미칼,20260224004631,주주총회소집공고,20260225,kospi
00536541,에코프로,20260224004494,주주총회소집공고,20260224,kosdaq
00155276,포스코퓨처엠,20260224004492,주주총회소집공고,20260224,kospi
00350312,HDC랩스,20260224004398,[기재정정]주주총회소집공고,20260224,kospi
00258801,카카오,20260224004397,주주총회소집공고,20260224,kospi
01524093,DL이앤씨,20260224004334,주주총회소집공고,20260224,kospi
01596425,SK스퀘어,20260224004330,주주총회소집공고,20260224,kospi
00148920,조광페인트,20260224004329,주주총회소집공고,20260224,kospi
00356361,LG화학,20260224004273,주주총회소집공고,20260224,kospi
00148610,한화투자증권,20260224004187,주주총회소집공고,20260224,kospi
01108099,현대코퍼레이션홀딩스,20260224004181,주주총회소집공고,20260224,kospi
00126487,F&F 홀딩스,20260224004122,주주총회소집공고,20260224,kospi
00136402,신송홀딩스,20260224004104,주주총회소집공고,20260224,kospi
00164812,현대코퍼레이션,20260224004087,주주총회소집공고,20260224,kospi
00133858,세방전지,20260224004063,주주총회소집공고,20260224,kospi
00385336,홈캐스트,20260224004048,주주총회소집공고,20260224,kosdaq
00156691,한국공항,20260224003976,주주총회소집공고,20260224,kospi
00164636,HDC,20260224003946,주주총회소집공고,20260224,kospi
00135917,한화손해보험,20260224003942,주주총회소집공고,20260224,kospi
01722437,한화갤러리아,20260224003898,주주총회소집공고,20260224,kospi
00170558,코웨이,20260224003842,주주총회소집공고,20260224,kospi
01568413,F&F,20260224003816,주주총회소집공고,20260224,kospi
01562589,LX홀딩스,20260224003801,주주총회소집공고,20260224,kospi
00124504,포스코인터내셔널,20260224003800,주주총회소집공고,20260224,kospi
00120076,LX인터내셔널,20260224003705,주주총회소집공고,20260224,kospi
00158565,한국알콜,20260224003661,주주총회소집공고,20260224,kosdaq
00525934,LX세미콘,20260224003570,주주총회소집공고,20260224,kospi
01262032,롯데이노베이트,20260224003563,주주총회소집공고,20260224,kospi
00144243,유니슨,20260224003524,주주총회소집공고,20260224,kosdaq
01205842,HD건설기계,20260224003496,주주총회소집공고,20260224,kospi
00164478,현대건설,20260224003471,주주총회소집공고,20260224,kospi
00273110,에스티큐브,20260224003399,주주총회소집공고,20260224,kosdaq
00113526,대한항공,20260224003344,주주총회소집공고,20260224,kospi
00855163,미원화학,20260224003340,주주총회소집공고,20260224,kospi
00330044,캠시스,20260224003246,주주총회소집공고,20260224,kosdaq
00266961,NAVER,20260224003127,[기재정정]주주총회소집공고,20260224,kospi
00171265,파라다이스,20260224003119,주주총회소집공고,20260224,kospi
00172936,동일산업,20260224002993,주주총회소집공고,20260224,kospi
00219486,신세계I&C,20260224002953,주주총회소집공고,20260224,kospi
01093007,LS에코에너지,20260224002745,주주총회소집공고,20260224,kospi
00105961,LG이노텍,20260224002638,주주총회소집공고,20260224,kospi
00154462,아모레퍼시픽홀딩스,20260224002584,주주총회소집공고,20260224,kospi
00583424,아모레퍼시픽,20260224002345,주주총회소집공고,20260224,kospi
01784914,클로봇,20260224002065,[기재정정]주주총회소집공고,20260224,kosdaq
00119007,무림P&P,20260224001819,[기재정정]주주총회소집공고,20260224,kospi
00245472,티씨케이,20260224001802,주주총회소집공고,20260224,kosdaq
01721809,현대그린푸드,20260224001546,[기재정정]주주총회소집공고,20260224,kospi
01946596,미래에셋비전스팩9호,20260224001365,주주총회소집공고,20260224,kosdaq
00604426,인터로조,20260224001227,주주총회소집공고,20260224,kosdaq
01784914,클로봇,20260224001153,[기재정정]주주총회소집공고,20260224,kosdaq
01784914,클로봇,20260224001029,[기재정정]주주총회소집공고,20260224,kosdaq
00994994,나노,20260224000693,주주총회소집공고,20260224,kosdaq
00102858,고려아연,20260223004174,주주총회소집공고,20260223,kospi
00139889,SKC,20260223004155,주주총회소집공고,20260223,kospi
01566248,에코프로에이치엔,20260223004129,주주총회소집공고,20260223,kosdaq
00120030,GS건설,20260223004100,주주총회소집공고,20260223,kospi
00256955,테이팩스,20260223004093,주주총회소집공고,20260223,kospi
00126566,한화에어로스페이스,20260223004042,주주총회소집공고,20260223,kospi
00104856,삼성증권,20260223004027,주주총회소집공고,20260223,kospi
00115676,KG스틸,20260223004021,주주총회소집공고,20260223,kospi
01867758,한화비전,20260223003973,주주총회소집공고,20260223,kospi
00544577,브이엠,20260223003972,주주총회소집공고,20260223,kosdaq
00222532,LG헬로비전,20260223003963,주주총회소집공고,20260223,kospi
00125530,삼립,20260223003931,주주총회소집공고,20260223,kospi
00406046,HD현대마린엔진,20260223003906,주주총회소집공고,20260223,kospi
00470829,인티큐브,20260223003895,주주총회소집공고,20260223,kosdaq
00234412,신세계인터내셔날,20260223003872,주주총회소집공고,20260223,kospi
00125743,현대비앤지스틸,20260223003797,주주총회소집공고,20260223,kospi
00760971,크래프톤,20260223003796,주주총회소집공고,20260223,kospi
00356370,LG생활건강,20260223003794,주주총회소집공고,20260223,kospi
00261443,NC,20260223003762,주주총회소집공고,20260223,kospi
00106669,세아베스틸지주,20260223003724,주주총회소집공고,20260223,kospi
00138792,아시아나항공,20260223003696,주주총회소집공고,20260223,kospi
00160843,DB하이텍,20260223003628,주주총회소집공고,20260223,kospi
00162461,한화솔루션,20260223003624,주주총회소집공고,20260223,kospi
00260383,대한유화,20260223003619,주주총회소집공고,20260223,kospi
00155124,평화홀딩스,20260223003610,주주총회소집공고,20260223,kospi
00573579,평화산업,20260223003597,주주총회소집공고,20260223,kospi
00231363,LG유플러스,20260223003574,주주총회소집공고,20260223,kospi
01208885,경동도시가스,20260223003528,주주총회소집공고,20260223,kospi
01784914,클로봇,20260223003514,주주총회소집공고,20260223,kosdaq
00145862,인천도시가스,20260223003503,주주총회소집공고,20260223,kospi
00478900,빅솔론,20260223003435,주주총회소집공고,20260223,kosdaq
00209780,케이씨,20260223003399,주주총회소집공고,20260223,kospi
00136378,신세계,20260223003373,주주총회소집공고,20260223,kospi
00206039,경남스틸,20260223003338,주주총회소집공고,20260223,kosdaq
00367844,자이에스앤디,20260223003326,주주총회소집공고,20260223,kospi
00350312,HDC랩스,20260223003287,주주총회소집공고,20260223,kospi
00936787,애경케미칼,20260223003197,주주총회소집공고,20260223,kospi
00128412,삼진제약,20260223003160,주주총회소집공고,20260223,kospi
00188089,한섬,20260223003055,주주총회소집공고,20260223,kospi
00414850,효성 ITX,20260223002979,주주총회소집공고,20260223,kospi
01205851,HD현대일렉트릭,20260223002953,주주총회소집공고,20260223,kospi
00104768,가온전선,20260223002946,주주총회소집공고,20260223,kospi
00357935,HDC현대EP,20260223002792,주주총회소집공고,20260223,kospi
00105101,INVENI,20260223002782,주주총회소집공고,20260223,kospi
00191588,삼원강재,20260223002687,주주총회소집공고,20260223,kospi
00300548,현대리바트,20260223002674,주주총회소집공고,20260223,kospi
01128613,화승엔터프라이즈,20260223002404,주주총회소집공고,20260223,kospi
01194689,HD현대마린솔루션,20260223002367,주주총회소집공고,20260223,kospi
00166227,화승인더스트리,20260223002015,주주총회소집공고,20260223,kospi
00646732,진양홀딩스,20260223002008,주주총회소집공고,20260223,kospi
00129615,상보,20260223001900,[기재정정]주주총회소집공고,20260223,kosdaq
00129387,SP삼화,20260223001848,주주총회소집공고,20260223,kospi
00155258,포스코스틸리온,20260223001832,주주총회소집공고,20260223,kospi
00136165,스페코,20260223001618,주주총회소집공고,20260223,kosdaq
00121507,무림SP,20260223001594,[기재정정]주주총회소집공고,20260223,kosdaq
00863533,삼양엔씨켐,20260223001543,[기재정정]주주총회소집공고,20260223,kosdaq
00145464,이구산업,20260223001305,주주총회소집공고,20260223,kospi
00139834,LG씨엔에스,20260223000996,주주총회소집공고,20260223,kospi
00129989,코스모신소재,20260223000970,주주총회소집공고,20260223,kospi
00260392,대원전선,20260223000957,주주총회소집공고,20260223,kospi
00121507,무림SP,20260220002607,주주총회소집공고,20260220,kosdaq
00136086,무림페이퍼,20260220002602,주주총회소집공고,20260220,kospi
00119007,무림P&P,20260220002589,주주총회소집공고,20260220,kospi
01319899,SK바이오사이언스,20260220002585,주주총회소집공고,20260220,kospi
00185505,제일바이오,20260220002531,주주총회소집공고,20260220,etc
01199550,HD현대에너지솔루션,20260220002520,주주총회소집공고,20260220,kospi
00339391,한화시스템,20260220002320,주주총회소집공고,20260220,kospi
01244601,카카오페이,20260220002235,주주총회소집공고,20260220,kospi
01721809,현대그린푸드,20260220002233,주주총회소집공고,20260220,kospi
00140946,한솔로지스틱스,20260220002204,주주총회소집공고,20260220,kospi
01060744,한솔제지,20260220002187,주주총회소집공고,20260220,kospi
00228536,현대에버다임,20260220002133,주주총회소집공고,20260220,kosdaq
00140566,한탑,20260220002115,주주총회소집공고,20260220,kosdaq
01029394,에코마케팅,20260220002049,주주총회소집공고,20260220,etc
00150633,지누스,20260220001976,주주총회소집공고,20260220,kospi
01965333,삼양바이오팜,20260220001936,주주총회소집공고,20260220,kospi
01060814,삼양패키징,20260220001743,주주총회소집공고,20260220,kospi
00249982,솔본,20260220001732,주주총회소집공고,20260220,kosdaq
00266961,NAVER,20260220001706,주주총회소집공고,20260220,kospi
00760999,상신전자,20260220001684,주주총회소집공고,20260220,kosdaq
00863533,삼양엔씨켐,20260220001584,주주총회소집공고,20260220,kosdaq
00136271,신성이엔지,20260220001476,주주총회소집공고,20260220,kospi
01261893,케이씨텍,20260220001238,주주총회소집공고,20260220,kospi
00160375,진양폴리우레탄,20260220001216,주주총회소집공고,20260220,kospi
01020524,자이글,20260220001028,주주총회소집공고,20260220,kosdaq
00265041,삼양케이씨아이,20260220000997,주주총회소집공고,20260220,kosdaq
00231664,우리기술투자,20260220000945,주주총회소집공고,20260220,kosdaq
01814233,미래에셋비전스팩4호,20260220000593,주주총회소집공고,20260220,kosdaq
00347734,진양화학,20260220000495,주주총회소집공고,20260220,kospi
01965324,삼성에피스홀딩스,20260220000407,[기재정정]주주총회소집공고,20260220,kospi
01409022,페니트리움바이오,20260220000017,[기재정정]주주총회소집공고,20260220,kosdaq
00126256,삼성생명,20260219002857,주주총회소집공고,20260219,kospi
00155319,POSCO홀딩스,20260219002856,주주총회소집공고,20260219,kospi
00117276,네이처셀,20260219002769,주주총회소집공고,20260219,kosdaq
00139214,삼성화재해상보험,20260219002756,주주총회소집공고,20260219,kospi
00126362,삼성SDI,20260219002694,주주총회소집공고,20260219,kospi
00155531,풍산홀딩스,20260219002689,주주총회소집공고,20260219,kospi
00126292,삼성카드,20260219002656,주주총회소집공고,20260219,kospi
00684714,풍산,20260219002639,주주총회소집공고,20260219,kospi
01409022,페니트리움바이오,20260219002562,주주총회소집공고,20260219,kosdaq
00129615,상보,20260219002561,주주총회소집공고,20260219,kosdaq
00347062,현대바이오랜드,20260219002433,주주총회소집공고,20260219,kosdaq
00136624,신영와코루,20260219002312,주주총회소집공고,20260219,kospi
00264732,파인디지털,20260219002220,주주총회소집공고,20260219,kosdaq
00136004,신라에스지,20260219002199,주주총회소집공고,20260219,kosdaq
00428729,대호에이엘,20260219002179,주주총회소집공고,20260219,kospi
00108241,농심,20260219002054,주주총회소집공고,20260219,kospi
00115384,동방아그로,20260219002046,주주총회소집공고,20260219,kospi
00149345,조흥,20260219002009,주주총회소집공고,20260219,kospi
01965324,삼성에피스홀딩스,20260219001702,주주총회소집공고,20260219,kospi
00152589,코리아나,20260219000950,주주총회소집공고,20260219,kosdaq
00149655,삼성물산,20260219000055,주주총회소집공고,20260219,kospi
00660121,디에이테크놀로지,20260213002889,주주총회소집공고,20260213,etc
00105873,LG디스플레이,20260213002840,주주총회소집공고,20260213,kospi
00111704,한화오션,20260213002781,주주총회소집공고,20260213,kospi
00126186,삼성에스디에스,20260213002614,주주총회소집공고,20260213,kospi
00140168,HS애드,20260213002597,주주총회소집공고,20260213,kospi
00165680,호텔신라,20260213002566,주주총회소집공고,20260213,kospi
00102140,케이아이이,20260213002551,주주총회소집공고,20260213,kospi
00138057,써니전자,20260213002547,주주총회소집공고,20260213,kospi
00126478,삼성중공업,20260213002416,주주총회소집공고,20260213,kospi
00425351,멀티캠퍼스,20260213002309,주주총회소집공고,20260213,kosdaq
00148276,제일기획,20260213002179,주주총회소집공고,20260213,kospi
00360595,현대글로비스,20260213002152,주주총회소집공고,20260213,kospi
01515323,LG에너지솔루션,20260213002143,주주총회소집공고,20260213,kospi
00145109,유한양행,20260213002139,주주총회소집공고,20260213,kospi
00550082,빅텐츠,20260213002106,주주총회소집공고,20260213,kosdaq
01428948,오아,20260213002006,주주총회소집공고,20260213,kosdaq
00157399,한솔테크닉스,20260213001763,주주총회소집공고,20260213,kospi
00958327,지앤비에스 에코,20260213001707,주주총회소집공고,20260213,kosdaq
00401731,LG전자,20260213001665,주주총회소집공고,20260213,kospi
00126380,삼성전자,20260213001101,주주총회소집공고,20260213,kospi
01325979,세아제강,20260213000806,주주총회소집공고,20260213,kospi
00541349,셀트리온제약,20260213000509,주주총회소집공고,20260213,kosdaq
00126371,삼성전기,20260212001719,주주총회소집공고,20260212,kospi
00648721,SNT에너지,20260212001604,[기재정정]주주총회소집공고,20260212,kospi
00693651,비덴트,20260212001562,[기재정정]주주총회소집공고,20260212,kosdaq
00120289,제이에스티나,20260212001374,주주총회소집공고,20260212,kosdaq
00106641,기아,20260212001216,주주총회소집공고,20260212,kospi
01230255,한울앤제주,20260212001204,주주총회소집공고,20260212,kosdaq
01042711,글로벌텍스프리,20260212001179,주주총회소집공고,20260212,kosdaq
00693651,비덴트,20260212001177,주주총회소집공고,20260212,kosdaq
00157070,한국단자공업,20260212001098,주주총회소집공고,20260212,kospi
00126308,삼성E&A,20260212001095,주주총회소집공고,20260212,kospi
00877059,삼성바이오로직스,20260212001088,[기재정정]주주총회소집공고,20260212,kospi
00378220,버킷스튜디오,20260212001063,주주총회소집공고,20260212,kosdaq
00652423,인바이오젠,20260212000958,주주총회소집공고,20260212,kospi
00625942,한솔아이원스,20260212000925,주주총회소집공고,20260212,kosdaq
00413046,셀트리온,20260212000544,주주총회소집공고,20260212,kospi
00398792,SNT모티브,20260212000320,주주총회소집공고,20260212,kospi
00648721,SNT에너지,20260212000314,주주총회소집공고,20260212,kospi
00134477,SNT다이내믹스,20260212000306,주주총회소집공고,20260212,kospi
00225159,SNT홀딩스,20260212000302,주주총회소집공고,20260212,kospi
00542898,케이이엠텍,20260211000877,주주총회소집공고,20260211,kosdaq
01437186,ESR켄달스퀘어리츠,20260211000875,주주총회소집공고,20260211,kospi
01326792,비투엔,20260211000862,주주총회소집공고,20260211,kosdaq
00877059,삼성바이오로직스,20260211000775,주주총회소집공고,20260211,kospi
00318316,대아티아이,20260211000669,주주총회소집공고,20260211,kosdaq
01318933,지니틱스,20260211000616,주주총회소집공고,20260211,kosdaq
00164788,현대모비스,20260210000839,주주총회소집공고,20260210,kospi
01430475,코람코라이프인프라리츠,20260210000466,주주총회소집공고,20260210,kospi
00353610,이니텍,20260209000735,[기재정정]주주총회소집공고,20260210,kosdaq
00353610,이니텍,20260209000689,주주총회소집공고,20260209,kosdaq
00426068,엑시온그룹,20260209000579,주주총회소집공고,20260209,kosdaq
00164706,현대약품,20260209000449,주주총회소집공고,20260209,kospi
01714997,신한글로벌액티브리츠,20260209000444,주주총회소집공고,20260209,kospi
01180118,코람코더원리츠,20260209000274,주주총회소집공고,20260209,kospi
01437292,미래에셋맵스리츠,20260209000063,주주총회소집공고,20260209,kospi
00110583,DH오토웨어,20260209000014,주주총회소집공고,20260209,kosdaq
00158501,에스원,20260206002084,주주총회소집공고,20260206,kospi
00390408,인크레더블버즈,20260206002059,주주총회소집공고,20260206,kosdaq
00108746,DKME,20260206002030,주주총회소집공고,20260206,kospi
00350048,오성첨단소재,20260206001585,[기재정정]주주총회소집공고,20260206,kosdaq
00350048,오성첨단소재,20260206001377,주주총회소집공고,20260206,kosdaq
00683007,퀀텀레일,20260205000550,주주총회소집공고,20260205,kosdaq
01037542,엔피엑스,20260205000527,[기재정정]주주총회소집공고,20260205,etc
01060735,로지스몬,20260205000465,[기재정정]주주총회소집공고,20260205,konex
01060735,로지스몬,20260205000448,주주총회소집공고,20260205,konex
00110750,GMI벤처,20260205000403,주주총회소집공고,20260205,kosdaq
00406037,CSA 코스믹,20260204000467,주주총회소집공고,20260204,kosdaq
01391033,NH프라임리츠,20260204000415,주주총회소집공고,20260204,kospi
01688896,삼성FN리츠,20260204000029,주주총회소집공고,20260204,kospi
01549472,대진첨단소재,20260203000447,[기재정정]주주총회소집공고,20260203,kosdaq
00623184,오늘이엔엠,20260130000511,[기재정정]주주총회소집공고,20260130,kosdaq
00410739,푸른소나무,20260129000654,주주총회소집공고,20260129,etc
00241005,코오롱이앤피,20260129000267,주주총회소집공고,20260129,etc
00556615,모바일어플라이언스,20260128000526,주주총회소집공고,20260128,kosdaq
01259311,푸드나무,20260128000473,[기재정정]주주총회소집공고,20260128,kosdaq
01885222,대신밸류리츠,20260128000298,주주총회소집공고,20260128,kospi
00194947,한전산업,20260128000250,주주총회소집공고,20260128,kospi
00363510,제이케이시냅스,20260127000355,주주총회소집공고,20260127,kosdaq
00397289,오텍,20260127000114,주주총회소집공고,20260127,kosdaq
00618410,KS인더스트리,20260126000548,[기재정정]주주총회소집공고,20260126,kosdaq
01243161,인산가,20260126000413,주주총회소집공고,20260126,kosdaq
01259311,푸드나무,20260123000352,[기재정정]주주총회소집공고,20260123,kosdaq
01160512,헝셩그룹,20260123000285,[기재정정]주주총회소집공고,20260123,kosdaq
00120872,만호제강,20260123000270,[기재정정]주주총회소집공고,20260123,kospi
01800285,비엔케이제2호기업인수목적,20260123000047,주주총회소집공고,20260123,etc
01259311,푸드나무,20260122000526,주주총회소집공고,20260123,kosdaq
01514005,크라우드웍스,20260122000511,주주총회소집공고,20260122,kosdaq
00120872,만호제강,20260122000485,주주총회소집공고,20260122,kospi
01037542,엔피엑스,20260122000452,주주총회소집공고,20260122,etc
00268118,코맥스,20260120000305,주주총회소집공고,20260120,kosdaq
00121969,에쓰씨엔지니어링,20260120000288,주주총회소집공고,20260120,kospi
01549472,대진첨단소재,20260120000218,주주총회소집공고,20260120,kosdaq
00100601,강원에너지,20260120000170,주주총회소집공고,20260120,kosdaq
01110678,유틸렉스,20260116000241,[기재정정]주주총회소집공고,20260116,kosdaq
00346911,아이톡시,20260115000411,주주총회소집공고,20260115,kosdaq
00623184,오늘이엔엠,20260115000326,주주총회소집공고,20260115,kosdaq
00111111,대양금속,20260115000271,주주총회소집공고,20260115,kospi
00249502,골드앤에스,20260115000179,주주총회소집공고,20260115,kosdaq
00104999,윌비스,20260114000300,주주총회소집공고,20260114,kospi
00180865,디에이치엑스컴퍼니,20260114000271,[기재정정]주주총회소집공고,20260114,kosdaq
00540605,이월드,20260114000159,주주총회소집공고,20260114,kospi
01364297,코퍼스코리아,20260113000736,주주총회소집공고,20260113,kosdaq
00872656,금양그린파워,20260113000649,주주총회소집공고,20260113,kosdaq
01165155,모비스,20260112000474,주주총회소집공고,20260112,kosdaq
00618410,KS인더스트리,20260112000354,주주총회소집공고,20260112,kosdaq
01011872,엔에스엠,20260112000270,주주총회소집공고,20260112,etc
01683387,미래에셋드림기업인수목적1호,20260112000157,주주총회소집공고,20260112,etc
01701753,유안타제13호기업인수목적,20260112000017,주주총회소집공고,20260112,etc
00615723,MSDI,20260109000536,주주총회소집공고,20260109,kosdaq
01160512,헝셩그룹,20260109000478,주주총회소집공고,20260109,kosdaq
00818472,이큐셀,20260108000464,주주총회소집공고,20260108,etc
01579570,시큐레터,20260108000283,주주총회소집공고,20260108,kosdaq
00112998,서울보증보험,20260108000234,주주총회소집공고,20260108,kospi
00661157,인트로메딕,20260108000131,주주총회소집공고,20260108,etc
01416642,다보링크,20260107000518,주주총회소집공고,20260107,kosdaq
01510489,프레스티지바이오파마,20260106000577,주주총회소집공고,20260106,kospi
01899687,이엘엠시스템,20260106000529,주주총회소집공고,20260106,etc
00146427,한주에이알티,20260106000479,주주총회소집공고,20260106,kosdaq
00620558,루트K,20260105000376,[기재정정]주주총회소집공고,20260105,kosdaq
01700921,삼성기업인수목적8호,20260105000134,주주총회소집공고,20260105,etc
01853214,신한제14호스팩,20260102000096,주주총회소집공고,20260102,kosdaq
